# WaveFront *.obj file (generated by Autodesk ATF)

mtllib holder4 v9.mtl

g tool_holder_short

v -39.500000 39.500000 -11.000000
v -39.500000 -39.500000 -11.000000
v -47.500000 -47.500000 -19.000000
v -47.500000 47.500000 -19.000000
v -52.000000 -53.347391 -0.010543
v -52.000025 -53.333333 0.000000
v -52.029158 -52.865299 0.000000
v -52.112866 -52.403890 0.000000
v -52.250000 -51.955449 0.000000
v -52.250000 -51.955449 -26.600000
v -52.111764 -52.408445 -26.600000
v -52.028039 -52.874603 -26.600000
v -52.000000 -53.347391 -26.600000
v -52.000000 -87.600000 -26.600000
v -52.000000 -87.600000 -25.700000
v -52.000000 -78.388000 -18.791000
v -52.000000 -79.588000 -17.191000
v -52.000000 -60.412000 -2.809000
v -52.000000 -59.212000 -4.409000
v -52.000000 -50.400000 0.000000
v -52.000000 -53.333333 0.000000
v -52.000000 -50.400000 2.200000
v -52.388236 -51.502454 0.000000
v -52.471961 -51.036295 0.000000
v -52.500000 -50.563508 0.000000
v -52.500000 -50.563508 -26.600000
v -52.471961 -51.036295 -26.600000
v -52.388236 -51.502454 -26.600000
v -46.000000 -54.400000 -5.800000
v -46.765367 -54.552241 -5.914181
v -47.414214 -54.985786 -6.239340
v -48.000000 -56.400000 -7.300000
v -48.000000 -56.400000 -26.600000
v -47.732051 -55.400000 -26.600000
v -47.000000 -54.667949 -26.600000
v -46.000000 -54.400000 -26.600000
v -14.000000 -54.400000 -26.600000
v -14.000000 -54.400000 -5.800000
v -12.000000 -56.400000 -7.300000
v -12.585786 -54.985786 -6.239340
v -13.234633 -54.552241 -5.914181
v -13.000000 -54.667949 -26.600000
v -12.267949 -55.400000 -26.600000
v -12.000000 -56.400000 -26.600000
v -12.000000 -82.133333 -26.600000
v -62.000000 63.600000 27.700000
v -62.585786 65.014214 28.760660
v -63.234633 65.447759 29.085819
v -64.000000 65.600000 29.200000
v -64.000000 65.600000 -26.600000
v -63.000000 65.332051 -26.600000
v -62.267949 64.600000 -26.600000
v -62.000000 63.600000 -26.600000
v -62.267949 64.600000 10.600000
v -62.267949 64.600000 -8.000000
v -63.000000 65.332051 10.600000
v -63.000000 65.332051 -8.000000
v -76.000000 59.142563 24.356922
v -84.000000 59.142563 24.356922
v -88.000000 53.600000 20.200000
v -84.000000 48.057437 16.043078
v -76.000000 48.057437 16.043078
v -72.000000 53.600000 20.200000
v -62.000000 39.866667 9.900000
v -62.585786 38.452453 8.839340
v -63.234633 38.018908 8.514181
v -64.000000 37.866667 8.400000
v -96.000000 37.866667 8.400000
v -96.765367 38.018908 8.514181
v -97.414214 38.452453 8.839340
v -98.000000 39.866667 9.900000
v -98.000000 63.600000 27.700000
v -97.414214 65.014214 28.760660
v -96.765367 65.447759 29.085819
v -96.000000 65.600000 29.200000
v -96.000000 65.600000 -26.600000
v -98.000000 63.600000 -26.600000
v -97.732051 64.600000 -26.600000
v -97.000000 65.332051 -26.600000
v -97.000000 65.332051 10.600000
v -97.000000 65.332051 -8.000000
v -97.732051 64.600000 10.600000
v -97.732051 64.600000 -8.000000
v -96.000000 37.866667 -26.600000
v -97.000000 38.134616 -26.600000
v -97.732051 38.866667 -26.600000
v -98.000000 39.866667 -26.600000
v -97.732051 38.866667 -8.350000
v -97.000000 38.134616 -8.350000
v -64.000000 37.866667 -26.600000
v -62.000000 39.866667 -26.600000
v -62.267949 38.866667 -26.600000
v -63.000000 38.134616 -26.600000
v -63.000000 38.134616 -8.350000
v -62.267949 38.866667 -8.350000
v -62.000000 3.600000 2.700000
v -62.585786 5.014214 3.760660
v -63.234633 5.447759 4.085819
v -64.000000 5.600000 4.200000
v -64.000000 5.600000 -26.600000
v -63.000000 5.332051 -26.600000
v -62.267949 4.600000 -26.600000
v -62.000000 3.600000 -26.600000
v -62.267949 4.600000 -11.200000
v -63.000000 5.332051 -11.200000
v -62.000000 -20.133333 -26.600000
v -62.000000 -20.133333 -15.100000
v -64.000000 -22.133333 -16.600000
v -63.234633 -21.981092 -16.485819
v -62.585786 -21.547547 -16.160660
v -62.267949 -21.133333 -26.600000
v -63.000000 -21.865384 -26.600000
v -64.000000 -22.133333 -26.600000
v -96.000000 -22.133333 -26.600000
v -96.000000 -22.133333 -16.600000
v -98.000000 -20.133333 -15.100000
v -97.414214 -21.547547 -16.160660
v -96.765367 -21.981092 -16.485819
v -97.000000 -21.865384 -26.600000
v -97.732051 -21.133333 -26.600000
v -98.000000 -20.133333 -26.600000
v -98.000000 3.600000 2.700000
v -97.414214 5.014214 3.760660
v -96.765367 5.447759 4.085819
v -96.000000 5.600000 4.200000
v -76.000000 -0.857437 -0.643078
v -84.000000 -0.857437 -0.643078
v -88.000000 -6.400000 -4.800000
v -84.000000 -11.942563 -8.956922
v -76.000000 -11.942563 -8.956922
v -72.000000 -6.400000 -4.800000
v -98.000000 3.600000 -26.600000
v -97.732051 4.600000 -26.600000
v -97.000000 5.332051 -26.600000
v -96.000000 5.600000 -26.600000
v -97.000000 5.332051 -11.200000
v -97.732051 4.600000 -11.200000
v -58.000000 56.500000 0.000000
v -57.464102 54.500000 0.000000
v -56.000000 53.035898 0.000000
v -54.000000 52.500000 0.000000
v -54.000000 52.500000 -26.600000
v -56.000000 53.035898 -26.600000
v -57.464102 54.500000 -26.600000
v -58.000000 56.500000 -26.600000
v -58.000000 69.600000 -26.600000
v -58.000000 69.600000 37.200000
v -58.000000 60.788000 30.591000
v -58.000000 59.588000 32.191000
v -58.000000 40.412000 17.809000
v -58.000000 41.612000 16.209000
v -58.000000 32.400000 9.300000
v -58.000000 32.400000 0.000000
v -4.000000 -52.500000 0.000000
v -4.869358 -52.595616 0.000000
v -5.697154 -52.877892 0.000000
v -6.443813 -53.333333 0.000000
v -7.589934 -54.735808 -1.051856
v -8.000000 -56.500000 -2.375000
v -8.000000 -56.500000 -26.600000
v -7.464102 -54.500000 -26.600000
v -6.000000 -53.035898 -26.600000
v -4.000000 -52.500000 -26.600000
v -8.000000 -53.333333 0.000000
v -8.000000 -50.400000 0.000000
v -8.000000 -50.400000 2.200000
v -52.500000 -6.666667 0.000000
v -52.500000 -31.308099 -18.481074
v -52.500000 -31.308099 -26.600000
v -56.500000 9.600000 0.000000
v -54.500000 10.135898 0.000000
v -53.035898 11.600000 0.000000
v -52.500000 13.600000 0.000000
v -52.500000 13.600000 -26.600000
v -53.035898 11.600000 -26.600000
v -54.500000 10.135898 -26.600000
v -56.500000 9.600000 -26.600000
v -102.000000 9.600000 -26.600000
v -102.000000 9.600000 12.200000
v -91.985000 9.600000 12.200000
v -91.985000 9.600000 13.200000
v -68.015000 9.600000 13.200000
v -68.015000 9.600000 12.200000
v -58.000000 9.600000 12.200000
v -58.000000 9.600000 0.000000
v -56.500000 32.400000 -26.600000
v -54.500000 31.864102 -26.600000
v -53.035898 30.400000 -26.600000
v -52.500000 28.400000 -26.600000
v -52.500000 28.400000 0.000000
v -53.035898 30.400000 -0.000000
v -54.500000 31.864102 -0.000000
v -56.500000 32.400000 0.000000
v -68.015000 32.400000 9.300000
v -68.015000 32.400000 11.800000
v -91.985000 32.400000 11.800000
v -91.985000 32.400000 9.300000
v -102.000000 32.400000 9.300000
v -102.000000 32.400000 -26.600000
v -52.968409 -29.429838 -17.072379
v -54.263932 -27.991474 -15.993606
v -56.083152 -27.329879 -15.497409
v -58.000000 -27.600000 -15.700000
v -58.000000 -27.600000 -26.600000
v -55.443355 -27.450185 -26.600000
v -53.319860 -28.881845 -26.600000
v -102.000000 41.612000 16.209000
v -102.000000 40.412000 17.809000
v -102.000000 59.588000 32.191000
v -102.000000 60.788000 30.591000
v -102.000000 69.600000 37.200000
v -102.000000 69.600000 -26.600000
v -68.015000 33.988000 12.991000
v -68.015000 35.188000 11.391000
v -59.985000 40.412000 17.809000
v -59.985000 41.612000 16.209000
v -100.015000 59.588000 32.191000
v -100.015000 60.788000 30.591000
v -91.985000 66.012000 37.009000
v -91.985000 67.600000 38.200000
v -91.985000 69.600000 38.200000
v -91.985000 69.600000 37.200000
v -91.985000 67.212000 35.409000
v -59.985000 59.588000 32.191000
v -59.985000 60.788000 30.591000
v -68.015000 67.600000 38.200000
v -68.015000 66.012000 37.009000
v -68.015000 67.212000 35.409000
v -68.015000 69.600000 37.200000
v -68.015000 69.600000 38.200000
v -91.985000 33.988000 12.991000
v -91.985000 35.188000 11.391000
v -100.015000 40.412000 17.809000
v -100.015000 41.612000 16.209000
v -84.000000 45.657437 19.243078
v -76.000000 45.657437 19.243078
v -88.000000 51.200000 23.400000
v -84.000000 56.742563 27.556922
v -76.000000 56.742563 27.556922
v -72.000000 51.200000 23.400000
v -68.015000 -27.600000 -15.700000
v -58.000000 -6.666667 0.000000
v -58.000000 -18.388000 -8.791000
v -59.985000 -18.388000 -8.791000
v -59.985000 0.788000 5.591000
v -58.000000 0.788000 5.591000
v -68.015000 7.212000 10.409000
v -91.985000 7.212000 10.409000
v -102.000000 0.788000 5.591000
v -100.015000 0.788000 5.591000
v -100.015000 -18.388000 -8.791000
v -102.000000 -18.388000 -8.791000
v -102.000000 -27.600000 -15.700000
v -91.985000 -27.600000 -15.700000
v -91.985000 -24.812000 -13.609000
v -68.015000 -24.812000 -13.609000
v -84.000000 -3.257437 2.556922
v -76.000000 -3.257437 2.556922
v -72.000000 -8.800000 -1.600000
v -76.000000 -14.342563 -5.756922
v -84.000000 -14.342563 -5.756922
v -88.000000 -8.800000 -1.600000
v -58.000000 -0.412000 7.191000
v -58.000000 -19.588000 -7.191000
v -102.000000 -19.588000 -7.191000
v -102.000000 -0.412000 7.191000
v -102.000000 -27.600000 -26.600000
v -68.015000 -26.012000 -12.009000
v -68.015000 -27.600000 -13.200000
v -59.985000 -19.588000 -7.191000
v -100.015000 -0.412000 7.191000
v -91.985000 6.012000 12.009000
v -91.985000 7.600000 13.200000
v -59.985000 -0.412000 7.191000
v -68.015000 7.600000 13.200000
v -68.015000 6.012000 12.009000
v -91.985000 -27.600000 -13.200000
v -91.985000 -26.012000 -12.009000
v -100.015000 -19.588000 -7.191000
v -47.500000 -47.500000 -26.600000
v -47.500000 47.500000 -26.600000
v -8.000000 -59.212000 -4.409000
v -8.000000 -60.412000 -2.809000
v -8.000000 -79.588000 -17.191000
v -8.000000 -78.388000 -18.791000
v -8.000000 -87.600000 -25.700000
v -8.000000 -87.600000 -26.600000
v -41.985000 -50.400000 2.200000
v -41.985000 -50.400000 3.200000
v -18.015000 -50.400000 3.200000
v -18.015000 -50.400000 2.200000
v -18.015000 -86.012000 -22.009000
v -18.015000 -87.600000 -23.200000
v -18.015000 -87.600000 -25.700000
v -18.015000 -84.812000 -23.609000
v -9.985000 -79.588000 -17.191000
v -9.985000 -78.388000 -18.791000
v -50.015000 -60.412000 -2.809000
v -50.015000 -59.212000 -4.409000
v -41.985000 -53.988000 2.009000
v -41.985000 -52.400000 3.200000
v -41.985000 -52.788000 0.409000
v -9.985000 -60.412000 -2.809000
v -9.985000 -59.212000 -4.409000
v -18.015000 -52.400000 3.200000
v -18.015000 -53.988000 2.009000
v -18.015000 -52.788000 0.409000
v -41.985000 -87.600000 -23.200000
v -41.985000 -86.012000 -22.009000
v -41.985000 -84.812000 -23.609000
v -41.985000 -87.600000 -25.700000
v -50.015000 -79.588000 -17.191000
v -50.015000 -78.388000 -18.791000
v -26.000000 -71.942563 -18.956922
v -34.000000 -71.942563 -18.956922
v -34.000000 -74.342563 -15.756922
v -26.000000 -74.342563 -15.756922
v -38.000000 -66.400000 -14.800000
v -38.000000 -68.800000 -11.600000
v -34.000000 -60.857437 -10.643078
v -34.000000 -63.257437 -7.443078
v -26.000000 -60.857437 -10.643078
v -26.000000 -63.257437 -7.443078
v -22.000000 -66.400000 -14.800000
v -22.000000 -68.800000 -11.600000
v -48.000000 -82.133333 -26.600000
v -44.500000 -47.500000 -10.000000
v -46.000000 -47.098076 -10.000000
v -47.098076 -46.000000 -10.000000
v -47.500000 -44.500000 -10.000000
v -47.500000 -44.500000 0.000000
v -47.098076 -46.000000 0.000000
v -46.000000 -47.098076 0.000000
v -44.500000 -47.500000 0.000000
v -47.500000 44.500000 -10.000000
v -47.098076 46.000000 -10.000000
v -46.000000 47.098076 -10.000000
v -44.500000 47.500000 -10.000000
v -44.500000 47.500000 0.000000
v -46.000000 47.098076 0.000000
v -47.098076 46.000000 0.000000
v -47.500000 44.500000 0.000000
v -39.500000 39.500000 -10.000000
v -39.500000 -39.500000 -10.000000
v 39.500000 39.500000 -11.000000
v 47.500000 47.500000 -19.000000
v 39.500000 -39.500000 -11.000000
v 47.500000 -47.500000 -19.000000
v 39.500000 39.500000 -10.000000
v 52.000025 -53.333333 0.000000
v 52.000000 -53.347391 -0.010543
v 52.000000 -53.347391 -26.600000
v 52.028039 -52.874603 -26.600000
v 52.111764 -52.408445 -26.600000
v 52.250000 -51.955449 -26.600000
v 52.250000 -51.955449 0.000000
v 52.112866 -52.403890 0.000000
v 52.029158 -52.865299 0.000000
v 52.000000 -59.212000 -4.409000
v 52.000000 -60.412000 -2.809000
v 52.000000 -79.588000 -17.191000
v 52.000000 -78.388000 -18.791000
v 52.000000 -87.600000 -25.700000
v 52.000000 -87.600000 -26.600000
v 52.000000 -53.333333 0.000000
v 52.000000 -50.400000 0.000000
v 52.000000 -50.400000 2.200000
v 52.388236 -51.502454 -26.600000
v 52.471961 -51.036295 -26.600000
v 52.500000 -50.563508 -26.600000
v 52.500000 -50.563508 0.000000
v 52.471961 -51.036295 0.000000
v 52.388236 -51.502454 0.000000
v 48.000000 -56.400000 -7.300000
v 47.414214 -54.985786 -6.239340
v 46.765367 -54.552241 -5.914181
v 46.000000 -54.400000 -5.800000
v 46.000000 -54.400000 -26.600000
v 47.000000 -54.667949 -26.600000
v 47.732051 -55.400000 -26.600000
v 48.000000 -56.400000 -26.600000
v 14.000000 -54.400000 -5.800000
v 14.000000 -54.400000 -26.600000
v 13.234633 -54.552241 -5.914181
v 12.585786 -54.985786 -6.239340
v 12.000000 -56.400000 -7.300000
v 12.000000 -56.400000 -26.600000
v 12.267949 -55.400000 -26.600000
v 13.000000 -54.667949 -26.600000
v 12.000000 -82.133333 -26.600000
v 64.000000 65.600000 29.200000
v 63.234633 65.447759 29.085819
v 62.585786 65.014214 28.760660
v 62.000000 63.600000 27.700000
v 62.000000 63.600000 -26.600000
v 62.267949 64.600000 -26.600000
v 63.000000 65.332051 -26.600000
v 64.000000 65.600000 -26.600000
v 63.000000 65.332051 10.600000
v 63.000000 65.332051 -8.000000
v 62.267949 64.600000 10.600000
v 62.267949 64.600000 -8.000000
v 84.000000 59.142563 24.356922
v 76.000000 59.142563 24.356922
v 72.000000 53.600000 20.200000
v 76.000000 48.057437 16.043078
v 84.000000 48.057437 16.043078
v 88.000000 53.600000 20.200000
v 96.000000 65.600000 29.200000
v 96.765367 65.447759 29.085819
v 97.414214 65.014214 28.760660
v 98.000000 63.600000 27.700000
v 98.000000 39.866667 9.900000
v 97.414214 38.452453 8.839340
v 96.765367 38.018908 8.514181
v 96.000000 37.866667 8.400000
v 64.000000 37.866667 8.400000
v 63.234633 38.018908 8.514181
v 62.585786 38.452453 8.839340
v 62.000000 39.866667 9.900000
v 96.000000 65.600000 -26.600000
v 97.000000 65.332051 -26.600000
v 97.732051 64.600000 -26.600000
v 98.000000 63.600000 -26.600000
v 97.732051 64.600000 10.600000
v 97.732051 64.600000 -8.000000
v 97.000000 65.332051 10.600000
v 97.000000 65.332051 -8.000000
v 98.000000 39.866667 -26.600000
v 97.732051 38.866667 -26.600000
v 97.000000 38.134616 -26.600000
v 96.000000 37.866667 -26.600000
v 97.000000 38.134616 -8.350000
v 97.732051 38.866667 -8.350000
v 64.000000 37.866667 -26.600000
v 63.000000 38.134616 -26.600000
v 62.267949 38.866667 -26.600000
v 62.000000 39.866667 -26.600000
v 62.267949 38.866667 -8.350000
v 63.000000 38.134616 -8.350000
v 64.000000 5.600000 4.200000
v 63.234633 5.447759 4.085819
v 62.585786 5.014214 3.760660
v 62.000000 3.600000 2.700000
v 62.000000 3.600000 -26.600000
v 62.267949 4.600000 -26.600000
v 63.000000 5.332051 -26.600000
v 64.000000 5.600000 -26.600000
v 63.000000 5.332051 -11.200000
v 62.267949 4.600000 -11.200000
v 62.000000 -20.133333 -15.100000
v 62.000000 -20.133333 -26.600000
v 62.585786 -21.547547 -16.160660
v 63.234633 -21.981092 -16.485819
v 64.000000 -22.133333 -16.600000
v 64.000000 -22.133333 -26.600000
v 63.000000 -21.865384 -26.600000
v 62.267949 -21.133333 -26.600000
v 96.000000 -22.133333 -16.600000
v 96.000000 -22.133333 -26.600000
v 96.765367 -21.981092 -16.485819
v 97.414214 -21.547547 -16.160660
v 98.000000 -20.133333 -15.100000
v 98.000000 -20.133333 -26.600000
v 97.732051 -21.133333 -26.600000
v 97.000000 -21.865384 -26.600000
v 96.000000 5.600000 4.200000
v 96.765367 5.447759 4.085819
v 97.414214 5.014214 3.760660
v 98.000000 3.600000 2.700000
v 84.000000 -0.857437 -0.643078
v 76.000000 -0.857437 -0.643078
v 72.000000 -6.400000 -4.800000
v 76.000000 -11.942563 -8.956922
v 84.000000 -11.942563 -8.956922
v 88.000000 -6.400000 -4.800000
v 96.000000 5.600000 -26.600000
v 97.000000 5.332051 -26.600000
v 97.732051 4.600000 -26.600000
v 98.000000 3.600000 -26.600000
v 97.732051 4.600000 -11.200000
v 97.000000 5.332051 -11.200000
v 54.000000 52.500000 0.000000
v 56.000000 53.035898 0.000000
v 57.464102 54.500000 0.000000
v 58.000000 56.500000 0.000000
v 58.000000 56.500000 -26.600000
v 57.464102 54.500000 -26.600000
v 56.000000 53.035898 -26.600000
v 54.000000 52.500000 -26.600000
v 58.000000 32.400000 0.000000
v 58.000000 32.400000 9.300000
v 58.000000 41.612000 16.209000
v 58.000000 40.412000 17.809000
v 58.000000 59.588000 32.191000
v 58.000000 60.788000 30.591000
v 58.000000 69.600000 37.200000
v 58.000000 69.600000 -26.600000
v 6.443813 -53.333333 0.000000
v 5.697154 -52.877892 0.000000
v 4.869358 -52.595616 0.000000
v 4.000000 -52.500000 0.000000
v 4.000000 -52.500000 -26.600000
v 6.000000 -53.035898 -26.600000
v 7.464102 -54.500000 -26.600000
v 8.000000 -56.500000 -26.600000
v 8.000000 -56.500000 -2.375000
v 7.589934 -54.735808 -1.051856
v 8.000000 -50.400000 0.000000
v 8.000000 -53.333333 0.000000
v 8.000000 -50.400000 2.200000
v 44.500000 47.500000 0.000000
v 46.000000 47.098076 0.000000
v 47.098076 46.000000 0.000000
v 47.500000 44.500000 0.000000
v 47.500000 -44.500000 0.000000
v 47.098076 -46.000000 0.000000
v 46.000000 -47.098076 0.000000
v 44.500000 -47.500000 0.000000
v 52.500000 -6.666667 0.000000
v 58.000000 -6.666667 0.000000
v 58.000000 9.600000 0.000000
v 56.500000 9.600000 0.000000
v 54.500000 10.135898 0.000000
v 53.035898 11.600000 0.000000
v 52.500000 13.600000 0.000000
v 52.500000 28.400000 0.000000
v 53.035898 30.400000 -0.000000
v 54.500000 31.864102 -0.000000
v 56.500000 32.400000 0.000000
v 52.500000 -31.308099 -26.600000
v 52.500000 -31.308099 -18.481074
v 56.500000 9.600000 -26.600000
v 54.500000 10.135898 -26.600000
v 53.035898 11.600000 -26.600000
v 52.500000 13.600000 -26.600000
v 58.000000 9.600000 12.200000
v 68.015000 9.600000 12.200000
v 68.015000 9.600000 13.200000
v 91.985000 9.600000 13.200000
v 91.985000 9.600000 12.200000
v 102.000000 9.600000 12.200000
v 102.000000 9.600000 -26.600000
v 52.500000 28.400000 -26.600000
v 53.035898 30.400000 -26.600000
v 54.500000 31.864102 -26.600000
v 56.500000 32.400000 -26.600000
v 102.000000 32.400000 -26.600000
v 102.000000 32.400000 9.300000
v 91.985000 32.400000 9.300000
v 91.985000 32.400000 11.800000
v 68.015000 32.400000 11.800000
v 68.015000 32.400000 9.300000
v 58.000000 -27.600000 -15.700000
v 56.083152 -27.329879 -15.497409
v 54.263932 -27.991474 -15.993606
v 52.968409 -29.429838 -17.072379
v 53.319860 -28.881845 -26.600000
v 55.443355 -27.450185 -26.600000
v 58.000000 -27.600000 -26.600000
v 102.000000 41.612000 16.209000
v 102.000000 69.600000 -26.600000
v 102.000000 69.600000 37.200000
v 102.000000 60.788000 30.591000
v 102.000000 59.588000 32.191000
v 102.000000 40.412000 17.809000
v 68.015000 33.988000 12.991000
v 68.015000 35.188000 11.391000
v 59.985000 40.412000 17.809000
v 59.985000 41.612000 16.209000
v 100.015000 59.588000 32.191000
v 100.015000 60.788000 30.591000
v 91.985000 67.600000 38.200000
v 91.985000 66.012000 37.009000
v 91.985000 67.212000 35.409000
v 91.985000 69.600000 37.200000
v 91.985000 69.600000 38.200000
v 59.985000 59.588000 32.191000
v 59.985000 60.788000 30.591000
v 68.015000 66.012000 37.009000
v 68.015000 67.600000 38.200000
v 68.015000 69.600000 38.200000
v 68.015000 69.600000 37.200000
v 68.015000 67.212000 35.409000
v 91.985000 33.988000 12.991000
v 91.985000 35.188000 11.391000
v 100.015000 40.412000 17.809000
v 100.015000 41.612000 16.209000
v 76.000000 45.657437 19.243078
v 84.000000 45.657437 19.243078
v 88.000000 51.200000 23.400000
v 84.000000 56.742563 27.556922
v 76.000000 56.742563 27.556922
v 72.000000 51.200000 23.400000
v 68.015000 -27.600000 -15.700000
v 68.015000 -24.812000 -13.609000
v 91.985000 -24.812000 -13.609000
v 91.985000 -27.600000 -15.700000
v 102.000000 -27.600000 -15.700000
v 102.000000 -18.388000 -8.791000
v 100.015000 -18.388000 -8.791000
v 100.015000 0.788000 5.591000
v 102.000000 0.788000 5.591000
v 91.985000 7.212000 10.409000
v 68.015000 7.212000 10.409000
v 58.000000 0.788000 5.591000
v 59.985000 0.788000 5.591000
v 59.985000 -18.388000 -8.791000
v 58.000000 -18.388000 -8.791000
v 76.000000 -3.257437 2.556922
v 84.000000 -3.257437 2.556922
v 88.000000 -8.800000 -1.600000
v 84.000000 -14.342563 -5.756922
v 76.000000 -14.342563 -5.756922
v 72.000000 -8.800000 -1.600000
v 58.000000 -19.588000 -7.191000
v 58.000000 -0.412000 7.191000
v 102.000000 -27.600000 -26.600000
v 102.000000 -0.412000 7.191000
v 102.000000 -19.588000 -7.191000
v 68.015000 -27.600000 -13.200000
v 68.015000 -26.012000 -12.009000
v 59.985000 -19.588000 -7.191000
v 100.015000 -0.412000 7.191000
v 91.985000 7.600000 13.200000
v 91.985000 6.012000 12.009000
v 59.985000 -0.412000 7.191000
v 68.015000 6.012000 12.009000
v 68.015000 7.600000 13.200000
v 91.985000 -26.012000 -12.009000
v 91.985000 -27.600000 -13.200000
v 100.015000 -19.588000 -7.191000
v 47.500000 47.500000 -26.600000
v 47.500000 -47.500000 -26.600000
v 8.000000 -87.600000 -26.600000
v 8.000000 -87.600000 -25.700000
v 8.000000 -78.388000 -18.791000
v 8.000000 -79.588000 -17.191000
v 8.000000 -60.412000 -2.809000
v 8.000000 -59.212000 -4.409000
v 18.015000 -50.400000 2.200000
v 18.015000 -50.400000 3.200000
v 41.985000 -50.400000 3.200000
v 41.985000 -50.400000 2.200000
v 18.015000 -87.600000 -23.200000
v 18.015000 -86.012000 -22.009000
v 18.015000 -84.812000 -23.609000
v 18.015000 -87.600000 -25.700000
v 9.985000 -79.588000 -17.191000
v 9.985000 -78.388000 -18.791000
v 50.015000 -60.412000 -2.809000
v 50.015000 -59.212000 -4.409000
v 41.985000 -52.400000 3.200000
v 41.985000 -53.988000 2.009000
v 41.985000 -52.788000 0.409000
v 9.985000 -60.412000 -2.809000
v 9.985000 -59.212000 -4.409000
v 18.015000 -53.988000 2.009000
v 18.015000 -52.400000 3.200000
v 18.015000 -52.788000 0.409000
v 41.985000 -86.012000 -22.009000
v 41.985000 -87.600000 -23.200000
v 41.985000 -87.600000 -25.700000
v 41.985000 -84.812000 -23.609000
v 50.015000 -79.588000 -17.191000
v 50.015000 -78.388000 -18.791000
v 34.000000 -71.942563 -18.956922
v 26.000000 -71.942563 -18.956922
v 26.000000 -74.342563 -15.756922
v 34.000000 -74.342563 -15.756922
v 38.000000 -66.400000 -14.800000
v 38.000000 -68.800000 -11.600000
v 34.000000 -60.857437 -10.643078
v 34.000000 -63.257437 -7.443078
v 26.000000 -60.857437 -10.643078
v 26.000000 -63.257437 -7.443078
v 22.000000 -66.400000 -14.800000
v 22.000000 -68.800000 -11.600000
v 48.000000 -82.133333 -26.600000
v 47.500000 -44.500000 -10.000000
v 47.098076 -46.000000 -10.000000
v 46.000000 -47.098076 -10.000000
v 44.500000 -47.500000 -10.000000
v 39.500000 -39.500000 -10.000000
v 44.500000 47.500000 -10.000000
v 46.000000 47.098076 -10.000000
v 47.098076 46.000000 -10.000000
v 47.500000 44.500000 -10.000000
vt -0.282843 -5.262500 0.000000
vt 0.848528 -6.062500 0.000000
vt -0.282843 2.637500 0.000000
vt 0.848528 3.437500 0.000000
vt -1.333946 0.071084 0.000000
vt -1.335000 0.069679 0.000000
vt 1.325000 0.071084 0.000000
vt 1.325000 0.023695 0.000000
vt -1.335000 0.022758 0.000000
vt 1.325000 -0.023695 0.000000
vt -1.335000 -0.024163 0.000000
vt 1.325000 -0.071084 0.000000
vt -1.335000 -0.071084 0.000000
vt 1.168946 1.565261 0.000000
vt -1.490000 1.565261 0.000000
vt 0.729100 0.978800 0.000000
vt -0.709100 -0.938800 0.000000
vt -0.549100 -1.058800 0.000000
vt -1.490000 -1.860000 0.000000
vt -1.400000 -1.860000 0.000000
vt 0.889100 0.858800 0.000000
vt 1.170000 1.860000 0.000000
vt 1.170000 1.566667 0.000000
vt 1.390000 1.860000 0.000000
vt -1.325000 0.059976 0.000000
vt 1.335000 0.059976 0.000000
vt -1.325000 0.107365 0.000000
vt 1.335000 0.107365 0.000000
vt -1.325000 0.154755 0.000000
vt 1.335000 0.154755 0.000000
vt -1.325000 0.202144 0.000000
vt 1.335000 0.202144 0.000000
vt 1.335000 -0.157080 0.000000
vt 1.323582 -0.078540 0.000000
vt -0.745000 -0.157080 0.000000
vt -0.745000 -0.052360 0.000000
vt 1.291066 -0.000000 0.000000
vt -0.745000 0.052360 0.000000
vt 1.185000 0.157080 0.000000
vt -0.745000 0.157080 0.000000
vt 2.080000 1.600000 0.000000
vt -0.000000 1.600000 0.000000
vt 2.080000 -1.600000 0.000000
vt -0.000000 -1.600000 0.000000
vt -0.745000 -0.157080 0.000000
vt 1.185000 -0.157080 0.000000
vt -0.745000 -0.052360 0.000000
vt 1.291066 0.000000 0.000000
vt -0.745000 0.052360 0.000000
vt 1.323582 0.078540 0.000000
vt -0.745000 0.157080 0.000000
vt 1.335000 0.157080 0.000000
vt 0.440000 1.260000 0.000000
vt -1.490000 1.260000 0.000000
vt -1.490000 -1.313333 0.000000
vt 1.291066 -0.000000 0.000000
vt -0.525000 -0.052360 0.000000
vt 1.185000 -0.157080 0.000000
vt -2.385000 -0.052360 0.000000
vt -4.245000 -0.157080 0.000000
vt -4.245000 -0.052360 0.000000
vt -4.245000 0.052360 0.000000
vt -2.385000 0.052360 0.000000
vt -4.245000 0.157080 0.000000
vt -0.525000 0.052360 0.000000
vt 1.323582 0.078540 0.000000
vt 1.335000 0.157080 0.000000
vt -2.692820 0.400000 0.000000
vt -3.500000 -1.600000 0.000000
vt -2.692820 -0.400000 0.000000
vt -3.250000 -1.800000 0.000000
vt -2.000000 -0.800000 0.000000
vt -0.283333 -1.800000 0.000000
vt -1.307180 -0.400000 0.000000
vt -0.033333 -1.600000 0.000000
vt -1.307180 0.400000 0.000000
vt -0.033333 1.600000 0.000000
vt -0.283333 1.800000 0.000000
vt -0.106557 1.741421 0.000000
vt -0.052363 1.676537 0.000000
vt -2.000000 0.800000 0.000000
vt -3.250000 1.800000 0.000000
vt -3.500000 1.600000 0.000000
vt -3.480970 -1.676537 0.000000
vt -3.426777 -1.741421 0.000000
vt -0.106557 -1.741421 0.000000
vt -0.052363 -1.676537 0.000000
vt -3.426777 1.741421 0.000000
vt -3.480970 1.676537 0.000000
vt -3.500000 -1.600000 0.000000
vt 2.080000 -1.600000 0.000000
vt -3.500000 1.600000 0.000000
vt 2.080000 1.600000 0.000000
vt 1.323582 -0.078540 0.000000
vt -0.525000 -0.052360 0.000000
vt 1.335000 -0.157080 0.000000
vt -2.385000 -0.052360 0.000000
vt -4.245000 -0.157080 0.000000
vt -4.245000 -0.052360 0.000000
vt -4.245000 0.052360 0.000000
vt -2.385000 0.052360 0.000000
vt -4.245000 0.157080 0.000000
vt 1.185000 0.157080 0.000000
vt -0.525000 0.052360 0.000000
vt 1.291066 0.000000 0.000000
vt -4.245000 -0.157080 0.000000
vt -0.595000 -0.157080 0.000000
vt -2.420000 -0.052360 0.000000
vt -0.701066 -0.000000 0.000000
vt -2.420000 0.052360 0.000000
vt -0.733582 0.078540 0.000000
vt -4.245000 0.157080 0.000000
vt -0.745000 0.157080 0.000000
vt -4.245000 0.052360 0.000000
vt -4.245000 -0.052360 0.000000
vt -3.400000 0.000000 0.000000
vt -0.200000 0.000000 0.000000
vt -3.400000 3.500000 0.000000
vt -0.200000 3.500000 0.000000
vt -4.245000 -0.157080 0.000000
vt -0.745000 -0.157080 0.000000
vt -2.420000 -0.052360 0.000000
vt -0.733582 -0.078540 0.000000
vt -0.701066 0.000000 0.000000
vt -2.420000 0.052360 0.000000
vt -0.595000 0.157080 0.000000
vt -4.245000 0.157080 0.000000
vt -4.245000 0.052360 0.000000
vt -4.245000 -0.052360 0.000000
vt 0.440000 1.260000 0.000000
vt -4.990000 1.260000 0.000000
vt -1.340000 -1.113333 0.000000
vt -4.990000 -1.113333 0.000000
vt -1.745000 -0.157080 0.000000
vt 1.185000 -0.157080 0.000000
vt -0.205000 -0.052360 0.000000
vt 1.291066 -0.000000 0.000000
vt -0.205000 0.052360 0.000000
vt 1.323582 0.078540 0.000000
vt -1.745000 0.157080 0.000000
vt 1.335000 0.157080 0.000000
vt -1.745000 0.052360 0.000000
vt -1.745000 -0.052360 0.000000
vt 0.440000 1.260000 0.000000
vt -2.490000 1.260000 0.000000
vt -1.340000 -1.113333 0.000000
vt -2.490000 -1.113333 0.000000
vt -0.745000 -0.157080 0.000000
vt -0.733582 -0.078540 0.000000
vt -1.745000 -0.157080 0.000000
vt -1.745000 -0.052360 0.000000
vt -0.701066 0.000000 0.000000
vt -1.745000 0.052360 0.000000
vt -0.595000 0.157080 0.000000
vt -1.745000 0.157080 0.000000
vt -0.200000 1.000000 0.000000
vt -3.400000 1.000000 0.000000
vt -0.200000 0.000000 0.000000
vt -3.400000 0.000000 0.000000
vt -1.745000 -0.157080 0.000000
vt -0.595000 -0.157080 0.000000
vt -1.745000 -0.052360 0.000000
vt -0.701066 -0.000000 0.000000
vt -1.745000 0.052360 0.000000
vt -0.733582 0.078540 0.000000
vt -1.745000 0.157080 0.000000
vt -0.745000 0.157080 0.000000
vt -3.480970 -1.676537 0.000000
vt -3.426777 -1.741421 0.000000
vt -3.500000 -1.600000 0.000000
vt -3.250000 -1.800000 0.000000
vt -2.692820 -0.400000 0.000000
vt -2.000000 -0.800000 0.000000
vt -0.283333 -1.800000 0.000000
vt -1.307180 -0.400000 0.000000
vt -0.033333 -1.600000 0.000000
vt -1.307180 0.400000 0.000000
vt -0.033333 1.600000 0.000000
vt -0.283333 1.800000 0.000000
vt -0.106557 1.741421 0.000000
vt -0.052363 1.676537 0.000000
vt -0.106557 -1.741421 0.000000
vt -0.052363 -1.676537 0.000000
vt -2.000000 0.800000 0.000000
vt -3.250000 1.800000 0.000000
vt -2.692820 0.400000 0.000000
vt -3.500000 1.600000 0.000000
vt -3.426777 1.741421 0.000000
vt -3.480970 1.676537 0.000000
vt -1.745000 -0.157080 0.000000
vt 1.335000 -0.157080 0.000000
vt -0.205000 -0.052360 0.000000
vt 1.323582 -0.078540 0.000000
vt 1.291066 0.000000 0.000000
vt -0.205000 0.052360 0.000000
vt 1.185000 0.157080 0.000000
vt -1.745000 0.157080 0.000000
vt -1.745000 0.052360 0.000000
vt -1.745000 -0.052360 0.000000
vt -1.000000 -1.600000 0.000000
vt 2.080000 -1.600000 0.000000
vt -1.000000 1.600000 0.000000
vt 2.080000 1.600000 0.000000
vt 3.825000 0.314159 0.000000
vt 1.165000 0.314159 0.000000
vt 3.825000 0.104720 0.000000
vt 1.165000 0.104720 0.000000
vt 3.825000 -0.104720 0.000000
vt 1.165000 -0.104720 0.000000
vt 3.825000 -0.314159 0.000000
vt 1.165000 -0.314159 0.000000
vt 4.990000 0.550000 0.000000
vt 4.990000 1.860000 0.000000
vt 2.330000 0.550000 0.000000
vt -1.390000 1.860000 0.000000
vt -0.729100 0.978800 0.000000
vt -0.889100 0.858800 0.000000
vt 0.709100 -0.938800 0.000000
vt 2.330000 -1.860000 0.000000
vt 1.400000 -1.860000 0.000000
vt 0.549100 -1.058800 0.000000
vt 0.585000 -0.314159 0.000000
vt 0.585000 -0.226524 0.000000
vt -2.075000 -0.314159 0.000000
vt -2.075000 -0.104720 0.000000
vt 0.585000 -0.138889 0.000000
vt 0.585000 -0.051254 0.000000
vt -2.075000 0.104720 0.000000
vt 0.479814 0.131453 0.000000
vt -2.075000 0.314159 0.000000
vt 0.347500 0.314159 0.000000
vt -1.170000 1.566667 0.000000
vt -1.170000 1.860000 0.000000
vt -1.390000 1.860000 0.000000
vt -8.380810 2.660000 0.000000
vt -10.306351 2.660000 0.000000
vt -8.380810 1.848107 0.000000
vt -10.306351 0.000000 0.000000
vt -5.916667 -0.000000 0.000000
vt -1.830000 -0.314159 0.000000
vt 0.830000 -0.314159 0.000000
vt -1.830000 -0.104720 0.000000
vt 0.830000 -0.104720 0.000000
vt -1.830000 0.104720 0.000000
vt 0.830000 0.104720 0.000000
vt -1.830000 0.314159 0.000000
vt 0.830000 0.314159 0.000000
vt -1.660000 -2.350000 0.000000
vt 1.000000 -2.350000 0.000000
vt -1.660000 -2.200000 0.000000
vt 1.000000 2.200000 0.000000
vt -2.880000 1.198500 0.000000
vt -2.880000 2.200000 0.000000
vt -2.880000 -1.198500 0.000000
vt -2.980000 1.198500 0.000000
vt -2.980000 -1.198500 0.000000
vt -2.880000 -2.200000 0.000000
vt 0.590000 -0.314159 0.000000
vt 3.250000 -0.314159 0.000000
vt 0.590000 -0.104720 0.000000
vt 3.250000 -0.104720 0.000000
vt 0.590000 0.104720 0.000000
vt 3.250000 0.104720 0.000000
vt 0.590000 0.314159 0.000000
vt 3.250000 0.314159 0.000000
vt -1.180000 -2.350000 0.000000
vt -1.180000 -2.200000 0.000000
vt -3.840000 -2.350000 0.000000
vt -3.840000 2.200000 0.000000
vt -0.250000 -1.198500 0.000000
vt -0.250000 1.198500 0.000000
vt 0.000000 -1.198500 0.000000
vt -0.000000 1.198500 0.000000
vt -0.250000 -2.200000 0.000000
vt -0.250000 2.200000 0.000000
vt 1.000000 0.782077 0.000000
vt 0.188107 0.782077 0.000000
vt 1.000000 0.521385 0.000000
vt 0.047238 0.586558 0.000000
vt -0.060639 0.391039 0.000000
vt 1.000000 0.260692 0.000000
vt -0.110259 0.195519 0.000000
vt 1.000000 0.000000 0.000000
vt -0.090000 0.000000 0.000000
vt -3.890000 0.000000 0.000000
vt -2.410000 0.000000 0.000000
vt -3.890000 2.660000 0.000000
vt -2.410000 2.660000 0.000000
vt -1.400000 -1.860000 0.000000
vt -0.709100 -0.938800 0.000000
vt -4.990000 -1.860000 0.000000
vt -4.990000 1.860000 0.000000
vt 0.729100 0.978800 0.000000
vt 1.390000 1.860000 0.000000
vt -0.549100 -1.058800 0.000000
vt 0.889100 0.858800 0.000000
vt 0.198500 0.200000 0.000000
vt 0.000000 0.200000 0.000000
vt 0.198500 -0.000000 0.000000
vt -0.150000 -0.000000 0.000000
vt 0.200000 0.200000 0.000000
vt 0.001500 0.200000 0.000000
vt 0.200000 -0.000000 0.000000
vt 0.001500 -0.000000 0.000000
vt 0.200000 0.200000 0.000000
vt 0.001500 0.200000 0.000000
vt 0.200000 -0.000000 0.000000
vt 0.001500 -0.000000 0.000000
vt 0.198500 0.200000 0.000000
vt 0.000000 0.200000 0.000000
vt 0.198500 -0.000000 0.000000
vt -0.160000 0.080000 0.000000
vt -0.100000 -0.000000 0.000000
vt 0.198500 0.200000 0.000000
vt 0.000000 0.200000 0.000000
vt 0.198500 -0.000000 0.000000
vt 0.000000 0.000000 0.000000
vt 0.001500 0.200000 0.000000
vt 0.001500 0.000000 0.000000
vt 0.200000 0.200000 0.000000
vt 0.360000 0.080000 0.000000
vt 0.300000 -0.000000 0.000000
vt 0.001500 0.200000 0.000000
vt 0.001500 -0.000000 0.000000
vt 0.200000 0.200000 0.000000
vt 0.350000 -0.000000 0.000000
vt 0.198500 0.200000 0.000000
vt 0.000000 0.200000 0.000000
vt 0.198500 -0.000000 0.000000
vt 0.000000 -0.000000 0.000000
vt 0.200000 1.198500 0.000000
vt 0.000000 1.198500 0.000000
vt 0.200000 -1.198500 0.000000
vt 0.000000 -1.198500 0.000000
vt -0.799100 0.898800 0.000000
vt 0.639100 -1.018800 0.000000
vt -0.639100 1.018800 0.000000
vt 0.799100 -0.898800 0.000000
vt -4.400000 -1.198500 0.000000
vt -4.201500 -1.198500 0.000000
vt -4.400000 1.198500 0.000000
vt -4.201500 1.198500 0.000000
vt 0.000000 1.198500 0.000000
vt -0.198500 1.198500 0.000000
vt 0.000000 -1.198500 0.000000
vt -0.198500 -1.198500 0.000000
vt -1.001500 2.200000 0.000000
vt -3.398500 2.200000 0.000000
vt -1.001500 2.001500 0.000000
vt -3.398500 2.001500 0.000000
vt 0.000000 -1.198500 0.000000
vt 0.200000 -1.198500 0.000000
vt -0.000000 1.198500 0.000000
vt 0.200000 1.198500 0.000000
vt 0.800000 0.400000 0.000000
vt 0.000000 0.400000 0.000000
vt 0.800000 0.000000 0.000000
vt 0.000000 0.000000 0.000000
vt 0.800000 0.400000 0.000000
vt 0.000000 0.400000 0.000000
vt 0.800000 0.000000 0.000000
vt 0.000000 0.000000 0.000000
vt 0.800000 0.400000 0.000000
vt -0.000000 0.400000 0.000000
vt 0.800000 0.000000 0.000000
vt -0.000000 0.000000 0.000000
vt 0.800000 0.400000 0.000000
vt 0.000000 0.400000 0.000000
vt 0.800000 0.000000 0.000000
vt 0.000000 0.000000 0.000000
vt 0.800000 0.400000 0.000000
vt -0.000000 0.400000 0.000000
vt 0.800000 -0.000000 0.000000
vt -0.000000 0.000000 0.000000
vt 0.800000 0.400000 0.000000
vt -0.000000 0.400000 0.000000
vt 0.800000 -0.000000 0.000000
vt 0.000000 -0.000000 0.000000
vt -0.440000 1.260000 0.000000
vt 1.340000 -1.113333 0.000000
vt 4.990000 1.260000 0.000000
vt 4.990000 -1.113333 0.000000
vt -0.799100 -0.898800 0.000000
vt -0.639100 -1.018800 0.000000
vt 0.639100 1.018800 0.000000
vt 0.799100 0.898800 0.000000
vt 2.692820 -0.400000 0.000000
vt 4.001500 -1.198500 0.000000
vt 2.692820 0.400000 0.000000
vt 4.001500 1.198500 0.000000
vt 3.198500 2.001500 0.000000
vt 4.300000 2.200000 0.000000
vt 3.198500 2.200000 0.000000
vt 3.198500 -2.001500 0.000000
vt 2.000000 -0.800000 0.000000
vt 0.801500 -2.001500 0.000000
vt 1.307180 -0.400000 0.000000
vt -0.001500 -1.198500 0.000000
vt 1.307180 0.400000 0.000000
vt -0.001500 1.198500 0.000000
vt 0.801500 2.001500 0.000000
vt -0.350000 2.200000 0.000000
vt 0.801500 2.200000 0.000000
vt 2.000000 0.800000 0.000000
vt 4.300000 -1.198500 0.000000
vt 4.300000 -2.200000 0.000000
vt 3.198500 -2.200000 0.000000
vt 4.300000 1.198500 0.000000
vt -0.350000 1.198500 0.000000
vt -0.350000 -1.198500 0.000000
vt -0.350000 -2.200000 0.000000
vt 0.801500 -2.200000 0.000000
vt -0.000000 1.198500 0.000000
vt -0.200000 1.198500 0.000000
vt -0.000000 -1.198500 0.000000
vt -0.200000 -1.198500 0.000000
vt -2.880000 2.200000 0.000000
vt -2.880000 1.198500 0.000000
vt 3.500000 2.200000 0.000000
vt 3.500000 -2.200000 0.000000
vt -2.880000 -1.198500 0.000000
vt -2.880000 -2.200000 0.000000
vt -2.980000 1.198500 0.000000
vt -2.980000 -1.198500 0.000000
vt -3.398500 -2.200000 0.000000
vt -1.001500 -2.200000 0.000000
vt -3.398500 -2.001500 0.000000
vt -1.001500 -2.001500 0.000000
vt -0.350000 -1.198500 0.000000
vt -0.350000 -2.200000 0.000000
vt -0.001500 -1.198500 0.000000
vt 0.801500 -2.001500 0.000000
vt 1.307180 -0.400000 0.000000
vt 2.000000 -0.800000 0.000000
vt 3.198500 -2.001500 0.000000
vt 2.692820 -0.400000 0.000000
vt 4.001500 -1.198500 0.000000
vt 2.692820 0.400000 0.000000
vt 4.001500 1.198500 0.000000
vt 3.198500 2.001500 0.000000
vt 4.300000 2.200000 0.000000
vt 3.198500 2.200000 0.000000
vt 0.801500 -2.200000 0.000000
vt -0.316235 -2.391685 0.000000
vt -0.398934 -2.573607 0.000000
vt 2.266667 -2.750000 0.000000
vt -0.578730 -2.703159 0.000000
vt -0.813512 -2.750000 0.000000
vt 2.266667 -2.200000 0.000000
vt 3.198500 -2.200000 0.000000
vt 4.300000 -2.200000 0.000000
vt 4.300000 -1.198500 0.000000
vt 4.300000 1.198500 0.000000
vt 2.000000 0.800000 0.000000
vt 0.801500 2.001500 0.000000
vt 1.307180 0.400000 0.000000
vt -0.001500 1.198500 0.000000
vt 0.801500 2.200000 0.000000
vt -0.350000 2.200000 0.000000
vt -0.350000 1.198500 0.000000
vt -0.170000 1.860000 0.000000
vt -0.729100 0.978800 0.000000
vt -0.170000 0.233333 0.000000
vt -0.889100 0.858800 0.000000
vt 0.549100 -1.058800 0.000000
vt -1.390000 1.860000 0.000000
vt 0.709100 -0.938800 0.000000
vt -1.400000 -1.860000 0.000000
vt -0.709100 -0.938800 0.000000
vt -2.490000 -1.860000 0.000000
vt -2.490000 1.860000 0.000000
vt 0.729100 0.978800 0.000000
vt 1.390000 1.860000 0.000000
vt -0.549100 -1.058800 0.000000
vt 0.889100 0.858800 0.000000
vt 0.198500 0.200000 0.000000
vt 0.000000 0.200000 0.000000
vt 0.198500 -0.000000 0.000000
vt -0.150000 -0.000000 0.000000
vt 0.200000 0.200000 0.000000
vt 0.001500 0.200000 0.000000
vt 0.200000 -0.000000 0.000000
vt 0.001500 -0.000000 0.000000
vt 0.200000 0.200000 0.000000
vt 0.001500 0.200000 0.000000
vt 0.200000 -0.000000 0.000000
vt 0.001500 -0.000000 0.000000
vt 0.198500 0.200000 0.000000
vt 0.000000 0.200000 0.000000
vt 0.198500 -0.000000 0.000000
vt -0.160000 0.080000 0.000000
vt -0.100000 -0.000000 0.000000
vt 0.198500 0.200000 0.000000
vt 0.000000 0.200000 0.000000
vt 0.198500 -0.000000 0.000000
vt 0.000000 0.000000 0.000000
vt 0.001500 0.200000 0.000000
vt 0.001500 -0.000000 0.000000
vt 0.200000 0.200000 0.000000
vt 0.360000 0.080000 0.000000
vt 0.300000 -0.000000 0.000000
vt 0.001500 0.200000 0.000000
vt 0.001500 -0.000000 0.000000
vt 0.200000 0.200000 0.000000
vt 0.350000 -0.000000 0.000000
vt 0.198500 0.200000 0.000000
vt 0.000000 0.200000 0.000000
vt 0.198500 -0.000000 0.000000
vt 0.000000 -0.000000 0.000000
vt 0.200000 1.198500 0.000000
vt 0.000000 1.198500 0.000000
vt 0.200000 -1.198500 0.000000
vt 0.000000 -1.198500 0.000000
vt -0.799100 0.898800 0.000000
vt 0.639100 -1.018800 0.000000
vt -0.639100 1.018800 0.000000
vt 0.799100 -0.898800 0.000000
vt -4.400000 -1.198500 0.000000
vt -4.201500 -1.198500 0.000000
vt -4.400000 1.198500 0.000000
vt -4.201500 1.198500 0.000000
vt 0.000000 1.198500 0.000000
vt -0.198500 1.198500 0.000000
vt 0.000000 -1.198500 0.000000
vt -0.198500 -1.198500 0.000000
vt -1.001500 2.200000 0.000000
vt -3.398500 2.200000 0.000000
vt -1.001500 2.001500 0.000000
vt -3.398500 2.001500 0.000000
vt 0.000000 -1.198500 0.000000
vt 0.200000 -1.198500 0.000000
vt -0.000000 1.198500 0.000000
vt 0.200000 1.198500 0.000000
vt 0.800000 0.400000 0.000000
vt 0.000000 0.400000 0.000000
vt 0.800000 0.000000 0.000000
vt 0.000000 0.000000 0.000000
vt 0.800000 0.400000 0.000000
vt 0.000000 0.400000 0.000000
vt 0.800000 0.000000 0.000000
vt 0.000000 0.000000 0.000000
vt 0.800000 0.400000 0.000000
vt -0.000000 0.400000 0.000000
vt 0.800000 0.000000 0.000000
vt -0.000000 -0.000000 0.000000
vt 0.800000 0.400000 0.000000
vt 0.000000 0.400000 0.000000
vt 0.800000 0.000000 0.000000
vt 0.000000 0.000000 0.000000
vt 0.800000 0.400000 0.000000
vt -0.000000 0.400000 0.000000
vt 0.800000 -0.000000 0.000000
vt -0.000000 0.000000 0.000000
vt 0.800000 0.400000 0.000000
vt -0.000000 0.400000 0.000000
vt 0.800000 -0.000000 0.000000
vt 0.000000 -0.000000 0.000000
vt 2.490000 -1.113333 0.000000
vt 2.490000 1.260000 0.000000
vt 1.340000 -1.113333 0.000000
vt -0.440000 1.260000 0.000000
vt -0.799100 -0.898800 0.000000
vt -0.639100 -1.018800 0.000000
vt 0.639100 1.018800 0.000000
vt 0.799100 0.898800 0.000000
vt -0.000000 1.198500 0.000000
vt -0.200000 1.198500 0.000000
vt -0.000000 -1.198500 0.000000
vt -0.200000 -1.198500 0.000000
vt -0.250000 -2.200000 0.000000
vt -0.250000 -1.198500 0.000000
vt -1.340000 -2.200000 0.000000
vt -0.250000 1.198500 0.000000
vt -1.340000 2.200000 0.000000
vt -0.250000 2.200000 0.000000
vt 0.000000 -1.198500 0.000000
vt -0.000000 1.198500 0.000000
vt -3.398500 -2.200000 0.000000
vt -1.001500 -2.200000 0.000000
vt -3.398500 -2.001500 0.000000
vt -1.001500 -2.001500 0.000000
vt -9.500000 0.400000 0.000000
vt -0.000000 0.400000 0.000000
vt -9.500000 1.160000 0.000000
vt -0.000000 1.160000 0.000000
vt -0.932500 1.250000 0.000000
vt -0.729100 0.978800 0.000000
vt 1.490000 1.250000 0.000000
vt 0.709100 -0.938800 0.000000
vt 1.490000 -1.860000 0.000000
vt 1.400000 -1.860000 0.000000
vt -0.889100 0.858800 0.000000
vt 0.549100 -1.058800 0.000000
vt -2.660000 2.200000 0.000000
vt -2.880000 1.198500 0.000000
vt -2.660000 -2.200000 0.000000
vt -2.880000 -1.198500 0.000000
vt -2.880000 -2.200000 0.000000
vt -2.880000 2.200000 0.000000
vt -2.980000 1.198500 0.000000
vt -2.980000 -1.198500 0.000000
vt 0.198500 0.200000 0.000000
vt 0.000000 0.200000 0.000000
vt 0.198500 -0.000000 0.000000
vt -0.150000 -0.000000 0.000000
vt 0.200000 0.200000 0.000000
vt 0.001500 0.200000 0.000000
vt 0.200000 -0.000000 0.000000
vt 0.001500 -0.000000 0.000000
vt 0.200000 0.200000 0.000000
vt 0.001500 0.200000 0.000000
vt 0.200000 -0.000000 0.000000
vt 0.001500 -0.000000 0.000000
vt 0.198500 0.200000 0.000000
vt 0.000000 0.200000 0.000000
vt 0.198500 -0.000000 0.000000
vt -0.160000 0.080000 0.000000
vt -0.100000 0.000000 0.000000
vt 0.198500 0.200000 0.000000
vt 0.000000 0.200000 0.000000
vt 0.198500 -0.000000 0.000000
vt 0.000000 0.000000 0.000000
vt 0.001500 0.200000 0.000000
vt 0.001500 -0.000000 0.000000
vt 0.200000 0.200000 0.000000
vt 0.360000 0.080000 0.000000
vt 0.300000 -0.000000 0.000000
vt 0.001500 0.200000 0.000000
vt 0.001500 -0.000000 0.000000
vt 0.200000 0.200000 0.000000
vt 0.350000 -0.000000 0.000000
vt 0.198500 0.200000 0.000000
vt 0.000000 0.200000 0.000000
vt 0.198500 -0.000000 0.000000
vt 0.000000 -0.000000 0.000000
vt 0.200000 1.198500 0.000000
vt 0.000000 1.198500 0.000000
vt 0.200000 -1.198500 0.000000
vt 0.000000 -1.198500 0.000000
vt -0.799100 0.898800 0.000000
vt 0.639100 -1.018800 0.000000
vt -0.639100 1.018800 0.000000
vt 0.799100 -0.898800 0.000000
vt -4.400000 -1.198500 0.000000
vt -4.201500 -1.198500 0.000000
vt -4.400000 1.198500 0.000000
vt -4.201500 1.198500 0.000000
vt 0.000000 1.198500 0.000000
vt -0.198500 1.198500 0.000000
vt 0.000000 -1.198500 0.000000
vt -0.198500 -1.198500 0.000000
vt -1.001500 2.200000 0.000000
vt -3.398500 2.200000 0.000000
vt -1.001500 2.001500 0.000000
vt -3.398500 2.001500 0.000000
vt 0.000000 -1.198500 0.000000
vt 0.200000 -1.198500 0.000000
vt -0.000000 1.198500 0.000000
vt 0.200000 1.198500 0.000000
vt 0.800000 0.400000 0.000000
vt 0.000000 0.400000 0.000000
vt 0.800000 0.000000 0.000000
vt 0.000000 0.000000 0.000000
vt 0.800000 0.400000 0.000000
vt 0.000000 0.400000 0.000000
vt 0.800000 0.000000 0.000000
vt 0.000000 0.000000 0.000000
vt 0.800000 0.400000 0.000000
vt -0.000000 0.400000 0.000000
vt 0.800000 0.000000 0.000000
vt -0.000000 -0.000000 0.000000
vt 0.800000 0.400000 0.000000
vt 0.000000 0.400000 0.000000
vt 0.800000 0.000000 0.000000
vt 0.000000 0.000000 0.000000
vt 0.800000 0.400000 0.000000
vt -0.000000 0.400000 0.000000
vt 0.800000 -0.000000 0.000000
vt -0.000000 0.000000 0.000000
vt 0.800000 0.400000 0.000000
vt -0.000000 0.400000 0.000000
vt 0.800000 -0.000000 0.000000
vt 0.000000 -0.000000 0.000000
vt -3.426777 1.741421 0.000000
vt -3.500000 1.600000 0.000000
vt -3.250000 1.800000 0.000000
vt -2.692820 0.400000 0.000000
vt -2.000000 0.800000 0.000000
vt -3.480970 1.676537 0.000000
vt -3.500000 -1.600000 0.000000
vt -2.692820 -0.400000 0.000000
vt -3.250000 -1.800000 0.000000
vt -2.000000 -0.800000 0.000000
vt -0.033333 -1.800000 0.000000
vt -1.307180 -0.400000 0.000000
vt -1.307180 0.400000 0.000000
vt -0.033333 1.800000 0.000000
vt -3.480970 -1.676537 0.000000
vt -3.426777 -1.741421 0.000000
vt 1.490000 1.260000 0.000000
vt -0.440000 1.260000 0.000000
vt 1.490000 -1.313333 0.000000
vt -0.799100 -0.898800 0.000000
vt -0.639100 -1.018800 0.000000
vt 0.639100 1.018800 0.000000
vt 0.799100 0.898800 0.000000
vt 2.692820 -0.400000 0.000000
vt 4.001500 -1.198500 0.000000
vt 2.692820 0.400000 0.000000
vt 4.001500 1.198500 0.000000
vt 3.198500 2.001500 0.000000
vt 3.931576 2.200000 0.000000
vt 3.198500 2.200000 0.000000
vt 3.198500 -2.001500 0.000000
vt 2.000000 -0.800000 0.000000
vt 0.801500 -2.001500 0.000000
vt 1.307180 -0.400000 0.000000
vt -0.001500 -1.198500 0.000000
vt 1.307180 0.400000 0.000000
vt -0.001500 1.198500 0.000000
vt 0.801500 2.001500 0.000000
vt -0.350000 2.200000 0.000000
vt 0.801500 2.200000 0.000000
vt 2.000000 0.800000 0.000000
vt 4.300000 -1.198500 0.000000
vt 4.300000 -2.200000 0.000000
vt 3.933333 -2.200000 0.000000
vt 3.758024 -2.241007 0.000000
vt 3.933333 -2.355619 0.000000
vt 4.300000 1.198500 0.000000
vt 4.300000 2.200000 0.000000
vt 3.933333 2.200000 0.000000
vt 3.933333 2.200002 0.000000
vt -0.350000 1.198500 0.000000
vt -0.350000 -1.198500 0.000000
vt -0.350000 -2.200000 0.000000
vt 0.801500 -2.200000 0.000000
vt 3.198500 -2.200000 0.000000
vt 3.537500 -2.200000 0.000000
vt 0.000000 1.198500 0.000000
vt -0.200000 1.198500 0.000000
vt -0.000000 -1.198500 0.000000
vt -0.200000 -1.198500 0.000000
vt -0.250000 -2.200000 0.000000
vt -0.250000 -1.198500 0.000000
vt -0.340000 -2.200000 0.000000
vt -0.250000 1.198500 0.000000
vt -0.340000 2.200000 0.000000
vt -0.250000 2.200000 0.000000
vt 0.000000 -1.198500 0.000000
vt -0.000000 1.198500 0.000000
vt -3.398500 -2.200000 0.000000
vt -1.001500 -2.200000 0.000000
vt -3.398500 -2.001500 0.000000
vt -1.001500 -2.001500 0.000000
vt 0.000000 -0.235619 0.000000
vt 1.000000 -0.235619 0.000000
vt -0.000000 -0.078540 0.000000
vt 1.000000 -0.078540 0.000000
vt -0.000000 0.078540 0.000000
vt 1.000000 0.078540 0.000000
vt -0.000000 0.235619 0.000000
vt 1.000000 0.235619 0.000000
vt 0.000000 0.235619 0.000000
vt -1.000000 0.235619 0.000000
vt 0.000000 0.078540 0.000000
vt -1.000000 0.078540 0.000000
vt 0.000000 -0.078540 0.000000
vt -1.000000 -0.078540 0.000000
vt -0.000000 -0.235619 0.000000
vt -1.000000 -0.235619 0.000000
vt -4.450000 0.000000 0.000000
vt 4.450000 -0.000000 0.000000
vt -4.450000 1.000000 0.000000
vt 4.450000 1.000000 0.000000
vt 3.950000 0.100000 0.000000
vt -3.950000 0.100000 0.000000
vt 3.950000 -0.000000 0.000000
vt -3.950000 0.000000 0.000000
vt -0.662500 -0.282843 0.000000
vt 7.237500 -0.282843 0.000000
vt -1.462500 0.848528 0.000000
vt 8.037500 0.848528 0.000000
vt 0.282843 -5.262500 0.000000
vt 0.282843 2.637500 0.000000
vt -0.848528 -6.062500 0.000000
vt -0.848528 3.437500 0.000000
vt 7.237500 0.282843 0.000000
vt -0.662500 0.282843 0.000000
vt 8.037500 -0.848528 0.000000
vt -1.462500 -0.848528 0.000000
vt 7.900000 0.100000 0.000000
vt 0.000000 0.100000 0.000000
vt 7.900000 0.000000 0.000000
vt -0.000000 0.000000 0.000000
vt 1.333946 0.071084 0.000000
vt -1.325000 0.071084 0.000000
vt 1.335000 0.069679 0.000000
vt -1.325000 0.023695 0.000000
vt 1.335000 0.022758 0.000000
vt -1.325000 -0.023695 0.000000
vt 1.335000 -0.024163 0.000000
vt -1.325000 -0.071084 0.000000
vt 1.335000 -0.071084 0.000000
vt -1.168946 1.565261 0.000000
vt -0.729100 0.978800 0.000000
vt 1.490000 1.565261 0.000000
vt 0.709100 -0.938800 0.000000
vt 1.490000 -1.860000 0.000000
vt 1.400000 -1.860000 0.000000
vt -0.889100 0.858800 0.000000
vt 0.549100 -1.058800 0.000000
vt -1.170000 1.566667 0.000000
vt -1.170000 1.860000 0.000000
vt -1.390000 1.860000 0.000000
vt -1.335000 0.059976 0.000000
vt 1.325000 0.059976 0.000000
vt -1.335000 0.107365 0.000000
vt 1.325000 0.107365 0.000000
vt -1.335000 0.154755 0.000000
vt 1.325000 0.154755 0.000000
vt -1.335000 0.202144 0.000000
vt 1.325000 0.202144 0.000000
vt 0.745000 0.157080 0.000000
vt -1.185000 0.157080 0.000000
vt 0.745000 0.052360 0.000000
vt -1.291066 -0.000000 0.000000
vt 0.745000 -0.052360 0.000000
vt -1.323582 -0.078540 0.000000
vt 0.745000 -0.157080 0.000000
vt -1.335000 -0.157080 0.000000
vt 0.000000 1.600000 0.000000
vt -2.080000 1.600000 0.000000
vt 0.000000 -1.600000 0.000000
vt -2.080000 -1.600000 0.000000
vt -1.335000 0.157080 0.000000
vt -1.323582 0.078540 0.000000
vt 0.745000 0.157080 0.000000
vt 0.745000 0.052360 0.000000
vt -1.291066 0.000000 0.000000
vt 0.745000 -0.052360 0.000000
vt -1.185000 -0.157080 0.000000
vt 0.745000 -0.157080 0.000000
vt 1.490000 1.260000 0.000000
vt -0.440000 1.260000 0.000000
vt 1.490000 -1.313333 0.000000
vt -1.323582 0.078540 0.000000
vt 0.525000 0.052360 0.000000
vt -1.335000 0.157080 0.000000
vt 2.385000 0.052360 0.000000
vt 4.245000 0.157080 0.000000
vt 4.245000 0.052360 0.000000
vt 4.245000 -0.052360 0.000000
vt 2.385000 -0.052360 0.000000
vt 4.245000 -0.157080 0.000000
vt -1.185000 -0.157080 0.000000
vt 0.525000 -0.052360 0.000000
vt -1.291066 -0.000000 0.000000
vt 2.692820 -0.400000 0.000000
vt 3.500000 -1.600000 0.000000
vt 2.692820 0.400000 0.000000
vt 3.500000 1.600000 0.000000
vt 3.250000 1.800000 0.000000
vt 3.426777 1.741421 0.000000
vt 3.480970 1.676537 0.000000
vt 3.250000 -1.800000 0.000000
vt 2.000000 -0.800000 0.000000
vt 0.283333 -1.800000 0.000000
vt 1.307180 -0.400000 0.000000
vt 0.033333 -1.600000 0.000000
vt 1.307180 0.400000 0.000000
vt 0.033333 1.600000 0.000000
vt 0.283333 1.800000 0.000000
vt 0.106557 1.741421 0.000000
vt 2.000000 0.800000 0.000000
vt 3.426777 -1.741421 0.000000
vt 3.480970 -1.676537 0.000000
vt 0.052363 1.676537 0.000000
vt 0.052363 -1.676537 0.000000
vt 0.106557 -1.741421 0.000000
vt -2.080000 -1.600000 0.000000
vt 3.500000 -1.600000 0.000000
vt -2.080000 1.600000 0.000000
vt 3.500000 1.600000 0.000000
vt -1.291066 0.000000 0.000000
vt 0.525000 0.052360 0.000000
vt -1.185000 0.157080 0.000000
vt 2.385000 0.052360 0.000000
vt 4.245000 0.157080 0.000000
vt 4.245000 0.052360 0.000000
vt 4.245000 -0.052360 0.000000
vt 2.385000 -0.052360 0.000000
vt 4.245000 -0.157080 0.000000
vt 0.525000 -0.052360 0.000000
vt -1.323582 -0.078540 0.000000
vt -1.335000 -0.157080 0.000000
vt 4.245000 0.157080 0.000000
vt 0.745000 0.157080 0.000000
vt 2.420000 0.052360 0.000000
vt 0.733582 0.078540 0.000000
vt 0.701066 -0.000000 0.000000
vt 2.420000 -0.052360 0.000000
vt 0.595000 -0.157080 0.000000
vt 4.245000 -0.157080 0.000000
vt 4.245000 -0.052360 0.000000
vt 4.245000 0.052360 0.000000
vt 3.400000 3.500000 0.000000
vt 0.200000 3.500000 0.000000
vt 3.400000 0.000000 0.000000
vt 0.200000 0.000000 0.000000
vt 4.245000 0.157080 0.000000
vt 0.595000 0.157080 0.000000
vt 2.420000 0.052360 0.000000
vt 0.701066 0.000000 0.000000
vt 2.420000 -0.052360 0.000000
vt 0.733582 -0.078540 0.000000
vt 4.245000 -0.157080 0.000000
vt 0.745000 -0.157080 0.000000
vt 4.245000 -0.052360 0.000000
vt 4.245000 0.052360 0.000000
vt -0.440000 1.260000 0.000000
vt 1.340000 -1.113333 0.000000
vt 4.990000 1.260000 0.000000
vt 4.990000 -1.113333 0.000000
vt 1.745000 0.157080 0.000000
vt -1.335000 0.157080 0.000000
vt 0.205000 0.052360 0.000000
vt -1.323582 0.078540 0.000000
vt -1.291066 -0.000000 0.000000
vt 0.205000 -0.052360 0.000000
vt -1.185000 -0.157080 0.000000
vt 1.745000 -0.157080 0.000000
vt 1.745000 -0.052360 0.000000
vt 1.745000 0.052360 0.000000
vt -0.440000 1.260000 0.000000
vt 1.340000 -1.113333 0.000000
vt 2.490000 1.260000 0.000000
vt 2.490000 -1.113333 0.000000
vt 1.745000 0.157080 0.000000
vt 0.595000 0.157080 0.000000
vt 1.745000 0.052360 0.000000
vt 0.701066 0.000000 0.000000
vt 1.745000 -0.052360 0.000000
vt 0.733582 -0.078540 0.000000
vt 1.745000 -0.157080 0.000000
vt 0.745000 -0.157080 0.000000
vt 0.200000 0.000000 0.000000
vt 3.400000 0.000000 0.000000
vt 0.200000 1.000000 0.000000
vt 3.400000 1.000000 0.000000
vt 0.745000 0.157080 0.000000
vt 0.733582 0.078540 0.000000
vt 1.745000 0.157080 0.000000
vt 1.745000 0.052360 0.000000
vt 0.701066 -0.000000 0.000000
vt 1.745000 -0.052360 0.000000
vt 0.595000 -0.157080 0.000000
vt 1.745000 -0.157080 0.000000
vt 3.426777 -1.741421 0.000000
vt 3.500000 -1.600000 0.000000
vt 3.250000 -1.800000 0.000000
vt 2.692820 -0.400000 0.000000
vt 2.000000 -0.800000 0.000000
vt 3.480970 -1.676537 0.000000
vt 2.692820 0.400000 0.000000
vt 3.500000 1.600000 0.000000
vt 3.250000 1.800000 0.000000
vt 3.426777 1.741421 0.000000
vt 3.480970 1.676537 0.000000
vt 2.000000 0.800000 0.000000
vt 0.283333 1.800000 0.000000
vt 1.307180 0.400000 0.000000
vt 0.033333 1.600000 0.000000
vt 0.033333 -1.600000 0.000000
vt 0.106557 1.741421 0.000000
vt 0.052363 1.676537 0.000000
vt 0.052363 -1.676537 0.000000
vt 0.106557 -1.741421 0.000000
vt 0.283333 -1.800000 0.000000
vt 1.307180 -0.400000 0.000000
vt 1.745000 0.157080 0.000000
vt -1.185000 0.157080 0.000000
vt 0.205000 0.052360 0.000000
vt -1.291066 0.000000 0.000000
vt 0.205000 -0.052360 0.000000
vt -1.323582 -0.078540 0.000000
vt 1.745000 -0.157080 0.000000
vt -1.335000 -0.157080 0.000000
vt 1.745000 -0.052360 0.000000
vt 1.745000 0.052360 0.000000
vt -2.080000 -1.600000 0.000000
vt 1.000000 -1.600000 0.000000
vt -2.080000 1.600000 0.000000
vt 1.000000 1.600000 0.000000
vt -3.825000 -0.314159 0.000000
vt -1.165000 -0.314159 0.000000
vt -3.825000 -0.104720 0.000000
vt -1.165000 -0.104720 0.000000
vt -3.825000 0.104720 0.000000
vt -1.165000 0.104720 0.000000
vt -3.825000 0.314159 0.000000
vt -1.165000 0.314159 0.000000
vt -4.990000 0.550000 0.000000
vt -2.330000 0.550000 0.000000
vt -4.990000 1.860000 0.000000
vt 1.390000 1.860000 0.000000
vt 0.729100 0.978800 0.000000
vt 0.889100 0.858800 0.000000
vt -0.709100 -0.938800 0.000000
vt -0.549100 -1.058800 0.000000
vt -2.330000 -1.860000 0.000000
vt -1.400000 -1.860000 0.000000
vt -0.585000 -0.138889 0.000000
vt 2.075000 -0.104720 0.000000
vt -0.585000 -0.051254 0.000000
vt 2.075000 0.104720 0.000000
vt -0.479814 0.131453 0.000000
vt 2.075000 0.314159 0.000000
vt -0.347500 0.314159 0.000000
vt -0.585000 -0.226524 0.000000
vt 2.075000 -0.314159 0.000000
vt -0.585000 -0.314159 0.000000
vt -0.400000 0.000000 0.000000
vt 0.400000 -0.000000 0.000000
vt -0.400000 2.660000 0.000000
vt 0.400000 2.660000 0.000000
vt 1.170000 1.860000 0.000000
vt 1.170000 1.566667 0.000000
vt 1.390000 1.860000 0.000000
vt -7.225000 2.084808 0.000000
vt -7.075000 2.125000 0.000000
vt -8.025000 2.625000 0.000000
vt 1.825000 2.125000 0.000000
vt 2.775000 2.625000 0.000000
vt 1.975000 2.084808 0.000000
vt 2.084808 1.975000 0.000000
vt 2.125000 1.825000 0.000000
vt 2.975000 2.678590 0.000000
vt 3.175000 0.615000 0.000000
vt 3.121410 2.825000 0.000000
vt 3.175000 3.025000 0.000000
vt 2.125000 -7.075000 0.000000
vt 2.625000 -3.291667 0.000000
vt 2.625000 -1.265000 0.000000
vt 2.625000 0.215000 0.000000
vt 2.084808 -7.225000 0.000000
vt 2.575000 -7.665000 0.000000
vt 2.625000 -7.681351 0.000000
vt 1.975000 -7.334808 0.000000
vt 1.825000 -7.375000 0.000000
vt -1.825000 -7.665000 0.000000
vt -7.075000 -7.375000 0.000000
vt -3.425000 -7.665000 0.000000
vt -7.825000 -7.665000 0.000000
vt -7.225000 -7.334808 0.000000
vt -7.334808 -7.225000 0.000000
vt -7.375000 -7.075000 0.000000
vt -7.875000 -7.681351 0.000000
vt -7.872196 -7.728630 0.000000
vt -7.875000 -3.291667 0.000000
vt -7.375000 1.825000 0.000000
vt -7.875000 -1.265000 0.000000
vt -7.875000 0.215000 0.000000
vt -7.928590 0.415000 0.000000
vt -8.075000 0.561410 0.000000
vt -8.275000 0.615000 0.000000
vt -8.425000 0.615000 0.000000
vt -8.225000 2.678590 0.000000
vt -8.371410 2.825000 0.000000
vt -7.334808 1.975000 0.000000
vt -8.425000 3.025000 0.000000
vt -7.928590 -1.465000 0.000000
vt -8.075000 -1.611410 0.000000
vt -8.275000 -1.665000 0.000000
vt -8.425000 -1.665000 0.000000
vt -8.425000 -3.291667 0.000000
vt -7.863824 -7.775245 0.000000
vt -7.850000 -7.820545 0.000000
vt -7.836287 -7.865389 0.000000
vt -7.827916 -7.911530 0.000000
vt -7.825000 -7.958333 0.000000
vt -7.825002 -7.958333 0.000000
vt -3.425000 -7.958333 0.000000
vt -3.269381 -7.958333 0.000000
vt -3.194715 -7.912789 0.000000
vt -3.111936 -7.884562 0.000000
vt -3.025000 -7.875000 0.000000
vt -2.225000 -7.875000 0.000000
vt -2.138064 -7.884562 0.000000
vt -2.055285 -7.912789 0.000000
vt -1.980619 -7.958333 0.000000
vt -1.825000 -7.958333 0.000000
vt 2.575000 -7.958333 0.000000
vt 2.577916 -7.911530 0.000000
vt 2.586287 -7.865389 0.000000
vt 2.600000 -7.820545 0.000000
vt 2.575002 -7.958333 0.000000
vt 2.613824 -7.775245 0.000000
vt 2.622196 -7.728630 0.000000
vt 3.175000 -3.291667 0.000000
vt 3.025000 -1.665000 0.000000
vt 2.825000 -1.611410 0.000000
vt 2.678590 -1.465000 0.000000
vt 3.175000 -1.665000 0.000000
vt 2.678590 0.415000 0.000000
vt 2.825000 0.561410 0.000000
vt 3.025000 0.615000 0.000000
vt 5.916667 -0.000000 0.000000
vt 10.306351 0.000000 0.000000
vt 8.380810 1.848107 0.000000
vt 10.306351 2.660000 0.000000
vt 8.380810 2.660000 0.000000
vt 1.830000 0.314159 0.000000
vt -0.830000 0.314159 0.000000
vt 1.830000 0.104720 0.000000
vt -0.830000 0.104720 0.000000
vt 1.830000 -0.104720 0.000000
vt -0.830000 -0.104720 0.000000
vt 1.830000 -0.314159 0.000000
vt -0.830000 -0.314159 0.000000
vt 1.660000 -2.350000 0.000000
vt 1.660000 -2.200000 0.000000
vt -1.000000 -2.350000 0.000000
vt -1.000000 2.200000 0.000000
vt 2.880000 1.198500 0.000000
vt 2.880000 2.200000 0.000000
vt 2.880000 -2.200000 0.000000
vt 2.880000 -1.198500 0.000000
vt 2.980000 -1.198500 0.000000
vt 2.980000 1.198500 0.000000
vt -0.590000 0.314159 0.000000
vt -3.250000 0.314159 0.000000
vt -0.590000 0.104720 0.000000
vt -3.250000 0.104720 0.000000
vt -0.590000 -0.104720 0.000000
vt -3.250000 -0.104720 0.000000
vt -0.590000 -0.314159 0.000000
vt -3.250000 -0.314159 0.000000
vt 1.180000 -2.350000 0.000000
vt 3.840000 -2.350000 0.000000
vt 1.180000 -2.200000 0.000000
vt 3.840000 2.200000 0.000000
vt 0.250000 -1.198500 0.000000
vt 0.250000 1.198500 0.000000
vt 0.000000 1.198500 0.000000
vt 0.250000 2.200000 0.000000
vt -0.000000 -1.198500 0.000000
vt 0.250000 -2.200000 0.000000
vt 0.090000 0.000000 0.000000
vt 0.110259 0.195519 0.000000
vt -1.000000 0.000000 0.000000
vt -1.000000 0.260692 0.000000
vt 0.060639 0.391039 0.000000
vt -1.000000 0.521385 0.000000
vt -0.047238 0.586558 0.000000
vt -1.000000 0.782077 0.000000
vt -0.188107 0.782077 0.000000
vt 3.890000 2.660000 0.000000
vt 2.410000 2.660000 0.000000
vt 3.890000 0.000000 0.000000
vt 2.410000 0.000000 0.000000
vt 1.400000 -1.860000 0.000000
vt 4.990000 -1.860000 0.000000
vt 0.709100 -0.938800 0.000000
vt 4.990000 1.860000 0.000000
vt -0.729100 0.978800 0.000000
vt -1.390000 1.860000 0.000000
vt -0.889100 0.858800 0.000000
vt 0.549100 -1.058800 0.000000
vt -0.198500 0.200000 0.000000
vt -0.198500 -0.000000 0.000000
vt -0.000000 0.200000 0.000000
vt 0.150000 -0.000000 0.000000
vt -0.001500 0.200000 0.000000
vt -0.200000 0.200000 0.000000
vt -0.001500 -0.000000 0.000000
vt -0.200000 -0.000000 0.000000
vt -0.001500 0.200000 0.000000
vt -0.200000 0.200000 0.000000
vt -0.001500 -0.000000 0.000000
vt -0.200000 -0.000000 0.000000
vt -0.198500 0.200000 0.000000
vt -0.198500 -0.000000 0.000000
vt -0.000000 0.200000 0.000000
vt 0.160000 0.080000 0.000000
vt 0.100000 -0.000000 0.000000
vt -0.000000 0.200000 0.000000
vt -0.198500 0.200000 0.000000
vt -0.000000 0.000000 0.000000
vt -0.198500 -0.000000 0.000000
vt -0.001500 0.200000 0.000000
vt -0.200000 0.200000 0.000000
vt -0.001500 0.000000 0.000000
vt -0.360000 0.080000 0.000000
vt -0.300000 -0.000000 0.000000
vt -0.001500 0.200000 0.000000
vt -0.200000 0.200000 0.000000
vt -0.001500 -0.000000 0.000000
vt -0.350000 -0.000000 0.000000
vt -0.000000 0.200000 0.000000
vt -0.198500 0.200000 0.000000
vt -0.000000 -0.000000 0.000000
vt -0.198500 -0.000000 0.000000
vt -0.000000 1.198500 0.000000
vt -0.200000 1.198500 0.000000
vt -0.000000 -1.198500 0.000000
vt -0.200000 -1.198500 0.000000
vt 0.799100 0.898800 0.000000
vt 0.639100 1.018800 0.000000
vt -0.639100 -1.018800 0.000000
vt -0.799100 -0.898800 0.000000
vt 4.201500 -1.198500 0.000000
vt 4.400000 -1.198500 0.000000
vt 4.201500 1.198500 0.000000
vt 4.400000 1.198500 0.000000
vt 0.198500 1.198500 0.000000
vt -0.000000 1.198500 0.000000
vt 0.198500 -1.198500 0.000000
vt -0.000000 -1.198500 0.000000
vt 1.001500 2.001500 0.000000
vt 3.398500 2.001500 0.000000
vt 1.001500 2.200000 0.000000
vt 3.398500 2.200000 0.000000
vt -0.200000 -1.198500 0.000000
vt -0.000000 -1.198500 0.000000
vt -0.200000 1.198500 0.000000
vt 0.000000 1.198500 0.000000
vt -0.000000 0.400000 0.000000
vt -0.800000 0.400000 0.000000
vt 0.000000 0.000000 0.000000
vt -0.800000 0.000000 0.000000
vt -0.000000 0.400000 0.000000
vt -0.800000 0.400000 0.000000
vt -0.000000 0.000000 0.000000
vt -0.800000 0.000000 0.000000
vt 0.000000 0.400000 0.000000
vt -0.800000 0.400000 0.000000
vt -0.000000 0.000000 0.000000
vt -0.800000 0.000000 0.000000
vt -0.000000 0.400000 0.000000
vt -0.800000 0.400000 0.000000
vt -0.000000 0.000000 0.000000
vt -0.800000 0.000000 0.000000
vt 0.000000 0.400000 0.000000
vt -0.800000 0.400000 0.000000
vt 0.000000 0.000000 0.000000
vt -0.800000 -0.000000 0.000000
vt 0.000000 0.400000 0.000000
vt -0.800000 0.400000 0.000000
vt -0.000000 -0.000000 0.000000
vt -0.800000 -0.000000 0.000000
vt 0.440000 1.260000 0.000000
vt -4.990000 1.260000 0.000000
vt -1.340000 -1.113333 0.000000
vt -4.990000 -1.113333 0.000000
vt 0.799100 -0.898800 0.000000
vt -0.639100 1.018800 0.000000
vt 0.639100 -1.018800 0.000000
vt -0.799100 0.898800 0.000000
vt -2.692820 0.400000 0.000000
vt -4.001500 -1.198500 0.000000
vt -2.692820 -0.400000 0.000000
vt -3.198500 -2.001500 0.000000
vt -2.000000 -0.800000 0.000000
vt -0.801500 -2.001500 0.000000
vt -1.307180 -0.400000 0.000000
vt 0.001500 -1.198500 0.000000
vt -1.307180 0.400000 0.000000
vt 0.001500 1.198500 0.000000
vt -0.801500 2.001500 0.000000
vt 0.350000 2.200000 0.000000
vt -0.801500 2.200000 0.000000
vt -2.000000 0.800000 0.000000
vt -3.198500 2.001500 0.000000
vt -4.001500 1.198500 0.000000
vt -4.300000 -1.198500 0.000000
vt -4.300000 -2.200000 0.000000
vt -3.198500 -2.200000 0.000000
vt -0.801500 -2.200000 0.000000
vt 0.350000 -2.200000 0.000000
vt 0.350000 -1.198500 0.000000
vt 0.350000 1.198500 0.000000
vt -3.198500 2.200000 0.000000
vt -4.300000 2.200000 0.000000
vt -4.300000 1.198500 0.000000
vt 0.200000 1.198500 0.000000
vt 0.000000 1.198500 0.000000
vt 0.200000 -1.198500 0.000000
vt 0.000000 -1.198500 0.000000
vt 2.880000 2.200000 0.000000
vt -3.500000 2.200000 0.000000
vt 2.880000 1.198500 0.000000
vt -3.500000 -2.200000 0.000000
vt 2.880000 -1.198500 0.000000
vt 2.880000 -2.200000 0.000000
vt 2.980000 -1.198500 0.000000
vt 2.980000 1.198500 0.000000
vt 3.398500 -2.001500 0.000000
vt 1.001500 -2.001500 0.000000
vt 3.398500 -2.200000 0.000000
vt 1.001500 -2.200000 0.000000
vt 0.350000 -1.198500 0.000000
vt 0.001500 -1.198500 0.000000
vt 0.350000 -2.200000 0.000000
vt -0.801500 -2.001500 0.000000
vt -0.801500 -2.200000 0.000000
vt 0.001500 1.198500 0.000000
vt -1.307180 0.400000 0.000000
vt -1.307180 -0.400000 0.000000
vt -2.000000 -0.800000 0.000000
vt -3.198500 -2.001500 0.000000
vt -2.692820 -0.400000 0.000000
vt -4.001500 -1.198500 0.000000
vt -2.692820 0.400000 0.000000
vt -4.001500 1.198500 0.000000
vt -3.198500 2.001500 0.000000
vt -4.300000 2.200000 0.000000
vt -3.198500 2.200000 0.000000
vt 0.350000 1.198500 0.000000
vt 0.350000 2.200000 0.000000
vt -0.801500 2.001500 0.000000
vt -2.000000 0.800000 0.000000
vt -0.801500 2.200000 0.000000
vt -4.300000 1.198500 0.000000
vt -4.300000 -1.198500 0.000000
vt -4.300000 -2.200000 0.000000
vt -3.198500 -2.200000 0.000000
vt -2.266667 -2.200000 0.000000
vt -2.266667 -2.750000 0.000000
vt 0.398934 -2.573607 0.000000
vt 0.316235 -2.391685 0.000000
vt 0.813512 -2.750000 0.000000
vt 0.578730 -2.703159 0.000000
vt 1.390000 1.860000 0.000000
vt 0.170000 1.860000 0.000000
vt 0.729100 0.978800 0.000000
vt 0.170000 0.233333 0.000000
vt 0.889100 0.858800 0.000000
vt -0.549100 -1.058800 0.000000
vt -0.709100 -0.938800 0.000000
vt 1.400000 -1.860000 0.000000
vt 2.490000 -1.860000 0.000000
vt 0.709100 -0.938800 0.000000
vt 2.490000 1.860000 0.000000
vt -0.729100 0.978800 0.000000
vt -1.390000 1.860000 0.000000
vt -0.889100 0.858800 0.000000
vt 0.549100 -1.058800 0.000000
vt -0.198500 0.200000 0.000000
vt -0.198500 -0.000000 0.000000
vt -0.000000 0.200000 0.000000
vt 0.150000 -0.000000 0.000000
vt -0.001500 0.200000 0.000000
vt -0.200000 0.200000 0.000000
vt -0.001500 -0.000000 0.000000
vt -0.200000 -0.000000 0.000000
vt -0.001500 0.200000 0.000000
vt -0.200000 0.200000 0.000000
vt -0.001500 -0.000000 0.000000
vt -0.200000 -0.000000 0.000000
vt -0.198500 0.200000 0.000000
vt -0.198500 -0.000000 0.000000
vt -0.000000 0.200000 0.000000
vt 0.160000 0.080000 0.000000
vt 0.100000 -0.000000 0.000000
vt -0.000000 0.200000 0.000000
vt -0.198500 0.200000 0.000000
vt -0.000000 0.000000 0.000000
vt -0.198500 -0.000000 0.000000
vt -0.001500 0.200000 0.000000
vt -0.200000 0.200000 0.000000
vt -0.001500 -0.000000 0.000000
vt -0.360000 0.080000 0.000000
vt -0.300000 -0.000000 0.000000
vt -0.001500 0.200000 0.000000
vt -0.200000 0.200000 0.000000
vt -0.001500 -0.000000 0.000000
vt -0.350000 -0.000000 0.000000
vt -0.000000 0.200000 0.000000
vt -0.198500 0.200000 0.000000
vt -0.000000 -0.000000 0.000000
vt -0.198500 -0.000000 0.000000
vt -0.000000 1.198500 0.000000
vt -0.200000 1.198500 0.000000
vt -0.000000 -1.198500 0.000000
vt -0.200000 -1.198500 0.000000
vt 0.799100 0.898800 0.000000
vt 0.639100 1.018800 0.000000
vt -0.639100 -1.018800 0.000000
vt -0.799100 -0.898800 0.000000
vt 4.201500 -1.198500 0.000000
vt 4.400000 -1.198500 0.000000
vt 4.201500 1.198500 0.000000
vt 4.400000 1.198500 0.000000
vt 0.198500 1.198500 0.000000
vt -0.000000 1.198500 0.000000
vt 0.198500 -1.198500 0.000000
vt -0.000000 -1.198500 0.000000
vt 1.001500 2.001500 0.000000
vt 3.398500 2.001500 0.000000
vt 1.001500 2.200000 0.000000
vt 3.398500 2.200000 0.000000
vt -0.200000 -1.198500 0.000000
vt -0.000000 -1.198500 0.000000
vt -0.200000 1.198500 0.000000
vt 0.000000 1.198500 0.000000
vt -0.000000 0.400000 0.000000
vt -0.800000 0.400000 0.000000
vt 0.000000 0.000000 0.000000
vt -0.800000 0.000000 0.000000
vt -0.000000 0.400000 0.000000
vt -0.800000 0.400000 0.000000
vt -0.000000 0.000000 0.000000
vt -0.800000 0.000000 0.000000
vt 0.000000 0.400000 0.000000
vt -0.800000 0.400000 0.000000
vt 0.000000 -0.000000 0.000000
vt -0.800000 0.000000 0.000000
vt -0.000000 0.400000 0.000000
vt -0.800000 0.400000 0.000000
vt -0.000000 0.000000 0.000000
vt -0.800000 0.000000 0.000000
vt 0.000000 0.400000 0.000000
vt -0.800000 0.400000 0.000000
vt 0.000000 0.000000 0.000000
vt -0.800000 -0.000000 0.000000
vt 0.000000 0.400000 0.000000
vt -0.800000 0.400000 0.000000
vt -0.000000 -0.000000 0.000000
vt -0.800000 -0.000000 0.000000
vt -2.490000 -1.113333 0.000000
vt -1.340000 -1.113333 0.000000
vt -2.490000 1.260000 0.000000
vt 0.440000 1.260000 0.000000
vt 0.799100 -0.898800 0.000000
vt -0.639100 1.018800 0.000000
vt 0.639100 -1.018800 0.000000
vt -0.799100 0.898800 0.000000
vt 0.200000 1.198500 0.000000
vt 0.000000 1.198500 0.000000
vt 0.200000 -1.198500 0.000000
vt 0.000000 -1.198500 0.000000
vt 0.250000 -2.200000 0.000000
vt 1.340000 -2.200000 0.000000
vt 0.250000 -1.198500 0.000000
vt 0.250000 1.198500 0.000000
vt 0.000000 1.198500 0.000000
vt 1.340000 2.200000 0.000000
vt 0.250000 2.200000 0.000000
vt -0.000000 -1.198500 0.000000
vt 3.398500 -2.001500 0.000000
vt 1.001500 -2.001500 0.000000
vt 3.398500 -2.200000 0.000000
vt 1.001500 -2.200000 0.000000
vt 0.000000 0.400000 0.000000
vt 9.500000 0.400000 0.000000
vt 0.000000 1.160000 0.000000
vt 9.500000 1.160000 0.000000
vt 0.000000 0.400000 0.000000
vt 9.500000 0.400000 0.000000
vt 0.000000 1.160000 0.000000
vt 9.500000 1.160000 0.000000
vt -4.750000 0.400000 0.000000
vt 4.750000 0.400000 0.000000
vt -4.750000 1.160000 0.000000
vt 4.750000 1.160000 0.000000
vt 0.932500 1.250000 0.000000
vt -1.490000 1.250000 0.000000
vt 0.729100 0.978800 0.000000
vt -0.709100 -0.938800 0.000000
vt -0.549100 -1.058800 0.000000
vt -1.490000 -1.860000 0.000000
vt -1.400000 -1.860000 0.000000
vt 0.889100 0.858800 0.000000
vt 2.880000 2.200000 0.000000
vt 2.660000 2.200000 0.000000
vt 2.880000 1.198500 0.000000
vt 2.660000 -2.200000 0.000000
vt 2.880000 -1.198500 0.000000
vt 2.880000 -2.200000 0.000000
vt 2.980000 -1.198500 0.000000
vt 2.980000 1.198500 0.000000
vt -0.198500 0.200000 0.000000
vt -0.198500 -0.000000 0.000000
vt -0.000000 0.200000 0.000000
vt 0.150000 -0.000000 0.000000
vt -0.001500 0.200000 0.000000
vt -0.200000 0.200000 0.000000
vt -0.001500 -0.000000 0.000000
vt -0.200000 -0.000000 0.000000
vt -0.001500 0.200000 0.000000
vt -0.200000 0.200000 0.000000
vt -0.001500 -0.000000 0.000000
vt -0.200000 -0.000000 0.000000
vt -0.198500 0.200000 0.000000
vt -0.198500 -0.000000 0.000000
vt -0.000000 0.200000 0.000000
vt 0.160000 0.080000 0.000000
vt 0.100000 0.000000 0.000000
vt -0.000000 0.200000 0.000000
vt -0.198500 0.200000 0.000000
vt -0.000000 0.000000 0.000000
vt -0.198500 -0.000000 0.000000
vt -0.001500 0.200000 0.000000
vt -0.200000 0.200000 0.000000
vt -0.001500 -0.000000 0.000000
vt -0.360000 0.080000 0.000000
vt -0.300000 -0.000000 0.000000
vt -0.001500 0.200000 0.000000
vt -0.200000 0.200000 0.000000
vt -0.001500 -0.000000 0.000000
vt -0.350000 -0.000000 0.000000
vt -0.000000 0.200000 0.000000
vt -0.198500 0.200000 0.000000
vt -0.000000 -0.000000 0.000000
vt -0.198500 -0.000000 0.000000
vt -0.000000 1.198500 0.000000
vt -0.200000 1.198500 0.000000
vt -0.000000 -1.198500 0.000000
vt -0.200000 -1.198500 0.000000
vt 0.799100 0.898800 0.000000
vt 0.639100 1.018800 0.000000
vt -0.639100 -1.018800 0.000000
vt -0.799100 -0.898800 0.000000
vt 4.201500 -1.198500 0.000000
vt 4.400000 -1.198500 0.000000
vt 4.201500 1.198500 0.000000
vt 4.400000 1.198500 0.000000
vt 0.198500 1.198500 0.000000
vt -0.000000 1.198500 0.000000
vt 0.198500 -1.198500 0.000000
vt -0.000000 -1.198500 0.000000
vt 1.001500 2.001500 0.000000
vt 3.398500 2.001500 0.000000
vt 1.001500 2.200000 0.000000
vt 3.398500 2.200000 0.000000
vt -0.200000 -1.198500 0.000000
vt -0.000000 -1.198500 0.000000
vt -0.200000 1.198500 0.000000
vt 0.000000 1.198500 0.000000
vt -0.000000 0.400000 0.000000
vt -0.800000 0.400000 0.000000
vt 0.000000 0.000000 0.000000
vt -0.800000 0.000000 0.000000
vt -0.000000 0.400000 0.000000
vt -0.800000 0.400000 0.000000
vt -0.000000 0.000000 0.000000
vt -0.800000 0.000000 0.000000
vt 0.000000 0.400000 0.000000
vt -0.800000 0.400000 0.000000
vt 0.000000 -0.000000 0.000000
vt -0.800000 0.000000 0.000000
vt -0.000000 0.400000 0.000000
vt -0.800000 0.400000 0.000000
vt -0.000000 0.000000 0.000000
vt -0.800000 0.000000 0.000000
vt 0.000000 0.400000 0.000000
vt -0.800000 0.400000 0.000000
vt 0.000000 0.000000 0.000000
vt -0.800000 -0.000000 0.000000
vt 0.000000 0.400000 0.000000
vt -0.800000 0.400000 0.000000
vt -0.000000 -0.000000 0.000000
vt -0.800000 -0.000000 0.000000
vt 3.480970 1.676537 0.000000
vt 3.426777 1.741421 0.000000
vt 3.500000 1.600000 0.000000
vt 3.250000 1.800000 0.000000
vt 2.692820 0.400000 0.000000
vt 2.000000 0.800000 0.000000
vt 0.033333 1.800000 0.000000
vt 1.307180 0.400000 0.000000
vt 0.033333 -1.800000 0.000000
vt 1.307180 -0.400000 0.000000
vt 2.000000 -0.800000 0.000000
vt 3.250000 -1.800000 0.000000
vt 2.692820 -0.400000 0.000000
vt 3.500000 -1.600000 0.000000
vt 3.426777 -1.741421 0.000000
vt 3.480970 -1.676537 0.000000
vt 0.440000 1.260000 0.000000
vt -1.490000 1.260000 0.000000
vt -1.490000 -1.313333 0.000000
vt 0.799100 -0.898800 0.000000
vt -0.639100 1.018800 0.000000
vt 0.639100 -1.018800 0.000000
vt -0.799100 0.898800 0.000000
vt -2.692820 0.400000 0.000000
vt -4.001500 -1.198500 0.000000
vt -2.692820 -0.400000 0.000000
vt -3.198500 -2.001500 0.000000
vt -2.000000 -0.800000 0.000000
vt -0.801500 -2.001500 0.000000
vt -1.307180 -0.400000 0.000000
vt 0.001500 -1.198500 0.000000
vt -1.307180 0.400000 0.000000
vt 0.001500 1.198500 0.000000
vt -0.801500 2.001500 0.000000
vt 0.350000 2.200000 0.000000
vt -0.801500 2.200000 0.000000
vt -2.000000 0.800000 0.000000
vt -3.198500 2.001500 0.000000
vt -4.001500 1.198500 0.000000
vt -4.300000 -1.198500 0.000000
vt -4.300000 -2.200000 0.000000
vt -3.933333 -2.200000 0.000000
vt -3.758024 -2.241007 0.000000
vt -3.933333 -2.355619 0.000000
vt -3.537500 -2.200000 0.000000
vt -3.198500 -2.200000 0.000000
vt -0.801500 -2.200000 0.000000
vt 0.350000 -2.200000 0.000000
vt 0.350000 -1.198500 0.000000
vt 0.350000 1.198500 0.000000
vt -3.198500 2.200000 0.000000
vt -3.931576 2.200000 0.000000
vt -3.933333 2.200002 0.000000
vt -3.933333 2.200000 0.000000
vt -4.300000 2.200000 0.000000
vt -4.300000 1.198500 0.000000
vt 0.200000 1.198500 0.000000
vt -0.000000 1.198500 0.000000
vt 0.200000 -1.198500 0.000000
vt 0.000000 -1.198500 0.000000
vt 14.010000 2.400000 0.000000
vt 13.510000 1.750000 0.000000
vt 14.010000 -8.400000 0.000000
vt 13.510000 -7.750000 0.000000
vt 12.746667 -9.200000 0.000000
vt 11.946410 -8.450000 0.000000
vt 12.000000 -8.650000 0.000000
vt 12.746667 3.200000 0.000000
vt 14.063590 2.600000 0.000000
vt 14.210000 2.746410 0.000000
vt 14.410000 2.800000 0.000000
vt 15.120000 3.200000 0.000000
vt 15.720000 2.800000 0.000000
vt 15.220000 3.226795 0.000000
vt 15.293205 3.300000 0.000000
vt 15.320000 3.400000 0.000000
vt 15.320000 6.600000 0.000000
vt 15.720000 7.200000 0.000000
vt 15.293205 6.700000 0.000000
vt 15.220000 6.773205 0.000000
vt 15.120000 6.800000 0.000000
vt 12.746667 6.800000 0.000000
vt 12.000000 7.200000 0.000000
vt 12.646667 6.773205 0.000000
vt 12.573462 6.700000 0.000000
vt 12.546667 6.600000 0.000000
vt 12.546667 3.400000 0.000000
vt 12.000000 2.650000 0.000000
vt 12.573462 3.300000 0.000000
vt 12.646667 3.226795 0.000000
vt 11.946410 2.450000 0.000000
vt 11.800000 2.303590 0.000000
vt 11.600000 2.250000 0.000000
vt 10.120000 2.250000 0.000000
vt 4.010000 1.750000 0.000000
vt 5.629190 2.250000 0.000000
vt 3.703649 2.250000 0.000000
vt 9.920000 2.303590 0.000000
vt 5.871815 2.331986 0.000000
vt 9.773590 2.450000 0.000000
vt 6.746667 3.200000 0.000000
vt 9.120000 3.200000 0.000000
vt 9.720000 2.650000 0.000000
vt 9.220000 3.226795 0.000000
vt 9.293205 3.300000 0.000000
vt 9.320000 3.400000 0.000000
vt 9.720000 7.200000 0.000000
vt 9.320000 6.600000 0.000000
vt 9.293205 6.700000 0.000000
vt 9.220000 6.773205 0.000000
vt 9.120000 6.800000 0.000000
vt 6.746667 6.800000 0.000000
vt 6.000000 7.200000 0.000000
vt 6.646667 6.773205 0.000000
vt 6.573462 6.700000 0.000000
vt 6.546667 6.600000 0.000000
vt 6.000000 2.800000 0.000000
vt 6.546667 3.400000 0.000000
vt 6.573462 3.300000 0.000000
vt 6.646667 3.226795 0.000000
vt 6.014981 2.544335 0.000000
vt 3.656370 2.247196 0.000000
vt 3.609755 2.238824 0.000000
vt 3.564455 2.225000 0.000000
vt 3.519156 2.211176 0.000000
vt 3.293205 1.700000 0.000000
vt 3.320000 1.600000 0.000000
vt 3.320000 -1.600000 0.000000
vt 3.456410 -2.400000 0.000000
vt 3.293205 -1.700000 0.000000
vt 3.310000 -2.253590 0.000000
vt 3.220000 -1.773205 0.000000
vt 3.110000 -2.200000 0.000000
vt 3.120000 -1.800000 0.000000
vt 0.546667 -1.800000 0.000000
vt 3.472540 2.202804 0.000000
vt 3.425261 2.200000 0.000000
vt 3.220000 1.773205 0.000000
vt 3.120000 1.800000 0.000000
vt 0.546667 1.800000 0.000000
vt 0.000000 2.200000 0.000000
vt 0.000000 -2.200000 0.000000
vt 3.510000 -2.600000 0.000000
vt 4.010000 -7.750000 0.000000
vt 3.510000 -3.400000 0.000000
vt 3.456410 -3.600000 0.000000
vt 3.310000 -3.746410 0.000000
vt 3.293205 -4.300000 0.000000
vt 3.320000 -4.400000 0.000000
vt 3.320000 -7.600000 0.000000
vt 3.564455 -8.225000 0.000000
vt 3.293205 -7.700000 0.000000
vt 3.519156 -8.211176 0.000000
vt 3.472540 -8.202804 0.000000
vt 3.425261 -8.200000 0.000000
vt 3.220000 -7.773205 0.000000
vt 3.120000 -7.800000 0.000000
vt 3.220000 -4.226795 0.000000
vt 3.110000 -3.800000 0.000000
vt 3.120000 -4.200000 0.000000
vt 0.546667 -4.200000 0.000000
vt 0.000000 -3.800000 0.000000
vt 0.000000 -8.200000 0.000000
vt 0.546667 -7.800000 0.000000
vt 3.609755 -8.238824 0.000000
vt 3.656370 -8.247196 0.000000
vt 3.703649 -8.250000 0.000000
vt 5.629190 -8.250000 0.000000
vt 10.120000 -8.250000 0.000000
vt 11.600000 -8.250000 0.000000
vt 11.800000 -8.303590 0.000000
vt 9.920000 -8.303590 0.000000
vt 5.871815 -8.331986 0.000000
vt 9.773590 -8.450000 0.000000
vt 6.746667 -9.200000 0.000000
vt 9.120000 -9.200000 0.000000
vt 6.014981 -8.544335 0.000000
vt 6.646667 -9.226795 0.000000
vt 6.000000 -8.800000 0.000000
vt 6.573462 -9.300000 0.000000
vt 6.546667 -9.400000 0.000000
vt 6.000000 -13.200000 0.000000
vt 6.546667 -12.600000 0.000000
vt 6.573462 -12.700000 0.000000
vt 6.646667 -12.773205 0.000000
vt 6.746667 -12.800000 0.000000
vt 9.720000 -13.200000 0.000000
vt 9.120000 -12.800000 0.000000
vt 9.220000 -12.773205 0.000000
vt 9.293205 -12.700000 0.000000
vt 9.320000 -12.600000 0.000000
vt 9.320000 -9.400000 0.000000
vt 9.720000 -8.650000 0.000000
vt 9.293205 -9.300000 0.000000
vt 9.220000 -9.226795 0.000000
vt 12.000000 -13.200000 0.000000
vt 12.546667 -9.400000 0.000000
vt 12.573462 -9.300000 0.000000
vt 12.646667 -9.226795 0.000000
vt 15.720000 -13.200000 0.000000
vt 12.746667 -12.800000 0.000000
vt 12.646667 -12.773205 0.000000
vt 12.573462 -12.700000 0.000000
vt 15.720000 -8.800000 0.000000
vt 15.320000 -9.400000 0.000000
vt 15.320000 -12.600000 0.000000
vt 15.293205 -12.700000 0.000000
vt 14.410000 -8.800000 0.000000
vt 15.120000 -9.200000 0.000000
vt 15.220000 -9.226795 0.000000
vt 15.293205 -9.300000 0.000000
vt 14.210000 -8.746410 0.000000
vt 14.063590 -8.600000 0.000000
vt 15.220000 -12.773205 0.000000
vt 15.120000 -12.800000 0.000000
vt 12.546667 -12.600000 0.000000
vt 0.250000 -2.200000 0.000000
vt 0.340000 -2.200000 0.000000
vt 0.250000 -1.198500 0.000000
vt 0.250000 1.198500 0.000000
vt 0.000000 1.198500 0.000000
vt 0.340000 2.200000 0.000000
vt 0.250000 2.200000 0.000000
vt -0.000000 -1.198500 0.000000
vt 3.398500 -2.001500 0.000000
vt 1.001500 -2.001500 0.000000
vt 3.398500 -2.200000 0.000000
vt 1.001500 -2.200000 0.000000
vt 0.000000 0.235619 0.000000
vt -1.000000 0.235619 0.000000
vt 0.000000 0.078540 0.000000
vt -1.000000 0.078540 0.000000
vt 0.000000 -0.078540 0.000000
vt -1.000000 -0.078540 0.000000
vt -0.000000 -0.235619 0.000000
vt -1.000000 -0.235619 0.000000
vt -0.000000 0.100000 0.000000
vt -7.900000 0.100000 0.000000
vt -0.000000 0.000000 0.000000
vt -7.900000 0.000000 0.000000
vt -0.300000 1.000000 0.000000
vt -9.200000 1.000000 0.000000
vt -0.300000 0.000000 0.000000
vt -9.200000 0.000000 0.000000
vt 0.000000 -0.235619 0.000000
vt 1.000000 -0.235619 0.000000
vt -0.000000 -0.078540 0.000000
vt 1.000000 -0.078540 0.000000
vt -0.000000 0.078540 0.000000
vt 1.000000 0.078540 0.000000
vt -0.000000 0.235619 0.000000
vt 1.000000 0.235619 0.000000
vt 4.450000 1.000000 0.000000
vt -4.450000 1.000000 0.000000
vt 4.450000 0.000000 0.000000
vt -4.450000 0.000000 0.000000
vt 3.950000 0.100000 0.000000
vt -3.950000 0.100000 0.000000
vt 3.950000 0.000000 0.000000
vt -3.950000 0.000000 0.000000
vt 1.325000 1.325000 0.000000
vt -7.075000 2.125000 0.000000
vt -6.575000 1.325000 0.000000
vt -7.375000 1.825000 0.000000
vt -7.375000 -7.075000 0.000000
vt 1.325000 -6.575000 0.000000
vt 2.125000 -7.075000 0.000000
vt 2.125000 1.825000 0.000000
vt 1.825000 2.125000 0.000000
vt 2.084808 1.975000 0.000000
vt 1.975000 2.084808 0.000000
vt 1.825000 -7.375000 0.000000
vt -6.575000 -6.575000 0.000000
vt -7.075000 -7.375000 0.000000
vt -7.225000 -7.334808 0.000000
vt -7.334808 -7.225000 0.000000
vt -7.225000 2.084808 0.000000
vt -7.334808 1.975000 0.000000
vt 1.975000 -7.334808 0.000000
vt 2.084808 -7.225000 0.000000
vt 0.300000 0.000000 0.000000
vt 9.200000 0.000000 0.000000
vt 0.300000 1.000000 0.000000
vt 9.200000 1.000000 0.000000
vt 5.400000 2.660000 0.000000
vt -5.400000 2.660000 0.000000
vt 5.400000 0.000000 0.000000
vt -5.400000 -0.000000 0.000000
vn 0.070711 0.000000 -0.070711
vn 0.070711 0.000000 -0.070711
vn 0.070711 0.000000 -0.070711
vn 0.070711 0.000000 -0.070711
vn -0.100000 0.000000 0.000000
vn -0.099999 -0.000351 0.000000
vn -0.100000 0.000000 0.000000
vn -0.099299 -0.011820 0.000000
vn -0.099271 -0.012052 0.000000
vn -0.097206 -0.023474 0.000000
vn -0.097178 -0.023588 0.000000
vn -0.093750 -0.034799 0.000000
vn -0.093750 -0.034799 0.000000
vn -0.100000 0.000000 0.000000
vn -0.100000 0.000000 0.000000
vn -0.100000 0.000000 0.000000
vn -0.100000 0.000000 0.000000
vn -0.100000 0.000000 0.000000
vn -0.100000 0.000000 0.000000
vn -0.100000 0.000000 0.000000
vn -0.100000 0.000000 0.000000
vn -0.100000 0.000000 0.000000
vn -0.097206 -0.023474 0.000000
vn -0.097206 -0.023474 0.000000
vn -0.099299 -0.011820 0.000000
vn -0.099299 -0.011820 0.000000
vn -0.100000 -0.000000 0.000000
vn -0.100000 0.000000 -0.000000
vn 0.000000 -0.100000 0.000000
vn 0.038268 -0.092388 0.000000
vn -0.000000 -0.100000 0.000000
vn 0.050000 -0.086603 0.000000
vn 0.070711 -0.070711 0.000000
vn 0.086603 -0.050000 0.000000
vn 0.100000 -0.000000 0.000000
vn 0.100000 -0.000000 0.000000
vn 0.000000 -0.100000 0.000000
vn 0.000000 -0.100000 0.000000
vn -0.100000 -0.000000 0.000000
vn -0.100000 -0.000000 0.000000
vn -0.086603 -0.050000 0.000000
vn -0.070711 -0.070711 0.000000
vn -0.050000 -0.086603 0.000000
vn -0.038268 -0.092388 0.000000
vn -0.100000 0.000000 0.000000
vn -0.070711 -0.070711 0.000000
vn -0.086603 -0.050000 0.000000
vn -0.100000 -0.000000 0.000000
vn -0.086603 -0.050000 0.000000
vn -0.100000 0.000000 -0.000000
vn -0.086603 -0.050000 0.000000
vn -0.050000 -0.086603 0.000000
vn -0.050000 -0.086603 0.000000
vn 0.000000 -0.100000 0.000000
vn -0.050000 -0.086603 0.000000
vn -0.038268 -0.092388 0.000000
vn -0.000000 -0.100000 0.000000
vn 0.000000 0.060000 -0.080000
vn 0.000000 0.060000 -0.080000
vn 0.000000 0.060000 -0.080000
vn 0.000000 0.060000 -0.080000
vn 0.000000 0.060000 -0.080000
vn 0.000000 0.060000 -0.080000
vn 0.000000 0.060000 -0.080000
vn 0.000000 0.060000 -0.080000
vn 0.000000 0.060000 -0.080000
vn 0.000000 0.060000 -0.080000
vn 0.000000 0.060000 -0.080000
vn 0.000000 0.060000 -0.080000
vn 0.000000 0.060000 -0.080000
vn 0.000000 0.060000 -0.080000
vn 0.000000 0.060000 -0.080000
vn 0.000000 0.060000 -0.080000
vn 0.000000 0.060000 -0.080000
vn 0.000000 0.060000 -0.080000
vn 0.000000 0.060000 -0.080000
vn 0.000000 0.060000 -0.080000
vn 0.000000 0.060000 -0.080000
vn 0.000000 0.060000 -0.080000
vn 0.000000 -0.100000 0.000000
vn 0.000000 -0.100000 0.000000
vn 0.038268 -0.092388 0.000000
vn 0.050000 -0.086603 0.000000
vn 0.050000 -0.086603 0.000000
vn 0.050000 -0.086603 0.000000
vn 0.086603 -0.050000 0.000000
vn 0.086603 -0.050000 0.000000
vn 0.100000 0.000000 -0.000000
vn 0.100000 -0.000000 0.000000
vn 0.086603 -0.050000 0.000000
vn 0.070711 -0.070711 0.000000
vn 0.100000 0.000000 0.000000
vn 0.100000 0.000000 0.000000
vn 0.086603 0.050000 0.000000
vn 0.070711 0.070711 0.000000
vn 0.050000 0.086603 0.000000
vn 0.038268 0.092388 0.000000
vn -0.000000 0.100000 -0.000000
vn -0.000000 0.100000 -0.000000
vn 0.050000 0.086603 0.000000
vn 0.086603 0.050000 0.000000
vn 0.000000 0.100000 0.000000
vn 0.000000 0.100000 0.000000
vn -0.050000 0.086603 -0.000000
vn -0.038268 0.092388 -0.000000
vn -0.070711 0.070711 -0.000000
vn -0.086603 0.050000 -0.000000
vn -0.100000 0.000000 -0.000000
vn -0.100000 0.000000 -0.000000
vn -0.086603 0.050000 -0.000000
vn -0.050000 0.086603 -0.000000
vn -0.100000 0.000000 -0.000000
vn -0.100000 -0.000000 0.000000
vn -0.086603 -0.050000 0.000000
vn -0.070711 -0.070711 0.000000
vn -0.050000 -0.086603 0.000000
vn -0.038268 -0.092388 0.000000
vn 0.000000 -0.100000 0.000000
vn -0.000000 -0.100000 0.000000
vn -0.050000 -0.086603 0.000000
vn -0.086603 -0.050000 0.000000
vn -0.100000 0.000000 0.000000
vn -0.100000 0.000000 0.000000
vn -0.000000 0.100000 -0.000000
vn -0.038268 0.092388 -0.000000
vn -0.000000 0.100000 -0.000000
vn -0.050000 0.086603 -0.000000
vn -0.070711 0.070711 -0.000000
vn -0.086603 0.050000 -0.000000
vn 0.000000 0.100000 0.000000
vn 0.000000 0.100000 0.000000
vn 0.100000 0.000000 0.000000
vn 0.100000 0.000000 0.000000
vn 0.086603 0.050000 0.000000
vn 0.070711 0.070711 0.000000
vn 0.050000 0.086603 0.000000
vn 0.038268 0.092388 0.000000
vn 0.000000 0.060000 -0.080000
vn 0.000000 0.060000 -0.080000
vn 0.000000 0.060000 -0.080000
vn 0.000000 0.060000 -0.080000
vn 0.000000 0.060000 -0.080000
vn 0.000000 0.060000 -0.080000
vn 0.000000 0.060000 -0.080000
vn 0.000000 0.060000 -0.080000
vn 0.000000 0.060000 -0.080000
vn 0.000000 0.060000 -0.080000
vn 0.000000 0.060000 -0.080000
vn 0.000000 0.060000 -0.080000
vn 0.000000 0.060000 -0.080000
vn 0.000000 0.060000 -0.080000
vn 0.000000 0.060000 -0.080000
vn 0.000000 0.060000 -0.080000
vn 0.000000 0.060000 -0.080000
vn 0.000000 0.060000 -0.080000
vn 0.000000 0.060000 -0.080000
vn 0.000000 0.060000 -0.080000
vn 0.000000 0.060000 -0.080000
vn 0.000000 0.060000 -0.080000
vn -0.000000 -0.100000 0.000000
vn 0.000000 -0.100000 0.000000
vn 0.050000 -0.086603 0.000000
vn 0.038268 -0.092388 0.000000
vn 0.070711 -0.070711 0.000000
vn 0.086603 -0.050000 0.000000
vn 0.100000 -0.000000 0.000000
vn 0.100000 0.000000 -0.000000
vn 0.086603 -0.050000 0.000000
vn 0.050000 -0.086603 0.000000
vn 0.100000 0.000000 0.000000
vn 0.100000 0.000000 0.000000
vn 0.086603 0.050000 0.000000
vn 0.086603 0.050000 0.000000
vn 0.050000 0.086603 0.000000
vn 0.050000 0.086603 0.000000
vn -0.000000 0.100000 -0.000000
vn -0.000000 0.100000 -0.000000
vn 0.100000 0.000000 0.000000
vn 0.100000 0.000000 0.000000
vn 0.100000 0.000000 0.000000
vn 0.100000 0.000000 0.000000
vn 0.100000 0.000000 0.000000
vn 0.100000 0.000000 0.000000
vn 0.100000 0.000000 0.000000
vn 0.100000 0.000000 0.000000
vn -0.000000 -0.100000 0.000000
vn 0.021734 -0.097610 0.000000
vn 0.000000 -0.100000 0.000000
vn 0.050000 -0.086603 0.000000
vn 0.042429 -0.090553 0.000000
vn 0.061095 -0.079167 0.000000
vn 0.086603 -0.050000 0.000000
vn 0.089748 -0.044105 0.000000
vn 0.100000 0.000000 0.000000
vn 0.100000 0.000000 0.000000
vn 0.100000 0.000000 0.000000
vn 0.100000 0.000000 0.000000
vn 0.100000 0.000000 0.000000
vn -0.100000 0.000000 0.000000
vn -0.100000 0.000000 0.000000
vn -0.100000 0.000000 0.000000
vn -0.000000 0.100000 -0.000000
vn 0.000000 0.100000 -0.000000
vn -0.050000 0.086603 -0.000000
vn -0.050000 0.086603 -0.000000
vn -0.086603 0.050000 -0.000000
vn -0.086603 0.050000 -0.000000
vn -0.100000 0.000000 -0.000000
vn -0.100000 0.000000 -0.000000
vn 0.000000 0.100000 -0.000000
vn 0.000000 0.100000 -0.000000
vn 0.000000 0.100000 -0.000000
vn 0.000000 0.100000 -0.000000
vn 0.000000 0.100000 -0.000000
vn 0.000000 0.100000 -0.000000
vn 0.000000 0.100000 -0.000000
vn 0.000000 0.100000 -0.000000
vn -0.000000 -0.100000 0.000000
vn -0.000000 -0.100000 0.000000
vn -0.050000 -0.086603 0.000000
vn -0.050000 -0.086603 0.000000
vn -0.086603 -0.050000 0.000000
vn -0.086603 -0.050000 0.000000
vn -0.100000 -0.000000 0.000000
vn -0.100000 -0.000000 0.000000
vn 0.000000 -0.100000 0.000000
vn 0.000000 -0.100000 0.000000
vn 0.000000 -0.100000 0.000000
vn 0.000000 -0.100000 0.000000
vn 0.000000 -0.100000 0.000000
vn 0.000000 -0.100000 0.000000
vn 0.000000 -0.100000 0.000000
vn 0.000000 -0.100000 0.000000
vn -0.079504 -0.060656 0.000000
vn -0.088290 -0.046957 0.000000
vn -0.055902 -0.082916 0.000000
vn -0.026416 -0.096448 0.000000
vn -0.010421 -0.099456 0.000000
vn 0.037500 -0.092702 0.000000
vn 0.037500 -0.092702 0.000000
vn -0.100000 0.000000 0.000000
vn -0.100000 0.000000 0.000000
vn -0.100000 0.000000 0.000000
vn -0.100000 0.000000 0.000000
vn -0.100000 0.000000 0.000000
vn -0.100000 0.000000 0.000000
vn -0.100000 0.000000 0.000000
vn -0.100000 0.000000 0.000000
vn 0.100000 0.000000 0.000000
vn 0.100000 0.000000 0.000000
vn 0.100000 0.000000 0.000000
vn 0.100000 0.000000 0.000000
vn 0.000000 -0.080000 -0.060000
vn 0.000000 -0.080000 -0.060000
vn 0.000000 -0.080000 -0.060000
vn 0.000000 -0.080000 -0.060000
vn 0.000000 0.080000 0.060000
vn 0.000000 0.080000 0.060000
vn 0.000000 0.080000 0.060000
vn 0.000000 0.080000 0.060000
vn -0.100000 0.000000 0.000000
vn -0.100000 0.000000 0.000000
vn -0.100000 0.000000 0.000000
vn -0.100000 0.000000 0.000000
vn -0.100000 0.000000 0.000000
vn 0.000000 0.080000 0.060000
vn 0.000000 0.080000 0.060000
vn 0.000000 0.080000 0.060000
vn 0.000000 0.080000 0.060000
vn 0.100000 0.000000 0.000000
vn 0.100000 0.000000 0.000000
vn 0.100000 0.000000 0.000000
vn 0.100000 0.000000 0.000000
vn 0.100000 0.000000 0.000000
vn -0.100000 0.000000 0.000000
vn -0.100000 0.000000 0.000000
vn -0.100000 0.000000 0.000000
vn -0.100000 0.000000 0.000000
vn 0.000000 -0.080000 -0.060000
vn 0.000000 -0.080000 -0.060000
vn 0.000000 -0.080000 -0.060000
vn 0.000000 -0.080000 -0.060000
vn 0.000000 -0.080000 -0.060000
vn 0.000000 -0.080000 -0.060000
vn 0.000000 -0.080000 -0.060000
vn 0.000000 -0.080000 -0.060000
vn 0.100000 0.000000 0.000000
vn 0.100000 0.000000 0.000000
vn 0.100000 0.000000 0.000000
vn 0.100000 0.000000 0.000000
vn 0.000000 -0.060000 0.080000
vn 0.000000 -0.060000 0.080000
vn 0.000000 -0.060000 0.080000
vn 0.000000 -0.060000 0.080000
vn 0.000000 -0.060000 0.080000
vn 0.000000 -0.060000 0.080000
vn 0.000000 -0.060000 0.080000
vn 0.000000 -0.060000 0.080000
vn 0.000000 -0.060000 0.080000
vn 0.000000 -0.060000 0.080000
vn 0.000000 -0.060000 0.080000
vn 0.000000 -0.060000 0.080000
vn 0.000000 0.080000 0.060000
vn 0.000000 0.080000 0.060000
vn 0.000000 0.080000 0.060000
vn 0.000000 0.080000 0.060000
vn 0.000000 0.080000 0.060000
vn 0.000000 0.080000 0.060000
vn 0.000000 0.080000 0.060000
vn 0.000000 0.080000 0.060000
vn 0.086603 0.040000 0.030000
vn 0.086603 0.040000 0.030000
vn 0.086603 0.040000 0.030000
vn 0.086603 0.040000 0.030000
vn 0.086603 -0.040000 -0.030000
vn 0.086603 -0.040000 -0.030000
vn 0.086603 -0.040000 -0.030000
vn 0.086603 -0.040000 -0.030000
vn 0.000000 -0.080000 -0.060000
vn 0.000000 -0.080000 -0.060000
vn 0.000000 -0.080000 -0.060000
vn 0.000000 -0.080000 -0.060000
vn -0.086603 -0.040000 -0.030000
vn -0.086603 -0.040000 -0.030000
vn -0.086603 -0.040000 -0.030000
vn -0.086603 -0.040000 -0.030000
vn -0.086603 0.040000 0.030000
vn -0.086603 0.040000 0.030000
vn -0.086603 0.040000 0.030000
vn -0.086603 0.040000 0.030000
vn -0.100000 0.000000 0.000000
vn -0.100000 0.000000 0.000000
vn -0.100000 0.000000 0.000000
vn -0.100000 0.000000 0.000000
vn 0.000000 -0.060000 0.080000
vn 0.000000 -0.060000 0.080000
vn 0.000000 -0.060000 0.080000
vn 0.000000 -0.060000 0.080000
vn 0.000000 -0.060000 0.080000
vn 0.000000 -0.060000 0.080000
vn 0.000000 -0.060000 0.080000
vn 0.000000 -0.060000 0.080000
vn 0.000000 -0.060000 0.080000
vn 0.000000 -0.060000 0.080000
vn 0.000000 -0.060000 0.080000
vn 0.000000 -0.060000 0.080000
vn 0.000000 -0.060000 0.080000
vn 0.000000 -0.060000 0.080000
vn 0.000000 -0.060000 0.080000
vn 0.000000 -0.060000 0.080000
vn 0.000000 -0.060000 0.080000
vn 0.000000 -0.060000 0.080000
vn 0.000000 -0.060000 0.080000
vn 0.000000 -0.060000 0.080000
vn 0.000000 -0.060000 0.080000
vn 0.000000 -0.060000 0.080000
vn 0.000000 -0.060000 0.080000
vn 0.000000 -0.060000 0.080000
vn 0.000000 -0.060000 0.080000
vn 0.000000 -0.060000 0.080000
vn 0.000000 0.000000 0.100000
vn 0.000000 0.000000 0.100000
vn 0.000000 0.000000 0.100000
vn 0.000000 0.000000 0.100000
vn 0.000000 0.100000 -0.000000
vn 0.000000 0.100000 -0.000000
vn 0.000000 0.100000 -0.000000
vn 0.000000 0.100000 -0.000000
vn 0.000000 0.100000 -0.000000
vn 0.000000 0.100000 -0.000000
vn 0.000000 0.100000 -0.000000
vn 0.000000 0.100000 -0.000000
vn 0.000000 -0.060000 0.080000
vn 0.000000 -0.060000 0.080000
vn 0.000000 -0.060000 0.080000
vn 0.000000 -0.060000 0.080000
vn 0.000000 -0.060000 0.080000
vn 0.000000 -0.060000 0.080000
vn 0.000000 -0.060000 0.080000
vn 0.000000 -0.060000 0.080000
vn 0.000000 -0.060000 0.080000
vn 0.000000 -0.060000 0.080000
vn 0.000000 -0.060000 0.080000
vn 0.000000 -0.060000 0.080000
vn 0.000000 -0.060000 0.080000
vn 0.000000 -0.060000 0.080000
vn 0.000000 -0.060000 0.080000
vn 0.000000 -0.060000 0.080000
vn 0.000000 -0.060000 0.080000
vn 0.000000 -0.060000 0.080000
vn 0.000000 -0.060000 0.080000
vn 0.000000 -0.060000 0.080000
vn 0.000000 -0.060000 0.080000
vn 0.000000 -0.060000 0.080000
vn 0.000000 -0.060000 0.080000
vn 0.000000 -0.060000 0.080000
vn 0.000000 -0.060000 0.080000
vn 0.000000 -0.060000 0.080000
vn 0.000000 -0.060000 0.080000
vn 0.000000 -0.060000 0.080000
vn 0.000000 -0.060000 0.080000
vn 0.000000 -0.060000 0.080000
vn 0.000000 -0.060000 0.080000
vn 0.000000 -0.060000 0.080000
vn 0.000000 -0.060000 0.080000
vn 0.000000 -0.060000 0.080000
vn 0.000000 -0.060000 0.080000
vn 0.000000 -0.060000 0.080000
vn 0.100000 0.000000 0.000000
vn 0.100000 0.000000 0.000000
vn 0.100000 0.000000 0.000000
vn 0.100000 0.000000 0.000000
vn 0.100000 0.000000 0.000000
vn 0.100000 0.000000 0.000000
vn 0.100000 0.000000 0.000000
vn -0.100000 0.000000 0.000000
vn -0.100000 0.000000 0.000000
vn -0.100000 0.000000 0.000000
vn -0.100000 0.000000 0.000000
vn -0.100000 0.000000 0.000000
vn -0.100000 0.000000 0.000000
vn -0.100000 0.000000 0.000000
vn -0.100000 0.000000 0.000000
vn 0.100000 0.000000 0.000000
vn 0.100000 0.000000 0.000000
vn 0.100000 0.000000 0.000000
vn 0.100000 0.000000 0.000000
vn 0.000000 -0.080000 -0.060000
vn 0.000000 -0.080000 -0.060000
vn 0.000000 -0.080000 -0.060000
vn 0.000000 -0.080000 -0.060000
vn 0.000000 0.080000 0.060000
vn 0.000000 0.080000 0.060000
vn 0.000000 0.080000 0.060000
vn 0.000000 0.080000 0.060000
vn -0.100000 0.000000 0.000000
vn -0.100000 0.000000 0.000000
vn -0.100000 0.000000 0.000000
vn -0.100000 0.000000 0.000000
vn -0.100000 0.000000 0.000000
vn 0.000000 0.080000 0.060000
vn 0.000000 0.080000 0.060000
vn 0.000000 0.080000 0.060000
vn 0.000000 0.080000 0.060000
vn 0.100000 0.000000 0.000000
vn 0.100000 0.000000 0.000000
vn 0.100000 0.000000 0.000000
vn 0.100000 0.000000 0.000000
vn 0.100000 0.000000 0.000000
vn -0.100000 0.000000 0.000000
vn -0.100000 0.000000 0.000000
vn -0.100000 0.000000 0.000000
vn -0.100000 0.000000 0.000000
vn 0.000000 -0.080000 -0.060000
vn 0.000000 -0.080000 -0.060000
vn 0.000000 -0.080000 -0.060000
vn 0.000000 -0.080000 -0.060000
vn 0.000000 -0.080000 -0.060000
vn 0.000000 -0.080000 -0.060000
vn 0.000000 -0.080000 -0.060000
vn 0.000000 -0.080000 -0.060000
vn 0.100000 0.000000 0.000000
vn 0.100000 0.000000 0.000000
vn 0.100000 0.000000 0.000000
vn 0.100000 0.000000 0.000000
vn 0.000000 -0.060000 0.080000
vn 0.000000 -0.060000 0.080000
vn 0.000000 -0.060000 0.080000
vn 0.000000 -0.060000 0.080000
vn 0.000000 -0.060000 0.080000
vn 0.000000 -0.060000 0.080000
vn 0.000000 -0.060000 0.080000
vn 0.000000 -0.060000 0.080000
vn 0.000000 -0.060000 0.080000
vn 0.000000 -0.060000 0.080000
vn 0.000000 -0.060000 0.080000
vn 0.000000 -0.060000 0.080000
vn 0.000000 0.080000 0.060000
vn 0.000000 0.080000 0.060000
vn 0.000000 0.080000 0.060000
vn 0.000000 0.080000 0.060000
vn 0.000000 0.080000 0.060000
vn 0.000000 0.080000 0.060000
vn 0.000000 0.080000 0.060000
vn 0.000000 0.080000 0.060000
vn 0.086603 0.040000 0.030000
vn 0.086603 0.040000 0.030000
vn 0.086603 0.040000 0.030000
vn 0.086603 0.040000 0.030000
vn 0.086603 -0.040000 -0.030000
vn 0.086603 -0.040000 -0.030000
vn 0.086603 -0.040000 -0.030000
vn 0.086603 -0.040000 -0.030000
vn 0.000000 -0.080000 -0.060000
vn 0.000000 -0.080000 -0.060000
vn 0.000000 -0.080000 -0.060000
vn 0.000000 -0.080000 -0.060000
vn -0.086603 -0.040000 -0.030000
vn -0.086603 -0.040000 -0.030000
vn -0.086603 -0.040000 -0.030000
vn -0.086603 -0.040000 -0.030000
vn -0.086603 0.040000 0.030000
vn -0.086603 0.040000 0.030000
vn -0.086603 0.040000 0.030000
vn -0.086603 0.040000 0.030000
vn -0.100000 0.000000 0.000000
vn -0.100000 0.000000 0.000000
vn -0.100000 0.000000 0.000000
vn -0.100000 0.000000 0.000000
vn 0.000000 0.000000 0.100000
vn 0.000000 0.000000 0.100000
vn 0.000000 0.000000 0.100000
vn 0.000000 0.000000 0.100000
vn 0.000000 -0.100000 0.000000
vn 0.000000 -0.100000 0.000000
vn 0.000000 -0.100000 0.000000
vn 0.000000 -0.100000 0.000000
vn 0.000000 -0.100000 0.000000
vn 0.000000 -0.100000 0.000000
vn 0.000000 -0.100000 0.000000
vn 0.000000 -0.100000 0.000000
vn 0.000000 -0.060000 0.080000
vn 0.000000 -0.060000 0.080000
vn 0.000000 -0.060000 0.080000
vn 0.000000 -0.060000 0.080000
vn 0.100000 0.000000 0.000000
vn 0.100000 0.000000 0.000000
vn 0.100000 0.000000 0.000000
vn 0.100000 0.000000 0.000000
vn 0.100000 0.000000 0.000000
vn 0.100000 0.000000 0.000000
vn 0.100000 0.000000 0.000000
vn 0.100000 0.000000 0.000000
vn 0.100000 0.000000 0.000000
vn 0.100000 0.000000 0.000000
vn 0.000000 0.100000 -0.000000
vn 0.000000 0.100000 -0.000000
vn 0.000000 0.100000 -0.000000
vn 0.000000 0.100000 -0.000000
vn 0.000000 0.100000 -0.000000
vn 0.000000 0.100000 -0.000000
vn 0.000000 0.100000 -0.000000
vn 0.000000 0.100000 -0.000000
vn 0.100000 0.000000 0.000000
vn 0.100000 0.000000 0.000000
vn 0.100000 0.000000 0.000000
vn 0.100000 0.000000 0.000000
vn 0.000000 -0.080000 -0.060000
vn 0.000000 -0.080000 -0.060000
vn 0.000000 -0.080000 -0.060000
vn 0.000000 -0.080000 -0.060000
vn 0.000000 0.080000 0.060000
vn 0.000000 0.080000 0.060000
vn 0.000000 0.080000 0.060000
vn 0.000000 0.080000 0.060000
vn -0.100000 0.000000 0.000000
vn -0.100000 0.000000 0.000000
vn -0.100000 0.000000 0.000000
vn -0.100000 0.000000 0.000000
vn -0.100000 0.000000 0.000000
vn 0.000000 0.080000 0.060000
vn 0.000000 0.080000 0.060000
vn 0.000000 0.080000 0.060000
vn 0.000000 0.080000 0.060000
vn 0.100000 0.000000 0.000000
vn 0.100000 0.000000 0.000000
vn 0.100000 0.000000 0.000000
vn 0.100000 0.000000 0.000000
vn 0.100000 0.000000 0.000000
vn -0.100000 0.000000 0.000000
vn -0.100000 0.000000 0.000000
vn -0.100000 0.000000 0.000000
vn -0.100000 0.000000 0.000000
vn 0.000000 -0.080000 -0.060000
vn 0.000000 -0.080000 -0.060000
vn 0.000000 -0.080000 -0.060000
vn 0.000000 -0.080000 -0.060000
vn 0.000000 -0.080000 -0.060000
vn 0.000000 -0.080000 -0.060000
vn 0.000000 -0.080000 -0.060000
vn 0.000000 -0.080000 -0.060000
vn 0.100000 0.000000 0.000000
vn 0.100000 0.000000 0.000000
vn 0.100000 0.000000 0.000000
vn 0.100000 0.000000 0.000000
vn 0.000000 -0.060000 0.080000
vn 0.000000 -0.060000 0.080000
vn 0.000000 -0.060000 0.080000
vn 0.000000 -0.060000 0.080000
vn 0.000000 -0.060000 0.080000
vn 0.000000 -0.060000 0.080000
vn 0.000000 -0.060000 0.080000
vn 0.000000 -0.060000 0.080000
vn 0.000000 -0.060000 0.080000
vn 0.000000 -0.060000 0.080000
vn 0.000000 -0.060000 0.080000
vn 0.000000 -0.060000 0.080000
vn 0.000000 0.080000 0.060000
vn 0.000000 0.080000 0.060000
vn 0.000000 0.080000 0.060000
vn 0.000000 0.080000 0.060000
vn 0.000000 0.080000 0.060000
vn 0.000000 0.080000 0.060000
vn 0.000000 0.080000 0.060000
vn 0.000000 0.080000 0.060000
vn 0.086603 0.040000 0.030000
vn 0.086603 0.040000 0.030000
vn 0.086603 0.040000 0.030000
vn 0.086603 0.040000 0.030000
vn 0.086603 -0.040000 -0.030000
vn 0.086603 -0.040000 -0.030000
vn 0.086603 -0.040000 -0.030000
vn 0.086603 -0.040000 -0.030000
vn 0.000000 -0.080000 -0.060000
vn 0.000000 -0.080000 -0.060000
vn 0.000000 -0.080000 -0.060000
vn 0.000000 -0.080000 -0.060000
vn -0.086603 -0.040000 -0.030000
vn -0.086603 -0.040000 -0.030000
vn -0.086603 -0.040000 -0.030000
vn -0.086603 -0.040000 -0.030000
vn -0.086603 0.040000 0.030000
vn -0.086603 0.040000 0.030000
vn -0.086603 0.040000 0.030000
vn -0.086603 0.040000 0.030000
vn 0.000000 0.060000 -0.080000
vn 0.000000 0.060000 -0.080000
vn 0.000000 0.060000 -0.080000
vn 0.000000 0.060000 -0.080000
vn 0.000000 0.060000 -0.080000
vn 0.000000 0.060000 -0.080000
vn 0.000000 0.060000 -0.080000
vn 0.000000 0.060000 -0.080000
vn 0.000000 0.060000 -0.080000
vn 0.000000 0.060000 -0.080000
vn 0.000000 0.060000 -0.080000
vn 0.000000 0.060000 -0.080000
vn 0.000000 0.060000 -0.080000
vn 0.000000 0.060000 -0.080000
vn 0.000000 0.060000 -0.080000
vn 0.000000 0.060000 -0.080000
vn 0.100000 0.000000 0.000000
vn -0.100000 0.000000 0.000000
vn -0.100000 0.000000 0.000000
vn -0.100000 0.000000 0.000000
vn -0.100000 0.000000 0.000000
vn 0.000000 -0.060000 0.080000
vn 0.000000 -0.060000 0.080000
vn 0.000000 -0.060000 0.080000
vn 0.000000 -0.060000 0.080000
vn 0.000000 -0.060000 0.080000
vn 0.000000 -0.060000 0.080000
vn 0.000000 -0.060000 0.080000
vn 0.000000 -0.060000 0.080000
vn 0.000000 -0.060000 0.080000
vn 0.000000 -0.060000 0.080000
vn 0.000000 -0.060000 0.080000
vn 0.000000 -0.060000 0.080000
vn 0.000000 -0.060000 0.080000
vn 0.000000 -0.060000 0.080000
vn 0.000000 -0.060000 0.080000
vn 0.000000 -0.060000 0.080000
vn 0.000000 -0.060000 0.080000
vn 0.000000 -0.060000 0.080000
vn 0.000000 -0.060000 0.080000
vn 0.000000 -0.060000 0.080000
vn 0.000000 -0.060000 0.080000
vn 0.000000 -0.060000 0.080000
vn 0.000000 -0.060000 0.080000
vn 0.000000 -0.060000 0.080000
vn 0.000000 -0.060000 0.080000
vn 0.000000 -0.060000 0.080000
vn 0.000000 -0.060000 0.080000
vn 0.000000 -0.060000 0.080000
vn 0.000000 -0.060000 0.080000
vn 0.000000 -0.060000 0.080000
vn 0.000000 -0.060000 0.080000
vn 0.000000 -0.060000 0.080000
vn 0.000000 -0.060000 0.080000
vn 0.000000 0.000000 0.100000
vn 0.000000 0.000000 0.100000
vn 0.000000 0.000000 0.100000
vn 0.000000 0.000000 0.100000
vn 0.000000 -0.100000 0.000000
vn 0.000000 -0.100000 0.000000
vn 0.000000 -0.100000 0.000000
vn 0.000000 -0.100000 0.000000
vn 0.000000 -0.100000 0.000000
vn 0.000000 -0.100000 0.000000
vn 0.000000 -0.100000 0.000000
vn 0.000000 -0.100000 0.000000
vn 0.000000 -0.060000 0.080000
vn 0.000000 -0.060000 0.080000
vn 0.000000 -0.060000 0.080000
vn 0.000000 -0.060000 0.080000
vn 0.000000 0.100000 0.000000
vn 0.000000 0.100000 0.000000
vn 0.050000 0.086603 0.000000
vn 0.050000 0.086603 0.000000
vn 0.086603 0.050000 0.000000
vn 0.086603 0.050000 0.000000
vn 0.100000 -0.000000 0.000000
vn 0.100000 -0.000000 0.000000
vn 0.100000 0.000000 0.000000
vn 0.100000 0.000000 0.000000
vn 0.086603 -0.050000 0.000000
vn 0.086603 -0.050000 0.000000
vn 0.050000 -0.086603 0.000000
vn 0.050000 -0.086603 0.000000
vn 0.000000 -0.100000 0.000000
vn 0.000000 -0.100000 0.000000
vn 0.100000 0.000000 0.000000
vn 0.100000 0.000000 0.000000
vn 0.100000 0.000000 0.000000
vn 0.100000 0.000000 0.000000
vn 0.000000 -0.070711 -0.070711
vn 0.000000 -0.070711 -0.070711
vn 0.000000 -0.070711 -0.070711
vn 0.000000 -0.070711 -0.070711
vn -0.070711 0.000000 -0.070711
vn -0.070711 0.000000 -0.070711
vn -0.070711 0.000000 -0.070711
vn -0.070711 0.000000 -0.070711
vn 0.000000 0.070711 -0.070711
vn 0.000000 0.070711 -0.070711
vn 0.000000 0.070711 -0.070711
vn 0.000000 0.070711 -0.070711
vn 0.000000 -0.100000 0.000000
vn 0.000000 -0.100000 0.000000
vn 0.000000 -0.100000 0.000000
vn 0.000000 -0.100000 0.000000
vn 0.100000 0.000000 0.000000
vn 0.100000 0.000000 0.000000
vn 0.099999 -0.000351 0.000000
vn 0.099299 -0.011820 0.000000
vn 0.099271 -0.012052 0.000000
vn 0.097206 -0.023474 0.000000
vn 0.097178 -0.023588 0.000000
vn 0.093750 -0.034799 0.000000
vn 0.093750 -0.034799 0.000000
vn 0.100000 0.000000 0.000000
vn 0.100000 0.000000 0.000000
vn 0.100000 0.000000 0.000000
vn 0.100000 0.000000 0.000000
vn 0.100000 0.000000 0.000000
vn 0.100000 0.000000 0.000000
vn 0.100000 0.000000 0.000000
vn 0.100000 0.000000 0.000000
vn 0.100000 0.000000 0.000000
vn 0.097206 -0.023474 0.000000
vn 0.097206 -0.023474 0.000000
vn 0.099299 -0.011820 0.000000
vn 0.099299 -0.011820 0.000000
vn 0.100000 0.000000 0.000000
vn 0.100000 -0.000000 0.000000
vn -0.100000 -0.000000 0.000000
vn -0.100000 -0.000000 0.000000
vn -0.086603 -0.050000 0.000000
vn -0.070711 -0.070711 0.000000
vn -0.050000 -0.086603 0.000000
vn -0.038268 -0.092388 0.000000
vn 0.000000 -0.100000 0.000000
vn -0.000000 -0.100000 0.000000
vn 0.000000 -0.100000 0.000000
vn 0.000000 -0.100000 0.000000
vn 0.038268 -0.092388 0.000000
vn 0.050000 -0.086603 0.000000
vn 0.070711 -0.070711 0.000000
vn 0.086603 -0.050000 0.000000
vn 0.100000 -0.000000 0.000000
vn 0.100000 -0.000000 0.000000
vn 0.100000 0.000000 0.000000
vn 0.038268 -0.092388 0.000000
vn 0.050000 -0.086603 0.000000
vn 0.000000 -0.100000 0.000000
vn 0.050000 -0.086603 0.000000
vn -0.000000 -0.100000 0.000000
vn 0.050000 -0.086603 0.000000
vn 0.086603 -0.050000 0.000000
vn 0.086603 -0.050000 0.000000
vn 0.100000 0.000000 -0.000000
vn 0.100000 -0.000000 0.000000
vn 0.086603 -0.050000 0.000000
vn 0.070711 -0.070711 0.000000
vn 0.000000 0.060000 -0.080000
vn 0.000000 0.060000 -0.080000
vn 0.000000 0.060000 -0.080000
vn 0.000000 0.060000 -0.080000
vn 0.000000 0.060000 -0.080000
vn 0.000000 0.060000 -0.080000
vn 0.000000 0.060000 -0.080000
vn 0.000000 0.060000 -0.080000
vn 0.000000 0.060000 -0.080000
vn 0.000000 0.060000 -0.080000
vn 0.000000 0.060000 -0.080000
vn 0.000000 0.060000 -0.080000
vn 0.000000 0.060000 -0.080000
vn 0.000000 0.060000 -0.080000
vn 0.000000 0.060000 -0.080000
vn 0.000000 0.060000 -0.080000
vn 0.000000 0.060000 -0.080000
vn 0.000000 0.060000 -0.080000
vn 0.000000 0.060000 -0.080000
vn 0.000000 0.060000 -0.080000
vn 0.000000 0.060000 -0.080000
vn 0.000000 0.060000 -0.080000
vn 0.000000 -0.100000 0.000000
vn 0.000000 -0.100000 0.000000
vn -0.070711 -0.070711 0.000000
vn -0.086603 -0.050000 0.000000
vn -0.100000 -0.000000 0.000000
vn -0.086603 -0.050000 0.000000
vn -0.100000 0.000000 -0.000000
vn -0.086603 -0.050000 0.000000
vn -0.050000 -0.086603 0.000000
vn -0.050000 -0.086603 0.000000
vn -0.050000 -0.086603 0.000000
vn -0.038268 -0.092388 0.000000
vn 0.000000 0.100000 0.000000
vn 0.000000 0.100000 0.000000
vn -0.050000 0.086603 0.000000
vn -0.038268 0.092388 0.000000
vn -0.070711 0.070711 0.000000
vn -0.086603 0.050000 0.000000
vn -0.100000 0.000000 0.000000
vn -0.100000 0.000000 0.000000
vn -0.086603 0.050000 0.000000
vn -0.050000 0.086603 0.000000
vn 0.000000 0.100000 0.000000
vn 0.000000 0.100000 0.000000
vn 0.100000 -0.000000 0.000000
vn 0.100000 -0.000000 0.000000
vn 0.086603 0.050000 0.000000
vn 0.070711 0.070711 0.000000
vn 0.050000 0.086603 0.000000
vn 0.038268 0.092388 0.000000
vn 0.050000 0.086603 0.000000
vn 0.086603 0.050000 0.000000
vn -0.000000 -0.100000 0.000000
vn 0.000000 -0.100000 0.000000
vn 0.050000 -0.086603 0.000000
vn 0.038268 -0.092388 0.000000
vn 0.070711 -0.070711 0.000000
vn 0.086603 -0.050000 0.000000
vn 0.100000 -0.000000 0.000000
vn 0.100000 0.000000 -0.000000
vn 0.086603 -0.050000 0.000000
vn 0.050000 -0.086603 0.000000
vn 0.100000 0.000000 0.000000
vn 0.100000 0.000000 0.000000
vn 0.086603 0.050000 0.000000
vn 0.070711 0.070711 0.000000
vn 0.050000 0.086603 0.000000
vn 0.038268 0.092388 0.000000
vn 0.000000 0.100000 0.000000
vn 0.000000 0.100000 0.000000
vn 0.000000 0.100000 0.000000
vn 0.000000 0.100000 0.000000
vn -0.038268 0.092388 0.000000
vn -0.050000 0.086603 0.000000
vn -0.070711 0.070711 0.000000
vn -0.086603 0.050000 0.000000
vn -0.100000 0.000000 0.000000
vn -0.100000 0.000000 0.000000
vn 0.000000 0.060000 -0.080000
vn 0.000000 0.060000 -0.080000
vn 0.000000 0.060000 -0.080000
vn 0.000000 0.060000 -0.080000
vn 0.000000 0.060000 -0.080000
vn 0.000000 0.060000 -0.080000
vn 0.000000 0.060000 -0.080000
vn 0.000000 0.060000 -0.080000
vn 0.000000 0.060000 -0.080000
vn 0.000000 0.060000 -0.080000
vn 0.000000 0.060000 -0.080000
vn 0.000000 0.060000 -0.080000
vn 0.000000 0.060000 -0.080000
vn 0.000000 0.060000 -0.080000
vn 0.000000 0.060000 -0.080000
vn 0.000000 0.060000 -0.080000
vn 0.000000 0.060000 -0.080000
vn 0.000000 0.060000 -0.080000
vn 0.000000 0.060000 -0.080000
vn 0.000000 0.060000 -0.080000
vn 0.000000 0.060000 -0.080000
vn 0.000000 0.060000 -0.080000
vn -0.100000 0.000000 -0.000000
vn -0.100000 -0.000000 0.000000
vn -0.086603 -0.050000 0.000000
vn -0.070711 -0.070711 0.000000
vn -0.050000 -0.086603 0.000000
vn -0.038268 -0.092388 0.000000
vn 0.000000 -0.100000 0.000000
vn -0.000000 -0.100000 0.000000
vn -0.050000 -0.086603 0.000000
vn -0.086603 -0.050000 0.000000
vn 0.000000 0.100000 0.000000
vn 0.000000 0.100000 0.000000
vn -0.050000 0.086603 -0.000000
vn -0.050000 0.086603 -0.000000
vn -0.086603 0.050000 -0.000000
vn -0.086603 0.050000 -0.000000
vn -0.100000 0.000000 0.000000
vn -0.100000 0.000000 0.000000
vn -0.100000 0.000000 0.000000
vn -0.100000 0.000000 0.000000
vn -0.100000 0.000000 0.000000
vn -0.100000 0.000000 0.000000
vn -0.100000 0.000000 0.000000
vn -0.100000 0.000000 0.000000
vn -0.100000 0.000000 0.000000
vn -0.100000 0.000000 0.000000
vn -0.042429 -0.090553 0.000000
vn -0.050000 -0.086603 0.000000
vn -0.061095 -0.079167 0.000000
vn -0.086603 -0.050000 0.000000
vn -0.089748 -0.044105 0.000000
vn -0.100000 0.000000 0.000000
vn -0.100000 0.000000 0.000000
vn -0.021734 -0.097610 0.000000
vn -0.000000 -0.100000 0.000000
vn 0.000000 -0.100000 0.000000
vn -0.100000 0.000000 0.000000
vn -0.100000 0.000000 0.000000
vn -0.100000 0.000000 0.000000
vn 0.000000 -0.000000 0.100000
vn 0.000000 -0.000000 0.100000
vn 0.000000 -0.000000 0.100000
vn 0.000000 -0.000000 0.100000
vn 0.000000 -0.000000 0.100000
vn 0.000000 -0.000000 0.100000
vn 0.000000 -0.000000 0.100000
vn 0.000000 -0.000000 0.100000
vn 0.000000 -0.000000 0.100000
vn 0.000000 -0.000000 0.100000
vn 0.000000 -0.000000 0.100000
vn 0.000000 -0.000000 0.100000
vn 0.000000 -0.000000 0.100000
vn 0.000000 -0.000000 0.100000
vn 0.000000 -0.000000 0.100000
vn 0.000000 -0.000000 0.100000
vn 0.000000 -0.000000 0.100000
vn 0.000000 -0.000000 0.100000
vn 0.000000 -0.000000 0.100000
vn 0.000000 -0.000000 0.100000
vn 0.000000 -0.000000 0.100000
vn 0.000000 -0.000000 0.100000
vn 0.000000 -0.000000 0.100000
vn 0.000000 -0.000000 0.100000
vn 0.000000 -0.000000 0.100000
vn 0.000000 -0.000000 0.100000
vn 0.000000 -0.000000 0.100000
vn 0.000000 -0.000000 0.100000
vn 0.000000 -0.000000 0.100000
vn 0.000000 -0.000000 0.100000
vn 0.000000 -0.000000 0.100000
vn 0.000000 -0.000000 0.100000
vn 0.000000 -0.000000 0.100000
vn 0.000000 -0.000000 0.100000
vn 0.000000 -0.000000 0.100000
vn 0.000000 -0.000000 0.100000
vn 0.000000 -0.000000 0.100000
vn 0.000000 -0.000000 0.100000
vn 0.000000 -0.000000 0.100000
vn 0.000000 -0.000000 0.100000
vn 0.000000 -0.000000 0.100000
vn 0.000000 -0.000000 0.100000
vn 0.000000 -0.000000 0.100000
vn 0.000000 -0.000000 0.100000
vn 0.000000 -0.000000 0.100000
vn 0.000000 -0.000000 0.100000
vn 0.000000 -0.000000 0.100000
vn 0.000000 -0.000000 0.100000
vn 0.000000 -0.000000 0.100000
vn 0.000000 -0.000000 0.100000
vn 0.000000 -0.000000 0.100000
vn 0.000000 -0.000000 0.100000
vn 0.000000 -0.000000 0.100000
vn 0.000000 -0.000000 0.100000
vn 0.000000 -0.000000 0.100000
vn 0.000000 -0.000000 0.100000
vn 0.000000 -0.000000 0.100000
vn 0.000000 -0.000000 0.100000
vn 0.000000 -0.000000 0.100000
vn 0.000000 -0.000000 0.100000
vn 0.000000 -0.000000 0.100000
vn 0.000000 -0.000000 0.100000
vn 0.000000 -0.000000 0.100000
vn 0.000000 -0.000000 0.100000
vn 0.000000 -0.000000 0.100000
vn 0.000000 -0.000000 0.100000
vn 0.000000 -0.000000 0.100000
vn 0.000000 -0.000000 0.100000
vn 0.000000 -0.000000 0.100000
vn 0.000000 -0.000000 0.100000
vn 0.000000 -0.000000 0.100000
vn 0.000000 -0.000000 0.100000
vn 0.000000 -0.000000 0.100000
vn 0.000000 -0.000000 0.100000
vn 0.000000 -0.000000 0.100000
vn 0.000000 -0.000000 0.100000
vn 0.000000 -0.000000 0.100000
vn 0.000000 -0.000000 0.100000
vn 0.100000 0.000000 0.000000
vn 0.100000 0.000000 0.000000
vn 0.100000 0.000000 0.000000
vn 0.100000 0.000000 -0.000000
vn 0.100000 0.000000 -0.000000
vn 0.086603 0.050000 -0.000000
vn 0.086603 0.050000 -0.000000
vn 0.050000 0.086603 -0.000000
vn 0.050000 0.086603 -0.000000
vn 0.000000 0.100000 -0.000000
vn -0.000000 0.100000 -0.000000
vn 0.000000 0.100000 -0.000000
vn 0.000000 0.100000 -0.000000
vn 0.000000 0.100000 -0.000000
vn 0.000000 0.100000 -0.000000
vn 0.000000 0.100000 -0.000000
vn 0.000000 0.100000 -0.000000
vn 0.000000 0.100000 -0.000000
vn 0.000000 0.100000 -0.000000
vn 0.100000 -0.000000 0.000000
vn 0.100000 -0.000000 0.000000
vn 0.086603 -0.050000 0.000000
vn 0.086603 -0.050000 0.000000
vn 0.050000 -0.086603 0.000000
vn 0.050000 -0.086603 0.000000
vn 0.000000 -0.100000 0.000000
vn 0.000000 -0.100000 0.000000
vn 0.000000 -0.100000 0.000000
vn 0.000000 -0.100000 0.000000
vn 0.000000 -0.100000 0.000000
vn 0.000000 -0.100000 0.000000
vn 0.000000 -0.100000 0.000000
vn 0.000000 -0.100000 0.000000
vn 0.000000 -0.100000 0.000000
vn 0.000000 -0.100000 0.000000
vn -0.037500 -0.092702 0.000000
vn 0.010421 -0.099456 0.000000
vn -0.037500 -0.092702 0.000000
vn 0.026416 -0.096448 0.000000
vn 0.055902 -0.082916 0.000000
vn 0.079504 -0.060656 0.000000
vn 0.088290 -0.046957 0.000000
vn 0.100000 0.000000 0.000000
vn 0.100000 0.000000 0.000000
vn 0.100000 0.000000 0.000000
vn 0.100000 0.000000 0.000000
vn 0.100000 0.000000 0.000000
vn 0.100000 0.000000 0.000000
vn 0.100000 0.000000 0.000000
vn 0.100000 0.000000 0.000000
vn -0.100000 0.000000 0.000000
vn -0.100000 0.000000 0.000000
vn -0.100000 0.000000 0.000000
vn -0.100000 0.000000 0.000000
vn 0.000000 -0.080000 -0.060000
vn 0.000000 -0.080000 -0.060000
vn 0.000000 -0.080000 -0.060000
vn 0.000000 -0.080000 -0.060000
vn 0.000000 0.080000 0.060000
vn 0.000000 0.080000 0.060000
vn 0.000000 0.080000 0.060000
vn 0.000000 0.080000 0.060000
vn 0.100000 0.000000 0.000000
vn 0.100000 0.000000 0.000000
vn 0.100000 0.000000 0.000000
vn 0.100000 0.000000 0.000000
vn 0.100000 0.000000 0.000000
vn 0.000000 0.080000 0.060000
vn 0.000000 0.080000 0.060000
vn 0.000000 0.080000 0.060000
vn 0.000000 0.080000 0.060000
vn -0.100000 0.000000 0.000000
vn -0.100000 0.000000 0.000000
vn -0.100000 0.000000 0.000000
vn -0.100000 0.000000 0.000000
vn -0.100000 0.000000 0.000000
vn 0.100000 0.000000 0.000000
vn 0.100000 0.000000 0.000000
vn 0.100000 0.000000 0.000000
vn 0.100000 0.000000 0.000000
vn 0.000000 -0.080000 -0.060000
vn 0.000000 -0.080000 -0.060000
vn 0.000000 -0.080000 -0.060000
vn 0.000000 -0.080000 -0.060000
vn 0.000000 -0.080000 -0.060000
vn 0.000000 -0.080000 -0.060000
vn 0.000000 -0.080000 -0.060000
vn 0.000000 -0.080000 -0.060000
vn -0.100000 0.000000 0.000000
vn -0.100000 0.000000 0.000000
vn -0.100000 0.000000 0.000000
vn -0.100000 0.000000 0.000000
vn 0.000000 -0.060000 0.080000
vn 0.000000 -0.060000 0.080000
vn 0.000000 -0.060000 0.080000
vn 0.000000 -0.060000 0.080000
vn 0.000000 -0.060000 0.080000
vn 0.000000 -0.060000 0.080000
vn 0.000000 -0.060000 0.080000
vn 0.000000 -0.060000 0.080000
vn 0.000000 -0.060000 0.080000
vn 0.000000 -0.060000 0.080000
vn 0.000000 -0.060000 0.080000
vn 0.000000 -0.060000 0.080000
vn 0.000000 0.080000 0.060000
vn 0.000000 0.080000 0.060000
vn 0.000000 0.080000 0.060000
vn 0.000000 0.080000 0.060000
vn 0.000000 0.080000 0.060000
vn 0.000000 0.080000 0.060000
vn 0.000000 0.080000 0.060000
vn 0.000000 0.080000 0.060000
vn -0.086603 0.040000 0.030000
vn -0.086603 0.040000 0.030000
vn -0.086603 0.040000 0.030000
vn -0.086603 0.040000 0.030000
vn -0.086603 -0.040000 -0.030000
vn -0.086603 -0.040000 -0.030000
vn -0.086603 -0.040000 -0.030000
vn -0.086603 -0.040000 -0.030000
vn 0.000000 -0.080000 -0.060000
vn 0.000000 -0.080000 -0.060000
vn 0.000000 -0.080000 -0.060000
vn 0.000000 -0.080000 -0.060000
vn 0.086603 -0.040000 -0.030000
vn 0.086603 -0.040000 -0.030000
vn 0.086603 -0.040000 -0.030000
vn 0.086603 -0.040000 -0.030000
vn 0.086603 0.040000 0.030000
vn 0.086603 0.040000 0.030000
vn 0.086603 0.040000 0.030000
vn 0.086603 0.040000 0.030000
vn 0.100000 0.000000 0.000000
vn 0.100000 0.000000 0.000000
vn 0.100000 0.000000 0.000000
vn 0.100000 0.000000 0.000000
vn 0.000000 -0.060000 0.080000
vn 0.000000 -0.060000 0.080000
vn 0.000000 -0.060000 0.080000
vn 0.000000 -0.060000 0.080000
vn 0.000000 -0.060000 0.080000
vn 0.000000 -0.060000 0.080000
vn 0.000000 -0.060000 0.080000
vn 0.000000 -0.060000 0.080000
vn 0.000000 -0.060000 0.080000
vn 0.000000 -0.060000 0.080000
vn 0.000000 -0.060000 0.080000
vn 0.000000 -0.060000 0.080000
vn 0.000000 -0.060000 0.080000
vn 0.000000 -0.060000 0.080000
vn 0.000000 -0.060000 0.080000
vn 0.000000 -0.060000 0.080000
vn 0.000000 -0.060000 0.080000
vn 0.000000 -0.060000 0.080000
vn 0.000000 -0.060000 0.080000
vn 0.000000 -0.060000 0.080000
vn 0.000000 -0.060000 0.080000
vn 0.000000 -0.060000 0.080000
vn 0.000000 -0.060000 0.080000
vn 0.000000 -0.060000 0.080000
vn 0.000000 -0.060000 0.080000
vn 0.000000 -0.060000 0.080000
vn 0.000000 0.000000 0.100000
vn 0.000000 0.000000 0.100000
vn 0.000000 0.000000 0.100000
vn 0.000000 0.000000 0.100000
vn 0.000000 0.100000 -0.000000
vn 0.000000 0.100000 -0.000000
vn 0.000000 0.100000 -0.000000
vn 0.000000 0.100000 -0.000000
vn 0.000000 0.100000 -0.000000
vn 0.000000 0.100000 -0.000000
vn 0.000000 0.100000 -0.000000
vn 0.000000 0.100000 -0.000000
vn 0.000000 -0.060000 0.080000
vn 0.000000 -0.060000 0.080000
vn 0.000000 -0.060000 0.080000
vn 0.000000 -0.060000 0.080000
vn 0.000000 -0.060000 0.080000
vn 0.000000 -0.060000 0.080000
vn 0.000000 -0.060000 0.080000
vn 0.000000 -0.060000 0.080000
vn 0.000000 -0.060000 0.080000
vn 0.000000 -0.060000 0.080000
vn 0.000000 -0.060000 0.080000
vn 0.000000 -0.060000 0.080000
vn 0.000000 -0.060000 0.080000
vn 0.000000 -0.060000 0.080000
vn 0.000000 -0.060000 0.080000
vn 0.000000 -0.060000 0.080000
vn 0.000000 -0.060000 0.080000
vn 0.000000 -0.060000 0.080000
vn 0.000000 -0.060000 0.080000
vn 0.000000 -0.060000 0.080000
vn 0.000000 -0.060000 0.080000
vn 0.000000 -0.060000 0.080000
vn 0.000000 -0.060000 0.080000
vn 0.000000 -0.060000 0.080000
vn 0.000000 -0.060000 0.080000
vn 0.000000 -0.060000 0.080000
vn 0.000000 -0.060000 0.080000
vn 0.000000 -0.060000 0.080000
vn 0.000000 -0.060000 0.080000
vn 0.000000 -0.060000 0.080000
vn 0.000000 -0.060000 0.080000
vn 0.000000 -0.060000 0.080000
vn 0.000000 -0.060000 0.080000
vn 0.000000 -0.060000 0.080000
vn 0.000000 -0.060000 0.080000
vn 0.000000 -0.060000 0.080000
vn -0.100000 0.000000 0.000000
vn -0.100000 0.000000 0.000000
vn -0.100000 0.000000 0.000000
vn -0.100000 0.000000 0.000000
vn -0.100000 0.000000 0.000000
vn -0.100000 0.000000 0.000000
vn -0.100000 0.000000 0.000000
vn 0.100000 0.000000 0.000000
vn 0.100000 0.000000 0.000000
vn 0.100000 0.000000 0.000000
vn 0.100000 0.000000 0.000000
vn 0.100000 0.000000 0.000000
vn 0.100000 0.000000 0.000000
vn 0.100000 0.000000 0.000000
vn 0.100000 0.000000 0.000000
vn -0.100000 0.000000 0.000000
vn -0.100000 0.000000 0.000000
vn -0.100000 0.000000 0.000000
vn -0.100000 0.000000 0.000000
vn 0.000000 -0.080000 -0.060000
vn 0.000000 -0.080000 -0.060000
vn 0.000000 -0.080000 -0.060000
vn 0.000000 -0.080000 -0.060000
vn 0.000000 0.080000 0.060000
vn 0.000000 0.080000 0.060000
vn 0.000000 0.080000 0.060000
vn 0.000000 0.080000 0.060000
vn 0.100000 0.000000 0.000000
vn 0.100000 0.000000 0.000000
vn 0.100000 0.000000 0.000000
vn 0.100000 0.000000 0.000000
vn 0.100000 0.000000 0.000000
vn 0.000000 0.080000 0.060000
vn 0.000000 0.080000 0.060000
vn 0.000000 0.080000 0.060000
vn 0.000000 0.080000 0.060000
vn -0.100000 0.000000 0.000000
vn -0.100000 0.000000 0.000000
vn -0.100000 0.000000 0.000000
vn -0.100000 0.000000 0.000000
vn -0.100000 0.000000 0.000000
vn 0.100000 0.000000 0.000000
vn 0.100000 0.000000 0.000000
vn 0.100000 0.000000 0.000000
vn 0.100000 0.000000 0.000000
vn 0.000000 -0.080000 -0.060000
vn 0.000000 -0.080000 -0.060000
vn 0.000000 -0.080000 -0.060000
vn 0.000000 -0.080000 -0.060000
vn 0.000000 -0.080000 -0.060000
vn 0.000000 -0.080000 -0.060000
vn 0.000000 -0.080000 -0.060000
vn 0.000000 -0.080000 -0.060000
vn -0.100000 0.000000 0.000000
vn -0.100000 0.000000 0.000000
vn -0.100000 0.000000 0.000000
vn -0.100000 0.000000 0.000000
vn 0.000000 -0.060000 0.080000
vn 0.000000 -0.060000 0.080000
vn 0.000000 -0.060000 0.080000
vn 0.000000 -0.060000 0.080000
vn 0.000000 -0.060000 0.080000
vn 0.000000 -0.060000 0.080000
vn 0.000000 -0.060000 0.080000
vn 0.000000 -0.060000 0.080000
vn 0.000000 -0.060000 0.080000
vn 0.000000 -0.060000 0.080000
vn 0.000000 -0.060000 0.080000
vn 0.000000 -0.060000 0.080000
vn 0.000000 0.080000 0.060000
vn 0.000000 0.080000 0.060000
vn 0.000000 0.080000 0.060000
vn 0.000000 0.080000 0.060000
vn 0.000000 0.080000 0.060000
vn 0.000000 0.080000 0.060000
vn 0.000000 0.080000 0.060000
vn 0.000000 0.080000 0.060000
vn -0.086603 0.040000 0.030000
vn -0.086603 0.040000 0.030000
vn -0.086603 0.040000 0.030000
vn -0.086603 0.040000 0.030000
vn -0.086603 -0.040000 -0.030000
vn -0.086603 -0.040000 -0.030000
vn -0.086603 -0.040000 -0.030000
vn -0.086603 -0.040000 -0.030000
vn 0.000000 -0.080000 -0.060000
vn 0.000000 -0.080000 -0.060000
vn 0.000000 -0.080000 -0.060000
vn 0.000000 -0.080000 -0.060000
vn 0.086603 -0.040000 -0.030000
vn 0.086603 -0.040000 -0.030000
vn 0.086603 -0.040000 -0.030000
vn 0.086603 -0.040000 -0.030000
vn 0.086603 0.040000 0.030000
vn 0.086603 0.040000 0.030000
vn 0.086603 0.040000 0.030000
vn 0.086603 0.040000 0.030000
vn 0.100000 0.000000 0.000000
vn 0.100000 0.000000 0.000000
vn 0.100000 0.000000 0.000000
vn 0.100000 0.000000 0.000000
vn 0.000000 0.000000 0.100000
vn 0.000000 0.000000 0.100000
vn 0.000000 0.000000 0.100000
vn 0.000000 0.000000 0.100000
vn 0.000000 -0.100000 0.000000
vn 0.000000 -0.100000 0.000000
vn 0.000000 -0.100000 0.000000
vn 0.000000 -0.100000 0.000000
vn 0.000000 -0.100000 0.000000
vn 0.000000 -0.100000 0.000000
vn 0.000000 -0.100000 0.000000
vn 0.000000 -0.100000 0.000000
vn 0.000000 -0.060000 0.080000
vn 0.000000 -0.060000 0.080000
vn 0.000000 -0.060000 0.080000
vn 0.000000 -0.060000 0.080000
vn 0.000000 -0.100000 0.000000
vn 0.000000 -0.100000 0.000000
vn 0.000000 -0.100000 0.000000
vn 0.000000 -0.100000 0.000000
vn -0.100000 0.000000 0.000000
vn -0.100000 0.000000 0.000000
vn -0.100000 0.000000 0.000000
vn -0.100000 0.000000 0.000000
vn 0.000000 0.100000 0.000000
vn 0.000000 0.100000 0.000000
vn 0.000000 0.100000 0.000000
vn 0.000000 0.100000 0.000000
vn -0.100000 0.000000 0.000000
vn -0.100000 0.000000 0.000000
vn -0.100000 0.000000 0.000000
vn -0.100000 0.000000 0.000000
vn -0.100000 0.000000 0.000000
vn -0.100000 0.000000 0.000000
vn 0.000000 0.100000 -0.000000
vn 0.000000 0.100000 -0.000000
vn 0.000000 0.100000 -0.000000
vn 0.000000 0.100000 -0.000000
vn 0.000000 0.100000 -0.000000
vn 0.000000 0.100000 -0.000000
vn 0.000000 0.100000 -0.000000
vn 0.000000 0.100000 -0.000000
vn -0.100000 0.000000 0.000000
vn -0.100000 0.000000 0.000000
vn -0.100000 0.000000 0.000000
vn -0.100000 0.000000 0.000000
vn 0.000000 -0.080000 -0.060000
vn 0.000000 -0.080000 -0.060000
vn 0.000000 -0.080000 -0.060000
vn 0.000000 -0.080000 -0.060000
vn 0.000000 0.080000 0.060000
vn 0.000000 0.080000 0.060000
vn 0.000000 0.080000 0.060000
vn 0.000000 0.080000 0.060000
vn 0.100000 0.000000 0.000000
vn 0.100000 0.000000 0.000000
vn 0.100000 0.000000 0.000000
vn 0.100000 0.000000 0.000000
vn 0.100000 0.000000 0.000000
vn 0.000000 0.080000 0.060000
vn 0.000000 0.080000 0.060000
vn 0.000000 0.080000 0.060000
vn 0.000000 0.080000 0.060000
vn -0.100000 0.000000 0.000000
vn -0.100000 0.000000 0.000000
vn -0.100000 0.000000 0.000000
vn -0.100000 0.000000 0.000000
vn -0.100000 0.000000 0.000000
vn 0.100000 0.000000 0.000000
vn 0.100000 0.000000 0.000000
vn 0.100000 0.000000 0.000000
vn 0.100000 0.000000 0.000000
vn 0.000000 -0.080000 -0.060000
vn 0.000000 -0.080000 -0.060000
vn 0.000000 -0.080000 -0.060000
vn 0.000000 -0.080000 -0.060000
vn 0.000000 -0.080000 -0.060000
vn 0.000000 -0.080000 -0.060000
vn 0.000000 -0.080000 -0.060000
vn 0.000000 -0.080000 -0.060000
vn -0.100000 0.000000 0.000000
vn -0.100000 0.000000 0.000000
vn -0.100000 0.000000 0.000000
vn -0.100000 0.000000 0.000000
vn 0.000000 -0.060000 0.080000
vn 0.000000 -0.060000 0.080000
vn 0.000000 -0.060000 0.080000
vn 0.000000 -0.060000 0.080000
vn 0.000000 -0.060000 0.080000
vn 0.000000 -0.060000 0.080000
vn 0.000000 -0.060000 0.080000
vn 0.000000 -0.060000 0.080000
vn 0.000000 -0.060000 0.080000
vn 0.000000 -0.060000 0.080000
vn 0.000000 -0.060000 0.080000
vn 0.000000 -0.060000 0.080000
vn 0.000000 0.080000 0.060000
vn 0.000000 0.080000 0.060000
vn 0.000000 0.080000 0.060000
vn 0.000000 0.080000 0.060000
vn 0.000000 0.080000 0.060000
vn 0.000000 0.080000 0.060000
vn 0.000000 0.080000 0.060000
vn 0.000000 0.080000 0.060000
vn -0.086603 0.040000 0.030000
vn -0.086603 0.040000 0.030000
vn -0.086603 0.040000 0.030000
vn -0.086603 0.040000 0.030000
vn -0.086603 -0.040000 -0.030000
vn -0.086603 -0.040000 -0.030000
vn -0.086603 -0.040000 -0.030000
vn -0.086603 -0.040000 -0.030000
vn 0.000000 -0.080000 -0.060000
vn 0.000000 -0.080000 -0.060000
vn 0.000000 -0.080000 -0.060000
vn 0.000000 -0.080000 -0.060000
vn 0.086603 -0.040000 -0.030000
vn 0.086603 -0.040000 -0.030000
vn 0.086603 -0.040000 -0.030000
vn 0.086603 -0.040000 -0.030000
vn 0.086603 0.040000 0.030000
vn 0.086603 0.040000 0.030000
vn 0.086603 0.040000 0.030000
vn 0.086603 0.040000 0.030000
vn 0.000000 0.060000 -0.080000
vn 0.000000 0.060000 -0.080000
vn 0.000000 0.060000 -0.080000
vn 0.000000 0.060000 -0.080000
vn 0.000000 0.060000 -0.080000
vn 0.000000 0.060000 -0.080000
vn 0.000000 0.060000 -0.080000
vn 0.000000 0.060000 -0.080000
vn 0.000000 0.060000 -0.080000
vn 0.000000 0.060000 -0.080000
vn 0.000000 0.060000 -0.080000
vn 0.000000 0.060000 -0.080000
vn 0.000000 0.060000 -0.080000
vn 0.000000 0.060000 -0.080000
vn 0.000000 0.060000 -0.080000
vn 0.000000 0.060000 -0.080000
vn -0.100000 0.000000 0.000000
vn 0.100000 0.000000 0.000000
vn 0.100000 0.000000 0.000000
vn 0.100000 0.000000 0.000000
vn 0.100000 0.000000 0.000000
vn 0.000000 -0.060000 0.080000
vn 0.000000 -0.060000 0.080000
vn 0.000000 -0.060000 0.080000
vn 0.000000 -0.060000 0.080000
vn 0.000000 -0.060000 0.080000
vn 0.000000 -0.060000 0.080000
vn 0.000000 -0.060000 0.080000
vn 0.000000 -0.060000 0.080000
vn 0.000000 -0.060000 0.080000
vn 0.000000 -0.060000 0.080000
vn 0.000000 -0.060000 0.080000
vn 0.000000 -0.060000 0.080000
vn 0.000000 -0.060000 0.080000
vn 0.000000 -0.060000 0.080000
vn 0.000000 -0.060000 0.080000
vn 0.000000 -0.060000 0.080000
vn 0.000000 -0.060000 0.080000
vn 0.000000 -0.060000 0.080000
vn 0.000000 -0.060000 0.080000
vn 0.000000 -0.060000 0.080000
vn 0.000000 -0.060000 0.080000
vn 0.000000 -0.060000 0.080000
vn 0.000000 -0.060000 0.080000
vn 0.000000 -0.060000 0.080000
vn 0.000000 -0.060000 0.080000
vn 0.000000 -0.060000 0.080000
vn 0.000000 -0.060000 0.080000
vn 0.000000 -0.060000 0.080000
vn 0.000000 -0.060000 0.080000
vn 0.000000 -0.060000 0.080000
vn 0.000000 -0.060000 0.080000
vn 0.000000 -0.060000 0.080000
vn 0.000000 -0.060000 0.080000
vn 0.000000 0.000000 0.100000
vn 0.000000 0.000000 0.100000
vn 0.000000 0.000000 0.100000
vn 0.000000 0.000000 0.100000
vn 0.000000 0.000000 -0.100000
vn 0.000000 0.000000 -0.100000
vn 0.000000 0.000000 -0.100000
vn 0.000000 0.000000 -0.100000
vn 0.000000 0.000000 -0.100000
vn 0.000000 0.000000 -0.100000
vn 0.000000 0.000000 -0.100000
vn 0.000000 0.000000 -0.100000
vn 0.000000 0.000000 -0.100000
vn 0.000000 0.000000 -0.100000
vn 0.000000 0.000000 -0.100000
vn 0.000000 0.000000 -0.100000
vn 0.000000 0.000000 -0.100000
vn 0.000000 0.000000 -0.100000
vn 0.000000 0.000000 -0.100000
vn 0.000000 0.000000 -0.100000
vn 0.000000 0.000000 -0.100000
vn 0.000000 0.000000 -0.100000
vn 0.000000 0.000000 -0.100000
vn 0.000000 0.000000 -0.100000
vn 0.000000 0.000000 -0.100000
vn 0.000000 0.000000 -0.100000
vn 0.000000 0.000000 -0.100000
vn 0.000000 0.000000 -0.100000
vn 0.000000 0.000000 -0.100000
vn 0.000000 0.000000 -0.100000
vn 0.000000 0.000000 -0.100000
vn 0.000000 0.000000 -0.100000
vn 0.000000 0.000000 -0.100000
vn 0.000000 0.000000 -0.100000
vn 0.000000 0.000000 -0.100000
vn 0.000000 0.000000 -0.100000
vn 0.000000 0.000000 -0.100000
vn 0.000000 0.000000 -0.100000
vn 0.000000 0.000000 -0.100000
vn 0.000000 0.000000 -0.100000
vn 0.000000 0.000000 -0.100000
vn 0.000000 0.000000 -0.100000
vn 0.000000 0.000000 -0.100000
vn 0.000000 0.000000 -0.100000
vn 0.000000 0.000000 -0.100000
vn 0.000000 0.000000 -0.100000
vn 0.000000 0.000000 -0.100000
vn 0.000000 0.000000 -0.100000
vn 0.000000 0.000000 -0.100000
vn 0.000000 0.000000 -0.100000
vn 0.000000 0.000000 -0.100000
vn 0.000000 0.000000 -0.100000
vn 0.000000 0.000000 -0.100000
vn 0.000000 0.000000 -0.100000
vn 0.000000 0.000000 -0.100000
vn 0.000000 0.000000 -0.100000
vn 0.000000 0.000000 -0.100000
vn 0.000000 0.000000 -0.100000
vn 0.000000 0.000000 -0.100000
vn 0.000000 0.000000 -0.100000
vn 0.000000 0.000000 -0.100000
vn 0.000000 0.000000 -0.100000
vn 0.000000 0.000000 -0.100000
vn 0.000000 0.000000 -0.100000
vn 0.000000 0.000000 -0.100000
vn 0.000000 0.000000 -0.100000
vn 0.000000 0.000000 -0.100000
vn 0.000000 0.000000 -0.100000
vn 0.000000 0.000000 -0.100000
vn 0.000000 0.000000 -0.100000
vn 0.000000 0.000000 -0.100000
vn 0.000000 0.000000 -0.100000
vn 0.000000 0.000000 -0.100000
vn 0.000000 0.000000 -0.100000
vn 0.000000 0.000000 -0.100000
vn 0.000000 0.000000 -0.100000
vn 0.000000 0.000000 -0.100000
vn 0.000000 0.000000 -0.100000
vn 0.000000 0.000000 -0.100000
vn 0.000000 0.000000 -0.100000
vn 0.000000 0.000000 -0.100000
vn 0.000000 0.000000 -0.100000
vn 0.000000 0.000000 -0.100000
vn 0.000000 0.000000 -0.100000
vn 0.000000 0.000000 -0.100000
vn 0.000000 0.000000 -0.100000
vn 0.000000 0.000000 -0.100000
vn 0.000000 0.000000 -0.100000
vn 0.000000 0.000000 -0.100000
vn 0.000000 0.000000 -0.100000
vn 0.000000 0.000000 -0.100000
vn 0.000000 0.000000 -0.100000
vn 0.000000 0.000000 -0.100000
vn 0.000000 0.000000 -0.100000
vn 0.000000 0.000000 -0.100000
vn 0.000000 0.000000 -0.100000
vn 0.000000 0.000000 -0.100000
vn 0.000000 0.000000 -0.100000
vn 0.000000 0.000000 -0.100000
vn 0.000000 0.000000 -0.100000
vn 0.000000 0.000000 -0.100000
vn 0.000000 0.000000 -0.100000
vn 0.000000 0.000000 -0.100000
vn 0.000000 0.000000 -0.100000
vn 0.000000 0.000000 -0.100000
vn 0.000000 0.000000 -0.100000
vn 0.000000 0.000000 -0.100000
vn 0.000000 0.000000 -0.100000
vn 0.000000 0.000000 -0.100000
vn 0.000000 0.000000 -0.100000
vn 0.000000 0.000000 -0.100000
vn 0.000000 0.000000 -0.100000
vn 0.000000 0.000000 -0.100000
vn 0.000000 0.000000 -0.100000
vn 0.000000 0.000000 -0.100000
vn 0.000000 0.000000 -0.100000
vn 0.000000 0.000000 -0.100000
vn 0.000000 0.000000 -0.100000
vn 0.000000 0.000000 -0.100000
vn 0.000000 0.000000 -0.100000
vn 0.000000 0.000000 -0.100000
vn 0.000000 0.000000 -0.100000
vn 0.000000 0.000000 -0.100000
vn 0.000000 0.000000 -0.100000
vn 0.000000 0.000000 -0.100000
vn 0.000000 0.000000 -0.100000
vn 0.000000 0.000000 -0.100000
vn 0.000000 0.000000 -0.100000
vn 0.000000 0.000000 -0.100000
vn 0.000000 0.000000 -0.100000
vn 0.000000 0.000000 -0.100000
vn 0.000000 0.000000 -0.100000
vn 0.000000 0.000000 -0.100000
vn 0.000000 0.000000 -0.100000
vn 0.000000 0.000000 -0.100000
vn 0.000000 0.000000 -0.100000
vn 0.000000 0.000000 -0.100000
vn 0.000000 0.000000 -0.100000
vn 0.000000 0.000000 -0.100000
vn 0.000000 0.000000 -0.100000
vn 0.000000 0.000000 -0.100000
vn 0.000000 0.000000 -0.100000
vn 0.000000 0.000000 -0.100000
vn 0.000000 0.000000 -0.100000
vn 0.000000 0.000000 -0.100000
vn 0.000000 0.000000 -0.100000
vn 0.000000 0.000000 -0.100000
vn 0.000000 0.000000 -0.100000
vn 0.000000 0.000000 -0.100000
vn 0.000000 0.000000 -0.100000
vn 0.000000 0.000000 -0.100000
vn 0.000000 0.000000 -0.100000
vn 0.000000 0.000000 -0.100000
vn 0.000000 0.000000 -0.100000
vn 0.000000 0.000000 -0.100000
vn 0.000000 0.000000 -0.100000
vn 0.000000 0.000000 -0.100000
vn 0.000000 0.000000 -0.100000
vn 0.000000 0.000000 -0.100000
vn 0.000000 0.000000 -0.100000
vn 0.000000 -0.100000 0.000000
vn 0.000000 -0.100000 0.000000
vn 0.000000 -0.100000 0.000000
vn 0.000000 -0.100000 0.000000
vn 0.000000 -0.100000 0.000000
vn 0.000000 -0.100000 0.000000
vn 0.000000 -0.100000 0.000000
vn 0.000000 -0.100000 0.000000
vn 0.000000 -0.060000 0.080000
vn 0.000000 -0.060000 0.080000
vn 0.000000 -0.060000 0.080000
vn 0.000000 -0.060000 0.080000
vn -0.100000 0.000000 -0.000000
vn -0.100000 0.000000 -0.000000
vn -0.086603 0.050000 -0.000000
vn -0.086603 0.050000 -0.000000
vn -0.050000 0.086603 -0.000000
vn -0.050000 0.086603 -0.000000
vn -0.000000 0.100000 -0.000000
vn -0.000000 0.100000 -0.000000
vn 0.000000 0.100000 0.000000
vn 0.000000 0.100000 0.000000
vn 0.000000 0.100000 0.000000
vn 0.000000 0.100000 0.000000
vn 0.000000 -0.100000 0.000000
vn 0.000000 -0.100000 0.000000
vn -0.050000 -0.086603 0.000000
vn -0.050000 -0.086603 0.000000
vn -0.086603 -0.050000 0.000000
vn -0.086603 -0.050000 0.000000
vn -0.100000 0.000000 0.000000
vn -0.100000 0.000000 0.000000
vn -0.100000 0.000000 0.000000
vn -0.100000 0.000000 0.000000
vn -0.100000 0.000000 0.000000
vn -0.100000 0.000000 0.000000
vn 0.000000 0.000000 0.100000
vn 0.000000 0.000000 0.100000
vn 0.000000 0.000000 0.100000
vn 0.000000 0.000000 0.100000
vn 0.000000 0.000000 0.100000
vn 0.000000 0.000000 0.100000
vn 0.000000 0.000000 0.100000
vn 0.000000 0.000000 0.100000
vn 0.000000 0.000000 0.100000
vn 0.000000 0.000000 0.100000
vn 0.000000 0.000000 0.100000
vn 0.000000 0.000000 0.100000
vn 0.000000 0.000000 0.100000
vn 0.000000 0.000000 0.100000
vn 0.000000 0.000000 0.100000
vn 0.000000 0.000000 0.100000
vn 0.000000 0.000000 0.100000
vn 0.000000 0.000000 0.100000
vn 0.000000 0.000000 0.100000
vn 0.000000 0.000000 0.100000
usemtl Steel_-_Satin
f 2/1/1 3/2/2 1/3/3
f 1/3/3 3/2/2 4/4/4
f 5/5/5 6/6/6 13/7/7
f 13/7/7 6/6/6 12/8/8
f 12/8/8 6/6/6 7/9/9
f 12/8/8 7/9/9 11/10/10
f 11/10/10 7/9/9 8/11/11
f 11/10/10 8/11/11 10/12/12
f 10/12/12 8/11/11 9/13/13
f 5/14/5 13/15/7 19/16/14
f 19/16/14 13/15/7 16/17/15
f 19/16/14 16/17/15 17/18/16
f 13/15/7 14/19/17 16/17/15
f 16/17/15 14/19/17 15/20/18
f 17/18/16 18/21/19 19/16/14
f 20/22/20 21/23/21 22/24/22
f 10/25/12 9/26/13 28/27/23
f 28/27/23 9/26/13 23/28/24
f 28/27/23 23/28/24 27/29/25
f 27/29/25 23/28/24 24/30/26
f 27/29/25 24/30/26 26/31/27
f 26/31/27 24/30/26 25/32/28
f 29/33/29 30/34/30 36/35/31
f 36/35/31 30/34/30 35/36/32
f 35/36/32 30/34/30 31/37/33
f 35/36/32 31/37/33 34/38/34
f 34/38/34 31/37/33 32/39/35
f 34/38/34 32/39/35 33/40/36
f 29/41/29 36/42/31 38/43/37
f 38/43/37 36/42/31 37/44/38
f 44/45/39 39/46/40 43/47/41
f 43/47/41 39/46/40 40/48/42
f 43/47/41 40/48/42 42/49/43
f 42/49/43 40/48/42 41/50/44
f 42/49/43 41/50/44 37/51/38
f 37/51/38 41/50/44 38/52/37
f 39/53/40 44/54/39 45/55/45
f 47/56/46 54/57/47 46/58/48
f 46/58/48 54/57/47 55/59/49
f 46/58/48 55/59/49 53/60/50
f 53/60/50 55/59/49 52/61/51
f 52/61/51 55/59/49 51/62/52
f 51/62/52 55/59/49 57/63/53
f 51/62/52 57/63/53 50/64/54
f 50/64/54 57/63/53 56/65/55
f 50/64/54 56/65/55 48/66/56
f 48/66/56 56/65/55 47/56/46
f 47/56/46 56/65/55 54/57/47
f 48/66/56 49/67/57 50/64/54
f 57/63/53 55/59/49 54/57/47
f 56/65/55 57/63/53 54/57/47
f 59/68/58 49/69/59 58/70/60
f 58/70/60 49/69/59 46/71/61
f 58/70/60 46/71/61 63/72/62
f 63/72/62 46/71/61 64/73/63
f 63/72/62 64/73/63 62/74/64
f 62/74/64 64/73/63 67/75/65
f 62/74/64 67/75/65 61/76/66
f 61/76/66 67/75/65 68/77/67
f 61/76/66 68/77/67 71/78/68
f 71/78/68 68/77/67 70/79/69
f 70/79/69 68/77/67 69/80/70
f 60/81/71 72/82/72 59/68/58
f 59/68/58 72/82/72 75/83/73
f 59/68/58 75/83/73 49/69/59
f 72/82/72 60/81/71 71/78/68
f 71/78/68 60/81/71 61/76/66
f 48/84/74 47/85/75 49/69/59
f 49/69/59 47/85/75 46/71/61
f 64/73/63 65/86/76 67/75/65
f 67/75/65 65/86/76 66/87/77
f 72/82/72 73/88/78 75/83/73
f 75/83/73 73/88/78 74/89/79
f 50/90/54 49/91/57 76/92/80
f 76/92/80 49/91/57 75/93/81
f 74/94/82 80/95/83 75/96/81
f 75/96/81 80/95/83 81/97/84
f 75/96/81 81/97/84 76/98/80
f 76/98/80 81/97/84 79/99/85
f 79/99/85 81/97/84 78/100/86
f 78/100/86 81/97/84 83/101/87
f 78/100/86 83/101/87 77/102/88
f 77/102/88 83/101/87 72/103/89
f 72/103/89 83/101/87 82/104/90
f 72/103/89 82/104/90 73/105/91
f 73/105/91 82/104/90 80/95/83
f 73/105/91 80/95/83 74/94/82
f 83/101/87 81/97/84 80/95/83
f 82/104/90 83/101/87 80/95/83
f 87/106/92 71/107/93 88/108/94
f 88/108/94 71/107/93 70/109/95
f 88/108/94 70/109/95 89/110/96
f 89/110/96 70/109/95 69/111/97
f 89/110/96 69/111/97 84/112/98
f 84/112/98 69/111/97 68/113/99
f 84/112/98 85/114/100 89/110/96
f 89/110/96 85/114/100 88/108/94
f 85/114/100 86/115/101 88/108/94
f 88/108/94 86/115/101 87/106/92
f 68/116/99 67/117/102 84/118/98
f 84/118/98 67/117/102 90/119/103
f 90/120/103 67/121/102 94/122/104
f 94/122/104 67/121/102 66/123/105
f 94/122/104 66/123/105 65/124/106
f 94/122/104 65/124/106 95/125/107
f 95/125/107 65/124/106 64/126/108
f 95/125/107 64/126/108 91/127/109
f 91/127/109 92/128/110 95/125/107
f 95/125/107 92/128/110 94/122/104
f 92/128/110 93/129/111 94/122/104
f 94/122/104 93/129/111 90/120/103
f 46/130/48 53/131/50 64/132/108
f 64/132/108 53/131/50 91/133/109
f 103/134/112 96/135/113 104/136/114
f 104/136/114 96/135/113 97/137/115
f 104/136/114 97/137/115 105/138/116
f 105/138/116 97/137/115 98/139/117
f 105/138/116 98/139/117 100/140/118
f 100/140/118 98/139/117 99/141/119
f 100/140/118 101/142/120 105/138/116
f 105/138/116 101/142/120 104/136/114
f 101/142/120 102/143/121 104/136/114
f 104/136/114 102/143/121 103/134/112
f 96/144/113 103/145/112 107/146/122
f 107/146/122 103/145/112 106/147/123
f 108/148/124 109/149/125 113/150/126
f 113/150/126 109/149/125 112/151/127
f 112/151/127 109/149/125 110/152/128
f 112/151/127 110/152/128 111/153/129
f 111/153/129 110/152/128 107/154/122
f 111/153/129 107/154/122 106/155/123
f 113/156/126 114/157/130 108/158/124
f 108/158/124 114/157/130 115/159/131
f 121/160/132 116/161/133 120/162/134
f 120/162/134 116/161/133 117/163/135
f 120/162/134 117/163/135 119/164/136
f 119/164/136 117/163/135 118/165/137
f 119/164/136 118/165/137 114/166/130
f 114/166/130 118/165/137 115/167/131
f 98/168/138 97/169/139 99/170/140
f 99/170/140 97/169/139 96/171/141
f 99/170/140 96/171/141 126/172/142
f 126/172/142 96/171/141 131/173/143
f 131/173/143 96/171/141 107/174/144
f 131/173/143 107/174/144 130/175/145
f 130/175/145 107/174/144 108/176/146
f 130/175/145 108/176/146 129/177/147
f 129/177/147 108/176/146 115/178/148
f 129/177/147 115/178/148 116/179/149
f 116/179/149 115/178/148 117/180/150
f 117/180/150 115/178/148 118/181/151
f 107/174/144 110/182/152 108/176/146
f 108/176/146 110/182/152 109/183/153
f 129/177/147 116/179/149 128/184/154
f 128/184/154 116/179/149 122/185/155
f 128/184/154 122/185/155 127/186/156
f 127/186/156 122/185/155 125/187/157
f 127/186/156 125/187/157 99/170/140
f 122/185/155 123/188/158 125/187/157
f 125/187/157 123/188/158 124/189/159
f 126/172/142 127/186/156 99/170/140
f 135/190/160 125/191/161 136/192/162
f 136/192/162 125/191/161 124/193/163
f 136/192/162 124/193/163 123/194/164
f 136/192/162 123/194/164 137/195/165
f 137/195/165 123/194/164 122/196/166
f 137/195/165 122/196/166 132/197/167
f 132/197/167 133/198/168 137/195/165
f 137/195/165 133/198/168 136/192/162
f 133/198/168 134/199/169 136/192/162
f 136/192/162 134/199/169 135/190/160
f 100/200/118 99/201/119 135/202/160
f 135/202/160 99/201/119 125/203/161
f 145/204/170 138/205/171 144/206/172
f 144/206/172 138/205/171 139/207/173
f 144/206/172 139/207/173 143/208/174
f 143/208/174 139/207/173 140/209/175
f 143/208/174 140/209/175 142/210/176
f 142/210/176 140/209/175 141/211/177
f 145/212/170 146/213/178 138/214/171
f 138/214/171 146/213/178 147/215/179
f 138/214/171 147/215/179 148/216/180
f 148/216/180 149/217/181 138/214/171
f 138/214/171 149/217/181 151/218/182
f 138/214/171 151/218/182 153/219/183
f 153/219/183 151/218/182 152/220/184
f 149/217/181 150/221/185 151/218/182
f 154/222/186 155/223/187 163/224/188
f 163/224/188 155/223/187 162/225/189
f 162/225/189 155/223/187 156/226/190
f 162/225/189 156/226/190 157/227/191
f 162/225/189 157/227/191 161/228/192
f 161/228/192 157/227/191 158/229/193
f 161/228/192 158/229/193 160/230/194
f 160/230/194 158/229/193 159/231/195
f 164/232/196 165/233/197 166/234/198
f 169/235/199 26/236/27 168/237/200
f 168/237/200 26/236/27 25/238/28
f 168/237/200 25/238/28 167/239/201
f 177/240/202 170/241/203 176/242/204
f 176/242/204 170/241/203 171/243/205
f 176/242/204 171/243/205 175/244/206
f 175/244/206 171/243/205 172/245/207
f 175/244/206 172/245/207 174/246/208
f 174/246/208 172/245/207 173/247/209
f 170/248/203 177/249/202 185/250/210
f 185/250/210 177/249/202 178/251/211
f 185/250/210 178/251/211 180/252/212
f 180/252/212 178/251/211 179/253/213
f 185/250/210 180/252/212 183/254/214
f 183/254/214 180/252/212 181/255/215
f 183/254/214 181/255/215 182/256/216
f 183/254/214 184/257/217 185/250/210
f 193/258/218 186/259/219 192/260/220
f 192/260/220 186/259/219 187/261/221
f 192/260/220 187/261/221 191/262/222
f 191/262/222 187/261/221 188/263/223
f 191/262/222 188/263/223 190/264/224
f 190/264/224 188/263/223 189/265/225
f 193/266/218 153/267/226 186/268/219
f 186/268/219 153/267/226 199/269/227
f 199/269/227 153/267/226 194/270/228
f 199/269/227 194/270/228 197/271/229
f 197/271/229 194/270/228 195/272/230
f 197/271/229 195/272/230 196/273/231
f 153/267/226 152/274/232 194/270/228
f 197/271/229 198/275/233 199/269/227
f 169/276/199 168/277/200 206/278/234
f 206/278/234 168/277/200 200/279/235
f 206/278/234 200/279/235 201/280/236
f 206/278/234 201/280/236 205/281/237
f 205/281/237 201/280/236 202/282/238
f 205/281/237 202/282/238 204/283/239
f 204/283/239 202/282/238 203/284/240
f 173/285/209 190/286/224 174/287/208
f 174/287/208 190/286/224 189/288/225
f 198/289/241 207/290/242 199/291/243
f 199/291/243 207/290/242 212/292/244
f 212/292/244 207/290/242 210/293/245
f 212/292/244 210/293/245 211/294/246
f 208/295/247 209/296/248 207/290/242
f 207/290/242 209/296/248 210/293/245
f 213/297/249 195/298/250 214/299/251
f 214/299/251 195/298/250 194/300/252
f 150/301/253 215/302/254 151/303/255
f 151/303/255 215/302/254 216/304/256
f 209/305/257 217/306/258 210/307/259
f 210/307/259 217/306/258 218/308/260
f 219/309/261 220/310/262 223/311/263
f 223/311/263 220/310/262 221/312/264
f 223/311/263 221/312/264 222/313/265
f 224/314/266 149/315/267 225/316/268
f 225/316/268 149/315/267 148/317/269
f 227/318/270 228/319/271 226/320/272
f 226/320/272 228/319/271 230/321/273
f 230/321/273 228/319/271 229/322/274
f 231/323/275 232/324/276 196/325/277
f 196/325/277 232/324/276 197/326/278
f 233/327/279 208/328/280 234/329/281
f 234/329/281 208/328/280 207/330/282
f 219/331/283 223/332/284 227/333/285
f 227/333/285 223/332/284 228/334/286
f 217/335/287 233/336/288 218/337/289
f 218/337/289 233/336/288 234/338/290
f 195/339/291 213/340/292 196/341/293
f 196/341/293 213/340/292 231/342/294
f 220/343/295 219/344/296 226/345/297
f 226/345/297 219/344/296 227/346/298
f 209/347/299 208/348/300 217/349/301
f 217/349/301 208/348/300 233/350/302
f 213/351/303 214/352/304 231/353/305
f 231/353/305 214/352/304 232/354/306
f 62/355/307 61/356/308 236/357/309
f 236/357/309 61/356/308 235/358/310
f 61/359/311 60/360/312 235/361/313
f 235/361/313 60/360/312 237/362/314
f 60/363/315 59/364/316 237/365/317
f 237/365/317 59/364/316 238/366/318
f 59/367/319 58/368/320 238/369/321
f 238/369/321 58/368/320 239/370/322
f 58/371/323 63/372/324 239/373/325
f 239/373/325 63/372/324 240/374/326
f 63/375/327 62/376/328 240/377/329
f 240/377/329 62/376/328 236/378/330
f 72/379/89 71/380/93 77/381/88
f 77/381/88 71/380/93 87/382/92
f 216/383/331 215/384/332 225/385/333
f 225/385/333 215/384/332 224/386/334
f 239/387/335 228/388/336 238/389/337
f 238/389/337 228/388/336 223/390/338
f 238/389/337 223/390/338 218/391/339
f 218/391/339 223/390/338 211/392/340
f 218/391/339 211/392/340 210/393/341
f 228/388/336 239/387/335 225/394/342
f 225/394/342 239/387/335 240/395/343
f 225/394/342 240/395/343 216/396/344
f 216/396/344 240/395/343 236/397/345
f 216/396/344 236/397/345 214/398/346
f 214/398/346 236/397/345 235/399/347
f 214/398/346 235/399/347 232/400/348
f 232/400/348 235/399/347 234/401/349
f 232/400/348 234/401/349 198/402/350
f 198/402/350 234/401/349 207/403/351
f 235/399/347 237/404/352 234/401/349
f 234/401/349 237/404/352 218/391/339
f 218/391/339 237/404/352 238/389/337
f 229/405/353 228/388/336 147/406/354
f 147/406/354 228/388/336 225/394/342
f 147/406/354 225/394/342 148/407/355
f 223/390/338 222/408/356 211/392/340
f 198/402/350 197/409/357 232/400/348
f 194/410/358 152/411/359 214/398/346
f 214/398/346 152/411/359 216/396/344
f 152/411/359 151/412/360 216/396/344
f 221/413/361 220/414/362 230/415/363
f 230/415/363 220/414/362 226/416/364
f 211/417/365 222/418/366 212/419/367
f 212/419/367 222/418/366 146/420/368
f 146/420/368 222/418/366 229/421/369
f 146/420/368 229/421/369 147/422/370
f 222/418/366 221/423/371 229/421/369
f 229/421/369 221/423/371 230/424/372
f 150/425/373 149/426/374 215/427/375
f 215/427/375 149/426/374 224/428/376
f 241/429/377 203/430/378 256/431/379
f 256/431/379 203/430/378 244/432/380
f 256/431/379 244/432/380 260/433/381
f 260/433/381 244/432/380 259/434/382
f 259/434/382 244/432/380 245/435/383
f 259/434/382 245/435/383 258/436/384
f 258/436/384 245/435/383 247/437/385
f 258/436/384 247/437/385 257/438/386
f 257/438/386 247/437/385 248/439/387
f 257/438/386 248/439/387 250/440/388
f 250/440/388 248/439/387 179/441/389
f 250/440/388 179/441/389 249/442/390
f 244/432/380 203/430/378 243/443/391
f 243/443/391 203/430/378 202/444/392
f 243/443/391 202/444/392 201/445/393
f 243/443/391 201/445/393 167/446/394
f 167/446/394 201/445/393 200/447/395
f 167/446/394 200/447/395 168/448/396
f 167/446/394 242/449/397 243/443/391
f 246/450/398 184/451/399 245/435/383
f 245/435/383 184/451/399 247/437/385
f 184/451/399 183/452/400 247/437/385
f 248/439/387 180/453/401 179/441/389
f 257/438/386 250/440/388 262/454/402
f 262/454/402 250/440/388 251/455/403
f 262/454/402 251/455/403 261/456/404
f 261/456/404 251/455/403 255/457/405
f 261/456/404 255/457/405 256/431/379
f 252/458/406 253/459/407 251/455/403
f 251/455/403 253/459/407 255/457/405
f 253/459/407 254/460/408 255/457/405
f 260/433/381 261/456/404 256/431/379
f 185/461/409 246/462/410 242/463/411
f 242/463/411 246/462/410 263/464/412
f 242/463/411 263/464/412 264/465/413
f 185/461/409 184/466/414 246/462/410
f 264/465/413 243/467/415 242/463/411
f 253/468/416 252/469/417 267/470/418
f 267/470/418 252/469/417 178/471/419
f 178/471/419 252/469/417 249/472/420
f 178/471/419 249/472/420 179/473/421
f 265/474/422 266/475/423 252/469/417
f 252/469/417 266/475/423 249/472/420
f 268/476/424 269/477/425 256/478/426
f 256/478/426 269/477/425 241/479/427
f 264/480/428 270/481/429 243/482/430
f 243/482/430 270/481/429 244/483/431
f 266/484/432 271/485/433 249/486/434
f 249/486/434 271/485/433 250/487/435
f 272/488/436 273/489/437 248/490/438
f 248/490/438 273/489/437 181/491/439
f 248/490/438 181/491/439 180/492/440
f 274/493/441 263/494/442 245/495/443
f 245/495/443 263/494/442 246/496/444
f 276/497/445 247/498/446 275/499/447
f 275/499/447 247/498/446 182/500/448
f 182/500/448 247/498/446 183/501/449
f 278/502/450 255/503/451 277/504/452
f 277/504/452 255/503/451 254/505/453
f 279/506/454 265/507/455 251/508/456
f 251/508/456 265/507/455 252/509/457
f 272/510/458 248/511/459 276/512/460
f 276/512/460 248/511/459 247/513/461
f 271/514/462 279/515/463 250/516/464
f 250/516/464 279/515/463 251/517/465
f 269/518/466 268/519/467 277/520/468
f 277/520/468 268/519/467 278/521/469
f 273/522/470 272/523/471 275/524/472
f 275/524/472 272/523/471 276/525/473
f 266/526/474 265/527/475 271/528/476
f 271/528/476 265/527/475 279/529/477
f 268/530/478 256/531/479 278/532/480
f 278/532/480 256/531/479 255/533/481
f 130/534/482 129/535/483 260/536/484
f 260/536/484 129/535/483 261/537/485
f 129/538/486 128/539/487 261/540/488
f 261/540/488 128/539/487 262/541/489
f 128/542/490 127/543/491 262/544/492
f 262/544/492 127/543/491 257/545/493
f 127/546/494 126/547/495 257/548/496
f 257/548/496 126/547/495 258/549/497
f 126/550/498 131/551/499 258/552/500
f 258/552/500 131/551/499 259/553/501
f 131/554/502 130/555/503 259/556/504
f 259/556/504 130/555/503 260/557/505
f 121/558/132 132/559/167 116/560/133
f 116/560/133 132/559/167 122/561/166
f 244/562/506 270/563/507 245/564/508
f 245/564/508 270/563/507 274/565/509
f 181/566/510 273/567/511 182/568/512
f 182/568/512 273/567/511 275/569/513
f 203/570/514 241/571/515 204/572/516
f 204/572/516 241/571/515 254/573/517
f 204/572/516 254/573/517 267/574/518
f 267/574/518 254/573/517 253/575/519
f 241/571/515 269/576/520 254/573/517
f 254/573/517 269/576/520 277/577/521
f 264/578/522 263/579/523 270/580/524
f 270/580/524 263/579/523 274/581/525
f 4/582/526 3/583/527 281/584/528
f 281/584/528 3/583/527 280/585/529
f 159/586/195 282/587/530 160/588/194
f 160/588/194 282/587/530 285/589/531
f 160/588/194 285/589/531 287/590/532
f 287/590/532 285/589/531 286/591/533
f 283/592/534 284/593/535 282/587/530
f 282/587/530 284/593/535 285/589/531
f 20/594/536 288/595/537 165/596/538
f 165/596/538 288/595/537 291/597/539
f 165/596/538 291/597/539 166/598/540
f 20/594/536 22/599/541 288/595/537
f 288/595/537 289/600/542 291/597/539
f 291/597/539 289/600/542 290/601/543
f 292/602/544 293/603/545 295/604/546
f 295/604/546 293/603/545 294/605/547
f 284/606/548 296/607/549 285/608/550
f 285/608/550 296/607/549 297/609/551
f 18/610/552 298/611/553 19/612/554
f 19/612/554 298/611/553 299/613/555
f 300/614/556 301/615/557 302/616/558
f 302/616/558 301/615/557 289/617/559
f 302/616/558 289/617/559 288/618/560
f 303/619/561 283/620/562 304/621/563
f 304/621/563 283/620/562 282/622/564
f 306/623/565 307/624/566 305/625/567
f 305/625/567 307/624/566 290/626/568
f 290/626/568 307/624/566 291/627/569
f 309/628/570 310/629/571 308/630/572
f 308/630/572 310/629/571 311/631/573
f 312/632/574 17/633/575 313/634/576
f 313/634/576 17/633/575 16/635/577
f 300/636/578 302/637/579 306/638/580
f 306/638/580 302/637/579 307/639/581
f 298/640/582 312/641/583 299/642/584
f 299/642/584 312/641/583 313/643/585
f 293/644/586 292/645/587 308/646/588
f 308/646/588 292/645/587 309/647/589
f 301/648/590 300/649/591 305/650/592
f 305/650/592 300/649/591 306/651/593
f 18/652/594 17/653/595 298/654/596
f 298/654/596 17/653/595 312/655/597
f 292/656/598 295/657/599 309/658/600
f 309/658/600 295/657/599 310/659/601
f 314/660/602 315/661/603 317/662/604
f 317/662/604 315/661/603 316/663/605
f 315/664/606 318/665/607 316/666/608
f 316/666/608 318/665/607 319/667/609
f 318/668/610 320/669/611 319/670/612
f 319/670/612 320/669/611 321/671/613
f 320/672/614 322/673/615 321/674/616
f 321/674/616 322/673/615 323/675/617
f 322/676/618 324/677/619 323/678/620
f 323/678/620 324/677/619 325/679/621
f 324/680/622 314/681/623 325/682/624
f 325/682/624 314/681/623 317/683/625
f 31/684/626 29/685/627 32/686/628
f 32/686/628 29/685/627 320/687/629
f 32/686/628 320/687/629 318/688/630
f 31/684/626 30/689/631 29/685/627
f 29/685/627 38/690/632 320/687/629
f 320/687/629 38/690/632 322/691/633
f 322/691/633 38/690/632 39/692/634
f 322/691/633 39/692/634 324/693/635
f 324/693/635 39/692/634 45/694/636
f 324/693/635 45/694/636 314/695/637
f 314/695/637 45/694/636 315/696/638
f 315/696/638 45/694/636 326/697/639
f 315/696/638 326/697/639 318/688/630
f 318/688/630 326/697/639 32/686/628
f 41/698/640 40/699/641 38/690/632
f 38/690/632 40/699/641 39/692/634
f 33/700/36 32/701/35 326/702/642
f 297/703/643 296/704/644 304/705/645
f 304/705/645 296/704/644 303/706/646
f 323/707/647 307/708/648 321/709/649
f 321/709/649 307/708/648 302/710/650
f 321/709/649 302/710/650 299/711/651
f 299/711/651 302/710/650 5/712/652
f 299/711/651 5/712/652 19/713/653
f 307/708/648 323/707/647 304/714/654
f 304/714/654 323/707/647 325/715/655
f 304/714/654 325/715/655 297/716/656
f 297/716/656 325/715/655 317/717/657
f 297/716/656 317/717/657 295/718/658
f 295/718/658 317/717/657 316/719/659
f 295/718/658 316/719/659 310/720/660
f 310/720/660 316/719/659 313/721/661
f 310/720/660 313/721/661 15/722/662
f 15/722/662 313/721/661 16/723/663
f 316/719/659 319/724/664 313/721/661
f 313/721/661 319/724/664 299/711/651
f 299/711/651 319/724/664 321/709/649
f 291/725/665 307/708/648 166/726/666
f 166/726/666 307/708/648 164/727/667
f 164/727/667 307/708/648 158/728/668
f 164/727/667 158/728/668 157/729/669
f 288/730/670 22/731/671 302/710/650
f 302/710/650 22/731/671 21/732/672
f 302/710/650 21/732/672 5/712/652
f 5/712/652 21/732/672 6/733/673
f 15/722/662 311/734/674 310/720/660
f 294/735/675 286/736/676 295/718/658
f 295/718/658 286/736/676 297/716/656
f 286/736/676 285/737/677 297/716/656
f 282/738/678 159/739/679 304/714/654
f 304/714/654 159/739/679 307/708/648
f 159/739/679 158/728/668 307/708/648
f 289/740/680 301/741/681 290/742/682
f 290/742/682 301/741/681 305/743/683
f 286/744/684 294/745/685 287/746/686
f 287/746/686 294/745/685 311/747/687
f 287/746/686 311/747/687 14/748/688
f 14/748/688 311/747/687 15/749/689
f 294/745/685 293/750/690 311/747/687
f 311/747/687 293/750/690 308/751/691
f 284/752/692 283/753/693 296/754/694
f 296/754/694 283/753/693 303/755/695
f 334/756/696 327/757/697 333/758/698
f 333/758/698 327/757/697 328/759/699
f 333/758/698 328/759/699 332/760/700
f 332/760/700 328/759/699 329/761/701
f 332/760/700 329/761/701 331/762/702
f 331/762/702 329/761/701 330/763/703
f 342/764/704 335/765/705 341/766/706
f 341/766/706 335/765/705 336/767/707
f 341/766/706 336/767/707 340/768/708
f 340/768/708 336/767/707 337/769/709
f 340/768/708 337/769/709 339/770/710
f 339/770/710 337/769/709 338/771/711
f 342/772/704 331/773/702 335/774/705
f 335/774/705 331/773/702 330/775/703
f 2/776/712 1/777/713 344/778/714
f 344/778/714 1/777/713 343/779/715
f 345/780/716 1/781/717 346/782/718
f 346/782/718 1/781/717 4/783/719
f 347/784/720 345/785/721 348/786/722
f 348/786/722 345/785/721 346/787/723
f 2/788/724 347/789/725 3/790/726
f 3/790/726 347/789/725 348/791/727
f 1/792/728 345/793/729 343/794/730
f 343/794/730 345/793/729 349/795/731
f 351/796/732 352/797/733 350/798/734
f 350/798/734 352/797/733 353/799/735
f 350/798/734 353/799/735 358/800/736
f 358/800/736 353/799/735 354/801/737
f 358/800/736 354/801/737 357/802/738
f 357/802/738 354/801/737 355/803/739
f 357/802/738 355/803/739 356/804/740
f 351/805/732 359/806/741 352/807/733
f 352/807/733 359/806/741 362/808/742
f 352/807/733 362/808/742 364/809/743
f 364/809/743 362/808/742 363/810/744
f 360/811/745 361/812/746 359/806/741
f 359/806/741 361/812/746 362/808/742
f 365/813/747 366/814/748 367/815/749
f 356/816/740 355/817/739 373/818/750
f 373/818/750 355/817/739 368/819/751
f 373/818/750 368/819/751 372/820/752
f 372/820/752 368/819/751 369/821/753
f 372/820/752 369/821/753 371/822/754
f 371/822/754 369/821/753 370/823/755
f 381/824/756 374/825/757 380/826/758
f 380/826/758 374/825/757 375/827/759
f 380/826/758 375/827/759 379/828/760
f 379/828/760 375/827/759 376/829/761
f 379/828/760 376/829/761 378/830/762
f 378/830/762 376/829/761 377/831/763
f 378/832/762 377/833/763 383/834/764
f 383/834/764 377/833/763 382/835/765
f 382/836/765 384/837/766 383/838/764
f 383/838/764 384/837/766 389/839/767
f 389/839/767 384/837/766 385/840/768
f 389/839/767 385/840/768 388/841/769
f 388/841/769 385/840/768 386/842/770
f 388/841/769 386/842/770 387/843/771
f 387/844/771 386/845/770 390/846/772
f 392/847/773 399/848/774 391/849/775
f 391/849/775 399/848/774 400/850/776
f 391/849/775 400/850/776 398/851/777
f 398/851/777 400/850/776 397/852/778
f 397/852/778 400/850/776 396/853/779
f 396/853/779 400/850/776 402/854/780
f 396/853/779 402/854/780 395/855/781
f 395/855/781 402/854/780 394/856/782
f 394/856/782 402/854/780 401/857/783
f 394/856/782 401/857/783 393/858/784
f 393/858/784 401/857/783 399/848/774
f 393/858/784 399/848/774 392/847/773
f 402/854/780 400/850/776 399/848/774
f 401/857/783 402/854/780 399/848/774
f 404/859/785 391/860/786 403/861/787
f 403/861/787 391/860/786 409/862/788
f 403/861/787 409/862/788 412/863/789
f 412/863/789 409/862/788 411/864/790
f 411/864/790 409/862/788 410/865/791
f 391/860/786 404/859/785 394/866/792
f 394/866/792 404/859/785 405/867/793
f 394/866/792 405/867/793 420/868/794
f 420/868/794 405/867/793 406/869/795
f 420/868/794 406/869/795 417/870/796
f 417/870/796 406/869/795 407/871/797
f 417/870/796 407/871/797 416/872/798
f 416/872/798 407/871/797 413/873/799
f 416/872/798 413/873/799 414/874/800
f 407/871/797 408/875/801 413/873/799
f 413/873/799 408/875/801 412/863/789
f 412/863/789 408/875/801 403/861/787
f 394/866/792 393/876/802 391/860/786
f 391/860/786 393/876/802 392/877/803
f 414/874/800 415/878/804 416/872/798
f 418/879/805 419/880/806 417/870/796
f 417/870/796 419/880/806 420/868/794
f 391/881/775 398/882/777 409/883/807
f 409/883/807 398/882/777 421/884/808
f 411/885/809 425/886/810 412/887/811
f 412/887/811 425/886/810 426/888/812
f 412/887/811 426/888/812 424/889/813
f 424/889/813 426/888/812 423/890/814
f 423/890/814 426/888/812 422/891/815
f 422/891/815 426/888/812 428/892/816
f 422/891/815 428/892/816 421/893/808
f 421/893/808 428/892/816 427/894/817
f 421/893/808 427/894/817 410/895/818
f 410/895/818 427/894/817 411/885/809
f 411/885/809 427/894/817 425/886/810
f 410/895/818 409/896/807 421/893/808
f 428/892/816 426/888/812 425/886/810
f 427/894/817 428/892/816 425/886/810
f 432/897/819 416/898/820 433/899/821
f 433/899/821 416/898/820 415/900/822
f 433/899/821 415/900/822 414/901/823
f 433/899/821 414/901/823 434/902/824
f 434/902/824 414/901/823 413/903/825
f 434/902/824 413/903/825 429/904/826
f 429/904/826 430/905/827 434/902/824
f 434/902/824 430/905/827 433/899/821
f 430/905/827 431/906/828 433/899/821
f 433/899/821 431/906/828 432/897/819
f 432/907/819 435/908/829 416/909/820
f 416/909/820 435/908/829 417/910/830
f 438/911/831 420/912/832 439/913/833
f 439/913/833 420/912/832 419/914/834
f 439/913/833 419/914/834 440/915/835
f 440/915/835 419/914/834 418/916/836
f 440/915/835 418/916/836 435/917/829
f 435/917/829 418/916/836 417/918/830
f 435/917/829 436/919/837 440/915/835
f 440/915/835 436/919/837 439/913/833
f 436/919/837 437/920/838 439/913/833
f 439/913/833 437/920/838 438/911/831
f 394/921/782 420/922/832 395/923/781
f 395/923/781 420/922/832 438/924/831
f 448/925/839 441/926/840 449/927/841
f 449/927/841 441/926/840 442/928/842
f 449/927/841 442/928/842 443/929/843
f 449/927/841 443/929/843 450/930/844
f 450/930/844 443/929/843 444/931/845
f 450/930/844 444/931/845 445/932/846
f 445/932/846 446/933/847 450/930/844
f 450/930/844 446/933/847 449/927/841
f 446/933/847 447/934/848 449/927/841
f 449/927/841 447/934/848 448/925/839
f 444/935/845 451/936/849 445/937/846
f 445/937/846 451/936/849 452/938/850
f 452/939/850 451/940/849 458/941/851
f 458/941/851 451/940/849 453/942/852
f 458/941/851 453/942/852 457/943/853
f 457/943/853 453/942/852 454/944/854
f 457/943/853 454/944/854 456/945/855
f 456/945/855 454/944/854 455/946/856
f 455/947/856 459/948/857 456/949/855
f 456/949/855 459/948/857 460/950/858
f 459/951/857 461/952/859 460/953/858
f 460/953/858 461/952/859 466/954/860
f 466/954/860 461/952/859 462/955/861
f 466/954/860 462/955/861 465/956/862
f 465/956/862 462/955/861 463/957/863
f 465/956/862 463/957/863 464/958/864
f 443/959/865 441/960/866 444/961/867
f 444/961/867 441/960/866 472/962/868
f 444/961/867 472/962/868 473/963/869
f 443/959/865 442/964/870 441/960/866
f 472/962/868 441/960/866 471/965/871
f 471/965/871 441/960/866 467/966/872
f 471/965/871 467/966/872 470/967/873
f 470/967/873 467/966/872 469/968/874
f 469/968/874 467/966/872 468/969/875
f 471/965/871 470/967/873 476/970/876
f 476/970/876 470/967/873 463/971/877
f 476/970/876 463/971/877 475/972/878
f 475/972/878 463/971/877 459/973/879
f 475/972/878 459/973/879 455/974/880
f 463/971/877 462/975/881 459/973/879
f 459/973/879 462/975/881 461/976/882
f 454/977/883 453/978/884 455/974/880
f 455/974/880 453/978/884 451/979/885
f 455/974/880 451/979/885 474/980/886
f 474/980/886 451/979/885 473/963/869
f 473/963/869 451/979/885 444/961/867
f 474/980/886 475/972/878 455/974/880
f 480/981/887 470/982/888 481/983/889
f 481/983/889 470/982/888 469/984/890
f 481/983/889 469/984/890 482/985/891
f 482/985/891 469/984/890 468/986/892
f 482/985/891 468/986/892 477/987/893
f 477/987/893 468/986/892 467/988/894
f 477/987/893 478/989/895 482/985/891
f 482/985/891 478/989/895 481/983/889
f 478/989/895 479/990/896 481/983/889
f 481/983/889 479/990/896 480/981/887
f 441/991/840 448/992/839 467/993/894
f 467/993/894 448/992/839 477/994/893
f 490/995/897 483/996/898 489/997/899
f 489/997/899 483/996/898 484/998/900
f 489/997/899 484/998/900 488/999/901
f 488/999/901 484/998/900 485/1000/902
f 488/999/901 485/1000/902 487/1001/903
f 487/1001/903 485/1000/902 486/1002/904
f 487/1003/903 486/1004/904 498/1005/905
f 498/1005/905 486/1004/904 497/1006/906
f 497/1006/906 486/1004/904 496/1007/907
f 496/1007/907 486/1004/904 495/1008/908
f 495/1008/908 486/1004/904 493/1009/909
f 495/1008/908 493/1009/909 494/1010/910
f 486/1004/904 491/1011/911 493/1009/909
f 493/1009/909 491/1011/911 492/1012/912
f 500/1013/913 504/1014/914 499/1015/915
f 499/1015/915 504/1014/914 505/1016/916
f 499/1015/915 505/1016/916 508/1017/917
f 508/1017/917 505/1016/916 506/1018/918
f 508/1017/917 506/1018/918 507/1019/919
f 500/1013/913 501/1020/920 504/1014/914
f 504/1014/914 501/1020/920 503/1021/921
f 503/1021/921 501/1020/920 502/1022/922
f 502/1023/922 154/1024/186 503/1025/921
f 503/1025/921 154/1024/186 163/1026/188
f 509/1027/923 510/1028/924 511/1029/925
f 340/1030/926 339/1031/927 141/1032/928
f 141/1032/928 339/1031/927 512/1033/929
f 141/1032/928 512/1033/929 483/1034/930
f 483/1034/930 512/1033/929 513/1035/931
f 483/1034/930 513/1035/931 514/1036/932
f 514/1036/932 515/1037/933 483/1034/930
f 483/1034/930 515/1037/933 484/1038/934
f 484/1038/934 515/1037/933 491/1039/935
f 484/1038/934 491/1039/935 485/1040/936
f 485/1040/936 491/1039/935 486/1041/937
f 516/1042/938 520/1043/939 515/1037/933
f 515/1037/933 520/1043/939 526/1044/940
f 515/1037/933 526/1044/940 527/1045/941
f 517/1046/942 366/1047/943 516/1042/938
f 516/1042/938 366/1047/943 371/1048/944
f 516/1042/938 371/1048/944 520/1043/939
f 517/1046/942 518/1049/945 366/1047/943
f 366/1047/943 518/1049/945 519/1050/946
f 366/1047/943 519/1050/946 509/1051/947
f 509/1051/947 519/1050/946 334/1052/948
f 509/1051/947 334/1052/948 165/1053/949
f 165/1053/949 334/1052/948 20/1054/950
f 20/1054/950 334/1052/948 333/1055/951
f 20/1054/950 333/1055/951 332/1056/952
f 332/1056/952 331/1057/953 20/1054/950
f 20/1054/950 331/1057/953 25/1058/954
f 20/1054/950 25/1058/954 24/1059/955
f 25/1058/954 331/1057/953 167/1060/956
f 167/1060/956 331/1057/953 342/1061/957
f 167/1060/956 342/1061/957 173/1062/958
f 173/1062/958 342/1061/957 190/1063/959
f 190/1063/959 342/1061/957 191/1064/960
f 191/1064/960 342/1061/957 192/1065/961
f 192/1065/961 342/1061/957 193/1066/962
f 193/1066/962 342/1061/957 153/1067/963
f 153/1067/963 342/1061/957 140/1068/964
f 153/1067/963 140/1068/964 139/1069/965
f 140/1068/964 342/1061/957 141/1032/928
f 141/1032/928 342/1061/957 341/1070/966
f 141/1032/928 341/1070/966 340/1030/926
f 139/1069/965 138/1071/967 153/1067/963
f 173/1062/958 172/1072/968 167/1060/956
f 167/1060/956 172/1072/968 171/1073/969
f 167/1060/956 171/1073/969 170/1074/970
f 185/1075/971 242/1076/972 170/1074/970
f 170/1074/970 242/1076/972 167/1060/956
f 24/1059/955 23/1077/973 20/1054/950
f 20/1054/950 23/1077/973 9/1078/974
f 20/1054/950 9/1078/974 8/1079/975
f 8/1079/975 7/1080/976 20/1054/950
f 20/1054/950 7/1080/976 21/1081/977
f 21/1081/977 7/1080/976 6/1082/978
f 164/1083/979 157/1084/980 165/1053/949
f 165/1053/949 157/1084/980 156/1085/981
f 165/1053/949 156/1085/981 155/1086/982
f 155/1086/982 154/1087/983 165/1053/949
f 165/1053/949 154/1087/983 502/1088/984
f 165/1053/949 502/1088/984 509/1051/947
f 509/1051/947 502/1088/984 501/1089/985
f 509/1051/947 501/1089/985 500/1090/986
f 500/1090/986 499/1091/987 509/1051/947
f 509/1051/947 499/1091/987 510/1092/988
f 365/1093/989 358/1094/990 366/1047/943
f 366/1047/943 358/1094/990 357/1095/991
f 366/1047/943 357/1095/991 356/1096/992
f 365/1093/989 350/1097/993 358/1094/990
f 356/1096/992 373/1098/994 366/1047/943
f 366/1047/943 373/1098/994 372/1099/995
f 366/1047/943 372/1099/995 371/1048/944
f 521/1100/996 523/1101/997 520/1043/939
f 520/1043/939 523/1101/997 524/1102/998
f 520/1043/939 524/1102/998 525/1103/999
f 521/1100/996 522/1104/1000 523/1101/997
f 525/1103/999 526/1044/940 520/1043/939
f 527/1045/941 528/1105/1001 515/1037/933
f 515/1037/933 528/1105/1001 529/1106/1002
f 515/1037/933 529/1106/1002 530/1107/1003
f 530/1107/1003 491/1039/935 515/1037/933
f 520/1108/1004 371/1109/754 532/1110/1005
f 532/1110/1005 371/1109/754 370/1111/755
f 532/1110/1005 370/1111/755 531/1112/1006
f 536/1113/1007 526/1114/1008 535/1115/1009
f 535/1115/1009 526/1114/1008 525/1116/1010
f 535/1115/1009 525/1116/1010 534/1117/1011
f 534/1117/1011 525/1116/1010 524/1118/1012
f 534/1117/1011 524/1118/1012 533/1119/1013
f 533/1119/1013 524/1118/1012 523/1120/1014
f 523/1121/1014 522/1122/1015 533/1123/1013
f 533/1123/1013 522/1122/1015 543/1124/1016
f 543/1124/1016 522/1122/1015 541/1125/1017
f 543/1124/1016 541/1125/1017 542/1126/1018
f 537/1127/1019 538/1128/1020 522/1122/1015
f 522/1122/1015 538/1128/1020 541/1125/1017
f 538/1128/1020 539/1129/1021 541/1125/1017
f 541/1125/1017 539/1129/1021 540/1130/1022
f 527/1131/1023 544/1132/1024 528/1133/1025
f 528/1133/1025 544/1132/1024 545/1134/1026
f 528/1133/1025 545/1134/1026 529/1135/1027
f 529/1135/1027 545/1134/1026 546/1136/1028
f 529/1135/1027 546/1136/1028 530/1137/1029
f 530/1137/1029 546/1136/1028 547/1138/1030
f 530/1139/1029 547/1140/1030 491/1141/1031
f 491/1141/1031 547/1140/1030 548/1142/1032
f 491/1141/1031 548/1142/1032 553/1143/1033
f 553/1143/1033 548/1142/1032 550/1144/1034
f 553/1143/1033 550/1144/1034 551/1145/1035
f 548/1142/1032 549/1146/1036 550/1144/1034
f 551/1145/1035 552/1147/1037 553/1143/1033
f 553/1143/1033 492/1148/1038 491/1141/1031
f 554/1149/1039 555/1150/1040 560/1151/1041
f 560/1151/1041 555/1150/1040 559/1152/1042
f 559/1152/1042 555/1150/1040 556/1153/1043
f 559/1152/1042 556/1153/1043 558/1154/1044
f 558/1154/1044 556/1153/1043 557/1155/1045
f 558/1154/1044 557/1155/1045 531/1156/1006
f 531/1156/1006 557/1155/1045 532/1157/1005
f 536/1158/1007 544/1159/1024 526/1160/1008
f 526/1160/1008 544/1159/1024 527/1161/1023
f 549/1162/1046 548/1163/1047 561/1164/1048
f 561/1164/1048 548/1163/1047 562/1165/1049
f 561/1164/1048 562/1165/1049 564/1166/1050
f 564/1166/1050 562/1165/1049 563/1167/1051
f 564/1166/1050 565/1168/1052 561/1164/1048
f 561/1164/1048 565/1168/1052 566/1169/1053
f 567/1170/1054 568/1171/1055 552/1172/1056
f 552/1172/1056 568/1171/1055 553/1173/1057
f 569/1174/1058 494/1175/1059 570/1176/1060
f 570/1176/1060 494/1175/1059 493/1177/1061
f 571/1178/1062 565/1179/1063 572/1180/1064
f 572/1180/1064 565/1179/1063 564/1181/1065
f 574/1182/1066 575/1183/1067 573/1184/1068
f 573/1184/1068 575/1183/1067 577/1185/1069
f 577/1185/1069 575/1183/1067 576/1186/1070
f 495/1187/1071 578/1188/1072 496/1189/1073
f 496/1189/1073 578/1188/1072 579/1190/1074
f 580/1191/1075 581/1192/1076 584/1193/1077
f 584/1193/1077 581/1192/1076 582/1194/1078
f 584/1193/1077 582/1194/1078 583/1195/1079
f 585/1196/1080 551/1197/1081 586/1198/1082
f 586/1198/1082 551/1197/1081 550/1199/1083
f 566/1200/1084 587/1201/1085 561/1202/1086
f 561/1202/1086 587/1201/1085 588/1203/1087
f 575/1204/1088 574/1205/1089 584/1206/1090
f 584/1206/1090 574/1205/1089 580/1207/1091
f 571/1208/1092 572/1209/1093 587/1210/1094
f 587/1210/1094 572/1209/1093 588/1211/1095
f 567/1212/1096 552/1213/1097 585/1214/1098
f 585/1214/1098 552/1213/1097 551/1215/1099
f 574/1216/1100 573/1217/1101 580/1218/1102
f 580/1218/1102 573/1217/1101 581/1219/1103
f 571/1220/1104 587/1221/1105 565/1222/1106
f 565/1222/1106 587/1221/1105 566/1223/1107
f 568/1224/1108 567/1225/1109 586/1226/1110
f 586/1226/1110 567/1225/1109 585/1227/1111
f 407/1228/1112 406/1229/1113 590/1230/1114
f 590/1230/1114 406/1229/1113 589/1231/1115
f 408/1232/1116 407/1233/1117 591/1234/1118
f 591/1234/1118 407/1233/1117 590/1235/1119
f 403/1236/1120 408/1237/1121 592/1238/1122
f 592/1238/1122 408/1237/1121 591/1239/1123
f 404/1240/1124 403/1241/1125 593/1242/1126
f 593/1242/1126 403/1241/1125 592/1243/1127
f 405/1244/1128 404/1245/1129 594/1246/1130
f 594/1246/1130 404/1245/1129 593/1247/1131
f 406/1248/1132 405/1249/1133 589/1250/1134
f 589/1250/1134 405/1249/1133 594/1251/1135
f 412/1252/811 424/1253/813 413/1254/825
f 413/1254/825 424/1253/813 429/1255/826
f 570/1256/1136 579/1257/1137 569/1258/1138
f 569/1258/1138 579/1257/1137 578/1259/1139
f 592/1260/1140 584/1261/1141 593/1262/1142
f 593/1262/1142 584/1261/1141 579/1263/1143
f 593/1262/1142 579/1263/1143 594/1264/1144
f 594/1264/1144 579/1263/1143 570/1265/1145
f 594/1264/1144 570/1265/1145 589/1266/1146
f 589/1266/1146 570/1265/1145 568/1267/1147
f 589/1266/1146 568/1267/1147 590/1268/1148
f 590/1268/1148 568/1267/1147 586/1269/1149
f 590/1268/1148 586/1269/1149 588/1270/1150
f 588/1270/1150 586/1269/1149 549/1271/1151
f 588/1270/1150 549/1271/1151 561/1272/1152
f 591/1273/1153 572/1274/1154 592/1260/1140
f 592/1260/1140 572/1274/1154 575/1275/1155
f 592/1260/1140 575/1275/1155 584/1261/1141
f 572/1274/1154 591/1273/1153 588/1270/1150
f 588/1270/1150 591/1273/1153 590/1268/1148
f 583/1276/1156 497/1277/1157 584/1261/1141
f 584/1261/1141 497/1277/1157 579/1263/1143
f 497/1277/1157 496/1278/1158 579/1263/1143
f 493/1279/1159 492/1280/1160 570/1265/1145
f 570/1265/1145 492/1280/1160 568/1267/1147
f 492/1280/1160 553/1281/1161 568/1267/1147
f 586/1269/1149 550/1282/1162 549/1271/1151
f 564/1283/1163 563/1284/1164 572/1274/1154
f 572/1274/1154 563/1284/1164 575/1275/1155
f 563/1284/1164 576/1285/1165 575/1275/1155
f 573/1286/1166 577/1287/1167 581/1288/1168
f 581/1288/1168 577/1287/1167 582/1289/1169
f 563/1290/1170 562/1291/1171 576/1292/1172
f 576/1292/1172 562/1291/1171 498/1293/1173
f 576/1292/1172 498/1293/1173 583/1294/1174
f 583/1294/1174 498/1293/1173 497/1295/1175
f 583/1294/1174 582/1296/1176 576/1292/1172
f 576/1292/1172 582/1296/1176 577/1297/1177
f 569/1298/1178 578/1299/1179 494/1300/1180
f 494/1300/1180 578/1299/1179 495/1301/1181
f 595/1302/1182 596/1303/1183 554/1304/1184
f 554/1304/1184 596/1303/1183 608/1305/1185
f 554/1304/1184 608/1305/1185 609/1306/1186
f 597/1307/1187 613/1308/1188 596/1303/1183
f 596/1303/1183 613/1308/1188 614/1309/1189
f 596/1303/1183 614/1309/1189 608/1305/1185
f 608/1305/1185 614/1309/1189 615/1310/1190
f 608/1305/1185 615/1310/1190 607/1311/1191
f 607/1311/1191 615/1310/1190 610/1312/1192
f 607/1311/1191 610/1312/1192 605/1313/1193
f 605/1313/1193 610/1312/1192 611/1314/1194
f 605/1313/1193 611/1314/1194 604/1315/1195
f 604/1315/1195 611/1314/1194 602/1316/1196
f 604/1315/1195 602/1316/1196 542/1317/1197
f 542/1317/1197 602/1316/1196 603/1318/1198
f 598/1319/1199 599/1320/1200 597/1307/1187
f 597/1307/1187 599/1320/1200 601/1321/1201
f 597/1307/1187 601/1321/1201 613/1308/1188
f 613/1308/1188 601/1321/1201 612/1322/1202
f 612/1322/1202 601/1321/1201 602/1316/1196
f 612/1322/1202 602/1316/1196 611/1314/1194
f 599/1320/1200 600/1323/1203 601/1321/1201
f 542/1317/1197 541/1324/1204 604/1315/1195
f 538/1325/1205 537/1326/1206 605/1313/1193
f 605/1313/1193 537/1326/1206 607/1311/1191
f 537/1326/1206 606/1327/1207 607/1311/1191
f 521/1328/1208 520/1329/1209 609/1306/1186
f 609/1306/1186 520/1329/1209 556/1330/1210
f 609/1306/1186 556/1330/1210 555/1331/1211
f 532/1332/1212 557/1333/1213 520/1329/1209
f 520/1329/1209 557/1333/1213 556/1330/1210
f 555/1331/1211 554/1304/1184 609/1306/1186
f 537/1334/1214 522/1335/1215 606/1336/1216
f 606/1336/1216 522/1335/1215 521/1337/1217
f 606/1336/1216 521/1337/1217 617/1338/1218
f 617/1338/1218 521/1337/1217 616/1339/1219
f 616/1339/1219 521/1337/1217 609/1340/1220
f 599/1341/1221 618/1342/1222 600/1343/1223
f 600/1343/1223 618/1342/1222 543/1344/1224
f 600/1343/1223 543/1344/1224 603/1345/1225
f 603/1345/1225 543/1344/1224 542/1346/1226
f 603/1345/1225 619/1347/1227 600/1343/1223
f 600/1343/1223 619/1347/1227 620/1348/1228
f 622/1349/1229 596/1350/1230 621/1351/1231
f 621/1351/1231 596/1350/1230 595/1352/1232
f 623/1353/1233 616/1354/1234 608/1355/1235
f 608/1355/1235 616/1354/1234 609/1356/1236
f 624/1357/1237 619/1358/1238 602/1359/1239
f 602/1359/1239 619/1358/1238 603/1360/1240
f 626/1361/1241 604/1362/1242 625/1363/1243
f 625/1363/1243 604/1362/1242 540/1364/1244
f 540/1364/1244 604/1362/1242 541/1365/1245
f 617/1366/1246 627/1367/1247 606/1368/1248
f 606/1368/1248 627/1367/1247 607/1369/1249
f 628/1370/1250 629/1371/1251 605/1372/1252
f 605/1372/1252 629/1371/1251 539/1373/1253
f 605/1372/1252 539/1373/1253 538/1374/1254
f 630/1375/1255 631/1376/1256 597/1377/1257
f 597/1377/1257 631/1376/1256 598/1378/1258
f 620/1379/1259 632/1380/1260 600/1381/1261
f 600/1381/1261 632/1380/1260 601/1382/1262
f 604/1383/1263 626/1384/1264 605/1385/1265
f 605/1385/1265 626/1384/1264 628/1386/1266
f 624/1387/1267 602/1388/1268 632/1389/1269
f 632/1389/1269 602/1388/1268 601/1390/1270
f 622/1391/1271 621/1392/1272 630/1393/1273
f 630/1393/1273 621/1392/1272 631/1394/1274
f 626/1395/1275 625/1396/1276 628/1397/1277
f 628/1397/1277 625/1396/1276 629/1398/1278
f 624/1399/1279 632/1400/1280 619/1401/1281
f 619/1401/1281 632/1400/1280 620/1402/1282
f 596/1403/1283 622/1404/1284 597/1405/1285
f 597/1405/1285 622/1404/1284 630/1406/1286
f 475/1407/1287 474/1408/1288 613/1409/1289
f 613/1409/1289 474/1408/1288 614/1410/1290
f 476/1411/1291 475/1412/1292 612/1413/1293
f 612/1413/1293 475/1412/1292 613/1414/1294
f 471/1415/1295 476/1416/1296 611/1417/1297
f 611/1417/1297 476/1416/1296 612/1418/1298
f 472/1419/1299 471/1420/1300 610/1421/1301
f 610/1421/1301 471/1420/1300 611/1422/1302
f 473/1423/1303 472/1424/1304 615/1425/1305
f 615/1425/1305 472/1424/1304 610/1426/1306
f 474/1427/1307 473/1428/1308 614/1429/1309
f 614/1429/1309 473/1428/1308 615/1430/1310
f 464/1431/864 463/1432/863 480/1433/887
f 480/1433/887 463/1432/863 470/1434/888
f 608/1435/1311 607/1436/1312 623/1437/1313
f 623/1437/1313 607/1436/1312 627/1438/1314
f 625/1439/1315 540/1440/1316 629/1441/1317
f 629/1441/1317 540/1440/1316 539/1442/1318
f 554/1443/1319 560/1444/1320 595/1445/1321
f 595/1445/1321 560/1444/1320 598/1446/1322
f 595/1445/1321 598/1446/1322 631/1447/1323
f 560/1444/1320 618/1448/1324 598/1446/1322
f 598/1446/1322 618/1448/1324 599/1449/1325
f 631/1447/1323 621/1450/1326 595/1445/1321
f 623/1451/1327 627/1452/1328 616/1453/1329
f 616/1453/1329 627/1452/1328 617/1454/1330
f 346/1455/1331 4/1456/1332 633/1457/1333
f 633/1457/1333 4/1456/1332 281/1458/1334
f 348/1459/1335 346/1460/1336 634/1461/1337
f 634/1461/1337 346/1460/1336 633/1462/1338
f 3/1463/1339 348/1464/1340 280/1465/1341
f 280/1465/1341 348/1464/1340 634/1466/1342
f 507/1467/919 506/1468/918 640/1469/1343
f 640/1469/1343 506/1468/918 637/1470/1344
f 640/1469/1343 637/1470/1344 638/1471/1345
f 506/1468/918 635/1472/1346 637/1470/1344
f 637/1470/1344 635/1472/1346 636/1473/1347
f 638/1471/1345 639/1474/1348 640/1469/1343
f 367/1475/1349 366/1476/1350 644/1477/1351
f 644/1477/1351 366/1476/1350 509/1478/1352
f 644/1477/1351 509/1478/1352 641/1479/1353
f 641/1479/1353 509/1478/1352 511/1480/1354
f 641/1479/1353 642/1481/1355 644/1477/1351
f 644/1477/1351 642/1481/1355 643/1482/1356
f 646/1483/1357 647/1484/1358 645/1485/1359
f 645/1485/1359 647/1484/1358 648/1486/1360
f 649/1487/1361 638/1488/1362 650/1489/1363
f 650/1489/1363 638/1488/1362 637/1490/1364
f 651/1491/1365 360/1492/1366 652/1493/1367
f 652/1493/1367 360/1492/1366 359/1494/1368
f 654/1495/1369 655/1496/1370 653/1497/1371
f 653/1497/1371 655/1496/1370 643/1498/1372
f 643/1498/1372 655/1496/1370 644/1499/1373
f 639/1500/1374 656/1501/1375 640/1502/1376
f 640/1502/1376 656/1501/1375 657/1503/1377
f 658/1504/1378 659/1505/1379 660/1506/1380
f 660/1506/1380 659/1505/1379 642/1507/1381
f 660/1506/1380 642/1507/1381 641/1508/1382
f 661/1509/1383 662/1510/1384 664/1511/1385
f 664/1511/1385 662/1510/1384 663/1512/1386
f 361/1513/1387 665/1514/1388 362/1515/1389
f 362/1515/1389 665/1514/1388 666/1516/1390
f 655/1517/1391 654/1518/1392 660/1519/1393
f 660/1519/1393 654/1518/1392 658/1520/1394
f 651/1521/1395 652/1522/1396 665/1523/1397
f 665/1523/1397 652/1522/1396 666/1524/1398
f 646/1525/1399 645/1526/1400 661/1527/1401
f 661/1527/1401 645/1526/1400 662/1528/1402
f 654/1529/1403 653/1530/1404 658/1531/1405
f 658/1531/1405 653/1530/1404 659/1532/1406
f 651/1533/1407 665/1534/1408 360/1535/1409
f 360/1535/1409 665/1534/1408 361/1536/1410
f 647/1537/1411 646/1538/1412 664/1539/1413
f 664/1539/1413 646/1538/1412 661/1540/1414
f 667/1541/1415 668/1542/1416 670/1543/1417
f 670/1543/1417 668/1542/1416 669/1544/1418
f 671/1545/1419 667/1546/1420 672/1547/1421
f 672/1547/1421 667/1546/1420 670/1548/1422
f 673/1549/1423 671/1550/1424 674/1551/1425
f 674/1551/1425 671/1550/1424 672/1552/1426
f 675/1553/1427 673/1554/1428 676/1555/1429
f 676/1555/1429 673/1554/1428 674/1556/1430
f 677/1557/1431 675/1558/1432 678/1559/1433
f 678/1559/1433 675/1558/1432 676/1560/1434
f 668/1561/1435 677/1562/1436 669/1563/1437
f 669/1563/1437 677/1562/1436 678/1564/1438
f 376/1565/1439 375/1566/1440 377/1567/1441
f 377/1567/1441 375/1566/1440 374/1568/1442
f 377/1567/1441 374/1568/1442 673/1569/1443
f 673/1569/1443 374/1568/1442 671/1570/1444
f 671/1570/1444 374/1568/1442 679/1571/1445
f 671/1570/1444 679/1571/1445 667/1572/1446
f 667/1572/1446 679/1571/1445 390/1573/1447
f 667/1572/1446 390/1573/1447 668/1574/1448
f 668/1574/1448 390/1573/1447 677/1575/1449
f 677/1575/1449 390/1573/1447 386/1576/1450
f 677/1575/1449 386/1576/1450 675/1577/1451
f 675/1577/1451 386/1576/1450 382/1578/1452
f 675/1577/1451 382/1578/1452 673/1569/1443
f 673/1569/1443 382/1578/1452 377/1567/1441
f 386/1576/1450 385/1579/1453 382/1578/1452
f 382/1578/1452 385/1579/1453 384/1580/1454
f 374/1581/757 381/1582/756 679/1583/1455
f 650/1584/1456 657/1585/1457 649/1586/1458
f 649/1586/1458 657/1585/1457 656/1587/1459
f 674/1588/1460 660/1589/1461 676/1590/1462
f 676/1590/1462 660/1589/1461 657/1591/1463
f 676/1590/1462 657/1591/1463 678/1592/1464
f 678/1592/1464 657/1591/1463 650/1593/1465
f 678/1592/1464 650/1593/1465 669/1594/1466
f 669/1594/1466 650/1593/1465 647/1595/1467
f 669/1594/1466 647/1595/1467 670/1596/1468
f 670/1596/1468 647/1595/1467 664/1597/1469
f 670/1596/1468 664/1597/1469 666/1598/1470
f 666/1598/1470 664/1597/1469 363/1599/1471
f 666/1598/1470 363/1599/1471 362/1600/1472
f 672/1601/1473 652/1602/1474 674/1588/1460
f 674/1588/1460 652/1602/1474 655/1603/1475
f 674/1588/1460 655/1603/1475 660/1589/1461
f 652/1602/1474 672/1601/1473 666/1598/1470
f 666/1598/1470 672/1601/1473 670/1596/1468
f 641/1604/1476 511/1605/1477 660/1589/1461
f 660/1589/1461 511/1605/1477 510/1606/1478
f 660/1589/1461 510/1606/1478 508/1607/1479
f 508/1607/1479 510/1606/1478 499/1608/1480
f 508/1607/1479 507/1609/1481 660/1589/1461
f 660/1589/1461 507/1609/1481 657/1591/1463
f 507/1609/1481 640/1610/1482 657/1591/1463
f 637/1611/1483 636/1612/1484 650/1593/1465
f 650/1593/1465 636/1612/1484 647/1595/1467
f 636/1612/1484 648/1613/1485 647/1595/1467
f 664/1597/1469 663/1614/1486 363/1599/1471
f 359/1615/1487 351/1616/1488 652/1602/1474
f 652/1602/1474 351/1616/1488 655/1603/1475
f 350/1617/1489 365/1618/1490 351/1616/1488
f 351/1616/1488 365/1618/1490 655/1603/1475
f 365/1618/1490 367/1619/1491 655/1603/1475
f 655/1603/1475 367/1619/1491 644/1620/1492
f 653/1621/1493 643/1622/1494 659/1623/1495
f 659/1623/1495 643/1622/1494 642/1624/1496
f 490/1625/1497 633/1626/1498 142/1627/1499
f 142/1627/1499 633/1626/1498 281/1628/1500
f 142/1627/1499 281/1628/1500 91/1629/1501
f 91/1629/1501 281/1628/1500 187/1630/1502
f 91/1629/1501 187/1630/1502 186/1631/1503
f 633/1626/1498 490/1625/1497 438/1632/1504
f 438/1632/1504 490/1625/1497 489/1633/1505
f 438/1632/1504 489/1633/1505 488/1634/1506
f 488/1634/1506 487/1635/1507 438/1632/1504
f 438/1632/1504 487/1635/1507 395/1636/1508
f 395/1636/1508 487/1635/1507 498/1637/1509
f 395/1636/1508 498/1637/1509 396/1638/1510
f 396/1638/1510 498/1637/1509 397/1639/1511
f 397/1639/1511 498/1637/1509 398/1640/1512
f 398/1640/1512 498/1637/1509 421/1641/1513
f 421/1641/1513 498/1637/1509 562/1642/1514
f 421/1641/1513 562/1642/1514 422/1643/1515
f 422/1643/1515 562/1642/1514 423/1644/1516
f 423/1644/1516 562/1642/1514 424/1645/1517
f 424/1645/1517 562/1642/1514 429/1646/1518
f 429/1646/1518 562/1642/1514 548/1647/1519
f 429/1646/1518 548/1647/1519 430/1648/1520
f 430/1648/1520 548/1647/1519 431/1649/1521
f 431/1649/1521 548/1647/1519 432/1650/1522
f 432/1650/1522 548/1647/1519 435/1651/1523
f 435/1651/1523 548/1647/1519 547/1652/1524
f 435/1651/1523 547/1652/1524 436/1653/1525
f 436/1653/1525 547/1652/1524 437/1654/1526
f 437/1654/1526 547/1652/1524 438/1632/1504
f 438/1632/1504 547/1652/1524 546/1655/1527
f 438/1632/1504 546/1655/1527 633/1626/1498
f 633/1626/1498 546/1655/1527 545/1656/1528
f 633/1626/1498 545/1656/1528 544/1657/1529
f 544/1657/1529 536/1658/1530 633/1626/1498
f 633/1626/1498 536/1658/1530 634/1659/1531
f 634/1659/1531 536/1658/1530 531/1660/1532
f 634/1659/1531 531/1660/1532 370/1661/1533
f 536/1658/1530 535/1662/1534 531/1660/1532
f 531/1660/1532 535/1662/1534 558/1663/1535
f 558/1663/1535 535/1662/1534 534/1664/1536
f 558/1663/1535 534/1664/1536 452/1665/1537
f 452/1665/1537 534/1664/1536 445/1666/1538
f 445/1666/1538 534/1664/1536 533/1667/1539
f 445/1666/1538 533/1667/1539 446/1668/1540
f 446/1668/1540 533/1667/1539 447/1669/1541
f 447/1669/1541 533/1667/1539 448/1670/1542
f 448/1670/1542 533/1667/1539 543/1671/1543
f 448/1670/1542 543/1671/1543 477/1672/1544
f 477/1672/1544 543/1671/1543 478/1673/1545
f 478/1673/1545 543/1671/1543 479/1674/1546
f 479/1674/1546 543/1671/1543 480/1675/1547
f 480/1675/1547 543/1671/1543 464/1676/1548
f 464/1676/1548 543/1671/1543 618/1677/1549
f 464/1676/1548 618/1677/1549 465/1678/1550
f 465/1678/1550 618/1677/1549 466/1679/1551
f 466/1679/1551 618/1677/1549 460/1680/1552
f 460/1680/1552 618/1677/1549 560/1681/1553
f 460/1680/1552 560/1681/1553 456/1682/1554
f 456/1682/1554 560/1681/1553 457/1683/1555
f 457/1683/1555 560/1681/1553 458/1684/1556
f 458/1684/1556 560/1681/1553 559/1685/1557
f 458/1684/1556 559/1685/1557 452/1665/1537
f 452/1665/1537 559/1685/1557 558/1663/1535
f 370/1661/1533 369/1686/1558 634/1659/1531
f 634/1659/1531 369/1686/1558 368/1687/1559
f 634/1659/1531 368/1687/1559 355/1688/1560
f 354/1689/1561 379/1690/1562 355/1688/1560
f 355/1688/1560 379/1690/1562 378/1691/1563
f 355/1688/1560 378/1691/1563 634/1659/1531
f 634/1659/1531 378/1691/1563 383/1692/1564
f 634/1659/1531 383/1692/1564 504/1693/1565
f 504/1693/1565 383/1692/1564 389/1694/1566
f 504/1693/1565 389/1694/1566 505/1695/1567
f 505/1695/1567 389/1694/1566 388/1696/1568
f 505/1695/1567 388/1696/1568 506/1697/1569
f 506/1697/1569 388/1696/1568 387/1698/1570
f 506/1697/1569 387/1698/1570 390/1699/1571
f 354/1689/1561 353/1700/1572 379/1690/1562
f 379/1690/1562 353/1700/1572 352/1701/1573
f 379/1690/1562 352/1701/1573 380/1702/1574
f 380/1702/1574 352/1701/1573 381/1703/1575
f 381/1703/1575 352/1701/1573 679/1704/1576
f 679/1704/1576 352/1701/1573 364/1705/1577
f 679/1704/1576 364/1705/1577 635/1706/1578
f 679/1704/1576 635/1706/1578 390/1699/1571
f 390/1699/1571 635/1706/1578 506/1697/1569
f 504/1693/1565 503/1707/1579 634/1659/1531
f 634/1659/1531 503/1707/1579 280/1708/1580
f 280/1708/1580 503/1707/1579 163/1709/1581
f 280/1708/1580 163/1709/1581 162/1710/1582
f 161/1711/1583 42/1712/1584 162/1710/1582
f 162/1710/1582 42/1712/1584 37/1713/1585
f 162/1710/1582 37/1713/1585 280/1708/1580
f 280/1708/1580 37/1713/1585 36/1714/1586
f 280/1708/1580 36/1714/1586 10/1715/1587
f 10/1715/1587 36/1714/1586 35/1716/1588
f 10/1715/1587 35/1716/1588 11/1717/1589
f 11/1717/1589 35/1716/1588 12/1718/1590
f 12/1718/1590 35/1716/1588 13/1719/1591
f 13/1719/1591 35/1716/1588 34/1720/1592
f 13/1719/1591 34/1720/1592 33/1721/1593
f 42/1712/1584 161/1711/1583 43/1722/1594
f 43/1722/1594 161/1711/1583 160/1723/1595
f 43/1722/1594 160/1723/1595 44/1724/1596
f 44/1724/1596 160/1723/1595 45/1725/1597
f 45/1725/1597 160/1723/1595 287/1726/1598
f 45/1725/1597 287/1726/1598 14/1727/1599
f 45/1725/1597 14/1727/1599 326/1728/1600
f 326/1728/1600 14/1727/1599 13/1719/1591
f 326/1728/1600 13/1719/1591 33/1721/1593
f 10/1715/1587 28/1729/1601 280/1708/1580
f 280/1708/1580 28/1729/1601 27/1730/1602
f 280/1708/1580 27/1730/1602 26/1731/1603
f 26/1731/1603 169/1732/1604 280/1708/1580
f 280/1708/1580 169/1732/1604 174/1733/1605
f 280/1708/1580 174/1733/1605 281/1628/1500
f 281/1628/1500 174/1733/1605 189/1734/1606
f 281/1628/1500 189/1734/1606 188/1735/1607
f 174/1733/1605 169/1732/1604 175/1736/1608
f 175/1736/1608 169/1732/1604 206/1737/1609
f 175/1736/1608 206/1737/1609 176/1738/1610
f 176/1738/1610 206/1737/1609 106/1739/1611
f 176/1738/1610 106/1739/1611 103/1740/1612
f 206/1737/1609 205/1741/1613 106/1739/1611
f 106/1739/1611 205/1741/1613 111/1742/1614
f 111/1742/1614 205/1741/1613 204/1743/1615
f 111/1742/1614 204/1743/1615 112/1744/1616
f 112/1744/1616 204/1743/1615 113/1745/1617
f 113/1745/1617 204/1743/1615 267/1746/1618
f 113/1745/1617 267/1746/1618 114/1747/1619
f 114/1747/1619 267/1746/1618 119/1748/1620
f 119/1748/1620 267/1746/1618 120/1749/1621
f 120/1749/1621 267/1746/1618 121/1750/1622
f 121/1750/1622 267/1746/1618 178/1751/1623
f 121/1750/1622 178/1751/1623 132/1752/1624
f 132/1752/1624 178/1751/1623 133/1753/1625
f 133/1753/1625 178/1751/1623 134/1754/1626
f 134/1754/1626 178/1751/1623 135/1755/1627
f 135/1755/1627 178/1751/1623 100/1756/1628
f 100/1756/1628 178/1751/1623 177/1757/1629
f 100/1756/1628 177/1757/1629 101/1758/1630
f 101/1758/1630 177/1757/1629 102/1759/1631
f 102/1759/1631 177/1757/1629 103/1740/1612
f 103/1740/1612 177/1757/1629 176/1738/1610
f 188/1735/1607 187/1630/1502 281/1628/1500
f 199/1760/1632 90/1761/1633 186/1631/1503
f 186/1631/1503 90/1761/1633 93/1762/1634
f 186/1631/1503 93/1762/1634 92/1763/1635
f 212/1764/1636 87/1765/1637 199/1760/1632
f 199/1760/1632 87/1765/1637 86/1766/1638
f 199/1760/1632 86/1766/1638 85/1767/1639
f 146/1768/1640 50/1769/1641 212/1764/1636
f 212/1764/1636 50/1769/1641 76/1770/1642
f 212/1764/1636 76/1770/1642 79/1771/1643
f 145/1772/1644 53/1773/1645 146/1768/1640
f 146/1768/1640 53/1773/1645 52/1774/1646
f 146/1768/1640 52/1774/1646 51/1775/1647
f 53/1773/1645 145/1772/1644 91/1629/1501
f 91/1629/1501 145/1772/1644 144/1776/1648
f 91/1629/1501 144/1776/1648 143/1777/1649
f 143/1777/1649 142/1627/1499 91/1629/1501
f 79/1771/1643 78/1778/1650 212/1764/1636
f 212/1764/1636 78/1778/1650 77/1779/1651
f 212/1764/1636 77/1779/1651 87/1765/1637
f 85/1767/1639 84/1780/1652 199/1760/1632
f 199/1760/1632 84/1780/1652 90/1761/1633
f 92/1763/1635 91/1629/1501 186/1631/1503
f 51/1775/1647 50/1769/1641 146/1768/1640
f 636/1781/1653 635/1782/1654 648/1783/1655
f 648/1783/1655 635/1782/1654 663/1784/1656
f 648/1783/1655 663/1784/1656 662/1785/1657
f 635/1782/1654 364/1786/1658 663/1784/1656
f 663/1784/1656 364/1786/1658 363/1787/1659
f 662/1785/1657 645/1788/1660 648/1783/1655
f 649/1789/1661 656/1790/1662 638/1791/1663
f 638/1791/1663 656/1790/1662 639/1792/1664
f 516/1793/1665 680/1794/1666 517/1795/1667
f 517/1795/1667 680/1794/1666 681/1796/1668
f 517/1795/1667 681/1796/1668 518/1797/1669
f 518/1797/1669 681/1796/1668 682/1798/1670
f 518/1797/1669 682/1798/1670 519/1799/1671
f 519/1799/1671 682/1798/1670 683/1800/1672
f 347/1801/1673 2/1802/1674 684/1803/1675
f 684/1803/1675 2/1802/1674 344/1804/1676
f 683/1805/1672 327/1806/697 519/1807/1671
f 519/1807/1671 327/1806/697 334/1808/696
f 512/1809/1677 685/1810/1678 513/1811/1679
f 513/1811/1679 685/1810/1678 686/1812/1680
f 513/1811/1679 686/1812/1680 514/1813/1681
f 514/1813/1681 686/1812/1680 687/1814/1682
f 514/1813/1681 687/1814/1682 515/1815/1683
f 515/1815/1683 687/1814/1682 688/1816/1684
f 688/1817/1684 680/1818/1666 515/1819/1683
f 515/1819/1683 680/1818/1666 516/1820/1665
f 345/1821/1685 347/1822/1686 349/1823/1687
f 349/1823/1687 347/1822/1686 684/1824/1688
f 349/1825/1689 338/1826/1690 343/1827/1691
f 343/1827/1691 338/1826/1690 335/1828/1692
f 343/1827/1691 335/1828/1692 330/1829/1693
f 684/1830/1694 680/1831/1695 349/1825/1689
f 349/1825/1689 680/1831/1695 688/1832/1696
f 349/1825/1689 688/1832/1696 685/1833/1697
f 685/1833/1697 688/1832/1696 687/1834/1698
f 685/1833/1697 687/1834/1698 686/1835/1699
f 680/1831/1695 684/1830/1694 683/1836/1700
f 683/1836/1700 684/1830/1694 344/1837/1701
f 683/1836/1700 344/1837/1701 327/1838/1702
f 327/1838/1702 344/1837/1701 330/1829/1693
f 327/1838/1702 330/1829/1693 328/1839/1703
f 328/1839/1703 330/1829/1693 329/1840/1704
f 344/1837/1701 343/1827/1691 330/1829/1693
f 685/1833/1697 338/1826/1690 349/1825/1689
f 337/1841/1705 336/1842/1706 338/1826/1690
f 338/1826/1690 336/1842/1706 335/1828/1692
f 683/1836/1700 682/1843/1707 680/1831/1695
f 680/1831/1695 682/1843/1707 681/1844/1708
f 512/1845/1677 339/1846/710 685/1847/1678
f 685/1847/1678 339/1846/710 338/1848/711
f 490/1849/897 142/1850/176 483/1851/898
f 483/1851/898 142/1850/176 141/1852/177
# 688 vertices
# 1852 texture params
# 1708 normals
# 1400 facets

# 1 groups
