# WaveFront *.obj file (generated by Autodesk ATF)

mtllib pipette_tips_holder_100-1000ul.mtl

g Body1

v 34.500000 -4.000000 0.000000
v 36.000000 -4.401924 0.000000
v 37.098076 -5.500000 0.000000
v 37.500000 -7.000000 0.000000
v 37.500000 -7.000000 10.000000
v 37.098076 -5.500000 10.000000
v 36.000000 -4.401924 10.000000
v 34.500000 -4.000000 10.000000
v 37.500000 -37.500000 0.000000
v 37.500000 -37.500000 10.000000
v 21.322263 -4.000000 10.000000
v 20.296203 -4.180922 10.000000
v 19.393900 -4.701867 10.000000
v 18.724187 -5.500000 10.000000
v 18.724187 -5.500000 0.000000
v 19.393900 -4.701867 0.000000
v 20.296203 -4.180922 0.000000
v 21.322263 -4.000000 0.000000
v 20.080960 -3.150000 10.000000
v 20.080960 -3.150000 60.000000
v 12.768460 -15.815622 60.000000
v 12.768460 -15.815622 0.000000
v 7.000000 -37.500000 0.000000
v 5.500000 -37.098076 0.000000
v 4.401924 -36.000000 0.000000
v 4.000000 -34.500000 0.000000
v 4.000000 -34.500000 10.000000
v 4.401924 -36.000000 10.000000
v 5.500000 -37.098076 10.000000
v 7.000000 -37.500000 10.000000
v 4.000000 -21.965622 0.000000
v 4.000000 -21.965622 10.000000
v 7.000000 -18.965622 10.000000
v 5.500000 -19.367545 10.000000
v 4.401924 -20.465622 10.000000
v 4.401924 -20.465622 0.000000
v 5.500000 -19.367545 0.000000
v 7.000000 -18.965622 0.000000
v 47.450000 -44.500000 10.000000
v 47.054775 -45.975000 10.000000
v 45.975000 -47.054775 10.000000
v 44.500000 -47.450000 10.000000
v 44.500000 -47.450000 0.000000
v 45.975000 -47.054775 0.000000
v 47.054775 -45.975000 0.000000
v 47.450000 -44.500000 0.000000
v 11.412500 -12.665622 40.000000
v 10.863204 -14.715622 40.000000
v 9.362500 -16.216326 40.000000
v 7.312500 -16.765622 40.000000
v 5.262500 -16.216326 40.000000
v 3.761796 -14.715622 40.000000
v 3.212500 -12.665622 40.000000
v 3.761796 -10.615622 40.000000
v 5.262500 -9.114917 40.000000
v 7.312500 -8.565622 40.000000
v 9.362500 -9.114917 40.000000
v 10.863204 -10.615622 40.000000
v 11.512500 -12.665622 60.000000
v 10.949807 -10.565622 60.000000
v 9.412500 -9.028315 60.000000
v 7.312500 -8.465622 60.000000
v 5.212500 -9.028315 60.000000
v 3.675193 -10.565622 60.000000
v 3.112500 -12.665622 60.000000
v 3.675193 -14.765622 60.000000
v 5.212500 -16.302928 60.000000
v 7.312500 -16.865622 60.000000
v 9.412500 -16.302928 60.000000
v 10.949807 -14.765622 60.000000
v 3.679320 -10.765622 35.000000
v 4.633614 -9.561822 35.000000
v 5.963974 -8.793739 35.000000
v 7.483642 -8.569195 35.000000
v 8.780643 -8.838790 34.865443
v 9.850099 -9.446330 34.458946
v 10.655459 -10.292117 33.793537
v 11.150639 -11.224094 32.964896
v 11.392600 -13.068938 31.060376
v 10.863204 -14.715622 29.000000
v 10.863204 -14.715622 0.000000
v 9.947929 -15.806404 0.000000
v 8.714783 -16.518361 0.000000
v 7.312500 -16.765622 0.000000
v 7.312500 -16.765622 29.000000
v 5.621733 -16.400750 31.060376
v 4.145031 -15.268783 32.964896
v 3.585505 -14.373957 33.793537
v 3.255712 -13.253600 34.458946
v 3.264295 -12.023655 34.865443
v 11.162962 -2.196427 35.000000
v 12.044939 -3.184865 34.865443
v 13.105811 -3.807271 34.458946
v 14.240964 -4.081840 33.793537
v 15.295670 -4.044689 32.964896
v 17.014332 -3.331812 31.060376
v 18.175704 -2.050000 29.000000
v 18.175704 -2.050000 0.000000
v 7.312500 -18.965622 0.000000
v 9.467227 -18.585685 0.000000
v 11.362062 -17.491702 0.000000
v 11.362062 -17.491702 60.000000
v 9.467227 -18.585685 60.000000
v 7.312500 -18.965622 60.000000
v 9.467227 -18.585685 30.000000
v 11.362062 -17.491702 30.000000
v -37.500000 -7.000000 0.000000
v -37.098076 -5.500000 0.000000
v -36.000000 -4.401924 0.000000
v -34.500000 -4.000000 0.000000
v -34.500000 -4.000000 10.000000
v -36.000000 -4.401924 10.000000
v -37.098076 -5.500000 10.000000
v -37.500000 -7.000000 10.000000
v -37.500000 -37.500000 10.000000
v -37.500000 -37.500000 0.000000
v -18.724187 -5.500000 10.000000
v -19.393900 -4.701867 10.000000
v -20.296203 -4.180922 10.000000
v -21.322263 -4.000000 10.000000
v -21.322263 -4.000000 0.000000
v -20.296203 -4.180922 0.000000
v -19.393900 -4.701867 0.000000
v -18.724187 -5.500000 0.000000
v -12.768460 -15.815622 0.000000
v -12.768460 -15.815622 60.000000
v -20.080960 -3.150000 60.000000
v -20.080960 -3.150000 10.000000
v -4.000000 -34.500000 0.000000
v -4.401924 -36.000000 0.000000
v -5.500000 -37.098076 0.000000
v -7.000000 -37.500000 0.000000
v -7.000000 -37.500000 10.000000
v -5.500000 -37.098076 10.000000
v -4.401924 -36.000000 10.000000
v -4.000000 -34.500000 10.000000
v -4.000000 -21.965622 10.000000
v -4.000000 -21.965622 0.000000
v -4.401924 -20.465622 10.000000
v -5.500000 -19.367545 10.000000
v -7.000000 -18.965622 10.000000
v -7.000000 -18.965622 0.000000
v -5.500000 -19.367545 0.000000
v -4.401924 -20.465622 0.000000
v -44.500000 -47.450000 10.000000
v -45.975000 -47.054775 10.000000
v -47.054775 -45.975000 10.000000
v -47.450000 -44.500000 10.000000
v -47.450000 -44.500000 0.000000
v -47.054775 -45.975000 0.000000
v -45.975000 -47.054775 0.000000
v -44.500000 -47.450000 0.000000
v -11.412500 -12.665622 40.000000
v -10.863204 -10.615622 40.000000
v -9.362500 -9.114917 40.000000
v -7.312500 -8.565622 40.000000
v -5.262500 -9.114917 40.000000
v -3.761796 -10.615622 40.000000
v -3.212500 -12.665622 40.000000
v -3.761796 -14.715622 40.000000
v -5.262500 -16.216326 40.000000
v -7.312500 -16.765622 40.000000
v -9.362500 -16.216326 40.000000
v -10.863204 -14.715622 40.000000
v -11.512500 -12.665622 60.000000
v -10.949807 -14.765622 60.000000
v -9.412500 -16.302928 60.000000
v -7.312500 -16.865622 60.000000
v -5.212500 -16.302928 60.000000
v -3.675193 -14.765622 60.000000
v -3.112500 -12.665622 60.000000
v -3.675193 -10.565622 60.000000
v -5.212500 -9.028315 60.000000
v -7.312500 -8.465622 60.000000
v -9.412500 -9.028315 60.000000
v -10.949807 -10.565622 60.000000
v -7.483642 -8.569195 35.000000
v -5.963974 -8.793739 35.000000
v -4.633614 -9.561822 35.000000
v -3.679320 -10.765622 35.000000
v -3.264295 -12.023655 34.865443
v -3.255712 -13.253600 34.458946
v -3.585505 -14.373957 33.793537
v -4.145031 -15.268783 32.964896
v -5.621733 -16.400750 31.060376
v -7.312500 -16.765622 29.000000
v -7.312500 -16.765622 0.000000
v -8.714783 -16.518361 0.000000
v -9.947929 -15.806404 0.000000
v -10.863204 -14.715622 0.000000
v -10.863204 -14.715622 29.000000
v -11.392600 -13.068938 31.060376
v -11.150639 -11.224094 32.964896
v -10.655459 -10.292117 33.793537
v -9.850099 -9.446330 34.458946
v -8.780643 -8.838790 34.865443
v -18.175704 -2.050000 29.000000
v -17.014332 -3.331812 31.060376
v -15.295670 -4.044689 32.964896
v -14.240964 -4.081840 33.793537
v -13.105811 -3.807271 34.458946
v -12.044939 -3.184865 34.865443
v -11.162962 -2.196427 35.000000
v -18.175704 -2.050000 0.000000
v -7.312500 -18.965622 60.000000
v -7.312500 -18.965622 0.000000
v -11.362062 -17.491702 0.000000
v -9.467227 -18.585685 0.000000
v -9.467227 -18.585685 60.000000
v -11.362062 -17.491702 60.000000
v -11.362062 -17.491702 30.000000
v -9.467227 -18.585685 30.000000
v 37.500000 7.000000 0.000000
v 37.098076 5.500000 0.000000
v 36.000000 4.401924 0.000000
v 34.500000 4.000000 0.000000
v 34.500000 4.000000 10.000000
v 36.000000 4.401924 10.000000
v 37.098076 5.500000 10.000000
v 37.500000 7.000000 10.000000
v 37.500000 37.500000 10.000000
v 37.500000 37.500000 0.000000
v 18.724187 5.500000 10.000000
v 19.393900 4.701867 10.000000
v 20.296203 4.180922 10.000000
v 21.322263 4.000000 10.000000
v 21.322263 4.000000 0.000000
v 20.296203 4.180922 0.000000
v 19.393900 4.701867 0.000000
v 18.724187 5.500000 0.000000
v 12.768460 15.815622 0.000000
v 12.768460 15.815622 60.000000
v 20.080960 3.150000 60.000000
v 20.080960 3.150000 10.000000
v 4.000000 34.500000 0.000000
v 4.401924 36.000000 0.000000
v 5.500000 37.098076 0.000000
v 7.000000 37.500000 0.000000
v 7.000000 37.500000 10.000000
v 5.500000 37.098076 10.000000
v 4.401924 36.000000 10.000000
v 4.000000 34.500000 10.000000
v 4.000000 21.965622 10.000000
v 4.000000 21.965622 0.000000
v 4.401924 20.465622 10.000000
v 5.500000 19.367545 10.000000
v 7.000000 18.965622 10.000000
v 7.000000 18.965622 0.000000
v 5.500000 19.367545 0.000000
v 4.401924 20.465622 0.000000
v 44.500000 47.450000 10.000000
v 45.975000 47.054775 10.000000
v 47.054775 45.975000 10.000000
v 47.450000 44.500000 10.000000
v 47.450000 44.500000 0.000000
v 47.054775 45.975000 0.000000
v 45.975000 47.054775 0.000000
v 44.500000 47.450000 0.000000
v 10.525000 0.000000 40.000000
v 11.074296 2.050000 40.000000
v 12.575000 3.550704 40.000000
v 14.625000 4.100000 40.000000
v 16.675000 3.550704 40.000000
v 18.175704 2.050000 40.000000
v 18.725000 0.000000 40.000000
v 18.175704 -2.050000 40.000000
v 16.675000 -3.550704 40.000000
v 14.625000 -4.100000 40.000000
v 12.575000 -3.550704 40.000000
v 11.074296 -2.050000 40.000000
v 10.425000 0.000000 60.000000
v 10.987693 -2.100000 60.000000
v 12.525000 -3.637307 60.000000
v 14.625000 -4.200000 60.000000
v 16.725000 -3.637307 60.000000
v 18.262307 -2.100000 60.000000
v 18.825000 -0.000000 60.000000
v 18.262307 2.100000 60.000000
v 16.725000 3.637307 60.000000
v 14.625000 4.200000 60.000000
v 12.525000 3.637307 60.000000
v 10.987693 2.100000 60.000000
v 11.412500 12.665622 40.000000
v 10.863204 10.615622 40.000000
v 9.362500 9.114917 40.000000
v 7.312500 8.565622 40.000000
v 5.262500 9.114917 40.000000
v 3.761796 10.615622 40.000000
v 3.212500 12.665622 40.000000
v 3.761796 14.715622 40.000000
v 5.262500 16.216326 40.000000
v 7.312500 16.765622 40.000000
v 9.362500 16.216326 40.000000
v 10.863204 14.715622 40.000000
v 11.512500 12.665622 60.000000
v 10.949807 14.765622 60.000000
v 9.412500 16.302928 60.000000
v 7.312500 16.865622 60.000000
v 5.212500 16.302928 60.000000
v 3.675193 14.765622 60.000000
v 3.112500 12.665622 60.000000
v 3.675193 10.565622 60.000000
v 5.212500 9.028315 60.000000
v 7.312500 8.465622 60.000000
v 9.412500 9.028315 60.000000
v 10.949807 10.565622 60.000000
v 7.483642 8.569195 35.000000
v 5.963974 8.793739 35.000000
v 4.633614 9.561822 35.000000
v 3.679320 10.765622 35.000000
v 3.264295 12.023655 34.865443
v 3.255712 13.253600 34.458946
v 3.585505 14.373957 33.793537
v 4.145031 15.268783 32.964896
v 5.621733 16.400750 31.060376
v 7.312500 16.765622 29.000000
v 7.312500 16.765622 0.000000
v 8.714783 16.518361 0.000000
v 9.947929 15.806404 0.000000
v 10.863204 14.715622 0.000000
v 10.863204 14.715622 29.000000
v 11.392600 13.068938 31.060376
v 11.150639 11.224094 32.964896
v 10.655459 10.292117 33.793537
v 9.850099 9.446330 34.458946
v 8.780643 8.838790 34.865443
v 18.175704 2.050000 29.000000
v 17.014332 3.331812 31.060376
v 15.295670 4.044689 32.964896
v 14.240964 4.081840 33.793537
v 13.105811 3.807271 34.458946
v 12.044939 3.184865 34.865443
v 11.162962 2.196427 35.000000
v 18.175704 2.050000 0.000000
v 20.829289 -1.093984 10.000000
v 20.829289 1.093984 10.000000
v 20.829289 1.093984 60.000000
v 20.829289 -1.093984 60.000000
v 11.362062 17.491702 0.000000
v 9.467227 18.585685 0.000000
v 7.312500 18.965622 0.000000
v 7.312500 18.965622 60.000000
v 9.467227 18.585685 60.000000
v 11.362062 17.491702 60.000000
v 11.362062 17.491702 30.000000
v 9.467227 18.585685 30.000000
v 10.597588 -0.768084 35.000000
v 10.597588 0.768084 35.000000
v 18.662712 0.711958 0.000000
v 18.662712 -0.711958 0.000000
v -34.500000 4.000000 0.000000
v -36.000000 4.401924 0.000000
v -37.098076 5.500000 0.000000
v -37.500000 7.000000 0.000000
v -37.500000 7.000000 10.000000
v -37.098076 5.500000 10.000000
v -36.000000 4.401924 10.000000
v -34.500000 4.000000 10.000000
v -37.500000 37.500000 0.000000
v -37.500000 37.500000 10.000000
v -21.322263 4.000000 10.000000
v -20.296203 4.180922 10.000000
v -19.393900 4.701867 10.000000
v -18.724187 5.500000 10.000000
v -18.724187 5.500000 0.000000
v -19.393900 4.701867 0.000000
v -20.296203 4.180922 0.000000
v -21.322263 4.000000 0.000000
v -20.080960 3.150000 10.000000
v -20.080960 3.150000 60.000000
v -12.768460 15.815622 60.000000
v -12.768460 15.815622 0.000000
v -7.000000 37.500000 0.000000
v -5.500000 37.098076 0.000000
v -4.401924 36.000000 0.000000
v -4.000000 34.500000 0.000000
v -4.000000 34.500000 10.000000
v -4.401924 36.000000 10.000000
v -5.500000 37.098076 10.000000
v -7.000000 37.500000 10.000000
v -4.000000 21.965622 0.000000
v -4.000000 21.965622 10.000000
v -7.000000 18.965622 10.000000
v -5.500000 19.367545 10.000000
v -4.401924 20.465622 10.000000
v -4.401924 20.465622 0.000000
v -5.500000 19.367545 0.000000
v -7.000000 18.965622 0.000000
v -47.450000 44.500000 10.000000
v -47.054775 45.975000 10.000000
v -45.975000 47.054775 10.000000
v -44.500000 47.450000 10.000000
v -44.500000 47.450000 0.000000
v -45.975000 47.054775 0.000000
v -47.054775 45.975000 0.000000
v -47.450000 44.500000 0.000000
v -7.312500 16.765622 0.000000
v -8.714783 16.518361 0.000000
v -9.947929 15.806404 0.000000
v -10.863204 14.715622 0.000000
v -18.175704 2.050000 0.000000
v -18.662712 0.711958 0.000000
v -18.662712 -0.711958 0.000000
v -11.362062 17.491702 0.000000
v -9.467227 18.585685 0.000000
v -7.312500 18.965622 0.000000
v 4.200000 0.000000 60.000000
v 3.637307 2.100000 60.000000
v 2.100000 3.637307 60.000000
v 0.000000 4.200000 60.000000
v -2.100000 3.637307 60.000000
v -3.637307 2.100000 60.000000
v -4.200000 0.000000 60.000000
v -3.637307 -2.100000 60.000000
v -2.100000 -3.637307 60.000000
v -0.000000 -4.200000 60.000000
v 2.100000 -3.637307 60.000000
v 3.637307 -2.100000 60.000000
v 4.100000 0.000000 40.000000
v 3.550704 -2.050000 40.000000
v 2.050000 -3.550704 40.000000
v -0.000000 -4.100000 40.000000
v -2.050000 -3.550704 40.000000
v -3.550704 -2.050000 40.000000
v -4.100000 0.000000 40.000000
v -3.550704 2.050000 40.000000
v -2.050000 3.550704 40.000000
v -0.000000 4.100000 40.000000
v 2.050000 3.550704 40.000000
v 3.550704 2.050000 40.000000
v -7.312500 18.965622 60.000000
v -9.467227 18.585685 60.000000
v -11.362062 17.491702 60.000000
v -20.829289 1.093984 60.000000
v -20.829289 -1.093984 60.000000
v -10.425000 0.000000 60.000000
v -10.987693 -2.100000 60.000000
v -12.525000 -3.637307 60.000000
v -14.625000 -4.200000 60.000000
v -16.725000 -3.637307 60.000000
v -18.262307 -2.100000 60.000000
v -18.825000 0.000000 60.000000
v -18.262307 2.100000 60.000000
v -16.725000 3.637307 60.000000
v -14.625000 4.200000 60.000000
v -12.525000 3.637307 60.000000
v -10.987693 2.100000 60.000000
v -11.512500 12.665622 60.000000
v -10.949807 14.765622 60.000000
v -9.412500 16.302928 60.000000
v -7.312500 16.865622 60.000000
v -5.212500 16.302928 60.000000
v -3.675193 14.765622 60.000000
v -3.112500 12.665622 60.000000
v -3.675193 10.565622 60.000000
v -5.212500 9.028315 60.000000
v -7.312500 8.465622 60.000000
v -9.412500 9.028315 60.000000
v -10.949807 10.565622 60.000000
v -10.525000 0.000000 40.000000
v -11.074296 -2.050000 40.000000
v -12.575000 -3.550704 40.000000
v -14.625000 -4.100000 40.000000
v -16.675000 -3.550704 40.000000
v -18.175704 -2.050000 40.000000
v -18.725000 0.000000 40.000000
v -18.175704 2.050000 40.000000
v -16.675000 3.550704 40.000000
v -14.625000 4.100000 40.000000
v -12.575000 3.550704 40.000000
v -11.074296 2.050000 40.000000
v -11.412500 12.665622 40.000000
v -10.863204 14.715622 40.000000
v -9.362500 16.216326 40.000000
v -7.312500 16.765622 40.000000
v -5.262500 16.216326 40.000000
v -3.761796 14.715622 40.000000
v -3.212500 12.665622 40.000000
v -3.761796 10.615622 40.000000
v -5.262500 9.114917 40.000000
v -7.312500 8.565622 40.000000
v -9.362500 9.114917 40.000000
v -10.863204 10.615622 40.000000
v -3.679320 10.765622 35.000000
v -4.633614 9.561822 35.000000
v -5.963974 8.793739 35.000000
v -7.483642 8.569195 35.000000
v -8.780643 8.838790 34.865443
v -9.850099 9.446330 34.458946
v -10.655459 10.292117 33.793537
v -11.150639 11.224094 32.964896
v -11.392600 13.068938 31.060376
v -10.863204 14.715622 29.000000
v -7.312500 16.765622 29.000000
v -5.621733 16.400750 31.060376
v -4.145031 15.268783 32.964896
v -3.585505 14.373957 33.793537
v -3.255712 13.253600 34.458946
v -3.264295 12.023655 34.865443
v 4.100000 0.000000 35.000000
v 3.550704 2.050000 35.000000
v 2.050000 3.550704 35.000000
v -0.000000 4.100000 35.000000
v -2.050000 3.550704 35.000000
v -3.550704 2.050000 35.000000
v -4.100000 0.000000 35.000000
v -3.550704 -2.050000 35.000000
v -2.050000 -3.550704 35.000000
v -0.000000 -4.100000 35.000000
v 2.050000 -3.550704 35.000000
v 3.550704 -2.050000 35.000000
v -10.597588 -0.768084 35.000000
v -10.597588 0.768084 35.000000
v -11.162962 2.196427 35.000000
v -12.044939 3.184865 34.865443
v -13.105811 3.807271 34.458946
v -14.240964 4.081840 33.793537
v -15.295670 4.044689 32.964896
v -17.014332 3.331812 31.060376
v -18.175704 2.050000 29.000000
v -20.829289 1.093984 10.000000
v -20.829289 -1.093984 10.000000
v -9.467227 18.585685 30.000000
v -11.362062 17.491702 30.000000
vt 1.000000 0.235619 0.000000
vt 0.000000 0.235619 0.000000
vt 1.000000 0.078540 0.000000
vt 0.000000 0.078540 0.000000
vt 1.000000 -0.078540 0.000000
vt 0.000000 -0.078540 0.000000
vt 1.000000 -0.235619 0.000000
vt 0.000000 -0.235619 0.000000
vt 0.300000 0.000000 0.000000
vt 3.350000 0.000000 0.000000
vt 0.300000 1.000000 0.000000
vt 3.350000 1.000000 0.000000
vt 0.000000 -0.157080 0.000000
vt 1.000000 -0.157080 0.000000
vt 0.000000 -0.052360 0.000000
vt 1.000000 -0.052360 0.000000
vt 1.000000 0.052360 0.000000
vt 1.000000 0.157080 0.000000
vt -0.000000 0.157080 0.000000
vt 0.000000 0.052360 0.000000
vt 1.191145 0.000000 0.000000
vt 1.191145 1.000000 0.000000
vt 0.000000 0.000000 0.000000
vt 0.000000 6.000000 0.000000
vt 1.462500 6.000000 0.000000
vt 1.462500 1.000000 0.000000
vt 1.000000 0.235619 0.000000
vt 0.000000 0.235619 0.000000
vt 1.000000 0.078540 0.000000
vt 0.000000 0.078540 0.000000
vt 1.000000 -0.078540 0.000000
vt 0.000000 -0.078540 0.000000
vt 1.000000 -0.235619 0.000000
vt -0.000000 -0.235619 0.000000
vt 0.300000 0.000000 0.000000
vt 1.553438 0.000000 0.000000
vt 0.300000 1.000000 0.000000
vt 1.553438 1.000000 0.000000
vt 0.000000 -0.235619 0.000000
vt 1.000000 -0.235619 0.000000
vt 0.000000 -0.078540 0.000000
vt 1.000000 -0.078540 0.000000
vt 0.000000 0.078540 0.000000
vt 1.000000 0.078540 0.000000
vt 0.000000 0.235619 0.000000
vt 1.000000 0.235619 0.000000
vt -0.000000 0.231692 0.000000
vt -1.000000 0.231692 0.000000
vt -0.000000 0.077231 0.000000
vt -1.000000 0.077231 0.000000
vt -0.000000 -0.077231 0.000000
vt -1.000000 -0.077231 0.000000
vt -0.000000 -0.231692 0.000000
vt -1.000000 -0.231692 0.000000
vt -1.000012 1.086467 0.000000
vt 1.000012 1.086467 0.000000
vt -1.000012 1.303761 0.000000
vt 1.000012 1.303761 0.000000
vt -1.000012 -1.303761 0.000000
vt 1.000012 -1.303761 0.000000
vt -1.000012 -1.086467 0.000000
vt 1.000012 -1.086467 0.000000
vt -1.000012 -0.869174 0.000000
vt 1.000012 -0.869174 0.000000
vt -1.000012 -0.651880 0.000000
vt 1.000012 -0.651880 0.000000
vt -1.000012 -0.434587 0.000000
vt 1.000012 -0.434587 0.000000
vt -1.000012 -0.217293 0.000000
vt 1.000012 -0.217293 0.000000
vt -1.000012 0.000000 0.000000
vt 1.000012 0.000000 0.000000
vt -1.000012 0.217293 0.000000
vt 1.000012 0.217293 0.000000
vt -1.000012 0.434587 0.000000
vt 1.000012 0.434587 0.000000
vt -1.000012 0.651880 0.000000
vt 1.000012 0.651880 0.000000
vt -1.000012 0.869174 0.000000
vt 1.000012 0.869174 0.000000
vt 3.486544 -0.064481 0.000000
vt 3.500000 -0.197556 0.000000
vt 4.000000 -0.214675 0.000000
vt 3.500000 -0.352086 0.000000
vt 4.000000 -0.429351 0.000000
vt 3.500000 -0.506616 0.000000
vt 4.000000 -0.644026 0.000000
vt 3.500000 -0.661146 0.000000
vt 3.486544 -0.794221 0.000000
vt 4.000000 -0.858702 0.000000
vt 3.445895 -0.917715 0.000000
vt 4.000000 -1.073377 0.000000
vt 3.379354 -1.034916 0.000000
vt 3.296490 -1.140749 0.000000
vt 4.000000 -1.288053 0.000000
vt 4.000000 1.288053 0.000000
vt 3.296490 1.435357 0.000000
vt 3.106038 1.247656 0.000000
vt 4.000000 1.073377 0.000000
vt 2.900000 1.073377 0.000000
vt 4.000000 0.858702 0.000000
vt 0.000000 0.930260 0.000000
vt 0.000000 0.787143 0.000000
vt 0.000000 1.073377 0.000000
vt 0.000000 0.644026 0.000000
vt 2.900000 0.644026 0.000000
vt 4.000000 0.644026 0.000000
vt 3.106038 0.469748 0.000000
vt 4.000000 0.429351 0.000000
vt 3.296490 0.282047 0.000000
vt 4.000000 0.214675 0.000000
vt 3.379354 0.176214 0.000000
vt 3.445895 0.059013 0.000000
vt 4.000000 0.000000 0.000000
vt 1.225799 0.471239 0.000000
vt -0.236701 0.471239 0.000000
vt 1.056722 0.260920 0.000000
vt -0.067624 0.260920 0.000000
vt 0.080046 0.038087 0.000000
vt 0.909052 0.038087 0.000000
vt 0.135998 -0.084084 0.000000
vt 0.853099 -0.084084 0.000000
vt 0.820120 -0.214658 0.000000
vt 0.168978 -0.214658 0.000000
vt 0.168119 -0.344470 0.000000
vt 0.126617 -0.471239 0.000000
vt 0.862481 -0.471239 0.000000
vt 0.820978 -0.344470 0.000000
vt -0.000000 2.900000 0.000000
vt -1.462500 2.900000 0.000000
vt -0.000000 0.000000 0.000000
vt -1.462500 0.000000 0.000000
vt 3.050000 1.000000 0.000000
vt 0.000000 1.000000 0.000000
vt 3.050000 0.000000 0.000000
vt 0.000000 0.000000 0.000000
vt 1.490979 1.000000 0.000000
vt 0.173205 1.000000 0.000000
vt 1.490979 0.000000 0.000000
vt 0.173205 0.000000 0.000000
vt -6.000000 0.989602 0.000000
vt -0.000000 0.989602 0.000000
vt -3.000000 1.209513 0.000000
vt -0.000000 1.209513 0.000000
vt -3.000000 1.429425 0.000000
vt -0.000000 1.429425 0.000000
vt -0.000000 1.649336 0.000000
vt -6.000000 1.649336 0.000000
vt -6.000000 1.429425 0.000000
vt -6.000000 1.209513 0.000000
vt -1.000000 -0.235619 0.000000
vt -0.000000 -0.235619 0.000000
vt -1.000000 -0.078540 0.000000
vt -0.000000 -0.078540 0.000000
vt -1.000000 0.078540 0.000000
vt -0.000000 0.078540 0.000000
vt -1.000000 0.235619 0.000000
vt -0.000000 0.235619 0.000000
vt -0.300000 1.000000 0.000000
vt -3.350000 1.000000 0.000000
vt -0.300000 0.000000 0.000000
vt -3.350000 0.000000 0.000000
vt -0.000000 0.157080 0.000000
vt -1.000000 0.157080 0.000000
vt -0.000000 0.052360 0.000000
vt -1.000000 0.052360 0.000000
vt -1.000000 -0.052360 0.000000
vt -1.000000 -0.157080 0.000000
vt -0.000000 -0.157080 0.000000
vt -0.000000 -0.052360 0.000000
vt -1.191145 0.000000 0.000000
vt -0.000000 0.000000 0.000000
vt -1.191145 1.000000 0.000000
vt -0.000000 6.000000 0.000000
vt -1.462500 6.000000 0.000000
vt -1.462500 1.000000 0.000000
vt -1.000000 -0.235619 0.000000
vt 0.000000 -0.235619 0.000000
vt -1.000000 -0.078540 0.000000
vt -0.000000 -0.078540 0.000000
vt -1.000000 0.078540 0.000000
vt -0.000000 0.078540 0.000000
vt -1.000000 0.235619 0.000000
vt -0.000000 0.235619 0.000000
vt -0.300000 1.000000 0.000000
vt -1.553438 1.000000 0.000000
vt -0.300000 0.000000 0.000000
vt -1.553438 0.000000 0.000000
vt -0.000000 0.235619 0.000000
vt -1.000000 0.235619 0.000000
vt -0.000000 0.078540 0.000000
vt -1.000000 0.078540 0.000000
vt -0.000000 -0.078540 0.000000
vt -1.000000 -0.078540 0.000000
vt -0.000000 -0.235619 0.000000
vt -1.000000 -0.235619 0.000000
vt -0.000000 -0.231692 0.000000
vt 1.000000 -0.231692 0.000000
vt -0.000000 -0.077231 0.000000
vt 1.000000 -0.077231 0.000000
vt -0.000000 0.077231 0.000000
vt 1.000000 0.077231 0.000000
vt -0.000000 0.231692 0.000000
vt 1.000000 0.231692 0.000000
vt 1.000012 -1.086467 0.000000
vt -1.000012 -1.086467 0.000000
vt 1.000012 -1.303761 0.000000
vt -1.000012 -1.303761 0.000000
vt 1.000012 1.303761 0.000000
vt -1.000012 1.303761 0.000000
vt 1.000012 1.086467 0.000000
vt -1.000012 1.086467 0.000000
vt 1.000012 0.869174 0.000000
vt -1.000012 0.869174 0.000000
vt 1.000012 0.651880 0.000000
vt -1.000012 0.651880 0.000000
vt 1.000012 0.434587 0.000000
vt -1.000012 0.434587 0.000000
vt 1.000012 0.217293 0.000000
vt -1.000012 0.217293 0.000000
vt 1.000012 0.000000 0.000000
vt -1.000012 0.000000 0.000000
vt 1.000012 -0.217293 0.000000
vt -1.000012 -0.217293 0.000000
vt 1.000012 -0.434587 0.000000
vt -1.000012 -0.434587 0.000000
vt 1.000012 -0.651880 0.000000
vt -1.000012 -0.651880 0.000000
vt 1.000012 -0.869174 0.000000
vt -1.000012 -0.869174 0.000000
vt -3.486544 -0.794221 0.000000
vt -3.500000 -0.661146 0.000000
vt -4.000000 -0.644026 0.000000
vt -3.500000 -0.506616 0.000000
vt -4.000000 -0.429351 0.000000
vt -3.500000 -0.352086 0.000000
vt -4.000000 -0.214675 0.000000
vt -3.500000 -0.197556 0.000000
vt -3.486544 -0.064481 0.000000
vt -4.000000 0.000000 0.000000
vt -3.445895 0.059013 0.000000
vt -4.000000 0.214675 0.000000
vt -3.379354 0.176214 0.000000
vt -3.296490 0.282047 0.000000
vt -4.000000 0.429351 0.000000
vt -3.106038 0.469748 0.000000
vt -4.000000 0.644026 0.000000
vt -2.900000 0.644026 0.000000
vt -0.000000 0.787143 0.000000
vt -0.000000 0.644026 0.000000
vt -4.000000 0.858702 0.000000
vt -0.000000 0.930260 0.000000
vt -4.000000 1.073377 0.000000
vt -2.900000 1.073377 0.000000
vt -3.106038 1.247656 0.000000
vt -0.000000 1.073377 0.000000
vt -4.000000 1.288053 0.000000
vt -4.000000 -1.288053 0.000000
vt -3.106038 -1.328450 0.000000
vt -3.296490 -1.140749 0.000000
vt -4.000000 -1.073377 0.000000
vt -3.379354 -1.034916 0.000000
vt -3.445895 -0.917715 0.000000
vt -4.000000 -0.858702 0.000000
vt 0.100193 -0.471239 0.000000
vt 0.836057 -0.471239 0.000000
vt 0.141695 -0.344470 0.000000
vt 0.794555 -0.344470 0.000000
vt 0.793696 -0.214658 0.000000
vt 0.826676 -0.084084 0.000000
vt 0.109574 -0.084084 0.000000
vt 0.142554 -0.214658 0.000000
vt 0.882628 0.038087 0.000000
vt 0.053622 0.038087 0.000000
vt 1.030298 0.260920 0.000000
vt -0.094048 0.260920 0.000000
vt -0.263125 0.471239 0.000000
vt 1.199375 0.471239 0.000000
vt -0.862481 -0.471239 0.000000
vt -0.126617 -0.471239 0.000000
vt -0.820978 -0.344470 0.000000
vt -0.168119 -0.344470 0.000000
vt -0.168978 -0.214658 0.000000
vt -0.135998 -0.084084 0.000000
vt -0.853099 -0.084084 0.000000
vt -0.820120 -0.214658 0.000000
vt -0.080046 0.038087 0.000000
vt -0.909052 0.038087 0.000000
vt 0.067624 0.260920 0.000000
vt -1.056722 0.260920 0.000000
vt -1.225799 0.471239 0.000000
vt 0.236701 0.471239 0.000000
vt 0.731250 2.900000 0.000000
vt -0.731250 2.900000 0.000000
vt 0.731250 0.000000 0.000000
vt -0.731250 0.000000 0.000000
vt 1.462500 2.900000 0.000000
vt 0.000000 2.900000 0.000000
vt 1.462500 0.000000 0.000000
vt 0.000000 0.000000 0.000000
vt -0.300000 0.000000 0.000000
vt -0.300000 1.000000 0.000000
vt -0.331250 0.000000 0.000000
vt -0.331250 6.000000 0.000000
vt 1.100000 1.000000 0.000000
vt 1.131250 6.000000 0.000000
vt 1.131250 0.000000 0.000000
vt 1.100000 0.000000 0.000000
vt -3.050000 0.000000 0.000000
vt -0.000000 0.000000 0.000000
vt -3.050000 1.000000 0.000000
vt -0.000000 1.000000 0.000000
vt -1.490979 0.000000 0.000000
vt -0.173205 0.000000 0.000000
vt -1.490979 1.000000 0.000000
vt -0.173205 1.000000 0.000000
vt 6.000000 1.649336 0.000000
vt -0.000000 1.649336 0.000000
vt 3.000000 1.429425 0.000000
vt -0.000000 1.429425 0.000000
vt 3.000000 1.209513 0.000000
vt -0.000000 1.209513 0.000000
vt 0.000000 0.989602 0.000000
vt 6.000000 0.989602 0.000000
vt 6.000000 1.209513 0.000000
vt 6.000000 1.429425 0.000000
vt -4.450000 0.000000 0.000000
vt 4.450000 0.000000 0.000000
vt -4.450000 1.000000 0.000000
vt 4.450000 1.000000 0.000000
vt -1.000000 -0.235619 0.000000
vt -0.000000 -0.235619 0.000000
vt -1.000000 -0.078540 0.000000
vt -0.000000 -0.078540 0.000000
vt -1.000000 0.078540 0.000000
vt -0.000000 0.078540 0.000000
vt -1.000000 0.235619 0.000000
vt -0.000000 0.235619 0.000000
vt -0.300000 1.000000 0.000000
vt -3.350000 1.000000 0.000000
vt -0.300000 0.000000 0.000000
vt -3.350000 0.000000 0.000000
vt 0.000000 0.157080 0.000000
vt -1.000000 0.157080 0.000000
vt -0.000000 0.052360 0.000000
vt -1.000000 0.052360 0.000000
vt -1.000000 -0.052360 0.000000
vt -1.000000 -0.157080 0.000000
vt -0.000000 -0.157080 0.000000
vt -0.000000 -0.052360 0.000000
vt -1.191145 0.000000 0.000000
vt -0.000000 0.000000 0.000000
vt -1.191145 1.000000 0.000000
vt -0.000000 6.000000 0.000000
vt -1.462500 6.000000 0.000000
vt -1.462500 1.000000 0.000000
vt -1.000000 -0.235619 0.000000
vt 0.000000 -0.235619 0.000000
vt -1.000000 -0.078540 0.000000
vt -0.000000 -0.078540 0.000000
vt -1.000000 0.078540 0.000000
vt -0.000000 0.078540 0.000000
vt -1.000000 0.235619 0.000000
vt -0.000000 0.235619 0.000000
vt -0.300000 1.000000 0.000000
vt -1.553438 1.000000 0.000000
vt -0.300000 0.000000 0.000000
vt -1.553438 0.000000 0.000000
vt -0.000000 0.235619 0.000000
vt -1.000000 0.235619 0.000000
vt -0.000000 0.078540 0.000000
vt -1.000000 0.078540 0.000000
vt -0.000000 -0.078540 0.000000
vt -1.000000 -0.078540 0.000000
vt -0.000000 -0.235619 0.000000
vt -1.000000 -0.235619 0.000000
vt -0.000000 -0.231692 0.000000
vt 1.000000 -0.231692 0.000000
vt -0.000000 -0.077231 0.000000
vt 1.000000 -0.077231 0.000000
vt -0.000000 0.077231 0.000000
vt 1.000000 0.077231 0.000000
vt -0.000000 0.231692 0.000000
vt 1.000000 0.231692 0.000000
vt -0.300000 1.000000 0.000000
vt -9.200000 1.000000 0.000000
vt -0.300000 0.000000 0.000000
vt -9.200000 0.000000 0.000000
vt 1.000012 0.217293 0.000000
vt -1.000012 0.217293 0.000000
vt 1.000012 0.000000 0.000000
vt -1.000012 -0.000000 0.000000
vt 1.000012 -0.217293 0.000000
vt -1.000012 -0.217293 0.000000
vt 1.000012 -0.434587 0.000000
vt -1.000012 -0.434587 0.000000
vt 1.000012 -0.651880 0.000000
vt -1.000012 -0.651880 0.000000
vt 1.000012 -0.869174 0.000000
vt -1.000012 -0.869174 0.000000
vt 1.000012 -1.086467 0.000000
vt -1.000012 -1.086467 0.000000
vt 1.000012 -1.303761 0.000000
vt -1.000012 -1.303761 0.000000
vt 1.000012 1.303761 0.000000
vt -1.000012 1.303761 0.000000
vt 1.000012 1.086467 0.000000
vt -1.000012 1.086467 0.000000
vt 1.000012 0.869174 0.000000
vt -1.000012 0.869174 0.000000
vt 1.000012 0.651880 0.000000
vt -1.000012 0.651880 0.000000
vt 1.000012 0.434587 0.000000
vt -1.000012 0.434587 0.000000
vt 1.000012 -1.086467 0.000000
vt -1.000012 -1.086467 0.000000
vt 1.000012 -1.303761 0.000000
vt -1.000012 -1.303761 0.000000
vt 1.000012 1.303761 0.000000
vt -1.000012 1.303761 0.000000
vt 1.000012 1.086467 0.000000
vt -1.000012 1.086467 0.000000
vt 1.000012 0.869174 0.000000
vt -1.000012 0.869174 0.000000
vt 1.000012 0.651880 0.000000
vt -1.000012 0.651880 0.000000
vt 1.000012 0.434587 0.000000
vt -1.000012 0.434587 0.000000
vt 1.000012 0.217293 0.000000
vt -1.000012 0.217293 0.000000
vt 1.000012 0.000000 0.000000
vt -1.000012 0.000000 0.000000
vt 1.000012 -0.217293 0.000000
vt -1.000012 -0.217293 0.000000
vt 1.000012 -0.434587 0.000000
vt -1.000012 -0.434587 0.000000
vt 1.000012 -0.651880 0.000000
vt -1.000012 -0.651880 0.000000
vt 1.000012 -0.869174 0.000000
vt -1.000012 -0.869174 0.000000
vt -3.486544 -0.794221 0.000000
vt -3.500000 -0.661146 0.000000
vt -4.000000 -0.644026 0.000000
vt -3.500000 -0.506616 0.000000
vt -4.000000 -0.429351 0.000000
vt -3.500000 -0.352086 0.000000
vt -4.000000 -0.214675 0.000000
vt -3.500000 -0.197556 0.000000
vt -3.486544 -0.064481 0.000000
vt -4.000000 0.000000 0.000000
vt -3.445895 0.059013 0.000000
vt -4.000000 0.214675 0.000000
vt -3.379354 0.176214 0.000000
vt -3.296490 0.282047 0.000000
vt -4.000000 0.429351 0.000000
vt -3.106038 0.469748 0.000000
vt -4.000000 0.644026 0.000000
vt -2.900000 0.644026 0.000000
vt -0.000000 0.787143 0.000000
vt -0.000000 0.644026 0.000000
vt -4.000000 0.858702 0.000000
vt -0.000000 0.930260 0.000000
vt -4.000000 1.073377 0.000000
vt -2.900000 1.073377 0.000000
vt -3.106038 1.247656 0.000000
vt -0.000000 1.073377 0.000000
vt -4.000000 1.288053 0.000000
vt -4.000000 -1.288053 0.000000
vt -3.106038 -1.328450 0.000000
vt -3.296490 -1.140749 0.000000
vt -4.000000 -1.073377 0.000000
vt -3.379354 -1.034916 0.000000
vt -3.445895 -0.917715 0.000000
vt -4.000000 -0.858702 0.000000
vt -0.862481 -0.471239 0.000000
vt -0.126617 -0.471239 0.000000
vt -0.820978 -0.344470 0.000000
vt -0.168119 -0.344470 0.000000
vt -0.168978 -0.214658 0.000000
vt -0.135998 -0.084084 0.000000
vt -0.853099 -0.084084 0.000000
vt -0.820120 -0.214658 0.000000
vt -0.080046 0.038087 0.000000
vt -0.909052 0.038087 0.000000
vt 0.067624 0.260920 0.000000
vt -1.056722 0.260920 0.000000
vt -1.225799 0.471239 0.000000
vt 0.236701 0.471239 0.000000
vt 1.462500 2.900000 0.000000
vt 0.000000 2.900000 0.000000
vt 1.462500 0.000000 0.000000
vt 0.000000 0.000000 0.000000
vt 6.000000 -1.649336 0.000000
vt 1.000000 -1.649336 0.000000
vt 6.000000 -1.869248 0.000000
vt 1.000000 -1.869248 0.000000
vt 6.000000 -2.089159 0.000000
vt 1.000000 -2.089159 0.000000
vt 6.000000 -2.309071 0.000000
vt 1.000000 -2.309071 0.000000
vt -3.050000 0.000000 0.000000
vt -0.000000 0.000000 0.000000
vt -3.050000 1.000000 0.000000
vt -0.000000 1.000000 0.000000
vt -1.490979 0.000000 0.000000
vt -0.173205 0.000000 0.000000
vt -1.490979 1.000000 0.000000
vt -0.173205 1.000000 0.000000
vt 6.000000 1.649336 0.000000
vt -0.000000 1.649336 0.000000
vt 3.000000 1.429425 0.000000
vt -0.000000 1.429425 0.000000
vt 3.000000 1.209513 0.000000
vt -0.000000 1.209513 0.000000
vt -0.000000 0.989602 0.000000
vt 6.000000 0.989602 0.000000
vt 6.000000 1.209513 0.000000
vt 6.000000 1.429425 0.000000
vt -3.486544 -0.364870 0.000000
vt -3.500000 -0.231795 0.000000
vt -4.000000 -0.214675 0.000000
vt -3.500000 -0.077265 0.000000
vt -4.000000 0.000000 0.000000
vt -3.500000 0.077265 0.000000
vt -4.000000 0.214675 0.000000
vt -3.500000 0.231795 0.000000
vt -3.486544 0.364870 0.000000
vt -4.000000 0.429351 0.000000
vt -3.445895 0.488364 0.000000
vt -4.000000 0.644026 0.000000
vt -3.379354 0.605565 0.000000
vt -3.296490 0.711398 0.000000
vt -4.000000 0.858702 0.000000
vt -3.106038 0.899099 0.000000
vt -4.000000 1.073377 0.000000
vt -2.900000 1.073377 0.000000
vt -0.000000 1.216494 0.000000
vt -0.000000 1.073377 0.000000
vt -4.000000 1.288053 0.000000
vt -4.000000 -1.288053 0.000000
vt 0.000000 -1.359611 0.000000
vt -0.000000 -1.216494 0.000000
vt -4.000000 -1.073377 0.000000
vt -2.900000 -1.073377 0.000000
vt -3.106038 -0.899099 0.000000
vt 0.000000 -1.073377 0.000000
vt -4.000000 -0.858702 0.000000
vt -3.296490 -0.711398 0.000000
vt -4.000000 -0.644026 0.000000
vt -3.379354 -0.605565 0.000000
vt -3.445895 -0.488364 0.000000
vt -4.000000 -0.429351 0.000000
vt 1.000000 0.235619 0.000000
vt 0.000000 0.235619 0.000000
vt 1.000000 0.078540 0.000000
vt 0.000000 0.078540 0.000000
vt 1.000000 -0.078540 0.000000
vt 0.000000 -0.078540 0.000000
vt 1.000000 -0.235619 0.000000
vt 0.000000 -0.235619 0.000000
vt 0.300000 0.000000 0.000000
vt 3.350000 0.000000 0.000000
vt 0.300000 1.000000 0.000000
vt 3.350000 1.000000 0.000000
vt 0.000000 -0.157080 0.000000
vt 1.000000 -0.157080 0.000000
vt 0.000000 -0.052360 0.000000
vt 1.000000 -0.052360 0.000000
vt 1.000000 0.052360 0.000000
vt 1.000000 0.157080 0.000000
vt -0.000000 0.157080 0.000000
vt 0.000000 0.052360 0.000000
vt 1.191145 0.000000 0.000000
vt 1.191145 1.000000 0.000000
vt 0.000000 0.000000 0.000000
vt 0.000000 6.000000 0.000000
vt 1.462500 6.000000 0.000000
vt 1.462500 1.000000 0.000000
vt 1.000000 0.235619 0.000000
vt 0.000000 0.235619 0.000000
vt 1.000000 0.078540 0.000000
vt 0.000000 0.078540 0.000000
vt 1.000000 -0.078540 0.000000
vt 0.000000 -0.078540 0.000000
vt 1.000000 -0.235619 0.000000
vt -0.000000 -0.235619 0.000000
vt 0.300000 0.000000 0.000000
vt 1.553438 0.000000 0.000000
vt 0.300000 1.000000 0.000000
vt 1.553438 1.000000 0.000000
vt 0.000000 -0.235619 0.000000
vt 1.000000 -0.235619 0.000000
vt 0.000000 -0.078540 0.000000
vt 1.000000 -0.078540 0.000000
vt 0.000000 0.078540 0.000000
vt 1.000000 0.078540 0.000000
vt 0.000000 0.235619 0.000000
vt 1.000000 0.235619 0.000000
vt -0.000000 0.231692 0.000000
vt -1.000000 0.231692 0.000000
vt -0.000000 0.077231 0.000000
vt -1.000000 0.077231 0.000000
vt -0.000000 -0.077231 0.000000
vt -1.000000 -0.077231 0.000000
vt -0.000000 -0.231692 0.000000
vt -1.000000 -0.231692 0.000000
vt 0.300000 0.000000 0.000000
vt 9.200000 0.000000 0.000000
vt 0.300000 1.000000 0.000000
vt 9.200000 1.000000 0.000000
vt -4.241271 -2.446196 0.000000
vt -4.404620 -2.793092 0.000000
vt -4.192570 -2.580000 0.000000
vt -4.314390 -2.845187 0.000000
vt -4.247419 -2.925000 0.000000
vt -4.507226 -2.775000 0.000000
vt -4.241271 -2.303804 0.000000
vt -4.507226 -1.975000 0.000000
vt -4.404620 -1.956908 0.000000
vt -4.192570 -2.170000 0.000000
vt -4.314390 -1.904813 0.000000
vt -4.247419 -1.825000 0.000000
vt -3.461320 -0.903438 0.000000
vt -3.651846 -0.793438 0.000000
vt -3.369793 -0.794360 0.000000
vt -3.511206 -0.625830 0.000000
vt -3.246478 -0.723164 0.000000
vt -3.321723 -0.516431 0.000000
vt -3.106250 -0.698438 0.000000
vt -3.106250 -0.478438 0.000000
vt -3.075000 -0.478438 0.000000
vt -2.925000 -0.438245 0.000000
vt -1.643750 -0.698438 0.000000
vt -1.825000 -0.438245 0.000000
vt -1.675000 -0.478438 0.000000
vt -1.643750 -0.478438 0.000000
vt -1.428277 -0.516431 0.000000
vt -1.503522 -0.723164 0.000000
vt -1.238794 -0.625830 0.000000
vt -1.380207 -0.794360 0.000000
vt -1.098154 -0.793438 0.000000
vt -1.288680 -0.903438 0.000000
vt -0.502581 -1.825000 0.000000
vt -0.557430 -2.170000 0.000000
vt -0.435610 -1.904813 0.000000
vt -0.345380 -1.956908 0.000000
vt -0.508729 -2.303804 0.000000
vt -0.242774 -1.975000 0.000000
vt -0.508729 -2.446196 0.000000
vt -0.242774 -2.775000 0.000000
vt -0.345380 -2.793092 0.000000
vt -0.557430 -2.580000 0.000000
vt -0.435610 -2.845187 0.000000
vt -0.502581 -2.925000 0.000000
vt -1.288680 -3.846562 0.000000
vt -1.098154 -3.956562 0.000000
vt -1.380207 -3.955640 0.000000
vt -1.238794 -4.124170 0.000000
vt -1.503522 -4.026836 0.000000
vt -1.428277 -4.233569 0.000000
vt -1.643750 -4.051562 0.000000
vt -1.643750 -4.271562 0.000000
vt -1.675000 -4.271562 0.000000
vt -1.825000 -4.311755 0.000000
vt -3.106250 -4.051562 0.000000
vt -2.925000 -4.311755 0.000000
vt -3.075000 -4.271562 0.000000
vt -3.106250 -4.271562 0.000000
vt -3.321723 -4.233569 0.000000
vt -3.246478 -4.026836 0.000000
vt -3.511206 -4.124170 0.000000
vt -3.369793 -3.955640 0.000000
vt -3.651846 -3.956562 0.000000
vt -3.461320 -3.846562 0.000000
vt -1.675000 -6.125000 0.000000
vt 2.075000 -7.120000 0.000000
vt 1.375000 -6.125000 0.000000
vt 2.370000 -6.825000 0.000000
vt 1.375000 -3.075000 0.000000
vt 1.375000 -1.675000 0.000000
vt 1.334808 -1.825000 0.000000
vt -1.825000 -6.084808 0.000000
vt -2.925000 -6.084808 0.000000
vt -3.075000 -6.125000 0.000000
vt -6.825000 -7.120000 0.000000
vt -6.125000 -6.125000 0.000000
vt -7.120000 -6.825000 0.000000
vt -6.125000 -3.075000 0.000000
vt -6.125000 -1.675000 0.000000
vt -6.084808 -1.825000 0.000000
vt -6.084808 -2.925000 0.000000
vt -5.975000 -1.934808 0.000000
vt -5.975000 -2.815192 0.000000
vt -5.825000 -1.975000 0.000000
vt -5.825000 -2.775000 0.000000
vt -2.815192 -5.975000 0.000000
vt -1.934808 -5.975000 0.000000
vt -2.775000 -5.825000 0.000000
vt -1.975000 -5.825000 0.000000
vt -2.775000 -4.571562 0.000000
vt -1.975000 -4.571562 0.000000
vt -2.815192 -4.421562 0.000000
vt -1.934808 -4.421562 0.000000
vt 1.075000 -2.775000 0.000000
vt 1.075000 -1.975000 0.000000
vt 1.225000 -2.815192 0.000000
vt 1.225000 -1.934808 0.000000
vt 1.334808 -2.925000 0.000000
vt -3.075000 1.375000 0.000000
vt -6.825000 2.370000 0.000000
vt -6.125000 1.375000 0.000000
vt -7.120000 2.075000 0.000000
vt -2.925000 1.334808 0.000000
vt -1.825000 1.334808 0.000000
vt -1.675000 1.375000 0.000000
vt 2.075000 2.370000 0.000000
vt 1.375000 1.375000 0.000000
vt 2.370000 2.075000 0.000000
vt -1.934808 1.225000 0.000000
vt -2.815192 1.225000 0.000000
vt -1.975000 1.075000 0.000000
vt -2.775000 1.075000 0.000000
vt -1.975000 -0.178438 0.000000
vt -2.775000 -0.178438 0.000000
vt -1.934808 -0.328438 0.000000
vt -2.815192 -0.328438 0.000000
vt -7.080477 -6.972500 0.000000
vt -6.972500 -7.080477 0.000000
vt 2.222500 -7.080477 0.000000
vt 2.330477 -6.972500 0.000000
vt 2.330477 2.222500 0.000000
vt 2.222500 2.330477 0.000000
vt -6.972500 2.330477 0.000000
vt -7.080477 2.222500 0.000000
vt 1.000012 -1.086467 0.000000
vt -1.000012 -1.086467 0.000000
vt 1.000012 -1.303761 0.000000
vt -1.000012 -1.303761 0.000000
vt 1.000012 1.303761 0.000000
vt -1.000012 1.303761 0.000000
vt 1.000012 1.086467 0.000000
vt -1.000012 1.086467 0.000000
vt 1.000012 0.869174 0.000000
vt -1.000012 0.869174 0.000000
vt 1.000012 0.651880 0.000000
vt -1.000012 0.651880 0.000000
vt 1.000012 0.434587 0.000000
vt -1.000012 0.434587 0.000000
vt 1.000012 0.217293 0.000000
vt -1.000012 0.217293 0.000000
vt 1.000012 -0.000000 0.000000
vt -1.000012 -0.000000 0.000000
vt 1.000012 -0.217293 0.000000
vt -1.000012 -0.217293 0.000000
vt 1.000012 -0.434587 0.000000
vt -1.000012 -0.434587 0.000000
vt 1.000012 -0.651880 0.000000
vt -1.000012 -0.651880 0.000000
vt 1.000012 -0.869174 0.000000
vt -1.000012 -0.869174 0.000000
vt 2.145019 -0.738281 0.000000
vt 1.409981 -0.738281 0.000000
vt 2.088750 -0.948281 0.000000
vt 1.466250 -0.948281 0.000000
vt 2.145019 -1.158281 0.000000
vt 1.409981 -1.158281 0.000000
vt 1.777500 -1.794843 0.000000
vt 1.256250 -1.312012 0.000000
vt 1.567500 -1.851113 0.000000
vt 1.046250 -1.368281 0.000000
vt 1.413769 -2.004843 0.000000
vt 0.678731 -2.004843 0.000000
vt 1.357500 -2.214843 0.000000
vt 0.735000 -2.214843 0.000000
vt 1.413769 -2.424843 0.000000
vt 0.678731 -2.424843 0.000000
vt 1.567500 -2.578574 0.000000
vt 0.525000 -2.578574 0.000000
vt 1.777500 -2.844843 0.000000
vt 0.315000 -2.844843 0.000000
vt 0.315000 -2.634843 0.000000
vt 0.099527 -2.806850 0.000000
vt 0.105000 -2.578574 0.000000
vt -0.089956 -2.697451 0.000000
vt -0.048731 -2.424843 0.000000
vt -0.230596 -2.529843 0.000000
vt -0.105000 -2.214843 0.000000
vt -0.961846 -1.263281 0.000000
vt -0.626250 -1.312012 0.000000
vt -0.779981 -1.158281 0.000000
vt 1.777500 -0.101719 0.000000
vt 2.298750 -0.584550 0.000000
vt 1.987500 -0.045450 0.000000
vt 2.508750 -0.528281 0.000000
vt 2.141231 0.108281 0.000000
vt 2.718750 -0.584550 0.000000
vt 2.197500 0.318281 0.000000
vt 3.054346 -0.633281 0.000000
vt 2.323096 0.633281 0.000000
vt 2.872481 -0.738281 0.000000
vt 3.129179 -0.838883 0.000000
vt 2.928750 -0.948281 0.000000
vt 3.129179 -1.057679 0.000000
vt 2.872481 -1.158281 0.000000
vt 3.054346 -1.263281 0.000000
vt 2.718750 -1.312012 0.000000
vt 2.197500 -2.214843 0.000000
vt 2.141231 -2.004843 0.000000
vt 2.508750 -1.368281 0.000000
vt 1.987500 -1.851113 0.000000
vt 2.298750 -1.312012 0.000000
vt 2.141231 0.528281 0.000000
vt 2.182456 0.800889 0.000000
vt 1.987500 0.682012 0.000000
vt 1.992973 0.910287 0.000000
vt 1.777500 0.738281 0.000000
vt 1.777500 0.948281 0.000000
vt 1.567500 0.682012 0.000000
vt 0.315000 0.948281 0.000000
vt 0.525000 0.682012 0.000000
vt 0.315000 0.738281 0.000000
vt 0.099527 0.910287 0.000000
vt 0.105000 0.682012 0.000000
vt -0.089956 0.800889 0.000000
vt -0.048731 0.528281 0.000000
vt -0.230596 0.633281 0.000000
vt -0.105000 0.318281 0.000000
vt -0.961846 -0.633281 0.000000
vt -0.626250 -0.584550 0.000000
vt -0.779981 -0.738281 0.000000
vt -1.036679 -0.838883 0.000000
vt -0.836250 -0.948281 0.000000
vt -1.036679 -1.057679 0.000000
vt 1.777500 -2.634843 0.000000
vt 1.992973 -2.806850 0.000000
vt 1.987500 -2.578574 0.000000
vt 2.182456 -2.697451 0.000000
vt 2.141231 -2.424843 0.000000
vt 2.323096 -2.529843 0.000000
vt 0.525000 -1.851113 0.000000
vt 0.836250 -1.312012 0.000000
vt 0.315000 -1.794843 0.000000
vt 0.682519 -1.158281 0.000000
vt -0.052519 -1.158281 0.000000
vt 0.003750 -0.948281 0.000000
vt 0.626250 -0.948281 0.000000
vt -0.052519 -0.738281 0.000000
vt 0.682519 -0.738281 0.000000
vt 0.315000 -0.101719 0.000000
vt 0.836250 -0.584550 0.000000
vt 0.525000 -0.045450 0.000000
vt 1.046250 -0.528281 0.000000
vt 0.678731 0.108281 0.000000
vt 1.413769 0.108281 0.000000
vt 0.735000 0.318281 0.000000
vt 1.357500 0.318281 0.000000
vt 0.678731 0.528281 0.000000
vt 1.413769 0.528281 0.000000
vt 1.567500 -0.045450 0.000000
vt 1.256250 -0.584550 0.000000
vt -0.048731 -2.004843 0.000000
vt -0.416250 -1.368281 0.000000
vt 0.105000 -1.851113 0.000000
vt -0.206250 -1.312012 0.000000
vt -0.048731 0.108281 0.000000
vt -0.416250 -0.528281 0.000000
vt 0.105000 -0.045450 0.000000
vt -0.206250 -0.584550 0.000000
vt 1.000012 0.217293 0.000000
vt -1.000012 0.217293 0.000000
vt 1.000012 -0.000000 0.000000
vt -1.000012 0.000000 0.000000
vt 1.000012 -0.217293 0.000000
vt -1.000012 -0.217293 0.000000
vt 1.000012 -0.434587 0.000000
vt -1.000012 -0.434587 0.000000
vt 1.000012 -0.651880 0.000000
vt -1.000012 -0.651880 0.000000
vt 1.000012 -0.869174 0.000000
vt -1.000012 -0.869174 0.000000
vt 1.000012 -1.086467 0.000000
vt -1.000012 -1.086467 0.000000
vt 1.000012 -1.303761 0.000000
vt -1.000012 -1.303761 0.000000
vt 1.000012 1.303761 0.000000
vt -1.000012 1.303761 0.000000
vt 1.000012 1.086467 0.000000
vt -1.000012 1.086467 0.000000
vt 1.000012 0.869174 0.000000
vt -1.000012 0.869174 0.000000
vt 1.000012 0.651880 0.000000
vt -1.000012 0.651880 0.000000
vt 1.000012 0.434587 0.000000
vt -1.000012 0.434587 0.000000
vt -1.000012 1.086467 0.000000
vt 1.000012 1.086467 0.000000
vt -1.000012 1.303761 0.000000
vt 1.000012 1.303761 0.000000
vt -1.000012 -1.303761 0.000000
vt 1.000012 -1.303761 0.000000
vt -1.000012 -1.086467 0.000000
vt 1.000012 -1.086467 0.000000
vt -1.000012 -0.869174 0.000000
vt 1.000012 -0.869174 0.000000
vt -1.000012 -0.651880 0.000000
vt 1.000012 -0.651880 0.000000
vt -1.000012 -0.434587 0.000000
vt 1.000012 -0.434587 0.000000
vt -1.000012 -0.217293 0.000000
vt 1.000012 -0.217293 0.000000
vt -1.000012 0.000000 0.000000
vt 1.000012 0.000000 0.000000
vt -1.000012 0.217293 0.000000
vt 1.000012 0.217293 0.000000
vt -1.000012 0.434587 0.000000
vt 1.000012 0.434587 0.000000
vt -1.000012 0.651880 0.000000
vt 1.000012 0.651880 0.000000
vt -1.000012 0.869174 0.000000
vt 1.000012 0.869174 0.000000
vt 3.486544 -0.064481 0.000000
vt 3.500000 -0.197556 0.000000
vt 4.000000 -0.214675 0.000000
vt 3.500000 -0.352086 0.000000
vt 4.000000 -0.429351 0.000000
vt 3.500000 -0.506616 0.000000
vt 4.000000 -0.644026 0.000000
vt 3.500000 -0.661146 0.000000
vt 3.486544 -0.794221 0.000000
vt 4.000000 -0.858702 0.000000
vt 3.445895 -0.917715 0.000000
vt 4.000000 -1.073377 0.000000
vt 3.379354 -1.034916 0.000000
vt 3.296490 -1.140749 0.000000
vt 4.000000 -1.288053 0.000000
vt 4.000000 1.288053 0.000000
vt 3.296490 1.435357 0.000000
vt 3.106038 1.247656 0.000000
vt 4.000000 1.073377 0.000000
vt 2.900000 1.073377 0.000000
vt 4.000000 0.858702 0.000000
vt 0.000000 0.930260 0.000000
vt 0.000000 0.787143 0.000000
vt 0.000000 1.073377 0.000000
vt 0.000000 0.644026 0.000000
vt 2.900000 0.644026 0.000000
vt 4.000000 0.644026 0.000000
vt 3.106038 0.469748 0.000000
vt 4.000000 0.429351 0.000000
vt 3.296490 0.282047 0.000000
vt 4.000000 0.214675 0.000000
vt 3.379354 0.176214 0.000000
vt 3.445895 0.059013 0.000000
vt 4.000000 0.000000 0.000000
vt -0.836057 -0.471239 0.000000
vt -0.100193 -0.471239 0.000000
vt -0.794555 -0.344470 0.000000
vt -0.141695 -0.344470 0.000000
vt -0.142554 -0.214658 0.000000
vt -0.109574 -0.084084 0.000000
vt -0.826676 -0.084084 0.000000
vt -0.793696 -0.214658 0.000000
vt -0.053622 0.038087 0.000000
vt -0.882628 0.038087 0.000000
vt 0.094048 0.260920 0.000000
vt -1.030298 0.260920 0.000000
vt -1.199375 0.471239 0.000000
vt 0.263125 0.471239 0.000000
vt -1.291320 -0.633281 0.000000
vt -1.996009 -0.761473 0.000000
vt -1.346250 -0.838281 0.000000
vt -1.996009 -0.915089 0.000000
vt -1.291320 -1.043281 0.000000
vt -2.052546 -1.057924 0.000000
vt -1.684614 -1.695201 0.000000
vt -1.141250 -0.483211 0.000000
vt -1.532647 0.041093 0.000000
vt -1.684614 0.018638 0.000000
vt -2.052546 -0.618638 0.000000
vt -1.399611 0.117901 0.000000
vt -0.936250 -0.428281 0.000000
vt -1.304182 0.238281 0.000000
vt -0.568318 0.238281 0.000000
vt -0.472889 0.117901 0.000000
vt -0.731250 -0.483211 0.000000
vt -0.339853 0.041093 0.000000
vt -0.581180 -0.633281 0.000000
vt -0.187886 0.018638 0.000000
vt 0.180046 -0.618638 0.000000
vt 0.123509 -0.761473 0.000000
vt -0.526250 -0.838281 0.000000
vt 0.123509 -0.915089 0.000000
vt -0.581180 -1.043281 0.000000
vt 0.180046 -1.057924 0.000000
vt -0.187886 -1.695201 0.000000
vt -0.339853 -1.717655 0.000000
vt -0.731250 -1.193351 0.000000
vt -0.472889 -1.794463 0.000000
vt -0.936250 -1.248281 0.000000
vt -0.568318 -1.914843 0.000000
vt -1.304182 -1.914843 0.000000
vt -1.399611 -1.794463 0.000000
vt -1.141250 -1.193351 0.000000
vt -1.532647 -1.717655 0.000000
vt 1.225799 0.471239 0.000000
vt -0.236701 0.471239 0.000000
vt 1.056722 0.260920 0.000000
vt -0.067624 0.260920 0.000000
vt 0.080046 0.038087 0.000000
vt 0.909052 0.038087 0.000000
vt 0.135998 -0.084084 0.000000
vt 0.853099 -0.084084 0.000000
vt 0.820120 -0.214658 0.000000
vt 0.168978 -0.214658 0.000000
vt 0.168119 -0.344470 0.000000
vt 0.126617 -0.471239 0.000000
vt 0.862481 -0.471239 0.000000
vt 0.820978 -0.344470 0.000000
vt 0.731250 2.900000 0.000000
vt -0.731250 2.900000 0.000000
vt 0.731250 0.000000 0.000000
vt -0.731250 0.000000 0.000000
vt -0.000000 2.900000 0.000000
vt -1.462500 2.900000 0.000000
vt -0.000000 0.000000 0.000000
vt -1.462500 0.000000 0.000000
vt -6.000000 1.649336 0.000000
vt -1.000000 1.649336 0.000000
vt -6.000000 1.869248 0.000000
vt -1.000000 1.869248 0.000000
vt -6.000000 2.089159 0.000000
vt -1.000000 2.089159 0.000000
vt -6.000000 2.309071 0.000000
vt -1.000000 2.309071 0.000000
vt 0.300000 0.000000 0.000000
vt 0.331250 0.000000 0.000000
vt 0.300000 1.000000 0.000000
vt 0.331250 6.000000 0.000000
vt -1.131250 6.000000 0.000000
vt -1.100000 1.000000 0.000000
vt -1.131250 0.000000 0.000000
vt -1.100000 0.000000 0.000000
vt 3.050000 1.000000 0.000000
vt 0.000000 1.000000 0.000000
vt 3.050000 0.000000 0.000000
vt 0.000000 0.000000 0.000000
vt 1.490979 1.000000 0.000000
vt 0.173205 1.000000 0.000000
vt 1.490979 0.000000 0.000000
vt 0.173205 0.000000 0.000000
vt -6.000000 0.989602 0.000000
vt -0.000000 0.989602 0.000000
vt -3.000000 1.209513 0.000000
vt -0.000000 1.209513 0.000000
vt -3.000000 1.429425 0.000000
vt -0.000000 1.429425 0.000000
vt -0.000000 1.649336 0.000000
vt -6.000000 1.649336 0.000000
vt -6.000000 1.429425 0.000000
vt -6.000000 1.209513 0.000000
vt 4.450000 1.000000 0.000000
vt -4.450000 1.000000 0.000000
vt 4.450000 0.000000 0.000000
vt -4.450000 0.000000 0.000000
vt 4.000000 0.214675 0.000000
vt 3.500000 0.214675 0.000000
vt 4.000000 0.000000 0.000000
vt 3.500000 0.000000 0.000000
vt 4.000000 -0.214675 0.000000
vt 3.500000 -0.214675 0.000000
vt 4.000000 -0.429351 0.000000
vt 3.500000 -0.429351 0.000000
vt 4.000000 -0.644026 0.000000
vt 3.500000 -0.644026 0.000000
vt 4.000000 -0.858702 0.000000
vt 3.500000 -0.858702 0.000000
vt 4.000000 -1.073377 0.000000
vt 3.500000 -1.073377 0.000000
vt 4.000000 -1.288053 0.000000
vt 3.500000 -1.288053 0.000000
vt 4.000000 1.288053 0.000000
vt 3.500000 1.288053 0.000000
vt 4.000000 1.073377 0.000000
vt 3.500000 1.073377 0.000000
vt 4.000000 0.858702 0.000000
vt 3.500000 0.858702 0.000000
vt 4.000000 0.644026 0.000000
vt 3.500000 0.644026 0.000000
vt 4.000000 0.429351 0.000000
vt 3.500000 0.429351 0.000000
vt 4.000000 0.214675 0.000000
vt 3.500000 0.077265 0.000000
vt 4.000000 0.000000 0.000000
vt 3.500000 -0.077265 0.000000
vt 4.000000 -0.214675 0.000000
vt 3.500000 -0.231795 0.000000
vt 3.486544 -0.364870 0.000000
vt 4.000000 0.429351 0.000000
vt 3.486544 0.364870 0.000000
vt 3.500000 0.231795 0.000000
vt 3.445895 0.488364 0.000000
vt 4.000000 0.644026 0.000000
vt 3.379354 0.605565 0.000000
vt 3.296490 0.711398 0.000000
vt 4.000000 0.858702 0.000000
vt 3.106038 0.899099 0.000000
vt 4.000000 1.073377 0.000000
vt 2.900000 1.073377 0.000000
vt 0.000000 1.216494 0.000000
vt 0.000000 1.073377 0.000000
vt 4.000000 1.288053 0.000000
vt 0.000000 1.359611 0.000000
vt 0.000000 -1.216494 0.000000
vt 4.000000 -1.288053 0.000000
vt 2.900000 -1.073377 0.000000
vt -0.000000 -1.073377 0.000000
vt 4.000000 -1.073377 0.000000
vt 3.106038 -0.899099 0.000000
vt 4.000000 -0.858702 0.000000
vt 3.296490 -0.711398 0.000000
vt 4.000000 -0.644026 0.000000
vt 3.379354 -0.605565 0.000000
vt 3.445895 -0.488364 0.000000
vt 4.000000 -0.429351 0.000000
vt 7.120000 2.075000 0.000000
vt 6.125000 -1.675000 0.000000
vt 7.120000 -6.825000 0.000000
vt 6.125000 -3.075000 0.000000
vt 6.125000 -6.125000 0.000000
vt 7.080477 2.222500 0.000000
vt 6.825000 2.370000 0.000000
vt 6.125000 1.375000 0.000000
vt 6.972500 2.330477 0.000000
vt 3.075000 1.375000 0.000000
vt -2.075000 2.370000 0.000000
vt 1.675000 1.375000 0.000000
vt -1.375000 1.375000 0.000000
vt -2.370000 2.075000 0.000000
vt -1.375000 -1.675000 0.000000
vt -2.370000 -6.825000 0.000000
vt -1.375000 -3.075000 0.000000
vt -1.375000 -6.125000 0.000000
vt -2.075000 -7.120000 0.000000
vt 1.675000 -6.125000 0.000000
vt 6.825000 -7.120000 0.000000
vt 3.075000 -6.125000 0.000000
vt -2.222500 2.330477 0.000000
vt -2.330477 2.222500 0.000000
vt -2.330477 -6.972500 0.000000
vt -2.222500 -7.080477 0.000000
vt 6.972500 -7.080477 0.000000
vt 7.080477 -6.972500 0.000000
vt 4.457929 -2.265602 0.000000
vt 4.507226 -1.975000 0.000000
vt 4.383096 -2.060000 0.000000
vt 4.404620 -1.956908 0.000000
vt 4.314390 -1.904813 0.000000
vt 4.457929 -2.484398 0.000000
vt 5.825000 -2.775000 0.000000
vt 5.825000 -1.975000 0.000000
vt 4.507226 -2.775000 0.000000
vt 4.383096 -2.690000 0.000000
vt 4.404620 -2.793092 0.000000
vt 4.314390 -2.845187 0.000000
vt 4.247419 -2.925000 0.000000
vt 5.975000 -2.815192 0.000000
vt 5.975000 -1.934808 0.000000
vt 6.084808 -2.925000 0.000000
vt 6.084808 -1.825000 0.000000
vt 1.825000 -6.084808 0.000000
vt 2.925000 -6.084808 0.000000
vt 1.934808 -5.975000 0.000000
vt 2.815192 -5.975000 0.000000
vt 1.975000 -5.825000 0.000000
vt 2.775000 -5.825000 0.000000
vt 1.975000 -4.571562 0.000000
vt 2.775000 -4.571562 0.000000
vt 1.934808 -4.421562 0.000000
vt 2.815192 -4.421562 0.000000
vt 1.825000 -4.311755 0.000000
vt 2.925000 -4.311755 0.000000
vt 1.675000 -4.271562 0.000000
vt 3.075000 -4.271562 0.000000
vt -1.334808 -1.825000 0.000000
vt -1.334808 -2.925000 0.000000
vt -1.225000 -1.934808 0.000000
vt -1.225000 -2.815192 0.000000
vt -1.075000 -1.975000 0.000000
vt -1.075000 -2.775000 0.000000
vt 0.292071 -2.265602 0.000000
vt 0.292071 -2.484398 0.000000
vt 0.242774 -2.775000 0.000000
vt 0.366904 -2.690000 0.000000
vt 0.345380 -2.793092 0.000000
vt 0.435610 -2.845187 0.000000
vt 0.502581 -2.925000 0.000000
vt 0.242774 -1.975000 0.000000
vt 0.366904 -2.060000 0.000000
vt 0.345380 -1.956908 0.000000
vt 0.435610 -1.904813 0.000000
vt 0.502581 -1.825000 0.000000
vt 2.925000 1.334808 0.000000
vt 1.825000 1.334808 0.000000
vt 2.815192 1.225000 0.000000
vt 1.934808 1.225000 0.000000
vt 2.775000 1.075000 0.000000
vt 1.975000 1.075000 0.000000
vt 2.775000 -0.178438 0.000000
vt 1.975000 -0.178438 0.000000
vt 2.815192 -0.328438 0.000000
vt 1.934808 -0.328438 0.000000
vt 2.925000 -0.438245 0.000000
vt 1.825000 -0.438245 0.000000
vt 3.075000 -0.478438 0.000000
vt 1.675000 -0.478438 0.000000
vt 4.247419 -1.825000 0.000000
vn -0.000000 -0.100000 0.000000
vn -0.000000 -0.100000 0.000000
vn -0.050000 -0.086603 0.000000
vn -0.050000 -0.086603 0.000000
vn -0.086603 -0.050000 0.000000
vn -0.086603 -0.050000 0.000000
vn -0.100000 0.000000 0.000000
vn -0.100000 0.000000 0.000000
vn -0.100000 0.000000 0.000000
vn -0.100000 0.000000 0.000000
vn -0.000000 -0.100000 0.000000
vn -0.000000 -0.100000 0.000000
vn 0.034202 -0.093969 0.000000
vn 0.034202 -0.093969 0.000000
vn 0.064279 -0.076604 0.000000
vn 0.086603 -0.050000 0.000000
vn 0.086603 -0.050000 0.000000
vn 0.064279 -0.076604 0.000000
vn 0.086603 -0.050000 0.000000
vn 0.086603 -0.050000 0.000000
vn 0.086603 -0.050000 0.000000
vn 0.086603 -0.050000 0.000000
vn 0.000000 0.100000 0.000000
vn 0.000000 0.100000 0.000000
vn 0.050000 0.086603 0.000000
vn 0.050000 0.086603 0.000000
vn 0.086603 0.050000 0.000000
vn 0.086603 0.050000 0.000000
vn 0.100000 -0.000000 0.000000
vn 0.100000 -0.000000 0.000000
vn 0.100000 -0.000000 0.000000
vn 0.100000 -0.000000 0.000000
vn 0.000000 -0.100000 0.000000
vn 0.000000 -0.100000 0.000000
vn 0.050000 -0.086603 0.000000
vn 0.050000 -0.086603 0.000000
vn 0.086603 -0.050000 0.000000
vn 0.086603 -0.050000 0.000000
vn 0.100000 0.000000 0.000000
vn 0.100000 0.000000 0.000000
vn 0.086603 -0.050000 0.000000
vn 0.086603 -0.050000 0.000000
vn 0.050000 -0.086603 0.000000
vn 0.050000 -0.086603 0.000000
vn 0.000000 -0.100000 0.000000
vn 0.000000 -0.100000 0.000000
vn -0.086601 0.049999 0.000500
vn -0.086601 0.049999 0.000500
vn -0.099999 0.000000 0.000500
vn -0.099999 0.000000 0.000500
vn -0.086601 -0.049999 0.000500
vn -0.086601 -0.049999 0.000500
vn -0.049999 -0.086601 0.000500
vn -0.049999 -0.086601 0.000500
vn 0.000000 -0.099999 0.000500
vn 0.000000 -0.099999 0.000500
vn 0.049999 -0.086601 0.000500
vn 0.049999 -0.086601 0.000500
vn 0.086601 -0.049999 0.000500
vn 0.086601 -0.049999 0.000500
vn 0.099999 0.000000 0.000500
vn 0.099999 0.000000 0.000500
vn 0.086601 0.049999 0.000500
vn 0.086601 0.049999 0.000500
vn 0.049999 0.086601 0.000500
vn 0.049999 0.086601 0.000500
vn 0.000000 0.099999 0.000500
vn 0.000000 0.099999 0.000500
vn -0.049999 0.086601 0.000500
vn -0.049999 0.086601 0.000500
vn 0.098766 -0.015662 0.000000
vn 0.088614 -0.046341 0.000000
vn 0.086603 -0.050000 0.000000
vn 0.065339 -0.075702 0.000000
vn 0.050000 -0.086603 0.000000
vn 0.032891 -0.094436 0.000000
vn 0.000000 -0.100000 0.000000
vn -0.004174 -0.099913 0.000000
vn -0.035819 -0.093365 0.000000
vn -0.050000 -0.086603 0.000000
vn -0.061905 -0.078535 0.000000
vn -0.086603 -0.050000 0.000000
vn -0.081538 -0.057892 0.000000
vn -0.093615 -0.035160 0.000000
vn -0.100000 -0.000000 0.000000
vn -0.099515 0.009837 -0.000000
vn -0.086603 0.050000 -0.000000
vn -0.086603 0.050000 -0.000000
vn -0.050000 0.086603 -0.000000
vn -0.064279 0.076604 -0.000000
vn -0.034202 0.093969 -0.000000
vn -0.086603 0.050000 -0.000000
vn 0.000000 0.100000 0.000000
vn 0.000000 0.100000 0.000000
vn 0.000000 0.100000 0.000000
vn 0.041238 0.091101 0.000000
vn 0.050000 0.086603 0.000000
vn 0.077257 0.063493 0.000000
vn 0.086603 0.050000 0.000000
vn 0.090905 0.041668 0.000000
vn 0.098966 0.014344 0.000000
vn 0.100000 0.000000 0.000000
vn -0.086603 0.050000 0.000000
vn -0.081336 0.046960 -0.034340
vn -0.081336 0.046960 -0.034340
vn -0.064999 0.037527 -0.066083
vn -0.064999 0.037527 -0.066083
vn -0.052083 0.030070 -0.079894
vn -0.052083 0.030070 -0.079894
vn -0.035916 0.020736 -0.090995
vn -0.035916 0.020736 -0.090995
vn -0.018162 0.010486 -0.097776
vn 0.000000 -0.000000 -0.100000
vn 0.000000 -0.000000 -0.100000
vn -0.018162 0.010486 -0.097776
vn -0.086603 0.050000 -0.000000
vn 0.000000 0.100000 0.000000
vn 0.000000 0.100000 0.000000
vn -0.000000 -0.100000 0.000000
vn -0.000000 -0.100000 0.000000
vn 0.034202 -0.093969 0.000000
vn 0.034202 -0.093969 0.000000
vn 0.064279 -0.076604 0.000000
vn 0.064279 -0.076604 0.000000
vn 0.064279 -0.076604 0.000000
vn 0.034202 -0.093969 0.000000
vn 0.100000 0.000000 0.000000
vn 0.100000 0.000000 0.000000
vn 0.086603 -0.050000 0.000000
vn 0.086603 -0.050000 0.000000
vn 0.050000 -0.086603 0.000000
vn 0.050000 -0.086603 0.000000
vn 0.000000 -0.100000 0.000000
vn 0.000000 -0.100000 0.000000
vn 0.100000 -0.000000 0.000000
vn 0.100000 -0.000000 0.000000
vn -0.086603 -0.050000 0.000000
vn -0.086603 -0.050000 0.000000
vn -0.064279 -0.076604 0.000000
vn -0.064279 -0.076604 0.000000
vn -0.034202 -0.093969 0.000000
vn 0.000000 -0.100000 0.000000
vn 0.000000 -0.100000 0.000000
vn -0.034202 -0.093969 0.000000
vn -0.086603 -0.050000 0.000000
vn -0.086603 -0.050000 0.000000
vn -0.086603 -0.050000 0.000000
vn -0.086603 -0.050000 0.000000
vn -0.100000 -0.000000 0.000000
vn -0.100000 -0.000000 0.000000
vn -0.086603 0.050000 -0.000000
vn -0.086603 0.050000 -0.000000
vn -0.050000 0.086603 -0.000000
vn -0.050000 0.086603 -0.000000
vn -0.000000 0.100000 -0.000000
vn -0.000000 0.100000 -0.000000
vn -0.100000 -0.000000 0.000000
vn -0.100000 -0.000000 0.000000
vn -0.086603 -0.050000 0.000000
vn -0.086603 -0.050000 0.000000
vn -0.050000 -0.086603 0.000000
vn -0.050000 -0.086603 0.000000
vn -0.000000 -0.100000 0.000000
vn -0.000000 -0.100000 0.000000
vn -0.000000 -0.100000 0.000000
vn -0.000000 -0.100000 0.000000
vn -0.050000 -0.086603 0.000000
vn -0.050000 -0.086603 0.000000
vn -0.086603 -0.050000 0.000000
vn -0.086603 -0.050000 0.000000
vn -0.100000 0.000000 0.000000
vn -0.100000 0.000000 0.000000
vn 0.086601 -0.049999 0.000500
vn 0.086601 -0.049999 0.000500
vn 0.099999 -0.000000 0.000500
vn 0.099999 -0.000000 0.000500
vn 0.086601 0.049999 0.000500
vn 0.086601 0.049999 0.000500
vn 0.049999 0.086601 0.000500
vn 0.049999 0.086601 0.000500
vn -0.000000 0.099999 0.000500
vn -0.000000 0.099999 0.000500
vn -0.049999 0.086601 0.000500
vn -0.049999 0.086601 0.000500
vn -0.086601 0.049999 0.000500
vn -0.086601 0.049999 0.000500
vn -0.099999 0.000000 0.000500
vn -0.099999 0.000000 0.000500
vn -0.086601 -0.049999 0.000500
vn -0.086601 -0.049999 0.000500
vn -0.049999 -0.086601 0.000500
vn -0.049999 -0.086601 0.000500
vn -0.000000 -0.099999 0.000500
vn -0.000000 -0.099999 0.000500
vn 0.049999 -0.086601 0.000500
vn 0.049999 -0.086601 0.000500
vn 0.035819 -0.093365 0.000000
vn 0.004174 -0.099913 0.000000
vn -0.000000 -0.100000 0.000000
vn -0.032891 -0.094436 0.000000
vn -0.050000 -0.086603 0.000000
vn -0.065339 -0.075702 0.000000
vn -0.086603 -0.050000 0.000000
vn -0.088614 -0.046341 0.000000
vn -0.098766 -0.015662 0.000000
vn -0.100000 0.000000 0.000000
vn -0.098966 0.014344 -0.000000
vn -0.086603 0.050000 -0.000000
vn -0.090905 0.041668 -0.000000
vn -0.077257 0.063493 -0.000000
vn -0.050000 0.086603 -0.000000
vn -0.041238 0.091101 -0.000000
vn -0.000000 0.100000 -0.000000
vn -0.000000 0.100000 -0.000000
vn 0.034202 0.093969 0.000000
vn -0.000000 0.100000 -0.000000
vn 0.050000 0.086603 0.000000
vn 0.064279 0.076604 0.000000
vn 0.086603 0.050000 0.000000
vn 0.086603 0.050000 0.000000
vn 0.099515 0.009837 0.000000
vn 0.086603 0.050000 0.000000
vn 0.100000 0.000000 0.000000
vn 0.093615 -0.035160 0.000000
vn 0.086603 -0.050000 0.000000
vn 0.081538 -0.057892 0.000000
vn 0.061905 -0.078535 0.000000
vn 0.050000 -0.086603 0.000000
vn 0.000000 0.000000 -0.100000
vn 0.000000 0.000000 -0.100000
vn -0.000000 0.020971 -0.097776
vn -0.000000 0.020971 -0.097776
vn -0.000000 0.041472 -0.090995
vn -0.000000 0.060141 -0.079894
vn -0.000000 0.060141 -0.079894
vn -0.000000 0.041472 -0.090995
vn -0.000000 0.075054 -0.066083
vn -0.000000 0.075054 -0.066083
vn -0.000000 0.093919 -0.034340
vn -0.000000 0.093919 -0.034340
vn -0.000000 -0.000000 -0.100000
vn -0.000000 -0.000000 -0.100000
vn 0.018162 0.010486 -0.097776
vn 0.018162 0.010486 -0.097776
vn 0.035916 0.020736 -0.090995
vn 0.052083 0.030070 -0.079894
vn 0.052083 0.030070 -0.079894
vn 0.035916 0.020736 -0.090995
vn 0.064999 0.037527 -0.066083
vn 0.064999 0.037527 -0.066083
vn 0.081336 0.046960 -0.034340
vn 0.081336 0.046960 -0.034340
vn 0.086603 0.050000 0.000000
vn 0.086603 0.050000 0.000000
vn 0.000000 -0.100000 0.000000
vn 0.000000 -0.100000 0.000000
vn 0.000000 0.100000 0.000000
vn 0.000000 0.100000 0.000000
vn -0.064279 -0.076604 0.000000
vn -0.064279 -0.076604 0.000000
vn -0.034202 -0.093969 0.000000
vn -0.034202 -0.093969 0.000000
vn -0.034202 -0.093969 0.000000
vn -0.064279 -0.076604 0.000000
vn -0.100000 0.000000 0.000000
vn -0.100000 0.000000 0.000000
vn -0.086603 0.050000 -0.000000
vn -0.086603 0.050000 -0.000000
vn -0.050000 0.086603 -0.000000
vn -0.050000 0.086603 -0.000000
vn -0.000000 0.100000 -0.000000
vn -0.000000 0.100000 -0.000000
vn -0.100000 0.000000 0.000000
vn -0.100000 0.000000 0.000000
vn 0.086603 0.050000 0.000000
vn 0.086603 0.050000 0.000000
vn 0.064279 0.076604 0.000000
vn 0.064279 0.076604 0.000000
vn 0.034202 0.093969 0.000000
vn -0.000000 0.100000 -0.000000
vn -0.000000 0.100000 -0.000000
vn 0.034202 0.093969 0.000000
vn 0.086603 0.050000 0.000000
vn 0.086603 0.050000 0.000000
vn 0.086603 0.050000 0.000000
vn 0.086603 0.050000 0.000000
vn 0.100000 0.000000 0.000000
vn 0.100000 0.000000 0.000000
vn 0.086603 -0.050000 0.000000
vn 0.086603 -0.050000 0.000000
vn 0.050000 -0.086603 0.000000
vn 0.050000 -0.086603 0.000000
vn 0.000000 -0.100000 0.000000
vn 0.000000 -0.100000 0.000000
vn 0.100000 0.000000 0.000000
vn 0.100000 0.000000 0.000000
vn 0.086603 0.050000 0.000000
vn 0.086603 0.050000 0.000000
vn 0.050000 0.086603 0.000000
vn 0.050000 0.086603 0.000000
vn 0.000000 0.100000 0.000000
vn 0.000000 0.100000 0.000000
vn 0.000000 0.100000 0.000000
vn 0.000000 0.100000 0.000000
vn 0.050000 0.086603 0.000000
vn 0.050000 0.086603 0.000000
vn 0.086603 0.050000 0.000000
vn 0.086603 0.050000 0.000000
vn 0.100000 0.000000 0.000000
vn 0.100000 0.000000 0.000000
vn 0.086601 -0.049999 0.000500
vn 0.086601 -0.049999 0.000500
vn 0.099999 -0.000000 0.000500
vn 0.099999 0.000000 0.000500
vn 0.086601 0.049999 0.000500
vn 0.086601 0.049999 0.000500
vn 0.049999 0.086601 0.000500
vn 0.049999 0.086601 0.000500
vn 0.000000 0.099999 0.000500
vn 0.000000 0.099999 0.000500
vn -0.049999 0.086601 0.000500
vn -0.049999 0.086601 0.000500
vn -0.086601 0.049999 0.000500
vn -0.086601 0.049999 0.000500
vn -0.099999 0.000000 0.000500
vn -0.099999 0.000000 0.000500
vn -0.086601 -0.049999 0.000500
vn -0.086601 -0.049999 0.000500
vn -0.049999 -0.086601 0.000500
vn -0.049999 -0.086601 0.000500
vn 0.000000 -0.099999 0.000500
vn 0.000000 -0.099999 0.000500
vn 0.049999 -0.086601 0.000500
vn 0.049999 -0.086601 0.000500
vn -0.086601 0.049999 0.000500
vn -0.086601 0.049999 0.000500
vn -0.099999 0.000000 0.000500
vn -0.099999 0.000000 0.000500
vn -0.086601 -0.049999 0.000500
vn -0.086601 -0.049999 0.000500
vn -0.049999 -0.086601 0.000500
vn -0.049999 -0.086601 0.000500
vn 0.000000 -0.099999 0.000500
vn 0.000000 -0.099999 0.000500
vn 0.049999 -0.086601 0.000500
vn 0.049999 -0.086601 0.000500
vn 0.086601 -0.049999 0.000500
vn 0.086601 -0.049999 0.000500
vn 0.099999 -0.000000 0.000500
vn 0.099999 -0.000000 0.000500
vn 0.086601 0.049999 0.000500
vn 0.086601 0.049999 0.000500
vn 0.049999 0.086601 0.000500
vn 0.049999 0.086601 0.000500
vn 0.000000 0.099999 0.000500
vn 0.000000 0.099999 0.000500
vn -0.049999 0.086601 0.000500
vn -0.049999 0.086601 0.000500
vn -0.035819 0.093365 -0.000000
vn -0.004174 0.099913 -0.000000
vn 0.000000 0.100000 0.000000
vn 0.032891 0.094436 0.000000
vn 0.050000 0.086603 0.000000
vn 0.065339 0.075702 0.000000
vn 0.086603 0.050000 0.000000
vn 0.088614 0.046341 0.000000
vn 0.098766 0.015662 0.000000
vn 0.100000 0.000000 0.000000
vn 0.098966 -0.014344 0.000000
vn 0.086603 -0.050000 0.000000
vn 0.090905 -0.041668 0.000000
vn 0.077257 -0.063493 0.000000
vn 0.050000 -0.086603 0.000000
vn 0.041238 -0.091101 0.000000
vn 0.000000 -0.100000 0.000000
vn 0.000000 -0.100000 0.000000
vn -0.034202 -0.093969 0.000000
vn 0.000000 -0.100000 0.000000
vn -0.050000 -0.086603 0.000000
vn -0.064279 -0.076604 0.000000
vn -0.086603 -0.050000 0.000000
vn -0.086603 -0.050000 0.000000
vn -0.099515 -0.009837 0.000000
vn -0.086603 -0.050000 0.000000
vn -0.100000 -0.000000 0.000000
vn -0.093615 0.035160 -0.000000
vn -0.086603 0.050000 -0.000000
vn -0.081538 0.057892 -0.000000
vn -0.061905 0.078535 -0.000000
vn -0.050000 0.086603 -0.000000
vn 0.000000 0.000000 -0.100000
vn 0.000000 0.000000 -0.100000
vn -0.018162 -0.010486 -0.097776
vn -0.018162 -0.010486 -0.097776
vn -0.035916 -0.020736 -0.090995
vn -0.052083 -0.030070 -0.079894
vn -0.052083 -0.030070 -0.079894
vn -0.035916 -0.020736 -0.090995
vn -0.064999 -0.037527 -0.066083
vn -0.064999 -0.037527 -0.066083
vn -0.081336 -0.046960 -0.034340
vn -0.081336 -0.046960 -0.034340
vn -0.086603 -0.050000 0.000000
vn -0.086603 -0.050000 0.000000
vn 0.098481 -0.017365 0.000000
vn 0.098481 -0.017365 0.000000
vn 0.098481 0.017365 0.000000
vn 0.098481 0.017365 0.000000
vn 0.000000 -0.100000 0.000000
vn 0.000000 -0.100000 0.000000
vn 0.064279 0.076604 0.000000
vn 0.064279 0.076604 0.000000
vn 0.034202 0.093969 0.000000
vn 0.034202 0.093969 0.000000
vn -0.000000 0.100000 -0.000000
vn -0.000000 0.100000 -0.000000
vn 0.034202 0.093969 0.000000
vn 0.064279 0.076604 0.000000
vn 0.062947 0.077703 0.000000
vn 0.084440 0.053571 0.000000
vn 0.086603 0.050000 0.000000
vn 0.098230 0.018734 0.000000
vn 0.100000 0.000000 0.000000
vn 0.098230 -0.018734 0.000000
vn 0.086603 -0.050000 0.000000
vn 0.084440 -0.053571 0.000000
vn 0.062947 -0.077703 0.000000
vn 0.050000 -0.086603 0.000000
vn 0.037061 -0.092879 0.000000
vn 0.000000 -0.100000 0.000000
vn 0.009367 -0.099560 0.000000
vn -0.016358 -0.098653 0.000000
vn -0.050000 -0.086603 0.000000
vn -0.058277 -0.081264 0.000000
vn -0.086603 -0.050000 0.000000
vn -0.098481 -0.017365 0.000000
vn -0.100000 -0.000000 0.000000
vn -0.098481 0.017365 -0.000000
vn -0.086603 0.050000 -0.000000
vn -0.058277 0.081264 -0.000000
vn -0.050000 0.086603 -0.000000
vn -0.016358 0.098653 -0.000000
vn 0.000000 0.100000 0.000000
vn 0.009367 0.099560 0.000000
vn 0.037061 0.092879 0.000000
vn 0.050000 0.086603 0.000000
vn 0.000000 0.100000 0.000000
vn 0.000000 0.100000 0.000000
vn 0.050000 0.086603 0.000000
vn 0.050000 0.086603 0.000000
vn 0.086603 0.050000 0.000000
vn 0.086603 0.050000 0.000000
vn 0.100000 0.000000 0.000000
vn 0.100000 0.000000 0.000000
vn 0.100000 0.000000 0.000000
vn 0.100000 0.000000 0.000000
vn 0.000000 0.100000 0.000000
vn 0.000000 0.100000 0.000000
vn -0.034202 0.093969 0.000000
vn -0.034202 0.093969 0.000000
vn -0.064279 0.076604 0.000000
vn -0.086603 0.050000 0.000000
vn -0.086603 0.050000 0.000000
vn -0.064279 0.076604 0.000000
vn -0.086603 0.050000 0.000000
vn -0.086603 0.050000 0.000000
vn -0.086603 0.050000 0.000000
vn -0.086603 0.050000 0.000000
vn 0.000000 -0.100000 0.000000
vn 0.000000 -0.100000 0.000000
vn -0.050000 -0.086603 0.000000
vn -0.050000 -0.086603 0.000000
vn -0.086603 -0.050000 0.000000
vn -0.086603 -0.050000 0.000000
vn -0.100000 0.000000 0.000000
vn -0.100000 0.000000 0.000000
vn -0.100000 0.000000 0.000000
vn -0.100000 0.000000 0.000000
vn -0.000000 0.100000 -0.000000
vn -0.000000 0.100000 -0.000000
vn -0.050000 0.086603 -0.000000
vn -0.050000 0.086603 -0.000000
vn -0.086603 0.050000 -0.000000
vn -0.086603 0.050000 -0.000000
vn -0.100000 0.000000 0.000000
vn -0.100000 0.000000 0.000000
vn -0.086603 0.050000 -0.000000
vn -0.086603 0.050000 -0.000000
vn -0.050000 0.086603 -0.000000
vn -0.050000 0.086603 -0.000000
vn -0.000000 0.100000 -0.000000
vn -0.000000 0.100000 -0.000000
vn 0.000000 0.000000 -0.100000
vn 0.000000 0.000000 -0.100000
vn 0.000000 0.000000 -0.100000
vn 0.000000 0.000000 -0.100000
vn 0.000000 0.000000 -0.100000
vn 0.000000 0.000000 -0.100000
vn 0.000000 0.000000 -0.100000
vn 0.000000 0.000000 -0.100000
vn 0.000000 0.000000 -0.100000
vn 0.000000 0.000000 -0.100000
vn 0.000000 0.000000 -0.100000
vn 0.000000 0.000000 -0.100000
vn 0.000000 0.000000 -0.100000
vn 0.000000 0.000000 -0.100000
vn 0.000000 0.000000 -0.100000
vn 0.000000 0.000000 -0.100000
vn 0.000000 0.000000 -0.100000
vn 0.000000 0.000000 -0.100000
vn 0.000000 0.000000 -0.100000
vn 0.000000 0.000000 -0.100000
vn 0.000000 0.000000 -0.100000
vn 0.000000 0.000000 -0.100000
vn 0.000000 0.000000 -0.100000
vn 0.000000 0.000000 -0.100000
vn 0.000000 0.000000 -0.100000
vn 0.000000 0.000000 -0.100000
vn 0.000000 0.000000 -0.100000
vn 0.000000 0.000000 -0.100000
vn 0.000000 0.000000 -0.100000
vn 0.000000 0.000000 -0.100000
vn 0.000000 0.000000 -0.100000
vn 0.000000 0.000000 -0.100000
vn 0.000000 0.000000 -0.100000
vn 0.000000 0.000000 -0.100000
vn 0.000000 0.000000 -0.100000
vn 0.000000 0.000000 -0.100000
vn 0.000000 0.000000 -0.100000
vn 0.000000 0.000000 -0.100000
vn 0.000000 0.000000 -0.100000
vn 0.000000 0.000000 -0.100000
vn 0.000000 0.000000 -0.100000
vn 0.000000 0.000000 -0.100000
vn 0.000000 0.000000 -0.100000
vn 0.000000 0.000000 -0.100000
vn 0.000000 0.000000 -0.100000
vn 0.000000 0.000000 -0.100000
vn 0.000000 0.000000 -0.100000
vn 0.000000 0.000000 -0.100000
vn 0.000000 0.000000 -0.100000
vn 0.000000 0.000000 -0.100000
vn 0.000000 0.000000 -0.100000
vn 0.000000 0.000000 -0.100000
vn 0.000000 0.000000 -0.100000
vn 0.000000 0.000000 -0.100000
vn 0.000000 0.000000 -0.100000
vn 0.000000 0.000000 -0.100000
vn 0.000000 0.000000 -0.100000
vn 0.000000 0.000000 -0.100000
vn 0.000000 0.000000 -0.100000
vn 0.000000 0.000000 -0.100000
vn 0.000000 0.000000 -0.100000
vn 0.000000 0.000000 -0.100000
vn 0.000000 0.000000 -0.100000
vn 0.000000 0.000000 -0.100000
vn 0.000000 0.000000 -0.100000
vn 0.000000 0.000000 -0.100000
vn 0.000000 0.000000 -0.100000
vn 0.000000 0.000000 -0.100000
vn 0.000000 0.000000 -0.100000
vn 0.000000 0.000000 -0.100000
vn 0.000000 0.000000 -0.100000
vn 0.000000 0.000000 -0.100000
vn 0.000000 0.000000 -0.100000
vn 0.000000 0.000000 -0.100000
vn 0.000000 0.000000 -0.100000
vn 0.000000 0.000000 -0.100000
vn 0.000000 0.000000 -0.100000
vn 0.000000 0.000000 -0.100000
vn 0.000000 0.000000 -0.100000
vn 0.000000 0.000000 -0.100000
vn 0.000000 0.000000 -0.100000
vn 0.000000 0.000000 -0.100000
vn 0.000000 0.000000 -0.100000
vn 0.000000 0.000000 -0.100000
vn 0.000000 0.000000 -0.100000
vn 0.000000 0.000000 -0.100000
vn 0.000000 0.000000 -0.100000
vn 0.000000 0.000000 -0.100000
vn 0.000000 0.000000 -0.100000
vn 0.000000 0.000000 -0.100000
vn 0.000000 0.000000 -0.100000
vn 0.000000 0.000000 -0.100000
vn 0.000000 0.000000 -0.100000
vn 0.000000 0.000000 -0.100000
vn 0.000000 0.000000 -0.100000
vn 0.000000 0.000000 -0.100000
vn 0.000000 0.000000 -0.100000
vn 0.000000 0.000000 -0.100000
vn 0.000000 0.000000 -0.100000
vn 0.000000 0.000000 -0.100000
vn 0.000000 0.000000 -0.100000
vn 0.000000 0.000000 -0.100000
vn 0.000000 0.000000 -0.100000
vn 0.000000 0.000000 -0.100000
vn 0.000000 0.000000 -0.100000
vn 0.000000 0.000000 -0.100000
vn 0.000000 0.000000 -0.100000
vn 0.000000 0.000000 -0.100000
vn 0.000000 0.000000 -0.100000
vn 0.000000 0.000000 -0.100000
vn 0.000000 0.000000 -0.100000
vn 0.000000 0.000000 -0.100000
vn 0.000000 0.000000 -0.100000
vn 0.000000 0.000000 -0.100000
vn 0.000000 0.000000 -0.100000
vn 0.000000 0.000000 -0.100000
vn 0.000000 0.000000 -0.100000
vn 0.000000 0.000000 -0.100000
vn 0.000000 0.000000 -0.100000
vn 0.000000 0.000000 -0.100000
vn 0.000000 0.000000 -0.100000
vn 0.000000 0.000000 -0.100000
vn 0.000000 0.000000 -0.100000
vn 0.000000 0.000000 -0.100000
vn -0.086601 -0.049999 0.000500
vn -0.086601 -0.049999 0.000500
vn -0.099999 -0.000000 0.000500
vn -0.099999 -0.000000 0.000500
vn -0.086601 0.049999 0.000500
vn -0.086601 0.049999 0.000500
vn -0.049999 0.086601 0.000500
vn -0.049999 0.086601 0.000500
vn 0.000000 0.099999 0.000500
vn 0.000000 0.099999 0.000500
vn 0.049999 0.086601 0.000500
vn 0.049999 0.086601 0.000500
vn 0.086601 0.049999 0.000500
vn 0.086601 0.049999 0.000500
vn 0.099999 -0.000000 0.000500
vn 0.099999 -0.000000 0.000500
vn 0.086601 -0.049999 0.000500
vn 0.086601 -0.049999 0.000500
vn 0.049999 -0.086601 0.000500
vn 0.049999 -0.086601 0.000500
vn -0.000000 -0.099999 0.000500
vn 0.000000 -0.099999 0.000500
vn -0.049999 -0.086601 0.000500
vn -0.049999 -0.086601 0.000500
vn 0.000000 0.000000 0.100000
vn 0.000000 0.000000 0.100000
vn 0.000000 0.000000 0.100000
vn 0.000000 0.000000 0.100000
vn 0.000000 0.000000 0.100000
vn 0.000000 0.000000 0.100000
vn 0.000000 0.000000 0.100000
vn 0.000000 0.000000 0.100000
vn 0.000000 0.000000 0.100000
vn 0.000000 0.000000 0.100000
vn 0.000000 0.000000 0.100000
vn 0.000000 0.000000 0.100000
vn 0.000000 0.000000 0.100000
vn 0.000000 0.000000 0.100000
vn 0.000000 0.000000 0.100000
vn 0.000000 0.000000 0.100000
vn 0.000000 0.000000 0.100000
vn 0.000000 0.000000 0.100000
vn 0.000000 0.000000 0.100000
vn 0.000000 0.000000 0.100000
vn 0.000000 0.000000 0.100000
vn 0.000000 0.000000 0.100000
vn 0.000000 0.000000 0.100000
vn 0.000000 0.000000 0.100000
vn 0.000000 0.000000 0.100000
vn 0.000000 0.000000 0.100000
vn 0.000000 0.000000 0.100000
vn 0.000000 0.000000 0.100000
vn 0.000000 0.000000 0.100000
vn 0.000000 0.000000 0.100000
vn 0.000000 0.000000 0.100000
vn 0.000000 0.000000 0.100000
vn 0.000000 0.000000 0.100000
vn 0.000000 0.000000 0.100000
vn 0.000000 0.000000 0.100000
vn 0.000000 0.000000 0.100000
vn 0.000000 0.000000 0.100000
vn 0.000000 0.000000 0.100000
vn 0.000000 0.000000 0.100000
vn 0.000000 0.000000 0.100000
vn 0.000000 0.000000 0.100000
vn 0.000000 0.000000 0.100000
vn 0.000000 0.000000 0.100000
vn 0.000000 0.000000 0.100000
vn 0.000000 0.000000 0.100000
vn 0.000000 0.000000 0.100000
vn 0.000000 0.000000 0.100000
vn 0.000000 0.000000 0.100000
vn 0.000000 0.000000 0.100000
vn 0.000000 0.000000 0.100000
vn 0.000000 0.000000 0.100000
vn 0.000000 0.000000 0.100000
vn 0.000000 0.000000 0.100000
vn 0.000000 0.000000 0.100000
vn 0.000000 0.000000 0.100000
vn 0.000000 0.000000 0.100000
vn 0.000000 0.000000 0.100000
vn 0.000000 0.000000 0.100000
vn 0.000000 0.000000 0.100000
vn 0.000000 0.000000 0.100000
vn 0.000000 0.000000 0.100000
vn 0.000000 0.000000 0.100000
vn 0.000000 0.000000 0.100000
vn 0.000000 0.000000 0.100000
vn 0.000000 0.000000 0.100000
vn 0.000000 0.000000 0.100000
vn 0.000000 0.000000 0.100000
vn 0.000000 0.000000 0.100000
vn 0.000000 0.000000 0.100000
vn 0.000000 0.000000 0.100000
vn 0.000000 0.000000 0.100000
vn 0.000000 0.000000 0.100000
vn 0.000000 0.000000 0.100000
vn 0.000000 0.000000 0.100000
vn 0.000000 0.000000 0.100000
vn 0.000000 0.000000 0.100000
vn 0.000000 0.000000 0.100000
vn 0.000000 0.000000 0.100000
vn 0.000000 0.000000 0.100000
vn 0.000000 0.000000 0.100000
vn 0.000000 0.000000 0.100000
vn 0.000000 0.000000 0.100000
vn 0.000000 0.000000 0.100000
vn 0.000000 0.000000 0.100000
vn 0.000000 0.000000 0.100000
vn 0.000000 0.000000 0.100000
vn 0.000000 0.000000 0.100000
vn 0.000000 0.000000 0.100000
vn 0.000000 0.000000 0.100000
vn 0.000000 0.000000 0.100000
vn 0.000000 0.000000 0.100000
vn 0.000000 0.000000 0.100000
vn 0.000000 0.000000 0.100000
vn 0.000000 0.000000 0.100000
vn 0.000000 0.000000 0.100000
vn 0.000000 0.000000 0.100000
vn 0.000000 0.000000 0.100000
vn 0.000000 0.000000 0.100000
vn 0.000000 0.000000 0.100000
vn 0.000000 0.000000 0.100000
vn 0.000000 0.000000 0.100000
vn 0.000000 0.000000 0.100000
vn 0.000000 0.000000 0.100000
vn 0.000000 0.000000 0.100000
vn 0.000000 0.000000 0.100000
vn 0.000000 0.000000 0.100000
vn 0.000000 0.000000 0.100000
vn 0.000000 0.000000 0.100000
vn -0.086601 -0.049999 0.000500
vn -0.086601 -0.049999 0.000500
vn -0.099999 0.000000 0.000500
vn -0.099999 0.000000 0.000500
vn -0.086601 0.049999 0.000500
vn -0.086601 0.049999 0.000500
vn -0.049999 0.086601 0.000500
vn -0.049999 0.086601 0.000500
vn -0.000000 0.099999 0.000500
vn -0.000000 0.099999 0.000500
vn 0.049999 0.086601 0.000500
vn 0.049999 0.086601 0.000500
vn 0.086601 0.049999 0.000500
vn 0.086601 0.049999 0.000500
vn 0.099999 0.000000 0.000500
vn 0.099999 0.000000 0.000500
vn 0.086601 -0.049999 0.000500
vn 0.086601 -0.049999 0.000500
vn 0.049999 -0.086601 0.000500
vn 0.049999 -0.086601 0.000500
vn -0.000000 -0.099999 0.000500
vn -0.000000 -0.099999 0.000500
vn -0.049999 -0.086601 0.000500
vn -0.049999 -0.086601 0.000500
vn 0.086601 -0.049999 0.000500
vn 0.086601 -0.049999 0.000500
vn 0.099999 -0.000000 0.000500
vn 0.099999 -0.000000 0.000500
vn 0.086601 0.049999 0.000500
vn 0.086601 0.049999 0.000500
vn 0.049999 0.086601 0.000500
vn 0.049999 0.086601 0.000500
vn -0.000000 0.099999 0.000500
vn -0.000000 0.099999 0.000500
vn -0.049999 0.086601 0.000500
vn -0.049999 0.086601 0.000500
vn -0.086601 0.049999 0.000500
vn -0.086601 0.049999 0.000500
vn -0.099999 0.000000 0.000500
vn -0.099999 0.000000 0.000500
vn -0.086601 -0.049999 0.000500
vn -0.086601 -0.049999 0.000500
vn -0.049999 -0.086601 0.000500
vn -0.049999 -0.086601 0.000500
vn -0.000000 -0.099999 0.000500
vn -0.000000 -0.099999 0.000500
vn 0.049999 -0.086601 0.000500
vn 0.049999 -0.086601 0.000500
vn -0.098766 0.015662 0.000000
vn -0.088614 0.046341 0.000000
vn -0.086603 0.050000 0.000000
vn -0.065339 0.075702 0.000000
vn -0.050000 0.086603 0.000000
vn -0.032891 0.094436 0.000000
vn -0.000000 0.100000 0.000000
vn 0.004174 0.099913 0.000000
vn 0.035819 0.093365 0.000000
vn 0.050000 0.086603 0.000000
vn 0.061905 0.078535 0.000000
vn 0.086603 0.050000 0.000000
vn 0.081538 0.057892 0.000000
vn 0.093615 0.035160 0.000000
vn 0.100000 0.000000 0.000000
vn 0.099515 -0.009837 0.000000
vn 0.086603 -0.050000 0.000000
vn 0.086603 -0.050000 0.000000
vn 0.050000 -0.086603 0.000000
vn 0.064279 -0.076604 0.000000
vn 0.034202 -0.093969 0.000000
vn 0.086603 -0.050000 0.000000
vn -0.000000 -0.100000 0.000000
vn -0.000000 -0.100000 0.000000
vn -0.000000 -0.100000 0.000000
vn -0.041238 -0.091101 0.000000
vn -0.050000 -0.086603 0.000000
vn -0.077257 -0.063493 0.000000
vn -0.086603 -0.050000 0.000000
vn -0.090905 -0.041668 0.000000
vn -0.098966 -0.014344 0.000000
vn -0.100000 0.000000 0.000000
vn 0.000000 0.000000 -0.100000
vn 0.000000 0.000000 -0.100000
vn 0.000000 -0.020971 -0.097776
vn 0.000000 -0.020971 -0.097776
vn 0.000000 -0.041472 -0.090995
vn 0.000000 -0.060141 -0.079894
vn 0.000000 -0.060141 -0.079894
vn 0.000000 -0.041472 -0.090995
vn 0.000000 -0.075054 -0.066083
vn 0.000000 -0.075054 -0.066083
vn 0.000000 -0.093919 -0.034340
vn 0.000000 -0.093919 -0.034340
vn 0.000000 0.000000 -0.100000
vn 0.000000 0.000000 -0.100000
vn 0.000000 0.000000 -0.100000
vn 0.000000 0.000000 -0.100000
vn 0.000000 0.000000 -0.100000
vn 0.000000 0.000000 -0.100000
vn 0.000000 0.000000 -0.100000
vn 0.000000 0.000000 -0.100000
vn 0.000000 0.000000 -0.100000
vn 0.000000 0.000000 -0.100000
vn 0.000000 0.000000 -0.100000
vn 0.000000 0.000000 -0.100000
vn 0.000000 0.000000 -0.100000
vn 0.000000 0.000000 -0.100000
vn 0.000000 0.000000 -0.100000
vn 0.000000 0.000000 -0.100000
vn 0.000000 0.000000 -0.100000
vn 0.000000 0.000000 -0.100000
vn 0.000000 0.000000 -0.100000
vn 0.000000 0.000000 -0.100000
vn 0.000000 0.000000 -0.100000
vn 0.000000 0.000000 -0.100000
vn 0.000000 0.000000 -0.100000
vn 0.000000 0.000000 -0.100000
vn 0.000000 0.000000 -0.100000
vn 0.000000 0.000000 -0.100000
vn 0.086603 -0.050000 0.000000
vn 0.081336 -0.046960 -0.034340
vn 0.081336 -0.046960 -0.034340
vn 0.064999 -0.037527 -0.066083
vn 0.064999 -0.037527 -0.066083
vn 0.052083 -0.030070 -0.079894
vn 0.052083 -0.030070 -0.079894
vn 0.035916 -0.020736 -0.090995
vn 0.035916 -0.020736 -0.090995
vn 0.018162 -0.010486 -0.097776
vn 0.018162 -0.010486 -0.097776
vn 0.086603 -0.050000 0.000000
vn -0.098481 0.017365 -0.000000
vn -0.098481 0.017365 -0.000000
vn -0.098481 -0.017365 0.000000
vn -0.098481 -0.017365 0.000000
vn 0.000000 0.100000 0.000000
vn 0.000000 0.100000 0.000000
vn 0.000000 -0.100000 0.000000
vn 0.000000 -0.100000 0.000000
vn -0.034202 0.093969 -0.000000
vn -0.034202 0.093969 -0.000000
vn -0.064279 0.076604 -0.000000
vn -0.064279 0.076604 -0.000000
vn -0.064279 0.076604 -0.000000
vn -0.034202 0.093969 -0.000000
vn -0.086603 -0.050000 0.000000
vn -0.086603 -0.050000 0.000000
vn -0.100000 -0.000000 0.000000
vn -0.100000 0.000000 0.000000
vn -0.086603 0.050000 0.000000
vn -0.086603 0.050000 0.000000
vn -0.050000 0.086603 0.000000
vn -0.050000 0.086603 0.000000
vn 0.000000 0.100000 0.000000
vn 0.000000 0.100000 0.000000
vn 0.050000 0.086603 0.000000
vn 0.050000 0.086603 0.000000
vn 0.086603 0.050000 0.000000
vn 0.086603 0.050000 0.000000
vn 0.100000 0.000000 0.000000
vn 0.100000 0.000000 0.000000
vn 0.086603 -0.050000 0.000000
vn 0.086603 -0.050000 0.000000
vn 0.050000 -0.086603 0.000000
vn 0.050000 -0.086603 0.000000
vn 0.000000 -0.100000 0.000000
vn 0.000000 -0.100000 0.000000
vn -0.050000 -0.086603 0.000000
vn -0.050000 -0.086603 0.000000
vn -0.086603 -0.050000 0.000000
vn -0.098230 -0.018734 0.000000
vn -0.100000 0.000000 0.000000
vn -0.098230 0.018734 0.000000
vn -0.086603 0.050000 0.000000
vn -0.084440 0.053571 0.000000
vn -0.062947 0.077703 0.000000
vn -0.050000 -0.086603 0.000000
vn -0.062947 -0.077703 0.000000
vn -0.084440 -0.053571 0.000000
vn -0.037061 -0.092879 0.000000
vn -0.000000 -0.100000 0.000000
vn -0.009367 -0.099560 0.000000
vn 0.016358 -0.098653 0.000000
vn 0.050000 -0.086603 0.000000
vn 0.058277 -0.081264 0.000000
vn 0.086603 -0.050000 0.000000
vn 0.098481 -0.017365 0.000000
vn 0.100000 -0.000000 0.000000
vn 0.098481 0.017365 0.000000
vn 0.086603 0.050000 0.000000
vn 0.058277 0.081264 0.000000
vn 0.050000 0.086603 0.000000
vn 0.016358 0.098653 0.000000
vn -0.000000 0.100000 0.000000
vn -0.009367 0.099560 0.000000
vn -0.037061 0.092879 0.000000
vn -0.050000 0.086603 0.000000
vn 0.000000 0.000000 0.100000
vn 0.000000 0.000000 0.100000
vn 0.000000 0.000000 0.100000
vn 0.000000 0.000000 0.100000
vn 0.000000 0.000000 0.100000
vn 0.000000 0.000000 0.100000
vn 0.000000 0.000000 0.100000
vn 0.000000 0.000000 0.100000
vn 0.000000 0.000000 0.100000
vn 0.000000 0.000000 0.100000
vn 0.000000 0.000000 0.100000
vn 0.000000 0.000000 0.100000
vn 0.000000 0.000000 0.100000
vn 0.000000 0.000000 0.100000
vn 0.000000 0.000000 0.100000
vn 0.000000 0.000000 0.100000
vn 0.000000 0.000000 0.100000
vn 0.000000 0.000000 0.100000
vn 0.000000 0.000000 0.100000
vn 0.000000 0.000000 0.100000
vn 0.000000 0.000000 0.100000
vn 0.000000 0.000000 0.100000
vn 0.000000 0.000000 0.100000
vn 0.000000 0.000000 0.100000
vn 0.000000 0.000000 0.100000
vn 0.000000 0.000000 0.100000
vn 0.000000 0.000000 0.100000
vn 0.000000 0.000000 0.100000
vn 0.000000 0.000000 0.100000
vn 0.000000 0.000000 0.100000
vn 0.000000 0.000000 0.100000
vn 0.000000 0.000000 0.100000
vn 0.000000 0.000000 0.100000
vn 0.000000 0.000000 0.100000
vn 0.000000 0.000000 0.100000
vn 0.000000 0.000000 0.100000
vn 0.000000 0.000000 0.100000
vn 0.000000 0.000000 0.100000
vn 0.000000 0.000000 0.100000
vn 0.000000 0.000000 0.100000
vn 0.000000 0.000000 0.100000
vn 0.000000 0.000000 0.100000
vn 0.000000 0.000000 0.100000
vn 0.000000 0.000000 0.100000
vn 0.000000 0.000000 0.100000
vn 0.000000 0.000000 0.100000
vn 0.000000 0.000000 0.100000
vn 0.000000 0.000000 0.100000
vn 0.000000 0.000000 0.100000
vn 0.000000 0.000000 0.100000
vn 0.000000 0.000000 0.100000
vn 0.000000 0.000000 0.100000
vn 0.000000 0.000000 0.100000
vn 0.000000 0.000000 0.100000
vn 0.000000 0.000000 0.100000
vn 0.000000 0.000000 0.100000
vn 0.000000 0.000000 0.100000
vn 0.000000 0.000000 0.100000
vn 0.000000 0.000000 0.100000
vn 0.000000 0.000000 0.100000
vn 0.000000 0.000000 0.100000
vn 0.000000 0.000000 0.100000
vn 0.000000 0.000000 0.100000
vn 0.000000 0.000000 0.100000
vn 0.000000 0.000000 0.100000
vn 0.000000 0.000000 0.100000
vn 0.000000 0.000000 0.100000
vn 0.000000 0.000000 0.100000
vn 0.000000 0.000000 0.100000
vn 0.000000 0.000000 0.100000
vn 0.000000 0.000000 0.100000
vn 0.000000 0.000000 0.100000
vn 0.000000 0.000000 0.100000
vn 0.000000 0.000000 0.100000
vn 0.000000 0.000000 0.100000
vn 0.000000 0.000000 0.100000
vn 0.000000 0.000000 0.100000
vn 0.000000 0.000000 0.100000
vn 0.000000 0.000000 0.100000
vn 0.000000 0.000000 0.100000
vn 0.000000 0.000000 0.100000
vn 0.000000 0.000000 0.100000
vn 0.000000 0.000000 0.100000
vn 0.000000 0.000000 0.100000
vn 0.000000 0.000000 0.100000
vn 0.000000 0.000000 0.100000
vn 0.000000 0.000000 0.100000
vn 0.000000 0.000000 0.100000
vn 0.000000 0.000000 0.100000
vn 0.000000 0.000000 0.100000
vn 0.000000 0.000000 0.100000
vn 0.000000 0.000000 0.100000
usemtl Steel_-_Satin
f 8/1/1 1/2/2 7/3/3
f 7/3/3 1/2/2 2/4/4
f 7/3/3 2/4/4 6/5/5
f 6/5/5 2/4/4 3/6/6
f 6/5/5 3/6/6 5/7/7
f 5/7/7 3/6/6 4/8/8
f 4/9/8 9/10/9 5/11/7
f 5/11/7 9/10/9 10/12/10
f 18/13/11 11/14/12 17/15/13
f 17/15/13 11/14/12 12/16/14
f 17/15/13 12/16/14 13/17/15
f 14/18/16 15/19/17 13/17/15
f 13/17/15 15/19/17 16/20/18
f 13/17/15 16/20/18 17/15/13
f 15/21/17 14/22/16 22/23/19
f 22/23/19 14/22/16 21/24/20
f 21/24/20 14/22/16 20/25/21
f 20/25/21 14/22/16 19/26/22
f 30/27/23 23/28/24 29/29/25
f 29/29/25 23/28/24 24/30/26
f 29/29/25 24/30/26 28/31/27
f 28/31/27 24/30/26 25/32/28
f 28/31/27 25/32/28 27/33/29
f 27/33/29 25/32/28 26/34/30
f 26/35/30 31/36/31 27/37/29
f 27/37/29 31/36/31 32/38/32
f 38/39/33 33/40/34 37/41/35
f 37/41/35 33/40/34 34/42/36
f 37/41/35 34/42/36 36/43/37
f 36/43/37 34/42/36 35/44/38
f 36/43/37 35/44/38 31/45/31
f 31/45/31 35/44/38 32/46/32
f 46/47/39 39/48/40 45/49/41
f 45/49/41 39/48/40 40/50/42
f 45/49/41 40/50/42 44/51/43
f 44/51/43 40/50/42 41/52/44
f 44/51/43 41/52/44 43/53/45
f 43/53/45 41/52/44 42/54/46
f 48/55/47 70/56/48 47/57/49
f 47/57/49 70/56/48 59/58/50
f 47/59/49 59/60/50 58/61/51
f 58/61/51 59/60/50 60/62/52
f 58/61/51 60/62/52 57/63/53
f 57/63/53 60/62/52 61/64/54
f 57/63/53 61/64/54 56/65/55
f 56/65/55 61/64/54 62/66/56
f 56/65/55 62/66/56 55/67/57
f 55/67/57 62/66/56 63/68/58
f 55/67/57 63/68/58 54/69/59
f 54/69/59 63/68/58 64/70/60
f 54/69/59 64/70/60 53/71/61
f 53/71/61 64/70/60 65/72/62
f 53/71/61 65/72/62 52/73/63
f 52/73/63 65/72/62 66/74/64
f 52/73/63 66/74/64 51/75/65
f 51/75/65 66/74/64 67/76/66
f 51/75/65 67/76/66 50/77/67
f 50/77/67 67/76/66 68/78/68
f 50/77/67 68/78/68 49/79/69
f 49/79/69 68/78/68 69/80/70
f 49/79/69 69/80/70 48/55/47
f 48/55/47 69/80/70 70/56/48
f 90/81/71 71/82/72 54/83/73
f 54/83/73 71/82/72 72/84/74
f 54/83/73 72/84/74 55/85/75
f 55/85/75 72/84/74 73/86/76
f 55/85/75 73/86/76 56/87/77
f 56/87/77 73/86/76 74/88/78
f 56/87/77 74/88/78 75/89/79
f 56/87/77 75/89/79 57/90/80
f 57/90/80 75/89/79 76/91/81
f 57/90/80 76/91/81 58/92/82
f 58/92/82 76/91/81 77/93/83
f 58/92/82 77/93/83 78/94/84
f 58/92/82 78/94/84 47/95/85
f 47/96/85 78/97/84 79/98/86
f 47/96/85 79/98/86 48/99/87
f 48/99/87 79/98/86 80/100/88
f 48/99/87 80/100/88 49/101/89
f 49/101/89 80/100/88 82/102/90
f 49/101/89 82/102/90 83/103/91
f 80/100/88 81/104/92 82/102/90
f 84/105/93 85/106/94 83/103/91
f 83/103/91 85/106/94 50/107/95
f 83/103/91 50/107/95 49/101/89
f 85/106/94 86/108/96 50/107/95
f 50/107/95 86/108/96 51/109/97
f 51/109/97 86/108/96 87/110/98
f 51/109/97 87/110/98 52/111/99
f 52/111/99 87/110/98 88/112/100
f 52/111/99 88/112/100 89/113/101
f 52/111/99 89/113/101 53/114/102
f 53/114/102 89/113/101 90/81/71
f 53/114/102 90/81/71 54/83/73
f 97/115/103 80/116/88 96/117/104
f 96/117/104 80/116/88 79/118/105
f 96/117/104 79/118/105 78/119/106
f 96/117/104 78/119/106 95/120/107
f 95/120/107 78/119/106 77/121/108
f 95/120/107 77/121/108 94/122/109
f 94/122/109 77/121/108 93/123/110
f 93/123/110 77/121/108 76/124/111
f 93/123/110 76/124/111 75/125/112
f 74/126/113 91/127/114 75/125/112
f 75/125/112 91/127/114 92/128/115
f 75/125/112 92/128/115 93/123/110
f 80/129/88 97/130/103 81/131/92
f 81/131/92 97/130/103 98/132/116
f 30/133/23 10/134/117 23/135/24
f 23/135/24 10/134/117 9/136/118
f 8/137/1 11/138/12 1/139/2
f 1/139/2 11/138/12 18/140/11
f 104/141/119 99/142/120 105/143/121
f 105/143/121 99/142/120 100/144/122
f 105/143/121 100/144/122 106/145/123
f 106/145/123 100/144/122 101/146/124
f 106/145/123 101/146/124 22/147/19
f 22/147/19 21/148/20 106/145/123
f 106/145/123 21/148/20 102/149/125
f 106/145/123 102/149/125 105/143/121
f 105/143/121 102/149/125 103/150/126
f 105/143/121 103/150/126 104/141/119
f 114/151/127 107/152/128 113/153/129
f 113/153/129 107/152/128 108/154/130
f 113/153/129 108/154/130 112/155/131
f 112/155/131 108/154/130 109/156/132
f 112/155/131 109/156/132 111/157/133
f 111/157/133 109/156/132 110/158/134
f 114/159/127 115/160/135 107/161/128
f 107/161/128 115/160/135 116/162/136
f 124/163/137 117/164/138 123/165/139
f 123/165/139 117/164/138 118/166/140
f 123/165/139 118/166/140 119/167/141
f 120/168/142 121/169/143 119/167/141
f 119/167/141 121/169/143 122/170/144
f 119/167/141 122/170/144 123/165/139
f 124/171/137 125/172/145 117/173/138
f 117/173/138 125/172/145 126/174/146
f 117/173/138 126/174/146 127/175/147
f 127/175/147 128/176/148 117/173/138
f 136/177/149 129/178/150 135/179/151
f 135/179/151 129/178/150 130/180/152
f 135/179/151 130/180/152 134/181/153
f 134/181/153 130/180/152 131/182/154
f 134/181/153 131/182/154 133/183/155
f 133/183/155 131/182/154 132/184/156
f 136/185/149 137/186/157 129/187/150
f 129/187/150 137/186/157 138/188/158
f 138/189/158 137/190/157 144/191/159
f 144/191/159 137/190/157 139/192/160
f 144/191/159 139/192/160 143/193/161
f 143/193/161 139/192/160 140/194/162
f 143/193/161 140/194/162 142/195/163
f 142/195/163 140/194/162 141/196/164
f 152/197/165 145/198/166 151/199/167
f 151/199/167 145/198/166 146/200/168
f 151/199/167 146/200/168 150/201/169
f 150/201/169 146/200/168 147/202/170
f 150/201/169 147/202/170 149/203/171
f 149/203/171 147/202/170 148/204/172
f 154/205/173 176/206/174 153/207/175
f 153/207/175 176/206/174 165/208/176
f 153/209/175 165/210/176 164/211/177
f 164/211/177 165/210/176 166/212/178
f 164/211/177 166/212/178 163/213/179
f 163/213/179 166/212/178 167/214/180
f 163/213/179 167/214/180 162/215/181
f 162/215/181 167/214/180 168/216/182
f 162/215/181 168/216/182 161/217/183
f 161/217/183 168/216/182 169/218/184
f 161/217/183 169/218/184 160/219/185
f 160/219/185 169/218/184 170/220/186
f 160/219/185 170/220/186 159/221/187
f 159/221/187 170/220/186 171/222/188
f 159/221/187 171/222/188 158/223/189
f 158/223/189 171/222/188 172/224/190
f 158/223/189 172/224/190 157/225/191
f 157/225/191 172/224/190 173/226/192
f 157/225/191 173/226/192 156/227/193
f 156/227/193 173/226/192 174/228/194
f 156/227/193 174/228/194 155/229/195
f 155/229/195 174/228/194 175/230/196
f 155/229/195 175/230/196 154/205/173
f 154/205/173 175/230/196 176/206/174
f 196/231/197 177/232/198 156/233/199
f 156/233/199 177/232/198 178/234/200
f 156/233/199 178/234/200 157/235/201
f 157/235/201 178/234/200 179/236/202
f 157/235/201 179/236/202 158/237/203
f 158/237/203 179/236/202 180/238/204
f 158/237/203 180/238/204 181/239/205
f 158/237/203 181/239/205 159/240/206
f 159/240/206 181/239/205 182/241/207
f 159/240/206 182/241/207 160/242/208
f 160/242/208 182/241/207 183/243/209
f 160/242/208 183/243/209 184/244/210
f 160/242/208 184/244/210 161/245/211
f 161/245/211 184/244/210 185/246/212
f 161/245/211 185/246/212 162/247/213
f 162/247/213 185/246/212 186/248/214
f 162/247/213 186/248/214 188/249/215
f 188/249/215 186/248/214 187/250/216
f 162/247/213 188/249/215 163/251/217
f 163/251/217 188/249/215 189/252/218
f 163/251/217 189/252/218 164/253/219
f 164/253/219 189/252/218 191/254/220
f 164/253/219 191/254/220 192/255/221
f 189/252/218 190/256/222 191/254/220
f 164/253/219 192/255/221 153/257/223
f 153/258/223 192/259/221 193/260/224
f 153/258/223 193/260/224 154/261/225
f 154/261/225 193/260/224 194/262/226
f 154/261/225 194/262/226 195/263/227
f 154/261/225 195/263/227 155/264/228
f 155/264/228 195/263/227 196/231/197
f 155/264/228 196/231/197 156/233/199
f 180/265/229 71/266/230 181/267/231
f 181/267/231 71/266/230 90/268/232
f 181/267/231 90/268/232 89/269/233
f 88/270/234 183/271/235 89/269/233
f 89/269/233 183/271/235 182/272/236
f 89/269/233 182/272/236 181/267/231
f 88/270/234 87/273/237 183/271/235
f 183/271/235 87/273/237 184/274/238
f 184/274/238 87/273/237 86/275/239
f 184/274/238 86/275/239 185/276/240
f 185/276/240 86/275/239 186/277/214
f 186/277/214 86/275/239 85/278/94
f 203/279/241 177/280/242 202/281/243
f 202/281/243 177/280/242 196/282/244
f 202/281/243 196/282/244 195/283/245
f 194/284/246 200/285/247 195/283/245
f 195/283/245 200/285/247 201/286/248
f 195/283/245 201/286/248 202/281/243
f 194/284/246 193/287/249 200/285/247
f 200/285/247 193/287/249 199/288/250
f 199/288/250 193/287/249 192/289/251
f 199/288/250 192/289/251 198/290/252
f 198/290/252 192/289/251 197/291/253
f 197/291/253 192/289/251 191/292/220
f 186/293/214 85/294/94 187/295/216
f 187/295/216 85/294/94 84/296/93
f 197/297/253 191/298/220 204/299/254
f 204/299/254 191/298/220 190/300/222
f 142/301/163 141/302/164 206/303/255
f 206/303/255 141/302/164 205/304/256
f 205/304/256 141/302/164 33/305/34
f 205/304/256 33/305/34 104/306/119
f 104/306/119 33/305/34 99/307/120
f 99/307/120 33/305/34 38/308/33
f 132/309/156 116/310/257 133/311/155
f 133/311/155 116/310/257 115/312/258
f 110/313/134 121/314/143 111/315/133
f 111/315/133 121/314/143 120/316/142
f 126/317/146 125/318/145 211/319/259
f 211/319/259 125/318/145 207/320/260
f 211/319/259 207/320/260 212/321/261
f 212/321/261 207/320/260 208/322/262
f 212/321/261 208/322/262 206/323/255
f 206/323/255 205/324/256 212/321/261
f 212/321/261 205/324/256 209/325/263
f 212/321/261 209/325/263 211/319/259
f 211/319/259 209/325/263 210/326/264
f 211/319/259 210/326/264 126/317/146
f 152/327/165 43/328/45 145/329/166
f 145/329/166 43/328/45 42/330/46
f 220/331/265 213/332/266 219/333/267
f 219/333/267 213/332/266 214/334/268
f 219/333/267 214/334/268 218/335/269
f 218/335/269 214/334/268 215/336/270
f 218/335/269 215/336/270 217/337/271
f 217/337/271 215/336/270 216/338/272
f 220/339/265 221/340/273 213/341/266
f 213/341/266 221/340/273 222/342/274
f 230/343/275 223/344/276 229/345/277
f 229/345/277 223/344/276 224/346/278
f 229/345/277 224/346/278 225/347/279
f 226/348/280 227/349/281 225/347/279
f 225/347/279 227/349/281 228/350/282
f 225/347/279 228/350/282 229/345/277
f 230/351/275 231/352/283 223/353/276
f 223/353/276 231/352/283 232/354/284
f 223/353/276 232/354/284 233/355/285
f 233/355/285 234/356/286 223/353/276
f 242/357/287 235/358/288 241/359/289
f 241/359/289 235/358/288 236/360/290
f 241/359/289 236/360/290 240/361/291
f 240/361/291 236/360/290 237/362/292
f 240/361/291 237/362/292 239/363/293
f 239/363/293 237/362/292 238/364/294
f 242/365/287 243/366/295 235/367/288
f 235/367/288 243/366/295 244/368/296
f 244/369/296 243/370/295 250/371/297
f 250/371/297 243/370/295 245/372/298
f 250/371/297 245/372/298 249/373/299
f 249/373/299 245/372/298 246/374/300
f 249/373/299 246/374/300 248/375/301
f 248/375/301 246/374/300 247/376/302
f 258/377/303 251/378/304 257/379/305
f 257/379/305 251/378/304 252/380/306
f 257/379/305 252/380/306 256/381/307
f 256/381/307 252/380/306 253/382/308
f 256/381/307 253/382/308 255/383/309
f 255/383/309 253/382/308 254/384/310
f 254/385/310 39/386/40 255/387/309
f 255/387/309 39/386/40 46/388/39
f 260/389/311 282/390/312 259/391/313
f 259/391/313 282/390/312 271/392/314
f 259/391/313 271/392/314 270/393/315
f 270/393/315 271/392/314 272/394/316
f 270/393/315 272/394/316 269/395/317
f 269/395/317 272/394/316 273/396/318
f 269/395/317 273/396/318 268/397/319
f 268/397/319 273/396/318 274/398/320
f 268/397/319 274/398/320 267/399/321
f 267/399/321 274/398/320 275/400/322
f 267/399/321 275/400/322 266/401/323
f 266/401/323 275/400/322 276/402/324
f 266/401/323 276/402/324 265/403/325
f 265/403/325 276/402/324 277/404/326
f 265/405/325 277/406/326 264/407/327
f 264/407/327 277/406/326 278/408/328
f 264/407/327 278/408/328 263/409/329
f 263/409/329 278/408/328 279/410/330
f 263/409/329 279/410/330 262/411/331
f 262/411/331 279/410/330 280/412/332
f 262/411/331 280/412/332 261/413/333
f 261/413/333 280/412/332 281/414/334
f 261/413/333 281/414/334 260/389/311
f 260/389/311 281/414/334 282/390/312
f 284/415/335 306/416/336 283/417/337
f 283/417/337 306/416/336 295/418/338
f 283/419/337 295/420/338 294/421/339
f 294/421/339 295/420/338 296/422/340
f 294/421/339 296/422/340 293/423/341
f 293/423/341 296/422/340 297/424/342
f 293/423/341 297/424/342 292/425/343
f 292/425/343 297/424/342 298/426/344
f 292/425/343 298/426/344 291/427/345
f 291/427/345 298/426/344 299/428/346
f 291/427/345 299/428/346 290/429/347
f 290/429/347 299/428/346 300/430/348
f 290/429/347 300/430/348 289/431/349
f 289/431/349 300/430/348 301/432/350
f 289/431/349 301/432/350 288/433/351
f 288/433/351 301/432/350 302/434/352
f 288/433/351 302/434/352 287/435/353
f 287/435/353 302/434/352 303/436/354
f 287/435/353 303/436/354 286/437/355
f 286/437/355 303/436/354 304/438/356
f 286/437/355 304/438/356 285/439/357
f 285/439/357 304/438/356 305/440/358
f 285/439/357 305/440/358 284/415/335
f 284/415/335 305/440/358 306/416/336
f 326/441/359 307/442/360 286/443/361
f 286/443/361 307/442/360 308/444/362
f 286/443/361 308/444/362 287/445/363
f 287/445/363 308/444/362 309/446/364
f 287/445/363 309/446/364 288/447/365
f 288/447/365 309/446/364 310/448/366
f 288/447/365 310/448/366 311/449/367
f 288/447/365 311/449/367 289/450/368
f 289/450/368 311/449/367 312/451/369
f 289/450/368 312/451/369 290/452/370
f 290/452/370 312/451/369 313/453/371
f 290/452/370 313/453/371 314/454/372
f 290/452/370 314/454/372 291/455/373
f 291/455/373 314/454/372 315/456/374
f 291/455/373 315/456/374 292/457/375
f 292/457/375 315/456/374 316/458/376
f 292/457/375 316/458/376 318/459/377
f 318/459/377 316/458/376 317/460/378
f 292/457/375 318/459/377 293/461/379
f 293/461/379 318/459/377 319/462/380
f 293/461/379 319/462/380 294/463/381
f 294/463/381 319/462/380 321/464/382
f 294/463/381 321/464/382 322/465/383
f 319/462/380 320/466/384 321/464/382
f 294/463/381 322/465/383 283/467/385
f 283/468/385 322/469/383 323/470/386
f 283/468/385 323/470/386 284/471/387
f 284/471/387 323/470/386 324/472/388
f 284/471/387 324/472/388 325/473/389
f 284/471/387 325/473/389 285/474/390
f 285/474/390 325/473/389 326/441/359
f 285/474/390 326/441/359 286/443/361
f 333/475/391 307/476/392 332/477/393
f 332/477/393 307/476/392 326/478/394
f 332/477/393 326/478/394 325/479/395
f 324/480/396 330/481/397 325/479/395
f 325/479/395 330/481/397 331/482/398
f 325/479/395 331/482/398 332/477/393
f 324/480/396 323/483/399 330/481/397
f 330/481/397 323/483/399 329/484/400
f 329/484/400 323/483/399 322/485/401
f 329/484/400 322/485/401 328/486/402
f 328/486/402 322/485/401 327/487/403
f 327/487/403 322/485/401 321/488/382
f 327/489/403 321/490/382 334/491/404
f 334/491/404 321/490/382 320/492/384
f 20/493/21 19/494/22 338/495/405
f 338/495/405 19/494/22 335/496/406
f 338/495/405 335/496/406 337/497/407
f 337/497/407 335/496/406 336/498/408
f 337/497/407 336/498/408 233/499/285
f 233/499/285 336/498/408 234/500/286
f 238/501/294 222/502/409 239/503/293
f 239/503/293 222/502/409 221/504/410
f 216/505/272 227/506/281 217/507/271
f 217/507/271 227/506/281 226/508/280
f 232/509/284 231/510/283 345/511/411
f 345/511/411 231/510/283 339/512/412
f 345/511/411 339/512/412 346/513/413
f 346/513/413 339/512/412 340/514/414
f 346/513/413 340/514/414 341/515/415
f 341/515/415 342/516/416 346/513/413
f 346/513/413 342/516/416 343/517/417
f 346/513/413 343/517/417 345/511/411
f 345/511/411 343/517/417 344/518/418
f 345/511/411 344/518/418 232/509/284
f 92/519/419 91/520/420 270/521/421
f 270/521/421 91/520/420 347/522/422
f 270/521/421 347/522/422 259/523/423
f 259/523/423 347/522/422 348/524/424
f 259/523/423 348/524/424 260/525/425
f 260/525/425 348/524/424 333/526/426
f 260/525/425 333/526/426 332/527/427
f 260/525/425 332/527/427 261/528/428
f 261/528/428 332/527/427 331/529/429
f 261/528/428 331/529/429 262/530/430
f 262/530/430 331/529/429 330/531/431
f 262/530/430 330/531/431 329/532/432
f 262/530/430 329/532/432 263/533/433
f 263/533/433 329/532/432 328/534/434
f 263/533/433 328/534/434 264/535/435
f 264/535/435 328/534/434 327/536/403
f 264/535/435 327/536/403 349/537/436
f 349/537/436 327/536/403 334/538/404
f 264/535/435 349/537/436 265/539/437
f 265/540/437 349/541/436 350/542/438
f 265/540/437 350/542/438 266/543/439
f 266/543/439 350/542/438 97/544/103
f 266/543/439 97/544/103 96/545/440
f 350/542/438 98/546/116 97/544/103
f 266/543/439 96/545/440 267/547/441
f 267/547/441 96/545/440 95/548/442
f 267/547/441 95/548/442 268/549/443
f 268/549/443 95/548/442 94/550/444
f 268/549/443 94/550/444 93/551/445
f 268/549/443 93/551/445 269/552/446
f 269/552/446 93/551/445 92/519/419
f 269/552/446 92/519/419 270/521/421
f 358/553/447 351/554/448 357/555/449
f 357/555/449 351/554/448 352/556/450
f 357/555/449 352/556/450 356/557/451
f 356/557/451 352/556/450 353/558/452
f 356/557/451 353/558/452 355/559/453
f 355/559/453 353/558/452 354/560/454
f 354/561/454 359/562/455 355/563/453
f 355/563/453 359/562/455 360/564/456
f 368/565/457 361/566/458 367/567/459
f 367/567/459 361/566/458 362/568/460
f 367/567/459 362/568/460 363/569/461
f 364/570/462 365/571/463 363/569/461
f 363/569/461 365/571/463 366/572/464
f 363/569/461 366/572/464 367/567/459
f 365/573/463 364/574/462 372/575/465
f 372/575/465 364/574/462 371/576/466
f 371/576/466 364/574/462 370/577/467
f 370/577/467 364/574/462 369/578/468
f 380/579/469 373/580/470 379/581/471
f 379/581/471 373/580/470 374/582/472
f 379/581/471 374/582/472 378/583/473
f 378/583/473 374/582/472 375/584/474
f 378/583/473 375/584/474 377/585/475
f 377/585/475 375/584/474 376/586/476
f 376/587/476 381/588/477 377/589/475
f 377/589/475 381/588/477 382/590/478
f 388/591/479 383/592/480 387/593/481
f 387/593/481 383/592/480 384/594/482
f 387/593/481 384/594/482 386/595/483
f 386/595/483 384/594/482 385/596/484
f 386/595/483 385/596/484 381/597/477
f 381/597/477 385/596/484 382/598/478
f 396/599/485 389/600/486 395/601/487
f 395/601/487 389/600/486 390/602/488
f 395/601/487 390/602/488 394/603/489
f 394/603/489 390/602/488 391/604/490
f 394/603/489 391/604/490 393/605/491
f 393/605/491 391/604/490 392/606/492
f 396/607/485 149/608/171 389/609/486
f 389/609/486 149/608/171 148/610/172
f 350/611/493 17/612/494 98/613/495
f 98/613/495 17/612/494 16/614/496
f 98/613/495 16/614/496 15/615/497
f 17/612/494 350/611/493 18/616/498
f 18/616/498 350/611/493 349/617/499
f 18/616/498 349/617/499 227/618/500
f 227/618/500 349/617/499 228/619/501
f 228/619/501 349/617/499 334/620/502
f 228/619/501 334/620/502 229/621/503
f 229/621/503 334/620/502 230/622/504
f 230/622/504 334/620/502 320/623/505
f 230/622/504 320/623/505 231/624/506
f 231/624/506 320/623/505 319/625/507
f 231/624/506 319/625/507 339/626/508
f 339/626/508 319/625/507 318/627/509
f 339/626/508 318/627/509 340/628/510
f 340/628/510 318/627/509 317/629/511
f 340/628/510 317/629/511 341/630/512
f 341/630/512 317/629/511 248/631/513
f 248/631/513 317/629/511 249/632/514
f 249/632/514 317/629/511 397/633/515
f 249/632/514 397/633/515 387/634/516
f 387/634/516 397/633/515 388/635/517
f 388/635/517 397/633/515 406/636/518
f 406/636/518 397/633/515 405/637/519
f 405/637/519 397/633/515 398/638/520
f 405/637/519 398/638/520 404/639/521
f 404/639/521 398/638/520 399/640/522
f 404/639/521 399/640/522 372/641/523
f 372/641/523 399/640/522 400/642/524
f 372/641/523 400/642/524 365/643/525
f 365/643/525 400/642/524 401/644/526
f 365/643/525 401/644/526 366/645/527
f 366/645/527 401/644/526 367/646/528
f 367/646/528 401/644/526 402/647/529
f 367/646/528 402/647/529 368/648/530
f 368/648/530 402/647/529 403/649/531
f 368/648/530 403/649/531 121/650/532
f 121/650/532 403/649/531 122/651/533
f 122/651/533 403/649/531 204/652/534
f 122/651/533 204/652/534 123/653/535
f 123/653/535 204/652/534 124/654/536
f 124/654/536 204/652/534 190/655/537
f 124/654/536 190/655/537 125/656/538
f 125/656/538 190/655/537 189/657/539
f 125/656/538 189/657/539 207/658/540
f 207/658/540 189/657/539 188/659/541
f 207/658/540 188/659/541 208/660/542
f 208/660/542 188/659/541 187/661/543
f 208/660/542 187/661/543 206/662/544
f 206/662/544 187/661/543 142/663/545
f 142/663/545 187/661/543 143/664/546
f 143/664/546 187/661/543 84/665/547
f 143/664/546 84/665/547 37/666/548
f 37/666/548 84/665/547 38/667/549
f 38/667/549 84/665/547 99/668/550
f 99/668/550 84/665/547 100/669/551
f 100/669/551 84/665/547 83/670/552
f 100/669/551 83/670/552 101/671/553
f 101/671/553 83/670/552 82/672/554
f 101/671/553 82/672/554 22/673/555
f 22/673/555 82/672/554 81/674/556
f 22/673/555 81/674/556 15/615/497
f 15/615/497 81/674/556 98/613/495
f 132/675/557 152/676/558 116/677/559
f 116/677/559 152/676/558 149/678/560
f 116/677/559 149/678/560 107/679/561
f 107/679/561 149/678/560 354/680/562
f 107/679/561 354/680/562 353/681/563
f 131/682/564 24/683/565 132/675/557
f 132/675/557 24/683/565 23/684/566
f 132/675/557 23/684/566 152/676/558
f 152/676/558 23/684/566 43/685/567
f 43/685/567 23/684/566 9/686/568
f 43/685/567 9/686/568 46/687/569
f 46/687/569 9/686/568 4/688/570
f 46/687/569 4/688/570 213/689/571
f 213/689/571 4/688/570 214/690/572
f 214/690/572 4/688/570 3/691/573
f 214/690/572 3/691/573 215/692/574
f 215/692/574 3/691/573 2/693/575
f 215/692/574 2/693/575 216/694/576
f 216/694/576 2/693/575 1/695/577
f 216/694/576 1/695/577 18/616/498
f 24/683/565 131/682/564 25/696/578
f 25/696/578 131/682/564 130/697/579
f 25/696/578 130/697/579 26/698/580
f 26/698/580 130/697/579 129/699/581
f 26/698/580 129/699/581 31/700/582
f 31/700/582 129/699/581 138/701/583
f 31/700/582 138/701/583 36/702/584
f 36/702/584 138/701/583 144/703/585
f 36/702/584 144/703/585 37/666/548
f 37/666/548 144/703/585 143/664/546
f 121/650/532 110/704/586 368/648/530
f 368/648/530 110/704/586 351/705/587
f 351/705/587 110/704/586 109/706/588
f 351/705/587 109/706/588 352/707/589
f 352/707/589 109/706/588 108/708/590
f 352/707/589 108/708/590 353/681/563
f 353/681/563 108/708/590 107/679/561
f 238/709/591 258/710/592 222/711/593
f 222/711/593 258/710/592 255/712/594
f 222/711/593 255/712/594 213/689/571
f 213/689/571 255/712/594 46/687/569
f 237/713/595 374/714/596 238/709/591
f 238/709/591 374/714/596 373/715/597
f 238/709/591 373/715/597 258/710/592
f 258/710/592 373/715/597 393/716/598
f 393/716/598 373/715/597 359/717/599
f 393/716/598 359/717/599 396/718/600
f 396/718/600 359/717/599 354/680/562
f 396/718/600 354/680/562 149/678/560
f 374/714/596 237/713/595 375/719/601
f 375/719/601 237/713/595 236/720/602
f 375/719/601 236/720/602 376/721/603
f 376/721/603 236/720/602 235/722/604
f 376/721/603 235/722/604 381/723/605
f 381/723/605 235/722/604 244/724/606
f 381/723/605 244/724/606 386/725/607
f 386/725/607 244/724/606 250/726/608
f 386/725/607 250/726/608 387/634/516
f 387/634/516 250/726/608 249/632/514
f 227/618/500 216/694/576 18/616/498
f 45/727/609 44/728/610 46/687/569
f 46/687/569 44/728/610 43/685/567
f 152/676/558 151/729/611 149/678/560
f 149/678/560 151/729/611 150/730/612
f 396/718/600 395/731/613 393/716/598
f 393/716/598 395/731/613 394/732/614
f 257/733/615 256/734/616 258/710/592
f 258/710/592 256/734/616 255/712/594
f 408/735/617 430/736/618 407/737/619
f 407/737/619 430/736/618 419/738/620
f 407/739/619 419/740/620 418/741/621
f 418/741/621 419/740/620 420/742/622
f 418/741/621 420/742/622 417/743/623
f 417/743/623 420/742/622 421/744/624
f 417/743/623 421/744/624 416/745/625
f 416/745/625 421/744/624 422/746/626
f 416/745/625 422/746/626 415/747/627
f 415/747/627 422/746/626 423/748/628
f 415/747/627 423/748/628 414/749/629
f 414/749/629 423/748/628 424/750/630
f 414/749/629 424/750/630 413/751/631
f 413/751/631 424/750/630 425/752/632
f 413/751/631 425/752/632 412/753/633
f 412/753/633 425/752/632 426/754/634
f 412/753/633 426/754/634 411/755/635
f 411/755/635 426/754/634 427/756/636
f 411/755/635 427/756/636 410/757/637
f 410/757/637 427/756/636 428/758/638
f 410/757/637 428/758/638 409/759/639
f 409/759/639 428/758/638 429/760/640
f 409/759/639 429/760/640 408/735/617
f 408/735/617 429/760/640 430/736/618
f 282/761/641 408/762/642 271/763/643
f 271/763/643 408/762/642 407/764/644
f 271/763/643 407/764/644 272/765/645
f 272/765/645 407/764/644 418/766/646
f 272/765/645 418/766/646 62/767/647
f 62/767/647 418/766/646 417/768/648
f 62/767/647 417/768/648 63/769/649
f 63/769/649 417/768/648 416/770/650
f 63/769/649 416/770/650 64/771/651
f 64/771/651 416/770/650 172/772/652
f 64/771/651 172/772/652 65/773/653
f 65/773/653 172/772/652 171/774/654
f 65/773/653 171/774/654 66/775/655
f 66/775/655 171/774/654 170/776/656
f 66/775/655 170/776/656 67/777/657
f 67/777/657 170/776/656 169/778/658
f 67/777/657 169/778/658 104/779/659
f 104/779/659 169/778/658 205/780/660
f 205/780/660 169/778/658 168/781/661
f 205/780/660 168/781/661 209/782/662
f 209/782/662 168/781/661 167/783/663
f 209/782/662 167/783/663 210/784/664
f 210/784/664 167/783/663 166/785/665
f 210/784/664 166/785/665 126/786/666
f 126/786/666 166/785/665 165/787/667
f 126/786/666 165/787/667 127/788/668
f 127/788/668 165/787/667 440/789/669
f 127/788/668 440/789/669 441/790/670
f 408/762/642 282/761/641 304/791/671
f 304/791/671 282/761/641 281/792/672
f 304/791/671 281/792/672 305/793/673
f 305/793/673 281/792/672 280/794/674
f 305/793/673 280/794/674 306/795/675
f 306/795/675 280/794/674 279/796/676
f 306/795/675 279/796/676 295/797/677
f 295/797/677 279/796/676 233/798/678
f 295/797/677 233/798/678 232/799/679
f 279/796/676 278/800/680 233/798/678
f 233/798/678 278/800/680 337/801/681
f 337/801/681 278/800/680 277/802/682
f 337/801/681 277/802/682 338/803/683
f 338/803/683 277/802/682 276/804/684
f 338/803/683 276/804/684 20/805/685
f 20/805/685 276/804/684 275/806/686
f 20/805/685 275/806/686 59/807/687
f 59/807/687 275/806/686 60/808/688
f 60/808/688 275/806/686 274/809/689
f 60/808/688 274/809/689 61/810/690
f 61/810/690 274/809/689 273/811/691
f 61/810/690 273/811/691 62/767/647
f 62/767/647 273/811/691 272/765/645
f 295/797/677 232/799/679 296/812/692
f 296/812/692 232/799/679 344/813/693
f 296/812/692 344/813/693 297/814/694
f 297/814/694 344/813/693 343/815/695
f 297/814/694 343/815/695 298/816/696
f 298/816/696 343/815/695 342/817/697
f 298/816/696 342/817/697 299/818/698
f 299/818/698 342/817/697 431/819/699
f 299/818/698 431/819/699 452/820/700
f 452/820/700 431/819/699 451/821/701
f 451/821/701 431/819/699 432/822/702
f 451/821/701 432/822/702 450/823/703
f 450/823/703 432/822/702 433/824/704
f 450/823/703 433/824/704 449/825/705
f 449/825/705 433/824/704 371/826/706
f 449/825/705 371/826/706 448/827/707
f 448/827/707 371/826/706 370/828/708
f 448/827/707 370/828/708 444/829/709
f 444/829/709 370/828/708 443/830/710
f 443/830/710 370/828/708 434/831/711
f 443/830/710 434/831/711 442/832/712
f 442/832/712 434/831/711 435/833/713
f 442/832/712 435/833/713 441/790/670
f 441/790/670 435/833/713 127/788/668
f 67/777/657 104/779/659 68/834/714
f 68/834/714 104/779/659 103/835/715
f 68/834/714 103/835/715 69/836/716
f 69/836/716 103/835/715 102/837/717
f 69/836/716 102/837/717 70/838/718
f 70/838/718 102/837/717 21/839/719
f 70/838/718 21/839/719 59/807/687
f 59/807/687 21/839/719 20/805/685
f 172/772/652 416/770/650 173/840/720
f 173/840/720 416/770/650 415/841/721
f 173/840/720 415/841/721 174/842/722
f 174/842/722 415/841/721 414/843/723
f 174/842/722 414/843/723 437/844/724
f 437/844/724 414/843/723 436/845/725
f 436/845/725 414/843/723 413/846/726
f 436/845/725 413/846/726 447/847/727
f 447/847/727 413/846/726 412/848/728
f 447/847/727 412/848/728 457/849/729
f 457/849/729 412/848/728 411/850/730
f 457/849/729 411/850/730 456/851/731
f 456/851/731 411/850/730 410/852/732
f 456/851/731 410/852/732 455/853/733
f 455/853/733 410/852/732 302/854/734
f 455/853/733 302/854/734 454/855/735
f 454/855/735 302/854/734 301/856/736
f 454/855/735 301/856/736 453/857/737
f 453/857/737 301/856/736 300/858/738
f 453/857/737 300/858/738 452/820/700
f 452/820/700 300/858/738 299/818/698
f 302/854/734 410/852/732 303/859/739
f 303/859/739 410/852/732 409/860/740
f 303/859/739 409/860/740 304/791/671
f 304/791/671 409/860/740 408/762/642
f 165/787/667 176/861/741 440/789/669
f 440/789/669 176/861/741 439/862/742
f 439/862/742 176/861/741 175/863/743
f 439/862/742 175/863/743 438/864/744
f 438/864/744 175/863/743 174/842/722
f 438/864/744 174/842/722 437/844/724
f 448/827/707 444/829/709 459/865/745
f 459/865/745 444/829/709 445/866/746
f 459/865/745 445/866/746 458/867/747
f 458/867/747 445/866/746 446/868/748
f 458/867/747 446/868/748 457/849/729
f 457/849/729 446/868/748 447/847/727
f 447/869/749 471/870/750 436/871/751
f 436/871/751 471/870/750 460/872/752
f 436/871/751 460/872/752 437/873/753
f 437/873/753 460/872/752 461/874/754
f 437/873/753 461/874/754 438/875/755
f 438/875/755 461/874/754 462/876/756
f 438/875/755 462/876/756 439/877/757
f 439/877/757 462/876/756 463/878/758
f 439/877/757 463/878/758 440/879/759
f 440/879/759 463/878/758 464/880/760
f 440/879/759 464/880/760 441/881/761
f 441/881/761 464/880/760 465/882/762
f 441/881/761 465/882/762 442/883/763
f 442/883/763 465/882/762 466/884/764
f 442/885/763 466/886/764 443/887/765
f 443/887/765 466/886/764 467/888/766
f 443/887/765 467/888/766 444/889/767
f 444/889/767 467/888/766 468/890/768
f 444/889/767 468/890/768 445/891/769
f 445/891/769 468/890/768 469/892/770
f 445/891/769 469/892/770 446/893/771
f 446/893/771 469/892/770 470/894/772
f 446/893/771 470/894/772 447/869/749
f 447/869/749 470/894/772 471/870/750
f 473/895/773 449/896/774 472/897/775
f 472/897/775 449/896/774 448/898/776
f 472/899/775 448/900/776 483/901/777
f 483/901/777 448/900/776 459/902/778
f 483/901/777 459/902/778 482/903/779
f 482/903/779 459/902/778 458/904/780
f 482/903/779 458/904/780 481/905/781
f 481/905/781 458/904/780 457/906/782
f 481/905/781 457/906/782 480/907/783
f 480/907/783 457/906/782 456/908/784
f 480/907/783 456/908/784 479/909/785
f 479/909/785 456/908/784 455/910/786
f 479/909/785 455/910/786 478/911/787
f 478/911/787 455/910/786 454/912/788
f 478/911/787 454/912/788 477/913/789
f 477/913/789 454/912/788 453/914/790
f 477/913/789 453/914/790 476/915/791
f 476/915/791 453/914/790 452/916/792
f 476/915/791 452/916/792 475/917/793
f 475/917/793 452/916/792 451/918/794
f 475/917/793 451/918/794 474/919/795
f 474/919/795 451/918/794 450/920/796
f 474/919/795 450/920/796 473/895/773
f 473/895/773 450/920/796 449/896/774
f 499/921/797 484/922/798 479/923/799
f 479/923/799 484/922/798 485/924/800
f 479/923/799 485/924/800 480/925/801
f 480/925/801 485/924/800 486/926/802
f 480/925/801 486/926/802 481/927/803
f 481/927/803 486/926/802 487/928/804
f 481/927/803 487/928/804 488/929/805
f 481/927/803 488/929/805 482/930/806
f 482/930/806 488/929/805 489/931/807
f 482/930/806 489/931/807 483/932/808
f 483/932/808 489/931/807 490/933/809
f 483/932/808 490/933/809 491/934/810
f 483/932/808 491/934/810 472/935/811
f 472/936/811 491/937/810 492/938/812
f 472/936/811 492/938/812 473/939/813
f 473/939/813 492/938/812 493/940/814
f 473/939/813 493/940/814 474/941/815
f 474/941/815 493/940/814 399/942/816
f 474/941/815 399/942/816 398/943/817
f 493/940/814 400/944/818 399/942/816
f 397/945/819 494/946/820 398/943/817
f 398/943/817 494/946/820 475/947/821
f 398/943/817 475/947/821 474/941/815
f 494/946/820 495/948/822 475/947/821
f 475/947/821 495/948/822 476/949/823
f 476/949/823 495/948/822 496/950/824
f 476/949/823 496/950/824 477/951/825
f 477/951/825 496/950/824 497/952/826
f 477/951/825 497/952/826 498/953/827
f 477/951/825 498/953/827 478/954/828
f 478/954/828 498/953/827 499/921/797
f 478/954/828 499/921/797 479/923/799
f 310/955/829 484/956/830 311/957/831
f 311/957/831 484/956/830 499/958/832
f 311/957/831 499/958/832 498/959/833
f 497/960/834 313/961/835 498/959/833
f 498/959/833 313/961/835 312/962/836
f 498/959/833 312/962/836 311/957/831
f 497/960/834 496/963/837 313/961/835
f 313/961/835 496/963/837 314/964/838
f 314/964/838 496/963/837 495/965/839
f 314/964/838 495/965/839 315/966/840
f 315/966/840 495/965/839 316/967/376
f 316/967/376 495/965/839 494/968/820
f 501/969/841 348/970/842 500/971/843
f 500/971/843 348/970/842 347/972/844
f 500/971/843 347/972/844 511/973/845
f 511/973/845 347/972/844 91/974/114
f 511/973/845 91/974/114 74/975/113
f 502/976/846 308/977/847 501/969/841
f 501/969/841 308/977/847 307/978/392
f 501/969/841 307/978/392 333/979/391
f 308/977/847 502/976/846 309/980/848
f 309/980/848 502/976/846 503/981/849
f 309/980/848 503/981/849 310/982/829
f 310/982/829 503/981/849 484/983/830
f 484/983/830 503/981/849 485/984/850
f 485/984/850 503/981/849 504/985/851
f 485/984/850 504/985/851 486/986/852
f 486/986/852 504/985/851 505/987/853
f 486/986/852 505/987/853 487/988/854
f 487/988/854 505/987/853 514/989/855
f 514/989/855 505/987/853 513/990/856
f 513/990/856 505/987/853 506/991/857
f 513/990/856 506/991/857 512/992/858
f 512/992/858 506/991/857 507/993/859
f 512/992/858 507/993/859 203/994/241
f 203/994/241 507/993/859 177/995/242
f 177/995/242 507/993/859 178/996/860
f 178/996/860 507/993/859 508/997/861
f 178/996/860 508/997/861 179/998/862
f 179/998/862 508/997/861 509/999/863
f 179/998/862 509/999/863 180/1000/229
f 180/1000/229 509/999/863 71/1001/230
f 71/1001/230 509/999/863 72/1002/864
f 72/1002/864 509/999/863 510/1003/865
f 72/1002/864 510/1003/865 73/1004/866
f 73/1004/866 510/1003/865 511/973/845
f 73/1004/866 511/973/845 74/975/113
f 333/979/391 348/970/842 501/969/841
f 520/1005/867 493/1006/814 519/1007/868
f 519/1007/868 493/1006/814 492/1008/869
f 519/1007/868 492/1008/869 491/1009/870
f 519/1007/868 491/1009/870 518/1010/871
f 518/1010/871 491/1009/870 490/1011/872
f 518/1010/871 490/1011/872 517/1012/873
f 517/1012/873 490/1011/872 516/1013/874
f 516/1013/874 490/1011/872 489/1014/875
f 516/1013/874 489/1014/875 488/1015/876
f 487/1016/854 514/1017/855 488/1015/876
f 488/1015/876 514/1017/855 515/1018/877
f 488/1015/876 515/1018/877 516/1013/874
f 316/1019/376 494/1020/820 317/1021/378
f 317/1021/378 494/1020/820 397/1022/819
f 493/1023/814 520/1024/867 400/1025/818
f 400/1025/818 520/1024/867 401/1026/878
f 370/1027/467 369/1028/468 434/1029/879
f 434/1029/879 369/1028/468 521/1030/880
f 434/1029/879 521/1030/880 435/1031/881
f 435/1031/881 521/1030/880 522/1032/882
f 435/1031/881 522/1032/882 127/1033/147
f 127/1033/147 522/1032/882 128/1034/148
f 388/1035/479 406/1036/883 383/1037/480
f 383/1037/480 406/1036/883 431/1038/884
f 383/1037/480 431/1038/884 342/1039/416
f 383/1037/480 342/1039/416 247/1040/302
f 247/1040/302 342/1039/416 341/1041/415
f 247/1040/302 341/1041/415 248/1042/301
f 380/1043/469 360/1044/885 373/1045/470
f 373/1045/470 360/1044/885 359/1046/886
f 358/1047/447 361/1048/458 351/1049/448
f 351/1049/448 361/1048/458 368/1050/457
f 431/1051/884 406/1052/883 523/1053/887
f 523/1053/887 406/1052/883 405/1054/888
f 523/1053/887 405/1054/888 524/1055/889
f 524/1055/889 405/1054/888 404/1056/890
f 524/1055/889 404/1056/890 372/1057/465
f 372/1057/465 371/1058/466 524/1055/889
f 524/1055/889 371/1058/466 433/1059/891
f 524/1055/889 433/1059/891 523/1053/887
f 523/1053/887 433/1059/891 432/1060/892
f 523/1053/887 432/1060/892 431/1051/884
f 392/1061/492 251/1062/304 393/1063/491
f 393/1063/491 251/1062/304 258/1064/303
f 430/1065/893 501/1066/894 419/1067/895
f 419/1067/895 501/1066/894 500/1068/896
f 419/1067/895 500/1068/896 420/1069/897
f 420/1069/897 500/1068/896 511/1070/898
f 420/1069/897 511/1070/898 421/1071/899
f 421/1071/899 511/1070/898 510/1072/900
f 421/1071/899 510/1072/900 422/1073/901
f 422/1073/901 510/1072/900 509/1074/902
f 422/1073/901 509/1074/902 423/1075/903
f 423/1075/903 509/1074/902 508/1076/904
f 423/1075/903 508/1076/904 424/1077/905
f 424/1077/905 508/1076/904 507/1078/906
f 424/1077/905 507/1078/906 425/1079/907
f 425/1079/907 507/1078/906 506/1080/908
f 425/1081/907 506/1082/908 426/1083/909
f 426/1083/909 506/1082/908 505/1084/910
f 426/1083/909 505/1084/910 427/1085/911
f 427/1085/911 505/1084/910 504/1086/912
f 427/1085/911 504/1086/912 428/1087/913
f 428/1087/913 504/1086/912 503/1088/914
f 428/1087/913 503/1088/914 429/1089/915
f 429/1089/915 503/1088/914 502/1090/916
f 429/1089/915 502/1090/916 430/1065/893
f 430/1065/893 502/1090/916 501/1066/894
f 471/1091/917 513/1092/918 460/1093/919
f 460/1093/919 513/1092/918 512/1094/920
f 460/1093/919 512/1094/920 461/1095/921
f 461/1095/921 512/1094/920 203/1096/922
f 461/1095/921 203/1096/922 202/1097/923
f 470/1098/924 515/1099/925 471/1091/917
f 471/1091/917 515/1099/925 514/1100/926
f 471/1091/917 514/1100/926 513/1092/918
f 515/1099/925 470/1098/924 516/1101/927
f 516/1101/927 470/1098/924 469/1102/928
f 516/1101/927 469/1102/928 517/1103/929
f 517/1103/929 469/1102/928 518/1104/930
f 518/1104/930 469/1102/928 468/1105/931
f 518/1104/930 468/1105/931 519/1106/932
f 519/1106/932 468/1105/931 467/1107/933
f 519/1106/932 467/1107/933 520/1108/867
f 520/1108/867 467/1107/933 402/1109/934
f 520/1108/867 402/1109/934 401/1110/878
f 467/1107/933 466/1111/935 402/1109/934
f 402/1109/934 466/1111/935 403/1112/936
f 403/1113/936 466/1114/935 197/1115/253
f 403/1113/936 197/1115/253 204/1116/254
f 466/1114/935 465/1117/937 197/1115/253
f 197/1115/253 465/1117/937 198/1118/938
f 198/1118/938 465/1117/937 464/1119/939
f 198/1118/938 464/1119/939 199/1120/940
f 199/1120/940 464/1119/939 463/1121/941
f 199/1120/940 463/1121/941 200/1122/942
f 200/1122/942 463/1121/941 201/1123/943
f 201/1123/943 463/1121/941 462/1124/944
f 201/1123/943 462/1124/944 202/1097/923
f 202/1097/923 462/1124/944 461/1095/921
f 254/1125/945 220/1126/946 39/1127/947
f 39/1127/947 220/1126/946 5/1128/948
f 39/1127/947 5/1128/948 10/1129/949
f 253/1130/950 251/1131/951 254/1125/945
f 254/1125/945 251/1131/951 221/1132/952
f 254/1125/945 221/1132/952 220/1126/946
f 253/1130/950 252/1133/953 251/1131/951
f 221/1132/952 251/1131/951 239/1134/954
f 239/1134/954 251/1131/951 392/1135/955
f 239/1134/954 392/1135/955 380/1136/956
f 380/1136/956 392/1135/955 360/1137/957
f 360/1137/957 392/1135/955 389/1138/958
f 360/1137/957 389/1138/958 355/1139/959
f 355/1139/959 389/1138/958 148/1140/960
f 355/1139/959 148/1140/960 114/1141/961
f 114/1141/961 148/1140/960 115/1142/962
f 115/1142/962 148/1140/960 145/1143/963
f 115/1142/962 145/1143/963 133/1144/964
f 133/1144/964 145/1143/963 42/1145/965
f 133/1144/964 42/1145/965 30/1146/966
f 30/1146/966 42/1145/965 10/1129/949
f 10/1129/949 42/1145/965 39/1127/947
f 391/1147/967 390/1148/968 392/1135/955
f 392/1135/955 390/1148/968 389/1138/958
f 147/1149/969 146/1150/970 148/1140/960
f 148/1140/960 146/1150/970 145/1143/963
f 42/1145/965 41/1151/971 39/1127/947
f 39/1127/947 41/1151/971 40/1152/972
f 336/1153/973 226/1154/974 234/1155/975
f 234/1155/975 226/1154/974 225/1156/976
f 234/1155/975 225/1156/976 224/1157/977
f 335/1158/978 8/1159/979 336/1153/973
f 336/1153/973 8/1159/979 217/1160/980
f 336/1153/973 217/1160/980 226/1154/974
f 8/1159/979 335/1158/978 11/1161/981
f 11/1161/981 335/1158/978 19/1162/982
f 11/1161/981 19/1162/982 12/1163/983
f 12/1163/983 19/1162/982 13/1164/984
f 13/1164/984 19/1162/982 14/1165/985
f 8/1159/979 7/1166/986 217/1160/980
f 217/1160/980 7/1166/986 218/1167/987
f 218/1167/987 7/1166/986 6/1168/988
f 218/1167/987 6/1168/988 219/1169/989
f 219/1169/989 6/1168/988 5/1128/948
f 219/1169/989 5/1128/948 220/1126/946
f 133/1144/964 30/1146/966 134/1170/990
f 134/1170/990 30/1146/966 29/1171/991
f 134/1170/990 29/1171/991 135/1172/992
f 135/1172/992 29/1171/991 28/1173/993
f 135/1172/992 28/1173/993 136/1174/994
f 136/1174/994 28/1173/993 27/1175/995
f 136/1174/994 27/1175/995 137/1176/996
f 137/1176/996 27/1175/995 32/1177/997
f 137/1176/996 32/1177/997 139/1178/998
f 139/1178/998 32/1177/997 35/1179/999
f 139/1178/998 35/1179/999 140/1180/1000
f 140/1180/1000 35/1179/999 34/1181/1001
f 140/1180/1000 34/1181/1001 141/1182/1002
f 141/1182/1002 34/1181/1001 33/1183/1003
f 355/1139/959 114/1141/961 356/1184/1004
f 356/1184/1004 114/1141/961 113/1185/1005
f 356/1184/1004 113/1185/1005 357/1186/1006
f 357/1186/1006 113/1185/1005 112/1187/1007
f 357/1186/1006 112/1187/1007 358/1188/1008
f 358/1188/1008 112/1187/1007 111/1189/1009
f 358/1188/1008 111/1189/1009 521/1190/1010
f 521/1190/1010 111/1189/1009 522/1191/1011
f 522/1191/1011 111/1189/1009 120/1192/1012
f 522/1191/1011 120/1192/1012 128/1193/1013
f 128/1193/1013 120/1192/1012 119/1194/1014
f 128/1193/1013 119/1194/1014 118/1195/1015
f 118/1195/1015 117/1196/1016 128/1193/1013
f 358/1188/1008 521/1190/1010 361/1197/1017
f 361/1197/1017 521/1190/1010 369/1198/1018
f 361/1197/1017 369/1198/1018 362/1199/1019
f 362/1199/1019 369/1198/1018 363/1200/1020
f 363/1200/1020 369/1198/1018 364/1201/1021
f 239/1134/954 380/1136/956 240/1202/1022
f 240/1202/1022 380/1136/956 379/1203/1023
f 240/1202/1022 379/1203/1023 241/1204/1024
f 241/1204/1024 379/1203/1023 378/1205/1025
f 241/1204/1024 378/1205/1025 242/1206/1026
f 242/1206/1026 378/1205/1025 377/1207/1027
f 242/1206/1026 377/1207/1027 243/1208/1028
f 243/1208/1028 377/1207/1027 382/1209/1029
f 243/1208/1028 382/1209/1029 245/1210/1030
f 245/1210/1030 382/1209/1029 385/1211/1031
f 245/1210/1030 385/1211/1031 246/1212/1032
f 246/1212/1032 385/1211/1031 384/1213/1033
f 246/1212/1032 384/1213/1033 247/1214/1034
f 247/1214/1034 384/1213/1033 383/1215/1035
f 224/1157/977 223/1216/1036 234/1155/975
g Body1:1

v 0.000000 0.500000 3.000000
v 0.321394 0.383022 3.000000
v 0.492404 0.086824 3.000000
v 0.433013 -0.250000 3.000000
v 0.171010 -0.469846 3.000000
v -0.171010 -0.469846 3.000000
v -0.433013 -0.250000 3.000000
v -0.492404 0.086824 3.000000
v -0.321394 0.383022 3.000000
v 0.000000 0.298971 3.000000
v -0.192175 0.229025 3.000000
v -0.294429 0.051916 3.000000
v -0.258917 -0.149486 3.000000
v -0.102254 -0.280941 3.000000
v 0.102254 -0.280941 3.000000
v 0.258917 -0.149486 3.000000
v 0.294429 0.051916 3.000000
v 0.192175 0.229025 3.000000
v 0.000000 3.550000 35.010130
v -1.919275 2.986450 35.010130
v -3.229194 1.474723 35.010130
v -3.513866 -0.505218 35.010130
v -2.682911 -2.324756 35.010130
v -1.000151 -3.406200 35.010130
v 1.000151 -3.406200 35.010130
v 2.682911 -2.324756 35.010130
v 3.513866 -0.505218 35.010130
v 3.229194 1.474723 35.010130
v 1.919275 2.986450 35.010130
v 0.000000 3.550000 60.200000
v -1.919275 2.986450 60.200000
v -3.229194 1.474723 60.200000
v -3.513866 -0.505218 60.200000
v -2.682911 -2.324756 60.200000
v -1.000151 -3.406200 60.200000
v 1.000151 -3.406200 60.200000
v 2.682911 -2.324756 60.200000
v 3.513866 -0.505218 60.200000
v 3.229194 1.474723 60.200000
v 1.919275 2.986450 60.200000
v 0.000000 4.700000 60.200000
v -2.184199 4.161643 60.200000
v -3.868024 2.669904 60.200000
v -4.665732 0.566522 60.200000
v -4.394576 -1.666643 60.200000
v -3.116676 -3.518001 60.200000
v -1.124784 -4.563427 60.200000
v 1.124784 -4.563427 60.200000
v 3.116676 -3.518001 60.200000
v 4.394576 -1.666643 60.200000
v 4.665732 0.566522 60.200000
v 3.868024 2.669904 60.200000
v 2.184199 4.161643 60.200000
v 0.000000 4.700000 80.000000
v -2.184199 4.161643 80.000000
v -3.868024 2.669904 80.000000
v -4.665732 0.566522 80.000000
v -4.394576 -1.666643 80.000000
v -3.116676 -3.518001 80.000000
v -1.124784 -4.563427 80.000000
v 1.124784 -4.563427 80.000000
v 3.116676 -3.518001 80.000000
v 4.394576 -1.666643 80.000000
v 4.665732 0.566522 80.000000
v 3.868024 2.669904 80.000000
v 2.184199 4.161643 80.000000
v 0.000000 4.900000 80.000000
v -2.277144 4.338735 80.000000
v -4.032621 2.783517 80.000000
v -4.864273 0.590630 80.000000
v -4.581580 -1.737564 80.000000
v -3.249301 -3.667703 80.000000
v -1.172647 -4.757615 80.000000
v 1.172647 -4.757615 80.000000
v 3.249301 -3.667703 80.000000
v 4.581580 -1.737564 80.000000
v 4.864273 0.590630 80.000000
v 4.032621 2.783517 80.000000
v 2.277144 4.338735 80.000000
v 0.000000 4.900000 60.000000
v -2.277144 4.338735 60.000000
v -4.032621 2.783517 60.000000
v -4.864273 0.590630 60.000000
v -4.581580 -1.737564 60.000000
v -3.249301 -3.667703 60.000000
v -1.172647 -4.757615 60.000000
v 1.172647 -4.757615 60.000000
v 3.249301 -3.667703 60.000000
v 4.581580 -1.737564 60.000000
v 4.864273 0.590630 60.000000
v 4.032621 2.783517 60.000000
v 2.277144 4.338735 60.000000
v 0.000000 3.750000 60.000000
v -1.875000 3.247595 60.000000
v -3.247595 1.875000 60.000000
v -3.750000 -0.000000 60.000000
v -3.247595 -1.875000 60.000000
v -1.875000 -3.247595 60.000000
v 0.000000 -3.750000 60.000000
v 1.875000 -3.247595 60.000000
v 3.247595 -1.875000 60.000000
v 3.750000 -0.000000 60.000000
v 3.247595 1.875000 60.000000
v 1.875000 3.247595 60.000000
v 0.000000 3.750000 35.000000
v -1.875000 3.247595 35.000000
v -3.247595 1.875000 35.000000
v -3.750000 -0.000000 35.000000
v -3.247595 -1.875000 35.000000
v -1.875000 -3.247595 35.000000
v 0.000000 -3.750000 35.000000
v 1.875000 -3.247595 35.000000
v 3.247595 -1.875000 35.000000
v 3.750000 -0.000000 35.000000
v 3.247595 1.875000 35.000000
v 1.875000 3.247595 35.000000
vt 0.032139 0.008405 0.000000
vt 0.000000 0.020103 0.000000
vt 0.000000 0.000000 0.000000
vt -0.032139 0.008405 0.000000
vt -0.019217 -0.006995 0.000000
vt -0.049240 -0.021215 0.000000
vt -0.029443 -0.024706 0.000000
vt -0.025892 -0.044846 0.000000
vt -0.043301 -0.054897 0.000000
vt -0.010225 -0.057991 0.000000
vt -0.017101 -0.076882 0.000000
vt 0.017101 -0.076882 0.000000
vt 0.010225 -0.057991 0.000000
vt 0.043301 -0.054897 0.000000
vt 0.025892 -0.044846 0.000000
vt 0.049240 -0.021215 0.000000
vt 0.029443 -0.024706 0.000000
vt 0.019217 -0.006995 0.000000
vt 1.608740 0.134354 0.000000
vt -1.608740 0.109926 0.000000
vt 1.608740 0.000000 0.000000
vt -1.608740 0.000000 0.000000
vt -1.608740 -0.109926 0.000000
vt -1.608740 0.219853 0.000000
vt 1.608740 0.268709 0.000000
vt -1.608740 0.329779 0.000000
vt 1.608740 0.403063 0.000000
vt -1.608740 0.439705 0.000000
vt 1.608740 0.537418 0.000000
vt -1.608740 0.549632 0.000000
vt 1.608740 0.671772 0.000000
vt -1.608740 0.659558 0.000000
vt -1.608740 -0.549632 0.000000
vt 1.608740 -0.537418 0.000000
vt -1.608740 -0.439705 0.000000
vt 1.608740 -0.403063 0.000000
vt -1.608740 -0.329779 0.000000
vt 1.608740 -0.268709 0.000000
vt -1.608740 -0.219853 0.000000
vt 1.608740 -0.134354 0.000000
vt 1.259493 0.202776 0.000000
vt -1.259493 0.000000 0.000000
vt 1.259493 0.000000 0.000000
vt -1.259493 -0.202776 0.000000
vt 1.259493 -0.202776 0.000000
vt -1.259493 -0.405551 0.000000
vt 1.259493 -0.405551 0.000000
vt -1.259493 -0.608327 0.000000
vt 1.259493 -0.608327 0.000000
vt -1.259493 -0.811102 0.000000
vt 1.259493 -0.811102 0.000000
vt -1.259493 -1.013878 0.000000
vt 1.259493 -1.013878 0.000000
vt 1.259493 1.216653 0.000000
vt -1.259493 1.216653 0.000000
vt -1.259493 1.013878 0.000000
vt 1.259493 1.013878 0.000000
vt -1.259493 0.811102 0.000000
vt 1.259493 0.811102 0.000000
vt -1.259493 0.608327 0.000000
vt 1.259493 0.608327 0.000000
vt -1.259493 0.405551 0.000000
vt 1.259493 0.405551 0.000000
vt -1.259493 0.202776 0.000000
vt 0.191927 -0.171355 0.000000
vt 0.218420 -0.053836 0.000000
vt 0.000000 -0.115000 0.000000
vt 0.000000 0.000000 0.000000
vt -0.218420 -0.053836 0.000000
vt 0.386802 -0.203010 0.000000
vt 0.322919 -0.322528 0.000000
vt 0.466573 -0.413348 0.000000
vt 0.351387 -0.520522 0.000000
vt 0.439458 -0.636664 0.000000
vt 0.268291 -0.702476 0.000000
vt 0.311668 -0.821800 0.000000
vt 0.100015 -0.810620 0.000000
vt 0.112478 -0.926343 0.000000
vt -0.100015 -0.810620 0.000000
vt -0.112478 -0.926343 0.000000
vt -0.311668 -0.821800 0.000000
vt -0.268291 -0.702476 0.000000
vt -0.439458 -0.636664 0.000000
vt -0.351387 -0.520522 0.000000
vt -0.466573 -0.413348 0.000000
vt -0.322919 -0.322528 0.000000
vt -0.386802 -0.203010 0.000000
vt -0.191927 -0.171355 0.000000
vt 0.990000 0.227161 0.000000
vt -0.990000 0.000000 0.000000
vt 0.990000 0.000000 0.000000
vt -0.990000 -0.227161 0.000000
vt 0.990000 -0.227161 0.000000
vt -0.990000 -0.454323 0.000000
vt 0.990000 -0.454323 0.000000
vt -0.990000 -0.681484 0.000000
vt 0.990000 -0.681484 0.000000
vt -0.990000 -0.908645 0.000000
vt 0.990000 -0.908645 0.000000
vt -0.990000 -1.135807 0.000000
vt 0.990000 -1.135807 0.000000
vt -0.990000 -1.362968 0.000000
vt 0.990000 -1.362968 0.000000
vt 0.990000 1.590129 0.000000
vt -0.990000 1.590129 0.000000
vt -0.990000 1.362968 0.000000
vt 0.990000 1.362968 0.000000
vt -0.990000 1.135807 0.000000
vt 0.990000 1.135807 0.000000
vt -0.990000 0.908645 0.000000
vt 0.990000 0.908645 0.000000
vt -0.990000 0.681484 0.000000
vt 0.990000 0.681484 0.000000
vt -0.990000 0.454323 0.000000
vt 0.990000 0.454323 0.000000
vt -0.990000 0.227161 0.000000
vt 0.218420 -0.073836 0.000000
vt 0.227714 -0.056127 0.000000
vt 0.000000 -0.020000 0.000000
vt 0.000000 0.000000 0.000000
vt -0.227714 -0.056127 0.000000
vt 0.403262 -0.211648 0.000000
vt 0.386802 -0.223010 0.000000
vt 0.486427 -0.430937 0.000000
vt 0.466573 -0.433348 0.000000
vt 0.439458 -0.656664 0.000000
vt 0.458158 -0.663756 0.000000
vt 0.311668 -0.841800 0.000000
vt 0.324930 -0.856770 0.000000
vt 0.112478 -0.946343 0.000000
vt 0.117265 -0.965761 0.000000
vt -0.112478 -0.946343 0.000000
vt -0.117265 -0.965761 0.000000
vt -0.324930 -0.856770 0.000000
vt -0.311668 -0.841800 0.000000
vt -0.458158 -0.663756 0.000000
vt -0.439458 -0.656664 0.000000
vt -0.486427 -0.430937 0.000000
vt -0.466573 -0.433348 0.000000
vt -0.386802 -0.223010 0.000000
vt -0.403262 -0.211648 0.000000
vt -0.218420 -0.073836 0.000000
vt 1.000000 0.236828 0.000000
vt -1.000000 0.000000 0.000000
vt 1.000000 0.000000 0.000000
vt -1.000000 -0.236828 0.000000
vt 1.000000 -0.236828 0.000000
vt -1.000000 -0.473656 0.000000
vt 1.000000 -0.473656 0.000000
vt -1.000000 -0.710483 0.000000
vt 1.000000 -0.710483 0.000000
vt -1.000000 -0.947311 0.000000
vt 1.000000 -0.947311 0.000000
vt -1.000000 -1.184139 0.000000
vt 1.000000 -1.184139 0.000000
vt -1.000000 -1.420967 0.000000
vt 1.000000 -1.420967 0.000000
vt 1.000000 1.657794 0.000000
vt -1.000000 1.657794 0.000000
vt -1.000000 1.420967 0.000000
vt 1.000000 1.420967 0.000000
vt -1.000000 1.184139 0.000000
vt 1.000000 1.184139 0.000000
vt -1.000000 0.947311 0.000000
vt 1.000000 0.947311 0.000000
vt -1.000000 0.710483 0.000000
vt 1.000000 0.710483 0.000000
vt -1.000000 0.473656 0.000000
vt 1.000000 0.473656 0.000000
vt -1.000000 0.236828 0.000000
vt 0.227714 0.058873 0.000000
vt 0.000000 0.115000 0.000000
vt 0.000000 0.000000 0.000000
vt -0.227714 0.058873 0.000000
vt -0.187500 -0.050240 0.000000
vt -0.403262 -0.096648 0.000000
vt -0.324760 -0.187500 0.000000
vt -0.486427 -0.315937 0.000000
vt -0.375000 -0.375000 0.000000
vt -0.458158 -0.548756 0.000000
vt -0.324760 -0.562500 0.000000
vt -0.324930 -0.741770 0.000000
vt -0.187500 -0.699760 0.000000
vt -0.117265 -0.850761 0.000000
vt -0.000000 -0.750000 0.000000
vt 0.117265 -0.850761 0.000000
vt 0.187500 -0.699760 0.000000
vt 0.324930 -0.741770 0.000000
vt 0.324760 -0.562500 0.000000
vt 0.458158 -0.548756 0.000000
vt 0.375000 -0.375000 0.000000
vt 0.486427 -0.315937 0.000000
vt 0.324760 -0.187500 0.000000
vt 0.403262 -0.096648 0.000000
vt 0.187500 -0.050240 0.000000
vt 1.250000 0.196350 0.000000
vt -1.250000 0.196350 0.000000
vt 1.250000 0.000000 0.000000
vt -1.250000 0.000000 0.000000
vt 1.250000 -0.196350 0.000000
vt -1.250000 -0.196350 0.000000
vt 1.250000 -0.392699 0.000000
vt -1.250000 -0.392699 0.000000
vt 1.250000 -0.589049 0.000000
vt -1.250000 -0.589049 0.000000
vt 1.250000 -0.785398 0.000000
vt -1.250000 -0.785398 0.000000
vt 1.250000 -0.981748 0.000000
vt -1.250000 -0.981748 0.000000
vt 1.250000 -1.178097 0.000000
vt -1.250000 -1.178097 0.000000
vt 1.250000 1.178097 0.000000
vt -1.250000 1.178097 0.000000
vt 1.250000 0.981748 0.000000
vt -1.250000 0.981748 0.000000
vt 1.250000 0.785398 0.000000
vt -1.250000 0.785398 0.000000
vt 1.250000 0.589049 0.000000
vt -1.250000 0.589049 0.000000
vt 1.250000 0.392699 0.000000
vt -1.250000 0.392699 0.000000
vt 1.608231 -0.111265 0.000000
vt 1.608231 0.000000 0.000000
vt -1.608231 0.000000 0.000000
vt 1.608231 0.111265 0.000000
vt -1.608231 0.148353 0.000000
vt 1.608231 0.222529 0.000000
vt -1.608231 0.296706 0.000000
vt 1.608231 0.333794 0.000000
vt -1.608231 0.445059 0.000000
vt 1.608231 0.445059 0.000000
vt 1.608231 0.556324 0.000000
vt -1.608231 0.593412 0.000000
vt 1.608231 0.667588 0.000000
vt -1.608231 0.741765 0.000000
vt -1.608231 -0.593412 0.000000
vt 1.608231 -0.667588 0.000000
vt 1.608231 -0.556324 0.000000
vt -1.608231 -0.445059 0.000000
vt 1.608231 -0.445059 0.000000
vt 1.608231 -0.333794 0.000000
vt -1.608231 -0.296706 0.000000
vt 1.608231 -0.222529 0.000000
vt -1.608231 -0.148353 0.000000
vn 0.000000 0.000000 -0.100000
vn 0.000000 0.000000 -0.100000
vn 0.000000 0.000000 -0.100000
vn 0.000000 0.000000 -0.100000
vn 0.000000 0.000000 -0.100000
vn 0.000000 0.000000 -0.100000
vn 0.000000 0.000000 -0.100000
vn 0.000000 0.000000 -0.100000
vn 0.000000 0.000000 -0.100000
vn 0.000000 0.000000 -0.100000
vn 0.000000 0.000000 -0.100000
vn 0.000000 0.000000 -0.100000
vn 0.000000 0.000000 -0.100000
vn 0.000000 0.000000 -0.100000
vn 0.000000 0.000000 -0.100000
vn 0.000000 0.000000 -0.100000
vn 0.000000 0.000000 -0.100000
vn 0.000000 0.000000 -0.100000
vn -0.063950 -0.076212 0.010104
vn -0.053787 -0.083695 0.010104
vn -0.000000 -0.099488 0.010104
vn -0.000000 -0.099488 0.010104
vn 0.053787 -0.083695 0.010104
vn -0.090498 -0.041329 0.010104
vn -0.097977 -0.017276 0.010104
vn -0.098476 0.014159 0.010104
vn -0.086159 0.049744 0.010104
vn -0.075188 0.065151 0.010104
vn -0.034027 0.093488 0.010104
vn -0.028029 0.095458 0.010104
vn 0.034027 0.093488 0.010104
vn 0.028029 0.095458 0.010104
vn 0.075188 0.065151 0.010104
vn 0.086159 0.049744 0.010104
vn 0.098476 0.014159 0.010104
vn 0.097977 -0.017276 0.010104
vn 0.090498 -0.041329 0.010104
vn 0.063950 -0.076212 0.010104
vn -0.054064 -0.084125 -0.000000
vn -0.000000 -0.100000 0.000000
vn -0.000000 -0.100000 0.000000
vn 0.054064 -0.084125 0.000000
vn 0.054064 -0.084125 0.000000
vn 0.090963 -0.041542 0.000000
vn 0.090963 -0.041542 0.000000
vn 0.098982 0.014231 0.000000
vn 0.098982 0.014231 0.000000
vn 0.075575 0.065486 0.000000
vn 0.075575 0.065486 0.000000
vn 0.028173 0.095949 0.000000
vn 0.028173 0.095949 0.000000
vn -0.028173 0.095949 -0.000000
vn -0.028173 0.095949 -0.000000
vn -0.075575 0.065486 -0.000000
vn -0.075575 0.065486 -0.000000
vn -0.098982 0.014231 -0.000000
vn -0.098982 0.014231 -0.000000
vn -0.090963 -0.041542 -0.000000
vn -0.090963 -0.041542 -0.000000
vn -0.054064 -0.084125 -0.000000
vn -0.000000 -0.000000 0.100000
vn -0.000000 -0.000000 0.100000
vn -0.000000 -0.000000 0.100000
vn -0.000000 -0.000000 0.100000
vn -0.000000 -0.000000 0.100000
vn -0.000000 -0.000000 0.100000
vn -0.000000 -0.000000 0.100000
vn -0.000000 -0.000000 0.100000
vn -0.000000 -0.000000 0.100000
vn -0.000000 -0.000000 0.100000
vn -0.000000 -0.000000 0.100000
vn -0.000000 -0.000000 0.100000
vn -0.000000 -0.000000 0.100000
vn -0.000000 -0.000000 0.100000
vn -0.000000 -0.000000 0.100000
vn -0.000000 -0.000000 0.100000
vn -0.000000 -0.000000 0.100000
vn -0.000000 -0.000000 0.100000
vn -0.000000 -0.000000 0.100000
vn -0.000000 -0.000000 0.100000
vn -0.000000 -0.000000 0.100000
vn -0.000000 -0.000000 0.100000
vn -0.000000 -0.000000 0.100000
vn -0.000000 -0.000000 0.100000
vn -0.046472 -0.088546 -0.000000
vn -0.000000 -0.100000 0.000000
vn -0.000000 -0.100000 0.000000
vn 0.046472 -0.088546 0.000000
vn 0.046472 -0.088546 0.000000
vn 0.082298 -0.056806 0.000000
vn 0.082298 -0.056806 0.000000
vn 0.099271 -0.012054 0.000000
vn 0.099271 -0.012054 0.000000
vn 0.093502 0.035460 0.000000
vn 0.093502 0.035460 0.000000
vn 0.066312 0.074851 0.000000
vn 0.066312 0.074851 0.000000
vn 0.023932 0.097094 0.000000
vn 0.023932 0.097094 0.000000
vn -0.023932 0.097094 -0.000000
vn -0.023932 0.097094 -0.000000
vn -0.066312 0.074851 -0.000000
vn -0.066312 0.074851 -0.000000
vn -0.093502 0.035460 -0.000000
vn -0.093502 0.035460 -0.000000
vn -0.099271 -0.012054 -0.000000
vn -0.099271 -0.012054 -0.000000
vn -0.082298 -0.056806 -0.000000
vn -0.082298 -0.056806 -0.000000
vn -0.046472 -0.088546 -0.000000
vn -0.000000 -0.000000 0.100000
vn -0.000000 -0.000000 0.100000
vn -0.000000 -0.000000 0.100000
vn -0.000000 -0.000000 0.100000
vn -0.000000 -0.000000 0.100000
vn -0.000000 -0.000000 0.100000
vn -0.000000 -0.000000 0.100000
vn -0.000000 -0.000000 0.100000
vn -0.000000 -0.000000 0.100000
vn -0.000000 -0.000000 0.100000
vn -0.000000 -0.000000 0.100000
vn -0.000000 -0.000000 0.100000
vn -0.000000 -0.000000 0.100000
vn -0.000000 -0.000000 0.100000
vn -0.000000 -0.000000 0.100000
vn -0.000000 -0.000000 0.100000
vn -0.000000 -0.000000 0.100000
vn -0.000000 -0.000000 0.100000
vn -0.000000 -0.000000 0.100000
vn -0.000000 -0.000000 0.100000
vn -0.000000 -0.000000 0.100000
vn -0.000000 -0.000000 0.100000
vn -0.000000 -0.000000 0.100000
vn -0.000000 -0.000000 0.100000
vn -0.000000 -0.000000 0.100000
vn -0.000000 -0.000000 0.100000
vn 0.046472 0.088546 0.000000
vn 0.000000 0.100000 -0.000000
vn 0.000000 0.100000 -0.000000
vn -0.046472 0.088546 -0.000000
vn -0.046472 0.088546 -0.000000
vn -0.082298 0.056806 -0.000000
vn -0.082298 0.056806 -0.000000
vn -0.099271 0.012054 -0.000000
vn -0.099271 0.012054 -0.000000
vn -0.093502 -0.035460 -0.000000
vn -0.093502 -0.035460 -0.000000
vn -0.066312 -0.074851 -0.000000
vn -0.066312 -0.074851 -0.000000
vn -0.023932 -0.097094 -0.000000
vn -0.023932 -0.097094 -0.000000
vn 0.023932 -0.097094 0.000000
vn 0.023932 -0.097094 0.000000
vn 0.066312 -0.074851 0.000000
vn 0.066312 -0.074851 0.000000
vn 0.093502 -0.035460 0.000000
vn 0.093502 -0.035460 0.000000
vn 0.099271 0.012054 0.000000
vn 0.099271 0.012054 0.000000
vn 0.082298 0.056806 0.000000
vn 0.082298 0.056806 0.000000
vn 0.046472 0.088546 0.000000
vn 0.000000 0.000000 -0.100000
vn 0.000000 0.000000 -0.100000
vn 0.000000 0.000000 -0.100000
vn 0.000000 0.000000 -0.100000
vn 0.000000 0.000000 -0.100000
vn 0.000000 0.000000 -0.100000
vn 0.000000 0.000000 -0.100000
vn 0.000000 0.000000 -0.100000
vn 0.000000 0.000000 -0.100000
vn 0.000000 0.000000 -0.100000
vn 0.000000 0.000000 -0.100000
vn 0.000000 0.000000 -0.100000
vn 0.000000 0.000000 -0.100000
vn 0.000000 0.000000 -0.100000
vn 0.000000 0.000000 -0.100000
vn 0.000000 0.000000 -0.100000
vn 0.000000 0.000000 -0.100000
vn 0.000000 0.000000 -0.100000
vn 0.000000 0.000000 -0.100000
vn 0.000000 0.000000 -0.100000
vn 0.000000 0.000000 -0.100000
vn 0.000000 0.000000 -0.100000
vn 0.000000 0.000000 -0.100000
vn 0.000000 0.000000 -0.100000
vn 0.000000 0.000000 -0.100000
vn 0.050000 0.086603 0.000000
vn 0.050000 0.086603 0.000000
vn 0.000000 0.100000 -0.000000
vn 0.000000 0.100000 -0.000000
vn -0.050000 0.086603 -0.000000
vn -0.050000 0.086603 -0.000000
vn -0.086603 0.050000 -0.000000
vn -0.086603 0.050000 -0.000000
vn -0.100000 -0.000000 -0.000000
vn -0.100000 -0.000000 -0.000000
vn -0.086603 -0.050000 -0.000000
vn -0.086603 -0.050000 -0.000000
vn -0.050000 -0.086603 -0.000000
vn -0.050000 -0.086603 -0.000000
vn -0.000000 -0.100000 0.000000
vn -0.000000 -0.100000 0.000000
vn 0.050000 -0.086603 0.000000
vn 0.050000 -0.086603 0.000000
vn 0.086603 -0.050000 0.000000
vn 0.086603 -0.050000 0.000000
vn 0.100000 0.000000 0.000000
vn 0.100000 0.000000 0.000000
vn 0.086603 0.050000 0.000000
vn 0.086603 0.050000 0.000000
vn -0.049744 0.086159 -0.010104
vn 0.000000 0.099488 -0.010104
vn 0.000000 0.099488 -0.010104
vn 0.049744 0.086159 -0.010104
vn 0.063950 0.076212 -0.010104
vn 0.086159 0.049744 -0.010104
vn 0.097977 0.017276 -0.010104
vn 0.099488 0.000000 -0.010104
vn 0.086159 -0.049744 -0.010104
vn 0.086159 -0.049744 -0.010104
vn 0.049744 -0.086159 -0.010104
vn 0.034027 -0.093488 -0.010104
vn 0.000000 -0.099488 -0.010104
vn -0.034027 -0.093488 -0.010104
vn -0.049744 -0.086159 -0.010104
vn -0.086159 -0.049744 -0.010104
vn -0.086159 -0.049744 -0.010104
vn -0.099488 -0.000000 -0.010104
vn -0.097977 0.017276 -0.010104
vn -0.086159 0.049744 -0.010104
vn -0.063950 0.076212 -0.010104
f 533/1217/1037 525/1218/1038 534/1219/1039
f 534/1219/1039 525/1218/1038 526/1220/1040
f 534/1219/1039 526/1220/1040 542/1221/1041
f 542/1221/1041 526/1220/1040 527/1222/1042
f 542/1221/1041 527/1222/1042 541/1223/1043
f 541/1223/1043 527/1222/1042 540/1224/1044
f 540/1224/1044 527/1222/1042 528/1225/1045
f 540/1224/1044 528/1225/1045 539/1226/1046
f 539/1226/1046 528/1225/1045 529/1227/1047
f 539/1226/1046 529/1227/1047 530/1228/1048
f 539/1226/1046 530/1228/1048 538/1229/1049
f 538/1229/1049 530/1228/1048 531/1230/1050
f 538/1229/1049 531/1230/1050 537/1231/1051
f 537/1231/1051 531/1230/1050 532/1232/1052
f 537/1231/1051 532/1232/1052 536/1233/1053
f 536/1233/1053 532/1232/1052 535/1234/1054
f 535/1234/1054 532/1232/1052 533/1217/1037
f 535/1234/1054 533/1217/1037 534/1219/1039
f 542/1235/1055 553/1236/1056 534/1237/1057
f 534/1237/1057 553/1236/1056 543/1238/1058
f 534/1237/1057 543/1238/1058 544/1239/1059
f 553/1236/1056 542/1235/1055 552/1240/1060
f 552/1240/1060 542/1235/1055 541/1241/1061
f 552/1240/1060 541/1241/1061 551/1242/1062
f 551/1242/1062 541/1241/1061 540/1243/1063
f 551/1242/1062 540/1243/1063 550/1244/1064
f 550/1244/1064 540/1243/1063 539/1245/1065
f 550/1244/1064 539/1245/1065 549/1246/1066
f 549/1246/1066 539/1245/1065 538/1247/1067
f 549/1246/1066 538/1247/1067 548/1248/1068
f 548/1249/1068 538/1250/1067 547/1251/1069
f 547/1251/1069 538/1250/1067 537/1252/1070
f 547/1251/1069 537/1252/1070 546/1253/1071
f 546/1253/1071 537/1252/1070 536/1254/1072
f 546/1253/1071 536/1254/1072 545/1255/1073
f 545/1255/1073 536/1254/1072 535/1256/1074
f 545/1255/1073 535/1256/1074 544/1239/1059
f 544/1239/1059 535/1256/1074 534/1237/1057
f 553/1257/1075 554/1258/1076 543/1259/1077
f 543/1259/1077 554/1258/1076 555/1260/1078
f 543/1259/1077 555/1260/1078 544/1261/1079
f 544/1261/1079 555/1260/1078 556/1262/1080
f 544/1261/1079 556/1262/1080 545/1263/1081
f 545/1263/1081 556/1262/1080 557/1264/1082
f 545/1263/1081 557/1264/1082 546/1265/1083
f 546/1265/1083 557/1264/1082 558/1266/1084
f 546/1265/1083 558/1266/1084 547/1267/1085
f 547/1267/1085 558/1266/1084 559/1268/1086
f 547/1267/1085 559/1268/1086 548/1269/1087
f 548/1270/1087 559/1271/1086 560/1272/1088
f 548/1270/1087 560/1272/1088 549/1273/1089
f 549/1273/1089 560/1272/1088 561/1274/1090
f 549/1273/1089 561/1274/1090 550/1275/1091
f 550/1275/1091 561/1274/1090 562/1276/1092
f 550/1275/1091 562/1276/1092 551/1277/1093
f 551/1277/1093 562/1276/1092 563/1278/1094
f 551/1277/1093 563/1278/1094 552/1279/1095
f 552/1279/1095 563/1278/1094 564/1280/1096
f 552/1279/1095 564/1280/1096 553/1257/1075
f 553/1257/1075 564/1280/1096 554/1258/1076
f 564/1281/1097 577/1282/1098 554/1283/1099
f 554/1283/1099 577/1282/1098 565/1284/1100
f 554/1283/1099 565/1284/1100 566/1285/1101
f 577/1282/1098 564/1281/1097 576/1286/1102
f 576/1286/1102 564/1281/1097 563/1287/1103
f 576/1286/1102 563/1287/1103 575/1288/1104
f 575/1288/1104 563/1287/1103 562/1289/1105
f 575/1288/1104 562/1289/1105 574/1290/1106
f 574/1290/1106 562/1289/1105 561/1291/1107
f 574/1290/1106 561/1291/1107 573/1292/1108
f 573/1292/1108 561/1291/1107 560/1293/1109
f 573/1292/1108 560/1293/1109 572/1294/1110
f 572/1294/1110 560/1293/1109 559/1295/1111
f 572/1294/1110 559/1295/1111 571/1296/1112
f 571/1296/1112 559/1295/1111 570/1297/1113
f 570/1297/1113 559/1295/1111 558/1298/1114
f 570/1297/1113 558/1298/1114 569/1299/1115
f 569/1299/1115 558/1298/1114 557/1300/1116
f 569/1299/1115 557/1300/1116 568/1301/1117
f 568/1301/1117 557/1300/1116 556/1302/1118
f 568/1301/1117 556/1302/1118 567/1303/1119
f 567/1303/1119 556/1302/1118 555/1304/1120
f 567/1303/1119 555/1304/1120 566/1285/1101
f 566/1285/1101 555/1304/1120 554/1283/1099
f 577/1305/1121 578/1306/1122 565/1307/1123
f 565/1307/1123 578/1306/1122 579/1308/1124
f 565/1307/1123 579/1308/1124 566/1309/1125
f 566/1309/1125 579/1308/1124 580/1310/1126
f 566/1309/1125 580/1310/1126 567/1311/1127
f 567/1311/1127 580/1310/1126 581/1312/1128
f 567/1311/1127 581/1312/1128 568/1313/1129
f 568/1313/1129 581/1312/1128 582/1314/1130
f 568/1313/1129 582/1314/1130 569/1315/1131
f 569/1315/1131 582/1314/1130 583/1316/1132
f 569/1315/1131 583/1316/1132 570/1317/1133
f 570/1317/1133 583/1316/1132 584/1318/1134
f 570/1317/1133 584/1318/1134 571/1319/1135
f 571/1320/1135 584/1321/1134 585/1322/1136
f 571/1320/1135 585/1322/1136 572/1323/1137
f 572/1323/1137 585/1322/1136 586/1324/1138
f 572/1323/1137 586/1324/1138 573/1325/1139
f 573/1325/1139 586/1324/1138 587/1326/1140
f 573/1325/1139 587/1326/1140 574/1327/1141
f 574/1327/1141 587/1326/1140 588/1328/1142
f 574/1327/1141 588/1328/1142 575/1329/1143
f 575/1329/1143 588/1328/1142 589/1330/1144
f 575/1329/1143 589/1330/1144 576/1331/1145
f 576/1331/1145 589/1330/1144 590/1332/1146
f 576/1331/1145 590/1332/1146 577/1305/1121
f 577/1305/1121 590/1332/1146 578/1306/1122
f 590/1333/1147 603/1334/1148 578/1335/1149
f 578/1335/1149 603/1334/1148 591/1336/1150
f 578/1335/1149 591/1336/1150 592/1337/1151
f 603/1334/1148 590/1333/1147 602/1338/1152
f 602/1338/1152 590/1333/1147 589/1339/1153
f 602/1338/1152 589/1339/1153 601/1340/1154
f 601/1340/1154 589/1339/1153 588/1341/1155
f 601/1340/1154 588/1341/1155 587/1342/1156
f 601/1340/1154 587/1342/1156 600/1343/1157
f 600/1343/1157 587/1342/1156 586/1344/1158
f 600/1343/1157 586/1344/1158 599/1345/1159
f 599/1345/1159 586/1344/1158 585/1346/1160
f 599/1345/1159 585/1346/1160 598/1347/1161
f 598/1347/1161 585/1346/1160 584/1348/1162
f 598/1347/1161 584/1348/1162 597/1349/1163
f 597/1349/1163 584/1348/1162 596/1350/1164
f 596/1350/1164 584/1348/1162 583/1351/1165
f 596/1350/1164 583/1351/1165 595/1352/1166
f 595/1352/1166 583/1351/1165 582/1353/1167
f 595/1352/1166 582/1353/1167 594/1354/1168
f 594/1354/1168 582/1353/1167 581/1355/1169
f 594/1354/1168 581/1355/1169 580/1356/1170
f 594/1354/1168 580/1356/1170 593/1357/1171
f 593/1357/1171 580/1356/1170 579/1358/1172
f 593/1357/1171 579/1358/1172 592/1337/1151
f 592/1337/1151 579/1358/1172 578/1335/1149
f 603/1359/1173 604/1360/1174 591/1361/1175
f 591/1361/1175 604/1360/1174 605/1362/1176
f 591/1361/1175 605/1362/1176 592/1363/1177
f 592/1363/1177 605/1362/1176 606/1364/1178
f 592/1363/1177 606/1364/1178 593/1365/1179
f 593/1365/1179 606/1364/1178 607/1366/1180
f 593/1365/1179 607/1366/1180 594/1367/1181
f 594/1367/1181 607/1366/1180 608/1368/1182
f 594/1367/1181 608/1368/1182 595/1369/1183
f 595/1369/1183 608/1368/1182 609/1370/1184
f 595/1369/1183 609/1370/1184 596/1371/1185
f 596/1371/1185 609/1370/1184 610/1372/1186
f 596/1371/1185 610/1372/1186 597/1373/1187
f 597/1374/1187 610/1375/1186 611/1376/1188
f 597/1374/1187 611/1376/1188 598/1377/1189
f 598/1377/1189 611/1376/1188 612/1378/1190
f 598/1377/1189 612/1378/1190 599/1379/1191
f 599/1379/1191 612/1378/1190 613/1380/1192
f 599/1379/1191 613/1380/1192 600/1381/1193
f 600/1381/1193 613/1380/1192 614/1382/1194
f 600/1381/1193 614/1382/1194 601/1383/1195
f 601/1383/1195 614/1382/1194 615/1384/1196
f 601/1383/1195 615/1384/1196 602/1385/1197
f 602/1385/1197 615/1384/1196 616/1386/1198
f 602/1385/1197 616/1386/1198 603/1359/1173
f 603/1359/1173 616/1386/1198 604/1360/1174
f 605/1387/1199 604/1388/1200 617/1389/1201
f 617/1389/1201 604/1388/1200 616/1390/1202
f 617/1389/1201 616/1390/1202 628/1391/1203
f 628/1391/1203 616/1390/1202 615/1392/1204
f 628/1391/1203 615/1392/1204 627/1393/1205
f 627/1393/1205 615/1392/1204 614/1394/1206
f 627/1393/1205 614/1394/1206 626/1395/1207
f 626/1395/1207 614/1394/1206 613/1396/1208
f 626/1395/1207 613/1396/1208 625/1397/1209
f 625/1397/1209 613/1396/1208 612/1398/1210
f 625/1397/1209 612/1398/1210 624/1399/1211
f 624/1399/1211 612/1398/1210 611/1400/1212
f 624/1399/1211 611/1400/1212 623/1401/1213
f 623/1401/1213 611/1400/1212 610/1402/1214
f 623/1401/1213 610/1402/1214 622/1403/1215
f 622/1403/1215 610/1402/1214 609/1404/1216
f 622/1403/1215 609/1404/1216 621/1405/1217
f 621/1405/1217 609/1404/1216 608/1406/1218
f 621/1405/1217 608/1406/1218 620/1407/1219
f 620/1407/1219 608/1406/1218 607/1408/1220
f 620/1407/1219 607/1408/1220 619/1409/1221
f 619/1409/1221 607/1408/1220 606/1410/1222
f 619/1409/1221 606/1410/1222 618/1411/1223
f 618/1411/1223 606/1410/1222 605/1387/1199
f 618/1411/1223 605/1387/1199 617/1389/1201
f 628/1412/1224 640/1413/1225 617/1414/1226
f 617/1414/1226 640/1413/1225 629/1415/1227
f 617/1414/1226 629/1415/1227 618/1416/1228
f 618/1416/1228 629/1415/1227 630/1417/1229
f 618/1416/1228 630/1417/1229 619/1418/1230
f 619/1418/1230 630/1417/1229 631/1419/1231
f 619/1418/1230 631/1419/1231 620/1420/1232
f 620/1420/1232 631/1419/1231 632/1421/1233
f 620/1420/1232 632/1421/1233 621/1422/1234
f 621/1422/1234 632/1421/1233 633/1423/1235
f 621/1422/1234 633/1423/1235 622/1424/1236
f 622/1424/1236 633/1423/1235 634/1425/1237
f 622/1424/1236 634/1425/1237 623/1426/1238
f 623/1426/1238 634/1425/1237 635/1427/1239
f 623/1428/1238 635/1429/1239 624/1430/1240
f 624/1430/1240 635/1429/1239 636/1431/1241
f 624/1430/1240 636/1431/1241 625/1432/1242
f 625/1432/1242 636/1431/1241 637/1433/1243
f 625/1432/1242 637/1433/1243 626/1434/1244
f 626/1434/1244 637/1433/1243 638/1435/1245
f 626/1434/1244 638/1435/1245 627/1436/1246
f 627/1436/1246 638/1435/1245 639/1437/1247
f 627/1436/1246 639/1437/1247 628/1412/1224
f 628/1412/1224 639/1437/1247 640/1413/1225
f 630/1438/1248 629/1439/1249 525/1440/1250
f 525/1440/1250 629/1439/1249 640/1441/1251
f 525/1440/1250 640/1441/1251 526/1442/1252
f 526/1442/1252 640/1441/1251 639/1443/1253
f 526/1442/1252 639/1443/1253 527/1444/1254
f 527/1444/1254 639/1443/1253 638/1445/1255
f 527/1444/1254 638/1445/1255 528/1446/1256
f 528/1446/1256 638/1445/1255 637/1447/1257
f 528/1446/1256 637/1447/1257 636/1448/1258
f 528/1446/1256 636/1448/1258 529/1449/1259
f 529/1449/1259 636/1448/1258 635/1450/1260
f 529/1449/1259 635/1450/1260 530/1451/1261
f 530/1452/1261 635/1453/1260 634/1454/1262
f 530/1452/1261 634/1454/1262 531/1455/1263
f 531/1455/1263 634/1454/1262 633/1456/1264
f 531/1455/1263 633/1456/1264 632/1457/1265
f 531/1455/1263 632/1457/1265 532/1458/1266
f 532/1458/1266 632/1457/1265 631/1459/1267
f 532/1458/1266 631/1459/1267 533/1460/1268
f 533/1460/1268 631/1459/1267 630/1438/1248
f 533/1460/1268 630/1438/1248 525/1440/1250
g Body1:2

v -14.625000 0.500000 3.000000
v -14.303606 0.383022 3.000000
v -14.132596 0.086824 3.000000
v -14.191987 -0.250000 3.000000
v -14.453990 -0.469846 3.000000
v -14.796010 -0.469846 3.000000
v -15.058013 -0.250000 3.000000
v -15.117404 0.086824 3.000000
v -14.946394 0.383022 3.000000
v -14.625000 0.298971 3.000000
v -14.817175 0.229025 3.000000
v -14.919429 0.051916 3.000000
v -14.883917 -0.149486 3.000000
v -14.727254 -0.280941 3.000000
v -14.522746 -0.280941 3.000000
v -14.366083 -0.149486 3.000000
v -14.330571 0.051916 3.000000
v -14.432825 0.229025 3.000000
v -14.625000 3.550000 35.010130
v -16.544275 2.986450 35.010130
v -17.854194 1.474723 35.010130
v -18.138866 -0.505218 35.010130
v -17.307911 -2.324756 35.010130
v -15.625151 -3.406200 35.010130
v -13.624849 -3.406200 35.010130
v -11.942089 -2.324756 35.010130
v -11.111134 -0.505218 35.010130
v -11.395806 1.474723 35.010130
v -12.705725 2.986450 35.010130
v -14.625000 3.550000 60.200000
v -16.544275 2.986450 60.200000
v -17.854194 1.474723 60.200000
v -18.138866 -0.505218 60.200000
v -17.307911 -2.324756 60.200000
v -15.625151 -3.406200 60.200000
v -13.624849 -3.406200 60.200000
v -11.942089 -2.324756 60.200000
v -11.111134 -0.505218 60.200000
v -11.395806 1.474723 60.200000
v -12.705725 2.986450 60.200000
v -14.625000 4.700000 60.200000
v -16.809199 4.161643 60.200000
v -18.493024 2.669904 60.200000
v -19.290732 0.566522 60.200000
v -19.019576 -1.666643 60.200000
v -17.741676 -3.518001 60.200000
v -15.749784 -4.563427 60.200000
v -13.500216 -4.563427 60.200000
v -11.508324 -3.518001 60.200000
v -10.230424 -1.666643 60.200000
v -9.959268 0.566522 60.200000
v -10.756976 2.669904 60.200000
v -12.440801 4.161643 60.200000
v -14.625000 4.700000 80.000000
v -16.809199 4.161643 80.000000
v -18.493024 2.669904 80.000000
v -19.290732 0.566522 80.000000
v -19.019576 -1.666643 80.000000
v -17.741676 -3.518001 80.000000
v -15.749784 -4.563427 80.000000
v -13.500216 -4.563427 80.000000
v -11.508324 -3.518001 80.000000
v -10.230424 -1.666643 80.000000
v -9.959268 0.566522 80.000000
v -10.756976 2.669904 80.000000
v -12.440801 4.161643 80.000000
v -14.625000 4.900000 80.000000
v -16.902144 4.338735 80.000000
v -18.657621 2.783517 80.000000
v -19.489273 0.590630 80.000000
v -19.206580 -1.737564 80.000000
v -17.874301 -3.667703 80.000000
v -15.797647 -4.757615 80.000000
v -13.452353 -4.757615 80.000000
v -11.375699 -3.667703 80.000000
v -10.043420 -1.737564 80.000000
v -9.760727 0.590630 80.000000
v -10.592379 2.783517 80.000000
v -12.347856 4.338735 80.000000
v -14.625000 4.900000 60.000000
v -16.902144 4.338735 60.000000
v -18.657621 2.783517 60.000000
v -19.489273 0.590630 60.000000
v -19.206580 -1.737564 60.000000
v -17.874301 -3.667703 60.000000
v -15.797647 -4.757615 60.000000
v -13.452353 -4.757615 60.000000
v -11.375699 -3.667703 60.000000
v -10.043420 -1.737564 60.000000
v -9.760727 0.590630 60.000000
v -10.592379 2.783517 60.000000
v -12.347856 4.338735 60.000000
v -14.625000 3.750000 60.000000
v -16.500000 3.247595 60.000000
v -17.872595 1.875000 60.000000
v -18.375000 -0.000000 60.000000
v -17.872595 -1.875000 60.000000
v -16.500000 -3.247595 60.000000
v -14.625000 -3.750000 60.000000
v -12.750000 -3.247595 60.000000
v -11.377405 -1.875000 60.000000
v -10.875000 -0.000000 60.000000
v -11.377405 1.875000 60.000000
v -12.750000 3.247595 60.000000
v -14.625000 3.750000 35.000000
v -16.500000 3.247595 35.000000
v -17.872595 1.875000 35.000000
v -18.375000 -0.000000 35.000000
v -17.872595 -1.875000 35.000000
v -16.500000 -3.247595 35.000000
v -14.625000 -3.750000 35.000000
v -12.750000 -3.247595 35.000000
v -11.377405 -1.875000 35.000000
v -10.875000 -0.000000 35.000000
v -11.377405 1.875000 35.000000
v -12.750000 3.247595 35.000000
vt 0.032139 0.008405 0.000000
vt 0.000000 0.020103 0.000000
vt 0.000000 0.000000 0.000000
vt -0.032139 0.008405 0.000000
vt -0.019217 -0.006995 0.000000
vt -0.049240 -0.021215 0.000000
vt -0.029443 -0.024706 0.000000
vt -0.025892 -0.044846 0.000000
vt -0.043301 -0.054897 0.000000
vt -0.010225 -0.057991 0.000000
vt -0.017101 -0.076882 0.000000
vt 0.017101 -0.076882 0.000000
vt 0.010225 -0.057991 0.000000
vt 0.043301 -0.054897 0.000000
vt 0.025892 -0.044846 0.000000
vt 0.049240 -0.021215 0.000000
vt 0.029443 -0.024706 0.000000
vt 0.019217 -0.006995 0.000000
vt 1.608740 0.134354 0.000000
vt -1.608740 0.109926 0.000000
vt 1.608740 0.000000 0.000000
vt -1.608740 0.000000 0.000000
vt -1.608740 -0.109926 0.000000
vt -1.608740 0.219853 0.000000
vt 1.608740 0.268709 0.000000
vt -1.608740 0.329779 0.000000
vt 1.608740 0.403063 0.000000
vt -1.608740 0.439705 0.000000
vt 1.608740 0.537418 0.000000
vt -1.608740 0.549632 0.000000
vt 1.608740 0.671772 0.000000
vt -1.608740 0.659558 0.000000
vt -1.608740 -0.549632 0.000000
vt 1.608740 -0.537418 0.000000
vt -1.608740 -0.439705 0.000000
vt 1.608740 -0.403063 0.000000
vt -1.608740 -0.329779 0.000000
vt 1.608740 -0.268709 0.000000
vt -1.608740 -0.219853 0.000000
vt 1.608740 -0.134354 0.000000
vt 1.259493 0.202776 0.000000
vt -1.259493 0.000000 0.000000
vt 1.259493 0.000000 0.000000
vt -1.259493 -0.202776 0.000000
vt 1.259493 -0.202776 0.000000
vt -1.259493 -0.405551 0.000000
vt 1.259493 -0.405551 0.000000
vt -1.259493 -0.608327 0.000000
vt 1.259493 -0.608327 0.000000
vt -1.259493 -0.811102 0.000000
vt 1.259493 -0.811102 0.000000
vt -1.259493 -1.013878 0.000000
vt 1.259493 -1.013878 0.000000
vt 1.259493 1.216653 0.000000
vt -1.259493 1.216653 0.000000
vt -1.259493 1.013878 0.000000
vt 1.259493 1.013878 0.000000
vt -1.259493 0.811102 0.000000
vt 1.259493 0.811102 0.000000
vt -1.259493 0.608327 0.000000
vt 1.259493 0.608327 0.000000
vt -1.259493 0.405551 0.000000
vt 1.259493 0.405551 0.000000
vt -1.259493 0.202776 0.000000
vt 0.191927 -0.171355 0.000000
vt 0.218420 -0.053836 0.000000
vt 0.000000 -0.115000 0.000000
vt 0.000000 0.000000 0.000000
vt -0.218420 -0.053836 0.000000
vt 0.386802 -0.203010 0.000000
vt 0.322919 -0.322528 0.000000
vt 0.466573 -0.413348 0.000000
vt 0.351387 -0.520522 0.000000
vt 0.439458 -0.636664 0.000000
vt 0.268291 -0.702476 0.000000
vt 0.311668 -0.821800 0.000000
vt 0.100015 -0.810620 0.000000
vt 0.112478 -0.926343 0.000000
vt -0.100015 -0.810620 0.000000
vt -0.112478 -0.926343 0.000000
vt -0.311668 -0.821800 0.000000
vt -0.268291 -0.702476 0.000000
vt -0.439458 -0.636664 0.000000
vt -0.351387 -0.520522 0.000000
vt -0.466573 -0.413348 0.000000
vt -0.322919 -0.322528 0.000000
vt -0.386802 -0.203010 0.000000
vt -0.191927 -0.171355 0.000000
vt 0.990000 0.227161 0.000000
vt -0.990000 0.000000 0.000000
vt 0.990000 0.000000 0.000000
vt -0.990000 -0.227161 0.000000
vt 0.990000 -0.227161 0.000000
vt -0.990000 -0.454323 0.000000
vt 0.990000 -0.454323 0.000000
vt -0.990000 -0.681484 0.000000
vt 0.990000 -0.681484 0.000000
vt -0.990000 -0.908645 0.000000
vt 0.990000 -0.908645 0.000000
vt -0.990000 -1.135807 0.000000
vt 0.990000 -1.135807 0.000000
vt -0.990000 -1.362968 0.000000
vt 0.990000 -1.362968 0.000000
vt 0.990000 1.590129 0.000000
vt -0.990000 1.590129 0.000000
vt -0.990000 1.362968 0.000000
vt 0.990000 1.362968 0.000000
vt -0.990000 1.135807 0.000000
vt 0.990000 1.135807 0.000000
vt -0.990000 0.908645 0.000000
vt 0.990000 0.908645 0.000000
vt -0.990000 0.681484 0.000000
vt 0.990000 0.681484 0.000000
vt -0.990000 0.454323 0.000000
vt 0.990000 0.454323 0.000000
vt -0.990000 0.227161 0.000000
vt 0.218420 -0.073836 0.000000
vt 0.227714 -0.056127 0.000000
vt 0.000000 -0.020000 0.000000
vt 0.000000 0.000000 0.000000
vt -0.227714 -0.056127 0.000000
vt 0.403262 -0.211648 0.000000
vt 0.386802 -0.223010 0.000000
vt 0.486427 -0.430937 0.000000
vt 0.466573 -0.433348 0.000000
vt 0.439458 -0.656664 0.000000
vt 0.458158 -0.663756 0.000000
vt 0.311668 -0.841800 0.000000
vt 0.324930 -0.856770 0.000000
vt 0.112478 -0.946343 0.000000
vt 0.117265 -0.965761 0.000000
vt -0.112478 -0.946343 0.000000
vt -0.117265 -0.965761 0.000000
vt -0.324930 -0.856770 0.000000
vt -0.311668 -0.841800 0.000000
vt -0.458158 -0.663756 0.000000
vt -0.439458 -0.656664 0.000000
vt -0.486427 -0.430937 0.000000
vt -0.466573 -0.433348 0.000000
vt -0.386802 -0.223010 0.000000
vt -0.403262 -0.211648 0.000000
vt -0.218420 -0.073836 0.000000
vt 1.000000 0.236828 0.000000
vt -1.000000 0.000000 0.000000
vt 1.000000 0.000000 0.000000
vt -1.000000 -0.236828 0.000000
vt 1.000000 -0.236828 0.000000
vt -1.000000 -0.473656 0.000000
vt 1.000000 -0.473656 0.000000
vt -1.000000 -0.710483 0.000000
vt 1.000000 -0.710483 0.000000
vt -1.000000 -0.947311 0.000000
vt 1.000000 -0.947311 0.000000
vt -1.000000 -1.184139 0.000000
vt 1.000000 -1.184139 0.000000
vt -1.000000 -1.420967 0.000000
vt 1.000000 -1.420967 0.000000
vt 1.000000 1.657794 0.000000
vt -1.000000 1.657794 0.000000
vt -1.000000 1.420967 0.000000
vt 1.000000 1.420967 0.000000
vt -1.000000 1.184139 0.000000
vt 1.000000 1.184139 0.000000
vt -1.000000 0.947311 0.000000
vt 1.000000 0.947311 0.000000
vt -1.000000 0.710483 0.000000
vt 1.000000 0.710483 0.000000
vt -1.000000 0.473656 0.000000
vt 1.000000 0.473656 0.000000
vt -1.000000 0.236828 0.000000
vt 0.227714 0.058873 0.000000
vt 0.000000 0.115000 0.000000
vt 0.000000 0.000000 0.000000
vt -0.227714 0.058873 0.000000
vt -0.187500 -0.050240 0.000000
vt -0.403262 -0.096648 0.000000
vt -0.324760 -0.187500 0.000000
vt -0.486427 -0.315937 0.000000
vt -0.375000 -0.375000 0.000000
vt -0.458158 -0.548756 0.000000
vt -0.324760 -0.562500 0.000000
vt -0.324930 -0.741770 0.000000
vt -0.187500 -0.699760 0.000000
vt -0.117265 -0.850761 0.000000
vt -0.000000 -0.750000 0.000000
vt 0.117265 -0.850761 0.000000
vt 0.187500 -0.699760 0.000000
vt 0.324930 -0.741770 0.000000
vt 0.324760 -0.562500 0.000000
vt 0.458158 -0.548756 0.000000
vt 0.375000 -0.375000 0.000000
vt 0.486427 -0.315937 0.000000
vt 0.324760 -0.187500 0.000000
vt 0.403262 -0.096648 0.000000
vt 0.187500 -0.050240 0.000000
vt 1.250000 0.196350 0.000000
vt -1.250000 0.196350 0.000000
vt 1.250000 0.000000 0.000000
vt -1.250000 0.000000 0.000000
vt 1.250000 -0.196350 0.000000
vt -1.250000 -0.196350 0.000000
vt 1.250000 -0.392699 0.000000
vt -1.250000 -0.392699 0.000000
vt 1.250000 -0.589049 0.000000
vt -1.250000 -0.589049 0.000000
vt 1.250000 -0.785398 0.000000
vt -1.250000 -0.785398 0.000000
vt 1.250000 -0.981748 0.000000
vt -1.250000 -0.981748 0.000000
vt 1.250000 -1.178097 0.000000
vt -1.250000 -1.178097 0.000000
vt 1.250000 1.178097 0.000000
vt -1.250000 1.178097 0.000000
vt 1.250000 0.981748 0.000000
vt -1.250000 0.981748 0.000000
vt 1.250000 0.785398 0.000000
vt -1.250000 0.785398 0.000000
vt 1.250000 0.589049 0.000000
vt -1.250000 0.589049 0.000000
vt 1.250000 0.392699 0.000000
vt -1.250000 0.392699 0.000000
vt 1.608231 -0.111265 0.000000
vt 1.608231 0.000000 0.000000
vt -1.608231 0.000000 0.000000
vt 1.608231 0.111265 0.000000
vt -1.608231 0.148353 0.000000
vt 1.608231 0.222529 0.000000
vt -1.608231 0.296706 0.000000
vt 1.608231 0.333794 0.000000
vt -1.608231 0.445059 0.000000
vt 1.608231 0.445059 0.000000
vt 1.608231 0.556324 0.000000
vt -1.608231 0.593412 0.000000
vt 1.608231 0.667588 0.000000
vt -1.608231 0.741765 0.000000
vt -1.608231 -0.593412 0.000000
vt 1.608231 -0.667588 0.000000
vt 1.608231 -0.556324 0.000000
vt -1.608231 -0.445059 0.000000
vt 1.608231 -0.445059 0.000000
vt 1.608231 -0.333794 0.000000
vt -1.608231 -0.296706 0.000000
vt 1.608231 -0.222529 0.000000
vt -1.608231 -0.148353 0.000000
vn 0.000000 0.000000 -0.100000
vn 0.000000 0.000000 -0.100000
vn 0.000000 0.000000 -0.100000
vn 0.000000 0.000000 -0.100000
vn 0.000000 0.000000 -0.100000
vn 0.000000 0.000000 -0.100000
vn 0.000000 0.000000 -0.100000
vn 0.000000 0.000000 -0.100000
vn 0.000000 0.000000 -0.100000
vn 0.000000 0.000000 -0.100000
vn 0.000000 0.000000 -0.100000
vn 0.000000 0.000000 -0.100000
vn 0.000000 0.000000 -0.100000
vn 0.000000 0.000000 -0.100000
vn 0.000000 0.000000 -0.100000
vn 0.000000 0.000000 -0.100000
vn 0.000000 0.000000 -0.100000
vn 0.000000 0.000000 -0.100000
vn -0.063950 -0.076212 0.010104
vn -0.053787 -0.083695 0.010104
vn -0.000000 -0.099488 0.010104
vn -0.000000 -0.099488 0.010104
vn 0.053787 -0.083695 0.010104
vn -0.090498 -0.041329 0.010104
vn -0.097977 -0.017276 0.010104
vn -0.098476 0.014159 0.010104
vn -0.086159 0.049744 0.010104
vn -0.075188 0.065151 0.010104
vn -0.034027 0.093488 0.010104
vn -0.028029 0.095458 0.010104
vn 0.034027 0.093488 0.010104
vn 0.028029 0.095458 0.010104
vn 0.075188 0.065151 0.010104
vn 0.086159 0.049744 0.010104
vn 0.098476 0.014159 0.010104
vn 0.097977 -0.017276 0.010104
vn 0.090498 -0.041329 0.010104
vn 0.063950 -0.076212 0.010104
vn -0.054064 -0.084125 -0.000000
vn -0.000000 -0.100000 0.000000
vn -0.000000 -0.100000 0.000000
vn 0.054064 -0.084125 0.000000
vn 0.054064 -0.084125 0.000000
vn 0.090963 -0.041542 0.000000
vn 0.090963 -0.041542 0.000000
vn 0.098982 0.014231 0.000000
vn 0.098982 0.014231 0.000000
vn 0.075575 0.065486 0.000000
vn 0.075575 0.065486 0.000000
vn 0.028173 0.095949 0.000000
vn 0.028173 0.095949 0.000000
vn -0.028173 0.095949 -0.000000
vn -0.028173 0.095949 -0.000000
vn -0.075575 0.065486 -0.000000
vn -0.075575 0.065486 -0.000000
vn -0.098982 0.014231 -0.000000
vn -0.098982 0.014231 -0.000000
vn -0.090963 -0.041542 -0.000000
vn -0.090963 -0.041542 -0.000000
vn -0.054064 -0.084125 -0.000000
vn -0.000000 -0.000000 0.100000
vn -0.000000 -0.000000 0.100000
vn -0.000000 -0.000000 0.100000
vn -0.000000 -0.000000 0.100000
vn -0.000000 -0.000000 0.100000
vn -0.000000 -0.000000 0.100000
vn -0.000000 -0.000000 0.100000
vn -0.000000 -0.000000 0.100000
vn -0.000000 -0.000000 0.100000
vn -0.000000 -0.000000 0.100000
vn -0.000000 -0.000000 0.100000
vn -0.000000 -0.000000 0.100000
vn -0.000000 -0.000000 0.100000
vn -0.000000 -0.000000 0.100000
vn -0.000000 -0.000000 0.100000
vn -0.000000 -0.000000 0.100000
vn -0.000000 -0.000000 0.100000
vn -0.000000 -0.000000 0.100000
vn -0.000000 -0.000000 0.100000
vn -0.000000 -0.000000 0.100000
vn -0.000000 -0.000000 0.100000
vn -0.000000 -0.000000 0.100000
vn -0.000000 -0.000000 0.100000
vn -0.000000 -0.000000 0.100000
vn -0.046472 -0.088546 -0.000000
vn -0.000000 -0.100000 0.000000
vn -0.000000 -0.100000 0.000000
vn 0.046472 -0.088546 0.000000
vn 0.046472 -0.088546 0.000000
vn 0.082298 -0.056806 0.000000
vn 0.082298 -0.056806 0.000000
vn 0.099271 -0.012054 0.000000
vn 0.099271 -0.012054 0.000000
vn 0.093502 0.035460 0.000000
vn 0.093502 0.035460 0.000000
vn 0.066312 0.074851 0.000000
vn 0.066312 0.074851 0.000000
vn 0.023932 0.097094 0.000000
vn 0.023932 0.097094 0.000000
vn -0.023932 0.097094 -0.000000
vn -0.023932 0.097094 -0.000000
vn -0.066312 0.074851 -0.000000
vn -0.066312 0.074851 -0.000000
vn -0.093502 0.035460 -0.000000
vn -0.093502 0.035460 -0.000000
vn -0.099271 -0.012054 -0.000000
vn -0.099271 -0.012054 -0.000000
vn -0.082298 -0.056806 -0.000000
vn -0.082298 -0.056806 -0.000000
vn -0.046472 -0.088546 -0.000000
vn -0.000000 -0.000000 0.100000
vn -0.000000 -0.000000 0.100000
vn -0.000000 -0.000000 0.100000
vn -0.000000 -0.000000 0.100000
vn -0.000000 -0.000000 0.100000
vn -0.000000 -0.000000 0.100000
vn -0.000000 -0.000000 0.100000
vn -0.000000 -0.000000 0.100000
vn -0.000000 -0.000000 0.100000
vn -0.000000 -0.000000 0.100000
vn -0.000000 -0.000000 0.100000
vn -0.000000 -0.000000 0.100000
vn -0.000000 -0.000000 0.100000
vn -0.000000 -0.000000 0.100000
vn -0.000000 -0.000000 0.100000
vn -0.000000 -0.000000 0.100000
vn -0.000000 -0.000000 0.100000
vn -0.000000 -0.000000 0.100000
vn -0.000000 -0.000000 0.100000
vn -0.000000 -0.000000 0.100000
vn -0.000000 -0.000000 0.100000
vn -0.000000 -0.000000 0.100000
vn -0.000000 -0.000000 0.100000
vn -0.000000 -0.000000 0.100000
vn -0.000000 -0.000000 0.100000
vn -0.000000 -0.000000 0.100000
vn 0.046472 0.088546 0.000000
vn 0.000000 0.100000 -0.000000
vn 0.000000 0.100000 -0.000000
vn -0.046472 0.088546 -0.000000
vn -0.046472 0.088546 -0.000000
vn -0.082298 0.056806 -0.000000
vn -0.082298 0.056806 -0.000000
vn -0.099271 0.012054 -0.000000
vn -0.099271 0.012054 -0.000000
vn -0.093502 -0.035460 -0.000000
vn -0.093502 -0.035460 -0.000000
vn -0.066312 -0.074851 -0.000000
vn -0.066312 -0.074851 -0.000000
vn -0.023932 -0.097094 -0.000000
vn -0.023932 -0.097094 -0.000000
vn 0.023932 -0.097094 0.000000
vn 0.023932 -0.097094 0.000000
vn 0.066312 -0.074851 0.000000
vn 0.066312 -0.074851 0.000000
vn 0.093502 -0.035460 0.000000
vn 0.093502 -0.035460 0.000000
vn 0.099271 0.012054 0.000000
vn 0.099271 0.012054 0.000000
vn 0.082298 0.056806 0.000000
vn 0.082298 0.056806 0.000000
vn 0.046472 0.088546 0.000000
vn 0.000000 0.000000 -0.100000
vn 0.000000 0.000000 -0.100000
vn 0.000000 0.000000 -0.100000
vn 0.000000 0.000000 -0.100000
vn 0.000000 0.000000 -0.100000
vn 0.000000 0.000000 -0.100000
vn 0.000000 0.000000 -0.100000
vn 0.000000 0.000000 -0.100000
vn 0.000000 0.000000 -0.100000
vn 0.000000 0.000000 -0.100000
vn 0.000000 0.000000 -0.100000
vn 0.000000 0.000000 -0.100000
vn 0.000000 0.000000 -0.100000
vn 0.000000 0.000000 -0.100000
vn 0.000000 0.000000 -0.100000
vn 0.000000 0.000000 -0.100000
vn 0.000000 0.000000 -0.100000
vn 0.000000 0.000000 -0.100000
vn 0.000000 0.000000 -0.100000
vn 0.000000 0.000000 -0.100000
vn 0.000000 0.000000 -0.100000
vn 0.000000 0.000000 -0.100000
vn 0.000000 0.000000 -0.100000
vn 0.000000 0.000000 -0.100000
vn 0.000000 0.000000 -0.100000
vn 0.050000 0.086603 0.000000
vn 0.050000 0.086603 0.000000
vn 0.000000 0.100000 -0.000000
vn 0.000000 0.100000 -0.000000
vn -0.050000 0.086603 -0.000000
vn -0.050000 0.086603 -0.000000
vn -0.086603 0.050000 -0.000000
vn -0.086603 0.050000 -0.000000
vn -0.100000 -0.000000 -0.000000
vn -0.100000 -0.000000 -0.000000
vn -0.086603 -0.050000 -0.000000
vn -0.086603 -0.050000 -0.000000
vn -0.050000 -0.086603 -0.000000
vn -0.050000 -0.086603 -0.000000
vn -0.000000 -0.100000 0.000000
vn -0.000000 -0.100000 0.000000
vn 0.050000 -0.086603 0.000000
vn 0.050000 -0.086603 0.000000
vn 0.086603 -0.050000 0.000000
vn 0.086603 -0.050000 0.000000
vn 0.100000 0.000000 0.000000
vn 0.100000 0.000000 0.000000
vn 0.086603 0.050000 0.000000
vn 0.086603 0.050000 0.000000
vn -0.049744 0.086159 -0.010104
vn 0.000000 0.099488 -0.010104
vn 0.000000 0.099488 -0.010104
vn 0.049744 0.086159 -0.010104
vn 0.063950 0.076212 -0.010104
vn 0.086159 0.049744 -0.010104
vn 0.097977 0.017276 -0.010104
vn 0.099488 0.000000 -0.010104
vn 0.086159 -0.049744 -0.010104
vn 0.086159 -0.049744 -0.010104
vn 0.049744 -0.086159 -0.010104
vn 0.034027 -0.093488 -0.010104
vn 0.000000 -0.099488 -0.010104
vn -0.034027 -0.093488 -0.010104
vn -0.049744 -0.086159 -0.010104
vn -0.086159 -0.049744 -0.010104
vn -0.086159 -0.049744 -0.010104
vn -0.099488 -0.000000 -0.010104
vn -0.097977 0.017276 -0.010104
vn -0.086159 0.049744 -0.010104
vn -0.063950 0.076212 -0.010104
f 649/1461/1269 641/1462/1270 650/1463/1271
f 650/1463/1271 641/1462/1270 642/1464/1272
f 650/1463/1271 642/1464/1272 658/1465/1273
f 658/1465/1273 642/1464/1272 643/1466/1274
f 658/1465/1273 643/1466/1274 657/1467/1275
f 657/1467/1275 643/1466/1274 656/1468/1276
f 656/1468/1276 643/1466/1274 644/1469/1277
f 656/1468/1276 644/1469/1277 655/1470/1278
f 655/1470/1278 644/1469/1277 645/1471/1279
f 655/1470/1278 645/1471/1279 646/1472/1280
f 655/1470/1278 646/1472/1280 654/1473/1281
f 654/1473/1281 646/1472/1280 647/1474/1282
f 654/1473/1281 647/1474/1282 653/1475/1283
f 653/1475/1283 647/1474/1282 648/1476/1284
f 653/1475/1283 648/1476/1284 652/1477/1285
f 652/1477/1285 648/1476/1284 651/1478/1286
f 651/1478/1286 648/1476/1284 649/1461/1269
f 651/1478/1286 649/1461/1269 650/1463/1271
f 658/1479/1287 669/1480/1288 650/1481/1289
f 650/1481/1289 669/1480/1288 659/1482/1290
f 650/1481/1289 659/1482/1290 660/1483/1291
f 669/1480/1288 658/1479/1287 668/1484/1292
f 668/1484/1292 658/1479/1287 657/1485/1293
f 668/1484/1292 657/1485/1293 667/1486/1294
f 667/1486/1294 657/1485/1293 656/1487/1295
f 667/1486/1294 656/1487/1295 666/1488/1296
f 666/1488/1296 656/1487/1295 655/1489/1297
f 666/1488/1296 655/1489/1297 665/1490/1298
f 665/1490/1298 655/1489/1297 654/1491/1299
f 665/1490/1298 654/1491/1299 664/1492/1300
f 664/1493/1300 654/1494/1299 663/1495/1301
f 663/1495/1301 654/1494/1299 653/1496/1302
f 663/1495/1301 653/1496/1302 662/1497/1303
f 662/1497/1303 653/1496/1302 652/1498/1304
f 662/1497/1303 652/1498/1304 661/1499/1305
f 661/1499/1305 652/1498/1304 651/1500/1306
f 661/1499/1305 651/1500/1306 660/1483/1291
f 660/1483/1291 651/1500/1306 650/1481/1289
f 669/1501/1307 670/1502/1308 659/1503/1309
f 659/1503/1309 670/1502/1308 671/1504/1310
f 659/1503/1309 671/1504/1310 660/1505/1311
f 660/1505/1311 671/1504/1310 672/1506/1312
f 660/1505/1311 672/1506/1312 661/1507/1313
f 661/1507/1313 672/1506/1312 673/1508/1314
f 661/1507/1313 673/1508/1314 662/1509/1315
f 662/1509/1315 673/1508/1314 674/1510/1316
f 662/1509/1315 674/1510/1316 663/1511/1317
f 663/1511/1317 674/1510/1316 675/1512/1318
f 663/1511/1317 675/1512/1318 664/1513/1319
f 664/1514/1319 675/1515/1318 676/1516/1320
f 664/1514/1319 676/1516/1320 665/1517/1321
f 665/1517/1321 676/1516/1320 677/1518/1322
f 665/1517/1321 677/1518/1322 666/1519/1323
f 666/1519/1323 677/1518/1322 678/1520/1324
f 666/1519/1323 678/1520/1324 667/1521/1325
f 667/1521/1325 678/1520/1324 679/1522/1326
f 667/1521/1325 679/1522/1326 668/1523/1327
f 668/1523/1327 679/1522/1326 680/1524/1328
f 668/1523/1327 680/1524/1328 669/1501/1307
f 669/1501/1307 680/1524/1328 670/1502/1308
f 680/1525/1329 693/1526/1330 670/1527/1331
f 670/1527/1331 693/1526/1330 681/1528/1332
f 670/1527/1331 681/1528/1332 682/1529/1333
f 693/1526/1330 680/1525/1329 692/1530/1334
f 692/1530/1334 680/1525/1329 679/1531/1335
f 692/1530/1334 679/1531/1335 691/1532/1336
f 691/1532/1336 679/1531/1335 678/1533/1337
f 691/1532/1336 678/1533/1337 690/1534/1338
f 690/1534/1338 678/1533/1337 677/1535/1339
f 690/1534/1338 677/1535/1339 689/1536/1340
f 689/1536/1340 677/1535/1339 676/1537/1341
f 689/1536/1340 676/1537/1341 688/1538/1342
f 688/1538/1342 676/1537/1341 675/1539/1343
f 688/1538/1342 675/1539/1343 687/1540/1344
f 687/1540/1344 675/1539/1343 686/1541/1345
f 686/1541/1345 675/1539/1343 674/1542/1346
f 686/1541/1345 674/1542/1346 685/1543/1347
f 685/1543/1347 674/1542/1346 673/1544/1348
f 685/1543/1347 673/1544/1348 684/1545/1349
f 684/1545/1349 673/1544/1348 672/1546/1350
f 684/1545/1349 672/1546/1350 683/1547/1351
f 683/1547/1351 672/1546/1350 671/1548/1352
f 683/1547/1351 671/1548/1352 682/1529/1333
f 682/1529/1333 671/1548/1352 670/1527/1331
f 693/1549/1353 694/1550/1354 681/1551/1355
f 681/1551/1355 694/1550/1354 695/1552/1356
f 681/1551/1355 695/1552/1356 682/1553/1357
f 682/1553/1357 695/1552/1356 696/1554/1358
f 682/1553/1357 696/1554/1358 683/1555/1359
f 683/1555/1359 696/1554/1358 697/1556/1360
f 683/1555/1359 697/1556/1360 684/1557/1361
f 684/1557/1361 697/1556/1360 698/1558/1362
f 684/1557/1361 698/1558/1362 685/1559/1363
f 685/1559/1363 698/1558/1362 699/1560/1364
f 685/1559/1363 699/1560/1364 686/1561/1365
f 686/1561/1365 699/1560/1364 700/1562/1366
f 686/1561/1365 700/1562/1366 687/1563/1367
f 687/1564/1367 700/1565/1366 701/1566/1368
f 687/1564/1367 701/1566/1368 688/1567/1369
f 688/1567/1369 701/1566/1368 702/1568/1370
f 688/1567/1369 702/1568/1370 689/1569/1371
f 689/1569/1371 702/1568/1370 703/1570/1372
f 689/1569/1371 703/1570/1372 690/1571/1373
f 690/1571/1373 703/1570/1372 704/1572/1374
f 690/1571/1373 704/1572/1374 691/1573/1375
f 691/1573/1375 704/1572/1374 705/1574/1376
f 691/1573/1375 705/1574/1376 692/1575/1377
f 692/1575/1377 705/1574/1376 706/1576/1378
f 692/1575/1377 706/1576/1378 693/1549/1353
f 693/1549/1353 706/1576/1378 694/1550/1354
f 706/1577/1379 719/1578/1380 694/1579/1381
f 694/1579/1381 719/1578/1380 707/1580/1382
f 694/1579/1381 707/1580/1382 708/1581/1383
f 719/1578/1380 706/1577/1379 718/1582/1384
f 718/1582/1384 706/1577/1379 705/1583/1385
f 718/1582/1384 705/1583/1385 717/1584/1386
f 717/1584/1386 705/1583/1385 704/1585/1387
f 717/1584/1386 704/1585/1387 703/1586/1388
f 717/1584/1386 703/1586/1388 716/1587/1389
f 716/1587/1389 703/1586/1388 702/1588/1390
f 716/1587/1389 702/1588/1390 715/1589/1391
f 715/1589/1391 702/1588/1390 701/1590/1392
f 715/1589/1391 701/1590/1392 714/1591/1393
f 714/1591/1393 701/1590/1392 700/1592/1394
f 714/1591/1393 700/1592/1394 713/1593/1395
f 713/1593/1395 700/1592/1394 712/1594/1396
f 712/1594/1396 700/1592/1394 699/1595/1397
f 712/1594/1396 699/1595/1397 711/1596/1398
f 711/1596/1398 699/1595/1397 698/1597/1399
f 711/1596/1398 698/1597/1399 710/1598/1400
f 710/1598/1400 698/1597/1399 697/1599/1401
f 710/1598/1400 697/1599/1401 696/1600/1402
f 710/1598/1400 696/1600/1402 709/1601/1403
f 709/1601/1403 696/1600/1402 695/1602/1404
f 709/1601/1403 695/1602/1404 708/1581/1383
f 708/1581/1383 695/1602/1404 694/1579/1381
f 719/1603/1405 720/1604/1406 707/1605/1407
f 707/1605/1407 720/1604/1406 721/1606/1408
f 707/1605/1407 721/1606/1408 708/1607/1409
f 708/1607/1409 721/1606/1408 722/1608/1410
f 708/1607/1409 722/1608/1410 709/1609/1411
f 709/1609/1411 722/1608/1410 723/1610/1412
f 709/1609/1411 723/1610/1412 710/1611/1413
f 710/1611/1413 723/1610/1412 724/1612/1414
f 710/1611/1413 724/1612/1414 711/1613/1415
f 711/1613/1415 724/1612/1414 725/1614/1416
f 711/1613/1415 725/1614/1416 712/1615/1417
f 712/1615/1417 725/1614/1416 726/1616/1418
f 712/1615/1417 726/1616/1418 713/1617/1419
f 713/1618/1419 726/1619/1418 727/1620/1420
f 713/1618/1419 727/1620/1420 714/1621/1421
f 714/1621/1421 727/1620/1420 728/1622/1422
f 714/1621/1421 728/1622/1422 715/1623/1423
f 715/1623/1423 728/1622/1422 729/1624/1424
f 715/1623/1423 729/1624/1424 716/1625/1425
f 716/1625/1425 729/1624/1424 730/1626/1426
f 716/1625/1425 730/1626/1426 717/1627/1427
f 717/1627/1427 730/1626/1426 731/1628/1428
f 717/1627/1427 731/1628/1428 718/1629/1429
f 718/1629/1429 731/1628/1428 732/1630/1430
f 718/1629/1429 732/1630/1430 719/1603/1405
f 719/1603/1405 732/1630/1430 720/1604/1406
f 721/1631/1431 720/1632/1432 733/1633/1433
f 733/1633/1433 720/1632/1432 732/1634/1434
f 733/1633/1433 732/1634/1434 744/1635/1435
f 744/1635/1435 732/1634/1434 731/1636/1436
f 744/1635/1435 731/1636/1436 743/1637/1437
f 743/1637/1437 731/1636/1436 730/1638/1438
f 743/1637/1437 730/1638/1438 742/1639/1439
f 742/1639/1439 730/1638/1438 729/1640/1440
f 742/1639/1439 729/1640/1440 741/1641/1441
f 741/1641/1441 729/1640/1440 728/1642/1442
f 741/1641/1441 728/1642/1442 740/1643/1443
f 740/1643/1443 728/1642/1442 727/1644/1444
f 740/1643/1443 727/1644/1444 739/1645/1445
f 739/1645/1445 727/1644/1444 726/1646/1446
f 739/1645/1445 726/1646/1446 738/1647/1447
f 738/1647/1447 726/1646/1446 725/1648/1448
f 738/1647/1447 725/1648/1448 737/1649/1449
f 737/1649/1449 725/1648/1448 724/1650/1450
f 737/1649/1449 724/1650/1450 736/1651/1451
f 736/1651/1451 724/1650/1450 723/1652/1452
f 736/1651/1451 723/1652/1452 735/1653/1453
f 735/1653/1453 723/1652/1452 722/1654/1454
f 735/1653/1453 722/1654/1454 734/1655/1455
f 734/1655/1455 722/1654/1454 721/1631/1431
f 734/1655/1455 721/1631/1431 733/1633/1433
f 744/1656/1456 756/1657/1457 733/1658/1458
f 733/1658/1458 756/1657/1457 745/1659/1459
f 733/1658/1458 745/1659/1459 734/1660/1460
f 734/1660/1460 745/1659/1459 746/1661/1461
f 734/1660/1460 746/1661/1461 735/1662/1462
f 735/1662/1462 746/1661/1461 747/1663/1463
f 735/1662/1462 747/1663/1463 736/1664/1464
f 736/1664/1464 747/1663/1463 748/1665/1465
f 736/1664/1464 748/1665/1465 737/1666/1466
f 737/1666/1466 748/1665/1465 749/1667/1467
f 737/1666/1466 749/1667/1467 738/1668/1468
f 738/1668/1468 749/1667/1467 750/1669/1469
f 738/1668/1468 750/1669/1469 739/1670/1470
f 739/1670/1470 750/1669/1469 751/1671/1471
f 739/1672/1470 751/1673/1471 740/1674/1472
f 740/1674/1472 751/1673/1471 752/1675/1473
f 740/1674/1472 752/1675/1473 741/1676/1474
f 741/1676/1474 752/1675/1473 753/1677/1475
f 741/1676/1474 753/1677/1475 742/1678/1476
f 742/1678/1476 753/1677/1475 754/1679/1477
f 742/1678/1476 754/1679/1477 743/1680/1478
f 743/1680/1478 754/1679/1477 755/1681/1479
f 743/1680/1478 755/1681/1479 744/1656/1456
f 744/1656/1456 755/1681/1479 756/1657/1457
f 746/1682/1480 745/1683/1481 641/1684/1482
f 641/1684/1482 745/1683/1481 756/1685/1483
f 641/1684/1482 756/1685/1483 642/1686/1484
f 642/1686/1484 756/1685/1483 755/1687/1485
f 642/1686/1484 755/1687/1485 643/1688/1486
f 643/1688/1486 755/1687/1485 754/1689/1487
f 643/1688/1486 754/1689/1487 644/1690/1488
f 644/1690/1488 754/1689/1487 753/1691/1489
f 644/1690/1488 753/1691/1489 752/1692/1490
f 644/1690/1488 752/1692/1490 645/1693/1491
f 645/1693/1491 752/1692/1490 751/1694/1492
f 645/1693/1491 751/1694/1492 646/1695/1493
f 646/1696/1493 751/1697/1492 750/1698/1494
f 646/1696/1493 750/1698/1494 647/1699/1495
f 647/1699/1495 750/1698/1494 749/1700/1496
f 647/1699/1495 749/1700/1496 748/1701/1497
f 647/1699/1495 748/1701/1497 648/1702/1498
f 648/1702/1498 748/1701/1497 747/1703/1499
f 648/1702/1498 747/1703/1499 649/1704/1500
f 649/1704/1500 747/1703/1499 746/1682/1480
f 649/1704/1500 746/1682/1480 641/1684/1482
g Body1:3

v -7.312500 13.165622 3.000000
v -6.991106 13.048644 3.000000
v -6.820096 12.752446 3.000000
v -6.879487 12.415622 3.000000
v -7.141490 12.195775 3.000000
v -7.483510 12.195775 3.000000
v -7.745513 12.415622 3.000000
v -7.804904 12.752446 3.000000
v -7.633894 13.048644 3.000000
v -7.312500 12.964593 3.000000
v -7.504675 12.894647 3.000000
v -7.606929 12.717537 3.000000
v -7.571417 12.516136 3.000000
v -7.414754 12.384681 3.000000
v -7.210246 12.384681 3.000000
v -7.053583 12.516136 3.000000
v -7.018071 12.717537 3.000000
v -7.120325 12.894647 3.000000
v -7.312500 16.215622 35.010130
v -9.231775 15.652072 35.010130
v -10.541694 14.140345 35.010130
v -10.826366 12.160404 35.010130
v -9.995411 10.340866 35.010130
v -8.312651 9.259421 35.010130
v -6.312349 9.259421 35.010130
v -4.629589 10.340866 35.010130
v -3.798634 12.160404 35.010130
v -4.083306 14.140345 35.010130
v -5.393225 15.652072 35.010130
v -7.312500 16.215622 60.200000
v -9.231775 15.652072 60.200000
v -10.541694 14.140345 60.200000
v -10.826366 12.160404 60.200000
v -9.995411 10.340866 60.200000
v -8.312651 9.259421 60.200000
v -6.312349 9.259421 60.200000
v -4.629589 10.340866 60.200000
v -3.798634 12.160404 60.200000
v -4.083306 14.140345 60.200000
v -5.393225 15.652072 60.200000
v -7.312500 17.365622 60.200000
v -9.496699 16.827265 60.200000
v -11.180524 15.335526 60.200000
v -11.978232 13.232144 60.200000
v -11.707076 10.998979 60.200000
v -10.429176 9.147621 60.200000
v -8.437284 8.102195 60.200000
v -6.187716 8.102195 60.200000
v -4.195824 9.147621 60.200000
v -2.917924 10.998979 60.200000
v -2.646768 13.232144 60.200000
v -3.444476 15.335526 60.200000
v -5.128301 16.827265 60.200000
v -7.312500 17.365622 80.000000
v -9.496699 16.827265 80.000000
v -11.180524 15.335526 80.000000
v -11.978232 13.232144 80.000000
v -11.707076 10.998979 80.000000
v -10.429176 9.147621 80.000000
v -8.437284 8.102195 80.000000
v -6.187716 8.102195 80.000000
v -4.195824 9.147621 80.000000
v -2.917924 10.998979 80.000000
v -2.646768 13.232144 80.000000
v -3.444476 15.335526 80.000000
v -5.128301 16.827265 80.000000
v -7.312500 17.565622 80.000000
v -9.589644 17.004356 80.000000
v -11.345121 15.449139 80.000000
v -12.176773 13.256251 80.000000
v -11.894080 10.928058 80.000000
v -10.561801 8.997919 80.000000
v -8.485147 7.908007 80.000000
v -6.139853 7.908007 80.000000
v -4.063199 8.997919 80.000000
v -2.730920 10.928058 80.000000
v -2.448227 13.256251 80.000000
v -3.279879 15.449139 80.000000
v -5.035356 17.004356 80.000000
v -7.312500 17.565622 60.000000
v -9.589644 17.004356 60.000000
v -11.345121 15.449139 60.000000
v -12.176773 13.256251 60.000000
v -11.894080 10.928058 60.000000
v -10.561801 8.997919 60.000000
v -8.485147 7.908007 60.000000
v -6.139853 7.908007 60.000000
v -4.063199 8.997919 60.000000
v -2.730920 10.928058 60.000000
v -2.448227 13.256251 60.000000
v -3.279879 15.449139 60.000000
v -5.035356 17.004356 60.000000
v -7.312500 16.415622 60.000000
v -9.187500 15.913217 60.000000
v -10.560095 14.540622 60.000000
v -11.062500 12.665622 60.000000
v -10.560095 10.790622 60.000000
v -9.187500 9.418026 60.000000
v -7.312500 8.915622 60.000000
v -5.437500 9.418026 60.000000
v -4.064905 10.790622 60.000000
v -3.562500 12.665622 60.000000
v -4.064905 14.540622 60.000000
v -5.437500 15.913217 60.000000
v -7.312500 16.415622 35.000000
v -9.187500 15.913217 35.000000
v -10.560095 14.540622 35.000000
v -11.062500 12.665622 35.000000
v -10.560095 10.790622 35.000000
v -9.187500 9.418026 35.000000
v -7.312500 8.915622 35.000000
v -5.437500 9.418026 35.000000
v -4.064905 10.790622 35.000000
v -3.562500 12.665622 35.000000
v -4.064905 14.540622 35.000000
v -5.437500 15.913217 35.000000
vt 0.032139 0.008405 0.000000
vt 0.000000 0.020103 0.000000
vt 0.000000 0.000000 0.000000
vt -0.032139 0.008405 0.000000
vt -0.019217 -0.006995 0.000000
vt -0.049240 -0.021215 0.000000
vt -0.029443 -0.024706 0.000000
vt -0.025892 -0.044846 0.000000
vt -0.043301 -0.054897 0.000000
vt -0.010225 -0.057991 0.000000
vt -0.017101 -0.076882 0.000000
vt 0.017101 -0.076882 0.000000
vt 0.010225 -0.057991 0.000000
vt 0.043301 -0.054897 0.000000
vt 0.025892 -0.044846 0.000000
vt 0.049240 -0.021215 0.000000
vt 0.029443 -0.024706 0.000000
vt 0.019217 -0.006995 0.000000
vt 1.608740 0.134354 0.000000
vt -1.608740 0.109926 0.000000
vt 1.608740 0.000000 0.000000
vt -1.608740 0.000000 0.000000
vt -1.608740 -0.109926 0.000000
vt -1.608740 0.219853 0.000000
vt 1.608740 0.268709 0.000000
vt -1.608740 0.329779 0.000000
vt 1.608740 0.403063 0.000000
vt -1.608740 0.439705 0.000000
vt 1.608740 0.537418 0.000000
vt -1.608740 0.549632 0.000000
vt 1.608740 0.671772 0.000000
vt -1.608740 0.659558 0.000000
vt -1.608740 -0.549632 0.000000
vt 1.608740 -0.537418 0.000000
vt -1.608740 -0.439705 0.000000
vt 1.608740 -0.403063 0.000000
vt -1.608740 -0.329779 0.000000
vt 1.608740 -0.268709 0.000000
vt -1.608740 -0.219853 0.000000
vt 1.608740 -0.134354 0.000000
vt 1.259493 0.202776 0.000000
vt -1.259493 0.000000 0.000000
vt 1.259493 0.000000 0.000000
vt -1.259493 -0.202776 0.000000
vt 1.259493 -0.202776 0.000000
vt -1.259493 -0.405551 0.000000
vt 1.259493 -0.405551 0.000000
vt -1.259493 -0.608327 0.000000
vt 1.259493 -0.608327 0.000000
vt -1.259493 -0.811102 0.000000
vt 1.259493 -0.811102 0.000000
vt -1.259493 -1.013878 0.000000
vt 1.259493 -1.013878 0.000000
vt 1.259493 1.216653 0.000000
vt -1.259493 1.216653 0.000000
vt -1.259493 1.013878 0.000000
vt 1.259493 1.013878 0.000000
vt -1.259493 0.811102 0.000000
vt 1.259493 0.811102 0.000000
vt -1.259493 0.608327 0.000000
vt 1.259493 0.608327 0.000000
vt -1.259493 0.405551 0.000000
vt 1.259493 0.405551 0.000000
vt -1.259493 0.202776 0.000000
vt 0.191927 -0.171355 0.000000
vt 0.218420 -0.053836 0.000000
vt 0.000000 -0.115000 0.000000
vt 0.000000 0.000000 0.000000
vt -0.218420 -0.053836 0.000000
vt 0.386802 -0.203010 0.000000
vt 0.322919 -0.322528 0.000000
vt 0.466573 -0.413348 0.000000
vt 0.351387 -0.520522 0.000000
vt 0.439458 -0.636664 0.000000
vt 0.268291 -0.702476 0.000000
vt 0.311668 -0.821800 0.000000
vt 0.100015 -0.810620 0.000000
vt 0.112478 -0.926343 0.000000
vt -0.100015 -0.810620 0.000000
vt -0.112478 -0.926343 0.000000
vt -0.311668 -0.821800 0.000000
vt -0.268291 -0.702476 0.000000
vt -0.439458 -0.636664 0.000000
vt -0.351387 -0.520522 0.000000
vt -0.466573 -0.413348 0.000000
vt -0.322919 -0.322528 0.000000
vt -0.386802 -0.203010 0.000000
vt -0.191927 -0.171355 0.000000
vt 0.990000 0.227161 0.000000
vt -0.990000 0.000000 0.000000
vt 0.990000 0.000000 0.000000
vt -0.990000 -0.227161 0.000000
vt 0.990000 -0.227161 0.000000
vt -0.990000 -0.454323 0.000000
vt 0.990000 -0.454323 0.000000
vt -0.990000 -0.681484 0.000000
vt 0.990000 -0.681484 0.000000
vt -0.990000 -0.908645 0.000000
vt 0.990000 -0.908645 0.000000
vt -0.990000 -1.135807 0.000000
vt 0.990000 -1.135807 0.000000
vt -0.990000 -1.362968 0.000000
vt 0.990000 -1.362968 0.000000
vt 0.990000 1.590129 0.000000
vt -0.990000 1.590129 0.000000
vt -0.990000 1.362968 0.000000
vt 0.990000 1.362968 0.000000
vt -0.990000 1.135807 0.000000
vt 0.990000 1.135807 0.000000
vt -0.990000 0.908645 0.000000
vt 0.990000 0.908645 0.000000
vt -0.990000 0.681484 0.000000
vt 0.990000 0.681484 0.000000
vt -0.990000 0.454323 0.000000
vt 0.990000 0.454323 0.000000
vt -0.990000 0.227161 0.000000
vt 0.218420 -0.073836 0.000000
vt 0.227714 -0.056127 0.000000
vt 0.000000 -0.020000 0.000000
vt 0.000000 0.000000 0.000000
vt -0.227714 -0.056127 0.000000
vt 0.403262 -0.211648 0.000000
vt 0.386802 -0.223010 0.000000
vt 0.486427 -0.430937 0.000000
vt 0.466573 -0.433348 0.000000
vt 0.439458 -0.656664 0.000000
vt 0.458158 -0.663756 0.000000
vt 0.311668 -0.841800 0.000000
vt 0.324930 -0.856770 0.000000
vt 0.112478 -0.946343 0.000000
vt 0.117265 -0.965761 0.000000
vt -0.112478 -0.946343 0.000000
vt -0.117265 -0.965761 0.000000
vt -0.324930 -0.856770 0.000000
vt -0.311668 -0.841800 0.000000
vt -0.458158 -0.663756 0.000000
vt -0.439458 -0.656664 0.000000
vt -0.486427 -0.430937 0.000000
vt -0.466573 -0.433348 0.000000
vt -0.386802 -0.223010 0.000000
vt -0.403262 -0.211648 0.000000
vt -0.218420 -0.073836 0.000000
vt 1.000000 0.236828 0.000000
vt -1.000000 0.000000 0.000000
vt 1.000000 0.000000 0.000000
vt -1.000000 -0.236828 0.000000
vt 1.000000 -0.236828 0.000000
vt -1.000000 -0.473656 0.000000
vt 1.000000 -0.473656 0.000000
vt -1.000000 -0.710483 0.000000
vt 1.000000 -0.710483 0.000000
vt -1.000000 -0.947311 0.000000
vt 1.000000 -0.947311 0.000000
vt -1.000000 -1.184139 0.000000
vt 1.000000 -1.184139 0.000000
vt -1.000000 -1.420967 0.000000
vt 1.000000 -1.420967 0.000000
vt 1.000000 1.657794 0.000000
vt -1.000000 1.657794 0.000000
vt -1.000000 1.420967 0.000000
vt 1.000000 1.420967 0.000000
vt -1.000000 1.184139 0.000000
vt 1.000000 1.184139 0.000000
vt -1.000000 0.947311 0.000000
vt 1.000000 0.947311 0.000000
vt -1.000000 0.710483 0.000000
vt 1.000000 0.710483 0.000000
vt -1.000000 0.473656 0.000000
vt 1.000000 0.473656 0.000000
vt -1.000000 0.236828 0.000000
vt 0.227714 0.058873 0.000000
vt 0.000000 0.115000 0.000000
vt 0.000000 0.000000 0.000000
vt -0.227714 0.058873 0.000000
vt -0.187500 -0.050240 0.000000
vt -0.403262 -0.096648 0.000000
vt -0.324760 -0.187500 0.000000
vt -0.486427 -0.315937 0.000000
vt -0.375000 -0.375000 0.000000
vt -0.458158 -0.548756 0.000000
vt -0.324760 -0.562500 0.000000
vt -0.324930 -0.741770 0.000000
vt -0.187500 -0.699760 0.000000
vt -0.117265 -0.850761 0.000000
vt -0.000000 -0.750000 0.000000
vt 0.117265 -0.850761 0.000000
vt 0.187500 -0.699760 0.000000
vt 0.324930 -0.741770 0.000000
vt 0.324760 -0.562500 0.000000
vt 0.458158 -0.548756 0.000000
vt 0.375000 -0.375000 0.000000
vt 0.486427 -0.315937 0.000000
vt 0.324760 -0.187500 0.000000
vt 0.403262 -0.096648 0.000000
vt 0.187500 -0.050240 0.000000
vt 1.250000 0.196350 0.000000
vt -1.250000 0.196350 0.000000
vt 1.250000 0.000000 0.000000
vt -1.250000 0.000000 0.000000
vt 1.250000 -0.196350 0.000000
vt -1.250000 -0.196350 0.000000
vt 1.250000 -0.392699 0.000000
vt -1.250000 -0.392699 0.000000
vt 1.250000 -0.589049 0.000000
vt -1.250000 -0.589049 0.000000
vt 1.250000 -0.785398 0.000000
vt -1.250000 -0.785398 0.000000
vt 1.250000 -0.981748 0.000000
vt -1.250000 -0.981748 0.000000
vt 1.250000 -1.178097 0.000000
vt -1.250000 -1.178097 0.000000
vt 1.250000 1.178097 0.000000
vt -1.250000 1.178097 0.000000
vt 1.250000 0.981748 0.000000
vt -1.250000 0.981748 0.000000
vt 1.250000 0.785398 0.000000
vt -1.250000 0.785398 0.000000
vt 1.250000 0.589049 0.000000
vt -1.250000 0.589049 0.000000
vt 1.250000 0.392699 0.000000
vt -1.250000 0.392699 0.000000
vt 1.608231 -0.111265 0.000000
vt 1.608231 0.000000 0.000000
vt -1.608231 0.000000 0.000000
vt 1.608231 0.111265 0.000000
vt -1.608231 0.148353 0.000000
vt 1.608231 0.222529 0.000000
vt -1.608231 0.296706 0.000000
vt 1.608231 0.333794 0.000000
vt -1.608231 0.445059 0.000000
vt 1.608231 0.445059 0.000000
vt 1.608231 0.556324 0.000000
vt -1.608231 0.593412 0.000000
vt 1.608231 0.667588 0.000000
vt -1.608231 0.741765 0.000000
vt -1.608231 -0.593412 0.000000
vt 1.608231 -0.667588 0.000000
vt 1.608231 -0.556324 0.000000
vt -1.608231 -0.445059 0.000000
vt 1.608231 -0.445059 0.000000
vt 1.608231 -0.333794 0.000000
vt -1.608231 -0.296706 0.000000
vt 1.608231 -0.222529 0.000000
vt -1.608231 -0.148353 0.000000
vn 0.000000 0.000000 -0.100000
vn 0.000000 0.000000 -0.100000
vn 0.000000 0.000000 -0.100000
vn 0.000000 0.000000 -0.100000
vn 0.000000 0.000000 -0.100000
vn 0.000000 0.000000 -0.100000
vn 0.000000 0.000000 -0.100000
vn 0.000000 0.000000 -0.100000
vn 0.000000 0.000000 -0.100000
vn 0.000000 0.000000 -0.100000
vn 0.000000 0.000000 -0.100000
vn 0.000000 0.000000 -0.100000
vn 0.000000 0.000000 -0.100000
vn 0.000000 0.000000 -0.100000
vn 0.000000 0.000000 -0.100000
vn 0.000000 0.000000 -0.100000
vn 0.000000 0.000000 -0.100000
vn 0.000000 0.000000 -0.100000
vn -0.063950 -0.076212 0.010104
vn -0.053787 -0.083695 0.010104
vn -0.000000 -0.099488 0.010104
vn -0.000000 -0.099488 0.010104
vn 0.053787 -0.083695 0.010104
vn -0.090498 -0.041329 0.010104
vn -0.097977 -0.017276 0.010104
vn -0.098476 0.014159 0.010104
vn -0.086159 0.049744 0.010104
vn -0.075188 0.065151 0.010104
vn -0.034027 0.093488 0.010104
vn -0.028029 0.095458 0.010104
vn 0.034027 0.093488 0.010104
vn 0.028029 0.095458 0.010104
vn 0.075188 0.065151 0.010104
vn 0.086159 0.049744 0.010104
vn 0.098476 0.014159 0.010104
vn 0.097977 -0.017276 0.010104
vn 0.090498 -0.041329 0.010104
vn 0.063950 -0.076212 0.010104
vn -0.054064 -0.084125 -0.000000
vn -0.000000 -0.100000 0.000000
vn -0.000000 -0.100000 0.000000
vn 0.054064 -0.084125 0.000000
vn 0.054064 -0.084125 0.000000
vn 0.090963 -0.041542 0.000000
vn 0.090963 -0.041542 0.000000
vn 0.098982 0.014231 0.000000
vn 0.098982 0.014231 0.000000
vn 0.075575 0.065486 0.000000
vn 0.075575 0.065486 0.000000
vn 0.028173 0.095949 0.000000
vn 0.028173 0.095949 0.000000
vn -0.028173 0.095949 -0.000000
vn -0.028173 0.095949 -0.000000
vn -0.075575 0.065486 -0.000000
vn -0.075575 0.065486 -0.000000
vn -0.098982 0.014231 -0.000000
vn -0.098982 0.014231 -0.000000
vn -0.090963 -0.041542 -0.000000
vn -0.090963 -0.041542 -0.000000
vn -0.054064 -0.084125 -0.000000
vn -0.000000 -0.000000 0.100000
vn -0.000000 -0.000000 0.100000
vn -0.000000 -0.000000 0.100000
vn -0.000000 -0.000000 0.100000
vn -0.000000 -0.000000 0.100000
vn -0.000000 -0.000000 0.100000
vn -0.000000 -0.000000 0.100000
vn -0.000000 -0.000000 0.100000
vn -0.000000 -0.000000 0.100000
vn -0.000000 -0.000000 0.100000
vn -0.000000 -0.000000 0.100000
vn -0.000000 -0.000000 0.100000
vn -0.000000 -0.000000 0.100000
vn -0.000000 -0.000000 0.100000
vn -0.000000 -0.000000 0.100000
vn -0.000000 -0.000000 0.100000
vn -0.000000 -0.000000 0.100000
vn -0.000000 -0.000000 0.100000
vn -0.000000 -0.000000 0.100000
vn -0.000000 -0.000000 0.100000
vn -0.000000 -0.000000 0.100000
vn -0.000000 -0.000000 0.100000
vn -0.000000 -0.000000 0.100000
vn -0.000000 -0.000000 0.100000
vn -0.046472 -0.088546 -0.000000
vn -0.000000 -0.100000 0.000000
vn -0.000000 -0.100000 0.000000
vn 0.046472 -0.088546 0.000000
vn 0.046472 -0.088546 0.000000
vn 0.082298 -0.056806 0.000000
vn 0.082298 -0.056806 0.000000
vn 0.099271 -0.012054 0.000000
vn 0.099271 -0.012054 0.000000
vn 0.093502 0.035460 0.000000
vn 0.093502 0.035460 0.000000
vn 0.066312 0.074851 0.000000
vn 0.066312 0.074851 0.000000
vn 0.023932 0.097094 0.000000
vn 0.023932 0.097094 0.000000
vn -0.023932 0.097094 -0.000000
vn -0.023932 0.097094 -0.000000
vn -0.066312 0.074851 -0.000000
vn -0.066312 0.074851 -0.000000
vn -0.093502 0.035460 -0.000000
vn -0.093502 0.035460 -0.000000
vn -0.099271 -0.012054 -0.000000
vn -0.099271 -0.012054 -0.000000
vn -0.082298 -0.056806 -0.000000
vn -0.082298 -0.056806 -0.000000
vn -0.046472 -0.088546 -0.000000
vn -0.000000 -0.000000 0.100000
vn -0.000000 -0.000000 0.100000
vn -0.000000 -0.000000 0.100000
vn -0.000000 -0.000000 0.100000
vn -0.000000 -0.000000 0.100000
vn -0.000000 -0.000000 0.100000
vn -0.000000 -0.000000 0.100000
vn -0.000000 -0.000000 0.100000
vn -0.000000 -0.000000 0.100000
vn -0.000000 -0.000000 0.100000
vn -0.000000 -0.000000 0.100000
vn -0.000000 -0.000000 0.100000
vn -0.000000 -0.000000 0.100000
vn -0.000000 -0.000000 0.100000
vn -0.000000 -0.000000 0.100000
vn -0.000000 -0.000000 0.100000
vn -0.000000 -0.000000 0.100000
vn -0.000000 -0.000000 0.100000
vn -0.000000 -0.000000 0.100000
vn -0.000000 -0.000000 0.100000
vn -0.000000 -0.000000 0.100000
vn -0.000000 -0.000000 0.100000
vn -0.000000 -0.000000 0.100000
vn -0.000000 -0.000000 0.100000
vn -0.000000 -0.000000 0.100000
vn -0.000000 -0.000000 0.100000
vn 0.046472 0.088546 0.000000
vn 0.000000 0.100000 -0.000000
vn 0.000000 0.100000 -0.000000
vn -0.046472 0.088546 -0.000000
vn -0.046472 0.088546 -0.000000
vn -0.082298 0.056806 -0.000000
vn -0.082298 0.056806 -0.000000
vn -0.099271 0.012054 -0.000000
vn -0.099271 0.012054 -0.000000
vn -0.093502 -0.035460 -0.000000
vn -0.093502 -0.035460 -0.000000
vn -0.066312 -0.074851 -0.000000
vn -0.066312 -0.074851 -0.000000
vn -0.023932 -0.097094 -0.000000
vn -0.023932 -0.097094 -0.000000
vn 0.023932 -0.097094 0.000000
vn 0.023932 -0.097094 0.000000
vn 0.066312 -0.074851 0.000000
vn 0.066312 -0.074851 0.000000
vn 0.093502 -0.035460 0.000000
vn 0.093502 -0.035460 0.000000
vn 0.099271 0.012054 0.000000
vn 0.099271 0.012054 0.000000
vn 0.082298 0.056806 0.000000
vn 0.082298 0.056806 0.000000
vn 0.046472 0.088546 0.000000
vn 0.000000 0.000000 -0.100000
vn 0.000000 0.000000 -0.100000
vn 0.000000 0.000000 -0.100000
vn 0.000000 0.000000 -0.100000
vn 0.000000 0.000000 -0.100000
vn 0.000000 0.000000 -0.100000
vn 0.000000 0.000000 -0.100000
vn 0.000000 0.000000 -0.100000
vn 0.000000 0.000000 -0.100000
vn 0.000000 0.000000 -0.100000
vn 0.000000 0.000000 -0.100000
vn 0.000000 0.000000 -0.100000
vn 0.000000 0.000000 -0.100000
vn 0.000000 0.000000 -0.100000
vn 0.000000 0.000000 -0.100000
vn 0.000000 0.000000 -0.100000
vn 0.000000 0.000000 -0.100000
vn 0.000000 0.000000 -0.100000
vn 0.000000 0.000000 -0.100000
vn 0.000000 0.000000 -0.100000
vn 0.000000 0.000000 -0.100000
vn 0.000000 0.000000 -0.100000
vn 0.000000 0.000000 -0.100000
vn 0.000000 0.000000 -0.100000
vn 0.000000 0.000000 -0.100000
vn 0.050000 0.086603 0.000000
vn 0.050000 0.086603 0.000000
vn 0.000000 0.100000 -0.000000
vn 0.000000 0.100000 -0.000000
vn -0.050000 0.086603 -0.000000
vn -0.050000 0.086603 -0.000000
vn -0.086603 0.050000 -0.000000
vn -0.086603 0.050000 -0.000000
vn -0.100000 -0.000000 -0.000000
vn -0.100000 -0.000000 -0.000000
vn -0.086603 -0.050000 -0.000000
vn -0.086603 -0.050000 -0.000000
vn -0.050000 -0.086603 -0.000000
vn -0.050000 -0.086603 -0.000000
vn -0.000000 -0.100000 0.000000
vn -0.000000 -0.100000 0.000000
vn 0.050000 -0.086603 0.000000
vn 0.050000 -0.086603 0.000000
vn 0.086603 -0.050000 0.000000
vn 0.086603 -0.050000 0.000000
vn 0.100000 0.000000 0.000000
vn 0.100000 0.000000 0.000000
vn 0.086603 0.050000 0.000000
vn 0.086603 0.050000 0.000000
vn -0.049744 0.086159 -0.010104
vn 0.000000 0.099488 -0.010104
vn 0.000000 0.099488 -0.010104
vn 0.049744 0.086159 -0.010104
vn 0.063950 0.076212 -0.010104
vn 0.086159 0.049744 -0.010104
vn 0.097977 0.017276 -0.010104
vn 0.099488 0.000000 -0.010104
vn 0.086159 -0.049744 -0.010104
vn 0.086159 -0.049744 -0.010104
vn 0.049744 -0.086159 -0.010104
vn 0.034027 -0.093488 -0.010104
vn 0.000000 -0.099488 -0.010104
vn -0.034027 -0.093488 -0.010104
vn -0.049744 -0.086159 -0.010104
vn -0.086159 -0.049744 -0.010104
vn -0.086159 -0.049744 -0.010104
vn -0.099488 -0.000000 -0.010104
vn -0.097977 0.017276 -0.010104
vn -0.086159 0.049744 -0.010104
vn -0.063950 0.076212 -0.010104
f 765/1705/1501 757/1706/1502 766/1707/1503
f 766/1707/1503 757/1706/1502 758/1708/1504
f 766/1707/1503 758/1708/1504 774/1709/1505
f 774/1709/1505 758/1708/1504 759/1710/1506
f 774/1709/1505 759/1710/1506 773/1711/1507
f 773/1711/1507 759/1710/1506 772/1712/1508
f 772/1712/1508 759/1710/1506 760/1713/1509
f 772/1712/1508 760/1713/1509 771/1714/1510
f 771/1714/1510 760/1713/1509 761/1715/1511
f 771/1714/1510 761/1715/1511 762/1716/1512
f 771/1714/1510 762/1716/1512 770/1717/1513
f 770/1717/1513 762/1716/1512 763/1718/1514
f 770/1717/1513 763/1718/1514 769/1719/1515
f 769/1719/1515 763/1718/1514 764/1720/1516
f 769/1719/1515 764/1720/1516 768/1721/1517
f 768/1721/1517 764/1720/1516 767/1722/1518
f 767/1722/1518 764/1720/1516 765/1705/1501
f 767/1722/1518 765/1705/1501 766/1707/1503
f 774/1723/1519 785/1724/1520 766/1725/1521
f 766/1725/1521 785/1724/1520 775/1726/1522
f 766/1725/1521 775/1726/1522 776/1727/1523
f 785/1724/1520 774/1723/1519 784/1728/1524
f 784/1728/1524 774/1723/1519 773/1729/1525
f 784/1728/1524 773/1729/1525 783/1730/1526
f 783/1730/1526 773/1729/1525 772/1731/1527
f 783/1730/1526 772/1731/1527 782/1732/1528
f 782/1732/1528 772/1731/1527 771/1733/1529
f 782/1732/1528 771/1733/1529 781/1734/1530
f 781/1734/1530 771/1733/1529 770/1735/1531
f 781/1734/1530 770/1735/1531 780/1736/1532
f 780/1737/1532 770/1738/1531 779/1739/1533
f 779/1739/1533 770/1738/1531 769/1740/1534
f 779/1739/1533 769/1740/1534 778/1741/1535
f 778/1741/1535 769/1740/1534 768/1742/1536
f 778/1741/1535 768/1742/1536 777/1743/1537
f 777/1743/1537 768/1742/1536 767/1744/1538
f 777/1743/1537 767/1744/1538 776/1727/1523
f 776/1727/1523 767/1744/1538 766/1725/1521
f 785/1745/1539 786/1746/1540 775/1747/1541
f 775/1747/1541 786/1746/1540 787/1748/1542
f 775/1747/1541 787/1748/1542 776/1749/1543
f 776/1749/1543 787/1748/1542 788/1750/1544
f 776/1749/1543 788/1750/1544 777/1751/1545
f 777/1751/1545 788/1750/1544 789/1752/1546
f 777/1751/1545 789/1752/1546 778/1753/1547
f 778/1753/1547 789/1752/1546 790/1754/1548
f 778/1753/1547 790/1754/1548 779/1755/1549
f 779/1755/1549 790/1754/1548 791/1756/1550
f 779/1755/1549 791/1756/1550 780/1757/1551
f 780/1758/1551 791/1759/1550 792/1760/1552
f 780/1758/1551 792/1760/1552 781/1761/1553
f 781/1761/1553 792/1760/1552 793/1762/1554
f 781/1761/1553 793/1762/1554 782/1763/1555
f 782/1763/1555 793/1762/1554 794/1764/1556
f 782/1763/1555 794/1764/1556 783/1765/1557
f 783/1765/1557 794/1764/1556 795/1766/1558
f 783/1765/1557 795/1766/1558 784/1767/1559
f 784/1767/1559 795/1766/1558 796/1768/1560
f 784/1767/1559 796/1768/1560 785/1745/1539
f 785/1745/1539 796/1768/1560 786/1746/1540
f 796/1769/1561 809/1770/1562 786/1771/1563
f 786/1771/1563 809/1770/1562 797/1772/1564
f 786/1771/1563 797/1772/1564 798/1773/1565
f 809/1770/1562 796/1769/1561 808/1774/1566
f 808/1774/1566 796/1769/1561 795/1775/1567
f 808/1774/1566 795/1775/1567 807/1776/1568
f 807/1776/1568 795/1775/1567 794/1777/1569
f 807/1776/1568 794/1777/1569 806/1778/1570
f 806/1778/1570 794/1777/1569 793/1779/1571
f 806/1778/1570 793/1779/1571 805/1780/1572
f 805/1780/1572 793/1779/1571 792/1781/1573
f 805/1780/1572 792/1781/1573 804/1782/1574
f 804/1782/1574 792/1781/1573 791/1783/1575
f 804/1782/1574 791/1783/1575 803/1784/1576
f 803/1784/1576 791/1783/1575 802/1785/1577
f 802/1785/1577 791/1783/1575 790/1786/1578
f 802/1785/1577 790/1786/1578 801/1787/1579
f 801/1787/1579 790/1786/1578 789/1788/1580
f 801/1787/1579 789/1788/1580 800/1789/1581
f 800/1789/1581 789/1788/1580 788/1790/1582
f 800/1789/1581 788/1790/1582 799/1791/1583
f 799/1791/1583 788/1790/1582 787/1792/1584
f 799/1791/1583 787/1792/1584 798/1773/1565
f 798/1773/1565 787/1792/1584 786/1771/1563
f 809/1793/1585 810/1794/1586 797/1795/1587
f 797/1795/1587 810/1794/1586 811/1796/1588
f 797/1795/1587 811/1796/1588 798/1797/1589
f 798/1797/1589 811/1796/1588 812/1798/1590
f 798/1797/1589 812/1798/1590 799/1799/1591
f 799/1799/1591 812/1798/1590 813/1800/1592
f 799/1799/1591 813/1800/1592 800/1801/1593
f 800/1801/1593 813/1800/1592 814/1802/1594
f 800/1801/1593 814/1802/1594 801/1803/1595
f 801/1803/1595 814/1802/1594 815/1804/1596
f 801/1803/1595 815/1804/1596 802/1805/1597
f 802/1805/1597 815/1804/1596 816/1806/1598
f 802/1805/1597 816/1806/1598 803/1807/1599
f 803/1808/1599 816/1809/1598 817/1810/1600
f 803/1808/1599 817/1810/1600 804/1811/1601
f 804/1811/1601 817/1810/1600 818/1812/1602
f 804/1811/1601 818/1812/1602 805/1813/1603
f 805/1813/1603 818/1812/1602 819/1814/1604
f 805/1813/1603 819/1814/1604 806/1815/1605
f 806/1815/1605 819/1814/1604 820/1816/1606
f 806/1815/1605 820/1816/1606 807/1817/1607
f 807/1817/1607 820/1816/1606 821/1818/1608
f 807/1817/1607 821/1818/1608 808/1819/1609
f 808/1819/1609 821/1818/1608 822/1820/1610
f 808/1819/1609 822/1820/1610 809/1793/1585
f 809/1793/1585 822/1820/1610 810/1794/1586
f 822/1821/1611 835/1822/1612 810/1823/1613
f 810/1823/1613 835/1822/1612 823/1824/1614
f 810/1823/1613 823/1824/1614 824/1825/1615
f 835/1822/1612 822/1821/1611 834/1826/1616
f 834/1826/1616 822/1821/1611 821/1827/1617
f 834/1826/1616 821/1827/1617 833/1828/1618
f 833/1828/1618 821/1827/1617 820/1829/1619
f 833/1828/1618 820/1829/1619 819/1830/1620
f 833/1828/1618 819/1830/1620 832/1831/1621
f 832/1831/1621 819/1830/1620 818/1832/1622
f 832/1831/1621 818/1832/1622 831/1833/1623
f 831/1833/1623 818/1832/1622 817/1834/1624
f 831/1833/1623 817/1834/1624 830/1835/1625
f 830/1835/1625 817/1834/1624 816/1836/1626
f 830/1835/1625 816/1836/1626 829/1837/1627
f 829/1837/1627 816/1836/1626 828/1838/1628
f 828/1838/1628 816/1836/1626 815/1839/1629
f 828/1838/1628 815/1839/1629 827/1840/1630
f 827/1840/1630 815/1839/1629 814/1841/1631
f 827/1840/1630 814/1841/1631 826/1842/1632
f 826/1842/1632 814/1841/1631 813/1843/1633
f 826/1842/1632 813/1843/1633 812/1844/1634
f 826/1842/1632 812/1844/1634 825/1845/1635
f 825/1845/1635 812/1844/1634 811/1846/1636
f 825/1845/1635 811/1846/1636 824/1825/1615
f 824/1825/1615 811/1846/1636 810/1823/1613
f 835/1847/1637 836/1848/1638 823/1849/1639
f 823/1849/1639 836/1848/1638 837/1850/1640
f 823/1849/1639 837/1850/1640 824/1851/1641
f 824/1851/1641 837/1850/1640 838/1852/1642
f 824/1851/1641 838/1852/1642 825/1853/1643
f 825/1853/1643 838/1852/1642 839/1854/1644
f 825/1853/1643 839/1854/1644 826/1855/1645
f 826/1855/1645 839/1854/1644 840/1856/1646
f 826/1855/1645 840/1856/1646 827/1857/1647
f 827/1857/1647 840/1856/1646 841/1858/1648
f 827/1857/1647 841/1858/1648 828/1859/1649
f 828/1859/1649 841/1858/1648 842/1860/1650
f 828/1859/1649 842/1860/1650 829/1861/1651
f 829/1862/1651 842/1863/1650 843/1864/1652
f 829/1862/1651 843/1864/1652 830/1865/1653
f 830/1865/1653 843/1864/1652 844/1866/1654
f 830/1865/1653 844/1866/1654 831/1867/1655
f 831/1867/1655 844/1866/1654 845/1868/1656
f 831/1867/1655 845/1868/1656 832/1869/1657
f 832/1869/1657 845/1868/1656 846/1870/1658
f 832/1869/1657 846/1870/1658 833/1871/1659
f 833/1871/1659 846/1870/1658 847/1872/1660
f 833/1871/1659 847/1872/1660 834/1873/1661
f 834/1873/1661 847/1872/1660 848/1874/1662
f 834/1873/1661 848/1874/1662 835/1847/1637
f 835/1847/1637 848/1874/1662 836/1848/1638
f 837/1875/1663 836/1876/1664 849/1877/1665
f 849/1877/1665 836/1876/1664 848/1878/1666
f 849/1877/1665 848/1878/1666 860/1879/1667
f 860/1879/1667 848/1878/1666 847/1880/1668
f 860/1879/1667 847/1880/1668 859/1881/1669
f 859/1881/1669 847/1880/1668 846/1882/1670
f 859/1881/1669 846/1882/1670 858/1883/1671
f 858/1883/1671 846/1882/1670 845/1884/1672
f 858/1883/1671 845/1884/1672 857/1885/1673
f 857/1885/1673 845/1884/1672 844/1886/1674
f 857/1885/1673 844/1886/1674 856/1887/1675
f 856/1887/1675 844/1886/1674 843/1888/1676
f 856/1887/1675 843/1888/1676 855/1889/1677
f 855/1889/1677 843/1888/1676 842/1890/1678
f 855/1889/1677 842/1890/1678 854/1891/1679
f 854/1891/1679 842/1890/1678 841/1892/1680
f 854/1891/1679 841/1892/1680 853/1893/1681
f 853/1893/1681 841/1892/1680 840/1894/1682
f 853/1893/1681 840/1894/1682 852/1895/1683
f 852/1895/1683 840/1894/1682 839/1896/1684
f 852/1895/1683 839/1896/1684 851/1897/1685
f 851/1897/1685 839/1896/1684 838/1898/1686
f 851/1897/1685 838/1898/1686 850/1899/1687
f 850/1899/1687 838/1898/1686 837/1875/1663
f 850/1899/1687 837/1875/1663 849/1877/1665
f 860/1900/1688 872/1901/1689 849/1902/1690
f 849/1902/1690 872/1901/1689 861/1903/1691
f 849/1902/1690 861/1903/1691 850/1904/1692
f 850/1904/1692 861/1903/1691 862/1905/1693
f 850/1904/1692 862/1905/1693 851/1906/1694
f 851/1906/1694 862/1905/1693 863/1907/1695
f 851/1906/1694 863/1907/1695 852/1908/1696
f 852/1908/1696 863/1907/1695 864/1909/1697
f 852/1908/1696 864/1909/1697 853/1910/1698
f 853/1910/1698 864/1909/1697 865/1911/1699
f 853/1910/1698 865/1911/1699 854/1912/1700
f 854/1912/1700 865/1911/1699 866/1913/1701
f 854/1912/1700 866/1913/1701 855/1914/1702
f 855/1914/1702 866/1913/1701 867/1915/1703
f 855/1916/1702 867/1917/1703 856/1918/1704
f 856/1918/1704 867/1917/1703 868/1919/1705
f 856/1918/1704 868/1919/1705 857/1920/1706
f 857/1920/1706 868/1919/1705 869/1921/1707
f 857/1920/1706 869/1921/1707 858/1922/1708
f 858/1922/1708 869/1921/1707 870/1923/1709
f 858/1922/1708 870/1923/1709 859/1924/1710
f 859/1924/1710 870/1923/1709 871/1925/1711
f 859/1924/1710 871/1925/1711 860/1900/1688
f 860/1900/1688 871/1925/1711 872/1901/1689
f 862/1926/1712 861/1927/1713 757/1928/1714
f 757/1928/1714 861/1927/1713 872/1929/1715
f 757/1928/1714 872/1929/1715 758/1930/1716
f 758/1930/1716 872/1929/1715 871/1931/1717
f 758/1930/1716 871/1931/1717 759/1932/1718
f 759/1932/1718 871/1931/1717 870/1933/1719
f 759/1932/1718 870/1933/1719 760/1934/1720
f 760/1934/1720 870/1933/1719 869/1935/1721
f 760/1934/1720 869/1935/1721 868/1936/1722
f 760/1934/1720 868/1936/1722 761/1937/1723
f 761/1937/1723 868/1936/1722 867/1938/1724
f 761/1937/1723 867/1938/1724 762/1939/1725
f 762/1940/1725 867/1941/1724 866/1942/1726
f 762/1940/1725 866/1942/1726 763/1943/1727
f 763/1943/1727 866/1942/1726 865/1944/1728
f 763/1943/1727 865/1944/1728 864/1945/1729
f 763/1943/1727 864/1945/1729 764/1946/1730
f 764/1946/1730 864/1945/1729 863/1947/1731
f 764/1946/1730 863/1947/1731 765/1948/1732
f 765/1948/1732 863/1947/1731 862/1926/1712
f 765/1948/1732 862/1926/1712 757/1928/1714
g Body1:4

v -7.312500 -12.165622 3.000000
v -6.991106 -12.282599 3.000000
v -6.820096 -12.578797 3.000000
v -6.879487 -12.915622 3.000000
v -7.141490 -13.135468 3.000000
v -7.483510 -13.135468 3.000000
v -7.745513 -12.915622 3.000000
v -7.804904 -12.578797 3.000000
v -7.633894 -12.282599 3.000000
v -7.312500 -12.366650 3.000000
v -7.504675 -12.436596 3.000000
v -7.606929 -12.613706 3.000000
v -7.571417 -12.815107 3.000000
v -7.414754 -12.946563 3.000000
v -7.210246 -12.946563 3.000000
v -7.053583 -12.815107 3.000000
v -7.018071 -12.613706 3.000000
v -7.120325 -12.436596 3.000000
v -7.312500 -9.115622 35.010130
v -9.231775 -9.679171 35.010130
v -10.541694 -11.190898 35.010130
v -10.826366 -13.170839 35.010130
v -9.995411 -14.990377 35.010130
v -8.312651 -16.071822 35.010130
v -6.312349 -16.071822 35.010130
v -4.629589 -14.990377 35.010130
v -3.798634 -13.170839 35.010130
v -4.083306 -11.190898 35.010130
v -5.393225 -9.679171 35.010130
v -7.312500 -9.115622 60.200000
v -9.231775 -9.679171 60.200000
v -10.541694 -11.190898 60.200000
v -10.826366 -13.170839 60.200000
v -9.995411 -14.990377 60.200000
v -8.312651 -16.071822 60.200000
v -6.312349 -16.071822 60.200000
v -4.629589 -14.990377 60.200000
v -3.798634 -13.170839 60.200000
v -4.083306 -11.190898 60.200000
v -5.393225 -9.679171 60.200000
v -7.312500 -7.965622 60.200000
v -9.496699 -8.503978 60.200000
v -11.180524 -9.995717 60.200000
v -11.978232 -12.099099 60.200000
v -11.707076 -14.332264 60.200000
v -10.429176 -16.183622 60.200000
v -8.437284 -17.229048 60.200000
v -6.187716 -17.229048 60.200000
v -4.195824 -16.183622 60.200000
v -2.917924 -14.332264 60.200000
v -2.646768 -12.099099 60.200000
v -3.444476 -9.995717 60.200000
v -5.128301 -8.503978 60.200000
v -7.312500 -7.965622 80.000000
v -9.496699 -8.503978 80.000000
v -11.180524 -9.995717 80.000000
v -11.978232 -12.099099 80.000000
v -11.707076 -14.332264 80.000000
v -10.429176 -16.183622 80.000000
v -8.437284 -17.229048 80.000000
v -6.187716 -17.229048 80.000000
v -4.195824 -16.183622 80.000000
v -2.917924 -14.332264 80.000000
v -2.646768 -12.099099 80.000000
v -3.444476 -9.995717 80.000000
v -5.128301 -8.503978 80.000000
v -7.312500 -7.765622 80.000000
v -9.589644 -8.326887 80.000000
v -11.345121 -9.882104 80.000000
v -12.176773 -12.074992 80.000000
v -11.894080 -14.403185 80.000000
v -10.561801 -16.333324 80.000000
v -8.485147 -17.423236 80.000000
v -6.139853 -17.423236 80.000000
v -4.063199 -16.333324 80.000000
v -2.730920 -14.403185 80.000000
v -2.448227 -12.074992 80.000000
v -3.279879 -9.882104 80.000000
v -5.035356 -8.326887 80.000000
v -7.312500 -7.765622 60.000000
v -9.589644 -8.326887 60.000000
v -11.345121 -9.882104 60.000000
v -12.176773 -12.074992 60.000000
v -11.894080 -14.403185 60.000000
v -10.561801 -16.333324 60.000000
v -8.485147 -17.423236 60.000000
v -6.139853 -17.423236 60.000000
v -4.063199 -16.333324 60.000000
v -2.730920 -14.403185 60.000000
v -2.448227 -12.074992 60.000000
v -3.279879 -9.882104 60.000000
v -5.035356 -8.326887 60.000000
v -7.312500 -8.915622 60.000000
v -9.187500 -9.418026 60.000000
v -10.560095 -10.790622 60.000000
v -11.062500 -12.665622 60.000000
v -10.560095 -14.540622 60.000000
v -9.187500 -15.913217 60.000000
v -7.312500 -16.415622 60.000000
v -5.437500 -15.913217 60.000000
v -4.064905 -14.540622 60.000000
v -3.562500 -12.665622 60.000000
v -4.064905 -10.790622 60.000000
v -5.437500 -9.418026 60.000000
v -7.312500 -8.915622 35.000000
v -9.187500 -9.418026 35.000000
v -10.560095 -10.790622 35.000000
v -11.062500 -12.665622 35.000000
v -10.560095 -14.540622 35.000000
v -9.187500 -15.913217 35.000000
v -7.312500 -16.415622 35.000000
v -5.437500 -15.913217 35.000000
v -4.064905 -14.540622 35.000000
v -3.562500 -12.665622 35.000000
v -4.064905 -10.790622 35.000000
v -5.437500 -9.418026 35.000000
vt 0.032139 0.008405 0.000000
vt 0.000000 0.020103 0.000000
vt 0.000000 0.000000 0.000000
vt -0.032139 0.008405 0.000000
vt -0.019217 -0.006995 0.000000
vt -0.049240 -0.021215 0.000000
vt -0.029443 -0.024706 0.000000
vt -0.025892 -0.044846 0.000000
vt -0.043301 -0.054897 0.000000
vt -0.010225 -0.057991 0.000000
vt -0.017101 -0.076882 0.000000
vt 0.017101 -0.076882 0.000000
vt 0.010225 -0.057991 0.000000
vt 0.043301 -0.054897 0.000000
vt 0.025892 -0.044846 0.000000
vt 0.049240 -0.021215 0.000000
vt 0.029443 -0.024706 0.000000
vt 0.019217 -0.006995 0.000000
vt 1.608740 0.134354 0.000000
vt -1.608740 0.109926 0.000000
vt 1.608740 0.000000 0.000000
vt -1.608740 0.000000 0.000000
vt -1.608740 -0.109926 0.000000
vt -1.608740 0.219853 0.000000
vt 1.608740 0.268709 0.000000
vt -1.608740 0.329779 0.000000
vt 1.608740 0.403063 0.000000
vt -1.608740 0.439705 0.000000
vt 1.608740 0.537418 0.000000
vt -1.608740 0.549632 0.000000
vt 1.608740 0.671772 0.000000
vt -1.608740 0.659558 0.000000
vt -1.608740 -0.549632 0.000000
vt 1.608740 -0.537418 0.000000
vt -1.608740 -0.439705 0.000000
vt 1.608740 -0.403063 0.000000
vt -1.608740 -0.329779 0.000000
vt 1.608740 -0.268709 0.000000
vt -1.608740 -0.219853 0.000000
vt 1.608740 -0.134354 0.000000
vt 1.259493 0.202776 0.000000
vt -1.259493 0.000000 0.000000
vt 1.259493 0.000000 0.000000
vt -1.259493 -0.202776 0.000000
vt 1.259493 -0.202776 0.000000
vt -1.259493 -0.405551 0.000000
vt 1.259493 -0.405551 0.000000
vt -1.259493 -0.608327 0.000000
vt 1.259493 -0.608327 0.000000
vt -1.259493 -0.811102 0.000000
vt 1.259493 -0.811102 0.000000
vt -1.259493 -1.013878 0.000000
vt 1.259493 -1.013878 0.000000
vt 1.259493 1.216653 0.000000
vt -1.259493 1.216653 0.000000
vt -1.259493 1.013878 0.000000
vt 1.259493 1.013878 0.000000
vt -1.259493 0.811102 0.000000
vt 1.259493 0.811102 0.000000
vt -1.259493 0.608327 0.000000
vt 1.259493 0.608327 0.000000
vt -1.259493 0.405551 0.000000
vt 1.259493 0.405551 0.000000
vt -1.259493 0.202776 0.000000
vt 0.191927 -0.171355 0.000000
vt 0.218420 -0.053836 0.000000
vt 0.000000 -0.115000 0.000000
vt 0.000000 0.000000 0.000000
vt -0.218420 -0.053836 0.000000
vt 0.386802 -0.203010 0.000000
vt 0.322919 -0.322528 0.000000
vt 0.466573 -0.413348 0.000000
vt 0.351387 -0.520522 0.000000
vt 0.439458 -0.636664 0.000000
vt 0.268291 -0.702476 0.000000
vt 0.311668 -0.821800 0.000000
vt 0.100015 -0.810620 0.000000
vt 0.112478 -0.926343 0.000000
vt -0.100015 -0.810620 0.000000
vt -0.112478 -0.926343 0.000000
vt -0.311668 -0.821800 0.000000
vt -0.268291 -0.702476 0.000000
vt -0.439458 -0.636664 0.000000
vt -0.351387 -0.520522 0.000000
vt -0.466573 -0.413348 0.000000
vt -0.322919 -0.322528 0.000000
vt -0.386802 -0.203010 0.000000
vt -0.191927 -0.171355 0.000000
vt 0.990000 0.227161 0.000000
vt -0.990000 0.000000 0.000000
vt 0.990000 0.000000 0.000000
vt -0.990000 -0.227161 0.000000
vt 0.990000 -0.227161 0.000000
vt -0.990000 -0.454323 0.000000
vt 0.990000 -0.454323 0.000000
vt -0.990000 -0.681484 0.000000
vt 0.990000 -0.681484 0.000000
vt -0.990000 -0.908645 0.000000
vt 0.990000 -0.908645 0.000000
vt -0.990000 -1.135807 0.000000
vt 0.990000 -1.135807 0.000000
vt -0.990000 -1.362968 0.000000
vt 0.990000 -1.362968 0.000000
vt 0.990000 1.590129 0.000000
vt -0.990000 1.590129 0.000000
vt -0.990000 1.362968 0.000000
vt 0.990000 1.362968 0.000000
vt -0.990000 1.135807 0.000000
vt 0.990000 1.135807 0.000000
vt -0.990000 0.908645 0.000000
vt 0.990000 0.908645 0.000000
vt -0.990000 0.681484 0.000000
vt 0.990000 0.681484 0.000000
vt -0.990000 0.454323 0.000000
vt 0.990000 0.454323 0.000000
vt -0.990000 0.227161 0.000000
vt 0.218420 -0.073836 0.000000
vt 0.227714 -0.056127 0.000000
vt 0.000000 -0.020000 0.000000
vt 0.000000 0.000000 0.000000
vt -0.227714 -0.056127 0.000000
vt 0.403262 -0.211648 0.000000
vt 0.386802 -0.223010 0.000000
vt 0.486427 -0.430937 0.000000
vt 0.466573 -0.433348 0.000000
vt 0.439458 -0.656664 0.000000
vt 0.458158 -0.663756 0.000000
vt 0.311668 -0.841800 0.000000
vt 0.324930 -0.856770 0.000000
vt 0.112478 -0.946343 0.000000
vt 0.117265 -0.965761 0.000000
vt -0.112478 -0.946343 0.000000
vt -0.117265 -0.965761 0.000000
vt -0.324930 -0.856770 0.000000
vt -0.311668 -0.841800 0.000000
vt -0.458158 -0.663756 0.000000
vt -0.439458 -0.656664 0.000000
vt -0.486427 -0.430937 0.000000
vt -0.466573 -0.433348 0.000000
vt -0.386802 -0.223010 0.000000
vt -0.403262 -0.211648 0.000000
vt -0.218420 -0.073836 0.000000
vt 1.000000 0.236828 0.000000
vt -1.000000 0.000000 0.000000
vt 1.000000 0.000000 0.000000
vt -1.000000 -0.236828 0.000000
vt 1.000000 -0.236828 0.000000
vt -1.000000 -0.473656 0.000000
vt 1.000000 -0.473656 0.000000
vt -1.000000 -0.710483 0.000000
vt 1.000000 -0.710483 0.000000
vt -1.000000 -0.947311 0.000000
vt 1.000000 -0.947311 0.000000
vt -1.000000 -1.184139 0.000000
vt 1.000000 -1.184139 0.000000
vt -1.000000 -1.420967 0.000000
vt 1.000000 -1.420967 0.000000
vt 1.000000 1.657794 0.000000
vt -1.000000 1.657794 0.000000
vt -1.000000 1.420967 0.000000
vt 1.000000 1.420967 0.000000
vt -1.000000 1.184139 0.000000
vt 1.000000 1.184139 0.000000
vt -1.000000 0.947311 0.000000
vt 1.000000 0.947311 0.000000
vt -1.000000 0.710483 0.000000
vt 1.000000 0.710483 0.000000
vt -1.000000 0.473656 0.000000
vt 1.000000 0.473656 0.000000
vt -1.000000 0.236828 0.000000
vt 0.227714 0.058873 0.000000
vt 0.000000 0.115000 0.000000
vt 0.000000 0.000000 0.000000
vt -0.227714 0.058873 0.000000
vt -0.187500 -0.050240 0.000000
vt -0.403262 -0.096648 0.000000
vt -0.324760 -0.187500 0.000000
vt -0.486427 -0.315937 0.000000
vt -0.375000 -0.375000 0.000000
vt -0.458158 -0.548756 0.000000
vt -0.324760 -0.562500 0.000000
vt -0.324930 -0.741770 0.000000
vt -0.187500 -0.699760 0.000000
vt -0.117265 -0.850761 0.000000
vt -0.000000 -0.750000 0.000000
vt 0.117265 -0.850761 0.000000
vt 0.187500 -0.699760 0.000000
vt 0.324930 -0.741770 0.000000
vt 0.324760 -0.562500 0.000000
vt 0.458158 -0.548756 0.000000
vt 0.375000 -0.375000 0.000000
vt 0.486427 -0.315937 0.000000
vt 0.324760 -0.187500 0.000000
vt 0.403262 -0.096648 0.000000
vt 0.187500 -0.050240 0.000000
vt 1.250000 0.196350 0.000000
vt -1.250000 0.196350 0.000000
vt 1.250000 0.000000 0.000000
vt -1.250000 0.000000 0.000000
vt 1.250000 -0.196350 0.000000
vt -1.250000 -0.196350 0.000000
vt 1.250000 -0.392699 0.000000
vt -1.250000 -0.392699 0.000000
vt 1.250000 -0.589049 0.000000
vt -1.250000 -0.589049 0.000000
vt 1.250000 -0.785398 0.000000
vt -1.250000 -0.785398 0.000000
vt 1.250000 -0.981748 0.000000
vt -1.250000 -0.981748 0.000000
vt 1.250000 -1.178097 0.000000
vt -1.250000 -1.178097 0.000000
vt 1.250000 1.178097 0.000000
vt -1.250000 1.178097 0.000000
vt 1.250000 0.981748 0.000000
vt -1.250000 0.981748 0.000000
vt 1.250000 0.785398 0.000000
vt -1.250000 0.785398 0.000000
vt 1.250000 0.589049 0.000000
vt -1.250000 0.589049 0.000000
vt 1.250000 0.392699 0.000000
vt -1.250000 0.392699 0.000000
vt 1.608231 -0.111265 0.000000
vt 1.608231 0.000000 0.000000
vt -1.608231 0.000000 0.000000
vt 1.608231 0.111265 0.000000
vt -1.608231 0.148353 0.000000
vt 1.608231 0.222529 0.000000
vt -1.608231 0.296706 0.000000
vt 1.608231 0.333794 0.000000
vt -1.608231 0.445059 0.000000
vt 1.608231 0.445059 0.000000
vt 1.608231 0.556324 0.000000
vt -1.608231 0.593412 0.000000
vt 1.608231 0.667588 0.000000
vt -1.608231 0.741765 0.000000
vt -1.608231 -0.593412 0.000000
vt 1.608231 -0.667588 0.000000
vt 1.608231 -0.556324 0.000000
vt -1.608231 -0.445059 0.000000
vt 1.608231 -0.445059 0.000000
vt 1.608231 -0.333794 0.000000
vt -1.608231 -0.296706 0.000000
vt 1.608231 -0.222529 0.000000
vt -1.608231 -0.148353 0.000000
vn 0.000000 0.000000 -0.100000
vn 0.000000 0.000000 -0.100000
vn 0.000000 0.000000 -0.100000
vn 0.000000 0.000000 -0.100000
vn 0.000000 0.000000 -0.100000
vn 0.000000 0.000000 -0.100000
vn 0.000000 0.000000 -0.100000
vn 0.000000 0.000000 -0.100000
vn 0.000000 0.000000 -0.100000
vn 0.000000 0.000000 -0.100000
vn 0.000000 0.000000 -0.100000
vn 0.000000 0.000000 -0.100000
vn 0.000000 0.000000 -0.100000
vn 0.000000 0.000000 -0.100000
vn 0.000000 0.000000 -0.100000
vn 0.000000 0.000000 -0.100000
vn 0.000000 0.000000 -0.100000
vn 0.000000 0.000000 -0.100000
vn -0.063950 -0.076212 0.010104
vn -0.053787 -0.083695 0.010104
vn -0.000000 -0.099488 0.010104
vn -0.000000 -0.099488 0.010104
vn 0.053787 -0.083695 0.010104
vn -0.090498 -0.041329 0.010104
vn -0.097977 -0.017276 0.010104
vn -0.098476 0.014159 0.010104
vn -0.086159 0.049744 0.010104
vn -0.075188 0.065151 0.010104
vn -0.034027 0.093488 0.010104
vn -0.028029 0.095458 0.010104
vn 0.034027 0.093488 0.010104
vn 0.028029 0.095458 0.010104
vn 0.075188 0.065151 0.010104
vn 0.086159 0.049744 0.010104
vn 0.098476 0.014159 0.010104
vn 0.097977 -0.017276 0.010104
vn 0.090498 -0.041329 0.010104
vn 0.063950 -0.076212 0.010104
vn -0.054064 -0.084125 -0.000000
vn -0.000000 -0.100000 0.000000
vn -0.000000 -0.100000 0.000000
vn 0.054064 -0.084125 0.000000
vn 0.054064 -0.084125 0.000000
vn 0.090963 -0.041542 0.000000
vn 0.090963 -0.041542 0.000000
vn 0.098982 0.014231 0.000000
vn 0.098982 0.014231 0.000000
vn 0.075575 0.065486 0.000000
vn 0.075575 0.065486 0.000000
vn 0.028173 0.095949 0.000000
vn 0.028173 0.095949 0.000000
vn -0.028173 0.095949 -0.000000
vn -0.028173 0.095949 -0.000000
vn -0.075575 0.065486 -0.000000
vn -0.075575 0.065486 -0.000000
vn -0.098982 0.014231 -0.000000
vn -0.098982 0.014231 -0.000000
vn -0.090963 -0.041542 -0.000000
vn -0.090963 -0.041542 -0.000000
vn -0.054064 -0.084125 -0.000000
vn -0.000000 -0.000000 0.100000
vn -0.000000 -0.000000 0.100000
vn -0.000000 -0.000000 0.100000
vn -0.000000 -0.000000 0.100000
vn -0.000000 -0.000000 0.100000
vn -0.000000 -0.000000 0.100000
vn -0.000000 -0.000000 0.100000
vn -0.000000 -0.000000 0.100000
vn -0.000000 -0.000000 0.100000
vn -0.000000 -0.000000 0.100000
vn -0.000000 -0.000000 0.100000
vn -0.000000 -0.000000 0.100000
vn -0.000000 -0.000000 0.100000
vn -0.000000 -0.000000 0.100000
vn -0.000000 -0.000000 0.100000
vn -0.000000 -0.000000 0.100000
vn -0.000000 -0.000000 0.100000
vn -0.000000 -0.000000 0.100000
vn -0.000000 -0.000000 0.100000
vn -0.000000 -0.000000 0.100000
vn -0.000000 -0.000000 0.100000
vn -0.000000 -0.000000 0.100000
vn -0.000000 -0.000000 0.100000
vn -0.000000 -0.000000 0.100000
vn -0.046472 -0.088546 -0.000000
vn -0.000000 -0.100000 0.000000
vn -0.000000 -0.100000 0.000000
vn 0.046472 -0.088546 0.000000
vn 0.046472 -0.088546 0.000000
vn 0.082298 -0.056806 0.000000
vn 0.082298 -0.056806 0.000000
vn 0.099271 -0.012054 0.000000
vn 0.099271 -0.012054 0.000000
vn 0.093502 0.035460 0.000000
vn 0.093502 0.035460 0.000000
vn 0.066312 0.074851 0.000000
vn 0.066312 0.074851 0.000000
vn 0.023932 0.097094 0.000000
vn 0.023932 0.097094 0.000000
vn -0.023932 0.097094 -0.000000
vn -0.023932 0.097094 -0.000000
vn -0.066312 0.074851 -0.000000
vn -0.066312 0.074851 -0.000000
vn -0.093502 0.035460 -0.000000
vn -0.093502 0.035460 -0.000000
vn -0.099271 -0.012054 -0.000000
vn -0.099271 -0.012054 -0.000000
vn -0.082298 -0.056806 -0.000000
vn -0.082298 -0.056806 -0.000000
vn -0.046472 -0.088546 -0.000000
vn -0.000000 -0.000000 0.100000
vn -0.000000 -0.000000 0.100000
vn -0.000000 -0.000000 0.100000
vn -0.000000 -0.000000 0.100000
vn -0.000000 -0.000000 0.100000
vn -0.000000 -0.000000 0.100000
vn -0.000000 -0.000000 0.100000
vn -0.000000 -0.000000 0.100000
vn -0.000000 -0.000000 0.100000
vn -0.000000 -0.000000 0.100000
vn -0.000000 -0.000000 0.100000
vn -0.000000 -0.000000 0.100000
vn -0.000000 -0.000000 0.100000
vn -0.000000 -0.000000 0.100000
vn -0.000000 -0.000000 0.100000
vn -0.000000 -0.000000 0.100000
vn -0.000000 -0.000000 0.100000
vn -0.000000 -0.000000 0.100000
vn -0.000000 -0.000000 0.100000
vn -0.000000 -0.000000 0.100000
vn -0.000000 -0.000000 0.100000
vn -0.000000 -0.000000 0.100000
vn -0.000000 -0.000000 0.100000
vn -0.000000 -0.000000 0.100000
vn -0.000000 -0.000000 0.100000
vn -0.000000 -0.000000 0.100000
vn 0.046472 0.088546 0.000000
vn 0.000000 0.100000 -0.000000
vn 0.000000 0.100000 -0.000000
vn -0.046472 0.088546 -0.000000
vn -0.046472 0.088546 -0.000000
vn -0.082298 0.056806 -0.000000
vn -0.082298 0.056806 -0.000000
vn -0.099271 0.012054 -0.000000
vn -0.099271 0.012054 -0.000000
vn -0.093502 -0.035460 -0.000000
vn -0.093502 -0.035460 -0.000000
vn -0.066312 -0.074851 -0.000000
vn -0.066312 -0.074851 -0.000000
vn -0.023932 -0.097094 -0.000000
vn -0.023932 -0.097094 -0.000000
vn 0.023932 -0.097094 0.000000
vn 0.023932 -0.097094 0.000000
vn 0.066312 -0.074851 0.000000
vn 0.066312 -0.074851 0.000000
vn 0.093502 -0.035460 0.000000
vn 0.093502 -0.035460 0.000000
vn 0.099271 0.012054 0.000000
vn 0.099271 0.012054 0.000000
vn 0.082298 0.056806 0.000000
vn 0.082298 0.056806 0.000000
vn 0.046472 0.088546 0.000000
vn 0.000000 0.000000 -0.100000
vn 0.000000 0.000000 -0.100000
vn 0.000000 0.000000 -0.100000
vn 0.000000 0.000000 -0.100000
vn 0.000000 0.000000 -0.100000
vn 0.000000 0.000000 -0.100000
vn 0.000000 0.000000 -0.100000
vn 0.000000 0.000000 -0.100000
vn 0.000000 0.000000 -0.100000
vn 0.000000 0.000000 -0.100000
vn 0.000000 0.000000 -0.100000
vn 0.000000 0.000000 -0.100000
vn 0.000000 0.000000 -0.100000
vn 0.000000 0.000000 -0.100000
vn 0.000000 0.000000 -0.100000
vn 0.000000 0.000000 -0.100000
vn 0.000000 0.000000 -0.100000
vn 0.000000 0.000000 -0.100000
vn 0.000000 0.000000 -0.100000
vn 0.000000 0.000000 -0.100000
vn 0.000000 0.000000 -0.100000
vn 0.000000 0.000000 -0.100000
vn 0.000000 0.000000 -0.100000
vn 0.000000 0.000000 -0.100000
vn 0.000000 0.000000 -0.100000
vn 0.050000 0.086603 0.000000
vn 0.050000 0.086603 0.000000
vn 0.000000 0.100000 -0.000000
vn 0.000000 0.100000 -0.000000
vn -0.050000 0.086603 -0.000000
vn -0.050000 0.086603 -0.000000
vn -0.086603 0.050000 -0.000000
vn -0.086603 0.050000 -0.000000
vn -0.100000 -0.000000 -0.000000
vn -0.100000 -0.000000 -0.000000
vn -0.086603 -0.050000 -0.000000
vn -0.086603 -0.050000 -0.000000
vn -0.050000 -0.086603 -0.000000
vn -0.050000 -0.086603 -0.000000
vn -0.000000 -0.100000 0.000000
vn -0.000000 -0.100000 0.000000
vn 0.050000 -0.086603 0.000000
vn 0.050000 -0.086603 0.000000
vn 0.086603 -0.050000 0.000000
vn 0.086603 -0.050000 0.000000
vn 0.100000 0.000000 0.000000
vn 0.100000 0.000000 0.000000
vn 0.086603 0.050000 0.000000
vn 0.086603 0.050000 0.000000
vn -0.049744 0.086159 -0.010104
vn 0.000000 0.099488 -0.010104
vn 0.000000 0.099488 -0.010104
vn 0.049744 0.086159 -0.010104
vn 0.063950 0.076212 -0.010104
vn 0.086159 0.049744 -0.010104
vn 0.097977 0.017276 -0.010104
vn 0.099488 0.000000 -0.010104
vn 0.086159 -0.049744 -0.010104
vn 0.086159 -0.049744 -0.010104
vn 0.049744 -0.086159 -0.010104
vn 0.034027 -0.093488 -0.010104
vn 0.000000 -0.099488 -0.010104
vn -0.034027 -0.093488 -0.010104
vn -0.049744 -0.086159 -0.010104
vn -0.086159 -0.049744 -0.010104
vn -0.086159 -0.049744 -0.010104
vn -0.099488 -0.000000 -0.010104
vn -0.097977 0.017276 -0.010104
vn -0.086159 0.049744 -0.010104
vn -0.063950 0.076212 -0.010104
f 881/1949/1733 873/1950/1734 882/1951/1735
f 882/1951/1735 873/1950/1734 874/1952/1736
f 882/1951/1735 874/1952/1736 890/1953/1737
f 890/1953/1737 874/1952/1736 875/1954/1738
f 890/1953/1737 875/1954/1738 889/1955/1739
f 889/1955/1739 875/1954/1738 888/1956/1740
f 888/1956/1740 875/1954/1738 876/1957/1741
f 888/1956/1740 876/1957/1741 887/1958/1742
f 887/1958/1742 876/1957/1741 877/1959/1743
f 887/1958/1742 877/1959/1743 878/1960/1744
f 887/1958/1742 878/1960/1744 886/1961/1745
f 886/1961/1745 878/1960/1744 879/1962/1746
f 886/1961/1745 879/1962/1746 885/1963/1747
f 885/1963/1747 879/1962/1746 880/1964/1748
f 885/1963/1747 880/1964/1748 884/1965/1749
f 884/1965/1749 880/1964/1748 883/1966/1750
f 883/1966/1750 880/1964/1748 881/1949/1733
f 883/1966/1750 881/1949/1733 882/1951/1735
f 890/1967/1751 901/1968/1752 882/1969/1753
f 882/1969/1753 901/1968/1752 891/1970/1754
f 882/1969/1753 891/1970/1754 892/1971/1755
f 901/1968/1752 890/1967/1751 900/1972/1756
f 900/1972/1756 890/1967/1751 889/1973/1757
f 900/1972/1756 889/1973/1757 899/1974/1758
f 899/1974/1758 889/1973/1757 888/1975/1759
f 899/1974/1758 888/1975/1759 898/1976/1760
f 898/1976/1760 888/1975/1759 887/1977/1761
f 898/1976/1760 887/1977/1761 897/1978/1762
f 897/1978/1762 887/1977/1761 886/1979/1763
f 897/1978/1762 886/1979/1763 896/1980/1764
f 896/1981/1764 886/1982/1763 895/1983/1765
f 895/1983/1765 886/1982/1763 885/1984/1766
f 895/1983/1765 885/1984/1766 894/1985/1767
f 894/1985/1767 885/1984/1766 884/1986/1768
f 894/1985/1767 884/1986/1768 893/1987/1769
f 893/1987/1769 884/1986/1768 883/1988/1770
f 893/1987/1769 883/1988/1770 892/1971/1755
f 892/1971/1755 883/1988/1770 882/1969/1753
f 901/1989/1771 902/1990/1772 891/1991/1773
f 891/1991/1773 902/1990/1772 903/1992/1774
f 891/1991/1773 903/1992/1774 892/1993/1775
f 892/1993/1775 903/1992/1774 904/1994/1776
f 892/1993/1775 904/1994/1776 893/1995/1777
f 893/1995/1777 904/1994/1776 905/1996/1778
f 893/1995/1777 905/1996/1778 894/1997/1779
f 894/1997/1779 905/1996/1778 906/1998/1780
f 894/1997/1779 906/1998/1780 895/1999/1781
f 895/1999/1781 906/1998/1780 907/2000/1782
f 895/1999/1781 907/2000/1782 896/2001/1783
f 896/2002/1783 907/2003/1782 908/2004/1784
f 896/2002/1783 908/2004/1784 897/2005/1785
f 897/2005/1785 908/2004/1784 909/2006/1786
f 897/2005/1785 909/2006/1786 898/2007/1787
f 898/2007/1787 909/2006/1786 910/2008/1788
f 898/2007/1787 910/2008/1788 899/2009/1789
f 899/2009/1789 910/2008/1788 911/2010/1790
f 899/2009/1789 911/2010/1790 900/2011/1791
f 900/2011/1791 911/2010/1790 912/2012/1792
f 900/2011/1791 912/2012/1792 901/1989/1771
f 901/1989/1771 912/2012/1792 902/1990/1772
f 912/2013/1793 925/2014/1794 902/2015/1795
f 902/2015/1795 925/2014/1794 913/2016/1796
f 902/2015/1795 913/2016/1796 914/2017/1797
f 925/2014/1794 912/2013/1793 924/2018/1798
f 924/2018/1798 912/2013/1793 911/2019/1799
f 924/2018/1798 911/2019/1799 923/2020/1800
f 923/2020/1800 911/2019/1799 910/2021/1801
f 923/2020/1800 910/2021/1801 922/2022/1802
f 922/2022/1802 910/2021/1801 909/2023/1803
f 922/2022/1802 909/2023/1803 921/2024/1804
f 921/2024/1804 909/2023/1803 908/2025/1805
f 921/2024/1804 908/2025/1805 920/2026/1806
f 920/2026/1806 908/2025/1805 907/2027/1807
f 920/2026/1806 907/2027/1807 919/2028/1808
f 919/2028/1808 907/2027/1807 918/2029/1809
f 918/2029/1809 907/2027/1807 906/2030/1810
f 918/2029/1809 906/2030/1810 917/2031/1811
f 917/2031/1811 906/2030/1810 905/2032/1812
f 917/2031/1811 905/2032/1812 916/2033/1813
f 916/2033/1813 905/2032/1812 904/2034/1814
f 916/2033/1813 904/2034/1814 915/2035/1815
f 915/2035/1815 904/2034/1814 903/2036/1816
f 915/2035/1815 903/2036/1816 914/2017/1797
f 914/2017/1797 903/2036/1816 902/2015/1795
f 925/2037/1817 926/2038/1818 913/2039/1819
f 913/2039/1819 926/2038/1818 927/2040/1820
f 913/2039/1819 927/2040/1820 914/2041/1821
f 914/2041/1821 927/2040/1820 928/2042/1822
f 914/2041/1821 928/2042/1822 915/2043/1823
f 915/2043/1823 928/2042/1822 929/2044/1824
f 915/2043/1823 929/2044/1824 916/2045/1825
f 916/2045/1825 929/2044/1824 930/2046/1826
f 916/2045/1825 930/2046/1826 917/2047/1827
f 917/2047/1827 930/2046/1826 931/2048/1828
f 917/2047/1827 931/2048/1828 918/2049/1829
f 918/2049/1829 931/2048/1828 932/2050/1830
f 918/2049/1829 932/2050/1830 919/2051/1831
f 919/2052/1831 932/2053/1830 933/2054/1832
f 919/2052/1831 933/2054/1832 920/2055/1833
f 920/2055/1833 933/2054/1832 934/2056/1834
f 920/2055/1833 934/2056/1834 921/2057/1835
f 921/2057/1835 934/2056/1834 935/2058/1836
f 921/2057/1835 935/2058/1836 922/2059/1837
f 922/2059/1837 935/2058/1836 936/2060/1838
f 922/2059/1837 936/2060/1838 923/2061/1839
f 923/2061/1839 936/2060/1838 937/2062/1840
f 923/2061/1839 937/2062/1840 924/2063/1841
f 924/2063/1841 937/2062/1840 938/2064/1842
f 924/2063/1841 938/2064/1842 925/2037/1817
f 925/2037/1817 938/2064/1842 926/2038/1818
f 938/2065/1843 951/2066/1844 926/2067/1845
f 926/2067/1845 951/2066/1844 939/2068/1846
f 926/2067/1845 939/2068/1846 940/2069/1847
f 951/2066/1844 938/2065/1843 950/2070/1848
f 950/2070/1848 938/2065/1843 937/2071/1849
f 950/2070/1848 937/2071/1849 949/2072/1850
f 949/2072/1850 937/2071/1849 936/2073/1851
f 949/2072/1850 936/2073/1851 935/2074/1852
f 949/2072/1850 935/2074/1852 948/2075/1853
f 948/2075/1853 935/2074/1852 934/2076/1854
f 948/2075/1853 934/2076/1854 947/2077/1855
f 947/2077/1855 934/2076/1854 933/2078/1856
f 947/2077/1855 933/2078/1856 946/2079/1857
f 946/2079/1857 933/2078/1856 932/2080/1858
f 946/2079/1857 932/2080/1858 945/2081/1859
f 945/2081/1859 932/2080/1858 944/2082/1860
f 944/2082/1860 932/2080/1858 931/2083/1861
f 944/2082/1860 931/2083/1861 943/2084/1862
f 943/2084/1862 931/2083/1861 930/2085/1863
f 943/2084/1862 930/2085/1863 942/2086/1864
f 942/2086/1864 930/2085/1863 929/2087/1865
f 942/2086/1864 929/2087/1865 928/2088/1866
f 942/2086/1864 928/2088/1866 941/2089/1867
f 941/2089/1867 928/2088/1866 927/2090/1868
f 941/2089/1867 927/2090/1868 940/2069/1847
f 940/2069/1847 927/2090/1868 926/2067/1845
f 951/2091/1869 952/2092/1870 939/2093/1871
f 939/2093/1871 952/2092/1870 953/2094/1872
f 939/2093/1871 953/2094/1872 940/2095/1873
f 940/2095/1873 953/2094/1872 954/2096/1874
f 940/2095/1873 954/2096/1874 941/2097/1875
f 941/2097/1875 954/2096/1874 955/2098/1876
f 941/2097/1875 955/2098/1876 942/2099/1877
f 942/2099/1877 955/2098/1876 956/2100/1878
f 942/2099/1877 956/2100/1878 943/2101/1879
f 943/2101/1879 956/2100/1878 957/2102/1880
f 943/2101/1879 957/2102/1880 944/2103/1881
f 944/2103/1881 957/2102/1880 958/2104/1882
f 944/2103/1881 958/2104/1882 945/2105/1883
f 945/2106/1883 958/2107/1882 959/2108/1884
f 945/2106/1883 959/2108/1884 946/2109/1885
f 946/2109/1885 959/2108/1884 960/2110/1886
f 946/2109/1885 960/2110/1886 947/2111/1887
f 947/2111/1887 960/2110/1886 961/2112/1888
f 947/2111/1887 961/2112/1888 948/2113/1889
f 948/2113/1889 961/2112/1888 962/2114/1890
f 948/2113/1889 962/2114/1890 949/2115/1891
f 949/2115/1891 962/2114/1890 963/2116/1892
f 949/2115/1891 963/2116/1892 950/2117/1893
f 950/2117/1893 963/2116/1892 964/2118/1894
f 950/2117/1893 964/2118/1894 951/2091/1869
f 951/2091/1869 964/2118/1894 952/2092/1870
f 953/2119/1895 952/2120/1896 965/2121/1897
f 965/2121/1897 952/2120/1896 964/2122/1898
f 965/2121/1897 964/2122/1898 976/2123/1899
f 976/2123/1899 964/2122/1898 963/2124/1900
f 976/2123/1899 963/2124/1900 975/2125/1901
f 975/2125/1901 963/2124/1900 962/2126/1902
f 975/2125/1901 962/2126/1902 974/2127/1903
f 974/2127/1903 962/2126/1902 961/2128/1904
f 974/2127/1903 961/2128/1904 973/2129/1905
f 973/2129/1905 961/2128/1904 960/2130/1906
f 973/2129/1905 960/2130/1906 972/2131/1907
f 972/2131/1907 960/2130/1906 959/2132/1908
f 972/2131/1907 959/2132/1908 971/2133/1909
f 971/2133/1909 959/2132/1908 958/2134/1910
f 971/2133/1909 958/2134/1910 970/2135/1911
f 970/2135/1911 958/2134/1910 957/2136/1912
f 970/2135/1911 957/2136/1912 969/2137/1913
f 969/2137/1913 957/2136/1912 956/2138/1914
f 969/2137/1913 956/2138/1914 968/2139/1915
f 968/2139/1915 956/2138/1914 955/2140/1916
f 968/2139/1915 955/2140/1916 967/2141/1917
f 967/2141/1917 955/2140/1916 954/2142/1918
f 967/2141/1917 954/2142/1918 966/2143/1919
f 966/2143/1919 954/2142/1918 953/2119/1895
f 966/2143/1919 953/2119/1895 965/2121/1897
f 976/2144/1920 988/2145/1921 965/2146/1922
f 965/2146/1922 988/2145/1921 977/2147/1923
f 965/2146/1922 977/2147/1923 966/2148/1924
f 966/2148/1924 977/2147/1923 978/2149/1925
f 966/2148/1924 978/2149/1925 967/2150/1926
f 967/2150/1926 978/2149/1925 979/2151/1927
f 967/2150/1926 979/2151/1927 968/2152/1928
f 968/2152/1928 979/2151/1927 980/2153/1929
f 968/2152/1928 980/2153/1929 969/2154/1930
f 969/2154/1930 980/2153/1929 981/2155/1931
f 969/2154/1930 981/2155/1931 970/2156/1932
f 970/2156/1932 981/2155/1931 982/2157/1933
f 970/2156/1932 982/2157/1933 971/2158/1934
f 971/2158/1934 982/2157/1933 983/2159/1935
f 971/2160/1934 983/2161/1935 972/2162/1936
f 972/2162/1936 983/2161/1935 984/2163/1937
f 972/2162/1936 984/2163/1937 973/2164/1938
f 973/2164/1938 984/2163/1937 985/2165/1939
f 973/2164/1938 985/2165/1939 974/2166/1940
f 974/2166/1940 985/2165/1939 986/2167/1941
f 974/2166/1940 986/2167/1941 975/2168/1942
f 975/2168/1942 986/2167/1941 987/2169/1943
f 975/2168/1942 987/2169/1943 976/2144/1920
f 976/2144/1920 987/2169/1943 988/2145/1921
f 978/2170/1944 977/2171/1945 873/2172/1946
f 873/2172/1946 977/2171/1945 988/2173/1947
f 873/2172/1946 988/2173/1947 874/2174/1948
f 874/2174/1948 988/2173/1947 987/2175/1949
f 874/2174/1948 987/2175/1949 875/2176/1950
f 875/2176/1950 987/2175/1949 986/2177/1951
f 875/2176/1950 986/2177/1951 876/2178/1952
f 876/2178/1952 986/2177/1951 985/2179/1953
f 876/2178/1952 985/2179/1953 984/2180/1954
f 876/2178/1952 984/2180/1954 877/2181/1955
f 877/2181/1955 984/2180/1954 983/2182/1956
f 877/2181/1955 983/2182/1956 878/2183/1957
f 878/2184/1957 983/2185/1956 982/2186/1958
f 878/2184/1957 982/2186/1958 879/2187/1959
f 879/2187/1959 982/2186/1958 981/2188/1960
f 879/2187/1959 981/2188/1960 980/2189/1961
f 879/2187/1959 980/2189/1961 880/2190/1962
f 880/2190/1962 980/2189/1961 979/2191/1963
f 880/2190/1962 979/2191/1963 881/2192/1964
f 881/2192/1964 979/2191/1963 978/2170/1944
f 881/2192/1964 978/2170/1944 873/2172/1946
g Body1:5

v 7.312500 -12.165622 3.000000
v 7.633894 -12.282599 3.000000
v 7.804904 -12.578797 3.000000
v 7.745513 -12.915622 3.000000
v 7.483510 -13.135468 3.000000
v 7.141490 -13.135468 3.000000
v 6.879487 -12.915622 3.000000
v 6.820096 -12.578797 3.000000
v 6.991106 -12.282599 3.000000
v 7.312500 -12.366650 3.000000
v 7.120325 -12.436596 3.000000
v 7.018071 -12.613706 3.000000
v 7.053583 -12.815107 3.000000
v 7.210246 -12.946563 3.000000
v 7.414754 -12.946563 3.000000
v 7.571417 -12.815107 3.000000
v 7.606929 -12.613706 3.000000
v 7.504675 -12.436596 3.000000
v 7.312500 -9.115622 35.010130
v 5.393225 -9.679171 35.010130
v 4.083306 -11.190898 35.010130
v 3.798634 -13.170839 35.010130
v 4.629589 -14.990377 35.010130
v 6.312349 -16.071822 35.010130
v 8.312651 -16.071822 35.010130
v 9.995411 -14.990377 35.010130
v 10.826366 -13.170839 35.010130
v 10.541694 -11.190898 35.010130
v 9.231775 -9.679171 35.010130
v 7.312500 -9.115622 60.200000
v 5.393225 -9.679171 60.200000
v 4.083306 -11.190898 60.200000
v 3.798634 -13.170839 60.200000
v 4.629589 -14.990377 60.200000
v 6.312349 -16.071822 60.200000
v 8.312651 -16.071822 60.200000
v 9.995411 -14.990377 60.200000
v 10.826366 -13.170839 60.200000
v 10.541694 -11.190898 60.200000
v 9.231775 -9.679171 60.200000
v 7.312500 -7.965622 60.200000
v 5.128301 -8.503978 60.200000
v 3.444476 -9.995717 60.200000
v 2.646768 -12.099099 60.200000
v 2.917924 -14.332264 60.200000
v 4.195824 -16.183622 60.200000
v 6.187716 -17.229048 60.200000
v 8.437284 -17.229048 60.200000
v 10.429176 -16.183622 60.200000
v 11.707076 -14.332264 60.200000
v 11.978232 -12.099099 60.200000
v 11.180524 -9.995717 60.200000
v 9.496699 -8.503978 60.200000
v 7.312500 -7.965622 80.000000
v 5.128301 -8.503978 80.000000
v 3.444476 -9.995717 80.000000
v 2.646768 -12.099099 80.000000
v 2.917924 -14.332264 80.000000
v 4.195824 -16.183622 80.000000
v 6.187716 -17.229048 80.000000
v 8.437284 -17.229048 80.000000
v 10.429176 -16.183622 80.000000
v 11.707076 -14.332264 80.000000
v 11.978232 -12.099099 80.000000
v 11.180524 -9.995717 80.000000
v 9.496699 -8.503978 80.000000
v 7.312500 -7.765622 80.000000
v 5.035356 -8.326887 80.000000
v 3.279879 -9.882104 80.000000
v 2.448227 -12.074992 80.000000
v 2.730920 -14.403185 80.000000
v 4.063199 -16.333324 80.000000
v 6.139853 -17.423236 80.000000
v 8.485147 -17.423236 80.000000
v 10.561801 -16.333324 80.000000
v 11.894080 -14.403185 80.000000
v 12.176773 -12.074992 80.000000
v 11.345121 -9.882104 80.000000
v 9.589644 -8.326887 80.000000
v 7.312500 -7.765622 60.000000
v 5.035356 -8.326887 60.000000
v 3.279879 -9.882104 60.000000
v 2.448227 -12.074992 60.000000
v 2.730920 -14.403185 60.000000
v 4.063199 -16.333324 60.000000
v 6.139853 -17.423236 60.000000
v 8.485147 -17.423236 60.000000
v 10.561801 -16.333324 60.000000
v 11.894080 -14.403185 60.000000
v 12.176773 -12.074992 60.000000
v 11.345121 -9.882104 60.000000
v 9.589644 -8.326887 60.000000
v 7.312500 -8.915622 60.000000
v 5.437500 -9.418026 60.000000
v 4.064905 -10.790622 60.000000
v 3.562500 -12.665622 60.000000
v 4.064905 -14.540622 60.000000
v 5.437500 -15.913217 60.000000
v 7.312500 -16.415622 60.000000
v 9.187500 -15.913217 60.000000
v 10.560095 -14.540622 60.000000
v 11.062500 -12.665622 60.000000
v 10.560095 -10.790622 60.000000
v 9.187500 -9.418026 60.000000
v 7.312500 -8.915622 35.000000
v 5.437500 -9.418026 35.000000
v 4.064905 -10.790622 35.000000
v 3.562500 -12.665622 35.000000
v 4.064905 -14.540622 35.000000
v 5.437500 -15.913217 35.000000
v 7.312500 -16.415622 35.000000
v 9.187500 -15.913217 35.000000
v 10.560095 -14.540622 35.000000
v 11.062500 -12.665622 35.000000
v 10.560095 -10.790622 35.000000
v 9.187500 -9.418026 35.000000
vt 0.032139 0.008405 0.000000
vt 0.000000 0.020103 0.000000
vt 0.000000 0.000000 0.000000
vt -0.032139 0.008405 0.000000
vt -0.019217 -0.006995 0.000000
vt -0.049240 -0.021215 0.000000
vt -0.029443 -0.024706 0.000000
vt -0.025892 -0.044846 0.000000
vt -0.043301 -0.054897 0.000000
vt -0.010225 -0.057991 0.000000
vt -0.017101 -0.076882 0.000000
vt 0.017101 -0.076882 0.000000
vt 0.010225 -0.057991 0.000000
vt 0.043301 -0.054897 0.000000
vt 0.025892 -0.044846 0.000000
vt 0.049240 -0.021215 0.000000
vt 0.029443 -0.024706 0.000000
vt 0.019217 -0.006995 0.000000
vt 1.608740 0.134354 0.000000
vt -1.608740 0.109926 0.000000
vt 1.608740 0.000000 0.000000
vt -1.608740 0.000000 0.000000
vt -1.608740 -0.109926 0.000000
vt -1.608740 0.219853 0.000000
vt 1.608740 0.268709 0.000000
vt -1.608740 0.329779 0.000000
vt 1.608740 0.403063 0.000000
vt -1.608740 0.439705 0.000000
vt 1.608740 0.537418 0.000000
vt -1.608740 0.549632 0.000000
vt 1.608740 0.671772 0.000000
vt -1.608740 0.659558 0.000000
vt -1.608740 -0.549632 0.000000
vt 1.608740 -0.537418 0.000000
vt -1.608740 -0.439705 0.000000
vt 1.608740 -0.403063 0.000000
vt -1.608740 -0.329779 0.000000
vt 1.608740 -0.268709 0.000000
vt -1.608740 -0.219853 0.000000
vt 1.608740 -0.134354 0.000000
vt 1.259493 0.202776 0.000000
vt -1.259493 0.000000 0.000000
vt 1.259493 0.000000 0.000000
vt -1.259493 -0.202776 0.000000
vt 1.259493 -0.202776 0.000000
vt -1.259493 -0.405551 0.000000
vt 1.259493 -0.405551 0.000000
vt -1.259493 -0.608327 0.000000
vt 1.259493 -0.608327 0.000000
vt -1.259493 -0.811102 0.000000
vt 1.259493 -0.811102 0.000000
vt -1.259493 -1.013878 0.000000
vt 1.259493 -1.013878 0.000000
vt 1.259493 1.216653 0.000000
vt -1.259493 1.216653 0.000000
vt -1.259493 1.013878 0.000000
vt 1.259493 1.013878 0.000000
vt -1.259493 0.811102 0.000000
vt 1.259493 0.811102 0.000000
vt -1.259493 0.608327 0.000000
vt 1.259493 0.608327 0.000000
vt -1.259493 0.405551 0.000000
vt 1.259493 0.405551 0.000000
vt -1.259493 0.202776 0.000000
vt 0.191927 -0.171355 0.000000
vt 0.218420 -0.053836 0.000000
vt 0.000000 -0.115000 0.000000
vt 0.000000 0.000000 0.000000
vt -0.218420 -0.053836 0.000000
vt 0.386802 -0.203010 0.000000
vt 0.322919 -0.322528 0.000000
vt 0.466573 -0.413348 0.000000
vt 0.351387 -0.520522 0.000000
vt 0.439458 -0.636664 0.000000
vt 0.268291 -0.702476 0.000000
vt 0.311668 -0.821800 0.000000
vt 0.100015 -0.810620 0.000000
vt 0.112478 -0.926343 0.000000
vt -0.100015 -0.810620 0.000000
vt -0.112478 -0.926343 0.000000
vt -0.311668 -0.821800 0.000000
vt -0.268291 -0.702476 0.000000
vt -0.439458 -0.636664 0.000000
vt -0.351387 -0.520522 0.000000
vt -0.466573 -0.413348 0.000000
vt -0.322919 -0.322528 0.000000
vt -0.386802 -0.203010 0.000000
vt -0.191927 -0.171355 0.000000
vt 0.990000 0.227161 0.000000
vt -0.990000 0.000000 0.000000
vt 0.990000 0.000000 0.000000
vt -0.990000 -0.227161 0.000000
vt 0.990000 -0.227161 0.000000
vt -0.990000 -0.454323 0.000000
vt 0.990000 -0.454323 0.000000
vt -0.990000 -0.681484 0.000000
vt 0.990000 -0.681484 0.000000
vt -0.990000 -0.908645 0.000000
vt 0.990000 -0.908645 0.000000
vt -0.990000 -1.135807 0.000000
vt 0.990000 -1.135807 0.000000
vt -0.990000 -1.362968 0.000000
vt 0.990000 -1.362968 0.000000
vt 0.990000 1.590129 0.000000
vt -0.990000 1.590129 0.000000
vt -0.990000 1.362968 0.000000
vt 0.990000 1.362968 0.000000
vt -0.990000 1.135807 0.000000
vt 0.990000 1.135807 0.000000
vt -0.990000 0.908645 0.000000
vt 0.990000 0.908645 0.000000
vt -0.990000 0.681484 0.000000
vt 0.990000 0.681484 0.000000
vt -0.990000 0.454323 0.000000
vt 0.990000 0.454323 0.000000
vt -0.990000 0.227161 0.000000
vt 0.218420 -0.073836 0.000000
vt 0.227714 -0.056127 0.000000
vt 0.000000 -0.020000 0.000000
vt 0.000000 0.000000 0.000000
vt -0.227714 -0.056127 0.000000
vt 0.403262 -0.211648 0.000000
vt 0.386802 -0.223010 0.000000
vt 0.486427 -0.430937 0.000000
vt 0.466573 -0.433348 0.000000
vt 0.439458 -0.656664 0.000000
vt 0.458158 -0.663756 0.000000
vt 0.311668 -0.841800 0.000000
vt 0.324930 -0.856770 0.000000
vt 0.112478 -0.946343 0.000000
vt 0.117265 -0.965761 0.000000
vt -0.112478 -0.946343 0.000000
vt -0.117265 -0.965761 0.000000
vt -0.324930 -0.856770 0.000000
vt -0.311668 -0.841800 0.000000
vt -0.458158 -0.663756 0.000000
vt -0.439458 -0.656664 0.000000
vt -0.486427 -0.430937 0.000000
vt -0.466573 -0.433348 0.000000
vt -0.386802 -0.223010 0.000000
vt -0.403262 -0.211648 0.000000
vt -0.218420 -0.073836 0.000000
vt 1.000000 0.236828 0.000000
vt -1.000000 0.000000 0.000000
vt 1.000000 0.000000 0.000000
vt -1.000000 -0.236828 0.000000
vt 1.000000 -0.236828 0.000000
vt -1.000000 -0.473656 0.000000
vt 1.000000 -0.473656 0.000000
vt -1.000000 -0.710483 0.000000
vt 1.000000 -0.710483 0.000000
vt -1.000000 -0.947311 0.000000
vt 1.000000 -0.947311 0.000000
vt -1.000000 -1.184139 0.000000
vt 1.000000 -1.184139 0.000000
vt -1.000000 -1.420967 0.000000
vt 1.000000 -1.420967 0.000000
vt 1.000000 1.657794 0.000000
vt -1.000000 1.657794 0.000000
vt -1.000000 1.420967 0.000000
vt 1.000000 1.420967 0.000000
vt -1.000000 1.184139 0.000000
vt 1.000000 1.184139 0.000000
vt -1.000000 0.947311 0.000000
vt 1.000000 0.947311 0.000000
vt -1.000000 0.710483 0.000000
vt 1.000000 0.710483 0.000000
vt -1.000000 0.473656 0.000000
vt 1.000000 0.473656 0.000000
vt -1.000000 0.236828 0.000000
vt 0.227714 0.058873 0.000000
vt 0.000000 0.115000 0.000000
vt 0.000000 0.000000 0.000000
vt -0.227714 0.058873 0.000000
vt -0.187500 -0.050240 0.000000
vt -0.403262 -0.096648 0.000000
vt -0.324760 -0.187500 0.000000
vt -0.486427 -0.315937 0.000000
vt -0.375000 -0.375000 0.000000
vt -0.458158 -0.548756 0.000000
vt -0.324760 -0.562500 0.000000
vt -0.324930 -0.741770 0.000000
vt -0.187500 -0.699760 0.000000
vt -0.117265 -0.850761 0.000000
vt -0.000000 -0.750000 0.000000
vt 0.117265 -0.850761 0.000000
vt 0.187500 -0.699760 0.000000
vt 0.324930 -0.741770 0.000000
vt 0.324760 -0.562500 0.000000
vt 0.458158 -0.548756 0.000000
vt 0.375000 -0.375000 0.000000
vt 0.486427 -0.315937 0.000000
vt 0.324760 -0.187500 0.000000
vt 0.403262 -0.096648 0.000000
vt 0.187500 -0.050240 0.000000
vt 1.250000 0.196350 0.000000
vt -1.250000 0.196350 0.000000
vt 1.250000 0.000000 0.000000
vt -1.250000 0.000000 0.000000
vt 1.250000 -0.196350 0.000000
vt -1.250000 -0.196350 0.000000
vt 1.250000 -0.392699 0.000000
vt -1.250000 -0.392699 0.000000
vt 1.250000 -0.589049 0.000000
vt -1.250000 -0.589049 0.000000
vt 1.250000 -0.785398 0.000000
vt -1.250000 -0.785398 0.000000
vt 1.250000 -0.981748 0.000000
vt -1.250000 -0.981748 0.000000
vt 1.250000 -1.178097 0.000000
vt -1.250000 -1.178097 0.000000
vt 1.250000 1.178097 0.000000
vt -1.250000 1.178097 0.000000
vt 1.250000 0.981748 0.000000
vt -1.250000 0.981748 0.000000
vt 1.250000 0.785398 0.000000
vt -1.250000 0.785398 0.000000
vt 1.250000 0.589049 0.000000
vt -1.250000 0.589049 0.000000
vt 1.250000 0.392699 0.000000
vt -1.250000 0.392699 0.000000
vt 1.608231 -0.111265 0.000000
vt 1.608231 0.000000 0.000000
vt -1.608231 0.000000 0.000000
vt 1.608231 0.111265 0.000000
vt -1.608231 0.148353 0.000000
vt 1.608231 0.222529 0.000000
vt -1.608231 0.296706 0.000000
vt 1.608231 0.333794 0.000000
vt -1.608231 0.445059 0.000000
vt 1.608231 0.445059 0.000000
vt 1.608231 0.556324 0.000000
vt -1.608231 0.593412 0.000000
vt 1.608231 0.667588 0.000000
vt -1.608231 0.741765 0.000000
vt -1.608231 -0.593412 0.000000
vt 1.608231 -0.667588 0.000000
vt 1.608231 -0.556324 0.000000
vt -1.608231 -0.445059 0.000000
vt 1.608231 -0.445059 0.000000
vt 1.608231 -0.333794 0.000000
vt -1.608231 -0.296706 0.000000
vt 1.608231 -0.222529 0.000000
vt -1.608231 -0.148353 0.000000
vn 0.000000 0.000000 -0.100000
vn 0.000000 0.000000 -0.100000
vn 0.000000 0.000000 -0.100000
vn 0.000000 0.000000 -0.100000
vn 0.000000 0.000000 -0.100000
vn 0.000000 0.000000 -0.100000
vn 0.000000 0.000000 -0.100000
vn 0.000000 0.000000 -0.100000
vn 0.000000 0.000000 -0.100000
vn 0.000000 0.000000 -0.100000
vn 0.000000 0.000000 -0.100000
vn 0.000000 0.000000 -0.100000
vn 0.000000 0.000000 -0.100000
vn 0.000000 0.000000 -0.100000
vn 0.000000 0.000000 -0.100000
vn 0.000000 0.000000 -0.100000
vn 0.000000 0.000000 -0.100000
vn 0.000000 0.000000 -0.100000
vn -0.063950 -0.076212 0.010104
vn -0.053787 -0.083695 0.010104
vn -0.000000 -0.099488 0.010104
vn -0.000000 -0.099488 0.010104
vn 0.053787 -0.083695 0.010104
vn -0.090498 -0.041329 0.010104
vn -0.097977 -0.017276 0.010104
vn -0.098476 0.014159 0.010104
vn -0.086159 0.049744 0.010104
vn -0.075188 0.065151 0.010104
vn -0.034027 0.093488 0.010104
vn -0.028029 0.095458 0.010104
vn 0.034027 0.093488 0.010104
vn 0.028029 0.095458 0.010104
vn 0.075188 0.065151 0.010104
vn 0.086159 0.049744 0.010104
vn 0.098476 0.014159 0.010104
vn 0.097977 -0.017276 0.010104
vn 0.090498 -0.041329 0.010104
vn 0.063950 -0.076212 0.010104
vn -0.054064 -0.084125 -0.000000
vn -0.000000 -0.100000 0.000000
vn -0.000000 -0.100000 0.000000
vn 0.054064 -0.084125 0.000000
vn 0.054064 -0.084125 0.000000
vn 0.090963 -0.041542 0.000000
vn 0.090963 -0.041542 0.000000
vn 0.098982 0.014231 0.000000
vn 0.098982 0.014231 0.000000
vn 0.075575 0.065486 0.000000
vn 0.075575 0.065486 0.000000
vn 0.028173 0.095949 0.000000
vn 0.028173 0.095949 0.000000
vn -0.028173 0.095949 -0.000000
vn -0.028173 0.095949 -0.000000
vn -0.075575 0.065486 -0.000000
vn -0.075575 0.065486 -0.000000
vn -0.098982 0.014231 -0.000000
vn -0.098982 0.014231 -0.000000
vn -0.090963 -0.041542 -0.000000
vn -0.090963 -0.041542 -0.000000
vn -0.054064 -0.084125 -0.000000
vn -0.000000 -0.000000 0.100000
vn -0.000000 -0.000000 0.100000
vn -0.000000 -0.000000 0.100000
vn -0.000000 -0.000000 0.100000
vn -0.000000 -0.000000 0.100000
vn -0.000000 -0.000000 0.100000
vn -0.000000 -0.000000 0.100000
vn -0.000000 -0.000000 0.100000
vn -0.000000 -0.000000 0.100000
vn -0.000000 -0.000000 0.100000
vn -0.000000 -0.000000 0.100000
vn -0.000000 -0.000000 0.100000
vn -0.000000 -0.000000 0.100000
vn -0.000000 -0.000000 0.100000
vn -0.000000 -0.000000 0.100000
vn -0.000000 -0.000000 0.100000
vn -0.000000 -0.000000 0.100000
vn -0.000000 -0.000000 0.100000
vn -0.000000 -0.000000 0.100000
vn -0.000000 -0.000000 0.100000
vn -0.000000 -0.000000 0.100000
vn -0.000000 -0.000000 0.100000
vn -0.000000 -0.000000 0.100000
vn -0.000000 -0.000000 0.100000
vn -0.046472 -0.088546 -0.000000
vn -0.000000 -0.100000 0.000000
vn -0.000000 -0.100000 0.000000
vn 0.046472 -0.088546 0.000000
vn 0.046472 -0.088546 0.000000
vn 0.082298 -0.056806 0.000000
vn 0.082298 -0.056806 0.000000
vn 0.099271 -0.012054 0.000000
vn 0.099271 -0.012054 0.000000
vn 0.093502 0.035460 0.000000
vn 0.093502 0.035460 0.000000
vn 0.066312 0.074851 0.000000
vn 0.066312 0.074851 0.000000
vn 0.023932 0.097094 0.000000
vn 0.023932 0.097094 0.000000
vn -0.023932 0.097094 -0.000000
vn -0.023932 0.097094 -0.000000
vn -0.066312 0.074851 -0.000000
vn -0.066312 0.074851 -0.000000
vn -0.093502 0.035460 -0.000000
vn -0.093502 0.035460 -0.000000
vn -0.099271 -0.012054 -0.000000
vn -0.099271 -0.012054 -0.000000
vn -0.082298 -0.056806 -0.000000
vn -0.082298 -0.056806 -0.000000
vn -0.046472 -0.088546 -0.000000
vn -0.000000 -0.000000 0.100000
vn -0.000000 -0.000000 0.100000
vn -0.000000 -0.000000 0.100000
vn -0.000000 -0.000000 0.100000
vn -0.000000 -0.000000 0.100000
vn -0.000000 -0.000000 0.100000
vn -0.000000 -0.000000 0.100000
vn -0.000000 -0.000000 0.100000
vn -0.000000 -0.000000 0.100000
vn -0.000000 -0.000000 0.100000
vn -0.000000 -0.000000 0.100000
vn -0.000000 -0.000000 0.100000
vn -0.000000 -0.000000 0.100000
vn -0.000000 -0.000000 0.100000
vn -0.000000 -0.000000 0.100000
vn -0.000000 -0.000000 0.100000
vn -0.000000 -0.000000 0.100000
vn -0.000000 -0.000000 0.100000
vn -0.000000 -0.000000 0.100000
vn -0.000000 -0.000000 0.100000
vn -0.000000 -0.000000 0.100000
vn -0.000000 -0.000000 0.100000
vn -0.000000 -0.000000 0.100000
vn -0.000000 -0.000000 0.100000
vn -0.000000 -0.000000 0.100000
vn -0.000000 -0.000000 0.100000
vn 0.046472 0.088546 0.000000
vn 0.000000 0.100000 -0.000000
vn 0.000000 0.100000 -0.000000
vn -0.046472 0.088546 -0.000000
vn -0.046472 0.088546 -0.000000
vn -0.082298 0.056806 -0.000000
vn -0.082298 0.056806 -0.000000
vn -0.099271 0.012054 -0.000000
vn -0.099271 0.012054 -0.000000
vn -0.093502 -0.035460 -0.000000
vn -0.093502 -0.035460 -0.000000
vn -0.066312 -0.074851 -0.000000
vn -0.066312 -0.074851 -0.000000
vn -0.023932 -0.097094 -0.000000
vn -0.023932 -0.097094 -0.000000
vn 0.023932 -0.097094 0.000000
vn 0.023932 -0.097094 0.000000
vn 0.066312 -0.074851 0.000000
vn 0.066312 -0.074851 0.000000
vn 0.093502 -0.035460 0.000000
vn 0.093502 -0.035460 0.000000
vn 0.099271 0.012054 0.000000
vn 0.099271 0.012054 0.000000
vn 0.082298 0.056806 0.000000
vn 0.082298 0.056806 0.000000
vn 0.046472 0.088546 0.000000
vn 0.000000 0.000000 -0.100000
vn 0.000000 0.000000 -0.100000
vn 0.000000 0.000000 -0.100000
vn 0.000000 0.000000 -0.100000
vn 0.000000 0.000000 -0.100000
vn 0.000000 0.000000 -0.100000
vn 0.000000 0.000000 -0.100000
vn 0.000000 0.000000 -0.100000
vn 0.000000 0.000000 -0.100000
vn 0.000000 0.000000 -0.100000
vn 0.000000 0.000000 -0.100000
vn 0.000000 0.000000 -0.100000
vn 0.000000 0.000000 -0.100000
vn 0.000000 0.000000 -0.100000
vn 0.000000 0.000000 -0.100000
vn 0.000000 0.000000 -0.100000
vn 0.000000 0.000000 -0.100000
vn 0.000000 0.000000 -0.100000
vn 0.000000 0.000000 -0.100000
vn 0.000000 0.000000 -0.100000
vn 0.000000 0.000000 -0.100000
vn 0.000000 0.000000 -0.100000
vn 0.000000 0.000000 -0.100000
vn 0.000000 0.000000 -0.100000
vn 0.000000 0.000000 -0.100000
vn 0.050000 0.086603 0.000000
vn 0.050000 0.086603 0.000000
vn 0.000000 0.100000 -0.000000
vn 0.000000 0.100000 -0.000000
vn -0.050000 0.086603 -0.000000
vn -0.050000 0.086603 -0.000000
vn -0.086603 0.050000 -0.000000
vn -0.086603 0.050000 -0.000000
vn -0.100000 -0.000000 -0.000000
vn -0.100000 -0.000000 -0.000000
vn -0.086603 -0.050000 -0.000000
vn -0.086603 -0.050000 -0.000000
vn -0.050000 -0.086603 -0.000000
vn -0.050000 -0.086603 -0.000000
vn -0.000000 -0.100000 0.000000
vn -0.000000 -0.100000 0.000000
vn 0.050000 -0.086603 0.000000
vn 0.050000 -0.086603 0.000000
vn 0.086603 -0.050000 0.000000
vn 0.086603 -0.050000 0.000000
vn 0.100000 0.000000 0.000000
vn 0.100000 0.000000 0.000000
vn 0.086603 0.050000 0.000000
vn 0.086603 0.050000 0.000000
vn -0.049744 0.086159 -0.010104
vn 0.000000 0.099488 -0.010104
vn 0.000000 0.099488 -0.010104
vn 0.049744 0.086159 -0.010104
vn 0.063950 0.076212 -0.010104
vn 0.086159 0.049744 -0.010104
vn 0.097977 0.017276 -0.010104
vn 0.099488 0.000000 -0.010104
vn 0.086159 -0.049744 -0.010104
vn 0.086159 -0.049744 -0.010104
vn 0.049744 -0.086159 -0.010104
vn 0.034027 -0.093488 -0.010104
vn 0.000000 -0.099488 -0.010104
vn -0.034027 -0.093488 -0.010104
vn -0.049744 -0.086159 -0.010104
vn -0.086159 -0.049744 -0.010104
vn -0.086159 -0.049744 -0.010104
vn -0.099488 -0.000000 -0.010104
vn -0.097977 0.017276 -0.010104
vn -0.086159 0.049744 -0.010104
vn -0.063950 0.076212 -0.010104
f 997/2193/1965 989/2194/1966 998/2195/1967
f 998/2195/1967 989/2194/1966 990/2196/1968
f 998/2195/1967 990/2196/1968 1006/2197/1969
f 1006/2197/1969 990/2196/1968 991/2198/1970
f 1006/2197/1969 991/2198/1970 1005/2199/1971
f 1005/2199/1971 991/2198/1970 1004/2200/1972
f 1004/2200/1972 991/2198/1970 992/2201/1973
f 1004/2200/1972 992/2201/1973 1003/2202/1974
f 1003/2202/1974 992/2201/1973 993/2203/1975
f 1003/2202/1974 993/2203/1975 994/2204/1976
f 1003/2202/1974 994/2204/1976 1002/2205/1977
f 1002/2205/1977 994/2204/1976 995/2206/1978
f 1002/2205/1977 995/2206/1978 1001/2207/1979
f 1001/2207/1979 995/2206/1978 996/2208/1980
f 1001/2207/1979 996/2208/1980 1000/2209/1981
f 1000/2209/1981 996/2208/1980 999/2210/1982
f 999/2210/1982 996/2208/1980 997/2193/1965
f 999/2210/1982 997/2193/1965 998/2195/1967
f 1006/2211/1983 1017/2212/1984 998/2213/1985
f 998/2213/1985 1017/2212/1984 1007/2214/1986
f 998/2213/1985 1007/2214/1986 1008/2215/1987
f 1017/2212/1984 1006/2211/1983 1016/2216/1988
f 1016/2216/1988 1006/2211/1983 1005/2217/1989
f 1016/2216/1988 1005/2217/1989 1015/2218/1990
f 1015/2218/1990 1005/2217/1989 1004/2219/1991
f 1015/2218/1990 1004/2219/1991 1014/2220/1992
f 1014/2220/1992 1004/2219/1991 1003/2221/1993
f 1014/2220/1992 1003/2221/1993 1013/2222/1994
f 1013/2222/1994 1003/2221/1993 1002/2223/1995
f 1013/2222/1994 1002/2223/1995 1012/2224/1996
f 1012/2225/1996 1002/2226/1995 1011/2227/1997
f 1011/2227/1997 1002/2226/1995 1001/2228/1998
f 1011/2227/1997 1001/2228/1998 1010/2229/1999
f 1010/2229/1999 1001/2228/1998 1000/2230/2000
f 1010/2229/1999 1000/2230/2000 1009/2231/2001
f 1009/2231/2001 1000/2230/2000 999/2232/2002
f 1009/2231/2001 999/2232/2002 1008/2215/1987
f 1008/2215/1987 999/2232/2002 998/2213/1985
f 1017/2233/2003 1018/2234/2004 1007/2235/2005
f 1007/2235/2005 1018/2234/2004 1019/2236/2006
f 1007/2235/2005 1019/2236/2006 1008/2237/2007
f 1008/2237/2007 1019/2236/2006 1020/2238/2008
f 1008/2237/2007 1020/2238/2008 1009/2239/2009
f 1009/2239/2009 1020/2238/2008 1021/2240/2010
f 1009/2239/2009 1021/2240/2010 1010/2241/2011
f 1010/2241/2011 1021/2240/2010 1022/2242/2012
f 1010/2241/2011 1022/2242/2012 1011/2243/2013
f 1011/2243/2013 1022/2242/2012 1023/2244/2014
f 1011/2243/2013 1023/2244/2014 1012/2245/2015
f 1012/2246/2015 1023/2247/2014 1024/2248/2016
f 1012/2246/2015 1024/2248/2016 1013/2249/2017
f 1013/2249/2017 1024/2248/2016 1025/2250/2018
f 1013/2249/2017 1025/2250/2018 1014/2251/2019
f 1014/2251/2019 1025/2250/2018 1026/2252/2020
f 1014/2251/2019 1026/2252/2020 1015/2253/2021
f 1015/2253/2021 1026/2252/2020 1027/2254/2022
f 1015/2253/2021 1027/2254/2022 1016/2255/2023
f 1016/2255/2023 1027/2254/2022 1028/2256/2024
f 1016/2255/2023 1028/2256/2024 1017/2233/2003
f 1017/2233/2003 1028/2256/2024 1018/2234/2004
f 1028/2257/2025 1041/2258/2026 1018/2259/2027
f 1018/2259/2027 1041/2258/2026 1029/2260/2028
f 1018/2259/2027 1029/2260/2028 1030/2261/2029
f 1041/2258/2026 1028/2257/2025 1040/2262/2030
f 1040/2262/2030 1028/2257/2025 1027/2263/2031
f 1040/2262/2030 1027/2263/2031 1039/2264/2032
f 1039/2264/2032 1027/2263/2031 1026/2265/2033
f 1039/2264/2032 1026/2265/2033 1038/2266/2034
f 1038/2266/2034 1026/2265/2033 1025/2267/2035
f 1038/2266/2034 1025/2267/2035 1037/2268/2036
f 1037/2268/2036 1025/2267/2035 1024/2269/2037
f 1037/2268/2036 1024/2269/2037 1036/2270/2038
f 1036/2270/2038 1024/2269/2037 1023/2271/2039
f 1036/2270/2038 1023/2271/2039 1035/2272/2040
f 1035/2272/2040 1023/2271/2039 1034/2273/2041
f 1034/2273/2041 1023/2271/2039 1022/2274/2042
f 1034/2273/2041 1022/2274/2042 1033/2275/2043
f 1033/2275/2043 1022/2274/2042 1021/2276/2044
f 1033/2275/2043 1021/2276/2044 1032/2277/2045
f 1032/2277/2045 1021/2276/2044 1020/2278/2046
f 1032/2277/2045 1020/2278/2046 1031/2279/2047
f 1031/2279/2047 1020/2278/2046 1019/2280/2048
f 1031/2279/2047 1019/2280/2048 1030/2261/2029
f 1030/2261/2029 1019/2280/2048 1018/2259/2027
f 1041/2281/2049 1042/2282/2050 1029/2283/2051
f 1029/2283/2051 1042/2282/2050 1043/2284/2052
f 1029/2283/2051 1043/2284/2052 1030/2285/2053
f 1030/2285/2053 1043/2284/2052 1044/2286/2054
f 1030/2285/2053 1044/2286/2054 1031/2287/2055
f 1031/2287/2055 1044/2286/2054 1045/2288/2056
f 1031/2287/2055 1045/2288/2056 1032/2289/2057
f 1032/2289/2057 1045/2288/2056 1046/2290/2058
f 1032/2289/2057 1046/2290/2058 1033/2291/2059
f 1033/2291/2059 1046/2290/2058 1047/2292/2060
f 1033/2291/2059 1047/2292/2060 1034/2293/2061
f 1034/2293/2061 1047/2292/2060 1048/2294/2062
f 1034/2293/2061 1048/2294/2062 1035/2295/2063
f 1035/2296/2063 1048/2297/2062 1049/2298/2064
f 1035/2296/2063 1049/2298/2064 1036/2299/2065
f 1036/2299/2065 1049/2298/2064 1050/2300/2066
f 1036/2299/2065 1050/2300/2066 1037/2301/2067
f 1037/2301/2067 1050/2300/2066 1051/2302/2068
f 1037/2301/2067 1051/2302/2068 1038/2303/2069
f 1038/2303/2069 1051/2302/2068 1052/2304/2070
f 1038/2303/2069 1052/2304/2070 1039/2305/2071
f 1039/2305/2071 1052/2304/2070 1053/2306/2072
f 1039/2305/2071 1053/2306/2072 1040/2307/2073
f 1040/2307/2073 1053/2306/2072 1054/2308/2074
f 1040/2307/2073 1054/2308/2074 1041/2281/2049
f 1041/2281/2049 1054/2308/2074 1042/2282/2050
f 1054/2309/2075 1067/2310/2076 1042/2311/2077
f 1042/2311/2077 1067/2310/2076 1055/2312/2078
f 1042/2311/2077 1055/2312/2078 1056/2313/2079
f 1067/2310/2076 1054/2309/2075 1066/2314/2080
f 1066/2314/2080 1054/2309/2075 1053/2315/2081
f 1066/2314/2080 1053/2315/2081 1065/2316/2082
f 1065/2316/2082 1053/2315/2081 1052/2317/2083
f 1065/2316/2082 1052/2317/2083 1051/2318/2084
f 1065/2316/2082 1051/2318/2084 1064/2319/2085
f 1064/2319/2085 1051/2318/2084 1050/2320/2086
f 1064/2319/2085 1050/2320/2086 1063/2321/2087
f 1063/2321/2087 1050/2320/2086 1049/2322/2088
f 1063/2321/2087 1049/2322/2088 1062/2323/2089
f 1062/2323/2089 1049/2322/2088 1048/2324/2090
f 1062/2323/2089 1048/2324/2090 1061/2325/2091
f 1061/2325/2091 1048/2324/2090 1060/2326/2092
f 1060/2326/2092 1048/2324/2090 1047/2327/2093
f 1060/2326/2092 1047/2327/2093 1059/2328/2094
f 1059/2328/2094 1047/2327/2093 1046/2329/2095
f 1059/2328/2094 1046/2329/2095 1058/2330/2096
f 1058/2330/2096 1046/2329/2095 1045/2331/2097
f 1058/2330/2096 1045/2331/2097 1044/2332/2098
f 1058/2330/2096 1044/2332/2098 1057/2333/2099
f 1057/2333/2099 1044/2332/2098 1043/2334/2100
f 1057/2333/2099 1043/2334/2100 1056/2313/2079
f 1056/2313/2079 1043/2334/2100 1042/2311/2077
f 1067/2335/2101 1068/2336/2102 1055/2337/2103
f 1055/2337/2103 1068/2336/2102 1069/2338/2104
f 1055/2337/2103 1069/2338/2104 1056/2339/2105
f 1056/2339/2105 1069/2338/2104 1070/2340/2106
f 1056/2339/2105 1070/2340/2106 1057/2341/2107
f 1057/2341/2107 1070/2340/2106 1071/2342/2108
f 1057/2341/2107 1071/2342/2108 1058/2343/2109
f 1058/2343/2109 1071/2342/2108 1072/2344/2110
f 1058/2343/2109 1072/2344/2110 1059/2345/2111
f 1059/2345/2111 1072/2344/2110 1073/2346/2112
f 1059/2345/2111 1073/2346/2112 1060/2347/2113
f 1060/2347/2113 1073/2346/2112 1074/2348/2114
f 1060/2347/2113 1074/2348/2114 1061/2349/2115
f 1061/2350/2115 1074/2351/2114 1075/2352/2116
f 1061/2350/2115 1075/2352/2116 1062/2353/2117
f 1062/2353/2117 1075/2352/2116 1076/2354/2118
f 1062/2353/2117 1076/2354/2118 1063/2355/2119
f 1063/2355/2119 1076/2354/2118 1077/2356/2120
f 1063/2355/2119 1077/2356/2120 1064/2357/2121
f 1064/2357/2121 1077/2356/2120 1078/2358/2122
f 1064/2357/2121 1078/2358/2122 1065/2359/2123
f 1065/2359/2123 1078/2358/2122 1079/2360/2124
f 1065/2359/2123 1079/2360/2124 1066/2361/2125
f 1066/2361/2125 1079/2360/2124 1080/2362/2126
f 1066/2361/2125 1080/2362/2126 1067/2335/2101
f 1067/2335/2101 1080/2362/2126 1068/2336/2102
f 1069/2363/2127 1068/2364/2128 1081/2365/2129
f 1081/2365/2129 1068/2364/2128 1080/2366/2130
f 1081/2365/2129 1080/2366/2130 1092/2367/2131
f 1092/2367/2131 1080/2366/2130 1079/2368/2132
f 1092/2367/2131 1079/2368/2132 1091/2369/2133
f 1091/2369/2133 1079/2368/2132 1078/2370/2134
f 1091/2369/2133 1078/2370/2134 1090/2371/2135
f 1090/2371/2135 1078/2370/2134 1077/2372/2136
f 1090/2371/2135 1077/2372/2136 1089/2373/2137
f 1089/2373/2137 1077/2372/2136 1076/2374/2138
f 1089/2373/2137 1076/2374/2138 1088/2375/2139
f 1088/2375/2139 1076/2374/2138 1075/2376/2140
f 1088/2375/2139 1075/2376/2140 1087/2377/2141
f 1087/2377/2141 1075/2376/2140 1074/2378/2142
f 1087/2377/2141 1074/2378/2142 1086/2379/2143
f 1086/2379/2143 1074/2378/2142 1073/2380/2144
f 1086/2379/2143 1073/2380/2144 1085/2381/2145
f 1085/2381/2145 1073/2380/2144 1072/2382/2146
f 1085/2381/2145 1072/2382/2146 1084/2383/2147
f 1084/2383/2147 1072/2382/2146 1071/2384/2148
f 1084/2383/2147 1071/2384/2148 1083/2385/2149
f 1083/2385/2149 1071/2384/2148 1070/2386/2150
f 1083/2385/2149 1070/2386/2150 1082/2387/2151
f 1082/2387/2151 1070/2386/2150 1069/2363/2127
f 1082/2387/2151 1069/2363/2127 1081/2365/2129
f 1092/2388/2152 1104/2389/2153 1081/2390/2154
f 1081/2390/2154 1104/2389/2153 1093/2391/2155
f 1081/2390/2154 1093/2391/2155 1082/2392/2156
f 1082/2392/2156 1093/2391/2155 1094/2393/2157
f 1082/2392/2156 1094/2393/2157 1083/2394/2158
f 1083/2394/2158 1094/2393/2157 1095/2395/2159
f 1083/2394/2158 1095/2395/2159 1084/2396/2160
f 1084/2396/2160 1095/2395/2159 1096/2397/2161
f 1084/2396/2160 1096/2397/2161 1085/2398/2162
f 1085/2398/2162 1096/2397/2161 1097/2399/2163
f 1085/2398/2162 1097/2399/2163 1086/2400/2164
f 1086/2400/2164 1097/2399/2163 1098/2401/2165
f 1086/2400/2164 1098/2401/2165 1087/2402/2166
f 1087/2402/2166 1098/2401/2165 1099/2403/2167
f 1087/2404/2166 1099/2405/2167 1088/2406/2168
f 1088/2406/2168 1099/2405/2167 1100/2407/2169
f 1088/2406/2168 1100/2407/2169 1089/2408/2170
f 1089/2408/2170 1100/2407/2169 1101/2409/2171
f 1089/2408/2170 1101/2409/2171 1090/2410/2172
f 1090/2410/2172 1101/2409/2171 1102/2411/2173
f 1090/2410/2172 1102/2411/2173 1091/2412/2174
f 1091/2412/2174 1102/2411/2173 1103/2413/2175
f 1091/2412/2174 1103/2413/2175 1092/2388/2152
f 1092/2388/2152 1103/2413/2175 1104/2389/2153
f 1094/2414/2176 1093/2415/2177 989/2416/2178
f 989/2416/2178 1093/2415/2177 1104/2417/2179
f 989/2416/2178 1104/2417/2179 990/2418/2180
f 990/2418/2180 1104/2417/2179 1103/2419/2181
f 990/2418/2180 1103/2419/2181 991/2420/2182
f 991/2420/2182 1103/2419/2181 1102/2421/2183
f 991/2420/2182 1102/2421/2183 992/2422/2184
f 992/2422/2184 1102/2421/2183 1101/2423/2185
f 992/2422/2184 1101/2423/2185 1100/2424/2186
f 992/2422/2184 1100/2424/2186 993/2425/2187
f 993/2425/2187 1100/2424/2186 1099/2426/2188
f 993/2425/2187 1099/2426/2188 994/2427/2189
f 994/2428/2189 1099/2429/2188 1098/2430/2190
f 994/2428/2189 1098/2430/2190 995/2431/2191
f 995/2431/2191 1098/2430/2190 1097/2432/2192
f 995/2431/2191 1097/2432/2192 1096/2433/2193
f 995/2431/2191 1096/2433/2193 996/2434/2194
f 996/2434/2194 1096/2433/2193 1095/2435/2195
f 996/2434/2194 1095/2435/2195 997/2436/2196
f 997/2436/2196 1095/2435/2195 1094/2414/2176
f 997/2436/2196 1094/2414/2176 989/2416/2178
g Body1:6

v 14.625000 0.500000 3.000000
v 14.946394 0.383022 3.000000
v 15.117404 0.086824 3.000000
v 15.058013 -0.250000 3.000000
v 14.796010 -0.469846 3.000000
v 14.453990 -0.469846 3.000000
v 14.191987 -0.250000 3.000000
v 14.132596 0.086824 3.000000
v 14.303606 0.383022 3.000000
v 14.625000 0.298971 3.000000
v 14.432825 0.229025 3.000000
v 14.330571 0.051916 3.000000
v 14.366083 -0.149486 3.000000
v 14.522746 -0.280941 3.000000
v 14.727254 -0.280941 3.000000
v 14.883917 -0.149486 3.000000
v 14.919429 0.051916 3.000000
v 14.817175 0.229025 3.000000
v 14.625000 3.550000 35.010130
v 12.705725 2.986450 35.010130
v 11.395806 1.474723 35.010130
v 11.111134 -0.505218 35.010130
v 11.942089 -2.324756 35.010130
v 13.624849 -3.406200 35.010130
v 15.625151 -3.406200 35.010130
v 17.307911 -2.324756 35.010130
v 18.138866 -0.505218 35.010130
v 17.854194 1.474723 35.010130
v 16.544275 2.986450 35.010130
v 14.625000 3.550000 60.200000
v 12.705725 2.986450 60.200000
v 11.395806 1.474723 60.200000
v 11.111134 -0.505218 60.200000
v 11.942089 -2.324756 60.200000
v 13.624849 -3.406200 60.200000
v 15.625151 -3.406200 60.200000
v 17.307911 -2.324756 60.200000
v 18.138866 -0.505218 60.200000
v 17.854194 1.474723 60.200000
v 16.544275 2.986450 60.200000
v 14.625000 4.700000 60.200000
v 12.440801 4.161643 60.200000
v 10.756976 2.669904 60.200000
v 9.959268 0.566522 60.200000
v 10.230424 -1.666643 60.200000
v 11.508324 -3.518001 60.200000
v 13.500216 -4.563427 60.200000
v 15.749784 -4.563427 60.200000
v 17.741676 -3.518001 60.200000
v 19.019576 -1.666643 60.200000
v 19.290732 0.566522 60.200000
v 18.493024 2.669904 60.200000
v 16.809199 4.161643 60.200000
v 14.625000 4.700000 80.000000
v 12.440801 4.161643 80.000000
v 10.756976 2.669904 80.000000
v 9.959268 0.566522 80.000000
v 10.230424 -1.666643 80.000000
v 11.508324 -3.518001 80.000000
v 13.500216 -4.563427 80.000000
v 15.749784 -4.563427 80.000000
v 17.741676 -3.518001 80.000000
v 19.019576 -1.666643 80.000000
v 19.290732 0.566522 80.000000
v 18.493024 2.669904 80.000000
v 16.809199 4.161643 80.000000
v 14.625000 4.900000 80.000000
v 12.347856 4.338735 80.000000
v 10.592379 2.783517 80.000000
v 9.760727 0.590630 80.000000
v 10.043420 -1.737564 80.000000
v 11.375699 -3.667703 80.000000
v 13.452353 -4.757615 80.000000
v 15.797647 -4.757615 80.000000
v 17.874301 -3.667703 80.000000
v 19.206580 -1.737564 80.000000
v 19.489273 0.590630 80.000000
v 18.657621 2.783517 80.000000
v 16.902144 4.338735 80.000000
v 14.625000 4.900000 60.000000
v 12.347856 4.338735 60.000000
v 10.592379 2.783517 60.000000
v 9.760727 0.590630 60.000000
v 10.043420 -1.737564 60.000000
v 11.375699 -3.667703 60.000000
v 13.452353 -4.757615 60.000000
v 15.797647 -4.757615 60.000000
v 17.874301 -3.667703 60.000000
v 19.206580 -1.737564 60.000000
v 19.489273 0.590630 60.000000
v 18.657621 2.783517 60.000000
v 16.902144 4.338735 60.000000
v 14.625000 3.750000 60.000000
v 12.750000 3.247595 60.000000
v 11.377405 1.875000 60.000000
v 10.875000 -0.000000 60.000000
v 11.377405 -1.875000 60.000000
v 12.750000 -3.247595 60.000000
v 14.625000 -3.750000 60.000000
v 16.500000 -3.247595 60.000000
v 17.872595 -1.875000 60.000000
v 18.375000 -0.000000 60.000000
v 17.872595 1.875000 60.000000
v 16.500000 3.247595 60.000000
v 14.625000 3.750000 35.000000
v 12.750000 3.247595 35.000000
v 11.377405 1.875000 35.000000
v 10.875000 -0.000000 35.000000
v 11.377405 -1.875000 35.000000
v 12.750000 -3.247595 35.000000
v 14.625000 -3.750000 35.000000
v 16.500000 -3.247595 35.000000
v 17.872595 -1.875000 35.000000
v 18.375000 -0.000000 35.000000
v 17.872595 1.875000 35.000000
v 16.500000 3.247595 35.000000
vt 0.032139 0.008405 0.000000
vt 0.000000 0.020103 0.000000
vt 0.000000 0.000000 0.000000
vt -0.032139 0.008405 0.000000
vt -0.019217 -0.006995 0.000000
vt -0.049240 -0.021215 0.000000
vt -0.029443 -0.024706 0.000000
vt -0.025892 -0.044846 0.000000
vt -0.043301 -0.054897 0.000000
vt -0.010225 -0.057991 0.000000
vt -0.017101 -0.076882 0.000000
vt 0.017101 -0.076882 0.000000
vt 0.010225 -0.057991 0.000000
vt 0.043301 -0.054897 0.000000
vt 0.025892 -0.044846 0.000000
vt 0.049240 -0.021215 0.000000
vt 0.029443 -0.024706 0.000000
vt 0.019217 -0.006995 0.000000
vt 1.608740 0.134354 0.000000
vt -1.608740 0.109926 0.000000
vt 1.608740 0.000000 0.000000
vt -1.608740 0.000000 0.000000
vt -1.608740 -0.109926 0.000000
vt -1.608740 0.219853 0.000000
vt 1.608740 0.268709 0.000000
vt -1.608740 0.329779 0.000000
vt 1.608740 0.403063 0.000000
vt -1.608740 0.439705 0.000000
vt 1.608740 0.537418 0.000000
vt -1.608740 0.549632 0.000000
vt 1.608740 0.671772 0.000000
vt -1.608740 0.659558 0.000000
vt -1.608740 -0.549632 0.000000
vt 1.608740 -0.537418 0.000000
vt -1.608740 -0.439705 0.000000
vt 1.608740 -0.403063 0.000000
vt -1.608740 -0.329779 0.000000
vt 1.608740 -0.268709 0.000000
vt -1.608740 -0.219853 0.000000
vt 1.608740 -0.134354 0.000000
vt 1.259493 0.202776 0.000000
vt -1.259493 0.000000 0.000000
vt 1.259493 0.000000 0.000000
vt -1.259493 -0.202776 0.000000
vt 1.259493 -0.202776 0.000000
vt -1.259493 -0.405551 0.000000
vt 1.259493 -0.405551 0.000000
vt -1.259493 -0.608327 0.000000
vt 1.259493 -0.608327 0.000000
vt -1.259493 -0.811102 0.000000
vt 1.259493 -0.811102 0.000000
vt -1.259493 -1.013878 0.000000
vt 1.259493 -1.013878 0.000000
vt 1.259493 1.216653 0.000000
vt -1.259493 1.216653 0.000000
vt -1.259493 1.013878 0.000000
vt 1.259493 1.013878 0.000000
vt -1.259493 0.811102 0.000000
vt 1.259493 0.811102 0.000000
vt -1.259493 0.608327 0.000000
vt 1.259493 0.608327 0.000000
vt -1.259493 0.405551 0.000000
vt 1.259493 0.405551 0.000000
vt -1.259493 0.202776 0.000000
vt 0.191927 -0.171355 0.000000
vt 0.218420 -0.053836 0.000000
vt 0.000000 -0.115000 0.000000
vt 0.000000 0.000000 0.000000
vt -0.218420 -0.053836 0.000000
vt 0.386802 -0.203010 0.000000
vt 0.322919 -0.322528 0.000000
vt 0.466573 -0.413348 0.000000
vt 0.351387 -0.520522 0.000000
vt 0.439458 -0.636664 0.000000
vt 0.268291 -0.702476 0.000000
vt 0.311668 -0.821800 0.000000
vt 0.100015 -0.810620 0.000000
vt 0.112478 -0.926343 0.000000
vt -0.100015 -0.810620 0.000000
vt -0.112478 -0.926343 0.000000
vt -0.311668 -0.821800 0.000000
vt -0.268291 -0.702476 0.000000
vt -0.439458 -0.636664 0.000000
vt -0.351387 -0.520522 0.000000
vt -0.466573 -0.413348 0.000000
vt -0.322919 -0.322528 0.000000
vt -0.386802 -0.203010 0.000000
vt -0.191927 -0.171355 0.000000
vt 0.990000 0.227161 0.000000
vt -0.990000 0.000000 0.000000
vt 0.990000 0.000000 0.000000
vt -0.990000 -0.227161 0.000000
vt 0.990000 -0.227161 0.000000
vt -0.990000 -0.454323 0.000000
vt 0.990000 -0.454323 0.000000
vt -0.990000 -0.681484 0.000000
vt 0.990000 -0.681484 0.000000
vt -0.990000 -0.908645 0.000000
vt 0.990000 -0.908645 0.000000
vt -0.990000 -1.135807 0.000000
vt 0.990000 -1.135807 0.000000
vt -0.990000 -1.362968 0.000000
vt 0.990000 -1.362968 0.000000
vt 0.990000 1.590129 0.000000
vt -0.990000 1.590129 0.000000
vt -0.990000 1.362968 0.000000
vt 0.990000 1.362968 0.000000
vt -0.990000 1.135807 0.000000
vt 0.990000 1.135807 0.000000
vt -0.990000 0.908645 0.000000
vt 0.990000 0.908645 0.000000
vt -0.990000 0.681484 0.000000
vt 0.990000 0.681484 0.000000
vt -0.990000 0.454323 0.000000
vt 0.990000 0.454323 0.000000
vt -0.990000 0.227161 0.000000
vt 0.218420 -0.073836 0.000000
vt 0.227714 -0.056127 0.000000
vt 0.000000 -0.020000 0.000000
vt 0.000000 0.000000 0.000000
vt -0.227714 -0.056127 0.000000
vt 0.403262 -0.211648 0.000000
vt 0.386802 -0.223010 0.000000
vt 0.486427 -0.430937 0.000000
vt 0.466573 -0.433348 0.000000
vt 0.439458 -0.656664 0.000000
vt 0.458158 -0.663756 0.000000
vt 0.311668 -0.841800 0.000000
vt 0.324930 -0.856770 0.000000
vt 0.112478 -0.946343 0.000000
vt 0.117265 -0.965761 0.000000
vt -0.112478 -0.946343 0.000000
vt -0.117265 -0.965761 0.000000
vt -0.324930 -0.856770 0.000000
vt -0.311668 -0.841800 0.000000
vt -0.458158 -0.663756 0.000000
vt -0.439458 -0.656664 0.000000
vt -0.486427 -0.430937 0.000000
vt -0.466573 -0.433348 0.000000
vt -0.386802 -0.223010 0.000000
vt -0.403262 -0.211648 0.000000
vt -0.218420 -0.073836 0.000000
vt 1.000000 0.236828 0.000000
vt -1.000000 0.000000 0.000000
vt 1.000000 0.000000 0.000000
vt -1.000000 -0.236828 0.000000
vt 1.000000 -0.236828 0.000000
vt -1.000000 -0.473656 0.000000
vt 1.000000 -0.473656 0.000000
vt -1.000000 -0.710483 0.000000
vt 1.000000 -0.710483 0.000000
vt -1.000000 -0.947311 0.000000
vt 1.000000 -0.947311 0.000000
vt -1.000000 -1.184139 0.000000
vt 1.000000 -1.184139 0.000000
vt -1.000000 -1.420967 0.000000
vt 1.000000 -1.420967 0.000000
vt 1.000000 1.657794 0.000000
vt -1.000000 1.657794 0.000000
vt -1.000000 1.420967 0.000000
vt 1.000000 1.420967 0.000000
vt -1.000000 1.184139 0.000000
vt 1.000000 1.184139 0.000000
vt -1.000000 0.947311 0.000000
vt 1.000000 0.947311 0.000000
vt -1.000000 0.710483 0.000000
vt 1.000000 0.710483 0.000000
vt -1.000000 0.473656 0.000000
vt 1.000000 0.473656 0.000000
vt -1.000000 0.236828 0.000000
vt 0.227714 0.058873 0.000000
vt 0.000000 0.115000 0.000000
vt 0.000000 0.000000 0.000000
vt -0.227714 0.058873 0.000000
vt -0.187500 -0.050240 0.000000
vt -0.403262 -0.096648 0.000000
vt -0.324760 -0.187500 0.000000
vt -0.486427 -0.315937 0.000000
vt -0.375000 -0.375000 0.000000
vt -0.458158 -0.548756 0.000000
vt -0.324760 -0.562500 0.000000
vt -0.324930 -0.741770 0.000000
vt -0.187500 -0.699760 0.000000
vt -0.117265 -0.850761 0.000000
vt -0.000000 -0.750000 0.000000
vt 0.117265 -0.850761 0.000000
vt 0.187500 -0.699760 0.000000
vt 0.324930 -0.741770 0.000000
vt 0.324760 -0.562500 0.000000
vt 0.458158 -0.548756 0.000000
vt 0.375000 -0.375000 0.000000
vt 0.486427 -0.315937 0.000000
vt 0.324760 -0.187500 0.000000
vt 0.403262 -0.096648 0.000000
vt 0.187500 -0.050240 0.000000
vt 1.250000 0.196350 0.000000
vt -1.250000 0.196350 0.000000
vt 1.250000 0.000000 0.000000
vt -1.250000 0.000000 0.000000
vt 1.250000 -0.196350 0.000000
vt -1.250000 -0.196350 0.000000
vt 1.250000 -0.392699 0.000000
vt -1.250000 -0.392699 0.000000
vt 1.250000 -0.589049 0.000000
vt -1.250000 -0.589049 0.000000
vt 1.250000 -0.785398 0.000000
vt -1.250000 -0.785398 0.000000
vt 1.250000 -0.981748 0.000000
vt -1.250000 -0.981748 0.000000
vt 1.250000 -1.178097 0.000000
vt -1.250000 -1.178097 0.000000
vt 1.250000 1.178097 0.000000
vt -1.250000 1.178097 0.000000
vt 1.250000 0.981748 0.000000
vt -1.250000 0.981748 0.000000
vt 1.250000 0.785398 0.000000
vt -1.250000 0.785398 0.000000
vt 1.250000 0.589049 0.000000
vt -1.250000 0.589049 0.000000
vt 1.250000 0.392699 0.000000
vt -1.250000 0.392699 0.000000
vt 1.608231 -0.111265 0.000000
vt 1.608231 0.000000 0.000000
vt -1.608231 0.000000 0.000000
vt 1.608231 0.111265 0.000000
vt -1.608231 0.148353 0.000000
vt 1.608231 0.222529 0.000000
vt -1.608231 0.296706 0.000000
vt 1.608231 0.333794 0.000000
vt -1.608231 0.445059 0.000000
vt 1.608231 0.445059 0.000000
vt 1.608231 0.556324 0.000000
vt -1.608231 0.593412 0.000000
vt 1.608231 0.667588 0.000000
vt -1.608231 0.741765 0.000000
vt -1.608231 -0.593412 0.000000
vt 1.608231 -0.667588 0.000000
vt 1.608231 -0.556324 0.000000
vt -1.608231 -0.445059 0.000000
vt 1.608231 -0.445059 0.000000
vt 1.608231 -0.333794 0.000000
vt -1.608231 -0.296706 0.000000
vt 1.608231 -0.222529 0.000000
vt -1.608231 -0.148353 0.000000
vn 0.000000 0.000000 -0.100000
vn 0.000000 0.000000 -0.100000
vn 0.000000 0.000000 -0.100000
vn 0.000000 0.000000 -0.100000
vn 0.000000 0.000000 -0.100000
vn 0.000000 0.000000 -0.100000
vn 0.000000 0.000000 -0.100000
vn 0.000000 0.000000 -0.100000
vn 0.000000 0.000000 -0.100000
vn 0.000000 0.000000 -0.100000
vn 0.000000 0.000000 -0.100000
vn 0.000000 0.000000 -0.100000
vn 0.000000 0.000000 -0.100000
vn 0.000000 0.000000 -0.100000
vn 0.000000 0.000000 -0.100000
vn 0.000000 0.000000 -0.100000
vn 0.000000 0.000000 -0.100000
vn 0.000000 0.000000 -0.100000
vn -0.063950 -0.076212 0.010104
vn -0.053787 -0.083695 0.010104
vn -0.000000 -0.099488 0.010104
vn -0.000000 -0.099488 0.010104
vn 0.053787 -0.083695 0.010104
vn -0.090498 -0.041329 0.010104
vn -0.097977 -0.017276 0.010104
vn -0.098476 0.014159 0.010104
vn -0.086159 0.049744 0.010104
vn -0.075188 0.065151 0.010104
vn -0.034027 0.093488 0.010104
vn -0.028029 0.095458 0.010104
vn 0.034027 0.093488 0.010104
vn 0.028029 0.095458 0.010104
vn 0.075188 0.065151 0.010104
vn 0.086159 0.049744 0.010104
vn 0.098476 0.014159 0.010104
vn 0.097977 -0.017276 0.010104
vn 0.090498 -0.041329 0.010104
vn 0.063950 -0.076212 0.010104
vn -0.054064 -0.084125 -0.000000
vn -0.000000 -0.100000 0.000000
vn -0.000000 -0.100000 0.000000
vn 0.054064 -0.084125 0.000000
vn 0.054064 -0.084125 0.000000
vn 0.090963 -0.041542 0.000000
vn 0.090963 -0.041542 0.000000
vn 0.098982 0.014231 0.000000
vn 0.098982 0.014231 0.000000
vn 0.075575 0.065486 0.000000
vn 0.075575 0.065486 0.000000
vn 0.028173 0.095949 0.000000
vn 0.028173 0.095949 0.000000
vn -0.028173 0.095949 -0.000000
vn -0.028173 0.095949 -0.000000
vn -0.075575 0.065486 -0.000000
vn -0.075575 0.065486 -0.000000
vn -0.098982 0.014231 -0.000000
vn -0.098982 0.014231 -0.000000
vn -0.090963 -0.041542 -0.000000
vn -0.090963 -0.041542 -0.000000
vn -0.054064 -0.084125 -0.000000
vn -0.000000 -0.000000 0.100000
vn -0.000000 -0.000000 0.100000
vn -0.000000 -0.000000 0.100000
vn -0.000000 -0.000000 0.100000
vn -0.000000 -0.000000 0.100000
vn -0.000000 -0.000000 0.100000
vn -0.000000 -0.000000 0.100000
vn -0.000000 -0.000000 0.100000
vn -0.000000 -0.000000 0.100000
vn -0.000000 -0.000000 0.100000
vn -0.000000 -0.000000 0.100000
vn -0.000000 -0.000000 0.100000
vn -0.000000 -0.000000 0.100000
vn -0.000000 -0.000000 0.100000
vn -0.000000 -0.000000 0.100000
vn -0.000000 -0.000000 0.100000
vn -0.000000 -0.000000 0.100000
vn -0.000000 -0.000000 0.100000
vn -0.000000 -0.000000 0.100000
vn -0.000000 -0.000000 0.100000
vn -0.000000 -0.000000 0.100000
vn -0.000000 -0.000000 0.100000
vn -0.000000 -0.000000 0.100000
vn -0.000000 -0.000000 0.100000
vn -0.046472 -0.088546 -0.000000
vn -0.000000 -0.100000 0.000000
vn -0.000000 -0.100000 0.000000
vn 0.046472 -0.088546 0.000000
vn 0.046472 -0.088546 0.000000
vn 0.082298 -0.056806 0.000000
vn 0.082298 -0.056806 0.000000
vn 0.099271 -0.012054 0.000000
vn 0.099271 -0.012054 0.000000
vn 0.093502 0.035460 0.000000
vn 0.093502 0.035460 0.000000
vn 0.066312 0.074851 0.000000
vn 0.066312 0.074851 0.000000
vn 0.023932 0.097094 0.000000
vn 0.023932 0.097094 0.000000
vn -0.023932 0.097094 -0.000000
vn -0.023932 0.097094 -0.000000
vn -0.066312 0.074851 -0.000000
vn -0.066312 0.074851 -0.000000
vn -0.093502 0.035460 -0.000000
vn -0.093502 0.035460 -0.000000
vn -0.099271 -0.012054 -0.000000
vn -0.099271 -0.012054 -0.000000
vn -0.082298 -0.056806 -0.000000
vn -0.082298 -0.056806 -0.000000
vn -0.046472 -0.088546 -0.000000
vn -0.000000 -0.000000 0.100000
vn -0.000000 -0.000000 0.100000
vn -0.000000 -0.000000 0.100000
vn -0.000000 -0.000000 0.100000
vn -0.000000 -0.000000 0.100000
vn -0.000000 -0.000000 0.100000
vn -0.000000 -0.000000 0.100000
vn -0.000000 -0.000000 0.100000
vn -0.000000 -0.000000 0.100000
vn -0.000000 -0.000000 0.100000
vn -0.000000 -0.000000 0.100000
vn -0.000000 -0.000000 0.100000
vn -0.000000 -0.000000 0.100000
vn -0.000000 -0.000000 0.100000
vn -0.000000 -0.000000 0.100000
vn -0.000000 -0.000000 0.100000
vn -0.000000 -0.000000 0.100000
vn -0.000000 -0.000000 0.100000
vn -0.000000 -0.000000 0.100000
vn -0.000000 -0.000000 0.100000
vn -0.000000 -0.000000 0.100000
vn -0.000000 -0.000000 0.100000
vn -0.000000 -0.000000 0.100000
vn -0.000000 -0.000000 0.100000
vn -0.000000 -0.000000 0.100000
vn -0.000000 -0.000000 0.100000
vn 0.046472 0.088546 0.000000
vn 0.000000 0.100000 -0.000000
vn 0.000000 0.100000 -0.000000
vn -0.046472 0.088546 -0.000000
vn -0.046472 0.088546 -0.000000
vn -0.082298 0.056806 -0.000000
vn -0.082298 0.056806 -0.000000
vn -0.099271 0.012054 -0.000000
vn -0.099271 0.012054 -0.000000
vn -0.093502 -0.035460 -0.000000
vn -0.093502 -0.035460 -0.000000
vn -0.066312 -0.074851 -0.000000
vn -0.066312 -0.074851 -0.000000
vn -0.023932 -0.097094 -0.000000
vn -0.023932 -0.097094 -0.000000
vn 0.023932 -0.097094 0.000000
vn 0.023932 -0.097094 0.000000
vn 0.066312 -0.074851 0.000000
vn 0.066312 -0.074851 0.000000
vn 0.093502 -0.035460 0.000000
vn 0.093502 -0.035460 0.000000
vn 0.099271 0.012054 0.000000
vn 0.099271 0.012054 0.000000
vn 0.082298 0.056806 0.000000
vn 0.082298 0.056806 0.000000
vn 0.046472 0.088546 0.000000
vn 0.000000 0.000000 -0.100000
vn 0.000000 0.000000 -0.100000
vn 0.000000 0.000000 -0.100000
vn 0.000000 0.000000 -0.100000
vn 0.000000 0.000000 -0.100000
vn 0.000000 0.000000 -0.100000
vn 0.000000 0.000000 -0.100000
vn 0.000000 0.000000 -0.100000
vn 0.000000 0.000000 -0.100000
vn 0.000000 0.000000 -0.100000
vn 0.000000 0.000000 -0.100000
vn 0.000000 0.000000 -0.100000
vn 0.000000 0.000000 -0.100000
vn 0.000000 0.000000 -0.100000
vn 0.000000 0.000000 -0.100000
vn 0.000000 0.000000 -0.100000
vn 0.000000 0.000000 -0.100000
vn 0.000000 0.000000 -0.100000
vn 0.000000 0.000000 -0.100000
vn 0.000000 0.000000 -0.100000
vn 0.000000 0.000000 -0.100000
vn 0.000000 0.000000 -0.100000
vn 0.000000 0.000000 -0.100000
vn 0.000000 0.000000 -0.100000
vn 0.000000 0.000000 -0.100000
vn 0.050000 0.086603 0.000000
vn 0.050000 0.086603 0.000000
vn 0.000000 0.100000 -0.000000
vn 0.000000 0.100000 -0.000000
vn -0.050000 0.086603 -0.000000
vn -0.050000 0.086603 -0.000000
vn -0.086603 0.050000 -0.000000
vn -0.086603 0.050000 -0.000000
vn -0.100000 -0.000000 -0.000000
vn -0.100000 -0.000000 -0.000000
vn -0.086603 -0.050000 -0.000000
vn -0.086603 -0.050000 -0.000000
vn -0.050000 -0.086603 -0.000000
vn -0.050000 -0.086603 -0.000000
vn -0.000000 -0.100000 0.000000
vn -0.000000 -0.100000 0.000000
vn 0.050000 -0.086603 0.000000
vn 0.050000 -0.086603 0.000000
vn 0.086603 -0.050000 0.000000
vn 0.086603 -0.050000 0.000000
vn 0.100000 0.000000 0.000000
vn 0.100000 0.000000 0.000000
vn 0.086603 0.050000 0.000000
vn 0.086603 0.050000 0.000000
vn -0.049744 0.086159 -0.010104
vn 0.000000 0.099488 -0.010104
vn 0.000000 0.099488 -0.010104
vn 0.049744 0.086159 -0.010104
vn 0.063950 0.076212 -0.010104
vn 0.086159 0.049744 -0.010104
vn 0.097977 0.017276 -0.010104
vn 0.099488 0.000000 -0.010104
vn 0.086159 -0.049744 -0.010104
vn 0.086159 -0.049744 -0.010104
vn 0.049744 -0.086159 -0.010104
vn 0.034027 -0.093488 -0.010104
vn 0.000000 -0.099488 -0.010104
vn -0.034027 -0.093488 -0.010104
vn -0.049744 -0.086159 -0.010104
vn -0.086159 -0.049744 -0.010104
vn -0.086159 -0.049744 -0.010104
vn -0.099488 -0.000000 -0.010104
vn -0.097977 0.017276 -0.010104
vn -0.086159 0.049744 -0.010104
vn -0.063950 0.076212 -0.010104
f 1113/2437/2197 1105/2438/2198 1114/2439/2199
f 1114/2439/2199 1105/2438/2198 1106/2440/2200
f 1114/2439/2199 1106/2440/2200 1122/2441/2201
f 1122/2441/2201 1106/2440/2200 1107/2442/2202
f 1122/2441/2201 1107/2442/2202 1121/2443/2203
f 1121/2443/2203 1107/2442/2202 1120/2444/2204
f 1120/2444/2204 1107/2442/2202 1108/2445/2205
f 1120/2444/2204 1108/2445/2205 1119/2446/2206
f 1119/2446/2206 1108/2445/2205 1109/2447/2207
f 1119/2446/2206 1109/2447/2207 1110/2448/2208
f 1119/2446/2206 1110/2448/2208 1118/2449/2209
f 1118/2449/2209 1110/2448/2208 1111/2450/2210
f 1118/2449/2209 1111/2450/2210 1117/2451/2211
f 1117/2451/2211 1111/2450/2210 1112/2452/2212
f 1117/2451/2211 1112/2452/2212 1116/2453/2213
f 1116/2453/2213 1112/2452/2212 1115/2454/2214
f 1115/2454/2214 1112/2452/2212 1113/2437/2197
f 1115/2454/2214 1113/2437/2197 1114/2439/2199
f 1122/2455/2215 1133/2456/2216 1114/2457/2217
f 1114/2457/2217 1133/2456/2216 1123/2458/2218
f 1114/2457/2217 1123/2458/2218 1124/2459/2219
f 1133/2456/2216 1122/2455/2215 1132/2460/2220
f 1132/2460/2220 1122/2455/2215 1121/2461/2221
f 1132/2460/2220 1121/2461/2221 1131/2462/2222
f 1131/2462/2222 1121/2461/2221 1120/2463/2223
f 1131/2462/2222 1120/2463/2223 1130/2464/2224
f 1130/2464/2224 1120/2463/2223 1119/2465/2225
f 1130/2464/2224 1119/2465/2225 1129/2466/2226
f 1129/2466/2226 1119/2465/2225 1118/2467/2227
f 1129/2466/2226 1118/2467/2227 1128/2468/2228
f 1128/2469/2228 1118/2470/2227 1127/2471/2229
f 1127/2471/2229 1118/2470/2227 1117/2472/2230
f 1127/2471/2229 1117/2472/2230 1126/2473/2231
f 1126/2473/2231 1117/2472/2230 1116/2474/2232
f 1126/2473/2231 1116/2474/2232 1125/2475/2233
f 1125/2475/2233 1116/2474/2232 1115/2476/2234
f 1125/2475/2233 1115/2476/2234 1124/2459/2219
f 1124/2459/2219 1115/2476/2234 1114/2457/2217
f 1133/2477/2235 1134/2478/2236 1123/2479/2237
f 1123/2479/2237 1134/2478/2236 1135/2480/2238
f 1123/2479/2237 1135/2480/2238 1124/2481/2239
f 1124/2481/2239 1135/2480/2238 1136/2482/2240
f 1124/2481/2239 1136/2482/2240 1125/2483/2241
f 1125/2483/2241 1136/2482/2240 1137/2484/2242
f 1125/2483/2241 1137/2484/2242 1126/2485/2243
f 1126/2485/2243 1137/2484/2242 1138/2486/2244
f 1126/2485/2243 1138/2486/2244 1127/2487/2245
f 1127/2487/2245 1138/2486/2244 1139/2488/2246
f 1127/2487/2245 1139/2488/2246 1128/2489/2247
f 1128/2490/2247 1139/2491/2246 1140/2492/2248
f 1128/2490/2247 1140/2492/2248 1129/2493/2249
f 1129/2493/2249 1140/2492/2248 1141/2494/2250
f 1129/2493/2249 1141/2494/2250 1130/2495/2251
f 1130/2495/2251 1141/2494/2250 1142/2496/2252
f 1130/2495/2251 1142/2496/2252 1131/2497/2253
f 1131/2497/2253 1142/2496/2252 1143/2498/2254
f 1131/2497/2253 1143/2498/2254 1132/2499/2255
f 1132/2499/2255 1143/2498/2254 1144/2500/2256
f 1132/2499/2255 1144/2500/2256 1133/2477/2235
f 1133/2477/2235 1144/2500/2256 1134/2478/2236
f 1144/2501/2257 1157/2502/2258 1134/2503/2259
f 1134/2503/2259 1157/2502/2258 1145/2504/2260
f 1134/2503/2259 1145/2504/2260 1146/2505/2261
f 1157/2502/2258 1144/2501/2257 1156/2506/2262
f 1156/2506/2262 1144/2501/2257 1143/2507/2263
f 1156/2506/2262 1143/2507/2263 1155/2508/2264
f 1155/2508/2264 1143/2507/2263 1142/2509/2265
f 1155/2508/2264 1142/2509/2265 1154/2510/2266
f 1154/2510/2266 1142/2509/2265 1141/2511/2267
f 1154/2510/2266 1141/2511/2267 1153/2512/2268
f 1153/2512/2268 1141/2511/2267 1140/2513/2269
f 1153/2512/2268 1140/2513/2269 1152/2514/2270
f 1152/2514/2270 1140/2513/2269 1139/2515/2271
f 1152/2514/2270 1139/2515/2271 1151/2516/2272
f 1151/2516/2272 1139/2515/2271 1150/2517/2273
f 1150/2517/2273 1139/2515/2271 1138/2518/2274
f 1150/2517/2273 1138/2518/2274 1149/2519/2275
f 1149/2519/2275 1138/2518/2274 1137/2520/2276
f 1149/2519/2275 1137/2520/2276 1148/2521/2277
f 1148/2521/2277 1137/2520/2276 1136/2522/2278
f 1148/2521/2277 1136/2522/2278 1147/2523/2279
f 1147/2523/2279 1136/2522/2278 1135/2524/2280
f 1147/2523/2279 1135/2524/2280 1146/2505/2261
f 1146/2505/2261 1135/2524/2280 1134/2503/2259
f 1157/2525/2281 1158/2526/2282 1145/2527/2283
f 1145/2527/2283 1158/2526/2282 1159/2528/2284
f 1145/2527/2283 1159/2528/2284 1146/2529/2285
f 1146/2529/2285 1159/2528/2284 1160/2530/2286
f 1146/2529/2285 1160/2530/2286 1147/2531/2287
f 1147/2531/2287 1160/2530/2286 1161/2532/2288
f 1147/2531/2287 1161/2532/2288 1148/2533/2289
f 1148/2533/2289 1161/2532/2288 1162/2534/2290
f 1148/2533/2289 1162/2534/2290 1149/2535/2291
f 1149/2535/2291 1162/2534/2290 1163/2536/2292
f 1149/2535/2291 1163/2536/2292 1150/2537/2293
f 1150/2537/2293 1163/2536/2292 1164/2538/2294
f 1150/2537/2293 1164/2538/2294 1151/2539/2295
f 1151/2540/2295 1164/2541/2294 1165/2542/2296
f 1151/2540/2295 1165/2542/2296 1152/2543/2297
f 1152/2543/2297 1165/2542/2296 1166/2544/2298
f 1152/2543/2297 1166/2544/2298 1153/2545/2299
f 1153/2545/2299 1166/2544/2298 1167/2546/2300
f 1153/2545/2299 1167/2546/2300 1154/2547/2301
f 1154/2547/2301 1167/2546/2300 1168/2548/2302
f 1154/2547/2301 1168/2548/2302 1155/2549/2303
f 1155/2549/2303 1168/2548/2302 1169/2550/2304
f 1155/2549/2303 1169/2550/2304 1156/2551/2305
f 1156/2551/2305 1169/2550/2304 1170/2552/2306
f 1156/2551/2305 1170/2552/2306 1157/2525/2281
f 1157/2525/2281 1170/2552/2306 1158/2526/2282
f 1170/2553/2307 1183/2554/2308 1158/2555/2309
f 1158/2555/2309 1183/2554/2308 1171/2556/2310
f 1158/2555/2309 1171/2556/2310 1172/2557/2311
f 1183/2554/2308 1170/2553/2307 1182/2558/2312
f 1182/2558/2312 1170/2553/2307 1169/2559/2313
f 1182/2558/2312 1169/2559/2313 1181/2560/2314
f 1181/2560/2314 1169/2559/2313 1168/2561/2315
f 1181/2560/2314 1168/2561/2315 1167/2562/2316
f 1181/2560/2314 1167/2562/2316 1180/2563/2317
f 1180/2563/2317 1167/2562/2316 1166/2564/2318
f 1180/2563/2317 1166/2564/2318 1179/2565/2319
f 1179/2565/2319 1166/2564/2318 1165/2566/2320
f 1179/2565/2319 1165/2566/2320 1178/2567/2321
f 1178/2567/2321 1165/2566/2320 1164/2568/2322
f 1178/2567/2321 1164/2568/2322 1177/2569/2323
f 1177/2569/2323 1164/2568/2322 1176/2570/2324
f 1176/2570/2324 1164/2568/2322 1163/2571/2325
f 1176/2570/2324 1163/2571/2325 1175/2572/2326
f 1175/2572/2326 1163/2571/2325 1162/2573/2327
f 1175/2572/2326 1162/2573/2327 1174/2574/2328
f 1174/2574/2328 1162/2573/2327 1161/2575/2329
f 1174/2574/2328 1161/2575/2329 1160/2576/2330
f 1174/2574/2328 1160/2576/2330 1173/2577/2331
f 1173/2577/2331 1160/2576/2330 1159/2578/2332
f 1173/2577/2331 1159/2578/2332 1172/2557/2311
f 1172/2557/2311 1159/2578/2332 1158/2555/2309
f 1183/2579/2333 1184/2580/2334 1171/2581/2335
f 1171/2581/2335 1184/2580/2334 1185/2582/2336
f 1171/2581/2335 1185/2582/2336 1172/2583/2337
f 1172/2583/2337 1185/2582/2336 1186/2584/2338
f 1172/2583/2337 1186/2584/2338 1173/2585/2339
f 1173/2585/2339 1186/2584/2338 1187/2586/2340
f 1173/2585/2339 1187/2586/2340 1174/2587/2341
f 1174/2587/2341 1187/2586/2340 1188/2588/2342
f 1174/2587/2341 1188/2588/2342 1175/2589/2343
f 1175/2589/2343 1188/2588/2342 1189/2590/2344
f 1175/2589/2343 1189/2590/2344 1176/2591/2345
f 1176/2591/2345 1189/2590/2344 1190/2592/2346
f 1176/2591/2345 1190/2592/2346 1177/2593/2347
f 1177/2594/2347 1190/2595/2346 1191/2596/2348
f 1177/2594/2347 1191/2596/2348 1178/2597/2349
f 1178/2597/2349 1191/2596/2348 1192/2598/2350
f 1178/2597/2349 1192/2598/2350 1179/2599/2351
f 1179/2599/2351 1192/2598/2350 1193/2600/2352
f 1179/2599/2351 1193/2600/2352 1180/2601/2353
f 1180/2601/2353 1193/2600/2352 1194/2602/2354
f 1180/2601/2353 1194/2602/2354 1181/2603/2355
f 1181/2603/2355 1194/2602/2354 1195/2604/2356
f 1181/2603/2355 1195/2604/2356 1182/2605/2357
f 1182/2605/2357 1195/2604/2356 1196/2606/2358
f 1182/2605/2357 1196/2606/2358 1183/2579/2333
f 1183/2579/2333 1196/2606/2358 1184/2580/2334
f 1185/2607/2359 1184/2608/2360 1197/2609/2361
f 1197/2609/2361 1184/2608/2360 1196/2610/2362
f 1197/2609/2361 1196/2610/2362 1208/2611/2363
f 1208/2611/2363 1196/2610/2362 1195/2612/2364
f 1208/2611/2363 1195/2612/2364 1207/2613/2365
f 1207/2613/2365 1195/2612/2364 1194/2614/2366
f 1207/2613/2365 1194/2614/2366 1206/2615/2367
f 1206/2615/2367 1194/2614/2366 1193/2616/2368
f 1206/2615/2367 1193/2616/2368 1205/2617/2369
f 1205/2617/2369 1193/2616/2368 1192/2618/2370
f 1205/2617/2369 1192/2618/2370 1204/2619/2371
f 1204/2619/2371 1192/2618/2370 1191/2620/2372
f 1204/2619/2371 1191/2620/2372 1203/2621/2373
f 1203/2621/2373 1191/2620/2372 1190/2622/2374
f 1203/2621/2373 1190/2622/2374 1202/2623/2375
f 1202/2623/2375 1190/2622/2374 1189/2624/2376
f 1202/2623/2375 1189/2624/2376 1201/2625/2377
f 1201/2625/2377 1189/2624/2376 1188/2626/2378
f 1201/2625/2377 1188/2626/2378 1200/2627/2379
f 1200/2627/2379 1188/2626/2378 1187/2628/2380
f 1200/2627/2379 1187/2628/2380 1199/2629/2381
f 1199/2629/2381 1187/2628/2380 1186/2630/2382
f 1199/2629/2381 1186/2630/2382 1198/2631/2383
f 1198/2631/2383 1186/2630/2382 1185/2607/2359
f 1198/2631/2383 1185/2607/2359 1197/2609/2361
f 1208/2632/2384 1220/2633/2385 1197/2634/2386
f 1197/2634/2386 1220/2633/2385 1209/2635/2387
f 1197/2634/2386 1209/2635/2387 1198/2636/2388
f 1198/2636/2388 1209/2635/2387 1210/2637/2389
f 1198/2636/2388 1210/2637/2389 1199/2638/2390
f 1199/2638/2390 1210/2637/2389 1211/2639/2391
f 1199/2638/2390 1211/2639/2391 1200/2640/2392
f 1200/2640/2392 1211/2639/2391 1212/2641/2393
f 1200/2640/2392 1212/2641/2393 1201/2642/2394
f 1201/2642/2394 1212/2641/2393 1213/2643/2395
f 1201/2642/2394 1213/2643/2395 1202/2644/2396
f 1202/2644/2396 1213/2643/2395 1214/2645/2397
f 1202/2644/2396 1214/2645/2397 1203/2646/2398
f 1203/2646/2398 1214/2645/2397 1215/2647/2399
f 1203/2648/2398 1215/2649/2399 1204/2650/2400
f 1204/2650/2400 1215/2649/2399 1216/2651/2401
f 1204/2650/2400 1216/2651/2401 1205/2652/2402
f 1205/2652/2402 1216/2651/2401 1217/2653/2403
f 1205/2652/2402 1217/2653/2403 1206/2654/2404
f 1206/2654/2404 1217/2653/2403 1218/2655/2405
f 1206/2654/2404 1218/2655/2405 1207/2656/2406
f 1207/2656/2406 1218/2655/2405 1219/2657/2407
f 1207/2656/2406 1219/2657/2407 1208/2632/2384
f 1208/2632/2384 1219/2657/2407 1220/2633/2385
f 1210/2658/2408 1209/2659/2409 1105/2660/2410
f 1105/2660/2410 1209/2659/2409 1220/2661/2411
f 1105/2660/2410 1220/2661/2411 1106/2662/2412
f 1106/2662/2412 1220/2661/2411 1219/2663/2413
f 1106/2662/2412 1219/2663/2413 1107/2664/2414
f 1107/2664/2414 1219/2663/2413 1218/2665/2415
f 1107/2664/2414 1218/2665/2415 1108/2666/2416
f 1108/2666/2416 1218/2665/2415 1217/2667/2417
f 1108/2666/2416 1217/2667/2417 1216/2668/2418
f 1108/2666/2416 1216/2668/2418 1109/2669/2419
f 1109/2669/2419 1216/2668/2418 1215/2670/2420
f 1109/2669/2419 1215/2670/2420 1110/2671/2421
f 1110/2672/2421 1215/2673/2420 1214/2674/2422
f 1110/2672/2421 1214/2674/2422 1111/2675/2423
f 1111/2675/2423 1214/2674/2422 1213/2676/2424
f 1111/2675/2423 1213/2676/2424 1212/2677/2425
f 1111/2675/2423 1212/2677/2425 1112/2678/2426
f 1112/2678/2426 1212/2677/2425 1211/2679/2427
f 1112/2678/2426 1211/2679/2427 1113/2680/2428
f 1113/2680/2428 1211/2679/2427 1210/2658/2408
f 1113/2680/2428 1210/2658/2408 1105/2660/2410
g Body1:7

v 7.312500 13.165622 3.000000
v 7.633894 13.048644 3.000000
v 7.804904 12.752446 3.000000
v 7.745513 12.415622 3.000000
v 7.483510 12.195775 3.000000
v 7.141490 12.195775 3.000000
v 6.879487 12.415622 3.000000
v 6.820096 12.752446 3.000000
v 6.991106 13.048644 3.000000
v 7.312500 12.964593 3.000000
v 7.120325 12.894647 3.000000
v 7.018071 12.717537 3.000000
v 7.053583 12.516136 3.000000
v 7.210246 12.384681 3.000000
v 7.414754 12.384681 3.000000
v 7.571417 12.516136 3.000000
v 7.606929 12.717537 3.000000
v 7.504675 12.894647 3.000000
v 7.312500 16.215622 35.010130
v 5.393225 15.652072 35.010130
v 4.083306 14.140345 35.010130
v 3.798634 12.160404 35.010130
v 4.629589 10.340866 35.010130
v 6.312349 9.259421 35.010130
v 8.312651 9.259421 35.010130
v 9.995411 10.340866 35.010130
v 10.826366 12.160404 35.010130
v 10.541694 14.140345 35.010130
v 9.231775 15.652072 35.010130
v 7.312500 16.215622 60.200000
v 5.393225 15.652072 60.200000
v 4.083306 14.140345 60.200000
v 3.798634 12.160404 60.200000
v 4.629589 10.340866 60.200000
v 6.312349 9.259421 60.200000
v 8.312651 9.259421 60.200000
v 9.995411 10.340866 60.200000
v 10.826366 12.160404 60.200000
v 10.541694 14.140345 60.200000
v 9.231775 15.652072 60.200000
v 7.312500 17.365622 60.200000
v 5.128301 16.827265 60.200000
v 3.444476 15.335526 60.200000
v 2.646768 13.232144 60.200000
v 2.917924 10.998979 60.200000
v 4.195824 9.147621 60.200000
v 6.187716 8.102195 60.200000
v 8.437284 8.102195 60.200000
v 10.429176 9.147621 60.200000
v 11.707076 10.998979 60.200000
v 11.978232 13.232144 60.200000
v 11.180524 15.335526 60.200000
v 9.496699 16.827265 60.200000
v 7.312500 17.365622 80.000000
v 5.128301 16.827265 80.000000
v 3.444476 15.335526 80.000000
v 2.646768 13.232144 80.000000
v 2.917924 10.998979 80.000000
v 4.195824 9.147621 80.000000
v 6.187716 8.102195 80.000000
v 8.437284 8.102195 80.000000
v 10.429176 9.147621 80.000000
v 11.707076 10.998979 80.000000
v 11.978232 13.232144 80.000000
v 11.180524 15.335526 80.000000
v 9.496699 16.827265 80.000000
v 7.312500 17.565622 80.000000
v 5.035356 17.004356 80.000000
v 3.279879 15.449139 80.000000
v 2.448227 13.256251 80.000000
v 2.730920 10.928058 80.000000
v 4.063199 8.997919 80.000000
v 6.139853 7.908007 80.000000
v 8.485147 7.908007 80.000000
v 10.561801 8.997919 80.000000
v 11.894080 10.928058 80.000000
v 12.176773 13.256251 80.000000
v 11.345121 15.449139 80.000000
v 9.589644 17.004356 80.000000
v 7.312500 17.565622 60.000000
v 5.035356 17.004356 60.000000
v 3.279879 15.449139 60.000000
v 2.448227 13.256251 60.000000
v 2.730920 10.928058 60.000000
v 4.063199 8.997919 60.000000
v 6.139853 7.908007 60.000000
v 8.485147 7.908007 60.000000
v 10.561801 8.997919 60.000000
v 11.894080 10.928058 60.000000
v 12.176773 13.256251 60.000000
v 11.345121 15.449139 60.000000
v 9.589644 17.004356 60.000000
v 7.312500 16.415622 60.000000
v 5.437500 15.913217 60.000000
v 4.064905 14.540622 60.000000
v 3.562500 12.665622 60.000000
v 4.064905 10.790622 60.000000
v 5.437500 9.418026 60.000000
v 7.312500 8.915622 60.000000
v 9.187500 9.418026 60.000000
v 10.560095 10.790622 60.000000
v 11.062500 12.665622 60.000000
v 10.560095 14.540622 60.000000
v 9.187500 15.913217 60.000000
v 7.312500 16.415622 35.000000
v 5.437500 15.913217 35.000000
v 4.064905 14.540622 35.000000
v 3.562500 12.665622 35.000000
v 4.064905 10.790622 35.000000
v 5.437500 9.418026 35.000000
v 7.312500 8.915622 35.000000
v 9.187500 9.418026 35.000000
v 10.560095 10.790622 35.000000
v 11.062500 12.665622 35.000000
v 10.560095 14.540622 35.000000
v 9.187500 15.913217 35.000000
vt 0.032139 0.008405 0.000000
vt 0.000000 0.020103 0.000000
vt 0.000000 0.000000 0.000000
vt -0.032139 0.008405 0.000000
vt -0.019217 -0.006995 0.000000
vt -0.049240 -0.021215 0.000000
vt -0.029443 -0.024706 0.000000
vt -0.025892 -0.044846 0.000000
vt -0.043301 -0.054897 0.000000
vt -0.010225 -0.057991 0.000000
vt -0.017101 -0.076882 0.000000
vt 0.017101 -0.076882 0.000000
vt 0.010225 -0.057991 0.000000
vt 0.043301 -0.054897 0.000000
vt 0.025892 -0.044846 0.000000
vt 0.049240 -0.021215 0.000000
vt 0.029443 -0.024706 0.000000
vt 0.019217 -0.006995 0.000000
vt 1.608740 0.134354 0.000000
vt -1.608740 0.109926 0.000000
vt 1.608740 0.000000 0.000000
vt -1.608740 0.000000 0.000000
vt -1.608740 -0.109926 0.000000
vt -1.608740 0.219853 0.000000
vt 1.608740 0.268709 0.000000
vt -1.608740 0.329779 0.000000
vt 1.608740 0.403063 0.000000
vt -1.608740 0.439705 0.000000
vt 1.608740 0.537418 0.000000
vt -1.608740 0.549632 0.000000
vt 1.608740 0.671772 0.000000
vt -1.608740 0.659558 0.000000
vt -1.608740 -0.549632 0.000000
vt 1.608740 -0.537418 0.000000
vt -1.608740 -0.439705 0.000000
vt 1.608740 -0.403063 0.000000
vt -1.608740 -0.329779 0.000000
vt 1.608740 -0.268709 0.000000
vt -1.608740 -0.219853 0.000000
vt 1.608740 -0.134354 0.000000
vt 1.259493 0.202776 0.000000
vt -1.259493 0.000000 0.000000
vt 1.259493 0.000000 0.000000
vt -1.259493 -0.202776 0.000000
vt 1.259493 -0.202776 0.000000
vt -1.259493 -0.405551 0.000000
vt 1.259493 -0.405551 0.000000
vt -1.259493 -0.608327 0.000000
vt 1.259493 -0.608327 0.000000
vt -1.259493 -0.811102 0.000000
vt 1.259493 -0.811102 0.000000
vt -1.259493 -1.013878 0.000000
vt 1.259493 -1.013878 0.000000
vt 1.259493 1.216653 0.000000
vt -1.259493 1.216653 0.000000
vt -1.259493 1.013878 0.000000
vt 1.259493 1.013878 0.000000
vt -1.259493 0.811102 0.000000
vt 1.259493 0.811102 0.000000
vt -1.259493 0.608327 0.000000
vt 1.259493 0.608327 0.000000
vt -1.259493 0.405551 0.000000
vt 1.259493 0.405551 0.000000
vt -1.259493 0.202776 0.000000
vt 0.191927 -0.171355 0.000000
vt 0.218420 -0.053836 0.000000
vt 0.000000 -0.115000 0.000000
vt 0.000000 0.000000 0.000000
vt -0.218420 -0.053836 0.000000
vt 0.386802 -0.203010 0.000000
vt 0.322919 -0.322528 0.000000
vt 0.466573 -0.413348 0.000000
vt 0.351387 -0.520522 0.000000
vt 0.439458 -0.636664 0.000000
vt 0.268291 -0.702476 0.000000
vt 0.311668 -0.821800 0.000000
vt 0.100015 -0.810620 0.000000
vt 0.112478 -0.926343 0.000000
vt -0.100015 -0.810620 0.000000
vt -0.112478 -0.926343 0.000000
vt -0.311668 -0.821800 0.000000
vt -0.268291 -0.702476 0.000000
vt -0.439458 -0.636664 0.000000
vt -0.351387 -0.520522 0.000000
vt -0.466573 -0.413348 0.000000
vt -0.322919 -0.322528 0.000000
vt -0.386802 -0.203010 0.000000
vt -0.191927 -0.171355 0.000000
vt 0.990000 0.227161 0.000000
vt -0.990000 0.000000 0.000000
vt 0.990000 0.000000 0.000000
vt -0.990000 -0.227161 0.000000
vt 0.990000 -0.227161 0.000000
vt -0.990000 -0.454323 0.000000
vt 0.990000 -0.454323 0.000000
vt -0.990000 -0.681484 0.000000
vt 0.990000 -0.681484 0.000000
vt -0.990000 -0.908645 0.000000
vt 0.990000 -0.908645 0.000000
vt -0.990000 -1.135807 0.000000
vt 0.990000 -1.135807 0.000000
vt -0.990000 -1.362968 0.000000
vt 0.990000 -1.362968 0.000000
vt 0.990000 1.590129 0.000000
vt -0.990000 1.590129 0.000000
vt -0.990000 1.362968 0.000000
vt 0.990000 1.362968 0.000000
vt -0.990000 1.135807 0.000000
vt 0.990000 1.135807 0.000000
vt -0.990000 0.908645 0.000000
vt 0.990000 0.908645 0.000000
vt -0.990000 0.681484 0.000000
vt 0.990000 0.681484 0.000000
vt -0.990000 0.454323 0.000000
vt 0.990000 0.454323 0.000000
vt -0.990000 0.227161 0.000000
vt 0.218420 -0.073836 0.000000
vt 0.227714 -0.056127 0.000000
vt 0.000000 -0.020000 0.000000
vt 0.000000 0.000000 0.000000
vt -0.227714 -0.056127 0.000000
vt 0.403262 -0.211648 0.000000
vt 0.386802 -0.223010 0.000000
vt 0.486427 -0.430937 0.000000
vt 0.466573 -0.433348 0.000000
vt 0.439458 -0.656664 0.000000
vt 0.458158 -0.663756 0.000000
vt 0.311668 -0.841800 0.000000
vt 0.324930 -0.856770 0.000000
vt 0.112478 -0.946343 0.000000
vt 0.117265 -0.965761 0.000000
vt -0.112478 -0.946343 0.000000
vt -0.117265 -0.965761 0.000000
vt -0.324930 -0.856770 0.000000
vt -0.311668 -0.841800 0.000000
vt -0.458158 -0.663756 0.000000
vt -0.439458 -0.656664 0.000000
vt -0.486427 -0.430937 0.000000
vt -0.466573 -0.433348 0.000000
vt -0.386802 -0.223010 0.000000
vt -0.403262 -0.211648 0.000000
vt -0.218420 -0.073836 0.000000
vt 1.000000 0.236828 0.000000
vt -1.000000 0.000000 0.000000
vt 1.000000 0.000000 0.000000
vt -1.000000 -0.236828 0.000000
vt 1.000000 -0.236828 0.000000
vt -1.000000 -0.473656 0.000000
vt 1.000000 -0.473656 0.000000
vt -1.000000 -0.710483 0.000000
vt 1.000000 -0.710483 0.000000
vt -1.000000 -0.947311 0.000000
vt 1.000000 -0.947311 0.000000
vt -1.000000 -1.184139 0.000000
vt 1.000000 -1.184139 0.000000
vt -1.000000 -1.420967 0.000000
vt 1.000000 -1.420967 0.000000
vt 1.000000 1.657794 0.000000
vt -1.000000 1.657794 0.000000
vt -1.000000 1.420967 0.000000
vt 1.000000 1.420967 0.000000
vt -1.000000 1.184139 0.000000
vt 1.000000 1.184139 0.000000
vt -1.000000 0.947311 0.000000
vt 1.000000 0.947311 0.000000
vt -1.000000 0.710483 0.000000
vt 1.000000 0.710483 0.000000
vt -1.000000 0.473656 0.000000
vt 1.000000 0.473656 0.000000
vt -1.000000 0.236828 0.000000
vt 0.227714 0.058873 0.000000
vt 0.000000 0.115000 0.000000
vt 0.000000 0.000000 0.000000
vt -0.227714 0.058873 0.000000
vt -0.187500 -0.050240 0.000000
vt -0.403262 -0.096648 0.000000
vt -0.324760 -0.187500 0.000000
vt -0.486427 -0.315937 0.000000
vt -0.375000 -0.375000 0.000000
vt -0.458158 -0.548756 0.000000
vt -0.324760 -0.562500 0.000000
vt -0.324930 -0.741770 0.000000
vt -0.187500 -0.699760 0.000000
vt -0.117265 -0.850761 0.000000
vt -0.000000 -0.750000 0.000000
vt 0.117265 -0.850761 0.000000
vt 0.187500 -0.699760 0.000000
vt 0.324930 -0.741770 0.000000
vt 0.324760 -0.562500 0.000000
vt 0.458158 -0.548756 0.000000
vt 0.375000 -0.375000 0.000000
vt 0.486427 -0.315937 0.000000
vt 0.324760 -0.187500 0.000000
vt 0.403262 -0.096648 0.000000
vt 0.187500 -0.050240 0.000000
vt 1.250000 0.196350 0.000000
vt -1.250000 0.196350 0.000000
vt 1.250000 0.000000 0.000000
vt -1.250000 0.000000 0.000000
vt 1.250000 -0.196350 0.000000
vt -1.250000 -0.196350 0.000000
vt 1.250000 -0.392699 0.000000
vt -1.250000 -0.392699 0.000000
vt 1.250000 -0.589049 0.000000
vt -1.250000 -0.589049 0.000000
vt 1.250000 -0.785398 0.000000
vt -1.250000 -0.785398 0.000000
vt 1.250000 -0.981748 0.000000
vt -1.250000 -0.981748 0.000000
vt 1.250000 -1.178097 0.000000
vt -1.250000 -1.178097 0.000000
vt 1.250000 1.178097 0.000000
vt -1.250000 1.178097 0.000000
vt 1.250000 0.981748 0.000000
vt -1.250000 0.981748 0.000000
vt 1.250000 0.785398 0.000000
vt -1.250000 0.785398 0.000000
vt 1.250000 0.589049 0.000000
vt -1.250000 0.589049 0.000000
vt 1.250000 0.392699 0.000000
vt -1.250000 0.392699 0.000000
vt 1.608231 -0.111265 0.000000
vt 1.608231 0.000000 0.000000
vt -1.608231 0.000000 0.000000
vt 1.608231 0.111265 0.000000
vt -1.608231 0.148353 0.000000
vt 1.608231 0.222529 0.000000
vt -1.608231 0.296706 0.000000
vt 1.608231 0.333794 0.000000
vt -1.608231 0.445059 0.000000
vt 1.608231 0.445059 0.000000
vt 1.608231 0.556324 0.000000
vt -1.608231 0.593412 0.000000
vt 1.608231 0.667588 0.000000
vt -1.608231 0.741765 0.000000
vt -1.608231 -0.593412 0.000000
vt 1.608231 -0.667588 0.000000
vt 1.608231 -0.556324 0.000000
vt -1.608231 -0.445059 0.000000
vt 1.608231 -0.445059 0.000000
vt 1.608231 -0.333794 0.000000
vt -1.608231 -0.296706 0.000000
vt 1.608231 -0.222529 0.000000
vt -1.608231 -0.148353 0.000000
vn 0.000000 0.000000 -0.100000
vn 0.000000 0.000000 -0.100000
vn 0.000000 0.000000 -0.100000
vn 0.000000 0.000000 -0.100000
vn 0.000000 0.000000 -0.100000
vn 0.000000 0.000000 -0.100000
vn 0.000000 0.000000 -0.100000
vn 0.000000 0.000000 -0.100000
vn 0.000000 0.000000 -0.100000
vn 0.000000 0.000000 -0.100000
vn 0.000000 0.000000 -0.100000
vn 0.000000 0.000000 -0.100000
vn 0.000000 0.000000 -0.100000
vn 0.000000 0.000000 -0.100000
vn 0.000000 0.000000 -0.100000
vn 0.000000 0.000000 -0.100000
vn 0.000000 0.000000 -0.100000
vn 0.000000 0.000000 -0.100000
vn -0.063950 -0.076212 0.010104
vn -0.053787 -0.083695 0.010104
vn -0.000000 -0.099488 0.010104
vn -0.000000 -0.099488 0.010104
vn 0.053787 -0.083695 0.010104
vn -0.090498 -0.041329 0.010104
vn -0.097977 -0.017276 0.010104
vn -0.098476 0.014159 0.010104
vn -0.086159 0.049744 0.010104
vn -0.075188 0.065151 0.010104
vn -0.034027 0.093488 0.010104
vn -0.028029 0.095458 0.010104
vn 0.034027 0.093488 0.010104
vn 0.028029 0.095458 0.010104
vn 0.075188 0.065151 0.010104
vn 0.086159 0.049744 0.010104
vn 0.098476 0.014159 0.010104
vn 0.097977 -0.017276 0.010104
vn 0.090498 -0.041329 0.010104
vn 0.063950 -0.076212 0.010104
vn -0.054064 -0.084125 -0.000000
vn -0.000000 -0.100000 0.000000
vn -0.000000 -0.100000 0.000000
vn 0.054064 -0.084125 0.000000
vn 0.054064 -0.084125 0.000000
vn 0.090963 -0.041542 0.000000
vn 0.090963 -0.041542 0.000000
vn 0.098982 0.014231 0.000000
vn 0.098982 0.014231 0.000000
vn 0.075575 0.065486 0.000000
vn 0.075575 0.065486 0.000000
vn 0.028173 0.095949 0.000000
vn 0.028173 0.095949 0.000000
vn -0.028173 0.095949 -0.000000
vn -0.028173 0.095949 -0.000000
vn -0.075575 0.065486 -0.000000
vn -0.075575 0.065486 -0.000000
vn -0.098982 0.014231 -0.000000
vn -0.098982 0.014231 -0.000000
vn -0.090963 -0.041542 -0.000000
vn -0.090963 -0.041542 -0.000000
vn -0.054064 -0.084125 -0.000000
vn -0.000000 -0.000000 0.100000
vn -0.000000 -0.000000 0.100000
vn -0.000000 -0.000000 0.100000
vn -0.000000 -0.000000 0.100000
vn -0.000000 -0.000000 0.100000
vn -0.000000 -0.000000 0.100000
vn -0.000000 -0.000000 0.100000
vn -0.000000 -0.000000 0.100000
vn -0.000000 -0.000000 0.100000
vn -0.000000 -0.000000 0.100000
vn -0.000000 -0.000000 0.100000
vn -0.000000 -0.000000 0.100000
vn -0.000000 -0.000000 0.100000
vn -0.000000 -0.000000 0.100000
vn -0.000000 -0.000000 0.100000
vn -0.000000 -0.000000 0.100000
vn -0.000000 -0.000000 0.100000
vn -0.000000 -0.000000 0.100000
vn -0.000000 -0.000000 0.100000
vn -0.000000 -0.000000 0.100000
vn -0.000000 -0.000000 0.100000
vn -0.000000 -0.000000 0.100000
vn -0.000000 -0.000000 0.100000
vn -0.000000 -0.000000 0.100000
vn -0.046472 -0.088546 -0.000000
vn -0.000000 -0.100000 0.000000
vn -0.000000 -0.100000 0.000000
vn 0.046472 -0.088546 0.000000
vn 0.046472 -0.088546 0.000000
vn 0.082298 -0.056806 0.000000
vn 0.082298 -0.056806 0.000000
vn 0.099271 -0.012054 0.000000
vn 0.099271 -0.012054 0.000000
vn 0.093502 0.035460 0.000000
vn 0.093502 0.035460 0.000000
vn 0.066312 0.074851 0.000000
vn 0.066312 0.074851 0.000000
vn 0.023932 0.097094 0.000000
vn 0.023932 0.097094 0.000000
vn -0.023932 0.097094 -0.000000
vn -0.023932 0.097094 -0.000000
vn -0.066312 0.074851 -0.000000
vn -0.066312 0.074851 -0.000000
vn -0.093502 0.035460 -0.000000
vn -0.093502 0.035460 -0.000000
vn -0.099271 -0.012054 -0.000000
vn -0.099271 -0.012054 -0.000000
vn -0.082298 -0.056806 -0.000000
vn -0.082298 -0.056806 -0.000000
vn -0.046472 -0.088546 -0.000000
vn -0.000000 -0.000000 0.100000
vn -0.000000 -0.000000 0.100000
vn -0.000000 -0.000000 0.100000
vn -0.000000 -0.000000 0.100000
vn -0.000000 -0.000000 0.100000
vn -0.000000 -0.000000 0.100000
vn -0.000000 -0.000000 0.100000
vn -0.000000 -0.000000 0.100000
vn -0.000000 -0.000000 0.100000
vn -0.000000 -0.000000 0.100000
vn -0.000000 -0.000000 0.100000
vn -0.000000 -0.000000 0.100000
vn -0.000000 -0.000000 0.100000
vn -0.000000 -0.000000 0.100000
vn -0.000000 -0.000000 0.100000
vn -0.000000 -0.000000 0.100000
vn -0.000000 -0.000000 0.100000
vn -0.000000 -0.000000 0.100000
vn -0.000000 -0.000000 0.100000
vn -0.000000 -0.000000 0.100000
vn -0.000000 -0.000000 0.100000
vn -0.000000 -0.000000 0.100000
vn -0.000000 -0.000000 0.100000
vn -0.000000 -0.000000 0.100000
vn -0.000000 -0.000000 0.100000
vn -0.000000 -0.000000 0.100000
vn 0.046472 0.088546 0.000000
vn 0.000000 0.100000 -0.000000
vn 0.000000 0.100000 -0.000000
vn -0.046472 0.088546 -0.000000
vn -0.046472 0.088546 -0.000000
vn -0.082298 0.056806 -0.000000
vn -0.082298 0.056806 -0.000000
vn -0.099271 0.012054 -0.000000
vn -0.099271 0.012054 -0.000000
vn -0.093502 -0.035460 -0.000000
vn -0.093502 -0.035460 -0.000000
vn -0.066312 -0.074851 -0.000000
vn -0.066312 -0.074851 -0.000000
vn -0.023932 -0.097094 -0.000000
vn -0.023932 -0.097094 -0.000000
vn 0.023932 -0.097094 0.000000
vn 0.023932 -0.097094 0.000000
vn 0.066312 -0.074851 0.000000
vn 0.066312 -0.074851 0.000000
vn 0.093502 -0.035460 0.000000
vn 0.093502 -0.035460 0.000000
vn 0.099271 0.012054 0.000000
vn 0.099271 0.012054 0.000000
vn 0.082298 0.056806 0.000000
vn 0.082298 0.056806 0.000000
vn 0.046472 0.088546 0.000000
vn 0.000000 0.000000 -0.100000
vn 0.000000 0.000000 -0.100000
vn 0.000000 0.000000 -0.100000
vn 0.000000 0.000000 -0.100000
vn 0.000000 0.000000 -0.100000
vn 0.000000 0.000000 -0.100000
vn 0.000000 0.000000 -0.100000
vn 0.000000 0.000000 -0.100000
vn 0.000000 0.000000 -0.100000
vn 0.000000 0.000000 -0.100000
vn 0.000000 0.000000 -0.100000
vn 0.000000 0.000000 -0.100000
vn 0.000000 0.000000 -0.100000
vn 0.000000 0.000000 -0.100000
vn 0.000000 0.000000 -0.100000
vn 0.000000 0.000000 -0.100000
vn 0.000000 0.000000 -0.100000
vn 0.000000 0.000000 -0.100000
vn 0.000000 0.000000 -0.100000
vn 0.000000 0.000000 -0.100000
vn 0.000000 0.000000 -0.100000
vn 0.000000 0.000000 -0.100000
vn 0.000000 0.000000 -0.100000
vn 0.000000 0.000000 -0.100000
vn 0.000000 0.000000 -0.100000
vn 0.050000 0.086603 0.000000
vn 0.050000 0.086603 0.000000
vn 0.000000 0.100000 -0.000000
vn 0.000000 0.100000 -0.000000
vn -0.050000 0.086603 -0.000000
vn -0.050000 0.086603 -0.000000
vn -0.086603 0.050000 -0.000000
vn -0.086603 0.050000 -0.000000
vn -0.100000 -0.000000 -0.000000
vn -0.100000 -0.000000 -0.000000
vn -0.086603 -0.050000 -0.000000
vn -0.086603 -0.050000 -0.000000
vn -0.050000 -0.086603 -0.000000
vn -0.050000 -0.086603 -0.000000
vn -0.000000 -0.100000 0.000000
vn -0.000000 -0.100000 0.000000
vn 0.050000 -0.086603 0.000000
vn 0.050000 -0.086603 0.000000
vn 0.086603 -0.050000 0.000000
vn 0.086603 -0.050000 0.000000
vn 0.100000 0.000000 0.000000
vn 0.100000 0.000000 0.000000
vn 0.086603 0.050000 0.000000
vn 0.086603 0.050000 0.000000
vn -0.049744 0.086159 -0.010104
vn 0.000000 0.099488 -0.010104
vn 0.000000 0.099488 -0.010104
vn 0.049744 0.086159 -0.010104
vn 0.063950 0.076212 -0.010104
vn 0.086159 0.049744 -0.010104
vn 0.097977 0.017276 -0.010104
vn 0.099488 0.000000 -0.010104
vn 0.086159 -0.049744 -0.010104
vn 0.086159 -0.049744 -0.010104
vn 0.049744 -0.086159 -0.010104
vn 0.034027 -0.093488 -0.010104
vn 0.000000 -0.099488 -0.010104
vn -0.034027 -0.093488 -0.010104
vn -0.049744 -0.086159 -0.010104
vn -0.086159 -0.049744 -0.010104
vn -0.086159 -0.049744 -0.010104
vn -0.099488 -0.000000 -0.010104
vn -0.097977 0.017276 -0.010104
vn -0.086159 0.049744 -0.010104
vn -0.063950 0.076212 -0.010104
f 1229/2681/2429 1221/2682/2430 1230/2683/2431
f 1230/2683/2431 1221/2682/2430 1222/2684/2432
f 1230/2683/2431 1222/2684/2432 1238/2685/2433
f 1238/2685/2433 1222/2684/2432 1223/2686/2434
f 1238/2685/2433 1223/2686/2434 1237/2687/2435
f 1237/2687/2435 1223/2686/2434 1236/2688/2436
f 1236/2688/2436 1223/2686/2434 1224/2689/2437
f 1236/2688/2436 1224/2689/2437 1235/2690/2438
f 1235/2690/2438 1224/2689/2437 1225/2691/2439
f 1235/2690/2438 1225/2691/2439 1226/2692/2440
f 1235/2690/2438 1226/2692/2440 1234/2693/2441
f 1234/2693/2441 1226/2692/2440 1227/2694/2442
f 1234/2693/2441 1227/2694/2442 1233/2695/2443
f 1233/2695/2443 1227/2694/2442 1228/2696/2444
f 1233/2695/2443 1228/2696/2444 1232/2697/2445
f 1232/2697/2445 1228/2696/2444 1231/2698/2446
f 1231/2698/2446 1228/2696/2444 1229/2681/2429
f 1231/2698/2446 1229/2681/2429 1230/2683/2431
f 1238/2699/2447 1249/2700/2448 1230/2701/2449
f 1230/2701/2449 1249/2700/2448 1239/2702/2450
f 1230/2701/2449 1239/2702/2450 1240/2703/2451
f 1249/2700/2448 1238/2699/2447 1248/2704/2452
f 1248/2704/2452 1238/2699/2447 1237/2705/2453
f 1248/2704/2452 1237/2705/2453 1247/2706/2454
f 1247/2706/2454 1237/2705/2453 1236/2707/2455
f 1247/2706/2454 1236/2707/2455 1246/2708/2456
f 1246/2708/2456 1236/2707/2455 1235/2709/2457
f 1246/2708/2456 1235/2709/2457 1245/2710/2458
f 1245/2710/2458 1235/2709/2457 1234/2711/2459
f 1245/2710/2458 1234/2711/2459 1244/2712/2460
f 1244/2713/2460 1234/2714/2459 1243/2715/2461
f 1243/2715/2461 1234/2714/2459 1233/2716/2462
f 1243/2715/2461 1233/2716/2462 1242/2717/2463
f 1242/2717/2463 1233/2716/2462 1232/2718/2464
f 1242/2717/2463 1232/2718/2464 1241/2719/2465
f 1241/2719/2465 1232/2718/2464 1231/2720/2466
f 1241/2719/2465 1231/2720/2466 1240/2703/2451
f 1240/2703/2451 1231/2720/2466 1230/2701/2449
f 1249/2721/2467 1250/2722/2468 1239/2723/2469
f 1239/2723/2469 1250/2722/2468 1251/2724/2470
f 1239/2723/2469 1251/2724/2470 1240/2725/2471
f 1240/2725/2471 1251/2724/2470 1252/2726/2472
f 1240/2725/2471 1252/2726/2472 1241/2727/2473
f 1241/2727/2473 1252/2726/2472 1253/2728/2474
f 1241/2727/2473 1253/2728/2474 1242/2729/2475
f 1242/2729/2475 1253/2728/2474 1254/2730/2476
f 1242/2729/2475 1254/2730/2476 1243/2731/2477
f 1243/2731/2477 1254/2730/2476 1255/2732/2478
f 1243/2731/2477 1255/2732/2478 1244/2733/2479
f 1244/2734/2479 1255/2735/2478 1256/2736/2480
f 1244/2734/2479 1256/2736/2480 1245/2737/2481
f 1245/2737/2481 1256/2736/2480 1257/2738/2482
f 1245/2737/2481 1257/2738/2482 1246/2739/2483
f 1246/2739/2483 1257/2738/2482 1258/2740/2484
f 1246/2739/2483 1258/2740/2484 1247/2741/2485
f 1247/2741/2485 1258/2740/2484 1259/2742/2486
f 1247/2741/2485 1259/2742/2486 1248/2743/2487
f 1248/2743/2487 1259/2742/2486 1260/2744/2488
f 1248/2743/2487 1260/2744/2488 1249/2721/2467
f 1249/2721/2467 1260/2744/2488 1250/2722/2468
f 1260/2745/2489 1273/2746/2490 1250/2747/2491
f 1250/2747/2491 1273/2746/2490 1261/2748/2492
f 1250/2747/2491 1261/2748/2492 1262/2749/2493
f 1273/2746/2490 1260/2745/2489 1272/2750/2494
f 1272/2750/2494 1260/2745/2489 1259/2751/2495
f 1272/2750/2494 1259/2751/2495 1271/2752/2496
f 1271/2752/2496 1259/2751/2495 1258/2753/2497
f 1271/2752/2496 1258/2753/2497 1270/2754/2498
f 1270/2754/2498 1258/2753/2497 1257/2755/2499
f 1270/2754/2498 1257/2755/2499 1269/2756/2500
f 1269/2756/2500 1257/2755/2499 1256/2757/2501
f 1269/2756/2500 1256/2757/2501 1268/2758/2502
f 1268/2758/2502 1256/2757/2501 1255/2759/2503
f 1268/2758/2502 1255/2759/2503 1267/2760/2504
f 1267/2760/2504 1255/2759/2503 1266/2761/2505
f 1266/2761/2505 1255/2759/2503 1254/2762/2506
f 1266/2761/2505 1254/2762/2506 1265/2763/2507
f 1265/2763/2507 1254/2762/2506 1253/2764/2508
f 1265/2763/2507 1253/2764/2508 1264/2765/2509
f 1264/2765/2509 1253/2764/2508 1252/2766/2510
f 1264/2765/2509 1252/2766/2510 1263/2767/2511
f 1263/2767/2511 1252/2766/2510 1251/2768/2512
f 1263/2767/2511 1251/2768/2512 1262/2749/2493
f 1262/2749/2493 1251/2768/2512 1250/2747/2491
f 1273/2769/2513 1274/2770/2514 1261/2771/2515
f 1261/2771/2515 1274/2770/2514 1275/2772/2516
f 1261/2771/2515 1275/2772/2516 1262/2773/2517
f 1262/2773/2517 1275/2772/2516 1276/2774/2518
f 1262/2773/2517 1276/2774/2518 1263/2775/2519
f 1263/2775/2519 1276/2774/2518 1277/2776/2520
f 1263/2775/2519 1277/2776/2520 1264/2777/2521
f 1264/2777/2521 1277/2776/2520 1278/2778/2522
f 1264/2777/2521 1278/2778/2522 1265/2779/2523
f 1265/2779/2523 1278/2778/2522 1279/2780/2524
f 1265/2779/2523 1279/2780/2524 1266/2781/2525
f 1266/2781/2525 1279/2780/2524 1280/2782/2526
f 1266/2781/2525 1280/2782/2526 1267/2783/2527
f 1267/2784/2527 1280/2785/2526 1281/2786/2528
f 1267/2784/2527 1281/2786/2528 1268/2787/2529
f 1268/2787/2529 1281/2786/2528 1282/2788/2530
f 1268/2787/2529 1282/2788/2530 1269/2789/2531
f 1269/2789/2531 1282/2788/2530 1283/2790/2532
f 1269/2789/2531 1283/2790/2532 1270/2791/2533
f 1270/2791/2533 1283/2790/2532 1284/2792/2534
f 1270/2791/2533 1284/2792/2534 1271/2793/2535
f 1271/2793/2535 1284/2792/2534 1285/2794/2536
f 1271/2793/2535 1285/2794/2536 1272/2795/2537
f 1272/2795/2537 1285/2794/2536 1286/2796/2538
f 1272/2795/2537 1286/2796/2538 1273/2769/2513
f 1273/2769/2513 1286/2796/2538 1274/2770/2514
f 1286/2797/2539 1299/2798/2540 1274/2799/2541
f 1274/2799/2541 1299/2798/2540 1287/2800/2542
f 1274/2799/2541 1287/2800/2542 1288/2801/2543
f 1299/2798/2540 1286/2797/2539 1298/2802/2544
f 1298/2802/2544 1286/2797/2539 1285/2803/2545
f 1298/2802/2544 1285/2803/2545 1297/2804/2546
f 1297/2804/2546 1285/2803/2545 1284/2805/2547
f 1297/2804/2546 1284/2805/2547 1283/2806/2548
f 1297/2804/2546 1283/2806/2548 1296/2807/2549
f 1296/2807/2549 1283/2806/2548 1282/2808/2550
f 1296/2807/2549 1282/2808/2550 1295/2809/2551
f 1295/2809/2551 1282/2808/2550 1281/2810/2552
f 1295/2809/2551 1281/2810/2552 1294/2811/2553
f 1294/2811/2553 1281/2810/2552 1280/2812/2554
f 1294/2811/2553 1280/2812/2554 1293/2813/2555
f 1293/2813/2555 1280/2812/2554 1292/2814/2556
f 1292/2814/2556 1280/2812/2554 1279/2815/2557
f 1292/2814/2556 1279/2815/2557 1291/2816/2558
f 1291/2816/2558 1279/2815/2557 1278/2817/2559
f 1291/2816/2558 1278/2817/2559 1290/2818/2560
f 1290/2818/2560 1278/2817/2559 1277/2819/2561
f 1290/2818/2560 1277/2819/2561 1276/2820/2562
f 1290/2818/2560 1276/2820/2562 1289/2821/2563
f 1289/2821/2563 1276/2820/2562 1275/2822/2564
f 1289/2821/2563 1275/2822/2564 1288/2801/2543
f 1288/2801/2543 1275/2822/2564 1274/2799/2541
f 1299/2823/2565 1300/2824/2566 1287/2825/2567
f 1287/2825/2567 1300/2824/2566 1301/2826/2568
f 1287/2825/2567 1301/2826/2568 1288/2827/2569
f 1288/2827/2569 1301/2826/2568 1302/2828/2570
f 1288/2827/2569 1302/2828/2570 1289/2829/2571
f 1289/2829/2571 1302/2828/2570 1303/2830/2572
f 1289/2829/2571 1303/2830/2572 1290/2831/2573
f 1290/2831/2573 1303/2830/2572 1304/2832/2574
f 1290/2831/2573 1304/2832/2574 1291/2833/2575
f 1291/2833/2575 1304/2832/2574 1305/2834/2576
f 1291/2833/2575 1305/2834/2576 1292/2835/2577
f 1292/2835/2577 1305/2834/2576 1306/2836/2578
f 1292/2835/2577 1306/2836/2578 1293/2837/2579
f 1293/2838/2579 1306/2839/2578 1307/2840/2580
f 1293/2838/2579 1307/2840/2580 1294/2841/2581
f 1294/2841/2581 1307/2840/2580 1308/2842/2582
f 1294/2841/2581 1308/2842/2582 1295/2843/2583
f 1295/2843/2583 1308/2842/2582 1309/2844/2584
f 1295/2843/2583 1309/2844/2584 1296/2845/2585
f 1296/2845/2585 1309/2844/2584 1310/2846/2586
f 1296/2845/2585 1310/2846/2586 1297/2847/2587
f 1297/2847/2587 1310/2846/2586 1311/2848/2588
f 1297/2847/2587 1311/2848/2588 1298/2849/2589
f 1298/2849/2589 1311/2848/2588 1312/2850/2590
f 1298/2849/2589 1312/2850/2590 1299/2823/2565
f 1299/2823/2565 1312/2850/2590 1300/2824/2566
f 1301/2851/2591 1300/2852/2592 1313/2853/2593
f 1313/2853/2593 1300/2852/2592 1312/2854/2594
f 1313/2853/2593 1312/2854/2594 1324/2855/2595
f 1324/2855/2595 1312/2854/2594 1311/2856/2596
f 1324/2855/2595 1311/2856/2596 1323/2857/2597
f 1323/2857/2597 1311/2856/2596 1310/2858/2598
f 1323/2857/2597 1310/2858/2598 1322/2859/2599
f 1322/2859/2599 1310/2858/2598 1309/2860/2600
f 1322/2859/2599 1309/2860/2600 1321/2861/2601
f 1321/2861/2601 1309/2860/2600 1308/2862/2602
f 1321/2861/2601 1308/2862/2602 1320/2863/2603
f 1320/2863/2603 1308/2862/2602 1307/2864/2604
f 1320/2863/2603 1307/2864/2604 1319/2865/2605
f 1319/2865/2605 1307/2864/2604 1306/2866/2606
f 1319/2865/2605 1306/2866/2606 1318/2867/2607
f 1318/2867/2607 1306/2866/2606 1305/2868/2608
f 1318/2867/2607 1305/2868/2608 1317/2869/2609
f 1317/2869/2609 1305/2868/2608 1304/2870/2610
f 1317/2869/2609 1304/2870/2610 1316/2871/2611
f 1316/2871/2611 1304/2870/2610 1303/2872/2612
f 1316/2871/2611 1303/2872/2612 1315/2873/2613
f 1315/2873/2613 1303/2872/2612 1302/2874/2614
f 1315/2873/2613 1302/2874/2614 1314/2875/2615
f 1314/2875/2615 1302/2874/2614 1301/2851/2591
f 1314/2875/2615 1301/2851/2591 1313/2853/2593
f 1324/2876/2616 1336/2877/2617 1313/2878/2618
f 1313/2878/2618 1336/2877/2617 1325/2879/2619
f 1313/2878/2618 1325/2879/2619 1314/2880/2620
f 1314/2880/2620 1325/2879/2619 1326/2881/2621
f 1314/2880/2620 1326/2881/2621 1315/2882/2622
f 1315/2882/2622 1326/2881/2621 1327/2883/2623
f 1315/2882/2622 1327/2883/2623 1316/2884/2624
f 1316/2884/2624 1327/2883/2623 1328/2885/2625
f 1316/2884/2624 1328/2885/2625 1317/2886/2626
f 1317/2886/2626 1328/2885/2625 1329/2887/2627
f 1317/2886/2626 1329/2887/2627 1318/2888/2628
f 1318/2888/2628 1329/2887/2627 1330/2889/2629
f 1318/2888/2628 1330/2889/2629 1319/2890/2630
f 1319/2890/2630 1330/2889/2629 1331/2891/2631
f 1319/2892/2630 1331/2893/2631 1320/2894/2632
f 1320/2894/2632 1331/2893/2631 1332/2895/2633
f 1320/2894/2632 1332/2895/2633 1321/2896/2634
f 1321/2896/2634 1332/2895/2633 1333/2897/2635
f 1321/2896/2634 1333/2897/2635 1322/2898/2636
f 1322/2898/2636 1333/2897/2635 1334/2899/2637
f 1322/2898/2636 1334/2899/2637 1323/2900/2638
f 1323/2900/2638 1334/2899/2637 1335/2901/2639
f 1323/2900/2638 1335/2901/2639 1324/2876/2616
f 1324/2876/2616 1335/2901/2639 1336/2877/2617
f 1326/2902/2640 1325/2903/2641 1221/2904/2642
f 1221/2904/2642 1325/2903/2641 1336/2905/2643
f 1221/2904/2642 1336/2905/2643 1222/2906/2644
f 1222/2906/2644 1336/2905/2643 1335/2907/2645
f 1222/2906/2644 1335/2907/2645 1223/2908/2646
f 1223/2908/2646 1335/2907/2645 1334/2909/2647
f 1223/2908/2646 1334/2909/2647 1224/2910/2648
f 1224/2910/2648 1334/2909/2647 1333/2911/2649
f 1224/2910/2648 1333/2911/2649 1332/2912/2650
f 1224/2910/2648 1332/2912/2650 1225/2913/2651
f 1225/2913/2651 1332/2912/2650 1331/2914/2652
f 1225/2913/2651 1331/2914/2652 1226/2915/2653
f 1226/2916/2653 1331/2917/2652 1330/2918/2654
f 1226/2916/2653 1330/2918/2654 1227/2919/2655
f 1227/2919/2655 1330/2918/2654 1329/2920/2656
f 1227/2919/2655 1329/2920/2656 1328/2921/2657
f 1227/2919/2655 1328/2921/2657 1228/2922/2658
f 1228/2922/2658 1328/2921/2657 1327/2923/2659
f 1228/2922/2658 1327/2923/2659 1229/2924/2660
f 1229/2924/2660 1327/2923/2659 1326/2902/2640
f 1229/2924/2660 1326/2902/2640 1221/2904/2642
# 1336 vertices
# 2924 texture params
# 2660 normals
# 2712 facets

# 8 groups
