# https://github.com/mikedh/trimesh
mtllib material.mtl

o base.obj
usemtl material_0
v 16.87361011 -15.73420561 -0.46534013
v 16.87517915 -14.95990420 -1.25275385
v 16.87500000 -16.54999924 -1.95000005
v 16.87499749 -15.79391061 -2.31703043
v 16.87464564 -12.64665704 -1.07514890
v 16.87430521 -10.97999562 -1.19457084
v 16.87482958 -15.80840505 -13.97813817
v 16.87499808 -16.28084505 -15.01409164
v 16.87499999 -2.60478963 -1.19993966
v 16.87501343 -11.68857320 -0.75678413
v 16.87499923 -15.81367774 -15.80721063
v 16.87547983 -15.71959380 -18.09281014
v 16.87328586 -16.52228654 -18.74692220
v 16.87500000 -15.05000019 -19.54999924
v 16.87500001 -14.50407033 -18.79976710
v 16.87500778 11.79774387 -0.74703606
v 16.87500000 -0.43746307 -1.20000005
v 16.87500000 15.05000019 -0.44999999
v 16.87390603 12.90360597 -1.16510464
v 16.87554825 14.87048711 -1.25572623
v 16.87532885 15.78947434 -2.21694705
v 16.87579738 15.90894161 -9.13956061
v 16.87500473 11.06363446 -18.80052554
v 16.87574038 12.90452528 -18.84870716
v 16.87501582 11.93092674 -19.26883717
v 16.87607702 16.54215907 -18.67462859
v 16.87500078 15.81292339 -11.89780653
v 16.87498530 15.79215439 -17.78684029
v 16.87488816 14.87380067 -18.75509709
v 16.87499999 15.32019576 -19.54947748
v 16.87484284 -1.44839508 -1.07025184
v 16.32500079 16.54912833 -18.31212107
v 16.32469361 15.70913536 -19.54622028
v 16.32500076 -16.00000000 0.00000000
v 16.32500076 -17.00000000 -1.00000000
v 16.32636231 -16.45537424 -0.47914955
v 16.32500076 -17.00000000 -19.00000000
v 16.32500076 -16.54934504 -18.34875828
v 16.32500076 -16.00000000 -20.00000000
v 16.32434154 -15.67293343 -19.54332843
v 16.32500076 16.00000000 0.00000000
v 16.32496125 15.46369605 -0.45202362
v 16.82529294 16.51753909 -1.32719123
v 16.32500077 17.00000009 -1.00000330
v 16.32500076 16.54999924 -1.95000005
v 16.32500076 16.00000000 -20.00000000
v 16.32500076 17.00000000 -19.00000000
v 13.87500000 16.70000076 -1.12426412
v 13.87500000 16.00000000 0.00000000
v 13.87500000 17.00000000 -1.00000000
v 13.87500000 15.87573624 -0.30000001
v 13.87500000 16.70000076 -18.87573624
v 13.87500000 17.00000000 -19.00000000
v 13.87500000 16.00000000 -20.00000000
v 13.87500000 15.87573624 -19.70000076
v 13.87500000 -16.00000000 0.00000000
v 13.87500000 -15.87573624 -0.30000001
v 13.87500000 -16.91389975 -1.02070398
v 13.87500000 -16.91389977 -19.02500842
v 13.87500000 -15.87573624 -19.70000076
v 13.87500000 -16.00000000 -20.00000000
v 12.87500000 -16.70000076 -18.87573624
v 12.87500000 -16.70000076 -1.12426412
v 12.87500000 -15.87573624 -19.70000076
v 12.87500000 15.87573624 -19.70000076
v 12.87500000 16.85104311 -1.04273992
v 12.87500000 15.87573624 -0.30000001
v 12.87500000 -15.87573624 -0.30000001
v 12.87500000 16.00000000 0.00000000
v 12.87499999 16.85104310 -18.95726037
v 12.87500000 16.00000000 -20.00000000
v 12.87500000 -16.00000000 0.00000000
v 12.87500000 -17.00000000 -1.00000000
v 12.87500000 -17.00000000 -19.00000000
v 12.87500000 -16.00000000 -20.00000000
v 11.87500000 16.70000076 -1.12426412
v 11.87500000 16.00000000 0.00000000
v 11.87500000 17.00000000 -1.00000000
v 11.87500000 15.87573624 -0.30000001
v 11.87500000 16.70000076 -18.87573624
v 11.87500000 17.00000000 -19.00000000
v 11.87500000 16.00000000 -20.00000000
v 11.87500000 15.87573624 -19.70000076
v 11.87500000 -16.00000000 0.00000000
v 11.87500000 -15.87573624 -0.30000001
v 11.87500000 -16.85104311 -1.04273962
v 11.87500001 -16.85104314 -19.02513496
v 11.87500000 -15.87573624 -19.70000076
v 11.87500000 -16.00000000 -20.00000000
v 10.87500000 -16.70000076 -18.87573624
v 10.87500000 -16.70000076 -1.12426412
v 10.87500000 -15.87573624 -19.70000076
v 10.87500000 15.87573624 -19.70000076
v 10.87500000 16.85104311 -1.04273992
v 10.87500000 15.87573624 -0.30000001
v 10.87500000 -15.87573624 -0.30000001
v 10.87500000 16.00000000 0.00000000
v 10.87499999 16.85104310 -18.95726037
v 10.87500000 16.00000000 -20.00000000
v 10.87500000 -16.00000000 0.00000000
v 10.87500000 -17.00000000 -1.00000000
v 10.87500000 -17.00000000 -19.00000000
v 10.87500000 -16.00000000 -20.00000000
v 9.87500000 16.70000076 -1.12426412
v 9.87500000 16.00000000 0.00000000
v 9.87500000 17.00000000 -1.00000000
v 9.87500000 15.87573624 -0.30000001
v 9.87500000 16.70000076 -18.87573624
v 9.87500000 17.00000000 -19.00000000
v 9.87500000 16.00000000 -20.00000000
v 9.87500000 15.87573624 -19.70000076
v 9.87500000 -16.00000000 0.00000000
v 9.87500000 -15.87573624 -0.30000001
v 9.87500000 -16.85104311 -1.04273962
v 9.87500001 -16.85104314 -19.02513496
v 9.87500000 -15.87573624 -19.70000076
v 9.87500000 -16.00000000 -20.00000000
v 8.87500000 -16.70000076 -18.87573624
v 8.87500000 -16.70000076 -1.12426412
v 8.87500000 -15.87573624 -19.70000076
v 8.87500000 15.87573624 -19.70000076
v 8.87500000 16.85104311 -1.04273992
v 8.87500000 15.87573624 -0.30000001
v 8.87500000 -15.87573624 -0.30000001
v 8.87500000 16.00000000 0.00000000
v 8.87499999 16.85104310 -18.95726037
v 8.87500000 16.00000000 -20.00000000
v 8.87500000 -16.00000000 0.00000000
v 8.87500000 -17.00000000 -1.00000000
v 8.87500000 -17.00000000 -19.00000000
v 8.87500000 -16.00000000 -20.00000000
v 7.87500000 16.70000076 -1.12426412
v 7.87500000 16.00000000 0.00000000
v 7.87500000 17.00000000 -1.00000000
v 7.87500000 15.87573624 -0.30000001
v 7.87500000 16.70000076 -18.87573624
v 7.87500000 17.00000000 -19.00000000
v 7.87500000 16.00000000 -20.00000000
v 7.87500000 15.87573624 -19.70000076
v 7.87500000 -16.00000000 0.00000000
v 7.87500000 -15.87573624 -0.30000001
v 7.87500000 -16.85104311 -1.04273962
v 7.87500001 -16.85104314 -19.02513496
v 7.87500000 -15.87573624 -19.70000076
v 7.87500000 -16.00000000 -20.00000000
v 6.87500000 -16.70000076 -18.87573624
v 6.87500000 -16.70000076 -1.12426412
v 6.87500000 -15.87573624 -19.70000076
v 6.87500000 15.87573624 -19.70000076
v 6.87500000 16.85104311 -1.04273992
v 6.87500000 15.87573624 -0.30000001
v 6.87500000 -15.87573624 -0.30000001
v 6.87500000 16.00000000 0.00000000
v 6.87499999 16.85104310 -18.95726037
v 6.87500000 16.00000000 -20.00000000
v 6.87500000 -16.00000000 0.00000000
v 6.87500000 -17.00000000 -1.00000000
v 6.87500000 -17.00000000 -19.00000000
v 6.87500000 -16.00000000 -20.00000000
v 5.87500000 16.70000076 -1.12426412
v 5.87500000 16.00000000 0.00000000
v 5.87500000 17.00000000 -1.00000000
v 5.87500000 15.87573624 -0.30000001
v 5.87500000 16.70000076 -18.87573624
v 5.87500000 17.00000000 -19.00000000
v 5.87500000 16.00000000 -20.00000000
v 5.87500000 15.87573624 -19.70000076
v 5.87500000 -16.00000000 0.00000000
v 5.87500000 -15.87573624 -0.30000001
v 5.87500000 -16.85104311 -1.04273962
v 5.87500001 -16.85104314 -19.02513496
v 5.87500000 -15.87573624 -19.70000076
v 5.87500000 -16.00000000 -20.00000000
v 4.87500000 -16.70000076 -18.87573624
v 4.87500000 -16.70000076 -1.12426412
v 4.87500000 -15.87573624 -19.70000076
v 4.87500000 15.87573624 -19.70000076
v 4.87500000 16.70000076 -18.87573624
v 4.87500000 16.70000076 -1.12426412
v 4.87500000 15.87573624 -0.30000001
v 4.87500000 -15.87573624 -0.30000001
v 4.87500000 17.00000000 -1.00000000
v 4.87500000 16.00000000 0.00000000
v 4.87500000 17.00000000 -19.00000000
v 4.87500000 16.00000000 -20.00000000
v 4.87500000 -16.00000000 0.00000000
v 4.87500000 -17.00000000 -1.00000000
v 4.87500000 -17.00000000 -19.00000000
v 4.87500000 -16.00000000 -20.00000000
v 2.42499995 -17.00000000 -1.00000000
v 2.42499995 -17.00000000 -19.00000000
v 2.42499995 -16.00000000 -20.00000000
v 4.57499981 -4.50000000 -20.00000000
v 2.42499995 -4.50000000 -20.00000000
v 2.42499995 16.00000000 -20.00000000
v 4.57499981 1.50000000 -20.00000000
v 2.42499995 1.50000000 -20.00000000
v 2.42499995 17.00000000 -19.00000000
v 2.42499995 17.00000000 -1.00000000
v 2.42499995 16.00000000 0.00000000
v 4.57499981 1.50000000 0.00000000
v 2.42499995 -16.00000000 0.00000000
v 4.57499981 -4.50000000 0.00000000
v 2.42499995 -4.50000000 0.00000000
v 2.42664038 -16.53924173 -18.67358917
v 2.41505001 -16.50248713 -0.60187308
v 1.87500000 -16.54999924 -18.04999924
v 1.87729641 -16.46615163 -0.52474896
v 1.87482365 -15.09102203 -1.30847103
v 1.87497353 -15.79694768 -2.37470041
v 1.87486643 -15.85155020 -8.92776345
v 2.03951620 -4.50000167 -0.44918069
v 1.87499393 -11.77857877 -0.74857778
v 1.87514641 -16.25621863 -15.06917825
v 1.87441917 -15.73319923 -17.94031374
v 2.14403604 -15.76880851 -19.52712281
v 1.87499877 -14.74020135 -18.79413579
v 2.00531625 -4.50002644 -19.55378831
v 1.57078604 -4.49991835 -18.79908504
v 1.87489196 -15.80650005 -13.86966912
v 14.47217117 -15.82801034 -8.99411587
v 16.87453868 11.04690001 -1.19885843
v 1.87511050 -10.88914062 -1.19829592
v 1.87571500 -15.80731655 -15.87009691
v 1.86917475 15.77351888 -2.13378601
v 1.87473634 15.82982350 -8.38243216
v 1.87611955 15.82062487 -11.96809138
v 1.87500000 1.50000000 -1.20000005
v 1.87509886 11.06336423 -1.19303670
v 1.84564595 14.19350347 -1.20512268
v 1.87487978 12.09050803 -0.69369542
v 2.05963367 16.53162315 -1.11625472
v 1.87500000 1.50000000 -19.54999924
v 1.87500000 1.50000000 -18.79999924
v 1.87467253 10.97958695 -18.81122226
v 1.87506626 12.17236070 -19.26516443
v 1.87541000 12.95890029 -18.80849426
v 1.87499999 15.20685883 -19.54987576
v 1.87477920 14.97500122 -18.71471337
v 1.87499933 15.78789463 -17.74969658
v 1.87518061 16.52495907 -18.85855503
v 4.57499981 1.50000000 -18.79999924
v 4.57499981 -4.50000000 -18.79999924
v 2.42499995 1.50000000 -19.54999924
v 2.42499993 15.31262130 -19.54897053
v 2.42570138 16.54047779 -18.71094530
v 2.02850160 1.50000106 -0.45007795
v 2.21567992 15.63908270 -0.45840526
v 4.57499981 1.50000000 -1.20000005
v 4.57499981 -4.50000000 -1.20000005
v 4.57483066 -1.45876098 -1.12057303
v 1.87580931 -12.81561034 -1.15938404
v 17.27471356 15.88292720 -18.22747179
v 20.33506578 14.51148342 -17.98042013
v 16.96863216 -14.18729356 -17.74916170
v 20.33051947 -15.09099710 -16.88476573
v 20.36458390 16.95577949 -19.61380711
v 16.30902856 -16.44581695 -19.48794739
v 16.32500075 -16.56989514 -1.78315620
v 16.32500076 -15.19854276 -0.44003281
v 16.32500076 15.20659594 -19.55994324
v 16.32288625 16.52840113 -18.78029787
v 16.32505419 15.70042080 -0.44748868
v 16.32500075 16.54921517 -1.62197243
v 20.33480188 16.92204114 -0.37458665
v 20.36113566 -13.88756693 -2.51726534
v 20.32230936 -10.28008057 -0.03006931
v 20.06400738 -7.66664237 -0.00558470
v 20.37501321 -6.66257055 -1.19344152
v 20.37148879 -14.07725559 -13.60545825
v 19.49772068 -16.99190561 -16.52412126
v 20.33356652 -16.98865585 -18.99023815
v 20.36948010 -7.64323280 -19.87618781
v 20.37165228 6.00817453 -6.08079915
v 20.37500373 -6.25984695 -18.80016384
v 20.37499739 3.40452684 -9.26809147
v 20.36770783 9.56919061 -6.56939727
v 20.36901155 6.76394957 -18.89263849
v 20.37068839 13.98721703 -2.45291901
v 20.37116549 11.91071614 -16.55974213
v 20.08666421 7.60940312 -19.99623242
v 20.32512768 10.37801186 -19.96930978
v 20.36983247 7.05552174 -0.78246705
v 19.95044989 13.96822501 -0.06898212
v 18.87500000 10.39999962 0.00000000
v 19.97574149 10.26164629 0.01344032
v 18.87500000 -10.30000019 0.00000000
v 19.56798821 -13.52018735 -0.00702533
v 19.89397980 -6.15688443 -0.96402217
v 20.36070091 -11.08604752 -3.24701086
v 18.86313284 -10.93958479 -2.32085420
v 18.84929910 -13.19763244 -1.76692241
v 16.87349290 -12.58145164 -0.90503138
v 18.13159154 -11.38095254 -0.82029668
v 16.87499999 -16.56913243 -1.67797270
v 16.87500000 -15.06999969 -0.44000000
v 16.90579763 -12.43011681 -2.54773115
v 16.96843330 -15.72744946 -5.01880050
v 16.96630111 -9.12497505 -1.20166234
v 16.87806132 -16.17184193 -14.47843340
v 16.87514783 -16.56924219 -18.38339617
v 16.86811041 -14.72343986 -15.20907793
v 16.87500000 -15.16147531 -19.55998593
v 16.87500002 -12.23241019 -18.79985796
v 16.96948026 9.24075938 -1.20035357
v 16.93634612 11.42439939 -2.35362048
v 16.87409182 11.42370243 -0.86893711
v 16.85589034 12.85687596 -1.32103722
v 16.87814015 15.65528222 -0.44177880
v 16.87499999 16.54832846 -1.61045848
v 16.94598311 15.77539905 -4.02419271
v 16.87499999 9.31153675 -18.79981751
v 16.87775416 15.72092090 -19.55176217
v 16.87529758 12.24377342 -19.29486556
v 16.95062439 13.01844975 -17.84268968
v 16.87500000 16.54964629 -18.30153674
v 18.90894401 -16.95441123 -13.80551058
v 18.83699993 -14.74764248 -16.04083302
v 18.84973454 -14.68075535 -13.63494993
v 20.35078132 -16.95653002 -13.26999347
v 20.33037499 -16.98767170 -0.99395950
v 20.32267303 -16.00300723 -19.98647571
v 19.87500000 -7.50154878 -19.99999995
v 18.87500000 10.39999962 -20.00000000
v 19.53741070 13.71314043 -19.98603264
v 19.87500000 6.20629812 -19.00006870
v 18.86960486 11.20268987 -17.11992928
v 18.88164837 12.93068743 -18.60221777
v 19.93325529 -6.70498318 -19.06662988
v 18.89517066 12.94020811 -1.41274866
v 20.09430853 11.85145273 -3.06398282
v 20.15843356 10.57247904 -2.34305620
v 16.97500038 -12.24005856 -18.79992034
v 16.96910112 -15.31706284 -12.95560570
v 16.88194607 -11.25968927 -2.32454671
v 16.97500038 9.21771058 -18.79993542
v 16.93199702 11.04987588 -18.52358172
v 16.97720009 4.39754577 -6.76255251
v 16.95033990 15.73279779 -16.28005255
v 16.98021060 11.63709756 -10.88954838
v 16.97946226 10.17026317 -6.70205741
v 16.98603047 9.30318618 -13.71032654
v 16.97772181 4.71018181 -13.38414794
v 18.67328529 3.65177973 -11.69912445
v 18.65697509 4.15223377 -7.52979027
v 18.67956732 10.95189318 -7.61051103
v 18.61723405 10.77655846 -12.80370086
v 18.69957440 7.32693754 -5.89146585
v 18.89722482 9.80496134 -11.42577099
v 18.72500023 9.41476563 -8.22335366
v 18.92962240 4.95566351 -9.41537839
v 18.95833345 7.11940119 -7.40434825
v 19.20330357 10.07353765 -9.00157440
v 18.95208476 5.82549303 -13.67542680
v 19.17543654 10.05249725 -13.10117926
v 19.20822481 11.63045987 -9.40271882
v 19.13747726 7.70657192 -5.82170308
v 19.38224787 3.44747574 -9.02241692
v 20.36907501 4.09380968 -12.10429377
v 20.37161591 7.39660088 -14.28281787
v 20.37231923 11.76020550 -10.15742380
v 17.09957273 -15.87133742 -1.71454530
v 16.94249262 -14.61305866 -2.97829427
v 16.96545199 -14.26567235 -1.37802311
v 18.71011111 -15.38686212 -1.23124287
v 19.64439798 -15.83010073 -2.55178541
v 20.29092053 -15.34441909 -0.10740531
v 17.02720304 -15.53411199 -18.77624506
v 18.52825908 -14.87650484 -17.51810554
v 20.32703363 -15.14659165 -18.78023089
v 16.96106989 15.08432382 -2.56811282
v 19.08434689 13.99340987 -2.01193085
v 17.07043338 14.94893615 -1.04836497
v 18.88814447 15.57406147 -2.29576637
v 17.62400816 14.39716893 -17.54374812
v 19.18076217 15.54608535 -18.07337443
v 19.93384332 6.75822669 -0.93139751
v -3.68738593 8.60009755 -9.37082867
v -2.92363092 7.01030887 -10.79494260
v 0.77706762 -15.41029127 -14.82339265
v -2.62412498 -15.70862475 -17.88308985
v -2.62246651 -14.65347449 -1.20526858
v -2.62474239 -14.77922121 -2.72377880
v 1.68678074 12.33579402 -18.09333178
v 1.82730444 11.57852037 -1.10292962
v -2.62675247 14.84672010 -17.61874315
v 1.81045180 14.41289210 -17.34127020
v -2.62506008 14.44193685 -2.04313043
v -0.80279027 15.61582016 -2.71494557
v 1.67955585 14.39006112 -2.17520183
v -2.62500000 -16.79999924 -1.08284271
v -2.62500000 -15.91715717 -0.20000000
v -2.62500000 -16.79999924 -18.91715813
v -2.62500000 -15.91715717 -19.79999924
v -2.62555601 5.13996615 -5.10287725
v -2.62500000 15.91715717 -0.20000000
v -2.62800633 11.94984156 -7.06509038
v -2.61710395 10.92454168 -14.21030506
v -2.61216411 5.08438139 -14.64108310
v -2.59726252 16.98617449 -19.00438689
v -2.62500000 15.91715717 -19.79999924
v -2.58663819 16.99322500 -1.00986071
v -2.42499995 16.00000000 -20.00000000
v -2.42499995 -16.00000000 -20.00000000
v 1.27499998 -4.50000000 -20.00000000
v 1.27499998 1.50000000 -20.00000000
v 1.27499998 1.50000000 -18.79999924
v 2.01292205 -4.50003871 -19.56338008
v 2.42318544 -16.52119608 -0.60044383
v 2.02690581 -4.50001216 -0.43973504
v 2.41726022 -16.45172783 -19.48621622
v 1.27499998 -4.50000000 0.00000000
v 1.60291901 -4.49999429 -1.20000996
v 1.87344415 -16.56399904 -1.41919418
v 1.82193305 -11.57161328 -2.75259051
v 1.88478840 -11.62759654 -1.31801216
v 1.87180293 -15.67169759 -4.01999356
v 1.87515636 -15.98890645 -9.15090663
v 1.85522729 -15.34982496 -13.55294139
v 1.87500007 -15.79832410 -12.58638837
v 1.87180348 -14.20845048 -14.25951683
v 1.87289865 -16.51561286 -19.41949537
v 1.82034283 -13.91803399 -17.29586729
v 1.87587283 -12.81896504 -18.76505524
v 1.27499998 1.50000000 -1.20000005
v -1.82500005 -9.64560815 -1.20057973
v -1.82506244 -11.45363236 -2.75614560
v -1.81792246 -15.52534864 -3.51969963
v -1.82520548 -15.93859866 -9.22717975
v -1.82547740 -15.68186139 -13.17629398
v -1.82499475 -14.22541610 -14.28209534
v -1.82484983 -14.14661656 -16.36382244
v -1.82466782 -12.92742004 -18.78899915
v -1.82492488 10.12886601 -1.21037056
v -1.82409676 4.91855811 -7.49865077
v -1.82500005 4.13340097 -10.18557600
v -1.82499966 4.72207808 -12.06119543
v -1.82393478 11.91629359 -2.70648806
v -1.82484279 15.78117662 -4.09682309
v -1.82455927 9.83235756 -7.21308341
v -1.78443605 11.01555389 -10.86880113
v -1.82497985 11.44689564 -17.20869388
v -1.82485824 10.11822974 -18.79191647
v -1.82428223 7.79471869 -13.56888946
v -1.82159714 15.60513259 -16.48207432
v 1.87525573 10.08342634 -18.78480898
v 1.88513248 15.78197131 -15.79478606
v 1.87500000 15.79971571 -4.76714582
v 1.86169690 14.50468235 -3.13881378
v 1.87525286 10.01703359 -1.21547150
v 1.87500000 1.50000000 -0.44000000
v 1.87500000 15.37062450 -0.44181389
v 1.87723814 16.53703122 -1.27918686
v 1.87500000 1.50000000 -19.55999947
v 1.86428020 11.47593510 -17.18411421
v 1.87252457 16.48882477 -19.49829395
v 2.42519035 16.54709090 -1.42870869
v 2.42499995 15.48546821 -0.44230758
v 2.42499995 1.49975423 -0.06093555
v 1.27499998 1.50000000 0.00000000
v 2.42499995 1.50000000 -19.55999947
v 2.42162753 16.43468276 -19.44746759
v -2.42499995 16.00000000 0.00000000
v -2.42499995 -16.00000000 -0.00000000
v -2.42499995 -17.00000000 -1.00000000
v -2.42499995 -17.00000000 -19.00000000
v -2.00715122 15.69177940 -1.59017247
v -1.44266267 14.68181123 -1.54142620
v -0.21407661 15.72568206 -17.57659996
v -0.77228148 14.57403031 -18.50595563
v 1.67855362 12.87303710 -1.43444342
v 1.65809978 11.21179675 -2.43977631
v -1.12676455 12.08354280 -1.54655756
v 1.85364993 11.60322953 -19.00709433
v -1.18962290 11.94018359 -18.56584562
v -0.83212967 9.99152379 -7.71402653
v -0.84373893 9.37069902 -12.76704997
v -0.82991238 5.82790789 -12.90928854
v -0.83873406 4.18803164 -10.03217079
v -0.88326549 6.03519389 -6.80379787
v 1.81740803 -14.21604815 -2.97373142
v 0.34474900 -15.69459571 -2.75001185
v -1.16194345 -14.17382138 -2.13530015
v -2.09098364 -15.37139637 -1.19518236
v 1.83714051 -14.75135498 -0.60457881
v 1.73821764 -15.67601933 -17.32439304
v -0.42552652 -14.43314228 -18.01821511
v -2.15426563 -14.04066929 -18.23158903
v 1.36046048 -15.44933065 -18.77594490
v 0.40650138 -12.12807357 -1.51137641
v 1.86289946 -15.05780640 -15.37099414
v 1.85583085 -15.98186793 -14.39272320
v -2.61107853 2.61717224 -11.76699364
v -2.30586329 3.30258088 -6.65573892
v -2.33147596 10.83253322 -5.69614404
v -2.31720199 12.15796280 -12.86032228
v -2.44659406 4.73014693 -9.56715117
v -2.47093512 7.60202041 -7.36125780
v -2.47145230 6.40480391 -12.47566023
v -2.43955199 9.94374555 -8.95541821
v -2.37537916 9.52770752 -11.86299545
v -5.09699001 5.18841061 -11.41741464
v -5.08746425 8.44802965 -7.49703087
v -5.09477285 10.03485645 -10.87314134
v -5.08542584 5.58463949 -8.26655961
v -5.09382892 7.99711810 -12.10307421
v -5.06645452 7.01151750 -9.11288246
v -1.65953396 6.99190525 -8.93429104
v -1.72786994 8.29216575 -9.86764254
v 2.37137741 11.85677679 -17.65608587
v 2.39675035 11.24463037 -18.23345661
v 2.36469660 12.70171744 -18.15504647
v -0.98300600 11.63615709 -19.09512804
v 2.38207186 12.67788669 -18.67981824
v 2.36975299 12.27432692 -19.08402356
v -0.88621046 11.34464472 -17.80774552
v -1.08008715 12.28856084 -17.69584007
v -1.02485155 12.80584910 -18.69523748
v 18.87500000 11.72804072 -17.73974666
v 18.85844937 12.46813434 -17.83183083
v 18.87513429 12.70341272 -18.61301631
v 18.87119869 11.94875685 -19.13846016
v 18.84000708 11.25088470 -18.35446083
v 19.31638760 10.45650784 -18.73807618
v 19.48876341 12.25074808 -19.84239454
v 19.62995779 12.70137843 -17.37988424
v 2.37985661 11.30101843 -1.37836634
v 2.37861459 11.73060264 -0.90544035
v 2.44020708 12.63560622 -1.18372167
v 2.25519955 11.94778331 -2.37565691
v -0.83883312 11.30576171 -1.91753401
v -0.90042887 11.64163539 -0.81186662
v -0.71697239 12.80018909 -1.80284347
v -1.25412091 11.90025039 -2.32818552
v 18.87560507 11.29253529 -1.47318156
v 18.87500000 11.57352603 -1.02727310
v 18.87784780 12.43688983 -0.97102960
v 18.87532945 12.67931579 -1.83973059
v 18.87553384 12.09477934 -2.35183221
v 18.87484692 11.44413989 -2.05363960
v 18.87450425 13.38653659 -1.91620237
v 19.66729753 10.58813474 -1.47456585
v 18.75752046 11.21018667 -2.88514021
v 19.37936031 12.04994943 -0.01172905
v 19.58617492 13.54734384 -1.35881660
v 19.84298299 12.51697852 -2.91773469
v 2.35390943 -15.74540695 -14.18901773
v 2.47513358 -14.57309050 -14.82281270
v -1.13872099 -15.63799696 -15.65414363
v -0.83756253 -16.18646730 -14.94477496
v -1.10707095 -14.83597820 -14.48561639
v 18.88091404 -15.47156011 -14.12522201
v 18.81657501 -14.69825979 -15.27596259
v 18.83963295 -16.11705710 -15.23065454
v 19.36091019 -16.82563948 -14.63372464
v 19.64156215 -14.58953456 -15.79862144
v 19.41541611 -14.76354472 -13.44820994
v 2.38789765 -12.09083819 -0.89239803
v 2.43938243 -11.22174792 -1.22873506
v -1.03390966 -12.18574419 -2.34688794
v -0.99647620 -11.42247404 -0.82637651
v -0.82571058 -11.33508474 -2.13018120
v -1.09715209 -12.67404886 -1.35610908
v 18.87362711 -12.57175851 -1.31663585
v 18.90721335 -11.89836331 -0.84211232
v 18.91898161 -11.14741742 -1.34511501
v 18.91266076 -11.55841289 -2.34642831
v 18.87411414 -12.44014250 -2.11362607
v 19.41674352 -12.51367505 -0.26722393
v 19.63940859 -11.76360247 -2.78232433
v 21.48602001 6.74376733 -9.09082621
v 20.76576498 6.61232470 -10.94037835
v 10.85742032 11.45322763 -3.45397272
v 10.87034964 13.73897061 -7.34736375
v 10.87326814 8.50585328 -3.31854546
v 10.88161526 14.89721176 -8.21087706
v 10.87500767 12.99730711 -4.00968700
v 10.84317611 13.29203663 -5.12970339
v 10.87161615 13.81381819 -5.99986585
v 10.87490500 11.68671517 -4.75617859
v 10.85424959 10.15323811 -3.62327576
v 10.87207759 8.31150780 -1.77362666
v 10.90086437 15.14103273 -9.54344019
v 10.83710839 6.66697074 -3.27716566
v 10.86995497 14.23390958 -10.63233204
v 10.84938296 14.90815429 -11.76553640
v 10.87246636 13.57263731 -13.03547339
v 10.86965543 4.47103878 -3.82315150
v 10.86121172 5.43771169 -2.80592147
v 10.87308454 3.23871783 -3.07102897
v 10.87477078 14.15701601 -14.85122283
v 10.85801935 2.54754876 -4.10285826
v 10.91687356 12.87497056 -15.17454968
v 10.85062424 2.25587456 -5.59445443
v 10.83673215 11.35201214 -15.63169090
v 10.88588379 1.41390968 -6.40628637
v 10.87275768 11.16267231 -17.29598279
v 10.90621873 0.16187104 -7.78931585
v 10.88837650 10.02597689 -16.27983470
v 10.87023948 9.43431465 -17.14419608
v 10.88294853 8.34129054 -17.63274585
v 10.86306269 7.00262308 -17.08333197
v 10.85925000 0.66986332 -9.67852503
v 10.87320326 1.13454797 -12.16877379
v 10.86914704 0.10095097 -11.21957121
v 10.91227263 4.08007882 -16.94827606
v 10.91923947 1.33446043 -14.41734904
v 10.89498852 3.29974085 -15.56416214
v 10.88047297 5.65166199 -17.29056979
v 10.88359092 2.95142101 -14.85332308
v 10.85745432 0.67220010 -13.42544574
v 14.37507192 10.92651909 -3.73097187
v 14.37492184 12.34066931 -4.23774613
v 14.37473101 12.06367722 -3.18303756
v 14.37445266 14.02131949 -4.87272973
v 14.37671822 2.48761171 -14.94634471
v 14.38395789 0.55227822 -12.69570705
v 14.39439604 3.48643152 -16.53811369
v 14.35951624 1.10690215 -13.98997497
v 12.59812827 1.48243149 -15.63542474
v 14.37491583 12.70656545 -5.17268229
v 14.39890020 10.04690635 -2.72121790
v 14.37517327 14.69883181 -7.21130686
v 14.37518940 14.96618078 -8.61224420
v 14.38170389 8.57628270 -2.62761221
v 14.37901130 7.00704176 -2.65692428
v 14.35477521 15.34884665 -10.45991119
v 14.36696020 14.93433355 -12.27898891
v 14.37758479 9.07210563 -7.22324277
v 14.37619724 14.24792142 -6.07113764
v 14.37644741 4.34862882 -3.17649533
v 14.37687295 5.33502177 -2.92119187
v 14.37508826 10.57767414 -10.21964689
v 12.46859236 14.89536332 -13.70744618
v 14.37411525 6.00871920 -7.29249691
v 14.37634023 13.71477451 -13.91747135
v 14.37135282 12.83387288 -15.00657316
v 14.38152549 3.09492990 -3.90426695
v 14.37462224 9.45435816 -12.38390913
v 14.36337396 1.91692724 -5.31329815
v 14.37602962 11.55992831 -16.27397375
v 14.37481356 4.33800970 -10.21340064
v 14.36970118 9.94879263 -16.94471572
v 14.37777631 0.96689376 -6.55074012
v 14.37815260 0.39380884 -8.19688438
v 14.37144091 8.74571540 -17.54236016
v 14.37833896 -0.34073284 -10.21901552
v 14.37328376 7.33690636 -17.62878864
v 14.36312497 5.57183561 -17.62803236
v 14.37967124 0.04158714 -11.70708830
v 14.37431074 6.58044155 -13.02404005
v 16.68134321 7.61601471 -12.79798240
v 16.68248946 10.40110543 -10.05877675
v 16.68910041 9.04616927 -7.62341636
v 16.69090926 5.98124661 -7.15556119
v 16.75800309 4.92509629 -9.19790251
v 16.92681752 8.76938713 -12.24436536
v 22.53331901 8.22561771 -12.31183972
v 22.48708881 9.67566946 -10.99807193
v 22.65038520 6.69622336 -7.56413720
v 22.54955041 9.65251996 -8.98142526
v 17.28058739 6.71538911 -7.62262162
v 19.21581543 9.75477150 -8.92564993
v 22.45328073 5.30364739 -10.86623454
v 18.32868882 7.03313352 -11.05986479
v 19.74025184 8.22312323 -9.65583897
v 17.83985353 8.65840067 -9.59171988
v 18.46711653 6.73741731 -8.90343652
v 15.76767939 6.51010844 -10.51374575
v 16.57525034 6.39224439 -9.43795632
v 16.00752484 8.11106849 -10.84677782
v 16.46713120 8.44352113 -9.08433780
v 21.77453832 8.71405489 -10.06006743
v 16.68161956 5.35326366 -11.64785574
v 13.27544518 1.63510074 -7.00387365
v 13.27581514 4.24440869 -4.24967534
v 13.27417364 8.60003181 -3.48476973
v 13.27503508 11.98152467 -5.18479087
v 13.27476768 14.16458204 -9.30958888
v 13.27532141 12.88130610 -13.80009091
v 13.27964404 8.65346512 -16.69019339
v 13.27533115 3.72708113 -15.42447644
v 13.27528683 0.99557418 -11.72498246
v 13.26056673 10.24340358 -8.05232286
v 13.26944773 6.90633819 -6.96997181
v 13.26116137 4.38460303 -9.02329599
v 13.26616069 5.41110296 -12.41729161
v 13.26850082 9.41806203 -12.65854674
v 10.67399286 10.12614702 -8.32104111
v 10.70077549 10.38626362 -11.18015129
v 10.68061688 7.27174972 -6.90850106
v 10.68531950 4.98230463 -11.89128881
v 10.67742051 7.98145864 -13.18732339
v 10.67193213 9.17610312 -9.78444239
v 10.68314595 6.14575273 -11.13195490
v 10.69650437 5.26747720 -8.48247508
v 13.29042993 8.84416835 -8.90209321
v 13.27523319 8.39384906 -11.30229063
v 13.25462872 5.92146549 -10.25400787
v 3.92666066 1.00049910 -4.26553124
v 3.90000010 -4.05371428 -4.27541399
v 1.75000063 -4.05371247 -4.27488395
v 1.75000000 1.09628558 -4.27541399
v 1.75000000 -4.05371428 -1.57541406
v 3.90000010 -4.05371428 -1.57541406
v 3.90000010 1.09628558 -1.57541406
v 1.75000000 1.09628558 -1.57541406
v 1.17499995 1.39628553 -1.57541406
v 4.47499990 1.39628553 -1.57541406
v 4.47499990 -4.35371447 -1.57541406
v 1.17499995 -4.35371447 -1.57541406
v 4.47499988 -4.05793970 -5.79239534
v 4.47499989 1.21831934 -5.67306140
v 1.17499997 1.10051076 -5.79239534
v 1.17499995 -4.35371447 -6.27541399
v 1.17499996 -3.47871449 -5.55428757
v 3.90000010 1.09628558 -15.72441387
v 1.75000037 1.09628368 -15.72384854
v 1.75000517 -4.05370926 -15.72530494
v 3.90000010 -4.05371428 -15.72441387
v 1.75000000 1.09628558 -18.42441368
v 3.90000010 1.09628558 -18.42441368
v 3.90000010 -4.05371428 -18.42441368
v 1.75000000 -4.05371428 -18.42441368
v 1.17499995 -4.35371447 -18.42441368
v 4.47499990 -4.35371447 -18.42441368
v 4.47499990 1.39628553 -18.42441368
v 1.17499995 1.39628553 -18.42441368
v 4.47499988 1.10051064 -14.20743281
v 4.47499989 -4.17574819 -14.32676682
v 1.17499997 -4.05793958 -14.20743281
v 1.17499995 1.39628553 -13.72441387
v 1.17499996 0.52128555 -14.44554072
v 5.07499981 10.64000034 -1.89999998
v 5.08064490 8.92489686 -2.96930454
v 5.07499981 12.64000034 -3.90000010
v 5.07499981 2.70000005 -1.89999998
v 5.07754103 6.24120423 -3.97928613
v 5.07559297 7.30330734 -2.46279065
v 5.07499981 -0.30000001 -4.90000010
v 5.07499981 12.64000034 -16.10000038
v 5.07555791 7.95036925 -4.99614614
v 5.07499981 10.64000034 -18.10000038
v 5.07450207 8.68859675 -15.44691452
v 5.07695001 1.49764934 -7.99091327
v 5.07492961 1.56702974 -10.03405103
v 5.10423864 1.92845775 -13.09611026
v 5.07499981 2.70000005 -18.10000038
v 5.05643916 7.96175472 -17.43886620
v 5.07410289 6.19367001 -15.81180385
v 5.07499981 -0.30000001 -15.10000038
v 6.07499981 2.70000005 -1.89999998
v 6.07499981 10.64000034 -1.89999998
v 6.07499981 12.64000034 -3.90000010
v 6.07499981 12.64000034 -16.10000038
v 6.07499981 10.64000034 -18.10000038
v 6.07499981 2.70000005 -18.10000038
v 6.07499981 -0.30000001 -15.10000038
v 6.07499981 9.50000000 -7.50000000
v 6.07519159 7.72514708 -4.57901782
v 6.07531452 6.40439417 -3.28733877
v 6.08081983 8.23243751 -2.70793491
v 6.07499981 9.50000000 -12.50000000
v 6.07545938 -0.29999535 -4.89999764
v 6.08284410 7.39873626 -16.57849020
v 6.07499981 5.50000000 -12.50000000
v 6.07630681 5.37939519 -7.58691546
v 6.07542585 1.57319928 -9.96645673
v 6.07052968 1.47326992 -12.01271151
v 6.07126650 1.55884106 -14.14140305
v 7.77500010 5.50000000 -12.50000000
v 7.77500010 5.50000000 -7.50000000
v 7.77500010 9.50000000 -12.50000000
v 7.77500010 9.50000000 -7.50000000
v 23.32677630 10.94899542 -5.53706584
v 22.31438120 5.25102979 -15.10060619
v 23.34908221 12.92663168 -15.94853511
v 20.88058117 14.00780899 -4.92263111
v 23.30635059 10.27792737 -2.39567985
v 20.91064569 8.25074022 -1.83503621
v 23.33093085 4.39076949 -2.35303419
v 20.89910825 3.77536662 -2.85932349
v 23.32767024 -0.39164423 -7.47047024
v 20.90037396 -0.45269035 -10.95039596
v 23.37536791 2.84083533 -16.78615117
v 23.38680294 0.18584380 -12.16324853
v 23.34921600 15.25470682 -12.45358477
v 23.38566419 12.67349828 -8.57368283
v 23.33579190 8.08637869 -15.65511368
v 23.38074128 3.87188726 -15.14608571
v 23.34487630 14.79760870 -6.10041271
v 23.34249746 6.02062856 -3.96385373
v 23.37198829 2.27549124 -6.82921436
v 23.25178119 8.05242222 -9.06233338
v 23.21604774 8.80032841 -11.61813315
v 22.54336778 5.70019072 -11.79204187
v 22.48988479 5.29030263 -9.24233314
v 22.56650583 9.87584055 -9.02834273
v 22.57410230 7.70731567 -7.49377348
v 19.41089188 5.27814385 -12.22116392
v 19.41777319 9.11391497 -11.79893167
v 19.43167875 7.43798344 -6.26357026
v 19.39383021 11.12756917 -9.02052886
v 19.35010275 4.85561790 -8.80092806
v 19.40828246 8.92490396 -13.44533976
v 20.91807340 9.15158539 -14.00072935
v 20.87813363 6.14683481 -13.35882611
v 20.87620081 3.84698601 -10.51592892
v 20.87754443 5.49491283 -6.84792307
v 20.87689019 9.12514784 -6.77635568
v 20.87499845 11.27090243 -10.15298241
v 20.90756018 6.20264003 -18.03647671
v 20.88929162 1.24739797 -15.27450101
v 20.91658569 10.46953458 -17.48442349
v 20.87987097 0.45363567 -5.91517518
v 20.87354893 15.56012313 -11.18692069
v 20.85359749 4.13942442 -15.38879822
v 20.93711783 1.86501541 -11.29372971
v 21.65857371 2.29415888 -7.26032314
v 20.91891069 2.65463270 -6.51249441
v 20.97511645 5.28308641 -4.53310735
v 20.97306023 6.18281319 -3.45633607
v 22.27310563 6.10653813 -4.94966500
v 23.36185421 10.00159277 -4.02471329
v 21.64556461 11.22649567 -4.07320169
v 20.92730423 9.77880806 -5.11982869
v 20.86732788 12.70856462 -8.37658882
v 22.01644985 13.16783291 -8.92389195
v 23.19063419 13.98672551 -7.87386184
v 23.37577348 13.07131138 -13.01025290
v 20.92217783 13.66123838 -14.77828909
v 20.88952588 12.37801111 -12.57848344
v 20.95386840 8.42098247 -15.73460888
v 23.41382619 9.73669896 -17.62350553
v 19.41964652 9.58286822 -8.86397750
v 19.41403281 7.58231269 -7.55855378
v 19.37822667 5.08288322 -11.13223591
v 5.07661495 8.80686131 -17.59016920
v 5.07925147 6.97271902 -18.14188705
v 1.07236620 8.66300522 -15.31562603
v 1.07455451 8.93902145 -17.40164664
v 1.05849986 6.58063317 -18.09864479
v 1.09143223 7.00703229 -15.17829365
v 1.06245007 7.63090699 -17.24718597
v 6.07214381 8.15341069 -17.14679244
v 6.08444409 7.00112331 -15.97569749
v 8.10253122 8.48078915 -16.49767322
v 8.07632715 6.63045121 -16.52824915
v 1.04725180 6.85869856 -17.63695580
v 3.36063739 7.08900988 -16.37090294
v 2.12316151 8.29202191 -16.35553514
v 0.05224117 9.02117360 -17.82753260
v -0.01795989 7.26709787 -14.95994742
v -0.37412108 5.94169527 -16.08566750
v -0.87696702 8.28876299 -15.06510898
v -1.19061190 7.90313241 -18.00119677
v 5.07742479 7.48158691 -1.83508794
v 5.07174814 5.87364421 -2.82863785
v 1.06777983 6.72159171 -5.14500035
v 1.06149765 8.83006326 -3.82779472
v 1.07204824 7.77240641 -1.97905999
v 1.06838739 6.32483890 -3.69018285
v 6.10013263 8.27693798 -3.47029906
v 6.08712543 6.65620854 -3.58218309
v 8.12751671 8.14590613 -3.02328033
v 8.08540264 6.52984303 -4.16624758
v 3.31206800 7.08993907 -4.58987174
v 1.63564526 8.30002929 -3.47674691
v 3.66866734 7.46057747 -3.25251062
v 2.52558163 7.47150921 -2.63785434
v 1.59835267 6.56513743 -3.85595385
v 0.26306673 6.71046011 -1.98610633
v -0.02818515 6.98742687 -5.16646686
v 0.14361598 6.06797096 -4.28920396
v -1.15784678 8.70970502 -4.46704455
v -0.03427259 9.24327976 -3.31484588
v -1.24538573 6.26595957 -2.46995726
v -2.63135591 10.20699675 -10.19018179
v -2.61589691 8.08156764 -7.37649660
v -5.08997855 8.11932805 -7.24333312
v -5.07647908 4.89395203 -9.33306026
v -2.63072265 4.74335374 -10.08569821
v -2.63084296 7.92933302 -12.58957635
v -2.96711281 9.31459061 -14.08086118
v -2.82506192 11.90398398 -10.55096376
v -2.81281767 10.99928831 -6.94367636
v -2.84123510 4.54321230 -6.82811981
v -2.80856429 2.88963384 -10.56887675
v -2.84880090 6.93526649 -5.72093195
v -2.90555203 4.81546915 -13.60533664
v -5.06090309 3.41166222 -9.56570962
v -5.07417942 5.13764882 -13.56995984
v -5.01060548 9.84041584 -6.49610747
v -5.04840032 11.59315472 -10.86612979
v -5.04504256 5.22806566 -6.52487363
v -5.09676609 9.00636151 -12.98135426
v -5.07210523 6.15879077 -12.32379177
v -5.09379536 10.02434893 -9.64323231
v 23.28794707 8.16665121 -11.57211977
v 23.28427674 5.82894791 -10.22030336
v 23.28340747 8.29018681 -8.53205717
v 23.24696033 1.58900524 -12.15076604
v 23.27353993 8.85954012 -15.11771926
v 23.27347566 4.76857448 -14.30855452
v 23.49954903 12.18349004 -14.36383355
v 23.27499969 6.19643671 -5.04269606
v 23.43484260 13.55123320 -7.49255179
v 23.86203448 7.13710474 -3.28421757
v 27.27877044 6.12111434 -10.86432174
v 27.27422373 6.66094237 -8.62553321
v 27.29634183 8.99751661 -9.27623144
v 23.57971934 5.04534721 -16.18353585
v 30.27096781 5.12222254 -16.34286505
v 24.06843149 7.94426098 -16.69739256
v 23.69318392 10.26924843 -16.16868666
v 27.29997129 11.20712700 -15.54480625
v 30.27709293 12.45712342 -14.59137449
v 23.49862339 13.37367351 -12.63545533
v 24.63890307 14.04126763 -11.79559001
v 30.26959335 14.09574530 -9.73590718
v 27.37017142 13.09265560 -6.26497178
v 27.41558326 11.29967419 -4.40294557
v 23.89026863 11.93334983 -5.01911806
v 23.54118492 5.00293205 -3.81665878
v 30.27095550 4.73061513 -3.98842162
v 27.07890152 3.75353709 -4.34103734
v 24.30113807 2.96111102 -3.44494000
v 27.23600406 1.89803452 -6.21951401
v 23.26407819 1.86679095 -7.65651132
v 23.73543869 0.70932145 -10.56150542
v 24.25220327 1.12011112 -7.72632204
v 24.26545282 0.48251901 -10.05721530
v 27.53378686 0.87018016 -11.31044442
v 30.27597561 1.45594801 -12.67655847
v 27.35145812 1.92984777 -13.61652538
v 20.76060160 5.97154655 -4.15856078
v 20.72955351 2.49158131 -7.26725745
v 20.98761776 1.89537561 -6.16262200
v 20.63747835 1.61467133 -11.48876240
v 20.59076227 4.40400857 -15.28892369
v 20.76449570 9.00604810 -15.89757292
v 20.75253020 12.62488674 -13.09083262
v 20.70444128 13.43723206 -8.53643012
v 20.71964521 10.58357764 -4.82562876
v 27.27499963 7.64500775 -12.52676699
v 27.25896972 4.92806232 -11.12368551
v 27.24185100 9.03723361 -11.48385208
v 27.27360333 6.15497725 -7.75051455
v 27.25424050 9.70185559 -8.21803755
v 30.27499962 7.60387414 -12.52879208
v 30.27432777 5.60643841 -11.82233074
v 30.27726430 4.93894072 -9.15296722
v 30.27815811 8.99616786 -7.56502221
v 30.27349281 9.60691206 -11.65750896
v 24.31856548 9.80956119 -18.81987055
v 24.25531926 6.06782440 -19.00191700
v 24.27364239 3.17305849 -15.34576032
v 24.32344864 1.05135209 -14.42511949
v 24.26332496 16.44049534 -11.47279340
v 24.37962540 -0.27101468 -5.45125916
v 24.34653374 9.16653748 -2.55184752
v 30.27586816 7.14952932 -3.21974996
v 27.32635728 6.25752062 -3.34758278
v 30.28156674 8.88285094 -0.93450196
v 30.27282669 9.68023319 -3.66338661
v 30.29436196 16.30249676 -8.00000170
v 30.27523561 2.98224989 -15.06123190
v 30.26767163 -1.56316630 -8.69667834
v 30.26893317 2.07191698 -2.68725955
v 30.28615185 12.24307769 -2.18986332
v 30.27437230 12.03888814 -5.02800045
v 28.81142168 14.24119658 -3.69504869
v 30.27296938 13.53214051 -7.07169459
v 30.30292322 16.61125697 -11.35730880
v 27.37359533 14.08725275 -8.68960290
v 30.26914631 13.83225540 -12.17660012
v 27.16195844 15.99749650 -13.36993309
v 30.26325062 15.31705504 -14.74824462
v 27.18900438 12.99388186 -13.69413974
v 28.67621265 13.45734173 -16.77839764
v 30.27145158 10.30091133 -16.06572416
v 27.20982657 10.96899452 -18.52490749
v 30.24325829 9.85143568 -18.84153634
v 30.27158446 7.92450334 -16.60989597
v 30.28700565 6.05598927 -19.10657975
v 27.32387801 6.12043749 -16.63930633
v 25.33352686 3.47756555 -18.24048108
v 30.27897589 2.79143027 -17.93763571
v 27.17600813 3.82444581 -15.55083016
v 30.23612916 0.28588044 -15.61618836
v 27.40073853 -1.05819531 -13.50649293
v 30.28659359 -1.51256679 -12.22999201
v 30.27351994 0.78331733 -10.29268082
v 30.27334297 1.21876066 -7.72804612
v 30.29254570 -0.40678948 -5.21911246
v 30.27362810 2.66043339 -5.45181921
v 27.27899072 1.01886211 -3.45561350
v 27.36381556 4.31201601 -1.45578164
v 30.26365380 5.10310685 -1.09890191
v 27.26130688 7.57741369 -0.81691081
v 27.35064441 8.79567945 -3.37964178
v 23.25926659 10.18427894 -4.40597804
v 24.47630515 11.93435634 -2.14062613
v 27.28734795 10.96418919 -1.53482813
v 24.27922774 14.93487393 -4.73471266
v 23.54090674 14.11836883 -9.72576407
v 24.28886705 16.34865480 -7.64917083
v 27.56643838 16.11831037 -6.77814144
v 27.08533907 16.29486002 -10.33797055
v 24.27460012 15.51960802 -14.63290899
v 24.27092148 13.10301626 -17.25882358
v 27.23321011 14.05938893 -16.07660089
v 27.34880335 8.82329011 -16.61720530
v 27.19664198 7.41345750 -19.19878325
v 27.23944198 1.21427413 -16.42453948
v 24.32655415 -1.14626262 -12.50494105
v 27.33760966 0.94888949 -8.64588666
v 25.93649434 -1.62237590 -9.59164476
v 27.35024879 -0.99573142 -6.48650003
v 23.48290639 2.73115512 -5.74610681
v 24.23834498 5.52774203 -1.18518187
v -17.81261494 24.25679312 -4.24921098
v -18.25096402 24.70814716 -5.84526247
v -16.27178001 23.98791122 -5.84999943
v -18.77176857 26.50000572 -4.25000000
v -18.77176857 26.50000572 -5.84999943
v -18.78386307 63.49999237 -4.25000000
v -18.78386307 63.49999237 -5.84999943
v -18.33304798 65.05402042 -4.25164908
v -16.66022505 65.99790082 -4.24999679
v -17.46806227 65.97634798 -5.85053378
v 11.72822475 66.01209259 -4.25000000
v 11.72822475 66.01209259 -5.84999943
v 13.49061215 65.42948839 -4.26810643
v 14.20571689 64.79574705 -5.84978120
v 14.26317911 61.59591194 -4.25160785
v 14.24030685 26.50000572 -4.25000000
v 14.24030685 26.50000572 -5.84999943
v 13.62047623 25.26912423 -5.83707676
v 13.39920923 24.39638862 -4.25511008
v 12.09151372 24.00071020 -5.85000242
v -15.34973468 25.58191132 -5.85004124
v -15.10221668 25.91982882 -4.24997195
v -16.01681126 27.83588096 -4.25013150
v -15.17562483 27.45991715 -5.84808335
v -16.83012059 27.63562221 -5.84999943
v -17.38682515 26.03340926 -5.85243707
v -17.22135923 25.47670666 -4.23560625
v -11.44195162 35.05899763 -4.25000195
v -11.41669273 34.99230599 -5.85002871
v -12.37747580 35.03124328 -4.24996517
v -12.33384995 35.12319246 -5.84998071
v -12.05599810 32.27959560 -5.85036339
v -11.73816253 32.23046686 -4.25009847
v -9.95538479 38.01995249 -4.24998449
v -7.36850978 38.03442531 -5.85000854
v -7.28815952 38.06049968 -4.24985002
v -7.24855102 38.95837186 -5.84998371
v -7.31059911 38.99279699 -4.25000280
v -9.97903506 38.96091843 -4.24998198
v -10.07231224 38.95894166 -5.84997875
v -9.89680785 38.01996066 -5.85001182
v -16.03058201 43.09008331 -5.84976177
v -15.98521522 43.02076244 -4.24949219
v -17.06685726 51.94868626 -5.84975482
v -17.66049664 51.61663870 -4.24999079
v -17.59299687 51.54366466 -5.85001044
v -16.52352595 51.78099494 -4.25013358
v -15.96171189 46.61034991 -4.24973267
v -16.03749559 46.53277887 -5.85024677
v -13.00442863 52.18621625 -5.85034859
v -12.99465681 52.12447748 -4.25043223
v -5.06619700 33.05425297 -5.85001331
v -5.26260165 34.94762683 -4.25000000
v -6.01852759 35.10116588 -5.85008337
v -6.10729600 35.00042014 -4.24990133
v -5.40207225 32.29219603 -4.25000507
v -6.09667791 32.38305816 -5.84997899
v 12.10539411 34.50830000 -5.85112012
v 12.57289064 34.75014097 -4.24845880
v 11.63331904 34.29846029 -4.24980645
v 12.47789443 25.40468047 -4.72443097
v 11.99621338 27.95164541 -4.25377433
v 11.29996423 27.80060641 -5.85071260
v 10.46470893 25.88679079 -4.25028148
v 10.61814412 25.79915557 -5.85001328
v 11.86492644 31.96702649 -4.25031878
v 12.65699183 32.08842941 -4.25000000
v 12.23496134 32.04946325 -5.85081814
v 12.61996860 46.31367224 -5.84999760
v 12.56562998 46.78669828 -4.25000346
v 11.79722219 47.97054655 -5.84925608
v 11.83333278 46.37944235 -4.24997196
v 11.70124164 46.31445990 -5.85015613
v 11.86170709 48.87066668 -4.25014884
v 12.60292309 48.79339827 -5.85003897
v 12.61828373 49.00171340 -4.25000000
v 12.17821559 49.55485027 -5.85006383
v 12.38186676 36.70029381 -4.24932091
v 11.73176451 37.49257879 -4.24999570
v 12.08809907 37.02944481 -5.85026093
v 12.30285708 43.54592914 -5.84996335
v 12.51188998 44.06377711 -4.24939630
v 11.55942519 43.78960321 -4.24989972
v 12.00729326 44.47733059 -5.84979258
v -2.88476843 58.34372755 -4.24978320
v -2.91346740 58.35626812 -5.85019180
v -13.32593111 58.89691710 -5.85235550
v -13.45356874 58.80378896 -4.25088507
v -17.00159734 60.42351820 -4.25010262
v -17.00668828 60.42041528 -5.85036309
v -15.20630577 62.53116400 -4.25326091
v -15.27456209 64.35378536 -5.85018090
v -17.35923557 64.48708353 -5.85342007
v -16.85531764 64.70040204 -4.25177432
v -16.05467933 62.29182606 -5.85348840
v -17.23458030 62.56090374 -4.24999999
v -12.93014901 60.27485973 -4.25363209
v -12.08461596 60.42358232 -5.84824989
v -2.89443949 60.91254661 -5.85018284
v -2.89087758 60.90092592 -4.24997577
v 1.81496696 58.53495184 -5.84859994
v 2.22765570 58.34489434 -4.24961913
v 2.63208407 58.14485485 -5.85014200
v -0.43521913 58.34104174 -5.85029111
v -0.39709202 58.35659018 -4.25026573
v 13.09842150 54.56422397 -5.84999943
v 13.08929548 54.44551356 -4.24999721
v 12.62140269 54.64347233 -5.85081853
v 12.53525265 54.78851287 -4.25024190
v 12.47721719 57.19862760 -5.84671061
v 13.08367170 56.98211096 -5.84999943
v 13.08601315 57.00084625 -4.25000000
v 12.74208633 57.11105280 -4.24837550
v 2.27629229 60.97154364 -4.25081553
v 2.30611808 60.93342677 -5.85115488
v -0.41683239 61.00591941 -5.85251205
v -0.31506424 60.95908163 -4.25238986
v 12.74976353 59.71378596 -4.25040515
v 12.75020284 59.55658722 -5.84930173
v 11.87678754 62.18835639 -5.85098910
v 13.06353126 63.91870870 -5.86556577
v 12.64330216 64.54355456 -4.26160338
v 10.38823874 63.88384972 -4.24807033
v 10.27851915 63.95132015 -5.85457871
v 11.85079802 62.04058009 -4.25203556
v -19.27782249 29.20897675 -5.84999561
v -19.27782249 38.20897675 -5.84999561
v -19.27782249 29.20897675 -16.84999466
v -19.22338692 33.46133164 -15.48032509
v -19.27782249 38.20897675 -16.84999466
v -15.87782192 29.20897675 -13.14999580
v -5.77782249 29.20897675 -13.14999580
v -5.77782202 29.20897675 -5.84999609
v -15.87782288 29.20897675 -16.84999657
v -5.77782202 38.20897675 -5.84999609
v -5.72935470 35.16564654 -5.85000026
v -5.77782249 38.20897675 -13.14999580
v -5.78512342 35.10146764 -9.05022660
v -5.81371208 32.14017954 -9.50313038
v -5.72908569 32.24807183 -5.85000698
v -5.77782249 37.51285994 -13.15015926
v -5.77667297 36.39444740 -15.33647594
v -5.77782465 33.91108498 -16.27602951
v -5.78001322 29.78804931 -13.40122583
v -5.77785905 31.74721401 -15.79255734
v -5.59134705 35.19960014 -14.08175479
v -5.77214261 35.94448134 -12.39844123
v -5.57487756 31.90650154 -13.54019070
v -5.42785323 32.25893377 -10.81817878
v -5.42782542 35.15898048 -10.77148747
v -5.42782205 32.25961982 -3.06910946
v -5.42591776 35.16011677 -3.13916711
v -5.68371698 33.72161128 -2.00104170
v -11.42782211 32.45897675 -5.84999609
v -11.72782230 32.45897675 -5.84999609
v -7.41034933 38.48847010 -5.90299939
v -10.13323748 38.33468752 -5.77961538
v -11.56880327 34.95957024 -5.84999605
v -11.58367220 32.94621835 -2.37955285
v -5.38785133 36.16595583 -5.85212270
v -5.61748335 36.38900262 -8.85025792
v -5.60283945 31.40760731 -8.80383485
v -5.35227311 31.39480115 -5.85378122
v -9.53536171 38.23378582 -8.24141169
v -15.87782192 38.20897675 -13.14999580
v -15.87782288 38.20897675 -16.84999657
v -7.99106607 38.39049780 -2.92415161
v -15.87918042 29.86895685 -13.39302864
v -15.87774840 31.52565852 -15.65366081
v -15.87661266 36.34573182 -15.49498097
v -15.87782192 37.51140735 -13.15004668
v -15.87794394 33.55297372 -16.26878203
v -19.24825405 31.61264598 -14.77649302
v -19.25160066 30.53611423 -12.55729778
v -19.24673225 31.18443131 -10.39176666
v -19.26579607 32.93828574 -9.29599760
v -19.23456518 36.91264341 -11.84294710
v -19.26508948 35.04239660 -9.44697618
v -19.22824303 36.09660098 -14.44068632
v -19.25363756 34.47254944 -15.37841157
v -9.27929911 30.52237080 -12.78298885
v -9.27722302 31.61484386 -9.91127568
v -9.27775793 33.90791237 -9.22402572
v -9.27686508 35.85492713 -9.96392595
v -9.28496839 36.90457797 -13.08253701
v -9.27782240 35.33345852 -15.01388718
v -9.27747462 33.99920996 -15.46677254
v -9.27675709 32.02967922 -15.07337365
v -9.27619319 32.00558434 -12.06790184
v -9.27389219 34.83378831 -11.09366081
v -9.27789779 33.58838505 -13.95016668
v -9.27804034 34.98414564 -13.22781818
v -16.36978186 32.87590061 -10.89427131
v -16.38902933 34.95156447 -11.41480104
v -16.64210408 35.10082675 -13.15739449
v -17.15642052 32.74580269 -13.56446181
v -15.82926262 44.72805457 -13.56645992
v -17.38651846 43.12774572 -13.75551066
v -17.45970838 43.38245447 -10.72634156
v -14.36289210 42.77803181 -10.70513062
v -15.06324804 41.80830495 -13.72652132
v -17.52054948 46.51925261 -10.72682660
v -17.46828153 46.42086494 -13.75359932
v -14.43594628 46.66876913 -10.71617244
v -15.10509076 45.48108092 -13.72754162
v -15.82618902 48.23460448 -13.62851760
v -16.19466727 43.20453691 -6.44551316
v -15.99196307 43.07585634 -2.38209098
v -15.45890935 42.84281046 -5.91288553
v -15.88572730 46.57548628 -6.48479365
v -14.79003549 45.56848111 -7.43826014
v -14.79203595 47.72261150 -8.11985789
v -18.28089752 47.89735587 -7.49588665
v -18.33226033 44.22862070 -9.54125888
v -18.32569487 41.94082414 -9.28340317
v -14.78601613 42.09593620 -8.12517817
v -14.80388386 43.91463923 -7.40991474
v -18.28627955 44.19376726 -6.79145419
v -16.92786596 41.90087408 -14.26158748
v -17.31276462 42.29569700 -10.74982080
v -17.28902819 43.76848275 -10.74999905
v -17.32403425 43.96426126 -14.25117186
v -15.90502197 44.73702631 -10.74658044
v -15.93246968 44.94938633 -14.26128634
v -14.56396090 43.79366950 -14.24999905
v -14.43941642 43.61202623 -10.75044835
v -15.17465471 41.63766824 -10.73935059
v -14.57367463 42.18416980 -14.25235490
v -17.42869627 47.03396547 -10.74999903
v -17.45285530 46.38211779 -14.25160414
v -15.00712649 48.14403830 -10.74049896
v -15.15403842 48.13024357 -14.25396826
v -14.42159024 46.33213230 -14.24999904
v -16.15741291 44.98741056 -10.76356017
v -15.32211490 43.54754370 -5.87066522
v -18.29908903 46.61589281 -6.55416632
v -19.38283652 48.17252014 -5.93793215
v -14.82498997 48.01515623 -6.45215213
v -18.32745735 45.43320680 -7.89156864
v -14.82309039 45.20646075 -6.44999933
v -14.82476162 47.97533131 -10.13944658
v -14.82308990 45.17380862 -10.15434626
v -14.82308960 44.51996377 -6.44999933
v -18.27456598 41.92759150 -6.83047712
v -19.32308960 41.64688873 -6.44999933
v -14.82309134 41.70646075 -6.44999933
v -14.81854857 44.48630737 -10.19632519
v -14.82309085 41.67380862 -10.13168933
v -12.52308941 48.34688568 -10.24999905
v -13.24129183 48.33742265 -5.85358448
v -12.52308941 48.34688568 -5.84999943
v -13.09021202 48.34004207 -10.24999910
v -13.52308941 48.34688568 -14.24999905
v -17.52308846 48.34688568 -14.24999905
v -13.52309036 41.34688568 -14.24999905
v -19.32308960 41.34688568 -5.84999943
v -13.09019453 41.34031715 -10.24999913
v -12.52309036 41.34688568 -10.24999905
v -12.54885930 41.37318751 -5.83797032
v -18.86842004 42.65580874 -6.15067283
v -19.32308951 41.52997107 -10.24999906
v -19.32511935 44.40839119 -5.93758973
v -19.32308895 45.24137272 -6.00943120
v -19.32328251 44.74689195 -10.25061561
v -19.32308960 48.25645603 -10.24999905
v -13.43530874 41.37828675 -5.85008138
v -12.82309055 41.84688568 -5.84999943
v -15.32308960 46.14688492 -5.84999943
v -15.25332538 47.04053752 -5.86979812
v -13.07290397 48.79052641 -5.87032625
v -17.49716430 41.21725592 -14.24999618
v -18.28310168 41.18648114 -14.28196005
v -18.29159735 48.19616757 -14.26924992
v -17.11272166 47.72565743 -14.26088689
v -17.79771737 48.24216552 -10.24666762
v -17.77292736 41.31248489 -10.25001183
v -13.27316753 48.76282529 -10.28117794
v -13.27321453 41.76284780 -10.28118149
v -18.32308960 45.24688721 -10.04999924
v -18.32308960 47.94688797 -10.04999924
v 12.26642819 41.46609425 -5.84974868
v 13.96327305 42.67811584 -5.84999943
v 12.08510600 43.91522615 -5.85068024
v 12.11573210 46.50044234 -5.84717313
v 10.11474818 50.76991921 -6.06790234
v 13.96327496 51.46811676 -5.84999943
v 11.87136085 51.27176930 -5.85008050
v 12.12378163 48.93278282 -5.84510028
v 10.16221464 41.89509918 -6.17616395
v 9.77946000 42.13881969 -7.79577335
v 12.04706473 42.06691224 -7.80008651
v 9.06327343 41.46811676 -6.70615244
v 9.06327248 41.46811676 -11.74999905
v 12.28341813 41.44801380 -11.38770170
v 9.85462035 51.04095667 -7.76186922
v 9.06327438 51.46811676 -6.70615244
v 12.03785887 50.88128974 -7.79873305
v 9.79350275 51.19779912 -11.51451664
v 11.80915170 51.46877429 -11.60896950
v 13.96327496 51.46811676 -11.74999905
v 9.06327438 51.46811676 -11.74999905
v 12.06886977 50.90693189 -11.60414491
v 13.04515230 44.06923821 -7.79850337
v 13.16154347 46.47407557 -7.80303256
v 12.11020836 48.95190927 -7.80409807
v 13.23327446 49.96811676 -7.79999924
v 12.12013136 46.42624310 -7.80939800
v 13.18976309 45.21339838 -11.17714575
v 13.15980709 47.67953122 -11.16996725
v 13.23327351 42.96811676 -11.44999981
v 12.43327332 42.16811752 -11.74999905
v 13.95813096 42.71641583 -11.80691538
v 13.30028786 49.90110349 -11.64595117
v 9.70448853 42.16811749 -11.64387092
v 10.37797480 41.69651743 -11.23648687
v 12.27982343 29.56143587 -5.84928489
v 10.13691874 30.23850016 -6.16548728
v 13.96327305 30.74412727 -5.84999943
v 12.14683459 32.13081492 -5.84631324
v 10.13745023 39.10852451 -6.07314753
v 12.16929396 34.53973330 -5.84733188
v 12.03581683 37.11093977 -5.84981151
v 13.93606322 39.42242121 -5.84991793
v 11.90630249 39.22603395 -7.45996931
v 9.80028383 29.94782044 -7.75973086
v 9.06327343 29.53412819 -6.70615244
v 9.06327248 29.53412819 -11.74999905
v 9.06327438 39.53412628 -6.70615244
v 10.35413107 39.31372915 -11.23708630
v 13.96327496 39.53412628 -11.74999905
v 9.06327438 39.53412628 -11.74999905
v 11.82190124 39.37099113 -11.64685922
v 9.81471989 38.82088317 -7.79781683
v 9.72151579 38.83412556 -11.59663853
v 12.81632488 31.57006170 -7.79743321
v 12.04299345 30.12226906 -7.80017007
v 13.15027140 33.23191477 -7.98058880
v 12.18029433 34.48878814 -7.80299831
v 13.25795129 35.09680972 -8.10030430
v 12.91254285 37.38978492 -7.79992175
v 13.39262753 37.57518341 -11.67094351
v 13.23327351 31.03412628 -11.44999981
v 12.74923233 29.75074959 -11.79189482
v 13.95813096 30.78242729 -11.80691532
v 9.70448854 30.23412701 -11.64387090
v 11.77785374 29.76575062 -11.20210623
v 10.35591269 29.75518871 -11.23983079
v -13.26352024 52.97027206 -5.33952093
v -13.27598190 52.96996307 -5.33952093
v -13.25109005 52.97120285 -5.33952093
v -13.23872089 52.97275543 -5.33952093
v -13.22644520 52.97491837 -5.33952093
v -13.21429253 52.97769165 -5.33952093
v -13.20229340 52.98106766 -5.33952093
v -13.19047642 52.98503876 -5.33952093
v -13.17887306 52.98959351 -5.33952093
v -13.16751099 52.99472046 -5.33952093
v -13.15641880 53.00040817 -5.33952093
v -13.14562321 53.00663757 -5.33952093
v -13.13515186 53.01340103 -5.33952093
v -13.12503052 53.02067947 -5.33952093
v -13.11528492 53.02845001 -5.33952093
v -13.10593891 53.03669739 -5.33952093
v -13.09701538 53.04540253 -5.33952093
v -13.08853626 53.05453873 -5.33952093
v -13.08052444 53.06409073 -5.33952093
v -13.07299709 53.07402420 -5.33952093
v -13.06597519 53.08432388 -5.33952093
v -13.05947590 53.09496307 -5.33952093
v -13.05351353 53.10590744 -5.33952093
v -13.04810524 53.11714172 -5.33952093
v -13.04326344 53.12862778 -5.33952093
v -13.03899956 53.14033890 -5.33952093
v -13.03532600 53.15225220 -5.33952093
v -13.03224945 53.16433334 -5.33952093
v -13.02977943 53.17654800 -5.33952093
v -13.02792168 53.18887711 -5.33952093
v -13.02668095 53.20127869 -5.33952093
v -13.02605915 53.21372986 -5.33952093
v -13.02605915 53.22619629 -5.33952093
v -13.02668095 53.23864365 -5.33952093
v -13.02792168 53.25104904 -5.33952093
v -13.02977943 53.26337433 -5.33952093
v -13.03224945 53.27559280 -5.33952093
v -13.03532600 53.28767014 -5.33952093
v -13.03899956 53.29958344 -5.33952093
v -13.04326344 53.31129837 -5.33952093
v -13.04810524 53.32278442 -5.33952093
v -13.05351353 53.33401489 -5.33952093
v -13.05947590 53.34496307 -5.33952093
v -13.06597519 53.35559845 -5.33952093
v -13.07299709 53.36589813 -5.33952093
v -13.08052444 53.37583542 -5.33952093
v -13.08853626 53.38538361 -5.33952093
v -13.09701538 53.39451981 -5.33952093
v -13.10593891 53.40322495 -5.33952093
v -13.11528492 53.41147232 -5.33952093
v -13.12503052 53.41924667 -5.33952093
v -13.13515186 53.42652130 -5.33952093
v -13.14562321 53.43328476 -5.33952093
v -13.15641880 53.43951797 -5.33952093
v -13.16751099 53.44520569 -5.33952093
v -13.17887306 53.45033264 -5.33952093
v -13.19047642 53.45488358 -5.33952093
v -13.20229340 53.45885468 -5.33952093
v -13.21429253 53.46223068 -5.33952093
v -13.22644520 53.46500397 -5.33952093
v -13.23872089 53.46717072 -5.33952093
v -13.25109005 53.46871948 -5.33952093
v -13.26352024 53.46965027 -5.33952093
v -13.27598190 53.46996307 -5.33952093
v -13.28844357 53.46965027 -5.33952093
v -13.30087376 53.46871948 -5.33952093
v -13.31324196 53.46717072 -5.33952093
v -13.32551861 53.46500397 -5.33952093
v -13.33767128 53.46223068 -5.33952093
v -13.34967041 53.45885468 -5.33952093
v -13.36148643 53.45488358 -5.33952093
v -13.37309074 53.45033264 -5.33952093
v -13.38445282 53.44520569 -5.33952093
v -13.39554501 53.43951797 -5.33952093
v -13.40634060 53.43328476 -5.33952093
v -13.41681194 53.42652130 -5.33952093
v -13.42693329 53.41924667 -5.33952093
v -13.43667889 53.41147232 -5.33952093
v -13.44602489 53.40322495 -5.33952093
v -13.45494843 53.39451981 -5.33952093
v -13.46342754 53.38538361 -5.33952093
v -13.47143936 53.37583542 -5.33952093
v -13.47896671 53.36589813 -5.33952093
v -13.48598862 53.35559845 -5.33952093
v -13.49248791 53.34496307 -5.33952093
v -13.49844933 53.33401489 -5.33952093
v -13.50385857 53.32278442 -5.33952093
v -13.50870037 53.31129837 -5.33952093
v -13.51296329 53.29958344 -5.33952093
v -13.51663780 53.28767014 -5.33952093
v -13.51971340 53.27559280 -5.33952093
v -13.52218342 53.26337433 -5.33952093
v -13.52404118 53.25104904 -5.33952093
v -13.52528286 53.23864365 -5.33952093
v -13.52590370 53.22619629 -5.33952093
v -13.52590370 53.21372986 -5.33952093
v -13.52528286 53.20127869 -5.33952093
v -13.52404118 53.18887711 -5.33952093
v -13.52218342 53.17654800 -5.33952093
v -13.51971340 53.16433334 -5.33952093
v -13.51663780 53.15225220 -5.33952093
v -13.51296329 53.14033890 -5.33952093
v -13.50870037 53.12862778 -5.33952093
v -13.50385857 53.11714172 -5.33952093
v -13.49844933 53.10590744 -5.33952093
v -13.49248791 53.09496307 -5.33952093
v -13.48598862 53.08432388 -5.33952093
v -13.47896671 53.07402420 -5.33952093
v -13.47143936 53.06409073 -5.33952093
v -13.46342754 53.05453873 -5.33952093
v -13.45494843 53.04540253 -5.33952093
v -13.44602489 53.03669739 -5.33952093
v -13.43667889 53.02845001 -5.33952093
v -13.42693329 53.02067947 -5.33952093
v -13.26975609 53.21581910 -5.87975567
v -13.41681194 53.01340103 -5.33952093
v -13.40634060 53.00663757 -5.33952093
v -13.39554501 53.00040817 -5.33952093
v -13.38445282 52.99472046 -5.33952093
v -13.37309074 52.98959351 -5.33952093
v -13.36148643 52.98503876 -5.33952093
v -13.34967041 52.98106766 -5.33952093
v -13.33767128 52.97769165 -5.33952093
v -13.32551861 52.97491837 -5.33952093
v -13.31324196 52.97275543 -5.33952093
v -13.30087376 52.97120285 -5.33952093
v -13.28844357 52.97027206 -5.33952093
v -13.95443855 59.89923608 -6.36096812
v -12.71647939 60.03965927 -8.72198140
v -16.31718354 52.96668891 -7.14180477
v -19.17392221 59.40442188 -7.82234116
v -19.21823819 59.34090127 -7.21724944
v -16.30648930 59.12734188 -7.00476600
v -19.22190848 53.08246090 -7.21992370
v -19.17170679 52.91507581 -7.82271100
v -13.22467899 53.07900620 -5.23952103
v -13.23896790 53.07460022 -5.23952103
v -13.23176861 53.07662582 -5.23952103
v -13.14607811 53.14496231 -5.23952103
v -13.13635063 53.16516113 -5.23952103
v -13.13379288 53.17218781 -5.23952103
v -13.13925552 53.15826797 -5.23952103
v -13.14250088 53.15153122 -5.23952103
v -13.15870667 53.12643814 -5.23952103
v -13.15419102 53.13240051 -5.23952103
v -13.14997768 53.13858032 -5.23952103
v -13.17395592 53.11000443 -5.23952103
v -13.18541145 53.10039139 -5.23952103
v -13.17956352 53.10505676 -5.23952103
v -13.19148350 53.09602737 -5.23952103
v -13.19776630 53.09196854 -5.23952103
v -13.20424366 53.08823013 -5.23952103
v -13.16860199 53.11522675 -5.23952103
v -13.28345871 53.07014847 -5.23952103
v -13.27598190 53.06996155 -5.23952103
v -13.29091740 53.07070541 -5.23952103
v -13.33424664 53.08174133 -5.23952103
v -13.32728481 53.07900620 -5.23952103
v -13.34106445 53.08481598 -5.23952103
v -13.34772015 53.08823013 -5.23952103
v -13.35419750 53.09196854 -5.23952103
v -13.38844872 53.12070847 -5.23952103
v -13.38336182 53.11522675 -5.23952103
v -13.39325619 53.12643814 -5.23952103
v -13.40588570 53.14496231 -5.23952103
v -13.40198612 53.13858032 -5.23952103
v -13.40946293 53.15153122 -5.23952103
v -13.41270733 53.15826797 -5.23952103
v -13.41561317 53.16516113 -5.23952103
v -13.41817093 53.17218781 -5.23952103
v -13.42037582 53.17933655 -5.23952103
v -13.42222118 53.18658447 -5.23952103
v -13.42370319 53.19391632 -5.23952103
v -13.42481804 53.20130920 -5.23952103
v -13.42556286 53.20875168 -5.23952103
v -13.42593479 53.21622086 -5.23952103
v -13.42593479 53.22370148 -5.23952103
v -13.42556286 53.23117065 -5.23952103
v -13.42481804 53.23861313 -5.23952103
v -13.42370319 53.24600983 -5.23952103
v -13.42222118 53.25334167 -5.23952103
v -13.42037582 53.26058960 -5.23952103
v -13.41817093 53.26773453 -5.23952103
v -13.41561317 53.27476120 -5.23952103
v -13.41270733 53.28165436 -5.23952103
v -13.40946293 53.28839493 -5.23952103
v -13.40588570 53.29496002 -5.23952103
v -13.40198612 53.30134201 -5.23952103
v -13.39777279 53.30752182 -5.23952103
v -13.39325619 53.31348419 -5.23952103
v -13.38844872 53.31921387 -5.23952103
v -13.38336182 53.32469559 -5.23952103
v -13.37800789 53.32991791 -5.23952103
v -13.37240028 53.33486938 -5.23952103
v -13.36655235 53.33953094 -5.23952103
v -13.36048031 53.34389877 -5.23952103
v -13.35419750 53.34795380 -5.23952103
v -13.34772015 53.35169601 -5.23952103
v -13.34106445 53.35510635 -5.23952103
v -13.33424664 53.35818481 -5.23952103
v -13.32728481 53.36091614 -5.23952103
v -13.32019520 53.36329651 -5.23952103
v -13.31299591 53.36532211 -5.23952103
v -13.30570412 53.36698914 -5.23952103
v -13.29833794 53.36828613 -5.23952103
v -13.29091740 53.36921692 -5.23952103
v -13.28345871 53.36977386 -5.23952103
v -13.27598190 53.36996078 -5.23952103
v -13.26850510 53.36977386 -5.23952103
v -13.26104641 53.36921692 -5.23952103
v -13.25362587 53.36828613 -5.23952103
v -13.24625969 53.36698914 -5.23952103
v -13.23896790 53.36532211 -5.23952103
v -13.23176861 53.36329651 -5.23952103
v -13.22467899 53.36091614 -5.23952103
v -13.21771622 53.35818481 -5.23952103
v -13.21089935 53.35510635 -5.23952103
v -13.20424366 53.35169601 -5.23952103
v -13.19776630 53.34795380 -5.23952103
v -13.19148350 53.34389877 -5.23952103
v -13.18541145 53.33953094 -5.23952103
v -13.17956352 53.33486938 -5.23952103
v -13.16351509 53.31921387 -5.23952103
v -13.16860199 53.32469559 -5.23952103
v -13.15870667 53.31348419 -5.23952103
v -13.15419102 53.30752182 -5.23952103
v -13.14997768 53.30134201 -5.23952103
v -13.14607811 53.29496002 -5.23952103
v -13.14250088 53.28839493 -5.23952103
v -13.13925552 53.28165436 -5.23952103
v -13.13635063 53.27476120 -5.23952103
v -13.13379288 53.26773453 -5.23952103
v -13.13158798 53.26058960 -5.23952103
v -13.12974262 53.25334167 -5.23952103
v -13.12826061 53.24600983 -5.23952103
v -13.39777279 53.13240051 -5.23952103
v -13.12714577 53.23861313 -5.23952103
v -13.12640095 53.23117065 -5.23952103
v -13.12602806 53.22370148 -5.23952103
v -13.12602806 53.21622086 -5.23952103
v -13.12640095 53.20875168 -5.23952103
v -13.12714577 53.20130920 -5.23952103
v -13.12826061 53.19391632 -5.23952103
v -13.12974262 53.18658447 -5.23952103
v -13.13158798 53.17933655 -5.23952103
v -13.16351509 53.12070847 -5.23952103
v -13.21089935 53.08481598 -5.23952103
v -13.21771622 53.08174133 -5.23952103
v -13.24625969 53.07293701 -5.23952103
v -13.26850510 53.07014847 -5.23952103
v -13.36655235 53.10039139 -5.23952103
v -13.30570412 53.07293701 -5.23952103
v -13.17395592 53.32991791 -5.23952103
v -13.37800789 53.11000443 -5.23952103
v -13.37240028 53.10505676 -5.23952103
v -13.36048031 53.09602737 -5.23952103
v -13.31299591 53.07460022 -5.23952103
v -13.32019520 53.07662582 -5.23952103
v -13.29833794 53.07163620 -5.23952103
v -13.26104641 53.07070541 -5.23952103
v -13.25362587 53.07163620 -5.23952103
v -12.32759341 52.16106162 -6.27135401
v -14.78119116 59.93497439 -7.91641140
v -12.32370733 59.70069130 -6.19341359
v -16.35312243 59.28834462 -7.90311338
v -16.32641412 53.04282280 -7.95344809
v -14.68514130 55.00328405 -6.87540453
v -14.66320344 52.87150033 -6.46491465
v -13.48360472 54.87910457 -6.37153081
v -14.89214779 52.24773658 -8.24680134
v -12.86673794 57.44115642 -7.52064798
v -12.78967537 55.31784572 -7.68130244
v -14.59363839 59.95983701 -8.71800400
v -12.71298565 52.33791863 -8.79681653
v -14.60372054 53.74381176 -8.41067865
v -19.55643214 51.85045593 -8.29759310
v -19.57618790 52.47329630 -9.08986461
v -19.57598117 59.50920197 -9.09817500
v -19.43637523 58.37315986 -6.11899702
v -16.46044572 53.27335324 -6.04306572
v -13.60634620 51.95073970 -6.19481240
v -12.19930053 51.97649384 -6.81664664
v -12.23470745 54.12672205 -8.96267405
v -12.22246467 60.64701369 -6.77738833
v -19.52648121 60.10752573 -8.77414345
v -15.97020387 51.74826108 -6.85210764
v -14.43487422 58.40624870 -6.08286642
v -19.02189590 59.96357083 -6.12924807
v -17.05868189 55.55166034 -6.03368107
v -18.74439517 51.98741407 -6.37286433
v -16.52851255 60.45497540 -7.10425963
v -14.05361666 60.35791649 -6.38718172
v -19.55814166 52.79815131 -8.80116562
v -12.59051242 51.88776583 -8.41107964
v -12.50543341 60.41352674 -8.17172285
v -12.33898055 59.74551570 -8.87247783
v -12.23728210 52.65411788 -9.09066350
v -5.01918053 54.26269567 -6.30717631
v -8.20860605 54.13738814 -6.32909803
v -6.64113845 51.13009054 -6.62003404
v -5.02859447 51.26851195 -5.84989155
v 6.51738226 50.23806154 -5.88628718
v -0.01421481 50.26739364 -5.90401891
v 6.49051390 46.72209404 -5.90161381
v 0.01173519 46.75159801 -5.88497570
v 6.22423172 49.96458054 -7.48792171
v 0.27789003 49.96458054 -7.48792171
v 0.27789000 47.02507019 -7.48792171
v 6.22423124 47.02507019 -7.48792171
v -8.59346066 42.50031810 -5.98121040
v -4.67362162 47.54195356 -5.98620547
v -8.62687120 47.56777309 -6.63844038
v -4.67958834 42.54958334 -6.03561982
v -4.87525047 47.33201507 -7.44979137
v -4.87530136 42.71196365 -7.44999933
v -8.37530136 42.71196747 -7.44999933
v 5.34333219 29.83239556 -6.15647120
v 3.16779102 31.09261209 -6.84997281
v 6.07786524 31.50124051 -6.49261001
v 12.66356643 55.14837349 -3.62981744
v 12.10352048 54.39138157 -14.85362358
v 12.71641635 54.05960976 -3.64195816
v 13.15115705 54.13254103 -14.84101738
v 12.69517050 55.16646065 -14.85336051
v 12.74128385 58.16376635 -5.71112716
v 11.55154837 54.18412411 -6.52855685
v 13.24574164 54.58509865 -5.75365529
v 12.74104480 53.41263060 -7.01252758
v 13.71612581 55.78993816 -6.86415110
v 12.60512096 58.28104127 -6.95211428
v 12.01719773 56.98694627 -3.64998435
v 12.15800994 56.68134310 -14.85778546
v 13.17691586 56.74353290 -3.65123877
v 13.25064822 56.93342726 -14.84325419
v 12.85910193 57.67990084 -3.64439962
v 12.59788157 57.69852209 -14.84889231
v 12.66356643 60.22837532 -3.62981744
v 12.10352048 59.47138341 -14.85362358
v 12.71641635 59.13961159 -3.64195816
v 13.15115704 59.21254285 -14.84101738
v 12.69517051 60.24646248 -14.85336051
v 12.74128385 60.70377489 -5.71112716
v 11.55154837 56.72413265 -6.52855685
v 13.24574164 57.12510719 -5.75365529
v 12.74104480 55.95263914 -7.01252758
v 13.71612581 58.32994670 -6.86415110
v 12.60512096 60.82104981 -6.95211428
v -2.60853433 60.43187116 -14.86775225
v -2.30039570 60.66714474 -3.64740553
v -3.43149040 61.13450796 -3.63516598
v -3.15209244 61.44055180 -14.85132159
v 2.19356163 58.95536560 -3.62981737
v 1.63351570 58.19837364 -14.85362356
v 2.24641031 57.86660211 -3.64195806
v 2.68115217 57.93953238 -14.84101728
v 2.22516600 58.97345228 -14.85336051
v 2.19356163 61.49537414 -3.62981737
v 1.63351570 60.73838220 -14.85362356
v 2.24641032 60.40661064 -3.64195807
v 2.68115215 60.47954092 -14.84101728
v 2.22516601 61.51346083 -14.85336051
v -0.34643936 58.95536560 -3.62981735
v -0.90648526 58.19837362 -14.85362356
v -0.29359059 57.86660206 -3.64195805
v 0.14115132 57.93953241 -14.84101727
v -0.31483497 58.97345229 -14.85336051
v -0.34643935 61.49537414 -3.62981735
v -0.90648526 60.73838218 -14.85362356
v -0.29359058 60.40661059 -3.64195805
v 0.14115131 60.47954094 -14.84101727
v -0.31483496 61.51346084 -14.85336051
v -2.88643651 58.95536554 -3.62981736
v -3.44648219 58.19837351 -14.85362357
v -2.83358760 57.86660189 -3.64195805
v -2.39884583 57.93953244 -14.84101728
v -2.85483208 58.97345230 -14.85336051
v 2.27127884 61.97075792 -5.71112714
v 1.08154329 57.99111546 -6.52855698
v 2.77573671 58.39209005 -5.75365528
v 2.27103998 57.21962224 -7.01252757
v 3.24612102 59.59692984 -6.86415109
v 2.13511591 62.08803285 -6.95211426
v -0.26872211 61.97075793 -5.71112714
v -1.45845763 57.99111546 -6.52855697
v 0.23573574 58.39209007 -5.75365529
v -0.26896097 57.21962223 -7.01252757
v 0.70612004 59.59692983 -6.86415109
v -0.40488504 62.08803285 -6.95211426
v -2.80872308 61.97075792 -5.71112714
v -3.99845848 57.99111532 -6.52855703
v -2.30426519 58.39208996 -5.75365530
v -2.80896184 57.21962227 -7.01252756
v -1.83388093 59.59692987 -6.86415110
v -2.94488599 62.08803285 -6.95211425
v -17.83889008 -30.90814018 -10.00000000
v -6.05530453 -30.90814018 -16.00000000
v -17.83889008 -30.90814018 -16.00000000
v -6.05530453 -30.90814018 -10.00000000
v -17.83889008 -41.52310562 -16.00000000
v -17.83889008 -41.52310562 -10.00000000
v -6.05530453 -41.52310562 -10.00000000
v -6.05530453 -41.52310562 -16.00000000
v 17.10153249 -31.37285443 -17.99990559
v 17.60508924 -31.35303426 -15.99975681
v 18.17410529 -29.59671191 -17.99966046
v 18.01957095 -29.40313709 -15.99960334
v 16.66593325 -29.41075082 -16.00000000
v 16.48863202 -29.49464387 -18.00000547
v 16.15267979 -30.30373187 -15.99999691
v 16.19862137 -30.40080761 -17.99999731
v -22.35351802 -47.62521414 -17.99944661
v -22.62060472 -47.52656381 -15.99981931
v -21.13108866 -47.64376165 -17.99966778
v -21.15601276 -47.56651083 -15.99999977
v -21.14261361 -45.75523629 -18.00000852
v -20.81432069 -46.23302506 -15.99995875
v -22.49913915 -45.92716247 -15.99978836
v -22.82311011 -46.48757241 -18.00009487
v 19.22822189 -48.75000000 -16.00000000
v -23.77177811 -48.75000000 -18.00000000
v 19.22822189 -48.75000000 -18.00000000
v -23.77177811 -48.75000000 -16.00000000
v -23.77177811 -28.25000000 -16.00000000
v -23.77177811 -28.25000000 -18.00000000
v 19.22822189 -28.25000000 -18.00000000
v 19.22822189 -28.25000000 -16.00000000
v 5.70925819 -18.47212061 15.49992354
v 5.93724385 -18.43470808 12.50020415
v 10.00624332 -15.50738111 12.51653467
v 9.79847171 -15.78465075 15.50059087
v 11.32224557 -11.91979321 12.50000113
v 11.31772552 -12.15183703 15.50005700
v 10.24489506 27.25810237 12.49360304
v 6.74419624 29.96683295 12.50016546
v 11.32409069 23.54986856 12.49999961
v 4.46896507 30.49902266 12.50000253
v -16.86336423 30.49797282 12.50000383
v -22.06357082 28.21755132 12.50141976
v -17.49207297 17.36825071 12.50001940
v -23.67499924 23.00000000 12.50000000
v -18.64291284 18.44306814 12.49998729
v -17.83280411 16.01053093 12.50002452
v -19.91666876 18.09297076 12.49964705
v -17.55053074 6.54278208 12.50005380
v -18.99293672 15.54237741 12.49999637
v -19.07687702 7.49915272 12.50006791
v -20.24889977 16.28498304 12.49995168
v -20.33756225 6.42866198 12.50000699
v -17.80627877 -4.07641097 12.49999838
v -19.24992483 -3.55275732 12.50025627
v -17.46397478 -5.22054042 12.49998285
v -18.65395549 4.38792308 12.49989817
v -19.28014587 -6.41185468 12.50000232
v -20.42187841 -5.22924410 12.50035834
v -20.20929774 5.34635915 12.50001023
v -16.17499924 -18.50000000 12.50000000
v -18.21380824 -6.26329497 12.49996545
v -23.67017367 -11.96938421 12.49999181
v -22.78426995 -14.66908203 12.50001577
v -19.82207285 -17.82337984 12.50308537
v 11.32291093 23.90971449 15.50000374
v 9.35672804 28.47714528 15.50049961
v 4.62708136 30.49606603 15.50000000
v -16.68120699 30.49936996 15.50000000
v -21.45106538 28.82705866 15.49971809
v -23.67194286 23.84131746 15.49999641
v -23.67194066 -12.04819681 15.49999637
v -21.10303098 -16.89899416 15.49575072
v -16.50217510 -18.49954215 15.50000000
v 8.28183174 20.00000000 13.50000000
v 5.33183193 20.00000000 15.50000000
v 5.33183193 20.00000000 13.50000000
v 8.28183174 20.00000000 15.50000000
v 5.33183193 27.04999924 15.50000000
v 5.33183193 27.04999924 13.50000000
v -14.76816750 27.04999924 15.50000000
v -14.76816750 27.04999924 13.50000000
v -14.76816750 6.95000029 15.50000000
v -14.76816750 6.95000029 13.50000000
v 5.33183193 6.95000029 15.50000000
v 5.33183193 6.95000029 13.50000000
v 5.33183193 14.00000000 15.50000000
v 5.33183193 14.00000000 13.50000000
v 8.28183174 14.00000000 15.50000000
v 8.28183174 14.00000000 13.50000000
v 8.28183174 -8.00000000 15.50000000
v 8.28183174 -1.99999988 15.50000000
v 8.28183174 -1.99999988 13.50000000
v 8.28183174 -8.00000000 13.50000000
v 5.33183193 -1.99999988 15.50000000
v 5.33183193 -1.99999988 13.50000000
v 5.33183193 5.05000019 15.50000000
v 5.33183193 5.05000019 13.50000000
v -14.76816750 5.05000019 15.50000000
v -14.76816750 5.05000019 13.50000000
v -14.76816750 -15.05000019 15.50000000
v -14.76816750 -15.05000019 13.50000000
v 5.33183193 -15.05000019 15.50000000
v 5.33183193 -15.05000019 13.50000000
v 5.33183193 -8.00000000 15.50000000
v 5.33183193 -8.00000000 13.50000000
v -18.36889231 -3.59090549 15.50001360
v -20.32987866 -4.25858191 15.50068722
v -19.80748233 -6.19154249 15.50019633
v -18.57838473 -6.40966773 15.50000000
v -17.36217392 -5.18966521 15.50045970
v -17.60472309 17.95351750 15.49979021
v -19.73590446 18.22721852 15.49995968
v -20.40067893 16.37021896 15.50030302
v -18.26014365 15.66892693 15.50019191
v -17.48038530 6.85626141 15.50129495
v -20.30029377 6.66839679 15.49999405
v -19.28208942 4.48201168 15.49965772
v -23.99612001 51.66399808 -1.94028114
v -23.99598126 49.65685690 -3.06820911
v -25.74572692 50.09860893 -2.62195203
v -23.99597493 48.93838351 -4.53361353
v -25.74602946 48.93541754 -4.49882616
v -25.74598312 51.68142319 -18.10113525
v -23.99443370 51.45068875 -18.24718144
v -25.74579337 49.67266545 -17.28419453
v -23.99598324 48.93200383 -15.41243623
v -25.74598323 48.93219582 -15.37560517
v -23.99598120 60.53897346 -2.08032816
v -23.99158891 63.35404530 -3.62614922
v -23.99505383 61.36669534 -3.98164936
v -23.99597968 59.31821993 -2.13115737
v -23.99598122 60.53850174 3.44060254
v -23.99606710 62.32477659 -6.60619437
v -23.99598415 57.79489951 -1.48874343
v -23.99598122 51.80239105 5.95097876
v -23.99597575 56.04999162 -1.22974555
v -23.99592116 53.43247174 -1.81989902
v -23.99592858 61.42857673 -10.88844870
v -23.99582909 62.29606130 -8.60449880
v -23.99647306 51.30762022 -3.44560248
v -23.99595771 59.84562172 -12.55915979
v -23.99598073 63.42866703 -15.50603152
v -23.99596173 50.10831577 -5.65042112
v -23.99578765 62.61796154 -17.30914253
v -23.99598312 60.53983163 -18.13795579
v -23.99596726 57.99940322 -13.50978888
v -23.99602818 51.23266176 -11.46489338
v -23.99596415 52.67617989 -12.78361220
v -23.99547179 49.90392488 -8.89635991
v -23.99606559 55.32428473 -13.79849479
v -23.99598312 60.53850174 -23.64287186
v -23.99598312 51.80239105 -26.15324783
v -49.74658943 61.65906989 -10.62381843
v -49.74598312 59.97931390 -12.43406968
v -49.74595444 58.10154219 -13.51831148
v -49.74685166 55.27831589 -13.75363712
v -49.74534722 52.71260331 -12.82961515
v -49.74640659 50.94662938 -11.09951250
v -49.74577867 49.81268349 -8.21222840
v -49.74663951 50.27055410 -5.18600855
v -49.74600373 51.32175360 -3.47494608
v -49.74596430 53.07290116 -1.99971986
v -49.74694265 56.45845398 -1.18523547
v -49.74608851 59.08173804 -1.99876930
v -49.74615898 61.37411169 -3.90129202
v -49.74590765 62.39551501 -7.17760910
v -13.74598122 60.53850174 0.14886494
v -11.99598122 51.79850006 0.14886487
v -13.74598122 51.79850006 0.14886494
v -11.99598122 60.53850174 0.14886487
v -13.74598122 60.53850174 3.44060206
v -13.74598122 51.80099155 5.95137623
v -11.99598122 60.53850174 6.18048477
v -11.99598123 51.83854668 8.69306533
v -25.74598162 63.42967082 -15.53590645
v -25.74810303 60.67165990 -18.34602059
v -25.74598119 63.43029866 -4.79782868
v -25.73870636 62.48875770 -2.74583163
v -25.74598122 60.53850174 6.18048573
v -25.74598312 60.53850174 -26.38275528
v -13.74598217 60.53850174 -23.64287186
v -13.74598217 60.53850174 -20.35113525
v -11.99598217 60.53850174 -20.35113525
v -11.99598312 60.53850174 -26.38275528
v -25.74598119 63.08509483 -8.17163056
v -49.74716062 62.86799632 -9.66827081
v -25.74571407 62.55814105 -10.43984273
v -49.74604286 61.45515865 -12.07593268
v -49.74802021 59.35694622 -13.82089985
v -25.74595874 61.01757304 -12.54852704
v -25.74614720 58.85628122 -14.03337126
v -49.74638561 56.02398756 -14.58445402
v -49.74597079 53.66837081 -14.10903266
v -25.74577589 54.97442868 -14.51978373
v -25.74598181 52.28831806 -13.39819648
v -49.74602458 52.11172474 -13.28096574
v -49.74673143 50.35694853 -11.61229523
v -25.74613787 50.59001300 -11.92360742
v -25.74598830 49.46028188 -9.75904061
v -25.74538759 49.09705487 -8.01809188
v -49.74657651 49.03845547 -8.12448453
v -25.74594118 49.23388077 -6.11450306
v -25.74596964 49.79180489 -4.47873894
v -49.74672035 49.65607234 -4.68602099
v -49.74436002 51.66675213 -2.00448946
v -25.74507102 51.55466768 -2.07189515
v -25.74598944 54.00852186 -0.81432429
v -49.74609054 54.75441510 -0.59035760
v -25.74595925 56.38747523 -0.46374069
v -49.74653035 58.07030443 -0.74209800
v -25.74598153 58.66077327 -0.96723640
v -49.74598371 60.33525249 -1.90439788
v -25.74591701 60.53967227 -2.06606324
v -49.74675340 61.97098611 -3.59133709
v -25.74612222 62.18132974 -3.92481457
v -49.74648263 63.07251561 -6.36775916
v -25.74584239 63.04075988 -6.36062260
v -25.74598122 51.84356689 8.69164181
v -25.74598312 51.84356689 -28.89391136
v -13.74598217 51.79850006 -20.35113525
v -11.99598217 51.79850006 -20.35113525
v -11.99598345 51.83612569 -28.89601270
v -13.74598316 51.80156993 -26.15347342
v 6.37432814 17.20000076 -21.87814903
v 5.67610502 -17.20000076 -21.87789917
v 6.37432814 -17.20000076 -21.87814903
v 5.67610502 17.20000076 -21.87789917
v 6.37492800 -17.20000076 -20.20314980
v 6.37492800 17.20000076 -20.20314980
v 5.67610502 72.00000000 -21.87789917
v 1.37432861 17.20000076 -21.87635994
v 1.37432861 72.00000000 -21.87635994
v 6.37432814 -17.20000076 1.87814951
v 5.67610502 20.00000000 1.87789965
v 6.37432814 20.00000000 1.87814951
v 5.67610502 -17.20000076 1.87789965
v 6.37492800 17.20000076 0.20314962
v 6.37492800 -17.20000076 0.20314962
v 6.37499952 20.00000000 0.00314962
v 6.37499952 17.20000076 0.00314962
v -2.92499980 17.20000076 -0.00003715
v -2.92499995 17.20000076 -20.00000000
v 1.37499942 17.20000076 -20.00110004
v 20.37504959 17.20000076 -19.86684036
v 24.12858009 17.20000076 -10.00134182
v 24.13211250 17.20000076 -19.86549568
v 20.37504959 17.20000076 -0.13315913
v 20.39683090 17.20000076 0.20737671
v 24.13211250 17.20000076 -0.13450383
v 20.39614052 17.20000076 -20.20740075
v 5.67610502 72.00000000 1.87789965
v -0.62567121 20.00000000 1.87564409
v -0.62567121 72.00000000 1.87564409
v 24.13144240 -53.00000000 -17.99958938
v -23.67499924 -53.00000000 -18.00000000
v -23.67499924 -53.00000000 -2.00000000
v 24.13076760 -53.00000000 -2.00024934
v 24.07499627 -22.00000000 -2.00035084
v 24.13144302 -20.00000000 -2.00134206
v 24.07500076 -20.00000000 -2.00132203
v -13.92500019 -5.94525576 8.14999962
v -10.92500019 -5.94525576 12.50000000
v -13.92500019 -5.94525576 12.50000000
v -10.92500019 -5.94525576 -32.50000000
v -13.92500019 -5.94525576 -28.14999962
v -13.92500019 -5.94525576 -32.50000000
v -13.92500019 9.05474472 -28.14999962
v -10.92500019 9.05474472 -32.50000000
v -13.92500019 9.05474472 -32.50000000
v -10.92500019 9.05474472 12.50000000
v -13.92500019 9.05474472 8.14999962
v -13.92500019 9.05474472 12.50000000
v -13.92464665 -7.98774721 8.10369001
v -13.92500019 -16.50000000 2.00000000
v -13.92500019 -12.14999962 2.00000000
v -13.92500019 -16.50000000 12.50000000
v -13.92501057 -10.00834144 7.25162268
v -13.92476731 -11.88578032 4.93857039
v -13.92500019 36.71028519 0.00000000
v -13.92500019 61.71028519 -2.00000000
v -13.92500019 61.71028519 0.00000000
v -13.92500019 36.71028519 -2.00000000
v -13.92495748 24.18828692 0.00077947
v -13.92500019 28.50000000 12.50000000
v -13.92467796 23.57783917 5.68765047
v -13.92479962 20.24797105 8.09745312
v -13.92500019 72.00000000 0.00000000
v -13.92500019 28.50000000 -32.50000000
v -13.92500019 72.00000000 -20.00000000
v -13.92500019 61.71028519 -20.00000000
v -13.92500019 36.71028519 -20.00000000
v -13.92500019 36.71028519 -18.00000000
v -13.92500019 61.71028519 -18.00000000
v -13.92519095 21.21235708 -27.94072467
v -13.92509188 24.03439522 -24.51862699
v -13.92500019 24.14999962 -20.00000000
v -13.92493166 -8.18083428 -28.07407039
v -13.92500019 -16.50000000 -32.50000000
v -13.92588830 -11.67848009 -25.74465881
v -13.92530331 -16.49999321 -22.00000149
v -13.92500019 -12.14999962 -22.00000000
v -13.92500019 -26.01028252 -2.00000000
v -13.92500019 -26.01028252 0.00000000
v -4.92500019 -26.01028252 -2.00000000
v -4.92500019 -26.01028252 0.00000000
v -13.92500019 -49.71028137 0.00000000
v -13.92500019 -49.71028137 -2.00000000
v -13.80043793 -49.71028137 0.00000000
v 24.07499885 22.99999996 -17.99942830
v -13.92500019 23.00000000 -18.00000000
v -13.92500019 23.00000000 -2.00000000
v 24.07499756 22.99999999 -2.00063289
v 24.13144265 68.00000003 -17.99929216
v 24.07500076 20.00000000 -17.99867821
v 24.13144302 20.00000000 -2.00134206
v 24.07500076 20.00000000 -2.00132203
v 24.13088314 68.00000001 -2.00074667
v -23.67499924 68.00000000 -2.00000000
v -18.29781299 65.40654397 -2.00432639
v -18.78320885 61.49999619 -2.00000000
v -14.27285194 66.00085449 -2.00000000
v -14.33030293 62.61010697 -2.00058988
v -4.92500019 61.71028519 -2.00000000
v 9.72715282 66.01122284 -2.00000000
v 9.73440730 63.11068873 -1.99999999
v 10.65970440 61.64420794 -2.00000764
v -15.77522557 61.51069437 -2.00000000
v -23.67499924 24.14999962 -2.00000000
v 13.85833269 65.42994408 -2.00036651
v 14.22887325 61.51199341 -2.00000000
v -18.77242088 28.49999428 -2.00000000
v -18.71516973 25.58659376 -2.00045639
v -4.92500019 36.71028519 -2.00000000
v -14.68004979 28.09479190 -1.99886582
v 10.22597665 28.25869360 -2.00044421
v 9.72822475 23.99914169 -2.00000000
v 14.23965454 28.49999428 -2.00000000
v 14.12750673 25.50762945 -1.99998953
v 12.59796517 24.04733522 -1.99978633
v 13.75765125 26.78533736 -24.88079493
v 13.35695758 25.24104542 -24.88058898
v 11.01264343 24.52297442 -17.99994678
v 12.25639807 24.54687703 -24.88025462
v 9.81015331 25.75532222 -17.99999940
v 10.66891711 24.69609696 -24.87969626
v 9.84859809 25.78933265 -24.87939465
v 9.71586222 26.55345682 -24.87934705
v 9.83847391 27.35603559 -17.99993164
v 9.97582963 27.53324228 -24.87943675
v 11.14264521 28.47145874 -17.99998817
v 11.29168222 28.56281592 -24.87988933
v 12.63470012 28.32096615 -18.00000365
v 13.05882955 28.05106494 -24.88053807
v 13.55745393 27.37230745 -17.99988991
v 13.55500598 25.30245189 -18.00007269
v 13.53073995 62.51607662 -17.99997906
v 13.55250661 62.43069582 -24.88072989
v 12.08637933 61.52035363 -24.88019453
v 11.84515641 61.42665085 -18.00001672
v 9.72505913 62.77392856 -17.99978114
v 10.17232675 62.03767468 -24.87966395
v 10.05757273 64.66704164 -18.00004741
v 9.75896196 64.15905173 -24.87939744
v 11.46026033 65.59775197 -18.00004985
v 11.37496452 65.65100456 -24.88002754
v 13.06933982 65.02885241 -17.99999709
v 13.70181129 64.03369315 -17.99999458
v 13.46062413 64.63198550 -24.88083951
v 14.23965454 28.49999428 -4.25000000
v 12.39786470 27.59580016 -4.25000000
v 12.77329616 25.56951519 -4.25489704
v 9.97859940 28.04382065 -4.24050207
v 9.74169275 23.98569697 -4.25000708
v 10.55250249 26.59990098 -4.26239533
v 12.80814338 64.36654018 -4.25945414
v 10.26879774 65.06745725 -4.22546912
v 11.55860947 61.68293754 -4.22213329
v 10.22544740 62.66744487 -4.23971340
v 10.87688475 64.64727379 -1.23144748
v 12.46205282 62.57510645 -1.29287025
v -17.02942751 27.55381456 -1.25000003
v -17.61966241 26.50563496 -4.25063759
v -17.41416941 25.79063785 -1.23897753
v -16.04329942 25.11867054 -3.90900865
v -14.59901721 27.06955990 -4.25728748
v -15.24438576 27.45803805 -1.23849015
v -14.89154839 63.73980164 -1.25885169
v -16.90693458 64.76676433 -1.25357311
v -17.06261921 64.67069770 -4.25026049
v -17.38728620 62.72408913 -1.24895487
v -16.05555752 62.21154187 -1.24999998
v 11.85002952 27.82621683 -1.23261930
v 10.49333897 25.72781791 -1.26088635
v 13.02540075 26.00034953 -1.25085892
v -14.26596685 65.99932819 -4.24999974
v -15.71424056 61.84212377 -4.24404020
v -14.61321195 63.78942478 -4.26871918
v -17.74300091 61.90940970 -4.24047893
v -18.77242088 28.49999428 -4.25000000
v -15.97236930 28.29142669 -4.25747208
v -14.27745141 23.98474558 -4.25000006
v -14.20065094 23.95599500 -1.99848214
v -17.31726633 24.14704152 -1.99262979
v -8.92187216 11.40340761 -13.09127350
v -3.22724172 11.01554623 -13.54654940
v -8.92492028 8.43877745 -14.76127920
v -3.22495804 8.03872216 -14.81349771
v -8.92500090 6.02301195 -14.61172500
v -3.22436443 4.68476854 -14.05220679
v -8.92484711 3.81781825 -13.26243585
v -3.22507394 2.82277389 -11.25493843
v -8.92499140 2.73917116 -10.86973286
v -3.22570393 3.09735339 -7.54765056
v -8.92551738 3.21161280 -7.59173508
v -8.92499910 5.80164839 -5.44957899
v -3.22464761 6.26594386 -5.29585869
v -8.92294639 9.82518557 -5.45255773
v -3.22504048 10.42379662 -5.81733732
v -3.22420369 12.39357175 -9.97618275
v -8.92517139 12.35391117 -9.51689809
v -0.62567121 -57.00000000 -21.87564468
v -0.62567121 -17.20000076 -21.87564468
v 5.67610502 -57.00000000 -21.87789917
v -13.80043793 -57.00000000 0.00000000
v -4.92500019 -49.71028137 0.00000000
v -2.92499995 -17.20000076 0.00000000
v -8.92500019 -18.00000000 0.00000000
v -8.92500019 18.00000000 0.00000000
v -13.92500019 18.00000000 -0.00000000
v -4.92500019 36.71028519 0.00000000
v -4.92500019 61.71028519 0.00000000
v -21.42817022 -45.68537589 -22.00215560
v -21.03514559 -47.59584152 -22.00790853
v -22.87231988 -46.92415744 -22.00231446
v 16.56806447 -29.28601991 -22.00945616
v 17.80375526 -31.04095620 -22.01926782
v -2.92497742 -14.24575743 -0.93268732
v -5.92196645 -16.09991546 -1.21155310
v -2.92300024 -15.71063131 -0.81849411
v -2.92499995 -16.23485374 -2.30368803
v -5.92740519 -15.32495796 -3.37410579
v -2.92476028 -15.41485003 -3.25743155
v -2.92505486 -13.65997896 -2.49275795
v -5.92708043 -13.70282492 -1.51608506
v -2.92500190 -13.76285935 -17.68958089
v -2.92500424 -14.96671810 -16.59902708
v -2.92499995 -16.16742651 -17.53102373
v -5.94909320 -13.72556049 -18.70624719
v -2.92612917 -16.00315585 -18.97027632
v -2.92526961 -14.02491078 -19.04759812
v -5.90854076 17.13439558 -2.61360385
v -2.94259205 16.22649566 -1.22061484
v -5.92573960 14.70675902 -0.71189437
v -2.92501174 14.43229792 -0.81700861
v -5.93090145 13.73989864 -2.53927464
v -2.92498045 13.65261771 -2.23050329
v -2.92453411 15.39989147 -3.26102094
v -5.89108506 15.69607249 -3.90902177
v -2.92618230 15.60918065 -16.70948035
v -2.92500096 14.04518023 -17.15331011
v -5.92500019 14.17237983 -17.02995558
v -2.92500752 13.73138144 -17.88413426
v -5.92790851 13.72497543 -18.60678715
v -2.92494552 14.19875645 -19.10441765
v -5.90012447 15.97787753 -19.71856783
v -2.91003135 16.02134201 -18.83676459
v -0.62500025 -17.20000076 -20.00043446
v -0.62500077 -57.00000000 -20.00029818
v 2.67503166 -57.00000000 -24.87682533
v 2.67503166 72.00000000 -24.87682533
v 1.37499820 72.00000000 -20.00089840
v -4.92500019 -24.71028328 -20.00000000
v -13.92500019 -24.71028328 -18.00000000
v -13.92500019 -24.71028328 -20.00000000
v -4.92500019 -24.71028328 -18.00000000
v -13.92500019 -49.71028137 -18.00000000
v -13.92500019 -49.71028137 -20.00000000
v -4.92500019 -49.71028137 -20.00000000
v -4.92500019 -49.71028137 -18.00000000
v -4.92500019 -49.71028137 -2.00000000
v -4.92500019 36.71028519 -18.00000000
v -4.92500019 36.71028519 -20.00000000
v -4.92500019 61.71028519 -18.00000000
v -4.92500019 61.71028519 -20.00000000
v -13.92500019 18.00000000 -20.00000000
v -13.92500019 24.14999962 -18.00000000
v -23.67499924 72.00000000 -20.00000000
v -23.67499924 28.50000000 -32.50000000
v -23.67499924 -16.50000000 -22.00000000
v -23.67499924 -18.00000000 -20.00000000
v -23.67499924 -16.50000000 -32.50000000
v -14.02110100 -57.00000000 -20.00000000
v -23.67499924 -57.00000000 -20.00000000
v -13.96363254 -21.97513850 -23.79455229
v -14.02007623 -17.99999993 -20.00000263
v -23.67499924 28.50000000 12.50000000
v -23.67499924 72.00000000 -0.00000000
v 24.07499848 -21.99999998 -17.99937189
v 24.12117755 -19.99999955 -17.99853815
v -23.67499924 -22.00000000 -2.00000000
v -23.67499924 -22.00000000 -18.00000000
v -23.67499924 -18.00000000 0.00000000
v -8.92500019 -18.00000000 -20.00000000
v -8.92500019 18.00000000 -20.00000000
v -2.92499995 -17.20000076 -20.00000000
v 24.13074764 20.00000000 -17.99863214
v -23.67499924 24.14999962 -18.00000000
v -23.67499924 68.00000000 -18.00000000
v -8.90714895 -17.09268841 -19.52836559
v -8.92562945 -17.10172394 -16.64965502
v -8.92530535 -17.20395673 -3.03718246
v -8.92447750 -15.20113064 -4.57641086
v -8.91701801 -17.07347319 -0.49149267
v -8.92436466 -14.27960816 -15.44736306
v -8.92500610 -12.47693104 -18.24619907
v -8.92501101 -13.60394161 -19.99964624
v -8.92513903 13.44992908 -19.99462149
v -8.92489545 -12.69097903 -3.02031779
v -8.92472674 12.53175262 -17.62297899
v -8.92627834 14.21254891 -15.63313878
v -8.92318121 16.90267496 -19.72880188
v -8.92586876 17.22517747 -16.65130094
v -8.92011975 13.19608728 -3.93521466
v -8.92500019 12.70953863 -1.23319015
v -8.92502684 13.53898965 -0.00095735
v -8.92503610 -13.44422653 -0.00417783
v -8.91832448 17.10436567 -0.46737767
v -8.92529589 16.76810558 -3.86677115
v -0.62500032 72.00000000 0.00030386
v 25.07147598 72.00000000 -24.88484192
v 20.37493515 72.00000000 -20.18493652
v 20.37504959 72.00000000 -19.86684036
v 24.12858009 72.00000000 -10.00134182
v 24.13211250 72.00000000 -19.86549568
v 20.37504959 72.00000000 -0.13315913
v 20.37493515 72.00000000 0.18493707
v 24.13211250 72.00000000 -0.13450383
v 25.07147598 72.00000000 4.88484144
v 2.67503166 72.00000000 4.87682581
v 0.37499949 -17.20000076 0.00076356
v 0.37499863 -57.00000000 0.00057944
v 0.37432873 -57.00000000 1.87600207
v 0.37432873 -17.20000076 1.87600207
v -0.62500012 20.00000000 0.00064424
v 5.67610502 -57.00000000 1.87789965
v 2.67503166 -57.00000000 4.87682581
v 24.12858009 -57.00000000 -10.00134182
v 24.13211250 -57.00000000 -19.86549568
v 24.12858009 -17.20000076 -10.00134182
v 24.13211250 -17.20000076 -19.86549568
v 20.37504959 -17.20000076 -19.86684036
v 20.37504959 -17.20000076 -0.13315913
v 24.13211250 -17.20000076 -0.13450383
v 20.39550260 -17.19999886 0.20762785
v 20.39675626 -17.19999889 -20.20759458
v 24.13211250 -57.00000000 -0.13450383
v -5.90744037 17.05315769 -17.27902007
v -5.92600604 15.22922322 -15.48854051
v -5.92500020 13.35624165 -16.18624588
v -5.92686992 12.48546737 -18.33142885
v -5.92500018 13.63851841 -19.99996413
v -5.92410177 -13.51452482 -19.99926134
v -5.92020678 -12.44572530 -17.63532083
v -5.91696759 -14.82107733 -15.96733271
v -5.91802576 -17.05932787 -16.38658231
v -5.90684855 -16.78857052 -18.94497518
v -5.92500019 -16.36160521 -19.99985788
v -5.92288459 13.39877680 -0.00242958
v -5.92692173 12.67913985 -3.31360760
v -5.92214505 16.81847164 -0.08779318
v -5.92500017 -16.37809974 -0.00089772
v -5.92395933 -17.53008705 -1.78706361
v -5.91578836 -15.72086997 -4.49401157
v -5.92158251 -12.46864404 -2.85467056
v -5.92450869 -13.56135740 -0.00038383
v -23.67499924 -57.00000000 0.00000000
v 25.07147598 -57.00000000 4.88484144
v 20.37493515 -57.00000000 0.18493707
v 20.37504959 -57.00000000 -0.13315913
v 20.37504959 -57.00000000 -19.86684036
v 20.37493515 -57.00000000 -20.18493652
v 25.07147598 -57.00000000 -24.88484192
v -23.67499924 -12.14999962 2.00000000
v -23.67499924 -16.50000000 2.00000000
v -23.67507921 24.05168746 4.75139207
v -18.31198539 -3.61855621 8.14966961
v -20.07893495 -4.05167763 8.14998207
v -20.25242530 -5.66829879 8.14999082
v -19.04670991 -6.45731042 8.14990351
v -17.48544680 -5.59961349 8.14957635
v -18.31959501 7.42664688 8.14974185
v -20.21461928 6.77454298 8.14998528
v -20.22254974 5.33242710 8.14998760
v -17.79990363 4.78201049 8.14942161
v -17.86920104 17.97963056 8.14999962
v -19.47046694 18.45244273 8.14929986
v -20.34698977 16.33611222 8.15009064
v -18.56094869 15.55758899 8.14953286
v -17.47022311 16.66845528 8.15004750
v -23.67500980 19.69848824 8.14455033
v -23.67484353 21.86670912 7.37270241
v -23.67461287 -11.92611001 4.99221996
v -23.67500240 -9.69548525 7.47665876
v -23.67500044 -7.54268787 8.14761072
v -23.67499924 -16.50000000 12.50000000
v -17.31793600 17.00093472 -32.49998800
v -19.33513948 18.49524576 -32.49960947
v -17.90653545 7.11964755 -32.49995287
v -17.58719721 5.40921395 -32.50000535
v -19.79693150 7.23038177 -32.50010702
v -19.24695276 15.47876338 -32.49955479
v -20.37261386 16.83585164 -32.49981685
v -18.39952943 4.63755395 -32.49999920
v -17.53980114 -4.38539113 -32.49998887
v -17.79513359 -5.87024089 -32.50000000
v -19.18468675 -3.51332470 -32.50087015
v -20.34385876 -4.64051345 -32.50003952
v -19.92049788 4.82603184 -32.49996287
v -18.63993297 -6.43403821 -32.50000197
v -19.91740422 -6.10988594 -32.49924660
v -20.34863451 6.07616180 -32.50000000
v -23.67499690 -7.59123521 -28.14729564
v -23.67502103 -8.98938323 -27.77010102
v -23.67575108 -11.66522607 -25.55991149
v -17.40497667 17.45188881 -28.14945503
v -23.67499924 19.00000000 -28.14999962
v -19.73005650 18.31307152 -28.15047611
v -17.51613496 6.53596012 -28.14838498
v -19.21392138 7.52675382 -28.15018816
v -17.74272663 5.17966812 -28.14999962
v -18.81093853 15.45076542 -28.15050976
v -20.31770922 16.59610423 -28.14998884
v -18.31306533 -3.58375715 -28.14982811
v -19.65789761 4.57229678 -28.14978509
v -17.46388626 -5.25133535 -28.15157573
v -19.93444742 -3.96505426 -28.14999962
v -20.38787073 -5.48174671 -28.14938108
v -18.57442825 -6.49479341 -28.14928725
v -20.33921971 6.22493970 -28.14999962
v -23.67506819 24.11994834 -24.05968912
v -23.67450963 21.96607977 -27.45908896
v -23.67499924 -12.14999962 -22.00000000
v -13.80074596 -26.01028261 0.00000015
v -13.88070816 -20.59150841 3.46528159
v -13.81962396 -17.99999860 0.00018103
v 4.83969607 30.49512587 -35.50000802
v 4.19693192 30.49958080 -32.50000025
v 9.23611635 28.57016617 -35.50192392
v 6.41521829 30.08688526 -32.49981669
v 11.31898217 24.02849941 -35.50000475
v 10.17305658 27.37420281 -32.50033244
v 11.32371408 23.62157557 -32.49999804
v 9.04995101 -16.46255692 -32.48833902
v 10.42267653 -14.57874791 -32.50000000
v 6.25675813 -18.18488743 -32.50007498
v 11.31799217 -12.16059427 -32.49999787
v 4.01060995 -18.49991774 -32.50000000
v -16.83955931 -18.49809397 -32.50000331
v -22.19295919 -16.14870193 -32.50163595
v -23.67499924 -11.00000000 -32.50000000
v -23.66841762 24.02380218 -32.49997802
v -16.53710733 30.49971863 -32.50000000
v -21.51940636 28.68245506 -32.50045186
v 11.31629229 -12.53166820 -35.50003089
v 9.68718864 -15.73536585 -35.49999999
v 7.09605787 -17.89329689 -35.50009517
v 4.03860393 -18.49981386 -35.50000000
v -17.54251365 -18.48961026 -35.50067868
v -22.23674510 -15.70202967 -35.49973547
v -23.67460362 -11.37683091 -35.50000186
v -23.67021744 24.14729525 -35.49998088
v -20.74905505 29.24635734 -35.49263259
v -16.50219319 30.49954221 -35.50000000
v 8.28183174 -8.00000000 -33.50000000
v 5.33183193 -8.00000000 -35.50000000
v 5.33183193 -8.00000000 -33.50000000
v 8.28183174 -8.00000000 -35.50000000
v 5.33183193 -15.05000019 -35.50000000
v 5.33183193 -15.05000019 -33.50000000
v -14.76816750 -15.05000019 -35.50000000
v -14.76816750 -15.05000019 -33.50000000
v -14.76816750 5.05000019 -35.50000000
v -14.76816750 5.05000019 -33.50000000
v 5.33183193 5.05000019 -35.50000000
v 5.33183193 5.05000019 -33.50000000
v 5.33183193 -1.99999988 -35.50000000
v 5.33183193 -1.99999988 -33.50000000
v 8.28183174 -1.99999988 -35.50000000
v 8.28183174 -1.99999988 -33.50000000
v 8.28183174 20.00000000 -35.50000000
v 8.28183174 14.00000000 -35.50000000
v 8.28183174 14.00000000 -33.50000000
v 8.28183174 20.00000000 -33.50000000
v 5.33183193 14.00000000 -35.50000000
v 5.33183193 14.00000000 -33.50000000
v 5.33183193 6.95000029 -35.50000000
v 5.33183193 6.95000029 -33.50000000
v -14.76816750 6.95000029 -35.50000000
v -14.76816750 6.95000029 -33.50000000
v -14.76816750 27.04999924 -35.50000000
v -14.76816750 27.04999924 -33.50000000
v 5.33183193 27.04999924 -35.50000000
v 5.33183193 27.04999924 -33.50000000
v 5.33183193 20.00000000 -35.50000000
v 5.33183193 20.00000000 -33.50000000
v -17.44478733 16.93380520 -35.50002610
v -18.64548981 15.48624445 -35.49964693
v -20.19123883 16.33782136 -35.50000000
v -19.46301756 18.53103057 -35.50218008
v -17.38729437 -4.57327246 -35.50068166
v -18.95264886 -6.61268226 -35.50023898
v -20.27556215 -4.09755506 -35.50073222
v -17.32889968 5.91841267 -35.50177104
v -18.73582916 4.53005349 -35.50003872
v -20.37133858 5.37099079 -35.50011886
v -19.11835410 7.56768003 -35.50007706
v -14.74316788 27.00000000 -33.50000000
v -14.74316788 7.00000000 -35.50000000
v -14.74316788 7.00000000 -33.50000000
v -14.74316788 27.00000000 -35.50000000
v 5.25683212 7.00000000 -33.50000000
v 5.25683212 7.00000000 -35.50000000
v 5.25683212 27.00000000 -35.50000000
v 5.25683212 27.00000000 -33.50000000
v -14.74316788 7.00000000 13.50000000
v -14.74316788 27.00000000 15.50000000
v -14.74316788 27.00000000 13.50000000
v -14.74316788 7.00000000 15.50000000
v 5.25683212 27.00000000 13.50000000
v 5.25683212 27.00000000 15.50000000
v 5.25683212 7.00000000 15.50000000
v 5.25683212 7.00000000 13.50000000
v -14.74316788 -15.00000000 13.50000000
v -14.74316788 5.00000000 15.50000000
v -14.74316788 5.00000000 13.50000000
v -14.74316788 -15.00000000 15.50000000
v 5.25683212 5.00000000 13.50000000
v 5.25683212 5.00000000 15.50000000
v 5.25683212 -15.00000000 15.50000000
v 5.25683212 -15.00000000 13.50000000
v -14.74316788 5.00000000 -33.50000000
v -14.74316788 -15.00000000 -35.50000000
v -14.74316788 -15.00000000 -33.50000000
v -14.74316788 5.00000000 -35.50000000
v 5.25683212 -15.00000000 -33.50000000
v 5.25683212 -15.00000000 -35.50000000
v 5.25683212 5.00000000 -35.50000000
v 5.25683212 5.00000000 -33.50000000
vt 0.50000000 0.50000000
vt 0.50000000 0.50000000
vt 0.50000000 0.50000000
vt 0.50000000 0.50000000
vt 0.50000000 0.50000000
vt 0.50000000 0.50000000
vt 0.50000000 0.50000000
vt 0.50000000 0.50000000
vt 0.50000000 0.50000000
vt 0.50000000 0.50000000
vt 0.50000000 0.50000000
vt 0.50000000 0.50000000
vt 0.50000000 0.50000000
vt 0.50000000 0.50000000
vt 0.50000000 0.50000000
vt 0.50000000 0.50000000
vt 0.50000000 0.50000000
vt 0.50000000 0.50000000
vt 0.50000000 0.50000000
vt 0.50000000 0.50000000
vt 0.50000000 0.50000000
vt 0.50000000 0.50000000
vt 0.50000000 0.50000000
vt 0.50000000 0.50000000
vt 0.50000000 0.50000000
vt 0.50000000 0.50000000
vt 0.50000000 0.50000000
vt 0.50000000 0.50000000
vt 0.50000000 0.50000000
vt 0.50000000 0.50000000
vt 0.50000000 0.50000000
vt 0.50000000 0.50000000
vt 0.50000000 0.50000000
vt 0.50000000 0.50000000
vt 0.50000000 0.50000000
vt 0.50000000 0.50000000
vt 0.50000000 0.50000000
vt 0.50000000 0.50000000
vt 0.50000000 0.50000000
vt 0.50000000 0.50000000
vt 0.50000000 0.50000000
vt 0.50000000 0.50000000
vt 0.50000000 0.50000000
vt 0.50000000 0.50000000
vt 0.50000000 0.50000000
vt 0.50000000 0.50000000
vt 0.50000000 0.50000000
vt 0.50000000 0.50000000
vt 0.50000000 0.50000000
vt 0.50000000 0.50000000
vt 0.50000000 0.50000000
vt 0.50000000 0.50000000
vt 0.50000000 0.50000000
vt 0.50000000 0.50000000
vt 0.50000000 0.50000000
vt 0.50000000 0.50000000
vt 0.50000000 0.50000000
vt 0.50000000 0.50000000
vt 0.50000000 0.50000000
vt 0.50000000 0.50000000
vt 0.50000000 0.50000000
vt 0.50000000 0.50000000
vt 0.50000000 0.50000000
vt 0.50000000 0.50000000
vt 0.50000000 0.50000000
vt 0.50000000 0.50000000
vt 0.50000000 0.50000000
vt 0.50000000 0.50000000
vt 0.50000000 0.50000000
vt 0.50000000 0.50000000
vt 0.50000000 0.50000000
vt 0.50000000 0.50000000
vt 0.50000000 0.50000000
vt 0.50000000 0.50000000
vt 0.50000000 0.50000000
vt 0.50000000 0.50000000
vt 0.50000000 0.50000000
vt 0.50000000 0.50000000
vt 0.50000000 0.50000000
vt 0.50000000 0.50000000
vt 0.50000000 0.50000000
vt 0.50000000 0.50000000
vt 0.50000000 0.50000000
vt 0.50000000 0.50000000
vt 0.50000000 0.50000000
vt 0.50000000 0.50000000
vt 0.50000000 0.50000000
vt 0.50000000 0.50000000
vt 0.50000000 0.50000000
vt 0.50000000 0.50000000
vt 0.50000000 0.50000000
vt 0.50000000 0.50000000
vt 0.50000000 0.50000000
vt 0.50000000 0.50000000
vt 0.50000000 0.50000000
vt 0.50000000 0.50000000
vt 0.50000000 0.50000000
vt 0.50000000 0.50000000
vt 0.50000000 0.50000000
vt 0.50000000 0.50000000
vt 0.50000000 0.50000000
vt 0.50000000 0.50000000
vt 0.50000000 0.50000000
vt 0.50000000 0.50000000
vt 0.50000000 0.50000000
vt 0.50000000 0.50000000
vt 0.50000000 0.50000000
vt 0.50000000 0.50000000
vt 0.50000000 0.50000000
vt 0.50000000 0.50000000
vt 0.50000000 0.50000000
vt 0.50000000 0.50000000
vt 0.50000000 0.50000000
vt 0.50000000 0.50000000
vt 0.50000000 0.50000000
vt 0.50000000 0.50000000
vt 0.50000000 0.50000000
vt 0.50000000 0.50000000
vt 0.50000000 0.50000000
vt 0.50000000 0.50000000
vt 0.50000000 0.50000000
vt 0.50000000 0.50000000
vt 0.50000000 0.50000000
vt 0.50000000 0.50000000
vt 0.50000000 0.50000000
vt 0.50000000 0.50000000
vt 0.50000000 0.50000000
vt 0.50000000 0.50000000
vt 0.50000000 0.50000000
vt 0.50000000 0.50000000
vt 0.50000000 0.50000000
vt 0.50000000 0.50000000
vt 0.50000000 0.50000000
vt 0.50000000 0.50000000
vt 0.50000000 0.50000000
vt 0.50000000 0.50000000
vt 0.50000000 0.50000000
vt 0.50000000 0.50000000
vt 0.50000000 0.50000000
vt 0.50000000 0.50000000
vt 0.50000000 0.50000000
vt 0.50000000 0.50000000
vt 0.50000000 0.50000000
vt 0.50000000 0.50000000
vt 0.50000000 0.50000000
vt 0.50000000 0.50000000
vt 0.50000000 0.50000000
vt 0.50000000 0.50000000
vt 0.50000000 0.50000000
vt 0.50000000 0.50000000
vt 0.50000000 0.50000000
vt 0.50000000 0.50000000
vt 0.50000000 0.50000000
vt 0.50000000 0.50000000
vt 0.50000000 0.50000000
vt 0.50000000 0.50000000
vt 0.50000000 0.50000000
vt 0.50000000 0.50000000
vt 0.50000000 0.50000000
vt 0.50000000 0.50000000
vt 0.50000000 0.50000000
vt 0.50000000 0.50000000
vt 0.50000000 0.50000000
vt 0.50000000 0.50000000
vt 0.50000000 0.50000000
vt 0.50000000 0.50000000
vt 0.50000000 0.50000000
vt 0.50000000 0.50000000
vt 0.50000000 0.50000000
vt 0.50000000 0.50000000
vt 0.50000000 0.50000000
vt 0.50000000 0.50000000
vt 0.50000000 0.50000000
vt 0.50000000 0.50000000
vt 0.50000000 0.50000000
vt 0.50000000 0.50000000
vt 0.50000000 0.50000000
vt 0.50000000 0.50000000
vt 0.50000000 0.50000000
vt 0.50000000 0.50000000
vt 0.50000000 0.50000000
vt 0.50000000 0.50000000
vt 0.50000000 0.50000000
vt 0.50000000 0.50000000
vt 0.50000000 0.50000000
vt 0.50000000 0.50000000
vt 0.50000000 0.50000000
vt 0.50000000 0.50000000
vt 0.50000000 0.50000000
vt 0.50000000 0.50000000
vt 0.50000000 0.50000000
vt 0.50000000 0.50000000
vt 0.50000000 0.50000000
vt 0.50000000 0.50000000
vt 0.50000000 0.50000000
vt 0.50000000 0.50000000
vt 0.50000000 0.50000000
vt 0.50000000 0.50000000
vt 0.50000000 0.50000000
vt 0.50000000 0.50000000
vt 0.50000000 0.50000000
vt 0.50000000 0.50000000
vt 0.50000000 0.50000000
vt 0.50000000 0.50000000
vt 0.50000000 0.50000000
vt 0.50000000 0.50000000
vt 0.50000000 0.50000000
vt 0.50000000 0.50000000
vt 0.50000000 0.50000000
vt 0.50000000 0.50000000
vt 0.50000000 0.50000000
vt 0.50000000 0.50000000
vt 0.50000000 0.50000000
vt 0.50000000 0.50000000
vt 0.50000000 0.50000000
vt 0.50000000 0.50000000
vt 0.50000000 0.50000000
vt 0.50000000 0.50000000
vt 0.50000000 0.50000000
vt 0.50000000 0.50000000
vt 0.50000000 0.50000000
vt 0.50000000 0.50000000
vt 0.50000000 0.50000000
vt 0.50000000 0.50000000
vt 0.50000000 0.50000000
vt 0.50000000 0.50000000
vt 0.50000000 0.50000000
vt 0.50000000 0.50000000
vt 0.50000000 0.50000000
vt 0.50000000 0.50000000
vt 0.50000000 0.50000000
vt 0.50000000 0.50000000
vt 0.50000000 0.50000000
vt 0.50000000 0.50000000
vt 0.50000000 0.50000000
vt 0.50000000 0.50000000
vt 0.50000000 0.50000000
vt 0.50000000 0.50000000
vt 0.50000000 0.50000000
vt 0.50000000 0.50000000
vt 0.50000000 0.50000000
vt 0.50000000 0.50000000
vt 0.50000000 0.50000000
vt 0.50000000 0.50000000
vt 0.50000000 0.50000000
vt 0.50000000 0.50000000
vt 0.50000000 0.50000000
vt 0.50000000 0.50000000
vt 0.50000000 0.50000000
vt 0.50000000 0.50000000
vt 0.50000000 0.50000000
vt 0.50000000 0.50000000
vt 0.50000000 0.50000000
vt 0.50000000 0.50000000
vt 0.50000000 0.50000000
vt 0.50000000 0.50000000
vt 0.50000000 0.50000000
vt 0.50000000 0.50000000
vt 0.50000000 0.50000000
vt 0.50000000 0.50000000
vt 0.50000000 0.50000000
vt 0.50000000 0.50000000
vt 0.50000000 0.50000000
vt 0.50000000 0.50000000
vt 0.50000000 0.50000000
vt 0.50000000 0.50000000
vt 0.50000000 0.50000000
vt 0.50000000 0.50000000
vt 0.50000000 0.50000000
vt 0.50000000 0.50000000
vt 0.50000000 0.50000000
vt 0.50000000 0.50000000
vt 0.50000000 0.50000000
vt 0.50000000 0.50000000
vt 0.50000000 0.50000000
vt 0.50000000 0.50000000
vt 0.50000000 0.50000000
vt 0.50000000 0.50000000
vt 0.50000000 0.50000000
vt 0.50000000 0.50000000
vt 0.50000000 0.50000000
vt 0.50000000 0.50000000
vt 0.50000000 0.50000000
vt 0.50000000 0.50000000
vt 0.50000000 0.50000000
vt 0.50000000 0.50000000
vt 0.50000000 0.50000000
vt 0.50000000 0.50000000
vt 0.50000000 0.50000000
vt 0.50000000 0.50000000
vt 0.50000000 0.50000000
vt 0.50000000 0.50000000
vt 0.50000000 0.50000000
vt 0.50000000 0.50000000
vt 0.50000000 0.50000000
vt 0.50000000 0.50000000
vt 0.50000000 0.50000000
vt 0.50000000 0.50000000
vt 0.50000000 0.50000000
vt 0.50000000 0.50000000
vt 0.50000000 0.50000000
vt 0.50000000 0.50000000
vt 0.50000000 0.50000000
vt 0.50000000 0.50000000
vt 0.50000000 0.50000000
vt 0.50000000 0.50000000
vt 0.50000000 0.50000000
vt 0.50000000 0.50000000
vt 0.50000000 0.50000000
vt 0.50000000 0.50000000
vt 0.50000000 0.50000000
vt 0.50000000 0.50000000
vt 0.50000000 0.50000000
vt 0.50000000 0.50000000
vt 0.50000000 0.50000000
vt 0.50000000 0.50000000
vt 0.50000000 0.50000000
vt 0.50000000 0.50000000
vt 0.50000000 0.50000000
vt 0.50000000 0.50000000
vt 0.50000000 0.50000000
vt 0.50000000 0.50000000
vt 0.50000000 0.50000000
vt 0.50000000 0.50000000
vt 0.50000000 0.50000000
vt 0.50000000 0.50000000
vt 0.50000000 0.50000000
vt 0.50000000 0.50000000
vt 0.50000000 0.50000000
vt 0.50000000 0.50000000
vt 0.50000000 0.50000000
vt 0.50000000 0.50000000
vt 0.50000000 0.50000000
vt 0.50000000 0.50000000
vt 0.50000000 0.50000000
vt 0.50000000 0.50000000
vt 0.50000000 0.50000000
vt 0.50000000 0.50000000
vt 0.50000000 0.50000000
vt 0.50000000 0.50000000
vt 0.50000000 0.50000000
vt 0.50000000 0.50000000
vt 0.50000000 0.50000000
vt 0.50000000 0.50000000
vt 0.50000000 0.50000000
vt 0.50000000 0.50000000
vt 0.50000000 0.50000000
vt 0.50000000 0.50000000
vt 0.50000000 0.50000000
vt 0.50000000 0.50000000
vt 0.50000000 0.50000000
vt 0.50000000 0.50000000
vt 0.50000000 0.50000000
vt 0.50000000 0.50000000
vt 0.50000000 0.50000000
vt 0.50000000 0.50000000
vt 0.50000000 0.50000000
vt 0.50000000 0.50000000
vt 0.50000000 0.50000000
vt 0.50000000 0.50000000
vt 0.50000000 0.50000000
vt 0.50000000 0.50000000
vt 0.50000000 0.50000000
vt 0.50000000 0.50000000
vt 0.50000000 0.50000000
vt 0.50000000 0.50000000
vt 0.50000000 0.50000000
vt 0.50000000 0.50000000
vt 0.50000000 0.50000000
vt 0.50000000 0.50000000
vt 0.50000000 0.50000000
vt 0.50000000 0.50000000
vt 0.50000000 0.50000000
vt 0.50000000 0.50000000
vt 0.50000000 0.50000000
vt 0.50000000 0.50000000
vt 0.50000000 0.50000000
vt 0.50000000 0.50000000
vt 0.50000000 0.50000000
vt 0.50000000 0.50000000
vt 0.50000000 0.50000000
vt 0.50000000 0.50000000
vt 0.50000000 0.50000000
vt 0.50000000 0.50000000
vt 0.50000000 0.50000000
vt 0.50000000 0.50000000
vt 0.50000000 0.50000000
vt 0.50000000 0.50000000
vt 0.50000000 0.50000000
vt 0.50000000 0.50000000
vt 0.50000000 0.50000000
vt 0.50000000 0.50000000
vt 0.50000000 0.50000000
vt 0.50000000 0.50000000
vt 0.50000000 0.50000000
vt 0.50000000 0.50000000
vt 0.50000000 0.50000000
vt 0.50000000 0.50000000
vt 0.50000000 0.50000000
vt 0.50000000 0.50000000
vt 0.50000000 0.50000000
vt 0.50000000 0.50000000
vt 0.50000000 0.50000000
vt 0.50000000 0.50000000
vt 0.50000000 0.50000000
vt 0.50000000 0.50000000
vt 0.50000000 0.50000000
vt 0.50000000 0.50000000
vt 0.50000000 0.50000000
vt 0.50000000 0.50000000
vt 0.50000000 0.50000000
vt 0.50000000 0.50000000
vt 0.50000000 0.50000000
vt 0.50000000 0.50000000
vt 0.50000000 0.50000000
vt 0.50000000 0.50000000
vt 0.50000000 0.50000000
vt 0.50000000 0.50000000
vt 0.50000000 0.50000000
vt 0.50000000 0.50000000
vt 0.50000000 0.50000000
vt 0.50000000 0.50000000
vt 0.50000000 0.50000000
vt 0.50000000 0.50000000
vt 0.50000000 0.50000000
vt 0.50000000 0.50000000
vt 0.50000000 0.50000000
vt 0.50000000 0.50000000
vt 0.50000000 0.50000000
vt 0.50000000 0.50000000
vt 0.50000000 0.50000000
vt 0.50000000 0.50000000
vt 0.50000000 0.50000000
vt 0.50000000 0.50000000
vt 0.50000000 0.50000000
vt 0.50000000 0.50000000
vt 0.50000000 0.50000000
vt 0.50000000 0.50000000
vt 0.50000000 0.50000000
vt 0.50000000 0.50000000
vt 0.50000000 0.50000000
vt 0.50000000 0.50000000
vt 0.50000000 0.50000000
vt 0.50000000 0.50000000
vt 0.50000000 0.50000000
vt 0.50000000 0.50000000
vt 0.50000000 0.50000000
vt 0.50000000 0.50000000
vt 0.50000000 0.50000000
vt 0.50000000 0.50000000
vt 0.50000000 0.50000000
vt 0.50000000 0.50000000
vt 0.50000000 0.50000000
vt 0.50000000 0.50000000
vt 0.50000000 0.50000000
vt 0.50000000 0.50000000
vt 0.50000000 0.50000000
vt 0.50000000 0.50000000
vt 0.50000000 0.50000000
vt 0.50000000 0.50000000
vt 0.50000000 0.50000000
vt 0.50000000 0.50000000
vt 0.50000000 0.50000000
vt 0.50000000 0.50000000
vt 0.50000000 0.50000000
vt 0.50000000 0.50000000
vt 0.50000000 0.50000000
vt 0.50000000 0.50000000
vt 0.50000000 0.50000000
vt 0.50000000 0.50000000
vt 0.50000000 0.50000000
vt 0.50000000 0.50000000
vt 0.50000000 0.50000000
vt 0.50000000 0.50000000
vt 0.50000000 0.50000000
vt 0.50000000 0.50000000
vt 0.50000000 0.50000000
vt 0.50000000 0.50000000
vt 0.50000000 0.50000000
vt 0.50000000 0.50000000
vt 0.50000000 0.50000000
vt 0.50000000 0.50000000
vt 0.50000000 0.50000000
vt 0.50000000 0.50000000
vt 0.50000000 0.50000000
vt 0.50000000 0.50000000
vt 0.50000000 0.50000000
vt 0.50000000 0.50000000
vt 0.50000000 0.50000000
vt 0.50000000 0.50000000
vt 0.50000000 0.50000000
vt 0.50000000 0.50000000
vt 0.50000000 0.50000000
vt 0.50000000 0.50000000
vt 0.50000000 0.50000000
vt 0.50000000 0.50000000
vt 0.50000000 0.50000000
vt 0.50000000 0.50000000
vt 0.50000000 0.50000000
vt 0.50000000 0.50000000
vt 0.50000000 0.50000000
vt 0.50000000 0.50000000
vt 0.50000000 0.50000000
vt 0.50000000 0.50000000
vt 0.50000000 0.50000000
vt 0.50000000 0.50000000
vt 0.50000000 0.50000000
vt 0.50000000 0.50000000
vt 0.50000000 0.50000000
vt 0.50000000 0.50000000
vt 0.50000000 0.50000000
vt 0.50000000 0.50000000
vt 0.50000000 0.50000000
vt 0.50000000 0.50000000
vt 0.50000000 0.50000000
vt 0.50000000 0.50000000
vt 0.50000000 0.50000000
vt 0.50000000 0.50000000
vt 0.50000000 0.50000000
vt 0.50000000 0.50000000
vt 0.50000000 0.50000000
vt 0.50000000 0.50000000
vt 0.50000000 0.50000000
vt 0.50000000 0.50000000
vt 0.50000000 0.50000000
vt 0.50000000 0.50000000
vt 0.50000000 0.50000000
vt 0.50000000 0.50000000
vt 0.50000000 0.50000000
vt 0.50000000 0.50000000
vt 0.50000000 0.50000000
vt 0.50000000 0.50000000
vt 0.50000000 0.50000000
vt 0.50000000 0.50000000
vt 0.50000000 0.50000000
vt 0.50000000 0.50000000
vt 0.50000000 0.50000000
vt 0.50000000 0.50000000
vt 0.50000000 0.50000000
vt 0.50000000 0.50000000
vt 0.50000000 0.50000000
vt 0.50000000 0.50000000
vt 0.50000000 0.50000000
vt 0.50000000 0.50000000
vt 0.50000000 0.50000000
vt 0.50000000 0.50000000
vt 0.50000000 0.50000000
vt 0.50000000 0.50000000
vt 0.50000000 0.50000000
vt 0.50000000 0.50000000
vt 0.50000000 0.50000000
vt 0.50000000 0.50000000
vt 0.50000000 0.50000000
vt 0.50000000 0.50000000
vt 0.50000000 0.50000000
vt 0.50000000 0.50000000
vt 0.50000000 0.50000000
vt 0.50000000 0.50000000
vt 0.50000000 0.50000000
vt 0.50000000 0.50000000
vt 0.50000000 0.50000000
vt 0.50000000 0.50000000
vt 0.50000000 0.50000000
vt 0.50000000 0.50000000
vt 0.50000000 0.50000000
vt 0.50000000 0.50000000
vt 0.50000000 0.50000000
vt 0.50000000 0.50000000
vt 0.50000000 0.50000000
vt 0.50000000 0.50000000
vt 0.50000000 0.50000000
vt 0.50000000 0.50000000
vt 0.50000000 0.50000000
vt 0.50000000 0.50000000
vt 0.50000000 0.50000000
vt 0.50000000 0.50000000
vt 0.50000000 0.50000000
vt 0.50000000 0.50000000
vt 0.50000000 0.50000000
vt 0.50000000 0.50000000
vt 0.50000000 0.50000000
vt 0.50000000 0.50000000
vt 0.50000000 0.50000000
vt 0.50000000 0.50000000
vt 0.50000000 0.50000000
vt 0.50000000 0.50000000
vt 0.50000000 0.50000000
vt 0.50000000 0.50000000
vt 0.50000000 0.50000000
vt 0.50000000 0.50000000
vt 0.50000000 0.50000000
vt 0.50000000 0.50000000
vt 0.50000000 0.50000000
vt 0.50000000 0.50000000
vt 0.50000000 0.50000000
vt 0.50000000 0.50000000
vt 0.50000000 0.50000000
vt 0.50000000 0.50000000
vt 0.50000000 0.50000000
vt 0.50000000 0.50000000
vt 0.50000000 0.50000000
vt 0.50000000 0.50000000
vt 0.50000000 0.50000000
vt 0.50000000 0.50000000
vt 0.50000000 0.50000000
vt 0.50000000 0.50000000
vt 0.50000000 0.50000000
vt 0.50000000 0.50000000
vt 0.50000000 0.50000000
vt 0.50000000 0.50000000
vt 0.50000000 0.50000000
vt 0.50000000 0.50000000
vt 0.50000000 0.50000000
vt 0.50000000 0.50000000
vt 0.50000000 0.50000000
vt 0.50000000 0.50000000
vt 0.50000000 0.50000000
vt 0.50000000 0.50000000
vt 0.50000000 0.50000000
vt 0.50000000 0.50000000
vt 0.50000000 0.50000000
vt 0.50000000 0.50000000
vt 0.50000000 0.50000000
vt 0.50000000 0.50000000
vt 0.50000000 0.50000000
vt 0.50000000 0.50000000
vt 0.50000000 0.50000000
vt 0.50000000 0.50000000
vt 0.50000000 0.50000000
vt 0.50000000 0.50000000
vt 0.50000000 0.50000000
vt 0.50000000 0.50000000
vt 0.50000000 0.50000000
vt 0.50000000 0.50000000
vt 0.50000000 0.50000000
vt 0.50000000 0.50000000
vt 0.50000000 0.50000000
vt 0.50000000 0.50000000
vt 0.50000000 0.50000000
vt 0.50000000 0.50000000
vt 0.50000000 0.50000000
vt 0.50000000 0.50000000
vt 0.50000000 0.50000000
vt 0.50000000 0.50000000
vt 0.50000000 0.50000000
vt 0.50000000 0.50000000
vt 0.50000000 0.50000000
vt 0.50000000 0.50000000
vt 0.50000000 0.50000000
vt 0.50000000 0.50000000
vt 0.50000000 0.50000000
vt 0.50000000 0.50000000
vt 0.50000000 0.50000000
vt 0.50000000 0.50000000
vt 0.50000000 0.50000000
vt 0.50000000 0.50000000
vt 0.50000000 0.50000000
vt 0.50000000 0.50000000
vt 0.50000000 0.50000000
vt 0.50000000 0.50000000
vt 0.50000000 0.50000000
vt 0.50000000 0.50000000
vt 0.50000000 0.50000000
vt 0.50000000 0.50000000
vt 0.50000000 0.50000000
vt 0.50000000 0.50000000
vt 0.50000000 0.50000000
vt 0.50000000 0.50000000
vt 0.50000000 0.50000000
vt 0.50000000 0.50000000
vt 0.50000000 0.50000000
vt 0.50000000 0.50000000
vt 0.50000000 0.50000000
vt 0.50000000 0.50000000
vt 0.50000000 0.50000000
vt 0.50000000 0.50000000
vt 0.50000000 0.50000000
vt 0.50000000 0.50000000
vt 0.50000000 0.50000000
vt 0.50000000 0.50000000
vt 0.50000000 0.50000000
vt 0.50000000 0.50000000
vt 0.50000000 0.50000000
vt 0.50000000 0.50000000
vt 0.50000000 0.50000000
vt 0.50000000 0.50000000
vt 0.50000000 0.50000000
vt 0.50000000 0.50000000
vt 0.50000000 0.50000000
vt 0.50000000 0.50000000
vt 0.50000000 0.50000000
vt 0.50000000 0.50000000
vt 0.50000000 0.50000000
vt 0.50000000 0.50000000
vt 0.50000000 0.50000000
vt 0.50000000 0.50000000
vt 0.50000000 0.50000000
vt 0.50000000 0.50000000
vt 0.50000000 0.50000000
vt 0.50000000 0.50000000
vt 0.50000000 0.50000000
vt 0.50000000 0.50000000
vt 0.50000000 0.50000000
vt 0.50000000 0.50000000
vt 0.50000000 0.50000000
vt 0.50000000 0.50000000
vt 0.50000000 0.50000000
vt 0.50000000 0.50000000
vt 0.50000000 0.50000000
vt 0.50000000 0.50000000
vt 0.50000000 0.50000000
vt 0.50000000 0.50000000
vt 0.50000000 0.50000000
vt 0.50000000 0.50000000
vt 0.50000000 0.50000000
vt 0.50000000 0.50000000
vt 0.50000000 0.50000000
vt 0.50000000 0.50000000
vt 0.50000000 0.50000000
vt 0.50000000 0.50000000
vt 0.50000000 0.50000000
vt 0.50000000 0.50000000
vt 0.50000000 0.50000000
vt 0.50000000 0.50000000
vt 0.50000000 0.50000000
vt 0.50000000 0.50000000
vt 0.50000000 0.50000000
vt 0.50000000 0.50000000
vt 0.50000000 0.50000000
vt 0.50000000 0.50000000
vt 0.50000000 0.50000000
vt 0.50000000 0.50000000
vt 0.50000000 0.50000000
vt 0.50000000 0.50000000
vt 0.50000000 0.50000000
vt 0.50000000 0.50000000
vt 0.50000000 0.50000000
vt 0.50000000 0.50000000
vt 0.50000000 0.50000000
vt 0.50000000 0.50000000
vt 0.50000000 0.50000000
vt 0.50000000 0.50000000
vt 0.50000000 0.50000000
vt 0.50000000 0.50000000
vt 0.50000000 0.50000000
vt 0.50000000 0.50000000
vt 0.50000000 0.50000000
vt 0.50000000 0.50000000
vt 0.50000000 0.50000000
vt 0.50000000 0.50000000
vt 0.50000000 0.50000000
vt 0.50000000 0.50000000
vt 0.50000000 0.50000000
vt 0.50000000 0.50000000
vt 0.50000000 0.50000000
vt 0.50000000 0.50000000
vt 0.50000000 0.50000000
vt 0.50000000 0.50000000
vt 0.50000000 0.50000000
vt 0.50000000 0.50000000
vt 0.50000000 0.50000000
vt 0.50000000 0.50000000
vt 0.50000000 0.50000000
vt 0.50000000 0.50000000
vt 0.50000000 0.50000000
vt 0.50000000 0.50000000
vt 0.50000000 0.50000000
vt 0.50000000 0.50000000
vt 0.50000000 0.50000000
vt 0.50000000 0.50000000
vt 0.50000000 0.50000000
vt 0.50000000 0.50000000
vt 0.50000000 0.50000000
vt 0.50000000 0.50000000
vt 0.50000000 0.50000000
vt 0.50000000 0.50000000
vt 0.50000000 0.50000000
vt 0.50000000 0.50000000
vt 0.50000000 0.50000000
vt 0.50000000 0.50000000
vt 0.50000000 0.50000000
vt 0.50000000 0.50000000
vt 0.50000000 0.50000000
vt 0.50000000 0.50000000
vt 0.50000000 0.50000000
vt 0.50000000 0.50000000
vt 0.50000000 0.50000000
vt 0.50000000 0.50000000
vt 0.50000000 0.50000000
vt 0.50000000 0.50000000
vt 0.50000000 0.50000000
vt 0.50000000 0.50000000
vt 0.50000000 0.50000000
vt 0.50000000 0.50000000
vt 0.50000000 0.50000000
vt 0.50000000 0.50000000
vt 0.50000000 0.50000000
vt 0.50000000 0.50000000
vt 0.50000000 0.50000000
vt 0.50000000 0.50000000
vt 0.50000000 0.50000000
vt 0.50000000 0.50000000
vt 0.50000000 0.50000000
vt 0.50000000 0.50000000
vt 0.50000000 0.50000000
vt 0.50000000 0.50000000
vt 0.50000000 0.50000000
vt 0.50000000 0.50000000
vt 0.50000000 0.50000000
vt 0.50000000 0.50000000
vt 0.50000000 0.50000000
vt 0.50000000 0.50000000
vt 0.50000000 0.50000000
vt 0.50000000 0.50000000
vt 0.50000000 0.50000000
vt 0.50000000 0.50000000
vt 0.50000000 0.50000000
vt 0.50000000 0.50000000
vt 0.50000000 0.50000000
vt 0.50000000 0.50000000
vt 0.50000000 0.50000000
vt 0.50000000 0.50000000
vt 0.50000000 0.50000000
vt 0.50000000 0.50000000
vt 0.50000000 0.50000000
vt 0.50000000 0.50000000
vt 0.50000000 0.50000000
vt 0.50000000 0.50000000
vt 0.50000000 0.50000000
vt 0.50000000 0.50000000
vt 0.50000000 0.50000000
vt 0.50000000 0.50000000
vt 0.50000000 0.50000000
vt 0.50000000 0.50000000
vt 0.50000000 0.50000000
vt 0.50000000 0.50000000
vt 0.50000000 0.50000000
vt 0.50000000 0.50000000
vt 0.50000000 0.50000000
vt 0.50000000 0.50000000
vt 0.50000000 0.50000000
vt 0.50000000 0.50000000
vt 0.50000000 0.50000000
vt 0.50000000 0.50000000
vt 0.50000000 0.50000000
vt 0.50000000 0.50000000
vt 0.50000000 0.50000000
vt 0.50000000 0.50000000
vt 0.50000000 0.50000000
vt 0.50000000 0.50000000
vt 0.50000000 0.50000000
vt 0.50000000 0.50000000
vt 0.50000000 0.50000000
vt 0.50000000 0.50000000
vt 0.50000000 0.50000000
vt 0.50000000 0.50000000
vt 0.50000000 0.50000000
vt 0.50000000 0.50000000
vt 0.50000000 0.50000000
vt 0.50000000 0.50000000
vt 0.50000000 0.50000000
vt 0.50000000 0.50000000
vt 0.50000000 0.50000000
vt 0.50000000 0.50000000
vt 0.50000000 0.50000000
vt 0.50000000 0.50000000
vt 0.50000000 0.50000000
vt 0.50000000 0.50000000
vt 0.50000000 0.50000000
vt 0.50000000 0.50000000
vt 0.50000000 0.50000000
vt 0.50000000 0.50000000
vt 0.50000000 0.50000000
vt 0.50000000 0.50000000
vt 0.50000000 0.50000000
vt 0.50000000 0.50000000
vt 0.50000000 0.50000000
vt 0.50000000 0.50000000
vt 0.50000000 0.50000000
vt 0.50000000 0.50000000
vt 0.50000000 0.50000000
vt 0.50000000 0.50000000
vt 0.50000000 0.50000000
vt 0.50000000 0.50000000
vt 0.50000000 0.50000000
vt 0.50000000 0.50000000
vt 0.50000000 0.50000000
vt 0.50000000 0.50000000
vt 0.50000000 0.50000000
vt 0.50000000 0.50000000
vt 0.50000000 0.50000000
vt 0.50000000 0.50000000
vt 0.50000000 0.50000000
vt 0.50000000 0.50000000
vt 0.50000000 0.50000000
vt 0.50000000 0.50000000
vt 0.50000000 0.50000000
vt 0.50000000 0.50000000
vt 0.50000000 0.50000000
vt 0.50000000 0.50000000
vt 0.50000000 0.50000000
vt 0.50000000 0.50000000
vt 0.50000000 0.50000000
vt 0.50000000 0.50000000
vt 0.50000000 0.50000000
vt 0.50000000 0.50000000
vt 0.50000000 0.50000000
vt 0.50000000 0.50000000
vt 0.50000000 0.50000000
vt 0.50000000 0.50000000
vt 0.50000000 0.50000000
vt 0.50000000 0.50000000
vt 0.50000000 0.50000000
vt 0.50000000 0.50000000
vt 0.50000000 0.50000000
vt 0.50000000 0.50000000
vt 0.50000000 0.50000000
vt 0.50000000 0.50000000
vt 0.50000000 0.50000000
vt 0.50000000 0.50000000
vt 0.50000000 0.50000000
vt 0.50000000 0.50000000
vt 0.50000000 0.50000000
vt 0.50000000 0.50000000
vt 0.50000000 0.50000000
vt 0.50000000 0.50000000
vt 0.50000000 0.50000000
vt 0.50000000 0.50000000
vt 0.50000000 0.50000000
vt 0.50000000 0.50000000
vt 0.50000000 0.50000000
vt 0.50000000 0.50000000
vt 0.50000000 0.50000000
vt 0.50000000 0.50000000
vt 0.50000000 0.50000000
vt 0.50000000 0.50000000
vt 0.50000000 0.50000000
vt 0.50000000 0.50000000
vt 0.50000000 0.50000000
vt 0.50000000 0.50000000
vt 0.50000000 0.50000000
vt 0.50000000 0.50000000
vt 0.50000000 0.50000000
vt 0.50000000 0.50000000
vt 0.50000000 0.50000000
vt 0.50000000 0.50000000
vt 0.50000000 0.50000000
vt 0.50000000 0.50000000
vt 0.50000000 0.50000000
vt 0.50000000 0.50000000
vt 0.50000000 0.50000000
vt 0.50000000 0.50000000
vt 0.50000000 0.50000000
vt 0.50000000 0.50000000
vt 0.50000000 0.50000000
vt 0.50000000 0.50000000
vt 0.50000000 0.50000000
vt 0.50000000 0.50000000
vt 0.50000000 0.50000000
vt 0.50000000 0.50000000
vt 0.50000000 0.50000000
vt 0.50000000 0.50000000
vt 0.50000000 0.50000000
vt 0.50000000 0.50000000
vt 0.50000000 0.50000000
vt 0.50000000 0.50000000
vt 0.50000000 0.50000000
vt 0.50000000 0.50000000
vt 0.50000000 0.50000000
vt 0.50000000 0.50000000
vt 0.50000000 0.50000000
vt 0.50000000 0.50000000
vt 0.50000000 0.50000000
vt 0.50000000 0.50000000
vt 0.50000000 0.50000000
vt 0.50000000 0.50000000
vt 0.50000000 0.50000000
vt 0.50000000 0.50000000
vt 0.50000000 0.50000000
vt 0.50000000 0.50000000
vt 0.50000000 0.50000000
vt 0.50000000 0.50000000
vt 0.50000000 0.50000000
vt 0.50000000 0.50000000
vt 0.50000000 0.50000000
vt 0.50000000 0.50000000
vt 0.50000000 0.50000000
vt 0.50000000 0.50000000
vt 0.50000000 0.50000000
vt 0.50000000 0.50000000
vt 0.50000000 0.50000000
vt 0.50000000 0.50000000
vt 0.50000000 0.50000000
vt 0.50000000 0.50000000
vt 0.50000000 0.50000000
vt 0.50000000 0.50000000
vt 0.50000000 0.50000000
vt 0.50000000 0.50000000
vt 0.50000000 0.50000000
vt 0.50000000 0.50000000
vt 0.50000000 0.50000000
vt 0.50000000 0.50000000
vt 0.50000000 0.50000000
vt 0.50000000 0.50000000
vt 0.50000000 0.50000000
vt 0.50000000 0.50000000
vt 0.50000000 0.50000000
vt 0.50000000 0.50000000
vt 0.50000000 0.50000000
vt 0.50000000 0.50000000
vt 0.50000000 0.50000000
vt 0.50000000 0.50000000
vt 0.50000000 0.50000000
vt 0.50000000 0.50000000
vt 0.50000000 0.50000000
vt 0.50000000 0.50000000
vt 0.50000000 0.50000000
vt 0.50000000 0.50000000
vt 0.50000000 0.50000000
vt 0.50000000 0.50000000
vt 0.50000000 0.50000000
vt 0.50000000 0.50000000
vt 0.50000000 0.50000000
vt 0.50000000 0.50000000
vt 0.50000000 0.50000000
vt 0.50000000 0.50000000
vt 0.50000000 0.50000000
vt 0.50000000 0.50000000
vt 0.50000000 0.50000000
vt 0.50000000 0.50000000
vt 0.50000000 0.50000000
vt 0.50000000 0.50000000
vt 0.50000000 0.50000000
vt 0.50000000 0.50000000
vt 0.50000000 0.50000000
vt 0.50000000 0.50000000
vt 0.50000000 0.50000000
vt 0.50000000 0.50000000
vt 0.50000000 0.50000000
vt 0.50000000 0.50000000
vt 0.50000000 0.50000000
vt 0.50000000 0.50000000
vt 0.50000000 0.50000000
vt 0.50000000 0.50000000
vt 0.50000000 0.50000000
vt 0.50000000 0.50000000
vt 0.50000000 0.50000000
vt 0.50000000 0.50000000
vt 0.50000000 0.50000000
vt 0.50000000 0.50000000
vt 0.50000000 0.50000000
vt 0.50000000 0.50000000
vt 0.50000000 0.50000000
vt 0.50000000 0.50000000
vt 0.50000000 0.50000000
vt 0.50000000 0.50000000
vt 0.50000000 0.50000000
vt 0.50000000 0.50000000
vt 0.50000000 0.50000000
vt 0.50000000 0.50000000
vt 0.50000000 0.50000000
vt 0.50000000 0.50000000
vt 0.50000000 0.50000000
vt 0.50000000 0.50000000
vt 0.50000000 0.50000000
vt 0.50000000 0.50000000
vt 0.50000000 0.50000000
vt 0.50000000 0.50000000
vt 0.50000000 0.50000000
vt 0.50000000 0.50000000
vt 0.50000000 0.50000000
vt 0.50000000 0.50000000
vt 0.50000000 0.50000000
vt 0.50000000 0.50000000
vt 0.50000000 0.50000000
vt 0.50000000 0.50000000
vt 0.50000000 0.50000000
vt 0.50000000 0.50000000
vt 0.50000000 0.50000000
vt 0.50000000 0.50000000
vt 0.50000000 0.50000000
vt 0.50000000 0.50000000
vt 0.50000000 0.50000000
vt 0.50000000 0.50000000
vt 0.50000000 0.50000000
vt 0.50000000 0.50000000
vt 0.50000000 0.50000000
vt 0.50000000 0.50000000
vt 0.50000000 0.50000000
vt 0.50000000 0.50000000
vt 0.50000000 0.50000000
vt 0.50000000 0.50000000
vt 0.50000000 0.50000000
vt 0.50000000 0.50000000
vt 0.50000000 0.50000000
vt 0.50000000 0.50000000
vt 0.50000000 0.50000000
vt 0.50000000 0.50000000
vt 0.50000000 0.50000000
vt 0.50000000 0.50000000
vt 0.50000000 0.50000000
vt 0.50000000 0.50000000
vt 0.50000000 0.50000000
vt 0.50000000 0.50000000
vt 0.50000000 0.50000000
vt 0.50000000 0.50000000
vt 0.50000000 0.50000000
vt 0.50000000 0.50000000
vt 0.50000000 0.50000000
vt 0.50000000 0.50000000
vt 0.50000000 0.50000000
vt 0.50000000 0.50000000
vt 0.50000000 0.50000000
vt 0.50000000 0.50000000
vt 0.50000000 0.50000000
vt 0.50000000 0.50000000
vt 0.50000000 0.50000000
vt 0.50000000 0.50000000
vt 0.50000000 0.50000000
vt 0.50000000 0.50000000
vt 0.50000000 0.50000000
vt 0.50000000 0.50000000
vt 0.50000000 0.50000000
vt 0.50000000 0.50000000
vt 0.50000000 0.50000000
vt 0.50000000 0.50000000
vt 0.50000000 0.50000000
vt 0.50000000 0.50000000
vt 0.50000000 0.50000000
vt 0.50000000 0.50000000
vt 0.50000000 0.50000000
vt 0.50000000 0.50000000
vt 0.50000000 0.50000000
vt 0.50000000 0.50000000
vt 0.50000000 0.50000000
vt 0.50000000 0.50000000
vt 0.50000000 0.50000000
vt 0.50000000 0.50000000
vt 0.50000000 0.50000000
vt 0.50000000 0.50000000
vt 0.50000000 0.50000000
vt 0.50000000 0.50000000
vt 0.50000000 0.50000000
vt 0.50000000 0.50000000
vt 0.50000000 0.50000000
vt 0.50000000 0.50000000
vt 0.50000000 0.50000000
vt 0.50000000 0.50000000
vt 0.50000000 0.50000000
vt 0.50000000 0.50000000
vt 0.50000000 0.50000000
vt 0.50000000 0.50000000
vt 0.50000000 0.50000000
vt 0.50000000 0.50000000
vt 0.50000000 0.50000000
vt 0.50000000 0.50000000
vt 0.50000000 0.50000000
vt 0.50000000 0.50000000
vt 0.50000000 0.50000000
vt 0.50000000 0.50000000
vt 0.50000000 0.50000000
vt 0.50000000 0.50000000
vt 0.50000000 0.50000000
vt 0.50000000 0.50000000
vt 0.50000000 0.50000000
vt 0.50000000 0.50000000
vt 0.50000000 0.50000000
vt 0.50000000 0.50000000
vt 0.50000000 0.50000000
vt 0.50000000 0.50000000
vt 0.50000000 0.50000000
vt 0.50000000 0.50000000
vt 0.50000000 0.50000000
vt 0.50000000 0.50000000
vt 0.50000000 0.50000000
vt 0.50000000 0.50000000
vt 0.50000000 0.50000000
vt 0.50000000 0.50000000
vt 0.50000000 0.50000000
vt 0.50000000 0.50000000
vt 0.50000000 0.50000000
vt 0.50000000 0.50000000
vt 0.50000000 0.50000000
vt 0.50000000 0.50000000
vt 0.50000000 0.50000000
vt 0.50000000 0.50000000
vt 0.50000000 0.50000000
vt 0.50000000 0.50000000
vt 0.50000000 0.50000000
vt 0.50000000 0.50000000
vt 0.50000000 0.50000000
vt 0.50000000 0.50000000
vt 0.50000000 0.50000000
vt 0.50000000 0.50000000
vt 0.50000000 0.50000000
vt 0.50000000 0.50000000
vt 0.50000000 0.50000000
vt 0.50000000 0.50000000
vt 0.50000000 0.50000000
vt 0.50000000 0.50000000
vt 0.50000000 0.50000000
vt 0.50000000 0.50000000
vt 0.50000000 0.50000000
vt 0.50000000 0.50000000
vt 0.50000000 0.50000000
vt 0.50000000 0.50000000
vt 0.50000000 0.50000000
vt 0.50000000 0.50000000
vt 0.50000000 0.50000000
vt 0.50000000 0.50000000
vt 0.50000000 0.50000000
vt 0.50000000 0.50000000
vt 0.50000000 0.50000000
vt 0.50000000 0.50000000
vt 0.50000000 0.50000000
vt 0.50000000 0.50000000
vt 0.50000000 0.50000000
vt 0.50000000 0.50000000
vt 0.50000000 0.50000000
vt 0.50000000 0.50000000
vt 0.50000000 0.50000000
vt 0.50000000 0.50000000
vt 0.50000000 0.50000000
vt 0.50000000 0.50000000
vt 0.50000000 0.50000000
vt 0.50000000 0.50000000
vt 0.50000000 0.50000000
vt 0.50000000 0.50000000
vt 0.50000000 0.50000000
vt 0.50000000 0.50000000
vt 0.50000000 0.50000000
vt 0.50000000 0.50000000
vt 0.50000000 0.50000000
vt 0.50000000 0.50000000
vt 0.50000000 0.50000000
vt 0.50000000 0.50000000
vt 0.50000000 0.50000000
vt 0.50000000 0.50000000
vt 0.50000000 0.50000000
vt 0.50000000 0.50000000
vt 0.50000000 0.50000000
vt 0.50000000 0.50000000
vt 0.50000000 0.50000000
vt 0.50000000 0.50000000
vt 0.50000000 0.50000000
vt 0.50000000 0.50000000
vt 0.50000000 0.50000000
vt 0.50000000 0.50000000
vt 0.50000000 0.50000000
vt 0.50000000 0.50000000
vt 0.50000000 0.50000000
vt 0.50000000 0.50000000
vt 0.50000000 0.50000000
vt 0.50000000 0.50000000
vt 0.50000000 0.50000000
vt 0.50000000 0.50000000
vt 0.50000000 0.50000000
vt 0.50000000 0.50000000
vt 0.50000000 0.50000000
vt 0.50000000 0.50000000
vt 0.50000000 0.50000000
vt 0.50000000 0.50000000
vt 0.50000000 0.50000000
vt 0.50000000 0.50000000
vt 0.50000000 0.50000000
vt 0.50000000 0.50000000
vt 0.50000000 0.50000000
vt 0.50000000 0.50000000
vt 0.50000000 0.50000000
vt 0.50000000 0.50000000
vt 0.50000000 0.50000000
vt 0.50000000 0.50000000
vt 0.50000000 0.50000000
vt 0.50000000 0.50000000
vt 0.50000000 0.50000000
vt 0.50000000 0.50000000
vt 0.50000000 0.50000000
vt 0.50000000 0.50000000
vt 0.50000000 0.50000000
vt 0.50000000 0.50000000
vt 0.50000000 0.50000000
vt 0.50000000 0.50000000
vt 0.50000000 0.50000000
vt 0.50000000 0.50000000
vt 0.50000000 0.50000000
vt 0.50000000 0.50000000
vt 0.50000000 0.50000000
vt 0.50000000 0.50000000
vt 0.50000000 0.50000000
vt 0.50000000 0.50000000
vt 0.50000000 0.50000000
vt 0.50000000 0.50000000
vt 0.50000000 0.50000000
vt 0.50000000 0.50000000
vt 0.50000000 0.50000000
vt 0.50000000 0.50000000
vt 0.50000000 0.50000000
vt 0.50000000 0.50000000
vt 0.50000000 0.50000000
vt 0.50000000 0.50000000
vt 0.50000000 0.50000000
vt 0.50000000 0.50000000
vt 0.50000000 0.50000000
vt 0.50000000 0.50000000
vt 0.50000000 0.50000000
vt 0.50000000 0.50000000
vt 0.50000000 0.50000000
vt 0.50000000 0.50000000
vt 0.50000000 0.50000000
vt 0.50000000 0.50000000
vt 0.50000000 0.50000000
vt 0.50000000 0.50000000
vt 0.50000000 0.50000000
vt 0.50000000 0.50000000
vt 0.50000000 0.50000000
vt 0.50000000 0.50000000
vt 0.50000000 0.50000000
vt 0.50000000 0.50000000
vt 0.50000000 0.50000000
vt 0.50000000 0.50000000
vt 0.50000000 0.50000000
vt 0.50000000 0.50000000
vt 0.50000000 0.50000000
vt 0.50000000 0.50000000
vt 0.50000000 0.50000000
vt 0.50000000 0.50000000
vt 0.50000000 0.50000000
vt 0.50000000 0.50000000
vt 0.50000000 0.50000000
vt 0.50000000 0.50000000
vt 0.50000000 0.50000000
vt 0.50000000 0.50000000
vt 0.50000000 0.50000000
vt 0.50000000 0.50000000
vt 0.50000000 0.50000000
vt 0.50000000 0.50000000
vt 0.50000000 0.50000000
vt 0.50000000 0.50000000
vt 0.50000000 0.50000000
vt 0.50000000 0.50000000
vt 0.50000000 0.50000000
vt 0.50000000 0.50000000
vt 0.50000000 0.50000000
vt 0.50000000 0.50000000
vt 0.50000000 0.50000000
vt 0.50000000 0.50000000
vt 0.50000000 0.50000000
vt 0.50000000 0.50000000
vt 0.50000000 0.50000000
vt 0.50000000 0.50000000
vt 0.50000000 0.50000000
vt 0.50000000 0.50000000
vt 0.50000000 0.50000000
vt 0.50000000 0.50000000
vt 0.50000000 0.50000000
vt 0.50000000 0.50000000
vt 0.50000000 0.50000000
vt 0.50000000 0.50000000
vt 0.50000000 0.50000000
vt 0.50000000 0.50000000
vt 0.50000000 0.50000000
vt 0.50000000 0.50000000
vt 0.50000000 0.50000000
vt 0.50000000 0.50000000
vt 0.50000000 0.50000000
vt 0.50000000 0.50000000
vt 0.50000000 0.50000000
vt 0.50000000 0.50000000
vt 0.50000000 0.50000000
vt 0.50000000 0.50000000
vt 0.50000000 0.50000000
vt 0.50000000 0.50000000
vt 0.50000000 0.50000000
vt 0.50000000 0.50000000
vt 0.50000000 0.50000000
vt 0.50000000 0.50000000
vt 0.50000000 0.50000000
vt 0.50000000 0.50000000
vt 0.50000000 0.50000000
vt 0.50000000 0.50000000
vt 0.50000000 0.50000000
vt 0.50000000 0.50000000
vt 0.50000000 0.50000000
vt 0.50000000 0.50000000
vt 0.50000000 0.50000000
vt 0.50000000 0.50000000
vt 0.50000000 0.50000000
vt 0.50000000 0.50000000
vt 0.50000000 0.50000000
vt 0.50000000 0.50000000
vt 0.50000000 0.50000000
vt 0.50000000 0.50000000
vt 0.50000000 0.50000000
vt 0.50000000 0.50000000
vt 0.50000000 0.50000000
vt 0.50000000 0.50000000
vt 0.50000000 0.50000000
vt 0.50000000 0.50000000
vt 0.50000000 0.50000000
vt 0.50000000 0.50000000
vt 0.50000000 0.50000000
vt 0.50000000 0.50000000
vt 0.50000000 0.50000000
vt 0.50000000 0.50000000
vt 0.50000000 0.50000000
vt 0.50000000 0.50000000
vt 0.50000000 0.50000000
vt 0.50000000 0.50000000
vt 0.50000000 0.50000000
vt 0.50000000 0.50000000
vt 0.50000000 0.50000000
vt 0.50000000 0.50000000
vt 0.50000000 0.50000000
vt 0.50000000 0.50000000
vt 0.50000000 0.50000000
vt 0.50000000 0.50000000
vt 0.50000000 0.50000000
vt 0.50000000 0.50000000
vt 0.50000000 0.50000000
vt 0.50000000 0.50000000
vt 0.50000000 0.50000000
vt 0.50000000 0.50000000
vt 0.50000000 0.50000000
vt 0.50000000 0.50000000
vt 0.50000000 0.50000000
vt 0.50000000 0.50000000
vt 0.50000000 0.50000000
vt 0.50000000 0.50000000
vt 0.50000000 0.50000000
vt 0.50000000 0.50000000
vt 0.50000000 0.50000000
vt 0.50000000 0.50000000
vt 0.50000000 0.50000000
vt 0.50000000 0.50000000
vt 0.50000000 0.50000000
vt 0.50000000 0.50000000
vt 0.50000000 0.50000000
vt 0.50000000 0.50000000
vt 0.50000000 0.50000000
vt 0.50000000 0.50000000
vt 0.50000000 0.50000000
vt 0.50000000 0.50000000
vt 0.50000000 0.50000000
vt 0.50000000 0.50000000
vt 0.50000000 0.50000000
vt 0.50000000 0.50000000
vt 0.50000000 0.50000000
vt 0.50000000 0.50000000
vt 0.50000000 0.50000000
vt 0.50000000 0.50000000
vt 0.50000000 0.50000000
vt 0.50000000 0.50000000
vt 0.50000000 0.50000000
vt 0.50000000 0.50000000
vt 0.50000000 0.50000000
vt 0.50000000 0.50000000
vt 0.50000000 0.50000000
vt 0.50000000 0.50000000
vt 0.50000000 0.50000000
vt 0.50000000 0.50000000
vt 0.50000000 0.50000000
vt 0.50000000 0.50000000
vt 0.50000000 0.50000000
vt 0.50000000 0.50000000
vt 0.50000000 0.50000000
vt 0.50000000 0.50000000
vt 0.50000000 0.50000000
vt 0.50000000 0.50000000
vt 0.50000000 0.50000000
vt 0.50000000 0.50000000
vt 0.50000000 0.50000000
vt 0.50000000 0.50000000
vt 0.50000000 0.50000000
vt 0.50000000 0.50000000
vt 0.50000000 0.50000000
vt 0.50000000 0.50000000
vt 0.50000000 0.50000000
vt 0.50000000 0.50000000
vt 0.50000000 0.50000000
vt 0.50000000 0.50000000
vt 0.50000000 0.50000000
vt 0.50000000 0.50000000
vt 0.50000000 0.50000000
vt 0.50000000 0.50000000
vt 0.50000000 0.50000000
vt 0.50000000 0.50000000
vt 0.50000000 0.50000000
vt 0.50000000 0.50000000
vt 0.50000000 0.50000000
vt 0.50000000 0.50000000
vt 0.50000000 0.50000000
vt 0.50000000 0.50000000
vt 0.50000000 0.50000000
vt 0.50000000 0.50000000
vt 0.50000000 0.50000000
vt 0.50000000 0.50000000
vt 0.50000000 0.50000000
vt 0.50000000 0.50000000
vt 0.50000000 0.50000000
vt 0.50000000 0.50000000
vt 0.50000000 0.50000000
vt 0.50000000 0.50000000
vt 0.50000000 0.50000000
vt 0.50000000 0.50000000
vt 0.50000000 0.50000000
vt 0.50000000 0.50000000
vt 0.50000000 0.50000000
vt 0.50000000 0.50000000
vt 0.50000000 0.50000000
vt 0.50000000 0.50000000
vt 0.50000000 0.50000000
vt 0.50000000 0.50000000
vt 0.50000000 0.50000000
vt 0.50000000 0.50000000
vt 0.50000000 0.50000000
vt 0.50000000 0.50000000
vt 0.50000000 0.50000000
vt 0.50000000 0.50000000
vt 0.50000000 0.50000000
vt 0.50000000 0.50000000
vt 0.50000000 0.50000000
vt 0.50000000 0.50000000
vt 0.50000000 0.50000000
vt 0.50000000 0.50000000
vt 0.50000000 0.50000000
vt 0.50000000 0.50000000
vt 0.50000000 0.50000000
vt 0.50000000 0.50000000
vt 0.50000000 0.50000000
vt 0.50000000 0.50000000
vt 0.50000000 0.50000000
vt 0.50000000 0.50000000
vt 0.50000000 0.50000000
vt 0.50000000 0.50000000
vt 0.50000000 0.50000000
vt 0.50000000 0.50000000
vt 0.50000000 0.50000000
vt 0.50000000 0.50000000
vt 0.50000000 0.50000000
vt 0.50000000 0.50000000
vt 0.50000000 0.50000000
vt 0.50000000 0.50000000
vt 0.50000000 0.50000000
vt 0.50000000 0.50000000
vt 0.50000000 0.50000000
vt 0.50000000 0.50000000
vt 0.50000000 0.50000000
vt 0.50000000 0.50000000
vt 0.50000000 0.50000000
vt 0.50000000 0.50000000
vt 0.50000000 0.50000000
vt 0.50000000 0.50000000
vt 0.50000000 0.50000000
vt 0.50000000 0.50000000
vt 0.50000000 0.50000000
vt 0.50000000 0.50000000
vt 0.50000000 0.50000000
vt 0.50000000 0.50000000
vt 0.50000000 0.50000000
vt 0.50000000 0.50000000
vt 0.50000000 0.50000000
vt 0.50000000 0.50000000
vt 0.50000000 0.50000000
vt 0.50000000 0.50000000
vt 0.50000000 0.50000000
vt 0.50000000 0.50000000
vt 0.50000000 0.50000000
vt 0.50000000 0.50000000
vt 0.50000000 0.50000000
vt 0.50000000 0.50000000
vt 0.50000000 0.50000000
vt 0.50000000 0.50000000
vt 0.50000000 0.50000000
vt 0.50000000 0.50000000
vt 0.50000000 0.50000000
vt 0.50000000 0.50000000
vt 0.50000000 0.50000000
vt 0.50000000 0.50000000
vt 0.50000000 0.50000000
vt 0.50000000 0.50000000
vt 0.50000000 0.50000000
vt 0.50000000 0.50000000
vt 0.50000000 0.50000000
vt 0.50000000 0.50000000
vt 0.50000000 0.50000000
vt 0.50000000 0.50000000
vt 0.50000000 0.50000000
vt 0.50000000 0.50000000
vt 0.50000000 0.50000000
vt 0.50000000 0.50000000
vt 0.50000000 0.50000000
vt 0.50000000 0.50000000
vt 0.50000000 0.50000000
vt 0.50000000 0.50000000
vt 0.50000000 0.50000000
vt 0.50000000 0.50000000
vt 0.50000000 0.50000000
vt 0.50000000 0.50000000
vt 0.50000000 0.50000000
vt 0.50000000 0.50000000
vt 0.50000000 0.50000000
vt 0.50000000 0.50000000
vt 0.50000000 0.50000000
vt 0.50000000 0.50000000
vt 0.50000000 0.50000000
vt 0.50000000 0.50000000
vt 0.50000000 0.50000000
vt 0.50000000 0.50000000
vt 0.50000000 0.50000000
vt 0.50000000 0.50000000
vt 0.50000000 0.50000000
vt 0.50000000 0.50000000
vt 0.50000000 0.50000000
vt 0.50000000 0.50000000
vt 0.50000000 0.50000000
vt 0.50000000 0.50000000
vt 0.50000000 0.50000000
vt 0.50000000 0.50000000
vt 0.50000000 0.50000000
vt 0.50000000 0.50000000
vt 0.50000000 0.50000000
vt 0.50000000 0.50000000
vt 0.50000000 0.50000000
vt 0.50000000 0.50000000
vt 0.50000000 0.50000000
vt 0.50000000 0.50000000
vt 0.50000000 0.50000000
vt 0.50000000 0.50000000
vt 0.50000000 0.50000000
vt 0.50000000 0.50000000
vt 0.50000000 0.50000000
vt 0.50000000 0.50000000
vt 0.50000000 0.50000000
vt 0.50000000 0.50000000
vt 0.50000000 0.50000000
vt 0.50000000 0.50000000
vt 0.50000000 0.50000000
vt 0.50000000 0.50000000
vt 0.50000000 0.50000000
vt 0.50000000 0.50000000
vt 0.50000000 0.50000000
vt 0.50000000 0.50000000
vt 0.50000000 0.50000000
vt 0.50000000 0.50000000
vt 0.50000000 0.50000000
vt 0.50000000 0.50000000
vt 0.50000000 0.50000000
vt 0.50000000 0.50000000
vt 0.50000000 0.50000000
vt 0.50000000 0.50000000
vt 0.50000000 0.50000000
vt 0.50000000 0.50000000
vt 0.50000000 0.50000000
vt 0.50000000 0.50000000
vt 0.50000000 0.50000000
vt 0.50000000 0.50000000
vt 0.50000000 0.50000000
vt 0.50000000 0.50000000
vt 0.50000000 0.50000000
vt 0.50000000 0.50000000
vt 0.50000000 0.50000000
vt 0.50000000 0.50000000
vt 0.50000000 0.50000000
vt 0.50000000 0.50000000
vt 0.50000000 0.50000000
vt 0.50000000 0.50000000
vt 0.50000000 0.50000000
vt 0.50000000 0.50000000
vt 0.50000000 0.50000000
vt 0.50000000 0.50000000
vt 0.50000000 0.50000000
vt 0.50000000 0.50000000
vt 0.50000000 0.50000000
vt 0.50000000 0.50000000
vt 0.50000000 0.50000000
vt 0.50000000 0.50000000
vt 0.50000000 0.50000000
vt 0.50000000 0.50000000
vt 0.50000000 0.50000000
vt 0.50000000 0.50000000
vt 0.50000000 0.50000000
vt 0.50000000 0.50000000
vt 0.50000000 0.50000000
vt 0.50000000 0.50000000
vt 0.50000000 0.50000000
vt 0.50000000 0.50000000
vt 0.50000000 0.50000000
vt 0.50000000 0.50000000
vt 0.50000000 0.50000000
vt 0.50000000 0.50000000
vt 0.50000000 0.50000000
vt 0.50000000 0.50000000
vt 0.50000000 0.50000000
vt 0.50000000 0.50000000
vt 0.50000000 0.50000000
vt 0.50000000 0.50000000
vt 0.50000000 0.50000000
vt 0.50000000 0.50000000
vt 0.50000000 0.50000000
vt 0.50000000 0.50000000
vt 0.50000000 0.50000000
vt 0.50000000 0.50000000
vt 0.50000000 0.50000000
vt 0.50000000 0.50000000
vt 0.50000000 0.50000000
vt 0.50000000 0.50000000
vt 0.50000000 0.50000000
vt 0.50000000 0.50000000
vt 0.50000000 0.50000000
vt 0.50000000 0.50000000
vt 0.50000000 0.50000000
vt 0.50000000 0.50000000
vt 0.50000000 0.50000000
vt 0.50000000 0.50000000
vt 0.50000000 0.50000000
vt 0.50000000 0.50000000
vt 0.50000000 0.50000000
vt 0.50000000 0.50000000
vt 0.50000000 0.50000000
vt 0.50000000 0.50000000
vt 0.50000000 0.50000000
vt 0.50000000 0.50000000
vt 0.50000000 0.50000000
vt 0.50000000 0.50000000
vt 0.50000000 0.50000000
vt 0.50000000 0.50000000
vt 0.50000000 0.50000000
vt 0.50000000 0.50000000
vt 0.50000000 0.50000000
vt 0.50000000 0.50000000
vt 0.50000000 0.50000000
vt 0.50000000 0.50000000
vt 0.50000000 0.50000000
vt 0.50000000 0.50000000
vt 0.50000000 0.50000000
vt 0.50000000 0.50000000
vt 0.50000000 0.50000000
vt 0.50000000 0.50000000
vt 0.50000000 0.50000000
vt 0.50000000 0.50000000
vt 0.50000000 0.50000000
vt 0.50000000 0.50000000
vt 0.50000000 0.50000000
vt 0.50000000 0.50000000
vt 0.50000000 0.50000000
vt 0.50000000 0.50000000
vt 0.50000000 0.50000000
vt 0.50000000 0.50000000
vt 0.50000000 0.50000000
vt 0.50000000 0.50000000
vt 0.50000000 0.50000000
vt 0.50000000 0.50000000
vt 0.50000000 0.50000000
vt 0.50000000 0.50000000
vt 0.50000000 0.50000000
vt 0.50000000 0.50000000
vt 0.50000000 0.50000000
vt 0.50000000 0.50000000
vt 0.50000000 0.50000000
vt 0.50000000 0.50000000
vt 0.50000000 0.50000000
vt 0.50000000 0.50000000
vt 0.50000000 0.50000000
vt 0.50000000 0.50000000
vt 0.50000000 0.50000000
vt 0.50000000 0.50000000
vt 0.50000000 0.50000000
vt 0.50000000 0.50000000
vt 0.50000000 0.50000000
vt 0.50000000 0.50000000
vt 0.50000000 0.50000000
vt 0.50000000 0.50000000
vt 0.50000000 0.50000000
vt 0.50000000 0.50000000
vt 0.50000000 0.50000000
vt 0.50000000 0.50000000
vt 0.50000000 0.50000000
vt 0.50000000 0.50000000
vt 0.50000000 0.50000000
vt 0.50000000 0.50000000
vt 0.50000000 0.50000000
vt 0.50000000 0.50000000
vt 0.50000000 0.50000000
vt 0.50000000 0.50000000
vt 0.50000000 0.50000000
vt 0.50000000 0.50000000
vt 0.50000000 0.50000000
vt 0.50000000 0.50000000
vt 0.50000000 0.50000000
vt 0.50000000 0.50000000
vt 0.50000000 0.50000000
vt 0.50000000 0.50000000
vt 0.50000000 0.50000000
vt 0.50000000 0.50000000
vt 0.50000000 0.50000000
vt 0.50000000 0.50000000
vt 0.50000000 0.50000000
vt 0.50000000 0.50000000
vt 0.50000000 0.50000000
vt 0.50000000 0.50000000
vt 0.50000000 0.50000000
vt 0.50000000 0.50000000
vt 0.50000000 0.50000000
vt 0.50000000 0.50000000
vt 0.50000000 0.50000000
vt 0.50000000 0.50000000
vt 0.50000000 0.50000000
vt 0.50000000 0.50000000
vt 0.50000000 0.50000000
vt 0.50000000 0.50000000
vt 0.50000000 0.50000000
vt 0.50000000 0.50000000
vt 0.50000000 0.50000000
vt 0.50000000 0.50000000
vt 0.50000000 0.50000000
vt 0.50000000 0.50000000
vt 0.50000000 0.50000000
vt 0.50000000 0.50000000
vt 0.50000000 0.50000000
vt 0.50000000 0.50000000
vt 0.50000000 0.50000000
vt 0.50000000 0.50000000
vt 0.50000000 0.50000000
vt 0.50000000 0.50000000
vt 0.50000000 0.50000000
vt 0.50000000 0.50000000
vt 0.50000000 0.50000000
vt 0.50000000 0.50000000
vt 0.50000000 0.50000000
vt 0.50000000 0.50000000
vt 0.50000000 0.50000000
vt 0.50000000 0.50000000
vt 0.50000000 0.50000000
vt 0.50000000 0.50000000
vt 0.50000000 0.50000000
vt 0.50000000 0.50000000
vt 0.50000000 0.50000000
vt 0.50000000 0.50000000
vt 0.50000000 0.50000000
vt 0.50000000 0.50000000
vt 0.50000000 0.50000000
vt 0.50000000 0.50000000
vt 0.50000000 0.50000000
vt 0.50000000 0.50000000
vt 0.50000000 0.50000000
vt 0.50000000 0.50000000
vt 0.50000000 0.50000000
vt 0.50000000 0.50000000
vt 0.50000000 0.50000000
vt 0.50000000 0.50000000
vt 0.50000000 0.50000000
vt 0.50000000 0.50000000
vt 0.50000000 0.50000000
vt 0.50000000 0.50000000
vt 0.50000000 0.50000000
vt 0.50000000 0.50000000
vt 0.50000000 0.50000000
vt 0.50000000 0.50000000
vt 0.50000000 0.50000000
vt 0.50000000 0.50000000
vt 0.50000000 0.50000000
vt 0.50000000 0.50000000
vt 0.50000000 0.50000000
vt 0.50000000 0.50000000
vt 0.50000000 0.50000000
vt 0.50000000 0.50000000
vt 0.50000000 0.50000000
vt 0.50000000 0.50000000
vt 0.50000000 0.50000000
vt 0.50000000 0.50000000
vt 0.50000000 0.50000000
vt 0.50000000 0.50000000
vt 0.50000000 0.50000000
vt 0.50000000 0.50000000
vt 0.50000000 0.50000000
vt 0.50000000 0.50000000
vt 0.50000000 0.50000000
vt 0.50000000 0.50000000
vt 0.50000000 0.50000000
vt 0.50000000 0.50000000
vt 0.50000000 0.50000000
vt 0.50000000 0.50000000
vt 0.50000000 0.50000000
vt 0.50000000 0.50000000
vt 0.50000000 0.50000000
vt 0.50000000 0.50000000
vt 0.50000000 0.50000000
vt 0.50000000 0.50000000
vt 0.50000000 0.50000000
vt 0.50000000 0.50000000
vt 0.50000000 0.50000000
vt 0.50000000 0.50000000
vt 0.50000000 0.50000000
vt 0.50000000 0.50000000
vt 0.50000000 0.50000000
vt 0.50000000 0.50000000
vt 0.50000000 0.50000000
vt 0.50000000 0.50000000
vt 0.50000000 0.50000000
vt 0.50000000 0.50000000
vt 0.50000000 0.50000000
vt 0.50000000 0.50000000
vt 0.50000000 0.50000000
vt 0.50000000 0.50000000
vt 0.50000000 0.50000000
vt 0.50000000 0.50000000
vt 0.50000000 0.50000000
vt 0.50000000 0.50000000
vt 0.50000000 0.50000000
vt 0.50000000 0.50000000
vt 0.50000000 0.50000000
vt 0.50000000 0.50000000
vt 0.50000000 0.50000000
vt 0.50000000 0.50000000
vt 0.50000000 0.50000000
vt 0.50000000 0.50000000
vt 0.50000000 0.50000000
vt 0.50000000 0.50000000
vt 0.50000000 0.50000000
vt 0.50000000 0.50000000
vt 0.50000000 0.50000000
vt 0.50000000 0.50000000
vt 0.50000000 0.50000000
vt 0.50000000 0.50000000
vt 0.50000000 0.50000000
vt 0.50000000 0.50000000
vt 0.50000000 0.50000000
vt 0.50000000 0.50000000
vt 0.50000000 0.50000000
vt 0.50000000 0.50000000
vt 0.50000000 0.50000000
vt 0.50000000 0.50000000
vt 0.50000000 0.50000000
vt 0.50000000 0.50000000
vt 0.50000000 0.50000000
vt 0.50000000 0.50000000
vt 0.50000000 0.50000000
vt 0.50000000 0.50000000
vt 0.50000000 0.50000000
vt 0.50000000 0.50000000
vt 0.50000000 0.50000000
vt 0.50000000 0.50000000
vt 0.50000000 0.50000000
vt 0.50000000 0.50000000
vt 0.50000000 0.50000000
vt 0.50000000 0.50000000
vt 0.50000000 0.50000000
vt 0.50000000 0.50000000
vt 0.50000000 0.50000000
vt 0.50000000 0.50000000
vt 0.50000000 0.50000000
vt 0.50000000 0.50000000
vt 0.50000000 0.50000000
vt 0.50000000 0.50000000
vt 0.50000000 0.50000000
vt 0.50000000 0.50000000
vt 0.50000000 0.50000000
vt 0.50000000 0.50000000
vt 0.50000000 0.50000000
vt 0.50000000 0.50000000
vt 0.50000000 0.50000000
vt 0.50000000 0.50000000
vt 0.50000000 0.50000000
vt 0.50000000 0.50000000
vt 0.50000000 0.50000000
vt 0.50000000 0.50000000
vt 0.50000000 0.50000000
vt 0.50000000 0.50000000
vt 0.50000000 0.50000000
vt 0.50000000 0.50000000
vt 0.50000000 0.50000000
vt 0.50000000 0.50000000
vt 0.50000000 0.50000000
vt 0.50000000 0.50000000
vt 0.50000000 0.50000000
vt 0.50000000 0.50000000
vt 0.50000000 0.50000000
vt 0.50000000 0.50000000
vt 0.50000000 0.50000000
vt 0.50000000 0.50000000
vt 0.50000000 0.50000000
vt 0.50000000 0.50000000
vt 0.50000000 0.50000000
vt 0.50000000 0.50000000
vt 0.50000000 0.50000000
vt 0.50000000 0.50000000
vt 0.50000000 0.50000000
vt 0.50000000 0.50000000
vt 0.50000000 0.50000000
vt 0.50000000 0.50000000
vt 0.50000000 0.50000000
vt 0.50000000 0.50000000
vt 0.50000000 0.50000000
vt 0.50000000 0.50000000
vt 0.50000000 0.50000000
vt 0.50000000 0.50000000
vt 0.50000000 0.50000000
vt 0.50000000 0.50000000
vt 0.50000000 0.50000000
vt 0.50000000 0.50000000
vt 0.50000000 0.50000000
vt 0.50000000 0.50000000
vt 0.50000000 0.50000000
vt 0.50000000 0.50000000
vt 0.50000000 0.50000000
vt 0.50000000 0.50000000
vt 0.50000000 0.50000000
vt 0.50000000 0.50000000
vt 0.50000000 0.50000000
vt 0.50000000 0.50000000
vt 0.50000000 0.50000000
vt 0.50000000 0.50000000
vt 0.50000000 0.50000000
vt 0.50000000 0.50000000
vt 0.50000000 0.50000000
vt 0.50000000 0.50000000
vt 0.50000000 0.50000000
vt 0.50000000 0.50000000
vt 0.50000000 0.50000000
vt 0.50000000 0.50000000
vt 0.50000000 0.50000000
vt 0.50000000 0.50000000
vt 0.50000000 0.50000000
vt 0.50000000 0.50000000
vt 0.50000000 0.50000000
vt 0.50000000 0.50000000
vt 0.50000000 0.50000000
vt 0.50000000 0.50000000
vt 0.50000000 0.50000000
vt 0.50000000 0.50000000
vt 0.50000000 0.50000000
vt 0.50000000 0.50000000
vt 0.50000000 0.50000000
vt 0.50000000 0.50000000
vt 0.50000000 0.50000000
vt 0.50000000 0.50000000
vt 0.50000000 0.50000000
vt 0.50000000 0.50000000
vt 0.50000000 0.50000000
vt 0.50000000 0.50000000
vt 0.50000000 0.50000000
vt 0.50000000 0.50000000
vt 0.50000000 0.50000000
vt 0.50000000 0.50000000
vt 0.50000000 0.50000000
vt 0.50000000 0.50000000
vt 0.50000000 0.50000000
vt 0.50000000 0.50000000
vt 0.50000000 0.50000000
vt 0.50000000 0.50000000
vt 0.50000000 0.50000000
vt 0.50000000 0.50000000
vt 0.50000000 0.50000000
vt 0.50000000 0.50000000
vt 0.50000000 0.50000000
vt 0.50000000 0.50000000
vt 0.50000000 0.50000000
vt 0.50000000 0.50000000
vt 0.50000000 0.50000000
vt 0.50000000 0.50000000
vt 0.50000000 0.50000000
vt 0.50000000 0.50000000
vt 0.50000000 0.50000000
vt 0.50000000 0.50000000
vt 0.50000000 0.50000000
vt 0.50000000 0.50000000
vt 0.50000000 0.50000000
vt 0.50000000 0.50000000
vt 0.50000000 0.50000000
vt 0.50000000 0.50000000
vt 0.50000000 0.50000000
vt 0.50000000 0.50000000
vt 0.50000000 0.50000000
vt 0.50000000 0.50000000
vt 0.50000000 0.50000000
vt 0.50000000 0.50000000
vt 0.50000000 0.50000000
vt 0.50000000 0.50000000
vt 0.50000000 0.50000000
vt 0.50000000 0.50000000
vt 0.50000000 0.50000000
vt 0.50000000 0.50000000
vt 0.50000000 0.50000000
vt 0.50000000 0.50000000
vt 0.50000000 0.50000000
vt 0.50000000 0.50000000
vt 0.50000000 0.50000000
vt 0.50000000 0.50000000
vt 0.50000000 0.50000000
vt 0.50000000 0.50000000
vt 0.50000000 0.50000000
vt 0.50000000 0.50000000
vt 0.50000000 0.50000000
vt 0.50000000 0.50000000
vt 0.50000000 0.50000000
vt 0.50000000 0.50000000
vt 0.50000000 0.50000000
vt 0.50000000 0.50000000
vt 0.50000000 0.50000000
vt 0.50000000 0.50000000
vt 0.50000000 0.50000000
vt 0.50000000 0.50000000
vt 0.50000000 0.50000000
vt 0.50000000 0.50000000
vt 0.50000000 0.50000000
vt 0.50000000 0.50000000
vt 0.50000000 0.50000000
vt 0.50000000 0.50000000
vt 0.50000000 0.50000000
vt 0.50000000 0.50000000
vt 0.50000000 0.50000000
vt 0.50000000 0.50000000
vt 0.50000000 0.50000000
vt 0.50000000 0.50000000
vt 0.50000000 0.50000000
vt 0.50000000 0.50000000
vt 0.50000000 0.50000000
vt 0.50000000 0.50000000
vt 0.50000000 0.50000000
vt 0.50000000 0.50000000
vt 0.50000000 0.50000000
vt 0.50000000 0.50000000
vt 0.50000000 0.50000000
vt 0.50000000 0.50000000
vt 0.50000000 0.50000000
vt 0.50000000 0.50000000
vt 0.50000000 0.50000000
vt 0.50000000 0.50000000
vt 0.50000000 0.50000000
vt 0.50000000 0.50000000
vt 0.50000000 0.50000000
vt 0.50000000 0.50000000
vt 0.50000000 0.50000000
vt 0.50000000 0.50000000
vt 0.50000000 0.50000000
vt 0.50000000 0.50000000
vt 0.50000000 0.50000000
vt 0.50000000 0.50000000
vt 0.50000000 0.50000000
vt 0.50000000 0.50000000
vt 0.50000000 0.50000000
vt 0.50000000 0.50000000
vt 0.50000000 0.50000000
vt 0.50000000 0.50000000
vt 0.50000000 0.50000000
vt 0.50000000 0.50000000
vt 0.50000000 0.50000000
vt 0.50000000 0.50000000
vt 0.50000000 0.50000000
vt 0.50000000 0.50000000
vt 0.50000000 0.50000000
vt 0.50000000 0.50000000
vt 0.50000000 0.50000000
vt 0.50000000 0.50000000
vt 0.50000000 0.50000000
vt 0.50000000 0.50000000
vt 0.50000000 0.50000000
vt 0.50000000 0.50000000
vt 0.50000000 0.50000000
vt 0.50000000 0.50000000
vt 0.50000000 0.50000000
vt 0.50000000 0.50000000
vt 0.50000000 0.50000000
vt 0.50000000 0.50000000
vt 0.50000000 0.50000000
vt 0.50000000 0.50000000
vt 0.50000000 0.50000000
vt 0.50000000 0.50000000
vt 0.50000000 0.50000000
vt 0.50000000 0.50000000
vt 0.50000000 0.50000000
vt 0.50000000 0.50000000
vt 0.50000000 0.50000000
vt 0.50000000 0.50000000
vt 0.50000000 0.50000000
vt 0.50000000 0.50000000
vt 0.50000000 0.50000000
vt 0.50000000 0.50000000
vt 0.50000000 0.50000000
vt 0.50000000 0.50000000
vt 0.50000000 0.50000000
vt 0.50000000 0.50000000
vt 0.50000000 0.50000000
vt 0.50000000 0.50000000
vt 0.50000000 0.50000000
vt 0.50000000 0.50000000
vt 0.50000000 0.50000000
vt 0.50000000 0.50000000
vt 0.50000000 0.50000000
vt 0.50000000 0.50000000
vt 0.50000000 0.50000000
vt 0.50000000 0.50000000
vt 0.50000000 0.50000000
vt 0.50000000 0.50000000
vt 0.50000000 0.50000000
vt 0.50000000 0.50000000
vt 0.50000000 0.50000000
vt 0.50000000 0.50000000
vt 0.50000000 0.50000000
vt 0.50000000 0.50000000
vt 0.50000000 0.50000000
vt 0.50000000 0.50000000
vt 0.50000000 0.50000000
vt 0.50000000 0.50000000
vt 0.50000000 0.50000000
vt 0.50000000 0.50000000
vt 0.50000000 0.50000000
vt 0.50000000 0.50000000
vt 0.50000000 0.50000000
vt 0.50000000 0.50000000
vt 0.50000000 0.50000000
vt 0.50000000 0.50000000
vt 0.50000000 0.50000000
vt 0.50000000 0.50000000
vt 0.50000000 0.50000000
vt 0.50000000 0.50000000
vt 0.50000000 0.50000000
vt 0.50000000 0.50000000
vt 0.50000000 0.50000000
vt 0.50000000 0.50000000
vt 0.50000000 0.50000000
vt 0.50000000 0.50000000
vt 0.50000000 0.50000000
vt 0.50000000 0.50000000
vt 0.50000000 0.50000000
vt 0.50000000 0.50000000
vt 0.50000000 0.50000000
vt 0.50000000 0.50000000
vt 0.50000000 0.50000000
vt 0.50000000 0.50000000
vt 0.50000000 0.50000000
vt 0.50000000 0.50000000
vt 0.50000000 0.50000000
vt 0.50000000 0.50000000
vt 0.50000000 0.50000000
vt 0.50000000 0.50000000
vt 0.50000000 0.50000000
vt 0.50000000 0.50000000
vt 0.50000000 0.50000000
vt 0.50000000 0.50000000
vt 0.50000000 0.50000000
vt 0.50000000 0.50000000
vt 0.50000000 0.50000000
vt 0.50000000 0.50000000
vt 0.50000000 0.50000000
vt 0.50000000 0.50000000
vt 0.50000000 0.50000000
vt 0.50000000 0.50000000
vt 0.50000000 0.50000000
vt 0.50000000 0.50000000
vt 0.50000000 0.50000000
vt 0.50000000 0.50000000
vt 0.50000000 0.50000000
vt 0.50000000 0.50000000
vt 0.50000000 0.50000000
vt 0.50000000 0.50000000
vt 0.50000000 0.50000000
vt 0.50000000 0.50000000
vt 0.50000000 0.50000000
vt 0.50000000 0.50000000
vt 0.50000000 0.50000000
vt 0.50000000 0.50000000
vt 0.50000000 0.50000000
vt 0.50000000 0.50000000
vt 0.50000000 0.50000000
vt 0.50000000 0.50000000
vt 0.50000000 0.50000000
vt 0.50000000 0.50000000
vt 0.50000000 0.50000000
vt 0.50000000 0.50000000
vt 0.50000000 0.50000000
vt 0.50000000 0.50000000
vt 0.50000000 0.50000000
vt 0.50000000 0.50000000
vt 0.50000000 0.50000000
vt 0.50000000 0.50000000
vt 0.50000000 0.50000000
vt 0.50000000 0.50000000
vt 0.50000000 0.50000000
vt 0.50000000 0.50000000
vt 0.50000000 0.50000000
vt 0.50000000 0.50000000
vt 0.50000000 0.50000000
vt 0.50000000 0.50000000
vt 0.50000000 0.50000000
vt 0.50000000 0.50000000
vt 0.50000000 0.50000000
vt 0.50000000 0.50000000
vt 0.50000000 0.50000000
vt 0.50000000 0.50000000
vt 0.50000000 0.50000000
vt 0.50000000 0.50000000
vt 0.50000000 0.50000000
vt 0.50000000 0.50000000
vt 0.50000000 0.50000000
vt 0.50000000 0.50000000
vt 0.50000000 0.50000000
vt 0.50000000 0.50000000
vt 0.50000000 0.50000000
vt 0.50000000 0.50000000
vt 0.50000000 0.50000000
vt 0.50000000 0.50000000
vt 0.50000000 0.50000000
vt 0.50000000 0.50000000
vt 0.50000000 0.50000000
vt 0.50000000 0.50000000
vt 0.50000000 0.50000000
vt 0.50000000 0.50000000
vt 0.50000000 0.50000000
vt 0.50000000 0.50000000
vt 0.50000000 0.50000000
vt 0.50000000 0.50000000
vt 0.50000000 0.50000000
vt 0.50000000 0.50000000
vt 0.50000000 0.50000000
vt 0.50000000 0.50000000
vt 0.50000000 0.50000000
vt 0.50000000 0.50000000
vt 0.50000000 0.50000000
vt 0.50000000 0.50000000
vt 0.50000000 0.50000000
vt 0.50000000 0.50000000
vt 0.50000000 0.50000000
vt 0.50000000 0.50000000
vt 0.50000000 0.50000000
vt 0.50000000 0.50000000
vt 0.50000000 0.50000000
vt 0.50000000 0.50000000
vt 0.50000000 0.50000000
vt 0.50000000 0.50000000
vt 0.50000000 0.50000000
vt 0.50000000 0.50000000
vt 0.50000000 0.50000000
vt 0.50000000 0.50000000
vt 0.50000000 0.50000000
vt 0.50000000 0.50000000
vt 0.50000000 0.50000000
vt 0.50000000 0.50000000
vt 0.50000000 0.50000000
vt 0.50000000 0.50000000
vt 0.50000000 0.50000000
vt 0.50000000 0.50000000
vt 0.50000000 0.50000000
vt 0.50000000 0.50000000
vt 0.50000000 0.50000000
vt 0.50000000 0.50000000
vt 0.50000000 0.50000000
vt 0.50000000 0.50000000
vt 0.50000000 0.50000000
vt 0.50000000 0.50000000
vt 0.50000000 0.50000000
vt 0.50000000 0.50000000
vt 0.50000000 0.50000000
vt 0.50000000 0.50000000
vt 0.50000000 0.50000000
vt 0.50000000 0.50000000
vt 0.50000000 0.50000000
vt 0.50000000 0.50000000
vt 0.50000000 0.50000000
vt 0.50000000 0.50000000
vt 0.50000000 0.50000000
vt 0.50000000 0.50000000
vt 0.50000000 0.50000000
vt 0.50000000 0.50000000
vt 0.50000000 0.50000000
vt 0.50000000 0.50000000
vt 0.50000000 0.50000000
vt 0.50000000 0.50000000
vt 0.50000000 0.50000000
vt 0.50000000 0.50000000
vt 0.50000000 0.50000000
vt 0.50000000 0.50000000
vt 0.50000000 0.50000000
vt 0.50000000 0.50000000
vt 0.50000000 0.50000000
vt 0.50000000 0.50000000
vt 0.50000000 0.50000000
vt 0.50000000 0.50000000
vt 0.50000000 0.50000000
vt 0.50000000 0.50000000
vt 0.50000000 0.50000000
vt 0.50000000 0.50000000
vt 0.50000000 0.50000000
vt 0.50000000 0.50000000
vt 0.50000000 0.50000000
vt 0.50000000 0.50000000
vt 0.50000000 0.50000000
vt 0.50000000 0.50000000
vt 0.50000000 0.50000000
vt 0.50000000 0.50000000
vt 0.50000000 0.50000000
vt 0.50000000 0.50000000
vt 0.50000000 0.50000000
vt 0.50000000 0.50000000
vt 0.50000000 0.50000000
vt 0.50000000 0.50000000
vt 0.50000000 0.50000000
vt 0.50000000 0.50000000
vt 0.50000000 0.50000000
vt 0.50000000 0.50000000
vt 0.50000000 0.50000000
vt 0.50000000 0.50000000
vt 0.50000000 0.50000000
vt 0.50000000 0.50000000
vt 0.50000000 0.50000000
vt 0.50000000 0.50000000
vt 0.50000000 0.50000000
vt 0.50000000 0.50000000
vt 0.50000000 0.50000000
vt 0.50000000 0.50000000
vt 0.50000000 0.50000000
vt 0.50000000 0.50000000
vt 0.50000000 0.50000000
vt 0.50000000 0.50000000
vt 0.50000000 0.50000000
vt 0.50000000 0.50000000
vt 0.50000000 0.50000000
vt 0.50000000 0.50000000
vt 0.50000000 0.50000000
vt 0.50000000 0.50000000
vt 0.50000000 0.50000000
vt 0.50000000 0.50000000
vt 0.50000000 0.50000000
vt 0.50000000 0.50000000
vt 0.50000000 0.50000000
vt 0.50000000 0.50000000
vt 0.50000000 0.50000000
vt 0.50000000 0.50000000
vt 0.50000000 0.50000000
vt 0.50000000 0.50000000
vt 0.50000000 0.50000000
vt 0.50000000 0.50000000
vt 0.50000000 0.50000000
vt 0.50000000 0.50000000
vt 0.50000000 0.50000000
vt 0.50000000 0.50000000
vt 0.50000000 0.50000000
vt 0.50000000 0.50000000
vt 0.50000000 0.50000000
vt 0.50000000 0.50000000
vt 0.50000000 0.50000000
vt 0.50000000 0.50000000
vt 0.50000000 0.50000000
vt 0.50000000 0.50000000
vt 0.50000000 0.50000000
vt 0.50000000 0.50000000
vt 0.50000000 0.50000000
vt 0.50000000 0.50000000
vt 0.50000000 0.50000000
vt 0.50000000 0.50000000
vt 0.50000000 0.50000000
vt 0.50000000 0.50000000
vt 0.50000000 0.50000000
vt 0.50000000 0.50000000
vt 0.50000000 0.50000000
vt 0.50000000 0.50000000
vt 0.50000000 0.50000000
vt 0.50000000 0.50000000
vt 0.50000000 0.50000000
vt 0.50000000 0.50000000
vt 0.50000000 0.50000000
vt 0.50000000 0.50000000
vt 0.50000000 0.50000000
vt 0.50000000 0.50000000
vt 0.50000000 0.50000000
vt 0.50000000 0.50000000
vt 0.50000000 0.50000000
vt 0.50000000 0.50000000
vt 0.50000000 0.50000000
vt 0.50000000 0.50000000
vt 0.50000000 0.50000000
vt 0.50000000 0.50000000
vt 0.50000000 0.50000000
vt 0.50000000 0.50000000
vt 0.50000000 0.50000000
vt 0.50000000 0.50000000
vt 0.50000000 0.50000000
vt 0.50000000 0.50000000
vt 0.50000000 0.50000000
vt 0.50000000 0.50000000
vt 0.50000000 0.50000000
vt 0.50000000 0.50000000
vt 0.50000000 0.50000000
vt 0.50000000 0.50000000
vt 0.50000000 0.50000000
vt 0.50000000 0.50000000
vt 0.50000000 0.50000000
vt 0.50000000 0.50000000
vt 0.50000000 0.50000000
vt 0.50000000 0.50000000
vt 0.50000000 0.50000000
vt 0.50000000 0.50000000
vt 0.50000000 0.50000000
vt 0.50000000 0.50000000
vt 0.50000000 0.50000000
vt 0.50000000 0.50000000
vt 0.50000000 0.50000000
vt 0.50000000 0.50000000
vt 0.50000000 0.50000000
vt 0.50000000 0.50000000
vt 0.50000000 0.50000000
vt 0.50000000 0.50000000
vt 0.50000000 0.50000000
vt 0.50000000 0.50000000
vt 0.50000000 0.50000000
vt 0.50000000 0.50000000
vt 0.50000000 0.50000000
vt 0.50000000 0.50000000
vt 0.50000000 0.50000000
vt 0.50000000 0.50000000
vt 0.50000000 0.50000000
vt 0.50000000 0.50000000
f 4/4 2/2 1/1
f 4/4 1/1 3/3
f 5/5 1/1 2/2
f 10/10 1/1 5/5
f 7/7 4/4 3/3
f 8/8 7/7 3/3
f 9/9 10/10 6/6
f 31/31 10/10 9/9
f 13/13 8/8 3/3
f 13/13 12/12 11/11
f 13/13 11/11 8/8
f 14/14 12/12 13/13
f 14/14 15/15 12/12
f 16/16 17/17 222/222
f 16/16 31/31 17/17
f 18/18 16/16 19/19
f 18/18 19/19 20/20
f 20/20 43/43 18/18
f 21/21 43/43 20/20
f 22/22 43/43 21/21
f 23/23 15/15 14/14
f 25/25 23/23 14/14
f 30/30 29/29 24/24
f 30/30 24/24 25/25
f 26/26 27/27 28/28
f 26/26 29/29 30/30
f 26/26 28/28 29/29
f 26/26 43/43 22/22
f 26/26 22/22 27/27
f 18/18 1/1 10/10
f 18/18 10/10 16/16
f 16/16 10/10 31/31
f 14/14 30/30 25/25
f 33/33 32/32 26/26
f 33/33 26/26 30/30
f 14/14 40/40 33/33
f 14/14 33/33 30/30
f 36/36 34/34 35/35
f 37/37 36/36 35/35
f 37/37 38/38 36/36
f 40/40 38/38 37/37
f 39/39 40/40 37/37
f 41/41 36/36 42/42
f 41/41 34/34 36/36
f 43/43 41/41 42/42
f 44/44 41/41 43/43
f 45/45 44/44 43/43
f 46/46 40/40 39/39
f 46/46 33/33 40/40
f 47/47 32/32 33/33
f 47/47 33/33 46/46
f 47/47 44/44 45/45
f 47/47 45/45 32/32
f 37/37 58/58 59/59
f 37/37 35/35 58/58
f 48/48 49/49 50/50
f 48/48 51/51 49/49
f 52/52 50/50 53/53
f 52/52 48/48 50/50
f 54/54 55/55 52/52
f 54/54 52/52 53/53
f 56/56 49/49 51/51
f 57/57 56/56 51/51
f 58/58 56/56 57/57
f 61/61 60/60 55/55
f 61/61 55/55 54/54
f 61/61 59/59 60/60
f 59/59 61/61 39/39
f 59/59 39/39 37/37
f 54/54 39/39 61/61
f 46/46 39/39 54/54
f 54/54 53/53 47/47
f 54/54 47/47 46/46
f 44/44 53/53 50/50
f 44/44 47/47 53/53
f 50/50 49/49 41/41
f 50/50 41/41 44/44
f 56/56 41/41 49/49
f 34/34 41/41 56/56
f 56/56 58/58 35/35
f 56/56 35/35 34/34
f 58/58 62/62 59/59
f 58/58 63/63 62/62
f 62/62 64/64 60/60
f 59/59 62/62 60/60
f 60/60 65/65 55/55
f 60/60 64/64 65/65
f 55/55 70/70 52/52
f 55/55 65/65 70/70
f 52/52 66/66 48/48
f 52/52 70/70 66/66
f 48/48 67/67 51/51
f 48/48 66/66 67/67
f 51/51 68/68 57/57
f 51/51 67/67 68/68
f 57/57 63/63 58/58
f 57/57 68/68 63/63
f 66/66 69/69 67/67
f 71/71 70/70 65/65
f 72/72 67/67 69/69
f 68/68 67/67 72/72
f 73/73 63/63 68/68
f 73/73 68/68 72/72
f 74/74 62/62 63/63
f 74/74 64/64 62/62
f 74/74 63/63 73/73
f 75/75 65/65 64/64
f 75/75 71/71 65/65
f 75/75 64/64 74/74
f 74/74 86/86 87/87
f 74/74 73/73 86/86
f 76/76 77/77 78/78
f 76/76 79/79 77/77
f 80/80 78/78 81/81
f 80/80 76/76 78/78
f 82/82 83/83 80/80
f 82/82 80/80 81/81
f 84/84 77/77 79/79
f 85/85 84/84 79/79
f 86/86 84/84 85/85
f 89/89 88/88 83/83
f 89/89 83/83 82/82
f 89/89 87/87 88/88
f 87/87 89/89 75/75
f 87/87 75/75 74/74
f 71/71 89/89 82/82
f 71/71 75/75 89/89
f 82/82 81/81 70/70
f 82/82 70/70 71/71
f 66/66 81/81 78/78
f 66/66 70/70 81/81
f 78/78 77/77 69/69
f 78/78 69/69 66/66
f 72/72 77/77 84/84
f 72/72 69/69 77/77
f 84/84 86/86 73/73
f 84/84 73/73 72/72
f 86/86 90/90 87/87
f 86/86 91/91 90/90
f 90/90 92/92 88/88
f 87/87 90/90 88/88
f 88/88 93/93 83/83
f 88/88 92/92 93/93
f 83/83 98/98 80/80
f 83/83 93/93 98/98
f 80/80 94/94 76/76
f 80/80 98/98 94/94
f 76/76 95/95 79/79
f 76/76 94/94 95/95
f 79/79 96/96 85/85
f 79/79 95/95 96/96
f 85/85 91/91 86/86
f 85/85 96/96 91/91
f 94/94 97/97 95/95
f 99/99 98/98 93/93
f 100/100 95/95 97/97
f 96/96 95/95 100/100
f 101/101 91/91 96/96
f 101/101 96/96 100/100
f 102/102 90/90 91/91
f 102/102 92/92 90/90
f 102/102 91/91 101/101
f 103/103 93/93 92/92
f 103/103 99/99 93/93
f 103/103 92/92 102/102
f 102/102 114/114 115/115
f 102/102 101/101 114/114
f 104/104 105/105 106/106
f 104/104 107/107 105/105
f 108/108 106/106 109/109
f 108/108 104/104 106/106
f 110/110 111/111 108/108
f 110/110 108/108 109/109
f 112/112 105/105 107/107
f 113/113 112/112 107/107
f 114/114 112/112 113/113
f 117/117 116/116 111/111
f 117/117 111/111 110/110
f 117/117 115/115 116/116
f 115/115 117/117 103/103
f 115/115 103/103 102/102
f 99/99 117/117 110/110
f 99/99 103/103 117/117
f 110/110 109/109 98/98
f 110/110 98/98 99/99
f 94/94 109/109 106/106
f 94/94 98/98 109/109
f 106/106 105/105 97/97
f 106/106 97/97 94/94
f 100/100 105/105 112/112
f 100/100 97/97 105/105
f 112/112 114/114 101/101
f 112/112 101/101 100/100
f 114/114 118/118 115/115
f 114/114 119/119 118/118
f 118/118 120/120 116/116
f 115/115 118/118 116/116
f 116/116 121/121 111/111
f 116/116 120/120 121/121
f 111/111 126/126 108/108
f 111/111 121/121 126/126
f 108/108 122/122 104/104
f 108/108 126/126 122/122
f 104/104 123/123 107/107
f 104/104 122/122 123/123
f 107/107 124/124 113/113
f 107/107 123/123 124/124
f 113/113 119/119 114/114
f 113/113 124/124 119/119
f 122/122 125/125 123/123
f 127/127 126/126 121/121
f 128/128 123/123 125/125
f 124/124 123/123 128/128
f 129/129 119/119 124/124
f 129/129 124/124 128/128
f 130/130 118/118 119/119
f 130/130 120/120 118/118
f 130/130 119/119 129/129
f 131/131 121/121 120/120
f 131/131 127/127 121/121
f 131/131 120/120 130/130
f 130/130 142/142 143/143
f 130/130 129/129 142/142
f 132/132 133/133 134/134
f 132/132 135/135 133/133
f 136/136 134/134 137/137
f 136/136 132/132 134/134
f 138/138 139/139 136/136
f 138/138 136/136 137/137
f 140/140 133/133 135/135
f 141/141 140/140 135/135
f 142/142 140/140 141/141
f 145/145 144/144 139/139
f 145/145 139/139 138/138
f 145/145 143/143 144/144
f 143/143 145/145 131/131
f 143/143 131/131 130/130
f 127/127 145/145 138/138
f 127/127 131/131 145/145
f 138/138 137/137 126/126
f 138/138 126/126 127/127
f 122/122 137/137 134/134
f 122/122 126/126 137/137
f 134/134 133/133 125/125
f 134/134 125/125 122/122
f 128/128 133/133 140/140
f 128/128 125/125 133/133
f 140/140 142/142 129/129
f 140/140 129/129 128/128
f 142/142 146/146 143/143
f 142/142 147/147 146/146
f 146/146 148/148 144/144
f 143/143 146/146 144/144
f 144/144 149/149 139/139
f 144/144 148/148 149/149
f 139/139 154/154 136/136
f 139/139 149/149 154/154
f 136/136 150/150 132/132
f 136/136 154/154 150/150
f 132/132 151/151 135/135
f 132/132 150/150 151/151
f 135/135 152/152 141/141
f 135/135 151/151 152/152
f 141/141 147/147 142/142
f 141/141 152/152 147/147
f 150/150 153/153 151/151
f 155/155 154/154 149/149
f 156/156 151/151 153/153
f 152/152 151/151 156/156
f 157/157 147/147 152/152
f 157/157 152/152 156/156
f 158/158 146/146 147/147
f 158/158 148/148 146/146
f 158/158 147/147 157/157
f 159/159 149/149 148/148
f 159/159 155/155 149/149
f 159/159 148/148 158/158
f 158/158 170/170 171/171
f 158/158 157/157 170/170
f 160/160 161/161 162/162
f 160/160 163/163 161/161
f 164/164 162/162 165/165
f 164/164 160/160 162/162
f 166/166 167/167 164/164
f 166/166 164/164 165/165
f 168/168 161/161 163/163
f 169/169 168/168 163/163
f 170/170 168/168 169/169
f 173/173 172/172 167/167
f 173/173 167/167 166/166
f 173/173 171/171 172/172
f 171/171 173/173 159/159
f 171/171 159/159 158/158
f 155/155 173/173 166/166
f 155/155 159/159 173/173
f 166/166 165/165 154/154
f 166/166 154/154 155/155
f 150/150 165/165 162/162
f 150/150 154/154 165/165
f 162/162 161/161 153/153
f 162/162 153/153 150/150
f 156/156 161/161 168/168
f 156/156 153/153 161/161
f 168/168 170/170 157/157
f 168/168 157/157 156/156
f 170/170 174/174 171/171
f 170/170 175/175 174/174
f 174/174 176/176 172/172
f 171/171 174/174 172/172
f 172/172 177/177 167/167
f 172/172 176/176 177/177
f 167/167 178/178 164/164
f 167/167 177/177 178/178
f 164/164 179/179 160/160
f 164/164 178/178 179/179
f 160/160 180/180 163/163
f 160/160 179/179 180/180
f 163/163 181/181 169/169
f 163/163 180/180 181/181
f 169/169 175/175 170/170
f 169/169 181/181 175/175
f 179/179 182/182 183/183
f 179/179 183/183 180/180
f 178/178 184/184 182/182
f 178/178 182/182 179/179
f 185/185 178/178 177/177
f 185/185 184/184 178/178
f 186/186 180/180 183/183
f 181/181 180/180 186/186
f 187/187 175/175 181/181
f 187/187 181/181 186/186
f 188/188 174/174 175/175
f 188/188 176/176 174/174
f 188/188 175/175 187/187
f 189/189 177/177 176/176
f 189/189 185/185 177/177
f 189/189 176/176 188/188
f 188/188 187/187 190/190
f 188/188 190/190 191/191
f 191/191 189/189 188/188
f 191/191 192/192 189/189
f 193/193 189/189 192/192
f 193/193 192/192 194/194
f 195/195 196/196 197/197
f 185/185 196/196 195/195
f 185/185 189/189 193/193
f 185/185 193/193 196/196
f 195/195 184/184 185/185
f 195/195 198/198 184/184
f 182/182 184/184 198/198
f 182/182 198/198 199/199
f 199/199 183/183 182/182
f 199/199 200/200 183/183
f 201/201 183/183 200/200
f 201/201 200/200 459/459
f 202/202 203/203 204/204
f 186/186 203/203 202/202
f 186/186 183/183 201/201
f 186/186 201/201 203/203
f 202/202 187/187 186/186
f 202/202 190/190 187/187
f 205/205 192/192 191/191
f 216/216 192/192 205/205
f 194/194 192/192 216/216
f 218/218 194/194 216/216
f 190/190 206/206 205/205
f 190/190 205/205 191/191
f 202/202 206/206 190/190
f 204/204 206/206 202/202
f 204/204 212/212 206/206
f 207/207 205/205 206/206
f 207/207 206/206 208/208
f 210/210 208/208 209/209
f 252/252 209/209 208/208
f 213/213 252/252 208/208
f 211/211 208/208 210/210
f 212/212 223/223 213/213
f 413/413 223/223 212/212
f 214/214 211/211 220/220
f 214/214 208/208 211/211
f 207/207 208/208 214/214
f 207/207 214/214 224/224
f 215/215 207/207 224/224
f 215/215 216/216 207/207
f 216/216 215/215 217/217
f 218/218 216/216 217/217
f 218/218 217/217 219/219
f 212/212 213/213 208/208
f 8/8 220/220 7/7
f 8/8 214/214 220/220
f 11/11 214/214 8/8
f 220/220 221/221 7/7
f 4/4 7/7 221/221
f 210/210 221/221 211/211
f 210/210 4/4 221/221
f 221/221 220/220 211/211
f 20/20 19/19 230/230
f 20/20 230/230 225/225
f 20/20 225/225 21/21
f 21/21 226/226 22/22
f 21/21 225/225 226/226
f 28/28 227/227 240/240
f 27/27 227/227 28/28
f 22/22 226/226 227/227
f 22/22 227/227 27/27
f 229/229 228/228 247/247
f 231/231 229/229 247/247
f 248/248 230/230 231/231
f 230/230 248/248 232/232
f 225/225 230/230 232/232
f 226/226 225/225 232/232
f 235/235 233/233 234/234
f 236/236 233/233 235/235
f 241/241 240/240 227/227
f 238/238 237/237 239/239
f 238/238 236/236 237/237
f 241/241 238/238 239/239
f 241/241 239/239 240/240
f 233/233 236/236 238/238
f 241/241 226/226 232/232
f 241/241 227/227 226/226
f 248/248 231/231 247/247
f 28/28 240/240 239/239
f 28/28 239/239 29/29
f 237/237 24/24 29/29
f 239/239 237/237 29/29
f 25/25 235/235 23/23
f 25/25 236/236 235/235
f 24/24 236/236 25/25
f 24/24 237/237 236/236
f 242/242 23/23 235/235
f 234/234 242/242 235/235
f 243/243 15/15 23/23
f 243/243 23/23 242/242
f 217/217 243/243 219/219
f 217/217 15/15 243/243
f 217/217 12/12 15/15
f 215/215 12/12 217/217
f 224/224 11/11 12/12
f 215/215 224/224 12/12
f 11/11 224/224 214/214
f 218/218 193/193 194/194
f 218/218 243/243 193/193
f 219/219 243/243 218/218
f 205/205 207/207 216/216
f 242/242 196/196 193/193
f 242/242 193/193 243/243
f 244/244 196/196 242/242
f 244/244 242/242 234/234
f 197/197 196/196 244/244
f 233/233 244/244 234/234
f 245/245 197/197 244/244
f 195/195 197/197 245/245
f 246/246 195/195 245/245
f 198/198 195/195 246/246
f 248/248 247/247 459/459
f 200/200 248/248 459/459
f 200/200 232/232 248/248
f 199/199 232/232 200/200
f 199/199 198/198 246/246
f 199/199 246/246 232/232
f 232/232 246/246 241/241
f 245/245 238/238 241/241
f 246/246 245/245 241/241
f 238/238 244/244 233/233
f 238/238 245/245 244/244
f 247/247 201/201 459/459
f 247/247 249/249 201/201
f 228/228 249/249 247/247
f 223/223 413/413 250/250
f 9/9 250/250 251/251
f 9/9 223/223 250/250
f 6/6 223/223 9/9
f 249/249 229/229 222/222
f 249/249 228/228 229/229
f 17/17 251/251 249/249
f 17/17 249/249 222/222
f 31/31 251/251 17/17
f 9/9 251/251 31/31
f 251/251 250/250 203/203
f 201/201 249/249 251/251
f 201/201 251/251 203/203
f 212/212 203/203 250/250
f 212/212 250/250 413/413
f 204/204 203/203 212/212
f 208/208 206/206 212/212
f 10/10 223/223 6/6
f 10/10 213/213 223/223
f 5/5 213/213 10/10
f 5/5 252/252 213/213
f 2/2 252/252 5/5
f 209/209 252/252 2/2
f 4/4 209/209 2/2
f 4/4 210/210 209/209
f 231/231 230/230 19/19
f 16/16 231/231 19/19
f 16/16 229/229 231/231
f 222/222 229/229 16/16
f 26/26 45/45 43/43
f 26/26 32/32 45/45
f 42/42 18/18 43/43
f 18/18 36/36 1/1
f 18/18 42/42 36/36
f 36/36 3/3 1/1
f 3/3 38/38 13/13
f 3/3 36/36 38/38
f 40/40 14/14 13/13
f 38/38 40/40 13/13
f 315/315 375/375 253/253
f 376/376 254/254 375/375
f 253/253 376/376 375/375
f 375/375 254/254 376/376
f 371/371 374/374 373/373
f 284/284 372/372 373/373
f 374/374 284/284 373/373
f 374/374 279/279 284/284
f 255/255 369/369 368/368
f 368/368 370/370 369/369
f 369/369 256/256 370/370
f 369/369 370/370 256/256
f 362/362 365/365 363/363
f 364/364 365/365 362/362
f 363/363 366/366 266/266
f 363/363 365/365 366/366
f 44/44 257/257 47/47
f 265/265 257/257 44/44
f 258/258 39/39 37/37
f 35/35 258/258 37/37
f 35/35 362/362 259/259
f 35/35 259/259 258/258
f 34/34 362/362 35/35
f 260/260 362/362 34/34
f 261/261 39/39 258/258
f 46/46 39/39 261/261
f 46/46 261/261 262/262
f 47/47 46/46 262/262
f 44/44 47/47 262/262
f 263/263 260/260 34/34
f 44/44 264/264 263/263
f 41/41 263/263 34/34
f 41/41 44/44 263/263
f 262/262 264/264 44/44
f 44/44 41/41 265/265
f 266/266 367/367 321/321
f 266/266 288/288 367/367
f 268/268 267/267 290/290
f 269/269 268/268 290/290
f 320/320 266/266 321/321
f 270/270 266/266 320/320
f 270/270 290/290 266/266
f 272/272 256/256 271/271
f 370/370 256/256 272/272
f 322/322 370/370 272/272
f 274/274 283/283 269/269
f 332/332 286/286 283/283
f 276/276 274/274 269/269
f 273/273 256/256 370/370
f 273/273 370/370 322/322
f 273/273 270/270 256/256
f 275/275 270/270 273/273
f 275/275 290/290 270/270
f 276/276 290/290 275/275
f 276/276 269/269 290/290
f 274/274 332/332 283/283
f 359/359 276/276 275/275
f 277/277 332/332 274/274
f 277/277 331/331 332/332
f 360/360 359/359 275/275
f 265/265 284/284 279/279
f 361/361 331/331 277/277
f 361/361 279/279 331/331
f 278/278 360/360 275/275
f 257/257 265/265 279/279
f 257/257 279/279 361/361
f 280/280 360/360 278/278
f 280/280 361/361 360/360
f 280/280 278/278 281/281
f 282/282 280/280 281/281
f 254/254 361/361 280/280
f 254/254 257/257 361/361
f 325/325 254/254 280/280
f 257/257 254/254 325/325
f 284/284 265/265 41/41
f 285/285 284/284 41/41
f 287/287 268/268 286/286
f 287/287 286/286 285/285
f 287/287 285/285 41/41
f 267/267 268/268 287/287
f 34/34 287/287 41/41
f 288/288 287/287 34/34
f 367/367 288/288 34/34
f 289/289 268/268 269/269
f 266/266 292/292 288/288
f 291/291 292/292 290/290
f 294/294 288/288 292/292
f 287/287 294/294 291/291
f 287/287 288/288 294/294
f 267/267 291/291 290/290
f 267/267 287/287 291/291
f 266/266 290/290 292/292
f 297/297 291/291 335/335
f 297/297 292/292 291/291
f 293/293 292/292 297/297
f 293/293 294/294 292/292
f 335/335 291/291 294/294
f 364/364 362/362 296/296
f 363/363 295/295 362/362
f 293/293 364/364 296/296
f 298/298 295/295 363/363
f 297/297 298/298 363/363
f 297/297 364/364 293/293
f 297/297 363/363 364/364
f 298/298 297/297 335/335
f 299/299 335/335 294/294
f 299/299 294/294 293/293
f 334/334 295/295 298/298
f 300/300 295/295 334/334
f 302/302 300/300 334/334
f 301/301 300/300 302/302
f 301/301 295/295 300/300
f 368/368 301/301 302/302
f 255/255 368/368 302/302
f 303/303 368/368 255/255
f 304/304 303/303 255/255
f 307/307 306/306 305/305
f 371/371 306/306 308/308
f 309/309 308/308 307/307
f 371/371 308/308 309/309
f 373/373 371/371 309/309
f 309/309 371/371 373/373
f 310/310 371/371 309/309
f 311/311 371/371 310/310
f 314/314 312/312 337/337
f 375/375 315/315 339/339
f 253/253 375/375 339/339
f 316/316 253/253 339/339
f 313/313 314/314 315/315
f 313/313 253/253 316/316
f 313/313 315/315 253/253
f 309/309 293/293 296/296
f 309/309 307/307 293/293
f 307/307 299/299 293/293
f 307/307 305/305 299/299
f 303/303 314/314 313/313
f 303/303 312/312 314/314
f 303/303 304/304 312/312
f 316/316 311/311 310/310
f 316/316 339/339 311/311
f 264/264 316/316 310/310
f 264/264 262/262 316/316
f 262/262 313/313 316/316
f 261/261 313/313 262/262
f 261/261 303/303 313/313
f 261/261 258/258 303/303
f 258/258 368/368 303/303
f 258/258 301/301 368/368
f 301/301 259/259 295/295
f 258/258 259/259 301/301
f 362/362 295/295 259/259
f 260/260 296/296 362/362
f 260/260 309/309 296/296
f 260/260 263/263 309/309
f 263/263 310/310 309/309
f 264/264 310/310 263/263
f 300/300 318/318 302/302
f 300/300 317/317 318/318
f 302/302 317/317 300/300
f 302/302 319/319 317/317
f 302/302 318/318 319/319
f 317/317 271/271 318/318
f 256/256 318/318 271/271
f 270/270 318/318 256/256
f 270/270 319/319 318/318
f 317/317 319/319 270/270
f 320/320 317/317 270/270
f 317/317 321/321 35/35
f 320/320 321/321 317/317
f 37/37 317/317 35/35
f 271/271 317/317 37/37
f 272/272 271/271 37/37
f 34/34 321/321 367/367
f 34/34 35/35 321/321
f 37/37 322/322 272/272
f 37/37 39/39 322/322
f 323/323 322/322 39/39
f 273/273 322/322 323/323
f 324/324 281/281 323/323
f 324/324 323/323 39/39
f 282/282 281/281 324/324
f 46/46 324/324 39/39
f 325/325 324/324 46/46
f 257/257 325/325 46/46
f 328/328 327/327 324/324
f 325/325 328/328 324/324
f 282/282 327/327 280/280
f 282/282 324/324 327/327
f 280/280 328/328 325/325
f 280/280 327/327 328/328
f 337/337 328/328 314/314
f 337/337 327/327 328/328
f 315/315 327/327 337/337
f 315/315 328/328 327/327
f 314/314 328/328 315/315
f 46/46 47/47 257/257
f 275/275 329/329 278/278
f 329/329 326/326 278/278
f 281/281 278/278 326/326
f 323/323 281/281 326/326
f 323/323 326/326 329/329
f 323/323 329/329 273/273
f 329/329 275/275 273/273
f 306/306 332/332 331/331
f 307/307 332/332 306/306
f 307/307 330/330 332/332
f 308/308 330/330 307/307
f 308/308 331/331 330/330
f 306/306 331/331 308/308
f 285/285 332/332 330/330
f 284/284 285/285 330/330
f 332/332 285/285 286/286
f 279/279 330/330 331/331
f 279/279 284/284 330/330
f 302/302 333/333 255/255
f 334/334 333/333 302/302
f 299/299 298/298 335/335
f 343/343 336/336 333/333
f 343/343 333/333 334/334
f 338/338 334/334 298/298
f 338/338 343/343 334/334
f 338/338 298/298 299/299
f 342/342 337/337 336/336
f 342/342 336/336 343/343
f 342/342 315/315 337/337
f 340/340 315/315 342/342
f 339/339 315/315 340/340
f 305/305 338/338 299/299
f 305/305 341/341 338/338
f 306/306 341/341 305/305
f 371/371 341/341 306/306
f 311/311 341/341 371/371
f 311/311 339/339 340/340
f 311/311 340/340 341/341
f 343/343 344/344 354/354
f 338/338 344/344 343/343
f 338/338 345/345 344/344
f 338/338 348/348 345/345
f 341/341 348/348 338/338
f 341/341 346/346 348/348
f 340/340 346/346 341/341
f 340/340 347/347 346/346
f 342/342 347/347 340/340
f 342/342 354/354 347/347
f 343/343 354/354 342/342
f 351/351 354/354 344/344
f 351/351 344/344 345/345
f 349/349 347/347 354/354
f 348/348 351/351 345/345
f 348/348 352/352 351/351
f 346/346 347/347 349/349
f 346/346 349/349 350/350
f 348/348 350/350 352/352
f 346/346 350/350 348/348
f 350/350 353/353 352/352
f 349/349 353/353 350/350
f 351/351 358/358 354/354
f 349/349 354/354 355/355
f 353/353 349/349 355/355
f 357/357 358/358 351/351
f 357/357 351/351 352/352
f 356/356 353/353 355/355
f 357/357 352/352 353/353
f 357/357 353/353 356/356
f 274/274 358/358 357/357
f 359/359 354/354 358/358
f 360/360 354/354 359/359
f 360/360 355/355 354/354
f 361/361 355/355 360/360
f 361/361 356/356 355/355
f 277/277 357/357 356/356
f 274/274 357/357 277/277
f 277/277 356/356 361/361
f 276/276 358/358 274/274
f 359/359 358/358 276/276
f 337/337 312/312 336/336
f 333/333 336/336 312/312
f 304/304 333/333 312/312
f 255/255 333/333 304/304
f 364/364 363/363 266/266
f 266/266 367/367 365/365
f 367/367 366/366 365/365
f 365/365 364/364 266/266
f 366/366 367/367 266/266
f 255/255 368/368 369/369
f 369/369 370/370 368/368
f 371/371 372/372 374/374
f 373/373 372/372 371/371
f 372/372 284/284 279/279
f 374/374 372/372 279/279
f 376/376 253/253 375/375
f 377/377 289/289 269/269
f 283/283 377/377 269/269
f 286/286 268/268 289/289
f 286/286 289/289 377/377
f 286/286 377/377 283/283
f 507/507 379/379 506/506
f 506/506 378/378 507/507
f 506/506 379/379 378/378
f 378/378 509/509 508/508
f 419/419 380/380 491/491
f 415/415 490/490 416/416
f 416/416 490/490 415/415
f 381/381 488/488 487/487
f 489/489 487/487 381/381
f 383/383 484/484 482/482
f 483/483 485/485 484/484
f 385/385 473/473 471/471
f 472/472 473/473 385/385
f 386/386 469/469 470/470
f 470/470 387/387 469/469
f 388/388 467/467 468/468
f 468/468 390/390 389/389
f 467/467 389/389 468/468
f 390/390 449/449 389/389
f 484/484 391/391 392/392
f 382/382 484/484 392/392
f 383/383 391/391 484/484
f 381/381 391/391 383/383
f 393/393 391/391 381/381
f 394/394 393/393 381/381
f 395/395 383/383 382/382
f 493/493 383/383 395/395
f 395/395 382/382 392/392
f 493/493 381/381 383/383
f 399/399 381/381 493/493
f 388/388 397/397 395/395
f 396/396 467/467 388/388
f 396/396 388/388 395/395
f 396/396 395/395 392/392
f 402/402 467/467 396/396
f 388/388 467/467 402/402
f 399/399 394/394 381/381
f 386/386 398/398 397/397
f 386/386 399/399 398/398
f 386/386 397/397 388/388
f 400/400 388/388 402/402
f 400/400 386/386 388/388
f 401/401 399/399 386/386
f 401/401 394/394 399/399
f 401/401 386/386 400/400
f 402/402 198/198 400/400
f 199/199 198/198 402/402
f 400/400 198/198 195/195
f 403/403 400/400 195/195
f 403/403 401/401 400/400
f 404/404 394/394 401/401
f 404/404 401/401 403/403
f 405/405 192/192 404/404
f 194/194 192/192 405/405
f 406/406 405/405 404/404
f 403/403 406/406 404/404
f 195/195 197/197 406/406
f 195/195 406/406 403/403
f 406/406 407/407 219/219
f 406/406 219/219 405/405
f 408/408 405/405 219/219
f 194/194 405/405 408/408
f 409/409 202/202 190/190
f 204/204 202/202 409/409
f 410/410 204/204 409/409
f 411/411 409/409 190/190
f 191/191 411/411 190/190
f 192/192 411/411 191/191
f 194/194 408/408 411/411
f 194/194 411/411 192/192
f 204/204 410/410 412/412
f 413/413 412/412 410/410
f 482/482 485/485 414/414
f 481/481 482/482 414/414
f 417/417 481/481 414/414
f 481/481 416/416 485/485
f 415/415 416/416 481/481
f 418/418 417/417 414/414
f 413/413 410/410 416/416
f 492/492 419/419 420/420
f 492/492 420/420 418/418
f 421/421 419/419 491/491
f 422/422 491/491 492/492
f 422/422 418/418 414/414
f 422/422 492/492 418/418
f 486/486 491/491 422/422
f 423/423 421/421 491/491
f 486/486 423/423 491/491
f 489/489 486/486 422/422
f 424/424 423/423 489/489
f 424/424 489/489 422/422
f 408/408 219/219 424/424
f 408/408 424/424 422/422
f 410/410 485/485 416/416
f 411/411 408/408 422/422
f 409/409 422/422 414/414
f 409/409 411/411 422/422
f 409/409 414/414 485/485
f 410/410 409/409 485/485
f 425/425 434/434 450/450
f 228/228 425/425 450/450
f 426/426 425/425 413/413
f 426/426 434/434 425/425
f 416/416 426/426 413/413
f 415/415 426/426 416/416
f 415/415 427/427 426/426
f 429/429 427/427 428/428
f 431/431 429/429 430/430
f 431/431 427/427 429/429
f 433/433 431/431 432/432
f 435/435 434/434 426/426
f 440/440 434/434 435/435
f 436/436 435/435 426/426
f 436/436 426/426 427/427
f 436/436 427/427 431/431
f 440/440 438/438 434/434
f 436/436 431/431 433/433
f 437/437 436/436 433/433
f 439/439 440/440 441/441
f 439/439 438/438 440/440
f 443/443 437/437 433/433
f 443/443 444/444 437/437
f 443/443 442/442 444/444
f 442/442 441/441 444/444
f 445/445 439/439 441/441
f 445/445 441/441 442/442
f 420/420 430/430 429/429
f 420/420 429/429 418/418
f 418/418 429/429 417/417
f 417/417 429/429 428/428
f 428/428 481/481 417/417
f 415/415 481/481 428/428
f 415/415 428/428 427/427
f 419/419 430/430 420/420
f 421/421 431/431 430/430
f 421/421 430/430 419/419
f 421/421 423/423 432/432
f 421/421 432/432 431/431
f 423/423 433/433 432/432
f 433/433 423/423 424/424
f 219/219 433/433 424/424
f 407/407 433/433 219/219
f 443/443 433/433 407/407
f 446/446 407/407 234/234
f 446/446 443/443 407/407
f 455/455 442/442 443/443
f 446/446 455/455 443/443
f 455/455 387/387 445/445
f 455/455 445/445 442/442
f 445/445 387/387 447/447
f 439/439 445/445 447/447
f 448/448 439/439 447/447
f 449/449 439/439 448/448
f 449/449 438/438 439/439
f 449/449 472/472 438/438
f 434/434 472/472 450/450
f 438/438 472/472 434/434
f 450/450 451/451 228/228
f 385/385 450/450 472/472
f 452/452 385/385 471/471
f 390/390 452/452 471/471
f 449/449 471/471 472/472
f 390/390 471/471 449/449
f 390/390 453/453 452/452
f 449/449 453/453 390/390
f 448/448 453/453 449/449
f 446/446 234/234 454/454
f 384/384 455/455 446/446
f 474/474 384/384 446/446
f 384/384 387/387 455/455
f 456/456 387/387 384/384
f 456/456 384/384 474/474
f 456/456 447/447 387/387
f 456/456 453/453 448/448
f 456/456 448/448 447/447
f 452/452 451/451 385/385
f 385/385 451/451 450/450
f 454/454 456/456 474/474
f 454/454 474/474 446/446
f 456/456 457/457 453/453
f 462/462 457/457 456/456
f 458/458 453/453 457/457
f 458/458 452/452 453/453
f 458/458 451/451 452/452
f 458/458 459/459 451/451
f 451/451 425/425 228/228
f 451/451 460/460 425/425
f 459/459 460/460 451/451
f 200/200 459/459 458/458
f 457/457 200/200 458/458
f 199/199 200/200 457/457
f 462/462 461/461 197/197
f 195/195 462/462 197/197
f 198/198 462/462 195/195
f 198/198 199/199 462/462
f 462/462 199/199 457/457
f 197/197 454/454 406/406
f 407/407 406/406 454/454
f 461/461 454/454 197/197
f 234/234 407/407 454/454
f 461/461 456/456 454/454
f 461/461 462/462 456/456
f 460/460 200/200 463/463
f 459/459 200/200 460/460
f 464/464 412/412 460/460
f 464/464 460/460 463/463
f 202/202 204/204 412/412
f 202/202 412/412 464/464
f 425/425 460/460 412/412
f 425/425 412/412 413/413
f 464/464 465/465 190/190
f 464/464 190/190 202/202
f 392/392 391/391 465/465
f 464/464 392/392 465/465
f 396/396 392/392 464/464
f 463/463 396/396 464/464
f 402/402 396/396 463/463
f 463/463 200/200 199/199
f 402/402 463/463 199/199
f 391/391 393/393 466/466
f 465/465 391/391 466/466
f 191/191 465/465 466/466
f 191/191 190/190 465/465
f 466/466 404/404 192/192
f 466/466 192/192 191/191
f 466/466 393/393 394/394
f 466/466 394/394 404/404
f 389/389 449/449 390/390
f 389/389 467/467 468/468
f 467/467 388/388 468/468
f 389/389 390/390 468/468
f 470/470 469/469 387/387
f 470/470 469/469 386/386
f 473/473 472/472 471/471
f 384/384 475/475 474/474
f 474/474 475/475 384/384
f 480/480 440/440 435/435
f 479/479 480/480 435/435
f 479/479 435/435 436/436
f 479/479 436/436 437/437
f 478/478 479/479 437/437
f 478/478 437/437 444/444
f 477/477 478/478 444/444
f 477/477 444/444 441/441
f 476/476 441/441 440/440
f 480/480 476/476 440/440
f 476/476 480/480 479/479
f 476/476 479/479 478/478
f 477/477 441/441 476/476
f 477/477 476/476 478/478
f 482/482 484/484 485/485
f 382/382 383/383 483/483
f 382/382 483/483 484/484
f 482/482 483/483 383/383
f 482/482 481/481 483/483
f 481/481 485/485 483/483
f 489/489 381/381 486/486
f 486/486 381/381 487/487
f 381/381 487/487 488/488
f 423/423 486/486 487/487
f 487/487 489/489 423/423
f 380/380 492/492 491/491
f 380/380 419/419 492/492
f 395/395 494/494 493/493
f 395/395 495/495 494/494
f 397/397 495/495 395/395
f 397/397 496/496 495/495
f 398/398 496/496 397/397
f 398/398 399/399 496/496
f 497/497 499/499 493/493
f 499/499 399/399 493/493
f 501/501 399/399 499/499
f 497/497 493/493 494/494
f 501/501 496/496 399/399
f 494/494 498/498 497/497
f 496/496 501/501 500/500
f 495/495 498/498 494/494
f 495/495 500/500 498/498
f 495/495 496/496 500/500
f 502/502 506/506 499/499
f 502/502 499/499 497/497
f 505/505 502/502 497/497
f 505/505 497/497 498/498
f 503/503 505/505 498/498
f 503/503 498/498 500/500
f 504/504 503/503 500/500
f 504/504 500/500 501/501
f 506/506 504/504 501/501
f 506/506 501/501 499/499
f 506/506 502/502 507/507
f 507/507 502/502 505/505
f 504/504 506/506 507/507
f 503/503 507/507 505/505
f 503/503 504/504 507/507
f 508/508 509/509 379/379
f 379/379 509/509 378/378
f 508/508 379/379 507/507
f 378/378 508/508 507/507
f 516/516 513/513 511/511
f 516/516 511/511 510/510
f 517/517 516/516 510/510
f 518/518 517/517 512/512
f 518/518 512/512 514/514
f 518/518 514/514 515/515
f 513/513 518/518 515/515
f 513/513 516/516 517/517
f 518/518 513/513 517/517
f 511/511 523/523 519/519
f 510/510 511/511 519/519
f 517/517 510/510 519/519
f 517/517 519/519 520/520
f 512/512 517/517 520/520
f 512/512 520/520 521/521
f 514/514 512/512 521/521
f 515/515 521/521 522/522
f 515/515 514/514 521/521
f 513/513 515/515 522/522
f 513/513 522/522 523/523
f 511/511 513/513 523/523
f 521/521 520/520 526/526
f 519/519 526/526 520/520
f 521/521 526/526 525/525
f 523/523 526/526 519/519
f 522/522 521/521 525/525
f 524/524 526/526 523/523
f 524/524 522/522 525/525
f 524/524 523/523 522/522
f 525/525 526/526 524/524
f 531/531 534/534 530/530
f 532/532 531/531 527/527
f 532/532 527/527 528/528
f 532/532 528/528 529/529
f 533/533 532/532 529/529
f 534/534 533/533 530/530
f 534/534 531/531 532/532
f 534/534 532/532 533/533
f 527/527 535/535 536/536
f 528/528 527/527 536/536
f 528/528 536/536 537/537
f 529/529 528/528 537/537
f 529/529 537/537 538/538
f 533/533 529/529 538/538
f 533/533 538/538 539/539
f 530/530 533/533 539/539
f 530/530 539/539 540/540
f 531/531 530/530 540/540
f 531/531 540/540 535/535
f 527/527 531/531 535/535
f 537/537 544/544 541/541
f 538/538 537/537 541/541
f 536/536 544/544 537/537
f 536/536 542/542 544/544
f 541/541 539/539 538/538
f 542/542 536/536 535/535
f 543/543 539/539 541/541
f 543/543 542/542 535/535
f 543/543 535/535 540/540
f 543/543 540/540 539/539
f 545/545 541/541 544/544
f 546/546 541/541 545/545
f 546/546 543/543 541/541
f 543/543 546/546 542/542
f 545/545 544/544 542/542
f 542/542 546/546 545/545
f 551/551 550/550 547/547
f 551/551 547/547 548/548
f 551/551 548/548 549/549
f 549/549 550/550 551/551
f 547/547 550/550 554/554
f 547/547 554/554 552/552
f 548/548 547/547 552/552
f 548/548 552/552 553/553
f 549/549 548/548 553/553
f 549/549 553/553 554/554
f 550/550 549/549 554/554
f 553/553 552/552 557/557
f 553/553 557/557 556/556
f 552/552 555/555 557/557
f 555/555 552/552 554/554
f 556/556 554/554 553/553
f 555/555 554/554 556/556
f 557/557 555/555 556/556
f 561/561 563/563 558/558
f 561/561 558/558 559/559
f 562/562 561/561 559/559
f 561/561 562/562 560/560
f 561/561 560/560 563/563
f 558/558 563/563 564/564
f 558/558 564/564 565/565
f 559/559 558/558 565/565
f 559/559 565/565 566/566
f 562/562 559/559 566/566
f 562/562 566/566 567/567
f 560/560 562/562 567/567
f 560/560 567/567 568/568
f 563/563 560/560 568/568
f 563/563 568/568 564/564
f 565/565 569/569 566/566
f 564/564 569/569 565/565
f 570/570 569/569 564/564
f 570/570 564/564 568/568
f 570/570 568/568 567/567
f 566/566 569/569 570/570
f 567/567 566/566 570/570
f 580/580 577/577 578/578
f 580/580 578/578 579/579
f 574/574 580/580 579/579
f 581/581 573/573 580/580
f 585/585 576/576 583/583
f 585/585 574/574 576/576
f 585/585 586/586 587/587
f 588/588 589/589 584/584
f 588/588 592/592 590/590
f 593/593 587/587 591/591
f 595/595 587/587 593/593
f 594/594 592/592 588/588
f 599/599 595/595 597/597
f 598/598 596/596 603/603
f 601/601 599/599 600/600
f 601/601 602/602 599/599
f 605/605 603/603 604/604
f 609/609 608/608 602/602
f 606/606 608/608 609/609
f 611/611 604/604 610/610
f 607/607 611/611 610/610
f 620/620 607/607 610/610
f 612/612 613/613 614/614
f 630/630 615/615 621/621
f 629/629 621/621 613/613
f 629/629 630/630 621/621
f 629/629 613/613 612/612
f 629/629 623/623 630/630
f 629/629 612/612 622/622
f 633/633 623/623 629/629
f 633/633 624/624 623/623
f 629/629 622/622 625/625
f 629/629 625/625 626/626
f 633/633 627/627 624/624
f 636/636 634/634 628/628
f 635/635 629/629 626/626
f 633/633 628/628 627/627
f 635/635 626/626 632/632
f 635/635 632/632 631/631
f 633/633 636/636 628/628
f 635/635 631/631 638/638
f 639/639 637/637 636/636
f 639/639 636/636 633/633
f 640/640 635/635 638/638
f 641/641 637/637 639/639
f 640/640 642/642 635/635
f 644/644 642/642 640/640
f 643/643 641/641 639/639
f 643/643 639/639 651/651
f 645/645 642/642 644/644
f 646/646 643/643 651/651
f 648/648 646/646 651/651
f 647/647 642/642 645/645
f 650/650 642/642 647/647
f 649/649 648/648 651/651
f 617/617 642/642 650/650
f 618/618 649/649 651/651
f 619/619 642/642 617/617
f 616/616 642/642 619/619
f 616/616 651/651 642/642
f 616/616 618/618 651/651
f 612/612 573/573 581/581
f 622/622 612/612 581/581
f 622/622 581/581 575/575
f 622/622 575/575 625/625
f 625/625 575/575 582/582
f 626/626 582/582 575/575
f 626/626 625/625 582/582
f 626/626 575/575 584/584
f 626/626 584/584 589/589
f 632/632 626/626 589/589
f 631/631 632/632 589/589
f 631/631 589/589 588/588
f 631/631 588/588 590/590
f 638/638 631/631 590/590
f 638/638 590/590 592/592
f 640/640 592/592 594/594
f 638/638 592/592 640/640
f 640/640 594/594 596/596
f 644/644 640/640 596/596
f 644/644 596/596 598/598
f 645/645 644/644 598/598
f 645/645 598/598 603/603
f 645/645 603/603 647/647
f 647/647 603/603 605/605
f 650/650 647/647 605/605
f 650/650 605/605 604/604
f 617/617 650/650 604/604
f 617/617 604/604 611/611
f 617/617 611/611 619/619
f 619/619 611/611 607/607
f 619/619 607/607 616/616
f 620/620 616/616 607/607
f 616/616 620/620 610/610
f 616/616 610/610 608/608
f 618/618 616/616 608/608
f 618/618 608/608 606/606
f 649/649 606/606 609/609
f 649/649 618/618 606/606
f 649/649 609/609 602/602
f 648/648 649/649 602/602
f 648/648 602/602 601/601
f 646/646 648/648 601/601
f 646/646 601/601 600/600
f 643/643 646/646 600/600
f 643/643 600/600 599/599
f 643/643 599/599 597/597
f 641/641 643/643 597/597
f 641/641 597/597 595/595
f 641/641 595/595 593/593
f 641/641 593/593 637/637
f 637/637 593/593 591/591
f 636/636 637/637 591/591
f 636/636 591/591 587/587
f 636/636 587/587 634/634
f 628/628 634/634 587/587
f 628/628 587/587 586/586
f 627/627 628/628 586/586
f 627/627 586/586 585/585
f 627/627 585/585 583/583
f 624/624 627/627 583/583
f 624/624 583/583 576/576
f 623/623 576/576 574/574
f 623/623 624/624 576/576
f 630/630 574/574 579/579
f 630/630 623/623 574/574
f 615/615 630/630 579/579
f 615/615 579/579 578/578
f 621/621 615/615 578/578
f 621/621 578/578 577/577
f 613/613 621/621 577/577
f 613/613 577/577 580/580
f 614/614 580/580 573/573
f 614/614 613/613 580/580
f 612/612 614/614 573/573
f 674/674 656/656 642/642
f 674/674 642/642 651/651
f 652/652 674/674 651/651
f 652/652 651/651 639/639
f 657/657 652/652 639/639
f 653/653 657/657 639/639
f 653/653 639/639 633/633
f 653/653 633/633 629/629
f 654/654 653/653 629/629
f 655/655 654/654 629/629
f 655/655 629/629 635/635
f 655/655 635/635 642/642
f 656/656 655/655 642/642
f 662/662 655/655 656/656
f 655/655 662/662 654/654
f 659/659 657/657 653/653
f 663/663 653/653 654/654
f 660/660 663/663 654/654
f 662/662 660/660 654/654
f 661/661 663/663 660/660
f 661/661 658/658 659/659
f 661/661 660/660 658/658
f 658/658 673/673 664/664
f 660/660 673/673 658/658
f 664/664 673/673 660/660
f 664/664 673/673 571/571
f 668/668 666/666 572/572
f 668/668 572/572 665/665
f 666/666 665/665 572/572
f 571/571 666/666 673/673
f 572/572 673/673 666/666
f 666/666 571/571 572/572
f 667/667 665/665 666/666
f 668/668 667/667 666/666
f 668/668 665/665 667/667
f 667/667 671/671 665/665
f 670/670 667/667 665/665
f 670/670 669/669 672/672
f 670/670 671/671 669/669
f 670/670 665/665 671/671
f 667/667 672/672 671/671
f 670/670 672/672 667/667
f 671/671 672/672 669/669
f 572/572 571/571 673/673
f 571/571 673/673 664/664
f 659/659 663/663 661/661
f 659/659 653/653 663/663
f 658/658 657/657 659/659
f 658/658 652/652 657/657
f 664/664 652/652 658/658
f 664/664 674/674 652/652
f 664/664 656/656 674/674
f 660/660 656/656 664/664
f 660/660 662/662 656/656
f 603/603 675/675 683/683
f 596/596 675/675 603/603
f 594/594 675/675 596/596
f 594/594 676/676 675/675
f 588/588 676/676 594/594
f 584/584 676/676 588/588
f 584/584 677/677 676/676
f 575/575 677/677 584/584
f 581/581 677/677 575/575
f 580/580 678/678 677/677
f 580/580 677/677 581/581
f 574/574 679/679 678/678
f 574/574 678/678 580/580
f 585/585 679/679 574/574
f 585/585 680/680 679/679
f 587/587 680/680 585/585
f 595/595 680/680 587/587
f 595/595 681/681 680/680
f 599/599 681/681 595/595
f 602/602 681/681 599/599
f 608/608 681/681 602/602
f 608/608 682/682 681/681
f 610/610 682/682 608/608
f 610/610 683/683 682/682
f 604/604 683/683 610/610
f 603/603 683/683 604/604
f 684/684 678/678 679/679
f 685/685 678/678 684/684
f 685/685 677/677 678/678
f 688/688 684/684 679/679
f 685/685 676/676 677/677
f 688/688 679/679 680/680
f 686/686 676/676 685/685
f 675/675 676/676 686/686
f 681/681 688/688 680/680
f 683/683 675/675 686/686
f 681/681 687/687 688/688
f 682/682 687/687 681/681
f 683/683 686/686 687/687
f 682/682 683/683 687/687
f 691/691 685/685 684/684
f 689/689 691/691 684/684
f 690/690 684/684 688/688
f 690/690 689/689 684/684
f 693/693 690/690 688/688
f 693/693 688/688 687/687
f 692/692 693/693 687/687
f 692/692 687/687 686/686
f 696/696 692/692 686/686
f 696/696 686/686 685/685
f 691/691 696/696 685/685
f 696/696 691/691 689/689
f 696/696 689/689 694/694
f 694/694 689/689 690/690
f 693/693 694/694 690/690
f 693/693 695/695 694/694
f 692/692 696/696 695/695
f 692/692 695/695 693/693
f 694/694 697/697 696/696
f 694/694 698/698 697/697
f 695/695 698/698 694/694
f 695/695 699/699 698/698
f 696/696 699/699 695/695
f 696/696 697/697 699/699
f 699/699 697/697 698/698
f 700/700 702/702 701/701
f 703/703 702/702 700/700
f 704/704 701/701 702/702
f 704/704 705/705 701/701
f 705/705 700/700 701/701
f 705/705 706/706 700/700
f 706/706 703/703 700/700
f 706/706 707/707 703/703
f 707/707 702/702 703/703
f 707/707 704/704 702/702
f 708/708 707/707 706/706
f 708/708 706/706 709/709
f 705/705 710/710 709/709
f 705/705 709/709 706/706
f 711/711 705/705 704/704
f 711/711 704/704 707/707
f 711/711 707/707 708/708
f 711/711 710/710 705/705
f 713/713 710/710 712/712
f 709/709 710/710 713/713
f 713/713 712/712 716/716
f 713/713 716/716 714/714
f 708/708 713/713 714/714
f 708/708 709/709 713/713
f 716/716 708/708 714/714
f 711/711 716/716 715/715
f 711/711 708/708 716/716
f 710/710 715/715 712/712
f 710/710 711/711 715/715
f 715/715 716/716 712/712
f 719/719 718/718 717/717
f 720/720 719/719 717/717
f 721/721 717/717 718/718
f 721/721 722/722 717/717
f 722/722 720/720 717/717
f 722/722 723/723 720/720
f 723/723 719/719 720/720
f 723/723 724/724 719/719
f 724/724 718/718 719/719
f 724/724 721/721 718/718
f 725/725 724/724 723/723
f 725/725 723/723 726/726
f 722/722 727/727 726/726
f 722/722 726/726 723/723
f 728/728 722/722 721/721
f 728/728 721/721 724/724
f 728/728 724/724 725/725
f 728/728 727/727 722/722
f 730/730 727/727 729/729
f 726/726 727/727 730/730
f 730/730 729/729 733/733
f 730/730 733/733 731/731
f 725/725 730/730 731/731
f 725/725 726/726 730/730
f 733/733 725/725 731/731
f 728/728 733/733 732/732
f 728/728 725/725 733/733
f 727/727 732/732 729/729
f 727/727 728/728 732/732
f 732/732 733/733 729/729
f 739/739 734/734 735/735
f 735/735 734/734 736/736
f 742/742 735/735 736/736
f 737/737 739/739 738/738
f 737/737 734/734 739/739
f 745/745 737/737 738/738
f 740/740 737/737 745/745
f 745/745 738/738 742/742
f 744/744 736/736 741/741
f 744/744 742/742 736/736
f 744/744 741/741 743/743
f 749/749 744/744 743/743
f 746/746 745/745 742/742
f 746/746 742/742 744/744
f 746/746 744/744 750/750
f 746/746 740/740 745/745
f 747/747 746/746 750/750
f 748/748 750/750 749/749
f 748/748 747/747 750/750
f 751/751 747/747 748/748
f 751/751 740/740 746/746
f 751/751 746/746 747/747
f 748/748 749/749 743/743
f 737/737 740/740 764/764
f 737/737 764/764 752/752
f 752/752 753/753 734/734
f 752/752 734/734 737/737
f 736/736 734/734 753/753
f 736/736 753/753 754/754
f 754/754 755/755 741/741
f 754/754 741/741 736/736
f 743/743 741/741 755/755
f 743/743 755/755 756/756
f 756/756 757/757 748/748
f 756/756 748/748 743/743
f 751/751 748/748 757/757
f 751/751 757/757 758/758
f 758/758 764/764 740/740
f 758/758 740/740 751/751
f 762/762 754/754 753/753
f 760/760 754/754 762/762
f 759/759 754/754 760/760
f 752/752 762/762 753/753
f 752/752 761/761 762/762
f 767/767 759/759 760/760
f 763/763 754/754 759/759
f 755/755 754/754 763/763
f 764/764 761/761 752/752
f 764/764 760/760 761/761
f 764/764 767/767 760/760
f 765/765 755/755 763/763
f 765/765 756/756 755/755
f 765/765 763/763 766/766
f 768/768 766/766 767/767
f 768/768 767/767 764/764
f 769/769 766/766 768/768
f 770/770 766/766 769/769
f 770/770 765/765 766/766
f 757/757 765/765 770/770
f 758/758 769/769 768/768
f 758/758 770/770 747/747
f 758/758 747/747 770/770
f 758/758 768/768 764/764
f 758/758 770/770 769/769
f 758/758 757/757 770/770
f 757/757 756/756 765/765
f 767/767 766/766 771/771
f 767/767 771/771 772/772
f 766/766 763/763 773/773
f 766/766 773/773 771/771
f 773/773 774/774 772/772
f 773/773 772/772 771/771
f 759/759 767/767 772/772
f 759/759 772/772 774/774
f 763/763 759/759 774/774
f 763/763 774/774 773/773
f 765/765 744/744 749/749
f 765/765 750/750 744/744
f 765/765 749/749 750/750
f 762/762 739/739 735/735
f 761/761 738/738 739/739
f 761/761 739/739 762/762
f 760/760 738/738 761/761
f 760/760 742/742 738/738
f 760/760 735/735 742/742
f 762/762 735/735 760/760
f 833/833 789/789 834/834
f 833/833 806/806 789/789
f 831/831 830/830 832/832
f 832/832 830/830 831/831
f 825/825 824/824 826/826
f 825/825 775/775 824/824
f 823/823 792/792 822/822
f 790/790 776/776 817/817
f 777/777 814/814 831/831
f 777/777 834/834 814/814
f 787/787 777/777 831/831
f 787/787 831/831 816/816
f 791/791 787/787 816/816
f 791/791 816/816 778/778
f 779/779 791/791 778/778
f 779/779 778/778 780/780
f 781/781 779/779 780/780
f 781/781 780/780 782/782
f 781/781 782/782 815/815
f 783/783 781/781 815/815
f 786/786 783/783 784/784
f 786/786 784/784 813/813
f 785/785 786/786 813/813
f 785/785 813/813 812/812
f 834/834 785/785 812/812
f 834/834 812/812 814/814
f 830/830 777/777 787/787
f 829/829 787/787 791/791
f 788/788 787/787 829/829
f 834/834 777/777 830/830
f 788/788 830/830 787/787
f 789/789 834/834 830/830
f 785/785 834/834 789/789
f 791/791 788/788 829/829
f 795/795 789/789 830/830
f 795/795 830/830 788/788
f 790/790 789/789 795/795
f 794/794 795/795 788/788
f 775/775 788/788 791/791
f 790/790 785/785 789/789
f 775/775 794/794 788/788
f 824/824 775/775 791/791
f 779/779 824/824 791/791
f 794/794 775/775 824/824
f 781/781 824/824 779/779
f 792/792 794/794 824/824
f 786/786 790/790 794/794
f 792/792 824/824 781/781
f 786/786 785/785 790/790
f 793/793 786/786 794/794
f 793/793 794/794 792/792
f 783/783 786/786 793/793
f 781/781 793/793 792/792
f 783/783 793/793 781/781
f 795/795 794/794 790/790
f 795/795 797/797 794/794
f 795/795 796/796 797/797
f 798/798 795/795 794/794
f 799/799 794/794 797/797
f 798/798 794/794 799/799
f 801/801 798/798 835/835
f 801/801 805/805 800/800
f 803/803 805/805 801/801
f 802/802 836/836 804/804
f 803/803 801/801 835/835
f 803/803 836/836 802/802
f 803/803 835/835 836/836
f 805/805 806/806 807/807
f 800/800 805/805 807/807
f 800/800 807/807 808/808
f 837/837 800/800 808/808
f 804/804 837/837 808/808
f 804/804 808/808 809/809
f 802/802 804/804 809/809
f 802/802 809/809 810/810
f 803/803 802/802 810/810
f 803/803 810/810 811/811
f 805/805 803/803 811/811
f 805/805 811/811 806/806
f 817/817 812/812 813/813
f 833/833 814/814 812/812
f 818/818 813/813 784/784
f 806/806 814/814 833/833
f 818/818 817/817 813/813
f 833/833 812/812 817/817
f 818/818 784/784 815/815
f 831/831 814/814 806/806
f 808/808 807/807 817/817
f 807/807 833/833 817/817
f 808/808 817/817 818/818
f 806/806 833/833 807/807
f 820/820 818/818 815/815
f 832/832 831/831 806/806
f 820/820 808/808 818/818
f 832/832 806/806 811/811
f 820/820 809/809 808/808
f 816/816 831/831 832/832
f 782/782 820/820 815/815
f 827/827 832/832 811/811
f 821/821 809/809 820/820
f 827/827 816/816 832/832
f 821/821 820/820 782/782
f 822/822 809/809 821/821
f 822/822 810/810 809/809
f 782/782 822/822 821/821
f 780/780 822/822 782/782
f 826/826 811/811 810/810
f 826/826 810/810 822/822
f 826/826 827/827 811/811
f 778/778 816/816 827/827
f 780/780 826/826 822/822
f 778/778 827/827 826/826
f 778/778 826/826 780/780
f 784/784 783/783 815/815
f 790/790 817/817 776/776
f 793/793 819/819 820/820
f 819/819 793/793 820/820
f 822/822 821/821 823/823
f 823/823 821/821 792/792
f 792/792 821/821 822/822
f 775/775 825/825 826/826
f 826/826 824/824 775/775
f 828/828 788/788 829/829
f 788/788 828/828 829/829
f 834/834 806/806 833/833
f 806/806 834/834 789/789
f 835/835 799/799 836/836
f 835/835 798/798 799/799
f 836/836 799/799 797/797
f 836/836 797/797 804/804
f 804/804 797/797 837/837
f 837/837 797/797 796/796
f 837/837 796/796 800/800
f 800/800 796/796 801/801
f 801/801 796/796 795/795
f 801/801 795/795 798/798
f 749/749 838/838 744/744
f 839/839 838/838 749/749
f 839/839 749/749 750/750
f 843/843 750/750 744/744
f 840/840 843/843 744/744
f 841/841 840/840 744/744
f 841/841 744/744 838/838
f 842/842 841/841 838/838
f 842/842 838/838 839/839
f 842/842 839/839 750/750
f 843/843 842/842 750/750
f 844/844 843/843 840/840
f 844/844 840/840 841/841
f 842/842 844/844 841/841
f 842/842 843/843 844/844
f 843/843 846/846 844/844
f 843/843 845/845 846/846
f 844/844 845/845 843/843
f 844/844 846/846 845/845
f 848/848 750/750 749/749
f 847/847 848/848 749/749
f 847/847 749/749 744/744
f 848/848 847/847 744/744
f 848/848 744/744 750/750
f 851/851 850/850 849/849
f 854/854 850/850 853/853
f 850/850 854/854 849/849
f 851/851 852/852 853/853
f 852/852 851/851 849/849
f 851/851 853/853 850/850
f 853/853 852/852 855/855
f 856/856 852/852 849/849
f 854/854 856/856 849/849
f 854/854 853/853 855/855
f 856/856 854/854 855/855
f 856/856 855/855 852/852
f 739/739 735/735 857/857
f 739/739 857/857 858/858
f 738/738 739/739 858/858
f 861/861 857/857 735/735
f 860/860 861/861 735/735
f 860/860 735/735 742/742
f 859/859 860/860 742/742
f 859/859 742/742 738/738
f 859/859 738/738 858/858
f 862/862 859/859 858/858
f 861/861 862/862 858/858
f 861/861 858/858 857/857
f 859/859 862/862 860/860
f 861/861 864/864 862/862
f 861/861 863/863 864/864
f 860/860 863/863 861/861
f 862/862 863/863 860/860
f 862/862 864/864 863/863
f 866/866 738/738 742/742
f 865/865 866/866 742/742
f 865/865 742/742 735/735
f 865/865 735/735 739/739
f 865/865 739/739 738/738
f 866/866 865/865 738/738
f 874/874 873/873 871/871
f 874/874 871/871 872/872
f 867/867 870/870 871/871
f 867/867 871/871 870/870
f 869/869 867/867 870/870
f 871/871 868/868 870/870
f 873/873 876/876 868/868
f 871/871 868/868 872/872
f 868/868 871/871 873/873
f 876/876 872/872 868/868
f 870/870 868/868 871/871
f 876/876 877/877 872/872
f 875/875 876/876 873/873
f 877/877 873/873 874/874
f 877/877 874/874 872/872
f 876/876 875/875 877/877
f 875/875 873/873 877/877
f 869/869 870/870 867/867
f 883/883 896/896 897/897
f 878/878 896/896 883/883
f 878/878 898/898 896/896
f 878/878 880/880 898/898
f 879/879 880/880 878/878
f 882/882 880/880 879/879
f 882/882 881/881 880/880
f 882/882 897/897 881/881
f 883/883 897/897 882/882
f 879/879 887/887 882/882
f 879/879 889/889 887/887
f 882/882 887/887 888/888
f 879/879 886/886 889/889
f 890/890 882/882 888/888
f 886/886 879/879 878/878
f 890/890 883/883 882/882
f 885/885 886/886 878/878
f 884/884 883/883 890/890
f 885/885 883/883 884/884
f 885/885 878/878 883/883
f 884/884 892/892 896/896
f 884/884 896/896 894/894
f 885/885 884/884 894/894
f 885/885 894/894 893/893
f 886/886 885/885 893/893
f 889/889 886/886 893/893
f 889/889 893/893 895/895
f 887/887 889/889 895/895
f 887/887 895/895 891/891
f 888/888 887/887 891/891
f 890/890 891/891 892/892
f 890/890 888/888 891/891
f 884/884 890/890 892/892
f 896/896 892/892 897/897
f 897/897 892/892 891/891
f 881/881 897/897 891/891
f 881/881 891/891 895/895
f 894/894 898/898 893/893
f 893/893 898/898 880/880
f 893/893 880/880 895/895
f 896/896 898/898 894/894
f 881/881 895/895 880/880
f 904/904 957/957 902/902
f 903/903 914/914 912/912
f 903/903 912/912 904/904
f 899/899 903/903 904/904
f 899/899 904/904 902/902
f 900/900 899/899 902/902
f 905/905 915/915 903/903
f 929/929 902/902 930/930
f 905/905 903/903 899/899
f 929/929 900/900 902/902
f 1020/1020 900/900 929/929
f 901/901 905/905 899/899
f 901/901 918/918 905/905
f 924/924 906/906 1020/1020
f 906/906 900/900 1020/1020
f 1006/1006 918/918 901/901
f 906/906 901/901 900/900
f 907/907 1006/1006 901/901
f 1002/1002 907/907 901/901
f 1002/1002 901/901 906/906
f 1002/1002 906/906 908/908
f 923/923 907/907 1002/1002
f 899/899 909/909 947/947
f 900/900 909/909 899/899
f 900/900 910/910 909/909
f 901/901 910/910 900/900
f 901/901 911/911 910/910
f 899/899 911/911 901/901
f 899/899 947/947 911/911
f 919/919 918/918 1006/1006
f 976/976 919/919 1009/1009
f 908/908 961/961 1002/1002
f 1001/1001 1002/1002 961/961
f 1020/1020 927/927 924/924
f 926/926 924/924 927/927
f 930/930 931/931 929/929
f 933/933 932/932 930/930
f 932/932 931/931 930/930
f 935/935 902/902 958/958
f 957/957 958/958 902/902
f 936/936 906/906 924/924
f 936/936 924/924 908/908
f 936/936 908/908 906/906
f 938/938 937/937 929/929
f 938/938 929/929 931/931
f 938/938 931/931 1020/1020
f 937/937 938/938 1020/1020
f 937/937 1020/1020 929/929
f 939/939 902/902 930/930
f 939/939 930/930 902/902
f 940/940 912/912 957/957
f 940/940 957/957 904/904
f 940/940 904/904 912/912
f 941/941 914/914 903/903
f 941/941 903/903 915/915
f 941/941 915/915 914/914
f 942/942 905/905 918/918
f 942/942 918/918 905/905
f 943/943 1006/1006 907/907
f 943/943 907/907 1006/1006
f 944/944 1002/1002 923/923
f 944/944 923/923 1002/1002
f 1003/1003 923/923 1002/1002
f 957/957 912/912 987/987
f 924/924 1021/1021 908/908
f 907/907 1007/1007 1006/1006
f 909/909 946/946 945/945
f 947/947 909/909 945/945
f 910/910 946/946 909/909
f 910/910 948/948 946/946
f 949/949 911/911 947/947
f 949/949 948/948 910/910
f 949/949 910/910 911/911
f 946/946 951/951 950/950
f 946/946 950/950 945/945
f 946/946 952/952 951/951
f 948/948 952/952 946/946
f 948/948 953/953 952/952
f 949/949 953/953 948/948
f 949/949 954/954 953/953
f 947/947 954/954 949/949
f 945/945 954/954 947/947
f 945/945 950/950 954/954
f 914/914 915/915 955/955
f 912/912 914/914 956/956
f 915/915 905/905 1011/1011
f 918/918 1010/1010 905/905
f 919/919 1006/1006 959/959
f 930/930 902/902 1016/1016
f 1018/1018 931/931 932/932
f 923/923 1005/1005 907/907
f 960/960 1020/1020 931/931
f 962/962 964/964 1000/1000
f 1000/1000 963/963 962/962
f 1001/1001 964/964 965/965
f 1001/1001 1000/1000 964/964
f 976/976 917/917 978/978
f 981/981 980/980 917/917
f 920/920 976/976 974/974
f 984/984 983/983 981/981
f 973/973 920/920 966/966
f 971/971 973/973 972/972
f 954/954 917/917 976/976
f 954/954 981/981 917/917
f 954/954 976/976 920/920
f 953/953 954/954 920/920
f 950/950 981/981 954/954
f 950/950 984/984 981/981
f 913/913 985/985 984/984
f 953/953 920/920 973/973
f 953/953 973/973 971/971
f 950/950 913/913 984/984
f 951/951 913/913 950/950
f 965/965 971/971 970/970
f 967/967 988/988 913/913
f 965/965 953/953 971/971
f 967/967 913/913 951/951
f 962/962 953/953 965/965
f 934/934 967/967 951/951
f 934/934 990/990 967/967
f 962/962 965/965 964/964
f 993/993 951/951 952/952
f 993/993 934/934 951/951
f 925/925 953/953 962/962
f 925/925 952/952 953/953
f 999/999 925/925 962/962
f 992/992 934/934 993/993
f 994/994 993/993 952/952
f 996/996 952/952 925/925
f 994/994 952/952 996/996
f 996/996 925/925 969/969
f 995/995 994/994 996/996
f 994/994 968/968 993/993
f 965/965 970/970 1004/1004
f 1004/1004 1001/1001 965/965
f 922/922 970/970 971/971
f 922/922 1004/1004 970/970
f 972/972 922/922 971/971
f 921/921 972/972 973/973
f 966/966 920/920 975/975
f 966/966 975/975 1008/1008
f 973/973 966/966 1008/1008
f 921/921 973/973 1008/1008
f 975/975 974/974 1009/1009
f 975/975 920/920 974/974
f 1009/1009 974/974 976/976
f 976/976 977/977 919/919
f 976/976 978/978 977/977
f 978/978 917/917 979/979
f 977/977 978/978 979/979
f 917/917 980/980 1012/1012
f 979/979 917/917 1012/1012
f 980/980 981/981 916/916
f 916/916 981/981 983/983
f 983/983 982/982 916/916
f 982/982 983/983 1013/1013
f 984/984 1013/1013 983/983
f 985/985 913/913 986/986
f 984/984 985/985 1013/1013
f 1013/1013 985/985 1014/1014
f 986/986 1014/1014 985/985
f 986/986 988/988 987/987
f 986/986 913/913 988/988
f 989/989 988/988 967/967
f 988/988 989/989 987/987
f 1015/1015 989/989 990/990
f 990/990 989/989 967/967
f 935/935 990/990 934/934
f 1015/1015 990/990 935/935
f 991/991 935/935 934/934
f 992/992 991/991 934/934
f 991/991 992/992 933/933
f 933/933 992/992 993/993
f 933/933 968/968 1018/1018
f 933/933 993/993 968/968
f 1017/1017 1018/1018 968/968
f 1017/1017 968/968 994/994
f 1017/1017 994/994 1019/1019
f 994/994 995/995 1019/1019
f 928/928 995/995 996/996
f 928/928 1019/1019 995/995
f 926/926 969/969 925/925
f 928/928 996/996 969/969
f 928/928 969/969 997/997
f 926/926 997/997 969/969
f 963/963 998/998 962/962
f 926/926 999/999 998/998
f 926/926 925/925 999/999
f 998/998 999/999 962/962
f 908/908 1000/1000 961/961
f 908/908 963/963 1000/1000
f 1001/1001 961/961 1000/1000
f 1002/1002 1001/1001 1003/1003
f 1001/1001 1004/1004 1003/1003
f 922/922 1003/1003 1004/1004
f 922/922 923/923 1003/1003
f 921/921 907/907 1005/1005
f 923/923 972/972 1005/1005
f 923/923 922/922 972/972
f 921/921 1005/1005 972/972
f 907/907 921/921 1007/1007
f 1006/1006 1008/1008 975/975
f 921/921 1008/1008 1007/1007
f 1006/1006 1007/1007 1008/1008
f 1006/1006 1009/1009 959/959
f 1006/1006 975/975 1009/1009
f 1009/1009 919/919 959/959
f 977/977 1010/1010 918/918
f 977/977 918/918 919/919
f 979/979 1010/1010 977/977
f 905/905 1010/1010 979/979
f 905/905 1012/1012 1011/1011
f 905/905 979/979 1012/1012
f 1011/1011 1012/1012 980/980
f 915/915 980/980 916/916
f 915/915 1011/1011 980/980
f 955/955 915/915 916/916
f 982/982 955/955 916/916
f 982/982 1013/1013 955/955
f 1013/1013 914/914 955/955
f 912/912 956/956 986/986
f 914/914 1014/1014 956/956
f 1013/1013 1014/1014 914/914
f 986/986 956/956 1014/1014
f 912/912 986/986 987/987
f 987/987 989/989 957/957
f 1015/1015 957/957 989/989
f 957/957 1015/1015 958/958
f 935/935 958/958 1015/1015
f 1016/1016 902/902 935/935
f 1016/1016 935/935 991/991
f 991/991 930/930 1016/1016
f 991/991 933/933 930/930
f 933/933 1018/1018 932/932
f 1017/1017 931/931 1018/1018
f 1017/1017 960/960 931/931
f 960/960 1017/1017 1019/1019
f 928/928 960/960 1019/1019
f 1020/1020 960/960 928/928
f 997/997 927/927 1020/1020
f 928/928 997/997 1020/1020
f 926/926 927/927 997/997
f 1021/1021 963/963 908/908
f 926/926 1021/1021 924/924
f 926/926 998/998 1021/1021
f 998/998 963/963 1021/1021
f 1022/1022 1023/1023 1024/1024
f 1022/1022 1024/1024 2165/2165
f 1025/1025 1026/1026 1023/1023
f 1025/1025 1023/1023 1022/1022
f 1027/1027 1028/1028 1026/1026
f 1027/1027 1026/1026 1025/1025
f 1029/1029 1031/1031 1028/1028
f 1029/1029 1028/1028 1027/1027
f 1030/1030 1031/1031 1029/1029
f 1032/1032 1033/1033 1031/1031
f 1032/1032 1031/1031 1030/1030
f 1034/1034 1035/1035 1033/1033
f 1034/1034 1033/1033 1032/1032
f 1036/1036 1035/1035 1034/1034
f 1037/1037 1038/1038 1035/1035
f 1037/1037 1035/1035 1036/1036
f 1040/1040 1039/1039 1038/1038
f 1040/1040 1038/1038 1037/1037
f 1040/1040 1041/1041 1039/1039
f 2137/2137 1041/1041 1040/1040
f 2165/2165 1024/1024 1041/1041
f 2165/2165 1041/1041 2137/2137
f 1048/1048 1042/1042 1047/1047
f 1043/1043 1042/1042 1048/1048
f 1043/1043 1045/1045 1042/1042
f 1044/1044 1045/1045 1043/1043
f 1044/1044 1046/1046 1045/1045
f 1044/1044 1047/1047 1046/1046
f 1048/1048 1047/1047 1044/1044
f 1051/1051 1054/1054 1053/1053
f 1051/1051 1053/1053 1052/1052
f 1049/1049 1052/1052 1050/1050
f 1051/1051 1052/1052 1049/1049
f 1054/1054 1049/1049 1050/1050
f 1054/1054 1050/1050 1053/1053
f 1059/1059 1060/1060 1061/1061
f 1059/1059 1061/1061 1058/1058
f 1055/1055 1056/1056 1062/1062
f 1057/1057 1056/1056 1055/1055
f 1057/1057 1058/1058 1056/1056
f 1059/1059 1058/1058 1057/1057
f 1055/1055 1061/1061 1060/1060
f 1055/1055 1062/1062 1061/1061
f 1068/1068 1065/1065 1067/1067
f 1066/1066 1065/1065 1068/1068
f 1066/1066 1067/1067 1065/1065
f 1068/1068 1067/1067 1066/1066
f 1076/1076 1077/1077 1078/1078
f 1076/1076 1078/1078 1075/1075
f 1074/1074 1073/1073 1077/1077
f 1074/1074 1075/1075 1073/1073
f 1076/1076 1075/1075 1074/1074
f 1077/1077 1073/1073 1078/1078
f 1080/1080 1079/1079 1081/1081
f 1081/1081 1079/1079 1080/1080
f 1083/1083 1084/1084 1039/1039
f 1083/1083 1039/1039 1082/1082
f 1085/1085 1084/1084 1083/1083
f 1085/1085 1086/1086 1084/1084
f 1085/1085 1082/1082 1086/1086
f 1088/1088 1089/1089 1087/1087
f 1087/1087 1089/1089 1088/1088
f 1093/1093 1090/1090 1094/1094
f 1091/1091 1090/1090 1093/1093
f 1091/1091 1092/1092 1090/1090
f 1093/1093 1092/1092 1091/1091
f 1093/1093 1094/1094 1092/1092
f 1095/1095 1096/1096 1092/1092
f 1097/1097 1096/1096 1095/1095
f 1097/1097 1098/1098 1096/1096
f 1095/1095 1098/1098 1097/1097
f 1095/1095 1092/1092 1098/1098
f 1100/1100 1101/1101 1099/1099
f 1099/1099 1101/1101 1100/1100
f 1103/1103 1102/1102 1104/1104
f 1103/1103 1105/1105 1102/1102
f 1104/1104 1105/1105 1103/1103
f 1104/1104 1102/1102 1105/1105
f 1118/1118 1108/1108 1109/1109
f 1109/1109 1108/1108 1118/1118
f 1112/1112 1113/1113 1116/1116
f 1115/1115 1113/1113 1112/1112
f 1115/1115 1114/1114 1113/1113
f 1117/1117 1114/1114 1115/1115
f 1117/1117 1116/1116 1114/1114
f 1112/1112 1116/1116 1117/1117
f 1123/1123 1122/1122 1124/1124
f 1123/1123 1124/1124 1122/1122
f 1128/1128 1129/1129 1130/1130
f 1128/1128 1127/1127 1129/1129
f 1130/1130 1127/1127 1128/1128
f 1130/1130 1129/1129 1127/1127
f 1134/1134 1132/1132 1131/1131
f 1133/1133 1132/1132 1134/1134
f 1134/1134 1131/1131 1132/1132
f 1134/1134 1132/1132 1133/1133
f 1146/1146 1142/1142 1141/1141
f 1143/1143 1142/1142 1146/1146
f 1143/1143 1145/1145 1142/1142
f 1144/1144 1145/1145 1143/1143
f 1146/1146 1145/1145 1144/1144
f 1146/1146 1141/1141 1145/1145
f 1115/1115 1030/1030 1029/1029
f 1115/1115 1029/1029 1027/1027
f 1117/1117 1115/1115 1027/1027
f 1112/1112 1030/1030 1115/1115
f 1110/1110 1117/1117 1027/1027
f 1110/1110 1112/1112 1117/1117
f 1118/1118 1112/1112 1110/1110
f 1109/1109 1118/1118 1110/1110
f 1068/1068 1110/1110 1066/1066
f 1066/1066 1110/1110 1027/1027
f 1072/1072 1109/1109 1110/1110
f 1072/1072 1110/1110 1068/1068
f 1121/1121 1112/1112 1118/1118
f 1121/1121 1030/1030 1112/1112
f 1069/1069 1068/1068 1066/1066
f 1069/1069 1072/1072 1068/1068
f 1106/1106 1121/1121 1118/1118
f 1106/1106 1118/1118 1109/1109
f 1106/1106 1109/1109 1072/1072
f 1064/1064 1069/1069 1066/1066
f 1126/1126 1121/1121 1106/1106
f 1126/1126 1138/1138 1121/1121
f 1123/1123 1135/1135 1138/1138
f 1123/1123 1138/1138 1126/1126
f 1032/1032 1138/1138 1135/1135
f 1032/1032 1030/1030 1121/1121
f 1032/1032 1121/1121 1138/1138
f 1143/1143 1032/1032 1144/1144
f 1144/1144 1032/1032 1135/1135
f 1143/1143 1034/1034 1032/1032
f 1146/1146 1144/1144 1135/1135
f 1146/1146 1135/1135 1123/1123
f 1036/1036 1034/1034 1143/1143
f 1036/1036 1143/1143 1146/1146
f 1060/1060 1069/1069 1064/1064
f 1060/1060 1072/1072 1069/1069
f 1139/1139 1146/1146 1123/1123
f 1051/1051 1060/1060 1064/1064
f 1051/1051 1055/1055 1060/1060
f 1049/1049 1055/1055 1051/1051
f 1139/1139 1036/1036 1146/1146
f 1059/1059 1072/1072 1060/1060
f 1059/1059 1106/1106 1072/1072
f 1059/1059 1126/1126 1106/1106
f 1025/1025 1066/1066 1027/1027
f 1025/1025 1064/1064 1066/1066
f 1134/1134 1139/1139 1123/1123
f 1044/1044 1064/1064 1025/1025
f 1044/1044 1051/1051 1064/1064
f 1048/1048 1044/1044 1025/1025
f 1044/1044 1054/1054 1051/1051
f 1134/1134 1036/1036 1139/1139
f 1133/1133 1036/1036 1134/1134
f 1048/1048 1025/1025 1022/1022
f 1130/1130 1134/1134 1123/1123
f 1130/1130 1133/1133 1134/1134
f 1043/1043 1054/1054 1044/1044
f 1128/1128 1133/1133 1130/1130
f 1076/1076 1057/1057 1055/1055
f 1076/1076 1055/1055 1049/1049
f 1074/1074 1057/1057 1076/1076
f 1074/1074 1059/1059 1057/1057
f 2165/2165 1043/1043 1048/1048
f 2165/2165 1048/1048 1022/1022
f 1077/1077 1076/1076 1049/1049
f 1077/1077 1049/1049 1054/1054
f 1077/1077 1054/1054 1043/1043
f 1077/1077 1043/1043 2165/2165
f 1095/1095 1130/1130 1123/1123
f 1095/1095 1128/1128 1130/1130
f 1097/1097 1128/1128 1095/1095
f 1093/1093 1095/1095 1123/1123
f 1093/1093 1123/1123 1126/1126
f 1093/1093 1126/1126 1059/1059
f 1091/1091 1095/1095 1093/1093
f 1091/1091 1097/1097 1095/1095
f 1103/1103 1093/1093 1104/1104
f 1104/1104 1093/1093 1059/1059
f 1104/1104 1059/1059 1074/1074
f 1103/1103 1091/1091 1093/1093
f 1100/1100 1104/1104 1074/1074
f 1100/1100 1074/1074 1077/1077
f 1099/1099 1104/1104 1100/1100
f 1099/1099 1103/1103 1104/1104
f 1081/1081 1080/1080 1099/1099
f 1081/1081 1099/1099 1100/1100
f 1081/1081 1100/1100 1077/1077
f 1087/1087 1081/1081 1077/1077
f 1088/1088 1080/1080 1081/1081
f 1088/1088 1081/1081 1087/1087
f 1085/1085 1083/1083 1087/1087
f 1085/1085 1087/1087 1077/1077
f 2137/2137 1085/1085 1077/1077
f 2137/2137 1082/1082 1085/1085
f 2137/2137 1077/1077 2165/2165
f 1037/1037 1088/1088 1087/1087
f 1037/1037 1080/1080 1088/1088
f 1037/1037 1083/1083 1082/1082
f 1037/1037 1087/1087 1083/1083
f 1040/1040 1082/1082 2137/2137
f 1040/1040 1037/1037 1082/1082
f 1037/1037 1036/1036 1133/1133
f 1037/1037 1133/1133 1128/1128
f 1037/1037 1128/1128 1097/1097
f 1037/1037 1097/1097 1091/1091
f 1037/1037 1091/1091 1103/1103
f 1037/1037 1103/1103 1099/1099
f 1037/1037 1099/1099 1080/1080
f 1114/1114 1028/1028 1031/1031
f 1116/1116 1028/1028 1114/1114
f 1113/1113 1114/1114 1031/1031
f 1111/1111 1028/1028 1116/1116
f 1119/1119 1111/1111 1116/1116
f 1108/1108 1111/1111 1119/1119
f 1119/1119 1116/1116 1113/1113
f 1065/1065 1028/1028 1111/1111
f 1067/1067 1028/1028 1065/1065
f 1071/1071 1111/1111 1108/1108
f 1071/1071 1065/1065 1111/1111
f 1120/1120 1119/1119 1113/1113
f 1120/1120 1113/1113 1031/1031
f 1070/1070 1067/1067 1065/1065
f 1070/1070 1065/1065 1071/1071
f 1107/1107 1119/1119 1120/1120
f 1107/1107 1108/1108 1119/1119
f 1107/1107 1071/1071 1108/1108
f 1063/1063 1067/1067 1070/1070
f 1125/1125 1120/1120 1137/1137
f 1125/1125 1107/1107 1120/1120
f 1122/1122 1125/1125 1137/1137
f 1122/1122 1137/1137 1136/1136
f 1124/1124 1122/1122 1136/1136
f 1124/1124 1125/1125 1122/1122
f 1033/1033 1120/1120 1031/1031
f 1033/1033 1136/1136 1137/1137
f 1033/1033 1137/1137 1120/1120
f 1145/1145 1136/1136 1033/1033
f 1142/1142 1145/1145 1033/1033
f 1142/1142 1033/1033 1035/1035
f 1145/1145 1124/1124 1136/1136
f 1035/1035 1141/1141 1142/1142
f 1061/1061 1063/1063 1070/1070
f 1061/1061 1070/1070 1071/1071
f 1140/1140 1145/1145 1141/1141
f 1140/1140 1124/1124 1145/1145
f 1052/1052 1063/1063 1061/1061
f 1052/1052 1061/1061 1062/1062
f 1140/1140 1141/1141 1035/1035
f 1050/1050 1052/1052 1062/1062
f 1058/1058 1061/1061 1071/1071
f 1058/1058 1071/1071 1107/1107
f 1058/1058 1107/1107 1125/1125
f 1026/1026 1028/1028 1067/1067
f 1026/1026 1067/1067 1063/1063
f 1131/1131 1124/1124 1140/1140
f 1046/1046 1047/1047 1026/1026
f 1046/1046 1026/1026 1063/1063
f 1046/1046 1063/1063 1052/1052
f 1046/1046 1052/1052 1053/1053
f 1045/1045 1046/1046 1053/1053
f 1131/1131 1140/1140 1035/1035
f 1132/1132 1131/1131 1035/1035
f 1047/1047 1023/1023 1026/1026
f 1129/1129 1124/1124 1131/1131
f 1129/1129 1131/1131 1132/1132
f 1127/1127 1129/1129 1132/1132
f 1075/1075 1062/1062 1056/1056
f 1075/1075 1050/1050 1062/1062
f 1075/1075 1056/1056 1058/1058
f 1073/1073 1075/1075 1058/1058
f 1024/1024 1047/1047 1042/1042
f 1024/1024 1023/1023 1047/1047
f 1078/1078 1050/1050 1075/1075
f 1078/1078 1053/1053 1050/1050
f 1078/1078 1045/1045 1053/1053
f 1078/1078 1042/1042 1045/1045
f 1078/1078 1024/1024 1042/1042
f 1098/1098 1124/1124 1129/1129
f 1092/1092 1124/1124 1098/1098
f 1096/1096 1098/1098 1129/1129
f 1096/1096 1129/1129 1127/1127
f 1094/1094 1124/1124 1092/1092
f 1094/1094 1125/1125 1124/1124
f 1094/1094 1058/1058 1125/1125
f 1090/1090 1092/1092 1096/1096
f 1105/1105 1058/1058 1094/1094
f 1102/1102 1058/1058 1105/1105
f 1102/1102 1073/1073 1058/1058
f 1105/1105 1094/1094 1090/1090
f 1102/1102 1105/1105 1090/1090
f 1101/1101 1073/1073 1102/1102
f 1079/1079 1073/1073 1101/1101
f 1089/1089 1073/1073 1079/1079
f 1084/1084 1073/1073 1089/1089
f 1086/1086 1073/1073 1084/1084
f 1086/1086 1078/1078 1073/1073
f 1041/1041 1078/1078 1086/1086
f 1041/1041 1024/1024 1078/1078
f 1041/1041 1086/1086 1082/1082
f 1038/1038 1089/1089 1079/1079
f 1038/1038 1039/1039 1084/1084
f 1038/1038 1084/1084 1089/1089
f 1039/1039 1041/1041 1082/1082
f 1038/1038 1132/1132 1035/1035
f 1038/1038 1127/1127 1132/1132
f 1038/1038 1096/1096 1127/1127
f 1038/1038 1090/1090 1096/1096
f 1038/1038 1102/1102 1090/1090
f 1038/1038 1101/1101 1102/1102
f 1038/1038 1079/1079 1101/1101
f 1197/1197 1196/1196 1147/1147
f 1195/1195 1147/1147 1196/1196
f 1148/1148 1199/1199 1197/1197
f 1148/1148 1197/1197 1147/1147
f 1149/1149 1195/1195 1194/1194
f 1149/1149 1147/1147 1195/1195
f 1150/1150 1149/1149 1194/1194
f 1198/1198 1199/1199 1148/1148
f 1151/1151 1201/1201 1200/1200
f 1151/1151 1198/1198 1148/1148
f 1151/1151 1200/1200 1198/1198
f 1151/1151 1149/1149 1201/1201
f 1201/1201 1149/1149 1150/1150
f 1152/1152 1153/1153 1154/1154
f 1152/1152 1149/1149 1155/1155
f 1147/1147 1149/1149 1152/1152
f 1147/1147 1152/1152 1154/1154
f 1182/1182 1156/1156 1181/1181
f 1158/1158 1156/1156 1182/1182
f 1159/1159 1168/1168 1182/1182
f 1168/1168 1158/1158 1182/1182
f 1168/1168 1162/1162 1158/1158
f 1168/1168 1163/1163 1162/1162
f 1167/1167 1163/1163 1168/1168
f 1183/1183 1184/1184 1154/1154
f 1164/1164 1163/1163 1167/1167
f 1166/1166 1164/1164 1167/1167
f 1166/1166 1167/1167 1169/1169
f 1165/1165 1169/1169 1160/1160
f 1153/1153 1160/1160 1183/1183
f 1153/1153 1183/1183 1154/1154
f 1153/1153 1165/1165 1160/1160
f 1166/1166 1169/1169 1165/1165
f 1171/1171 1167/1167 1168/1168
f 1169/1169 1170/1170 1160/1160
f 1161/1161 1160/1160 1170/1170
f 1172/1172 1174/1174 1161/1161
f 1170/1170 1172/1172 1161/1161
f 1171/1171 1170/1170 1169/1169
f 1171/1171 1169/1169 1167/1167
f 1173/1173 1172/1172 1170/1170
f 1173/1173 1170/1170 1171/1171
f 1173/1173 1174/1174 1172/1172
f 1174/1174 1157/1157 1161/1161
f 1175/1175 1154/1154 1184/1184
f 1175/1175 1184/1184 1161/1161
f 1176/1176 1154/1154 1175/1175
f 1177/1177 1181/1181 1156/1156
f 1177/1177 1157/1157 1181/1181
f 1179/1179 1161/1161 1157/1157
f 1179/1179 1175/1175 1161/1161
f 1179/1179 1157/1157 1177/1177
f 1178/1178 1179/1179 1177/1177
f 1147/1147 1154/1154 1176/1176
f 1148/1148 1176/1176 1179/1179
f 1148/1148 1147/1147 1176/1176
f 1148/1148 1179/1179 1178/1178
f 1180/1180 1179/1179 1176/1176
f 1180/1180 1175/1175 1179/1179
f 1180/1180 1176/1176 1175/1175
f 1181/1181 1159/1159 1182/1182
f 1181/1181 1157/1157 1159/1159
f 1183/1183 1161/1161 1184/1184
f 1183/1183 1160/1160 1161/1161
f 1159/1159 1171/1171 1168/1168
f 1157/1157 1171/1171 1159/1159
f 1174/1174 1173/1173 1157/1157
f 1173/1173 1171/1171 1157/1157
f 1185/1185 1177/1177 1156/1156
f 1158/1158 1185/1185 1156/1156
f 1148/1148 1178/1178 1185/1185
f 1186/1186 1185/1185 1158/1158
f 1186/1186 1148/1148 1185/1185
f 1151/1151 1186/1186 1187/1187
f 1151/1151 1148/1148 1186/1186
f 1177/1177 1188/1188 1178/1178
f 1178/1178 1177/1177 1185/1185
f 1188/1188 1177/1177 1178/1178
f 1149/1149 1151/1151 1187/1187
f 1149/1149 1187/1187 1155/1155
f 1155/1155 1190/1190 1189/1189
f 1155/1155 1189/1189 1152/1152
f 1186/1186 1192/1192 1191/1191
f 1187/1187 1186/1186 1191/1191
f 1187/1187 1193/1193 1155/1155
f 1193/1193 1190/1190 1155/1155
f 1187/1187 1191/1191 1193/1193
f 1165/1165 1153/1153 1152/1152
f 1165/1165 1152/1152 1189/1189
f 1165/1165 1189/1189 1190/1190
f 1166/1166 1165/1165 1190/1190
f 1166/1166 1190/1190 1193/1193
f 1164/1164 1166/1166 1193/1193
f 1164/1164 1193/1193 1191/1191
f 1163/1163 1164/1164 1191/1191
f 1162/1162 1163/1163 1191/1191
f 1162/1162 1191/1191 1192/1192
f 1158/1158 1162/1162 1192/1192
f 1158/1158 1192/1192 1186/1186
f 1196/1196 1203/1203 1202/1202
f 1196/1196 1202/1202 1195/1195
f 1197/1197 1203/1203 1196/1196
f 1197/1197 1204/1204 1203/1203
f 1199/1199 1204/1204 1197/1197
f 1199/1199 1205/1205 1204/1204
f 1198/1198 1205/1205 1199/1199
f 1198/1198 1206/1206 1205/1205
f 1200/1200 1206/1206 1198/1198
f 1200/1200 1207/1207 1206/1206
f 1201/1201 1207/1207 1200/1200
f 1201/1201 1208/1208 1207/1207
f 1150/1150 1208/1208 1201/1201
f 1150/1150 1209/1209 1208/1208
f 1194/1194 1209/1209 1150/1150
f 1194/1194 1202/1202 1209/1209
f 1195/1195 1202/1202 1194/1194
f 1210/1210 1202/1202 1203/1203
f 1211/1211 1203/1203 1204/1204
f 1211/1211 1210/1210 1203/1203
f 1211/1211 1204/1204 1205/1205
f 1210/1210 1209/1209 1202/1202
f 1209/1209 1210/1210 1212/1212
f 1206/1206 1211/1211 1205/1205
f 1208/1208 1209/1209 1212/1212
f 1206/1206 1213/1213 1211/1211
f 1207/1207 1208/1208 1212/1212
f 1207/1207 1212/1212 1213/1213
f 1206/1206 1207/1207 1213/1213
f 1214/1214 1217/1217 1210/1210
f 1214/1214 1210/1210 1211/1211
f 1215/1215 1214/1214 1211/1211
f 1216/1216 1215/1215 1211/1211
f 1216/1216 1211/1211 1213/1213
f 1216/1216 1213/1213 1212/1212
f 1217/1217 1216/1216 1212/1212
f 1217/1217 1212/1212 1210/1210
f 1217/1217 1214/1214 1215/1215
f 1217/1217 1215/1215 1216/1216
f 1220/1220 1218/1218 1219/1219
f 1220/1220 1219/1219 1222/1222
f 1221/1221 1220/1220 1222/1222
f 1221/1221 1222/1222 1218/1218
f 1220/1220 1221/1221 1218/1218
f 1218/1218 1222/1222 1219/1219
f 1223/1223 1225/1225 1227/1227
f 1223/1223 1227/1227 1224/1224
f 1223/1223 1224/1224 1226/1226
f 1225/1225 1223/1223 1226/1226
f 1225/1225 1226/1226 1227/1227
f 1227/1227 1226/1226 1224/1224
f 1230/1230 1228/1228 1229/1229
f 1228/1228 1230/1230 1229/1229
f 1260/1260 1232/1232 1233/1233
f 1257/1257 1232/1232 1260/1260
f 1257/1257 1233/1233 1232/1232
f 1234/1234 1233/1233 1257/1257
f 1260/1260 1233/1233 1234/1234
f 1235/1235 1237/1237 1238/1238
f 1236/1236 1237/1237 1235/1235
f 1265/1265 1237/1237 1236/1236
f 1265/1265 1238/1238 1237/1237
f 1239/1239 1238/1238 1265/1265
f 1235/1235 1238/1238 1239/1239
f 1240/1240 1241/1241 1248/1248
f 1243/1243 1242/1242 1241/1241
f 1243/1243 1241/1241 1240/1240
f 1243/1243 1244/1244 1242/1242
f 1245/1245 1244/1244 1243/1243
f 1246/1246 1247/1247 1244/1244
f 1246/1246 1244/1244 1245/1245
f 1249/1249 1247/1247 1246/1246
f 1249/1249 1248/1248 1247/1247
f 1240/1240 1248/1248 1249/1249
f 1251/1251 1255/1255 1245/1245
f 1251/1251 1250/1250 1255/1255
f 1295/1295 1250/1250 1251/1251
f 1295/1295 1252/1252 1250/1250
f 1253/1253 1252/1252 1295/1295
f 1254/1254 1252/1252 1253/1253
f 1254/1254 1255/1255 1252/1252
f 1245/1245 1255/1255 1254/1254
f 1228/1228 1239/1239 1281/1281
f 1256/1256 1228/1228 1230/1230
f 1239/1239 1228/1228 1256/1256
f 1230/1230 1228/1228 1281/1281
f 1257/1257 1231/1231 1290/1290
f 1257/1257 1258/1258 1234/1234
f 1259/1259 1234/1234 1258/1258
f 1260/1260 1284/1284 1257/1257
f 1284/1284 1260/1260 1261/1261
f 1264/1264 1239/1239 1283/1283
f 1265/1265 1266/1266 1281/1281
f 1266/1266 1265/1265 1267/1267
f 1296/1296 1286/1286 1258/1258
f 1296/1296 1258/1258 1271/1271
f 1294/1294 1286/1286 1296/1296
f 1273/1273 1296/1296 1271/1271
f 1270/1270 1271/1271 1272/1272
f 1270/1270 1273/1273 1271/1271
f 1274/1274 1275/1275 1296/1296
f 1274/1274 1296/1296 1273/1273
f 1274/1274 1273/1273 1270/1270
f 1297/1297 1282/1282 1293/1293
f 1276/1276 1297/1297 1292/1292
f 1277/1277 1282/1282 1297/1297
f 1278/1278 1297/1297 1276/1276
f 1279/1279 1278/1278 1276/1276
f 1287/1287 1277/1277 1297/1297
f 1287/1287 1297/1297 1278/1278
f 1280/1280 1278/1278 1279/1279
f 1281/1281 1266/1266 1277/1277
f 1282/1282 1277/1277 1266/1266
f 1285/1285 1283/1283 1284/1284
f 1272/1272 1279/1279 1270/1270
f 1272/1272 1280/1280 1279/1279
f 1230/1230 1281/1281 1277/1277
f 1287/1287 1230/1230 1277/1277
f 1287/1287 1256/1256 1230/1230
f 1288/1288 1256/1256 1287/1287
f 1289/1289 1283/1283 1256/1256
f 1289/1289 1284/1284 1283/1283
f 1289/1289 1256/1256 1288/1288
f 1271/1271 1290/1290 1289/1289
f 1272/1272 1289/1289 1288/1288
f 1272/1272 1271/1271 1289/1289
f 1258/1258 1290/1290 1271/1271
f 1272/1272 1288/1288 1280/1280
f 1285/1285 1293/1293 1282/1282
f 1285/1285 1294/1294 1293/1293
f 1286/1286 1294/1294 1285/1285
f 1240/1240 1292/1292 1293/1293
f 1243/1243 1240/1240 1293/1293
f 1251/1251 1245/1245 1243/1243
f 1246/1246 1276/1276 1249/1249
f 1294/1294 1251/1251 1243/1243
f 1294/1294 1243/1243 1293/1293
f 1294/1294 1295/1295 1251/1251
f 1254/1254 1246/1246 1245/1245
f 1253/1253 1295/1295 1275/1275
f 1274/1274 1253/1253 1275/1275
f 1274/1274 1254/1254 1253/1253
f 1274/1274 1276/1276 1246/1246
f 1274/1274 1246/1246 1254/1254
f 1276/1276 1292/1292 1240/1240
f 1276/1276 1240/1240 1249/1249
f 1270/1270 1279/1279 1276/1276
f 1274/1274 1270/1270 1276/1276
f 1269/1269 1266/1266 1267/1267
f 1269/1269 1282/1282 1266/1266
f 1268/1268 1282/1282 1269/1269
f 1268/1268 1285/1285 1282/1282
f 1264/1264 1285/1285 1268/1268
f 1264/1264 1283/1283 1285/1285
f 1263/1263 1284/1284 1261/1261
f 1263/1263 1285/1285 1284/1284
f 1296/1296 1286/1286 1285/1285
f 1296/1296 1285/1285 1263/1263
f 1262/1262 1296/1296 1263/1263
f 1258/1258 1286/1286 1296/1296
f 1259/1259 1296/1296 1262/1262
f 1259/1259 1258/1258 1296/1296
f 1289/1289 1257/1257 1284/1284
f 1231/1231 1257/1257 1289/1289
f 1290/1290 1231/1231 1289/1289
f 1290/1290 1258/1258 1257/1257
f 1256/1256 1283/1283 1239/1239
f 1252/1252 1255/1255 1250/1250
f 1247/1247 1242/1242 1244/1244
f 1247/1247 1248/1248 1241/1241
f 1247/1247 1241/1241 1242/1242
f 1295/1295 1294/1294 1296/1296
f 1295/1295 1296/1296 1275/1275
f 1292/1292 1297/1297 1293/1293
f 1298/1298 1271/1271 1291/1291
f 1298/1298 1273/1273 1271/1271
f 1273/1273 1291/1291 1271/1271
f 1273/1273 1298/1298 1291/1291
f 1299/1299 1287/1287 1278/1278
f 1288/1288 1287/1287 1299/1299
f 1278/1278 1288/1288 1299/1299
f 1278/1278 1280/1280 1288/1288
f 1267/1267 1236/1236 1269/1269
f 1267/1267 1265/1265 1236/1236
f 1268/1268 1239/1239 1264/1264
f 1268/1268 1235/1235 1239/1239
f 1269/1269 1235/1235 1268/1268
f 1269/1269 1236/1236 1235/1235
f 1239/1239 1265/1265 1281/1281
f 1261/1261 1300/1300 1263/1263
f 1261/1261 1260/1260 1300/1300
f 1262/1262 1234/1234 1259/1259
f 1262/1262 1301/1301 1234/1234
f 1263/1263 1301/1301 1262/1262
f 1263/1263 1300/1300 1301/1301
f 1301/1301 1300/1300 1260/1260
f 1234/1234 1301/1301 1260/1260
f 1304/1304 1310/1310 1302/1302
f 1303/1303 1304/1304 1302/1302
f 1305/1305 1310/1310 1304/1304
f 1305/1305 1304/1304 1303/1303
f 1306/1306 1310/1310 1305/1305
f 1306/1306 1305/1305 1309/1309
f 1308/1308 1306/1306 1309/1309
f 1307/1307 1308/1308 1309/1309
f 1307/1307 1309/1309 1305/1305
f 1307/1307 1305/1305 1303/1303
f 1312/1312 1302/1302 1310/1310
f 1312/1312 1310/1310 1311/1311
f 1315/1315 1302/1302 1312/1312
f 1336/1336 1310/1310 1313/1313
f 1314/1314 1336/1336 1313/1313
f 1317/1317 1310/1310 1306/1306
f 1317/1317 1306/1306 1316/1316
f 1317/1317 1313/1313 1310/1310
f 1318/1318 1316/1316 1306/1306
f 1318/1318 1306/1306 1308/1308
f 1320/1320 1308/1308 1307/1307
f 1321/1321 1320/1320 1307/1307
f 1319/1319 1322/1322 1317/1317
f 1319/1319 1317/1317 1316/1316
f 1320/1320 1323/1323 1318/1318
f 1320/1320 1318/1318 1308/1308
f 1324/1324 1312/1312 1311/1311
f 1328/1328 1324/1324 1311/1311
f 1328/1328 1325/1325 1324/1324
f 1316/1316 1328/1328 1311/1311
f 1326/1326 1328/1328 1316/1316
f 1326/1326 1325/1325 1328/1328
f 1318/1318 1326/1326 1316/1316
f 1327/1327 1325/1325 1326/1326
f 1327/1327 1326/1326 1318/1318
f 1330/1330 1327/1327 1334/1334
f 1330/1330 1325/1325 1327/1327
f 1329/1329 1325/1325 1330/1330
f 1329/1329 1324/1324 1325/1325
f 1331/1331 1324/1324 1329/1329
f 1331/1331 1330/1330 1334/1334
f 1331/1331 1329/1329 1330/1330
f 1331/1331 1312/1312 1324/1324
f 1332/1332 1331/1331 1333/1333
f 1332/1332 1312/1312 1331/1331
f 1333/1333 1315/1315 1332/1332
f 1321/1321 1334/1334 1323/1323
f 1321/1321 1323/1323 1320/1320
f 1321/1321 1333/1333 1334/1334
f 1336/1336 1314/1314 1335/1335
f 1322/1322 1319/1319 1335/1335
f 1322/1322 1335/1335 1314/1314
f 1334/1334 1333/1333 1331/1331
f 1334/1334 1318/1318 1323/1323
f 1334/1334 1327/1327 1318/1318
f 1332/1332 1315/1315 1312/1312
f 1335/1335 1311/1311 1336/1336
f 1319/1319 1311/1311 1335/1335
f 1319/1319 1316/1316 1311/1311
f 1310/1310 1336/1336 1311/1311
f 1315/1315 1303/1303 1302/1302
f 1315/1315 1333/1333 1303/1303
f 1333/1333 1307/1307 1303/1303
f 1333/1333 1321/1321 1307/1307
f 1322/1322 1314/1314 1313/1313
f 1322/1322 1313/1313 1317/1317
f 1340/1340 1338/1338 1337/1337
f 1339/1339 1340/1340 1337/1337
f 1342/1342 1338/1338 1340/1340
f 1342/1342 1340/1340 1339/1339
f 1341/1341 1338/1338 1342/1342
f 1341/1341 1342/1342 1343/1343
f 1344/1344 1341/1341 1343/1343
f 1344/1344 1343/1343 1342/1342
f 1344/1344 1342/1342 1339/1339
f 1357/1357 1337/1337 1338/1338
f 1357/1357 1338/1338 1346/1346
f 1367/1367 1337/1337 1357/1357
f 1368/1368 1346/1346 1347/1347
f 1348/1348 1368/1368 1347/1347
f 1364/1364 1337/1337 1367/1367
f 1347/1347 1346/1346 1338/1338
f 1349/1349 1338/1338 1341/1341
f 1349/1349 1347/1347 1338/1338
f 1345/1345 1354/1354 1341/1341
f 1345/1345 1341/1341 1344/1344
f 1341/1341 1354/1354 1350/1350
f 1353/1353 1345/1345 1344/1344
f 1351/1351 1353/1353 1344/1344
f 1350/1350 1352/1352 1349/1349
f 1350/1350 1349/1349 1341/1341
f 1355/1355 1350/1350 1354/1354
f 1356/1356 1357/1357 1346/1346
f 1359/1359 1356/1356 1346/1346
f 1359/1359 1358/1358 1356/1356
f 1354/1354 1359/1359 1346/1346
f 1360/1360 1358/1358 1359/1359
f 1361/1361 1359/1359 1354/1354
f 1361/1361 1360/1360 1359/1359
f 1345/1345 1361/1361 1354/1354
f 1362/1362 1360/1360 1361/1361
f 1363/1363 1356/1356 1358/1358
f 1363/1363 1360/1360 1362/1362
f 1363/1363 1358/1358 1360/1360
f 1363/1363 1357/1357 1356/1356
f 1364/1364 1363/1363 1365/1365
f 1364/1364 1357/1357 1363/1363
f 1351/1351 1362/1362 1353/1353
f 1351/1351 1365/1365 1362/1362
f 1368/1368 1348/1348 1366/1366
f 1352/1352 1355/1355 1366/1366
f 1352/1352 1366/1366 1348/1348
f 1350/1350 1355/1355 1352/1352
f 1362/1362 1365/1365 1363/1363
f 1362/1362 1345/1345 1353/1353
f 1362/1362 1361/1361 1345/1345
f 1364/1364 1367/1367 1357/1357
f 1366/1366 1346/1346 1368/1368
f 1355/1355 1346/1346 1366/1366
f 1355/1355 1354/1354 1346/1346
f 1364/1364 1339/1339 1337/1337
f 1364/1364 1365/1365 1339/1339
f 1365/1365 1344/1344 1339/1339
f 1365/1365 1351/1351 1344/1344
f 1352/1352 1348/1348 1347/1347
f 1352/1352 1347/1347 1349/1349
f 1369/1369 1370/1370 1483/1483
f 1371/1371 1369/1369 1483/1483
f 1372/1372 1371/1371 1483/1483
f 1373/1373 1372/1372 1483/1483
f 1374/1374 1373/1373 1483/1483
f 1375/1375 1374/1374 1483/1483
f 1376/1376 1375/1375 1483/1483
f 1377/1377 1376/1376 1483/1483
f 1378/1378 1377/1377 1483/1483
f 1379/1379 1378/1378 1483/1483
f 1380/1380 1379/1379 1483/1483
f 1381/1381 1380/1380 1483/1483
f 1382/1382 1381/1381 1483/1483
f 1383/1383 1382/1382 1483/1483
f 1384/1384 1383/1383 1483/1483
f 1385/1385 1384/1384 1483/1483
f 1386/1386 1385/1385 1483/1483
f 1387/1387 1386/1386 1483/1483
f 1388/1388 1387/1387 1483/1483
f 1389/1389 1388/1388 1483/1483
f 1390/1390 1389/1389 1483/1483
f 1391/1391 1390/1390 1483/1483
f 1392/1392 1391/1391 1483/1483
f 1393/1393 1392/1392 1483/1483
f 1394/1394 1393/1393 1483/1483
f 1395/1395 1394/1394 1483/1483
f 1396/1396 1395/1395 1483/1483
f 1397/1397 1396/1396 1483/1483
f 1398/1398 1397/1397 1483/1483
f 1399/1399 1398/1398 1483/1483
f 1400/1400 1399/1399 1483/1483
f 1401/1401 1400/1400 1483/1483
f 1402/1402 1401/1401 1483/1483
f 1403/1403 1402/1402 1483/1483
f 1404/1404 1403/1403 1483/1483
f 1405/1405 1404/1404 1483/1483
f 1406/1406 1405/1405 1483/1483
f 1407/1407 1406/1406 1483/1483
f 1408/1408 1407/1407 1483/1483
f 1409/1409 1408/1408 1483/1483
f 1410/1410 1409/1409 1483/1483
f 1411/1411 1410/1410 1483/1483
f 1412/1412 1411/1411 1483/1483
f 1413/1413 1412/1412 1483/1483
f 1414/1414 1413/1413 1483/1483
f 1415/1415 1414/1414 1483/1483
f 1416/1416 1415/1415 1483/1483
f 1417/1417 1416/1416 1483/1483
f 1418/1418 1417/1417 1483/1483
f 1419/1419 1418/1418 1483/1483
f 1420/1420 1419/1419 1483/1483
f 1421/1421 1420/1420 1483/1483
f 1422/1422 1421/1421 1483/1483
f 1423/1423 1422/1422 1483/1483
f 1424/1424 1423/1423 1483/1483
f 1425/1425 1424/1424 1483/1483
f 1426/1426 1425/1425 1483/1483
f 1427/1427 1426/1426 1483/1483
f 1428/1428 1427/1427 1483/1483
f 1429/1429 1428/1428 1483/1483
f 1430/1430 1429/1429 1483/1483
f 1431/1431 1430/1430 1483/1483
f 1432/1432 1431/1431 1483/1483
f 1433/1433 1432/1432 1483/1483
f 1434/1434 1433/1433 1483/1483
f 1435/1435 1434/1434 1483/1483
f 1436/1436 1435/1435 1483/1483
f 1437/1437 1436/1436 1483/1483
f 1438/1438 1437/1437 1483/1483
f 1439/1439 1438/1438 1483/1483
f 1440/1440 1439/1439 1483/1483
f 1441/1441 1440/1440 1483/1483
f 1442/1442 1441/1441 1483/1483
f 1443/1443 1442/1442 1483/1483
f 1444/1444 1443/1443 1483/1483
f 1445/1445 1444/1444 1483/1483
f 1446/1446 1445/1445 1483/1483
f 1447/1447 1446/1446 1483/1483
f 1448/1448 1447/1447 1483/1483
f 1449/1449 1448/1448 1483/1483
f 1450/1450 1449/1449 1483/1483
f 1451/1451 1450/1450 1483/1483
f 1452/1452 1451/1451 1483/1483
f 1453/1453 1452/1452 1483/1483
f 1454/1454 1453/1453 1483/1483
f 1455/1455 1454/1454 1483/1483
f 1456/1456 1455/1455 1483/1483
f 1457/1457 1456/1456 1483/1483
f 1458/1458 1457/1457 1483/1483
f 1459/1459 1458/1458 1483/1483
f 1460/1460 1459/1459 1483/1483
f 1461/1461 1460/1460 1483/1483
f 1462/1462 1461/1461 1483/1483
f 1463/1463 1462/1462 1483/1483
f 1464/1464 1463/1463 1483/1483
f 1465/1465 1464/1464 1483/1483
f 1466/1466 1465/1465 1483/1483
f 1467/1467 1466/1466 1483/1483
f 1468/1468 1467/1467 1483/1483
f 1469/1469 1468/1468 1483/1483
f 1470/1470 1469/1469 1483/1483
f 1471/1471 1470/1470 1483/1483
f 1472/1472 1471/1471 1483/1483
f 1473/1473 1472/1472 1483/1483
f 1474/1474 1473/1473 1483/1483
f 1475/1475 1474/1474 1483/1483
f 1476/1476 1475/1475 1483/1483
f 1477/1477 1476/1476 1483/1483
f 1478/1478 1477/1477 1483/1483
f 1479/1479 1478/1478 1483/1483
f 1480/1480 1479/1479 1483/1483
f 1481/1481 1480/1480 1483/1483
f 1482/1482 1481/1481 1483/1483
f 1484/1484 1482/1482 1483/1483
f 1485/1485 1484/1484 1483/1483
f 1486/1486 1485/1485 1483/1483
f 1487/1487 1486/1486 1483/1483
f 1488/1488 1487/1487 1483/1483
f 1489/1489 1488/1488 1483/1483
f 1490/1490 1489/1489 1483/1483
f 1491/1491 1490/1490 1483/1483
f 1492/1492 1491/1491 1483/1483
f 1493/1493 1492/1492 1483/1483
f 1494/1494 1493/1493 1483/1483
f 1495/1495 1494/1494 1483/1483
f 1370/1370 1495/1495 1483/1483
f 1497/1497 1632/1632 1639/1639
f 1497/1497 1496/1496 1632/1632
f 1632/1632 1630/1630 1640/1640
f 1632/1632 1640/1640 1639/1639
f 1498/1498 1502/1502 1503/1503
f 1499/1499 1500/1500 1501/1501
f 1501/1501 1633/1633 1499/1499
f 1500/1500 1503/1503 1502/1502
f 1499/1499 1503/1503 1500/1500
f 1498/1498 1501/1501 1500/1500
f 1502/1502 1498/1498 1500/1500
f 1634/1634 1498/1498 1503/1503
f 1504/1504 1505/1505 1506/1506
f 1507/1507 1508/1508 1509/1509
f 1507/1507 1510/1510 1508/1508
f 1507/1507 1511/1511 1510/1510
f 1512/1512 1513/1513 1514/1514
f 1515/1515 1516/1516 1517/1517
f 1515/1515 1518/1518 1516/1516
f 1515/1515 1519/1519 1518/1518
f 1515/1515 1520/1520 1519/1519
f 1521/1521 1522/1522 1523/1523
f 1521/1521 1524/1524 1522/1522
f 1521/1521 1525/1525 1526/1526
f 1521/1521 1527/1527 1525/1525
f 1521/1521 1528/1528 1527/1527
f 1521/1521 1529/1529 1528/1528
f 1521/1521 1530/1530 1531/1531
f 1521/1521 1532/1532 1530/1530
f 1521/1521 1533/1533 1534/1534
f 1521/1521 1535/1535 1533/1533
f 1521/1521 1536/1536 1535/1535
f 1521/1521 1537/1537 1536/1536
f 1521/1521 1538/1538 1537/1537
f 1521/1521 1539/1539 1538/1538
f 1521/1521 1540/1540 1539/1539
f 1521/1521 1541/1541 1540/1540
f 1521/1521 1542/1542 1541/1541
f 1521/1521 1543/1543 1542/1542
f 1521/1521 1544/1544 1543/1543
f 1521/1521 1545/1545 1544/1544
f 1521/1521 1546/1546 1545/1545
f 1521/1521 1547/1547 1546/1546
f 1521/1521 1548/1548 1547/1547
f 1521/1521 1549/1549 1548/1548
f 1521/1521 1550/1550 1549/1549
f 1521/1521 1551/1551 1550/1550
f 1521/1521 1552/1552 1551/1551
f 1521/1521 1553/1553 1552/1552
f 1521/1521 1554/1554 1553/1553
f 1521/1521 1555/1555 1554/1554
f 1521/1521 1556/1556 1555/1555
f 1521/1521 1557/1557 1556/1556
f 1521/1521 1558/1558 1557/1557
f 1521/1521 1559/1559 1558/1558
f 1521/1521 1560/1560 1559/1559
f 1521/1521 1561/1561 1560/1560
f 1521/1521 1562/1562 1561/1561
f 1521/1521 1563/1563 1562/1562
f 1521/1521 1564/1564 1563/1563
f 1521/1521 1565/1565 1564/1564
f 1521/1521 1566/1566 1565/1565
f 1521/1521 1567/1567 1566/1566
f 1521/1521 1568/1568 1567/1567
f 1521/1521 1569/1569 1568/1568
f 1521/1521 1570/1570 1569/1569
f 1521/1521 1571/1571 1570/1570
f 1521/1521 1572/1572 1571/1571
f 1521/1521 1573/1573 1572/1572
f 1521/1521 1574/1574 1573/1573
f 1521/1521 1575/1575 1574/1574
f 1521/1521 1576/1576 1575/1575
f 1521/1521 1577/1577 1576/1576
f 1521/1521 1578/1578 1577/1577
f 1521/1521 1579/1579 1578/1578
f 1521/1521 1580/1580 1579/1579
f 1521/1521 1581/1581 1580/1580
f 1521/1521 1582/1582 1581/1581
f 1521/1521 1583/1583 1582/1582
f 1521/1521 1584/1584 1583/1583
f 1521/1521 1585/1585 1584/1584
f 1521/1521 1586/1586 1585/1585
f 1521/1521 1587/1587 1586/1586
f 1521/1521 1588/1588 1587/1587
f 1521/1521 1589/1589 1588/1588
f 1521/1521 1590/1590 1589/1589
f 1521/1521 1591/1591 1592/1592
f 1521/1521 1593/1593 1591/1591
f 1521/1521 1594/1594 1593/1593
f 1521/1521 1595/1595 1594/1594
f 1521/1521 1596/1596 1595/1595
f 1521/1521 1597/1597 1596/1596
f 1521/1521 1598/1598 1597/1597
f 1521/1521 1599/1599 1598/1598
f 1521/1521 1600/1600 1599/1599
f 1521/1521 1601/1601 1600/1600
f 1521/1521 1602/1602 1601/1601
f 1521/1521 1603/1603 1602/1602
f 1532/1532 1534/1534 1604/1604
f 1521/1521 1605/1605 1603/1603
f 1521/1521 1606/1606 1605/1605
f 1521/1521 1607/1607 1606/1606
f 1521/1521 1608/1608 1607/1607
f 1521/1521 1609/1609 1608/1608
f 1521/1521 1610/1610 1609/1609
f 1521/1521 1611/1611 1610/1610
f 1521/1521 1612/1612 1611/1611
f 1521/1521 1613/1613 1612/1612
f 1521/1521 1509/1509 1613/1613
f 1521/1521 1514/1514 1507/1507
f 1521/1521 1614/1614 1512/1512
f 1521/1521 1615/1615 1520/1520
f 1521/1521 1616/1616 1615/1615
f 1521/1521 1504/1504 1616/1616
f 1521/1521 1617/1617 1505/1505
f 1521/1521 1523/1523 1618/1618
f 1521/1521 1531/1531 1619/1619
f 1521/1521 1534/1534 1532/1532
f 1521/1521 1619/1619 1529/1529
f 1521/1521 1592/1592 1590/1590
f 1521/1521 1620/1620 1524/1524
f 1521/1521 1526/1526 1620/1620
f 1521/1521 1618/1618 1617/1617
f 1521/1521 1507/1507 1509/1509
f 1521/1521 1505/1505 1504/1504
f 1521/1521 1520/1520 1515/1515
f 1521/1521 1512/1512 1514/1514
f 1592/1592 1621/1621 1590/1590
f 1619/1619 1622/1622 1623/1623
f 1619/1619 1531/1531 1622/1622
f 1529/1529 1619/1619 1624/1624
f 1625/1625 1526/1526 1626/1626
f 1620/1620 1526/1526 1625/1625
f 1524/1524 1620/1620 1627/1627
f 1617/1617 1628/1628 1629/1629
f 1617/1617 1618/1618 1628/1628
f 1503/1503 1499/1499 1633/1633
f 1634/1634 1503/1503 1633/1633
f 1498/1498 1638/1638 1636/1636
f 1496/1496 1631/1631 1501/1501
f 1635/1635 1496/1496 1501/1501
f 1498/1498 1635/1635 1501/1501
f 1636/1636 1635/1635 1498/1498
f 1501/1501 1631/1631 1633/1633
f 1642/1642 1640/1640 1630/1630
f 1638/1638 1498/1498 1634/1634
f 1637/1637 1632/1632 1496/1496
f 1636/1636 1483/1483 1637/1637
f 1630/1630 1483/1483 1636/1636
f 1630/1630 1632/1632 1483/1483
f 1483/1483 1632/1632 1637/1637
f 1634/1634 1631/1631 1643/1643
f 1634/1634 1633/1633 1631/1631
f 1638/1638 1634/1634 1643/1643
f 1638/1638 1630/1630 1636/1636
f 1638/1638 1642/1642 1630/1630
f 1496/1496 1497/1497 1631/1631
f 1641/1641 1631/1631 1497/1497
f 1641/1641 1643/1643 1631/1631
f 1637/1637 1496/1496 1635/1635
f 1635/1635 1636/1636 1637/1637
f 1642/1642 1497/1497 1639/1639
f 1642/1642 1639/1639 1640/1640
f 1642/1642 1638/1638 1643/1643
f 1642/1642 1641/1641 1497/1497
f 1642/1642 1643/1643 1641/1641
f 1645/1645 1644/1644 1661/1661
f 1646/1646 1661/1661 1653/1653
f 1661/1661 1646/1646 1645/1645
f 1647/1647 1656/1656 1655/1655
f 1659/1659 1663/1663 1660/1660
f 1656/1656 1653/1653 1659/1659
f 1653/1653 1663/1663 1659/1659
f 1654/1654 1649/1649 1662/1662
f 1658/1658 1654/1654 1644/1644
f 1644/1644 1654/1654 1662/1662
f 1648/1648 1649/1649 1654/1654
f 1651/1651 1665/1665 1650/1650
f 1652/1652 1664/1664 1651/1651
f 1652/1652 1651/1651 1650/1650
f 1649/1649 1648/1648 1654/1654
f 1649/1649 1648/1648 1657/1657
f 1651/1651 1650/1650 1665/1665
f 1652/1652 1650/1650 1651/1651
f 1664/1664 1652/1652 1651/1651
f 1661/1661 1662/1662 1651/1651
f 1644/1644 1662/1662 1661/1661
f 1653/1653 1664/1664 1663/1663
f 1665/1665 1651/1651 1662/1662
f 1654/1654 1662/1662 1649/1649
f 1658/1658 1644/1644 1654/1654
f 1644/1644 1662/1662 1654/1654
f 1647/1647 1655/1655 1656/1656
f 1649/1649 1657/1657 1648/1648
f 1659/1659 1653/1653 1656/1656
f 1663/1663 1653/1653 1659/1659
f 1663/1663 1659/1659 1660/1660
f 1651/1651 1653/1653 1661/1661
f 1651/1651 1664/1664 1653/1653
f 1662/1662 1644/1644 1645/1645
f 1665/1665 1662/1662 1645/1645
f 1664/1664 1646/1646 1653/1653
f 1663/1663 1664/1664 1653/1653
f 1651/1651 1645/1645 1646/1646
f 1664/1664 1651/1651 1646/1646
f 1665/1665 1645/1645 1651/1651
f 1668/1668 1669/1669 1667/1667
f 1669/1669 1666/1666 1667/1667
f 1666/1666 1669/1669 1668/1668
f 1668/1668 1667/1667 1666/1666
f 1673/1673 1670/1670 1671/1671
f 1673/1673 1672/1672 1670/1670
f 1671/1671 1674/1674 1675/1675
f 1671/1671 1670/1670 1674/1674
f 1676/1676 1671/1671 1675/1675
f 1673/1673 1671/1671 1676/1676
f 1676/1676 1672/1672 1673/1673
f 1676/1676 1677/1677 1672/1672
f 1677/1677 1670/1670 1672/1672
f 1677/1677 1674/1674 1670/1670
f 1676/1676 1675/1675 1674/1674
f 1676/1676 1674/1674 1677/1677
f 1678/1678 1679/1679 1680/1680
f 1678/1678 1681/1681 1679/1679
f 1680/1680 1679/1679 1682/1682
f 1678/1678 1683/1683 1681/1681
f 1684/1684 1683/1683 1678/1678
f 1684/1684 1682/1682 1683/1683
f 1684/1684 1680/1680 1682/1682
f 1681/1681 1682/1682 1679/1679
f 1683/1683 1682/1682 1681/1681
f 1678/1678 1680/1680 1684/1684
f 1686/1686 1687/1687 1685/1685
f 1685/1685 1687/1687 1686/1686
f 1690/1690 1688/1688 1689/1689
f 1690/1690 1689/1689 1691/1691
f 1688/1688 1690/1690 1691/1691
f 1688/1688 1691/1691 1692/1692
f 1688/1688 1692/1692 1689/1689
f 1691/1691 1689/1689 1692/1692
f 1694/1694 1693/1693 1698/1698
f 1695/1695 1694/1694 1696/1696
f 1697/1697 1695/1695 1696/1696
f 1693/1693 1695/1695 1697/1697
f 1693/1693 1697/1697 1698/1698
f 1695/1695 1693/1693 1694/1694
f 1697/1697 1694/1694 1698/1698
f 1696/1696 1694/1694 1697/1697
f 1701/1701 1699/1699 1700/1700
f 1701/1701 1700/1700 1702/1702
f 1703/1703 1701/1701 1702/1702
f 1703/1703 1702/1702 1704/1704
f 1699/1699 1703/1703 1704/1704
f 1699/1699 1704/1704 1700/1700
f 1701/1701 1703/1703 1699/1699
f 1702/1702 1700/1700 1704/1704
f 1701/1701 1699/1699 1700/1700
f 1701/1701 1700/1700 1702/1702
f 1703/1703 1701/1701 1702/1702
f 1703/1703 1702/1702 1704/1704
f 1699/1699 1703/1703 1704/1704
f 1699/1699 1704/1704 1700/1700
f 1701/1701 1703/1703 1699/1699
f 1702/1702 1700/1700 1704/1704
f 1707/1707 1705/1705 1706/1706
f 1707/1707 1706/1706 1708/1708
f 1705/1705 1707/1707 1708/1708
f 1705/1705 1708/1708 1709/1709
f 1705/1705 1709/1709 1706/1706
f 1708/1708 1706/1706 1709/1709
f 1711/1711 1710/1710 1715/1715
f 1712/1712 1711/1711 1713/1713
f 1714/1714 1712/1712 1713/1713
f 1710/1710 1712/1712 1714/1714
f 1710/1710 1714/1714 1715/1715
f 1712/1712 1710/1710 1711/1711
f 1714/1714 1711/1711 1715/1715
f 1713/1713 1711/1711 1714/1714
f 1718/1718 1719/1719 1716/1716
f 1717/1717 1718/1718 1716/1716
f 1717/1717 1716/1716 1719/1719
f 1718/1718 1717/1717 1719/1719
f 1722/1722 1720/1720 1721/1721
f 1722/1722 1721/1721 1723/1723
f 1720/1720 1722/1722 1723/1723
f 1720/1720 1723/1723 1724/1724
f 1720/1720 1724/1724 1721/1721
f 1723/1723 1721/1721 1724/1724
f 1727/1727 1725/1725 1726/1726
f 1727/1727 1726/1726 1728/1728
f 1725/1725 1727/1727 1728/1728
f 1725/1725 1728/1728 1729/1729
f 1725/1725 1729/1729 1726/1726
f 1728/1728 1726/1726 1729/1729
f 1732/1732 1730/1730 1731/1731
f 1732/1732 1731/1731 1733/1733
f 1730/1730 1732/1732 1733/1733
f 1730/1730 1733/1733 1734/1734
f 1730/1730 1734/1734 1731/1731
f 1733/1733 1731/1731 1734/1734
f 1737/1737 1735/1735 1736/1736
f 1737/1737 1736/1736 1738/1738
f 1735/1735 1737/1737 1738/1738
f 1735/1735 1738/1738 1739/1739
f 1735/1735 1739/1739 1736/1736
f 1738/1738 1736/1736 1739/1739
f 1742/1742 1740/1740 1741/1741
f 1742/1742 1741/1741 1743/1743
f 1740/1740 1742/1742 1743/1743
f 1740/1740 1743/1743 1744/1744
f 1740/1740 1744/1744 1741/1741
f 1743/1743 1741/1741 1744/1744
f 1746/1746 1745/1745 1750/1750
f 1747/1747 1746/1746 1748/1748
f 1749/1749 1747/1747 1748/1748
f 1745/1745 1747/1747 1749/1749
f 1745/1745 1749/1749 1750/1750
f 1747/1747 1745/1745 1746/1746
f 1749/1749 1746/1746 1750/1750
f 1748/1748 1746/1746 1749/1749
f 1752/1752 1751/1751 1756/1756
f 1753/1753 1752/1752 1754/1754
f 1755/1755 1753/1753 1754/1754
f 1751/1751 1753/1753 1755/1755
f 1751/1751 1755/1755 1756/1756
f 1753/1753 1751/1751 1752/1752
f 1755/1755 1752/1752 1756/1756
f 1754/1754 1752/1752 1755/1755
f 1758/1758 1757/1757 1762/1762
f 1759/1759 1758/1758 1760/1760
f 1761/1761 1759/1759 1760/1760
f 1757/1757 1759/1759 1761/1761
f 1757/1757 1761/1761 1762/1762
f 1759/1759 1757/1757 1758/1758
f 1761/1761 1758/1758 1762/1762
f 1760/1760 1758/1758 1761/1761
f 1763/1763 1764/1764 1765/1765
f 1763/1763 1766/1766 1764/1764
f 1767/1767 1763/1763 1765/1765
f 1768/1768 1763/1763 1767/1767
f 1764/1764 1769/1769 1770/1770
f 1766/1766 1769/1769 1764/1764
f 1769/1769 1767/1767 1770/1770
f 1769/1769 1768/1768 1767/1767
f 1766/1766 1768/1768 1769/1769
f 1766/1766 1763/1763 1768/1768
f 1777/1777 1771/1771 1778/1778
f 1772/1772 1771/1771 1777/1777
f 1772/1772 1773/1773 1771/1771
f 1774/1774 1773/1773 1772/1772
f 1775/1775 1776/1776 1773/1773
f 1775/1775 1773/1773 1774/1774
f 1777/1777 1776/1776 1775/1775
f 1777/1777 1778/1778 1776/1776
f 1780/1780 1779/1779 1786/1786
f 1780/1780 1781/1781 1779/1779
f 1782/1782 1781/1781 1780/1780
f 1784/1784 1781/1781 1782/1782
f 1784/1784 1783/1783 1781/1781
f 1785/1785 1783/1783 1784/1784
f 1785/1785 1786/1786 1783/1783
f 1780/1780 1786/1786 1785/1785
f 1787/1787 1788/1788 1789/1789
f 1787/1787 1790/1790 1788/1788
f 1788/1788 1791/1791 1792/1792
f 1790/1790 1791/1791 1788/1788
f 1791/1791 1793/1793 1792/1792
f 1791/1791 1794/1794 1793/1793
f 1794/1794 1789/1789 1793/1793
f 1794/1794 1787/1787 1789/1789
f 1785/1785 1790/1790 1780/1780
f 1782/1782 1780/1780 1790/1790
f 1767/1767 1785/1785 1784/1784
f 1791/1791 1785/1785 1767/1767
f 1791/1791 1790/1790 1785/1785
f 1765/1765 1791/1791 1767/1767
f 1770/1770 1767/1767 1784/1784
f 1770/1770 1784/1784 1782/1782
f 1764/1764 1791/1791 1765/1765
f 1787/1787 1782/1782 1790/1790
f 1787/1787 1770/1770 1782/1782
f 1772/1772 1770/1770 1787/1787
f 1777/1777 1770/1770 1772/1772
f 1777/1777 1764/1764 1770/1770
f 1775/1775 1764/1764 1777/1777
f 1794/1794 1774/1774 1772/1772
f 1794/1794 1775/1775 1774/1774
f 1794/1794 1772/1772 1787/1787
f 1794/1794 1791/1791 1775/1775
f 1775/1775 1791/1791 1764/1764
f 1786/1786 1779/1779 1788/1788
f 1781/1781 1788/1788 1779/1779
f 1792/1792 1783/1783 1786/1786
f 1792/1792 1786/1786 1788/1788
f 1789/1789 1788/1788 1781/1781
f 1789/1789 1781/1781 1783/1783
f 1778/1778 1771/1771 1789/1789
f 1778/1778 1789/1789 1783/1783
f 1778/1778 1783/1783 1792/1792
f 1776/1776 1778/1778 1792/1792
f 1773/1773 1789/1789 1771/1771
f 1793/1793 1789/1789 1773/1773
f 1793/1793 1773/1773 1776/1776
f 1793/1793 1776/1776 1792/1792
f 1798/1798 1795/1795 1796/1796
f 1798/1798 1796/1796 1797/1797
f 1800/1800 1797/1797 1799/1799
f 1800/1800 1798/1798 1797/1797
f 1829/1829 1800/1800 1799/1799
f 1829/1829 1799/1799 1803/1803
f 1803/1803 1802/1802 1801/1801
f 1803/1803 1804/1804 1802/1802
f 1809/1809 1805/1805 1807/1807
f 1807/1807 1805/1805 1804/1804
f 1809/1809 1806/1806 1805/1805
f 1807/1807 1804/1804 1803/1803
f 1808/1808 1806/1806 1809/1809
f 1811/1811 1808/1808 1809/1809
f 1810/1810 1807/1807 1803/1803
f 1815/1815 1808/1808 1811/1811
f 1814/1814 1810/1810 1812/1812
f 1814/1814 1813/1813 1810/1810
f 1812/1812 1810/1810 1803/1803
f 1812/1812 1803/1803 1799/1799
f 1814/1814 1815/1815 1813/1813
f 1816/1816 1815/1815 1814/1814
f 1796/1796 1799/1799 1797/1797
f 1816/1816 1808/1808 1815/1815
f 1818/1818 1820/1820 1817/1817
f 1817/1817 1820/1820 1812/1812
f 1817/1817 1812/1812 1799/1799
f 1819/1819 1817/1817 1799/1799
f 1819/1819 1799/1799 1796/1796
f 1818/1818 1823/1823 1820/1820
f 1822/1822 1823/1823 1818/1818
f 1826/1826 1822/1822 1821/1821
f 1826/1826 1808/1808 1816/1816
f 1826/1826 1823/1823 1822/1822
f 1826/1826 1816/1816 1823/1823
f 1824/1824 1819/1819 1796/1796
f 1824/1824 1825/1825 1819/1819
f 1828/1828 1825/1825 1824/1824
f 1827/1827 1826/1826 1821/1821
f 1827/1827 1821/1821 1825/1825
f 1828/1828 1827/1827 1825/1825
f 1829/1829 1803/1803 1801/1801
f 1830/1830 1829/1829 1801/1801
f 1830/1830 1801/1801 1802/1802
f 1831/1831 1830/1830 1802/1802
f 1831/1831 1802/1802 1804/1804
f 1832/1832 1831/1831 1804/1804
f 1832/1832 1804/1804 1805/1805
f 1833/1833 1805/1805 1806/1806
f 1833/1833 1832/1832 1805/1805
f 1834/1834 1833/1833 1806/1806
f 1834/1834 1806/1806 1808/1808
f 1835/1835 1834/1834 1808/1808
f 1835/1835 1808/1808 1826/1826
f 1835/1835 1826/1826 1827/1827
f 1836/1836 1835/1835 1827/1827
f 1836/1836 1827/1827 1828/1828
f 1837/1837 1836/1836 1828/1828
f 1837/1837 1828/1828 1824/1824
f 1838/1838 1839/1839 1840/1840
f 1838/1838 1841/1841 1839/1839
f 1840/1840 1842/1842 1843/1843
f 1840/1840 1839/1839 1842/1842
f 1842/1842 1844/1844 1845/1845
f 1843/1843 1842/1842 1845/1845
f 1845/1845 1846/1846 1847/1847
f 1845/1845 1844/1844 1846/1846
f 1847/1847 1848/1848 1849/1849
f 1847/1847 1846/1846 1848/1848
f 1849/1849 1850/1850 1851/1851
f 1849/1849 1848/1848 1850/1850
f 1851/1851 1852/1852 1853/1853
f 1851/1851 1850/1850 1852/1852
f 1853/1853 1841/1841 1838/1838
f 1853/1853 1852/1852 1841/1841
f 1840/1840 1851/1851 1853/1853
f 1840/1840 1853/1853 1838/1838
f 1847/1847 1849/1849 1851/1851
f 1847/1847 1851/1851 1840/1840
f 1845/1845 1840/1840 1843/1843
f 1845/1845 1847/1847 1840/1840
f 1854/1854 1855/1855 1856/1856
f 1857/1857 1854/1854 1856/1856
f 1855/1855 1858/1858 1859/1859
f 1856/1856 1855/1855 1859/1859
f 1859/1859 1860/1860 1861/1861
f 1859/1859 1858/1858 1860/1860
f 1861/1861 1862/1862 1863/1863
f 1861/1861 1860/1860 1862/1862
f 1863/1863 1864/1864 1865/1865
f 1863/1863 1862/1862 1864/1864
f 1865/1865 1866/1866 1867/1867
f 1865/1865 1864/1864 1866/1866
f 1866/1866 1868/1868 1869/1869
f 1867/1867 1866/1866 1869/1869
f 1869/1869 1854/1854 1857/1857
f 1869/1869 1868/1868 1854/1854
f 1859/1859 1857/1857 1856/1856
f 1859/1859 1869/1869 1857/1857
f 1865/1865 1867/1867 1869/1869
f 1863/1863 1859/1859 1861/1861
f 1863/1863 1869/1869 1859/1859
f 1863/1863 1865/1865 1869/1869
f 1874/1874 1817/1817 1819/1819
f 1870/1870 1817/1817 1874/1874
f 1870/1870 1818/1818 1817/1817
f 1871/1871 1818/1818 1870/1870
f 1871/1871 1822/1822 1818/1818
f 1872/1872 1822/1822 1871/1871
f 1872/1872 1821/1821 1822/1822
f 1873/1873 1821/1821 1872/1872
f 1873/1873 1825/1825 1821/1821
f 1874/1874 1825/1825 1873/1873
f 1874/1874 1819/1819 1825/1825
f 1875/1875 1809/1809 1807/1807
f 1876/1876 1811/1811 1809/1809
f 1876/1876 1809/1809 1875/1875
f 1877/1877 1811/1811 1876/1876
f 1877/1877 1815/1815 1811/1811
f 1877/1877 1813/1813 1815/1815
f 1878/1878 1813/1813 1877/1877
f 1878/1878 1810/1810 1813/1813
f 1875/1875 1810/1810 1878/1878
f 1875/1875 1807/1807 1810/1810
f 1879/1879 1814/1814 1812/1812
f 1880/1880 1814/1814 1879/1879
f 1880/1880 1816/1816 1814/1814
f 1880/1880 1823/1823 1816/1816
f 1881/1881 1823/1823 1880/1880
f 1881/1881 1820/1820 1823/1823
f 1879/1879 1820/1820 1881/1881
f 1879/1879 1812/1812 1820/1820
f 1795/1795 1837/1837 1824/1824
f 1795/1795 1824/1824 1796/1796
f 1842/1842 1830/1830 1831/1831
f 1842/1842 1829/1829 1830/1830
f 1841/1841 1829/1829 1842/1842
f 1839/1839 1841/1841 1842/1842
f 1852/1852 1829/1829 1841/1841
f 1848/1848 1852/1852 1850/1850
f 1844/1844 1831/1831 1832/1832
f 1844/1844 1842/1842 1831/1831
f 1844/1844 1832/1832 1833/1833
f 1860/1860 1852/1852 1848/1848
f 1855/1855 1852/1852 1860/1860
f 1855/1855 1829/1829 1852/1852
f 1858/1858 1855/1855 1860/1860
f 1834/1834 1844/1844 1833/1833
f 1800/1800 1829/1829 1855/1855
f 1854/1854 1800/1800 1855/1855
f 1875/1875 1844/1844 1834/1834
f 1876/1876 1875/1875 1834/1834
f 1877/1877 1876/1876 1834/1834
f 1846/1846 1875/1875 1878/1878
f 1862/1862 1848/1848 1846/1846
f 1862/1862 1860/1860 1848/1848
f 1866/1866 1798/1798 1800/1800
f 1866/1866 1854/1854 1868/1868
f 1866/1866 1800/1800 1854/1854
f 1795/1795 1798/1798 1866/1866
f 1879/1879 1846/1846 1878/1878
f 1879/1879 1862/1862 1846/1846
f 1879/1879 1878/1878 1877/1877
f 1880/1880 1879/1879 1877/1877
f 1881/1881 1862/1862 1879/1879
f 1880/1880 1877/1877 1834/1834
f 1874/1874 1862/1862 1870/1870
f 1870/1870 1862/1862 1881/1881
f 1871/1871 1870/1870 1881/1881
f 1864/1864 1795/1795 1866/1866
f 1864/1864 1874/1874 1873/1873
f 1837/1837 1795/1795 1864/1864
f 1835/1835 1881/1881 1880/1880
f 1835/1835 1873/1873 1872/1872
f 1835/1835 1872/1872 1871/1871
f 1835/1835 1880/1880 1834/1834
f 1835/1835 1871/1871 1881/1881
f 1836/1836 1837/1837 1864/1864
f 1835/1835 1864/1864 1873/1873
f 1836/1836 1864/1864 1835/1835
f 1846/1846 1844/1844 1875/1875
f 1864/1864 1862/1862 1874/1874
f 1882/1882 1970/1970 1884/1884
f 1883/1883 1882/1882 1884/1884
f 1883/1883 1884/1884 1886/1886
f 1885/1885 1883/1883 1886/1886
f 1889/1889 1887/1887 1888/1888
f 1889/1889 1888/1888 1890/1890
f 1891/1891 1889/1889 1890/1890
f 1894/1894 1893/1893 1892/1892
f 1895/1895 1894/1894 1892/1892
f 1895/1895 1892/1892 1896/1896
f 1898/1898 1895/1895 1896/1896
f 1897/1897 1893/1893 1894/1894
f 1900/1900 1898/1898 1896/1896
f 1900/1900 1896/1896 1899/1899
f 1903/1903 1893/1893 1897/1897
f 1901/1901 1900/1900 1899/1899
f 1882/1882 1901/1901 1899/1899
f 1904/1904 1901/1901 1882/1882
f 1906/1906 1903/1903 1902/1902
f 1906/1906 1893/1893 1903/1903
f 1905/1905 1906/1906 1902/1902
f 1883/1883 1904/1904 1882/1882
f 1905/1905 1908/1908 1906/1906
f 1883/1883 1907/1907 1904/1904
f 1885/1885 1907/1907 1883/1883
f 1909/1909 1908/1908 1905/1905
f 1913/1913 1907/1907 1885/1885
f 1909/1909 1910/1910 1914/1914
f 1909/1909 1905/1905 1910/1910
f 1890/1890 1911/1911 1913/1913
f 1890/1890 1912/1912 1911/1911
f 1890/1890 1913/1913 1885/1885
f 1888/1888 1909/1909 1914/1914
f 1888/1888 1914/1914 1912/1912
f 1888/1888 1915/1915 1909/1909
f 1888/1888 1912/1912 1890/1890
f 1916/1916 1915/1915 1888/1888
f 1930/1930 1903/1903 1897/1897
f 1917/1917 1903/1903 1930/1930
f 1917/1917 1902/1902 1903/1903
f 1917/1917 1905/1905 1902/1902
f 1918/1918 1905/1905 1917/1917
f 1919/1919 1905/1905 1918/1918
f 1919/1919 1910/1910 1905/1905
f 1919/1919 1914/1914 1910/1910
f 1920/1920 1914/1914 1919/1919
f 1921/1921 1914/1914 1920/1920
f 1921/1921 1912/1912 1914/1914
f 1921/1921 1911/1911 1912/1912
f 1922/1922 1911/1911 1921/1921
f 1922/1922 1913/1913 1911/1911
f 1923/1923 1913/1913 1922/1922
f 1923/1923 1907/1907 1913/1913
f 1924/1924 1907/1907 1923/1923
f 1924/1924 1904/1904 1907/1907
f 1925/1925 1904/1904 1924/1924
f 1926/1926 1901/1901 1904/1904
f 1926/1926 1904/1904 1925/1925
f 1927/1927 1901/1901 1926/1926
f 1927/1927 1900/1900 1901/1901
f 1927/1927 1898/1898 1900/1900
f 1928/1928 1898/1898 1927/1927
f 1928/1928 1895/1895 1898/1898
f 1929/1929 1895/1895 1928/1928
f 1929/1929 1894/1894 1895/1895
f 1929/1929 1897/1897 1894/1894
f 1930/1930 1897/1897 1929/1929
f 1931/1931 1932/1932 1933/1933
f 1934/1934 1932/1932 1931/1931
f 1932/1932 1938/1938 1936/1936
f 1932/1932 1936/1936 1933/1933
f 1935/1935 1931/1931 1933/1933
f 1935/1935 1933/1933 1936/1936
f 1936/1936 1899/1899 1896/1896
f 1935/1935 1936/1936 1896/1896
f 1934/1934 1938/1938 1932/1932
f 1934/1934 1937/1937 1938/1938
f 1939/1939 1906/1906 1908/1908
f 1940/1940 1939/1939 1908/1908
f 1940/1940 1908/1908 1909/1909
f 1893/1893 1941/1941 1942/1942
f 1892/1892 1893/1893 1942/1942
f 1892/1892 1942/1942 1977/1977
f 1890/1890 1885/1885 1886/1886
f 1890/1890 1886/1886 1891/1891
f 1893/1893 1906/1906 1939/1939
f 1893/1893 1939/1939 1941/1941
f 1934/1934 1935/1935 1937/1937
f 1931/1931 1935/1935 1934/1934
f 1943/1943 1937/1937 1935/1935
f 1896/1896 1943/1943 1935/1935
f 1977/1977 1896/1896 1892/1892
f 1977/1977 1943/1943 1896/1896
f 1915/1915 1940/1940 1909/1909
f 1944/1944 1940/1940 1915/1915
f 1945/1945 1946/1946 1947/1947
f 1948/1948 1915/1915 1945/1945
f 1948/1948 1944/1944 1915/1915
f 1948/1948 1945/1945 1947/1947
f 1980/1980 1981/1981 1949/1949
f 1950/1950 1980/1980 1949/1949
f 1950/1950 1949/1949 1951/1951
f 1952/1952 1950/1950 1951/1951
f 1952/1952 1951/1951 1954/1954
f 1953/1953 1952/1952 1954/1954
f 1953/1953 1954/1954 1955/1955
f 1956/1956 1953/1953 1955/1955
f 1956/1956 1955/1955 1958/1958
f 1957/1957 1956/1956 1958/1958
f 1957/1957 1958/1958 1959/1959
f 1960/1960 1957/1957 1959/1959
f 1960/1960 1959/1959 1962/1962
f 1961/1961 1960/1960 1962/1962
f 1961/1961 1962/1962 1963/1963
f 1965/1965 1961/1961 1963/1963
f 1965/1965 1963/1963 1964/1964
f 1965/1965 1964/1964 1966/1966
f 1968/1968 1965/1965 1966/1966
f 1968/1968 1966/1966 1967/1967
f 1968/1968 1967/1967 1970/1970
f 1969/1969 1968/1968 1970/1970
f 1969/1969 1970/1970 1971/1971
f 1972/1972 1969/1969 1971/1971
f 1972/1972 1971/1971 1973/1973
f 1974/1974 1972/1972 1973/1973
f 1974/1974 1973/1973 1975/1975
f 1976/1976 1975/1975 1977/1977
f 1976/1976 1974/1974 1975/1975
f 1978/1978 1976/1976 1977/1977
f 1978/1978 1977/1977 1979/1979
f 1980/1980 1979/1979 1981/1981
f 1980/1980 1978/1978 1979/1979
f 1918/1918 1952/1952 1953/1953
f 1918/1918 1917/1917 1952/1952
f 1919/1919 1918/1918 1953/1953
f 1917/1917 1950/1950 1952/1952
f 1919/1919 1953/1953 1956/1956
f 1930/1930 1950/1950 1917/1917
f 1920/1920 1919/1919 1956/1956
f 1930/1930 1980/1980 1950/1950
f 1920/1920 1956/1956 1957/1957
f 1930/1930 1978/1978 1980/1980
f 1929/1929 1978/1978 1930/1930
f 1921/1921 1920/1920 1957/1957
f 1921/1921 1957/1957 1960/1960
f 1921/1921 1960/1960 1961/1961
f 1922/1922 1921/1921 1961/1961
f 1976/1976 1978/1978 1929/1929
f 1976/1976 1929/1929 1928/1928
f 1974/1974 1976/1976 1928/1928
f 1923/1923 1922/1922 1961/1961
f 1965/1965 1923/1923 1961/1961
f 1974/1974 1928/1928 1927/1927
f 1972/1972 1974/1974 1927/1927
f 1965/1965 1924/1924 1923/1923
f 1972/1972 1927/1927 1926/1926
f 1968/1968 1924/1924 1965/1965
f 1969/1969 1972/1972 1926/1926
f 1968/1968 1925/1925 1924/1924
f 1969/1969 1925/1925 1968/1968
f 1969/1969 1926/1926 1925/1925
f 1982/1982 1973/1973 1971/1971
f 1982/1982 1971/1971 1970/1970
f 1943/1943 1977/1977 1975/1975
f 1943/1943 1975/1975 1973/1973
f 1943/1943 1973/1973 1982/1982
f 1943/1943 1982/1982 1938/1938
f 1943/1943 1938/1938 1937/1937
f 1899/1899 1936/1936 1938/1938
f 1899/1899 1970/1970 1882/1882
f 1982/1982 1899/1899 1938/1938
f 1982/1982 1970/1970 1899/1899
f 1967/1967 1884/1884 1970/1970
f 1967/1967 1886/1886 1884/1884
f 1966/1966 1886/1886 1967/1967
f 1964/1964 1886/1886 1966/1966
f 1891/1891 1886/1886 1964/1964
f 1891/1891 1963/1963 1962/1962
f 1891/1891 1964/1964 1963/1963
f 1979/1979 1977/1977 1942/1942
f 1959/1959 1891/1891 1962/1962
f 1959/1959 1889/1889 1891/1891
f 1941/1941 1979/1979 1942/1942
f 1941/1941 1981/1981 1979/1979
f 1889/1889 1959/1959 1958/1958
f 1887/1887 1889/1889 1958/1958
f 1949/1949 1981/1981 1941/1941
f 1939/1939 1951/1951 1949/1949
f 1939/1939 1954/1954 1951/1951
f 1939/1939 1955/1955 1954/1954
f 1940/1940 1958/1958 1955/1955
f 1940/1940 1887/1887 1958/1958
f 1940/1940 1955/1955 1939/1939
f 1944/1944 1887/1887 1940/1940
f 1944/1944 1983/1983 1887/1887
f 1939/1939 1949/1949 1941/1941
f 1946/1946 1984/1984 1985/1985
f 1947/1947 1946/1946 1985/1985
f 1985/1985 1987/1987 1986/1986
f 1985/1985 1984/1984 1987/1987
f 1945/1945 1984/1984 1946/1946
f 1945/1945 1987/1987 1984/1984
f 1945/1945 1916/1916 1987/1987
f 1945/1945 1915/1915 1916/1916
f 1887/1887 1983/1983 1916/1916
f 1888/1888 1887/1887 1916/1916
f 1987/1987 1983/1983 1986/1986
f 1987/1987 1916/1916 1983/1983
f 1948/1948 1983/1983 1944/1944
f 1986/1986 1983/1983 1948/1948
f 1947/1947 1985/1985 1986/1986
f 1947/1947 1986/1986 1948/1948
f 1988/1988 1989/1989 1990/1990
f 1988/1988 1991/1991 1989/1989
f 1988/1988 1992/1992 1993/1993
f 1988/1988 1990/1990 1992/1992
f 1994/1994 1995/1995 1996/1996
f 1994/1994 1991/1991 1995/1995
f 1997/1997 1998/1998 1999/1999
f 1997/1997 2000/2000 1998/1998
f 2001/2001 2002/2002 1997/1997
f 2003/2003 2004/2004 2001/2001
f 2003/2003 2001/2001 1999/1999
f 1999/1999 2001/2001 1997/1997
f 1991/1991 2007/2007 1995/1995
f 1993/1993 1991/1991 1988/1988
f 1993/1993 2007/2007 1991/1991
f 2005/2005 2006/2006 2007/2007
f 2008/2008 1993/1993 2014/2014
f 2004/2004 2005/2005 2007/2007
f 2004/2004 2007/2007 1993/1993
f 2009/2009 2008/2008 2010/2010
f 2009/2009 1993/1993 2008/2008
f 2009/2009 2004/2004 1993/1993
f 2011/2011 2004/2004 2009/2009
f 2012/2012 2001/2001 2004/2004
f 2012/2012 2004/2004 2011/2011
f 2013/2013 2011/2011 2009/2009
f 2015/2015 2016/2016 1998/1998
f 2015/2015 2017/2017 2016/2016
f 2018/2018 2019/2019 2020/2020
f 2021/2021 2018/2018 2020/2020
f 2023/2023 2022/2022 2024/2024
f 2023/2023 2021/2021 2022/2022
f 2025/2025 2026/2026 2027/2027
f 2028/2028 2029/2029 2030/2030
f 2028/2028 2026/2026 2025/2025
f 2028/2028 2025/2025 2029/2029
f 2031/2031 2032/2032 2033/2033
f 2034/2034 2035/2035 2036/2036
f 2034/2034 2032/2032 2031/2031
f 2034/2034 2031/2031 2035/2035
f 2028/2028 2034/2034 2026/2026
f 2032/2032 2034/2034 2028/2028
f 2035/2035 2029/2029 2025/2025
f 2035/2035 2031/2031 2029/2029
f 2027/2027 2037/2037 2025/2025
f 2027/2027 2041/2041 2037/2037
f 2038/2038 2039/2039 2042/2042
f 2040/2040 2042/2042 2041/2041
f 2040/2040 2041/2041 2027/2027
f 2040/2040 2038/2038 2042/2042
f 2043/2043 2044/2044 2045/2045
f 2043/2043 2046/2046 2044/2044
f 2049/2049 2047/2047 2043/2043
f 2048/2048 2043/2043 2045/2045
f 2048/2048 2049/2049 2043/2043
f 2050/2050 2049/2049 2048/2048
f 2036/2036 2050/2050 2048/2048
f 2036/2036 2035/2035 2050/2050
f 2048/2048 2045/2045 2051/2051
f 2052/2052 2053/2053 2054/2054
f 2055/2055 2052/2052 2054/2054
f 2056/2056 2054/2054 2057/2057
f 2056/2056 2055/2055 2054/2054
f 2059/2059 2058/2058 2052/2052
f 2059/2059 2052/2052 2055/2055
f 2060/2060 2059/2059 2055/2055
f 2033/2033 2052/2052 2058/2058
f 2031/2031 2033/2033 2058/2058
f 2061/2061 2030/2030 2029/2029
f 2062/2062 2061/2061 2063/2063
f 2062/2062 2030/2030 2061/2061
f 2064/2064 2063/2063 2065/2065
f 2064/2064 2062/2062 2063/2063
f 2066/2066 2407/2407 2067/2067
f 2068/2068 2069/2069 2407/2407
f 2068/2068 2407/2407 2066/2066
f 2066/2066 2070/2070 2071/2071
f 2066/2066 2067/2067 2070/2070
f 2067/2067 2072/2072 2070/2070
f 2407/2407 2072/2072 2067/2067
f 2076/2076 2073/2073 2074/2074
f 2076/2076 2074/2074 2075/2075
f 2270/2270 2073/2073 2078/2078
f 2270/2270 2077/2077 2073/2073
f 2076/2076 2079/2079 2080/2080
f 2081/2081 2079/2079 2076/2076
f 2084/2084 2082/2082 2083/2083
f 2085/2085 2083/2083 2082/2082
f 2044/2044 2091/2091 2086/2086
f 2087/2087 2086/2086 2085/2085
f 2087/2087 2044/2044 2086/2086
f 2088/2088 2087/2087 2085/2085
f 2089/2089 2087/2087 2088/2088
f 2090/2090 2087/2087 2089/2089
f 2046/2046 2091/2091 2044/2044
f 2046/2046 2084/2084 2091/2091
f 2092/2092 2082/2082 2084/2084
f 2081/2081 2093/2093 2088/2088
f 2094/2094 2093/2093 2081/2081
f 2095/2095 2084/2084 2046/2046
f 2095/2095 2092/2092 2084/2084
f 2096/2096 2092/2092 2095/2095
f 2098/2098 2095/2095 2046/2046
f 2167/2167 2092/2092 2096/2096
f 2097/2097 2098/2098 2046/2046
f 2097/2097 2087/2087 2090/2090
f 2166/2166 2098/2098 2097/2097
f 2099/2099 2097/2097 2090/2090
f 2099/2099 2090/2090 2094/2094
f 2100/2100 2097/2097 2099/2099
f 2100/2100 2166/2166 2097/2097
f 2100/2100 2075/2075 2166/2166
f 2101/2101 2099/2099 2094/2094
f 2076/2076 2101/2101 2094/2094
f 2076/2076 2102/2102 2101/2101
f 2076/2076 2103/2103 2102/2102
f 2076/2076 2100/2100 2103/2103
f 2076/2076 2094/2094 2081/2081
f 2081/2081 2088/2088 2082/2082
f 2088/2088 2085/2085 2082/2082
f 2075/2075 2100/2100 2076/2076
f 2105/2105 2119/2119 2104/2104
f 2107/2107 2119/2119 2105/2105
f 2107/2107 2106/2106 2119/2119
f 2109/2109 2106/2106 2107/2107
f 2109/2109 2108/2108 2106/2106
f 2110/2110 2108/2108 2109/2109
f 2111/2111 2108/2108 2110/2110
f 2111/2111 2112/2112 2108/2108
f 2113/2113 2112/2112 2111/2111
f 2115/2115 2114/2114 2112/2112
f 2115/2115 2112/2112 2113/2113
f 2115/2115 2116/2116 2114/2114
f 2117/2117 2116/2116 2115/2115
f 2117/2117 2118/2118 2116/2116
f 2104/2104 2118/2118 2117/2117
f 2104/2104 2119/2119 2118/2118
f 2121/2121 2131/2131 2132/2132
f 2121/2121 2120/2120 2131/2131
f 2121/2121 2123/2123 2120/2120
f 2122/2122 2123/2123 2121/2121
f 2125/2125 2123/2123 2122/2122
f 2125/2125 2124/2124 2123/2123
f 2127/2127 2124/2124 2125/2125
f 2127/2127 2126/2126 2124/2124
f 2129/2129 2126/2126 2127/2127
f 2129/2129 2128/2128 2126/2126
f 2129/2129 2130/2130 2128/2128
f 2132/2132 2130/2130 2129/2129
f 2132/2132 2131/2131 2130/2130
f 2135/2135 2134/2134 2133/2133
f 2134/2134 2136/2136 2133/2133
f 2135/2135 2133/2133 1037/1037
f 2138/2138 2136/2136 2134/2134
f 2135/2135 1037/1037 1040/1040
f 2137/2137 2135/2135 1040/1040
f 2137/2137 2138/2138 2135/2135
f 2137/2137 2136/2136 2138/2138
f 2139/2139 1034/1034 1036/1036
f 2139/2139 1032/1032 1034/1034
f 2140/2140 1032/1032 2139/2139
f 2141/2141 2139/2139 1036/1036
f 2143/2143 2139/2139 2144/2144
f 2143/2143 2140/2140 2139/2139
f 2143/2143 2142/2142 2140/2140
f 2144/2144 2142/2142 2143/2143
f 2144/2144 2141/2141 2142/2142
f 2144/2144 2139/2139 2141/2141
f 2150/2150 2164/2164 2149/2149
f 2145/2145 2164/2164 2150/2150
f 2145/2145 2146/2146 2164/2164
f 2147/2147 2146/2146 2145/2145
f 2147/2147 2148/2148 2146/2146
f 2150/2150 2149/2149 2148/2148
f 2147/2147 2145/2145 2150/2150
f 2147/2147 2150/2150 2148/2148
f 2152/2152 2153/2153 2161/2161
f 2152/2152 2161/2161 2151/2151
f 2154/2154 2153/2153 2152/2152
f 2154/2154 2162/2162 2153/2153
f 2155/2155 2162/2162 2154/2154
f 2155/2155 2160/2160 2162/2162
f 2151/2151 2160/2160 2155/2155
f 2151/2151 2161/2161 2160/2160
f 2155/2155 2152/2152 2151/2151
f 2154/2154 2152/2152 2155/2155
f 2158/2158 2134/2134 2135/2135
f 2156/2156 2134/2134 2158/2158
f 2156/2156 2138/2138 2134/2134
f 2157/2157 2138/2138 2156/2156
f 2157/2157 2135/2135 2138/2138
f 2158/2158 2135/2135 2157/2157
f 2157/2157 2156/2156 2158/2158
f 2083/2083 1030/1030 1029/1029
f 2085/2085 2159/2159 1030/1030
f 2083/2083 2085/2085 1030/1030
f 2085/2085 2086/2086 2159/2159
f 2086/2086 2091/2091 2160/2160
f 2086/2086 2160/2160 2161/2161
f 2086/2086 2161/2161 2159/2159
f 2091/2091 2084/2084 2162/2162
f 2091/2091 2162/2162 2160/2160
f 2084/2084 2083/2083 1027/1027
f 2084/2084 1027/1027 2162/2162
f 2083/2083 1029/1029 1027/1027
f 2161/2161 1030/1030 2159/2159
f 2153/2153 1030/1030 2161/2161
f 2153/2153 1029/1029 1030/1030
f 1027/1027 2153/2153 2162/2162
f 1027/1027 1029/1029 2153/2153
f 2093/2093 1036/1036 1034/1034
f 2093/2093 2094/2094 1036/1036
f 2094/2094 2090/2090 2141/2141
f 2094/2094 2141/2141 1036/1036
f 2090/2090 2089/2089 2142/2142
f 2090/2090 2142/2142 2141/2141
f 2089/2089 2088/2088 2140/2140
f 2089/2089 2140/2140 2142/2142
f 2088/2088 2093/2093 1032/1032
f 2088/2088 1032/1032 2140/2140
f 2093/2093 1034/1034 1032/1032
f 2095/2095 2098/2098 2164/2164
f 2095/2095 2164/2164 2163/2163
f 2098/2098 2149/2149 2164/2164
f 2149/2149 2166/2166 2165/2165
f 2098/2098 2166/2166 2149/2149
f 2166/2166 1022/1022 2165/2165
f 2166/2166 2167/2167 1022/1022
f 2167/2167 2096/2096 1022/1022
f 2096/2096 1025/1025 1022/1022
f 2096/2096 2095/2095 2163/2163
f 2096/2096 2163/2163 1025/1025
f 2163/2163 2164/2164 2146/2146
f 2165/2165 2148/2148 2149/2149
f 1025/1025 2163/2163 2146/2146
f 1022/1022 1025/1025 2146/2146
f 1022/1022 2148/2148 2165/2165
f 1022/1022 2146/2146 2148/2148
f 2103/2103 2137/2137 1040/1040
f 2103/2103 2100/2100 2137/2137
f 2100/2100 2099/2099 2136/2136
f 2100/2100 2136/2136 2137/2137
f 2099/2099 2101/2101 2133/2133
f 2099/2099 2133/2133 2136/2136
f 2101/2101 2102/2102 1037/1037
f 2101/2101 1037/1037 2133/2133
f 2102/2102 1040/1040 1037/1037
f 2102/2102 2103/2103 1040/1040
f 2168/2168 2183/2183 2184/2184
f 2168/2168 2169/2169 2183/2183
f 2170/2170 2169/2169 2168/2168
f 2170/2170 2171/2171 2169/2169
f 2172/2172 2173/2173 2171/2171
f 2172/2172 2171/2171 2170/2170
f 2174/2174 2173/2173 2172/2172
f 2174/2174 2175/2175 2173/2173
f 2176/2176 2175/2175 2174/2174
f 2176/2176 2177/2177 2175/2175
f 2178/2178 2177/2177 2176/2176
f 2179/2179 2177/2177 2178/2178
f 2179/2179 2180/2180 2177/2177
f 2181/2181 2180/2180 2179/2179
f 2181/2181 2182/2182 2180/2180
f 2184/2184 2182/2182 2181/2181
f 2184/2184 2183/2183 2182/2182
f 2183/2183 2169/2169 2171/2171
f 2182/2182 2183/2183 2171/2171
f 2175/2175 2171/2171 2173/2173
f 2177/2177 2180/2180 2182/2182
f 2177/2177 2171/2171 2175/2175
f 2177/2177 2182/2182 2171/2171
f 1989/1989 2185/2185 2186/2186
f 1989/1989 2187/2187 2185/2185
f 2188/2188 2305/2305 2189/2189
f 2072/2072 2188/2188 2189/2189
f 2069/2069 2189/2189 2305/2305
f 2304/2304 2069/2069 2305/2305
f 2190/2190 2069/2069 2304/2304
f 2191/2191 2407/2407 2069/2069
f 2191/2191 2190/2190 2335/2335
f 2191/2191 2069/2069 2190/2190
f 2339/2339 2335/2335 2190/2190
f 2277/2277 2191/2191 2335/2335
f 2409/2409 2407/2407 2191/2191
f 2334/2334 2332/2332 2005/2005
f 2289/2289 2290/2290 2339/2339
f 2289/2289 2339/2339 2332/2332
f 2192/2192 2291/2291 2334/2334
f 2192/2192 2334/2334 2005/2005
f 2047/2047 2193/2193 2192/2192
f 2047/2047 2192/2192 2005/2005
f 2194/2194 2047/2047 2005/2005
f 2043/2043 2047/2047 2194/2194
f 2293/2293 2195/2195 2194/2194
f 2293/2293 2194/2194 2005/2005
f 2051/2051 2045/2045 2195/2195
f 2051/2051 2195/2195 2293/2293
f 2190/2190 2005/2005 2332/2332
f 2190/2190 2332/2332 2339/2339
f 2196/2196 1786/1786 2198/2198
f 2196/2196 1783/1783 1786/1786
f 2197/2197 1783/1783 2196/2196
f 2197/2197 1781/1781 1783/1783
f 2197/2197 1779/1779 1781/1781
f 2198/2198 1779/1779 2197/2197
f 2198/2198 1786/1786 1779/1779
f 2197/2197 2196/2196 2198/2198
f 2199/2199 1776/1776 1778/1778
f 2199/2199 1773/1773 1776/1776
f 2200/2200 1773/1773 2199/2199
f 2200/2200 1771/1771 1773/1773
f 2200/2200 1778/1778 1771/1771
f 2199/2199 1778/1778 2200/2200
f 2201/2201 2208/2208 2207/2207
f 2203/2203 2208/2208 2201/2201
f 2203/2203 2202/2202 2208/2208
f 2204/2204 2202/2202 2203/2203
f 2204/2204 2205/2205 2202/2202
f 2206/2206 2205/2205 2204/2204
f 2207/2207 2205/2205 2206/2206
f 2207/2207 2208/2208 2205/2205
f 2210/2210 2212/2212 2209/2209
f 2210/2210 2328/2328 2212/2212
f 2211/2211 2328/2328 2210/2210
f 2211/2211 2330/2330 2328/2328
f 2213/2213 2330/2330 2211/2211
f 2213/2213 2212/2212 2330/2330
f 2214/2214 2212/2212 2213/2213
f 2209/2209 2212/2212 2214/2214
f 2216/2216 2217/2217 2215/2215
f 2218/2218 2217/2217 2216/2216
f 2218/2218 2219/2219 2217/2217
f 2220/2220 2219/2219 2218/2218
f 2221/2221 2219/2219 2220/2220
f 2221/2221 2222/2222 2219/2219
f 2216/2216 2222/2222 2221/2221
f 2216/2216 2215/2215 2222/2222
f 2223/2223 2321/2321 2230/2230
f 2223/2223 2225/2225 2321/2321
f 2224/2224 2225/2225 2223/2223
f 2224/2224 2227/2227 2225/2225
f 2226/2226 2227/2227 2224/2224
f 2228/2228 2227/2227 2226/2226
f 2228/2228 2229/2229 2227/2227
f 2230/2230 2229/2229 2228/2228
f 2230/2230 2321/2321 2229/2229
f 2231/2231 2185/2185 2232/2232
f 2231/2231 2186/2186 2185/2185
f 1989/1989 2233/2233 2187/2187
f 2234/2234 1991/1991 1994/1994
f 2233/2233 1991/1991 2234/2234
f 2233/2233 1989/1989 1991/1991
f 1996/1996 1995/1995 2007/2007
f 2235/2235 1996/1996 2007/2007
f 2236/2236 2237/2237 2238/2238
f 2236/2236 2239/2239 2237/2237
f 2238/2238 2240/2240 2241/2241
f 2238/2238 2237/2237 2240/2240
f 2242/2242 2239/2239 2236/2236
f 2242/2242 2243/2243 2239/2239
f 2240/2240 2243/2243 2242/2242
f 2241/2241 2240/2240 2242/2242
f 2072/2072 2189/2189 2244/2244
f 2071/2071 2070/2070 2072/2072
f 2071/2071 2072/2072 2244/2244
f 2244/2244 2189/2189 2069/2069
f 2244/2244 2069/2069 2068/2068
f 2087/2087 2045/2045 2044/2044
f 2087/2087 2195/2195 2045/2045
f 2046/2046 2194/2194 2097/2097
f 2046/2046 2043/2043 2194/2194
f 2056/2056 2245/2245 2246/2246
f 2055/2055 2056/2056 2246/2246
f 2097/2097 2195/2195 2087/2087
f 2097/2097 2194/2194 2195/2195
f 2246/2246 2247/2247 2248/2248
f 2246/2246 2245/2245 2247/2247
f 2248/2248 2057/2057 2054/2054
f 2248/2248 2247/2247 2057/2057
f 2074/2074 2060/2060 2249/2249
f 2250/2250 2060/2060 2074/2074
f 2193/2193 2074/2074 2249/2249
f 2075/2075 2074/2074 2193/2193
f 2047/2047 2166/2166 2075/2075
f 2047/2047 2075/2075 2193/2193
f 2251/2251 2052/2052 2252/2252
f 2053/2053 2052/2052 2251/2251
f 2253/2253 2259/2259 2064/2064
f 2253/2253 2254/2254 2259/2259
f 2255/2255 2256/2256 2257/2257
f 2062/2062 2256/2256 2255/2255
f 2258/2258 2256/2256 2062/2062
f 2259/2259 2256/2256 2258/2258
f 2258/2258 2064/2064 2259/2259
f 2064/2064 2258/2258 2062/2062
f 2051/2051 2260/2260 2048/2048
f 2261/2261 2260/2260 2051/2051
f 2262/2262 2024/2024 2022/2022
f 2263/2263 2024/2024 2262/2262
f 2024/2024 2263/2263 2023/2023
f 2022/2022 2264/2264 2265/2265
f 2262/2262 2022/2022 2265/2265
f 2266/2266 2259/2259 2254/2254
f 2409/2409 2267/2267 2259/2259
f 2409/2409 2259/2259 2266/2266
f 2191/2191 2267/2267 2409/2409
f 2068/2068 2066/2066 2264/2264
f 2020/2020 2264/2264 2066/2066
f 2071/2071 2020/2020 2066/2066
f 2244/2244 2020/2020 2071/2071
f 2021/2021 2244/2244 2068/2068
f 2021/2021 2068/2068 2022/2022
f 2022/2022 2068/2068 2264/2264
f 2020/2020 2244/2244 2021/2021
f 2248/2248 2053/2053 2235/2235
f 2054/2054 2053/2053 2248/2248
f 2246/2246 2248/2248 2235/2235
f 2007/2007 2246/2246 2235/2235
f 2006/2006 2246/2246 2007/2007
f 2060/2060 2055/2055 2246/2246
f 2060/2060 2246/2246 2006/2006
f 2268/2268 2006/2006 2229/2229
f 2268/2268 2060/2060 2006/2006
f 2325/2325 2229/2229 2006/2006
f 2285/2285 2268/2268 2229/2229
f 2249/2249 2060/2060 2268/2268
f 2331/2331 2326/2326 2269/2269
f 2280/2280 2281/2281 2325/2325
f 2280/2280 2325/2325 2326/2326
f 2267/2267 2273/2273 2331/2331
f 2236/2236 2269/2269 2231/2231
f 2236/2236 2267/2267 2331/2331
f 2236/2236 2331/2331 2269/2269
f 2238/2238 2259/2259 2267/2267
f 2238/2238 2267/2267 2236/2236
f 2232/2232 2242/2242 2236/2236
f 2232/2232 2236/2236 2231/2231
f 2256/2256 2241/2241 2242/2242
f 2256/2256 2242/2242 2232/2232
f 2006/2006 2269/2269 2326/2326
f 2006/2006 2326/2326 2325/2325
f 2256/2256 2259/2259 2238/2238
f 2256/2256 2238/2238 2241/2241
f 2073/2073 2076/2076 2080/2080
f 2073/2073 2080/2080 2078/2078
f 2270/2270 2080/2080 2079/2079
f 2078/2078 2080/2080 2270/2270
f 2268/2268 2192/2192 2193/2193
f 2268/2268 2193/2193 2249/2249
f 2056/2056 2271/2271 2250/2250
f 2245/2245 2056/2056 2250/2250
f 2106/2106 2108/2108 2074/2074
f 2108/2108 2250/2250 2074/2074
f 2108/2108 2245/2245 2250/2250
f 2112/2112 2245/2245 2108/2108
f 2114/2114 2245/2245 2112/2112
f 2073/2073 2116/2116 2118/2118
f 2073/2073 2118/2118 2119/2119
f 2073/2073 2119/2119 2106/2106
f 2272/2272 2271/2271 2056/2056
f 2057/2057 2272/2272 2056/2056
f 2247/2247 2272/2272 2057/2057
f 2123/2123 2124/2124 2247/2247
f 2123/2123 2247/2247 2245/2245
f 2123/2123 2245/2245 2114/2114
f 2123/2123 2114/2114 2116/2116
f 2126/2126 2247/2247 2124/2124
f 2120/2120 2123/2123 2116/2116
f 2120/2120 2116/2116 2073/2073
f 2128/2128 2247/2247 2126/2126
f 2128/2128 2272/2272 2247/2247
f 2077/2077 2272/2272 2128/2128
f 2077/2077 2131/2131 2120/2120
f 2077/2077 2128/2128 2130/2130
f 2077/2077 2130/2130 2131/2131
f 2077/2077 2120/2120 2073/2073
f 2073/2073 2106/2106 2074/2074
f 2274/2274 2273/2273 2267/2267
f 2275/2275 2276/2276 2274/2274
f 2276/2276 2278/2278 2274/2274
f 2191/2191 2275/2275 2274/2274
f 2191/2191 2277/2277 2275/2275
f 2191/2191 2274/2274 2267/2267
f 2282/2282 2278/2278 2276/2276
f 2172/2172 2279/2279 2174/2174
f 2176/2176 2174/2174 2279/2279
f 2172/2172 2280/2280 2279/2279
f 2176/2176 2279/2279 2278/2278
f 2176/2176 2278/2278 2282/2282
f 2178/2178 2176/2176 2282/2282
f 2281/2281 2280/2280 2172/2172
f 2281/2281 2172/2172 2170/2170
f 2283/2283 2281/2281 2170/2170
f 2283/2283 2170/2170 2168/2168
f 2284/2284 2283/2283 2168/2168
f 2178/2178 2282/2282 2290/2290
f 2179/2179 2178/2178 2290/2290
f 2286/2286 2268/2268 2285/2285
f 2184/2184 2284/2284 2168/2168
f 2287/2287 2184/2184 2181/2181
f 2292/2292 2184/2184 2287/2287
f 2288/2288 2287/2287 2181/2181
f 2292/2292 2286/2286 2284/2284
f 2292/2292 2284/2284 2184/2184
f 2288/2288 2181/2181 2179/2179
f 2289/2289 2288/2288 2179/2179
f 2289/2289 2179/2179 2290/2290
f 2192/2192 2292/2292 2291/2291
f 2192/2192 2268/2268 2286/2286
f 2192/2192 2286/2286 2292/2292
f 1994/1994 1996/1996 2235/2235
f 2051/2051 2235/2235 2053/2053
f 2051/2051 2053/2053 2251/2251
f 2051/2051 2251/2251 2261/2261
f 2293/2293 2235/2235 2051/2051
f 2294/2294 2234/2234 1994/1994
f 2295/2295 2294/2294 1994/1994
f 2296/2296 2295/2295 1994/1994
f 2015/2015 2293/2293 2017/2017
f 2015/2015 1994/1994 2235/2235
f 2015/2015 2235/2235 2293/2293
f 2297/2297 2298/2298 2296/2296
f 2297/2297 1994/1994 2015/2015
f 2297/2297 2296/2296 1994/1994
f 2299/2299 2297/2297 2015/2015
f 2300/2300 2299/2299 2015/2015
f 2301/2301 2297/2297 2299/2299
f 2302/2302 2015/2015 2303/2303
f 2302/2302 2300/2300 2015/2015
f 2304/2304 2305/2305 2306/2306
f 2307/2307 2304/2304 2306/2306
f 1998/1998 2003/2003 1999/1999
f 2308/2308 2003/2003 1998/1998
f 2016/2016 2308/2308 1998/1998
f 2293/2293 2308/2308 2016/2016
f 2017/2017 2293/2293 2016/2016
f 2000/2000 2309/2309 2310/2310
f 2303/2303 2015/2015 1998/1998
f 2310/2310 2303/2303 2000/2000
f 2000/2000 2303/2303 1998/1998
f 2018/2018 2263/2263 2262/2262
f 2018/2018 2021/2021 2311/2311
f 2018/2018 2311/2311 2312/2312
f 2314/2314 2263/2263 2018/2018
f 2314/2314 2313/2313 2263/2263
f 2312/2312 2314/2314 2018/2018
f 1989/1989 2186/2186 2231/2231
f 1992/1992 1990/1990 1989/1989
f 1992/1992 1989/1989 2231/2231
f 2304/2304 2269/2269 2190/2190
f 2304/2304 2231/2231 2269/2269
f 2304/2304 1992/1992 2231/2231
f 2315/2315 2319/2319 1992/1992
f 2002/2002 1992/1992 2304/2304
f 2000/2000 2304/2304 2307/2307
f 2000/2000 2002/2002 2304/2304
f 1997/1997 2002/2002 2000/2000
f 2313/2313 2314/2314 2315/2315
f 2313/2313 2315/2315 1992/1992
f 2313/2313 1992/1992 2002/2002
f 2316/2316 2313/2313 2002/2002
f 2318/2318 2316/2316 2002/2002
f 2317/2317 2313/2313 2316/2316
f 2311/2311 2021/2021 2320/2320
f 2317/2317 2021/2021 2023/2023
f 2313/2313 2023/2023 2263/2263
f 2313/2313 2317/2317 2023/2023
f 2317/2317 2320/2320 2021/2021
f 2270/2270 2009/2009 2010/2010
f 2077/2077 2297/2297 2081/2081
f 2077/2077 2270/2270 2010/2010
f 2298/2298 2297/2297 2077/2077
f 2010/2010 2298/2298 2077/2077
f 2009/2009 2079/2079 2013/2013
f 2270/2270 2079/2079 2009/2009
f 2081/2081 2013/2013 2079/2079
f 2297/2297 2301/2301 2081/2081
f 2301/2301 2013/2013 2081/2081
f 1786/1786 2019/2019 1779/1779
f 1781/1781 1779/1779 2019/2019
f 2240/2240 1781/1781 2019/2019
f 2240/2240 1783/1783 1781/1781
f 2243/2243 2240/2240 2019/2019
f 2265/2265 1786/1786 1783/1783
f 2265/2265 2019/2019 1786/1786
f 2237/2237 1783/1783 2240/2240
f 2237/2237 2265/2265 1783/1783
f 2239/2239 2265/2265 2237/2237
f 1778/1778 2243/2243 1771/1771
f 1771/1771 2243/2243 2018/2018
f 1778/1778 2239/2239 2243/2243
f 1776/1776 2239/2239 1778/1778
f 1773/1773 1771/1771 2018/2018
f 2262/2262 2239/2239 1776/1776
f 2262/2262 1776/1776 1773/1773
f 2265/2265 2239/2239 2262/2262
f 2262/2262 1773/1773 2018/2018
f 2018/2018 2243/2243 2019/2019
f 2081/2081 2272/2272 2077/2077
f 2081/2081 2082/2082 2272/2272
f 2321/2321 2285/2285 2229/2229
f 2321/2321 2286/2286 2285/2285
f 2322/2322 2286/2286 2321/2321
f 2322/2322 2284/2284 2286/2286
f 2323/2323 2284/2284 2322/2322
f 2323/2323 2283/2283 2284/2284
f 2324/2324 2283/2283 2323/2323
f 2324/2324 2281/2281 2283/2283
f 2325/2325 2281/2281 2324/2324
f 2227/2227 2229/2229 2325/2325
f 2324/2324 2227/2227 2325/2325
f 2322/2322 2321/2321 2225/2225
f 2323/2323 2322/2322 2225/2225
f 2323/2323 2225/2225 2227/2227
f 2323/2323 2227/2227 2324/2324
f 2326/2326 2279/2279 2280/2280
f 2327/2327 2279/2279 2326/2326
f 2327/2327 2278/2278 2279/2279
f 2328/2328 2278/2278 2327/2327
f 2329/2329 2278/2278 2328/2328
f 2329/2329 2274/2274 2278/2278
f 2329/2329 2273/2273 2274/2274
f 2330/2330 2273/2273 2329/2329
f 2331/2331 2273/2273 2330/2330
f 2212/2212 2327/2327 2326/2326
f 2331/2331 2212/2212 2326/2326
f 2331/2331 2330/2330 2212/2212
f 2212/2212 2328/2328 2327/2327
f 2329/2329 2328/2328 2330/2330
f 2332/2332 2288/2288 2289/2289
f 2333/2333 2288/2288 2332/2332
f 2333/2333 2287/2287 2288/2288
f 2222/2222 2287/2287 2333/2333
f 2222/2222 2292/2292 2287/2287
f 2215/2215 2292/2292 2222/2222
f 2215/2215 2291/2291 2292/2292
f 2334/2334 2291/2291 2215/2215
f 2219/2219 2222/2222 2333/2333
f 2334/2334 2215/2215 2217/2217
f 2332/2332 2219/2219 2333/2333
f 2332/2332 2334/2334 2217/2217
f 2332/2332 2217/2217 2219/2219
f 2336/2336 2277/2277 2335/2335
f 2336/2336 2275/2275 2277/2277
f 2337/2337 2275/2275 2336/2336
f 2337/2337 2276/2276 2275/2275
f 2338/2338 2276/2276 2337/2337
f 2338/2338 2282/2282 2276/2276
f 2338/2338 2290/2290 2282/2282
f 2339/2339 2290/2290 2338/2338
f 2205/2205 2208/2208 2338/2338
f 2205/2205 2338/2338 2337/2337
f 2208/2208 2339/2339 2338/2338
f 2336/2336 2205/2205 2337/2337
f 2336/2336 2202/2202 2205/2205
f 2202/2202 2339/2339 2208/2208
f 2335/2335 2339/2339 2202/2202
f 2335/2335 2202/2202 2336/2336
f 2223/2223 2230/2230 2006/2006
f 2228/2228 2006/2006 2230/2230
f 2221/2221 2224/2224 2223/2223
f 2220/2220 2224/2224 2221/2221
f 2005/2005 2216/2216 2221/2221
f 2005/2005 2221/2221 2223/2223
f 2005/2005 2223/2223 2006/2006
f 2218/2218 2216/2216 2005/2005
f 2214/2214 2228/2228 2226/2226
f 2209/2209 2214/2214 2226/2226
f 2209/2209 2226/2226 2224/2224
f 2269/2269 2228/2228 2214/2214
f 2269/2269 2214/2214 2213/2213
f 2269/2269 2006/2006 2228/2228
f 2211/2211 2269/2269 2213/2213
f 2207/2207 2210/2210 2209/2209
f 2207/2207 2224/2224 2220/2220
f 2207/2207 2209/2209 2224/2224
f 2206/2206 2210/2210 2207/2207
f 2201/2201 2207/2207 2220/2220
f 2201/2201 2220/2220 2218/2218
f 2206/2206 2211/2211 2210/2210
f 2204/2204 2211/2211 2206/2206
f 2190/2190 2203/2203 2201/2201
f 2190/2190 2211/2211 2204/2204
f 2190/2190 2269/2269 2211/2211
f 2190/2190 2204/2204 2203/2203
f 2190/2190 2218/2218 2005/2005
f 2190/2190 2201/2201 2218/2218
f 2309/2309 2306/2306 2305/2305
f 2256/2256 2188/2188 2340/2340
f 2256/2256 2340/2340 2257/2257
f 2232/2232 2305/2305 2188/2188
f 2232/2232 2188/2188 2256/2256
f 2341/2341 2310/2310 2309/2309
f 2342/2342 2341/2341 2309/2309
f 2343/2343 2342/2342 2309/2309
f 2187/2187 2232/2232 2185/2185
f 2187/2187 2309/2309 2305/2305
f 2187/2187 2305/2305 2232/2232
f 2311/2311 2320/2320 2343/2343
f 2311/2311 2309/2309 2187/2187
f 2311/2311 2343/2343 2309/2309
f 2344/2344 2311/2311 2187/2187
f 2345/2345 2344/2344 2187/2187
f 2312/2312 2311/2311 2344/2344
f 2346/2346 2187/2187 2233/2233
f 2346/2346 2345/2345 2187/2187
f 2295/2295 2296/2296 2008/2008
f 2295/2295 2008/2008 2014/2014
f 2344/2344 2319/2319 2315/2315
f 2345/2345 2319/2319 2344/2344
f 2301/2301 2299/2299 2011/2011
f 2301/2301 2011/2011 2013/2013
f 2110/2110 2109/2109 2233/2233
f 2107/2107 2346/2346 2233/2233
f 2107/2107 2233/2233 2109/2109
f 2105/2105 2346/2346 2107/2107
f 2125/2125 2115/2115 2113/2113
f 2122/2122 2115/2115 2125/2125
f 2122/2122 2117/2117 2115/2115
f 2121/2121 2117/2117 2122/2122
f 2234/2234 2125/2125 2113/2113
f 2234/2234 2113/2113 2111/2111
f 2234/2234 2127/2127 2125/2125
f 2129/2129 2127/2127 2234/2234
f 2294/2294 2129/2129 2234/2234
f 2294/2294 2104/2104 2117/2117
f 2294/2294 2117/2117 2121/2121
f 2294/2294 2132/2132 2129/2129
f 2294/2294 2121/2121 2132/2132
f 2346/2346 2104/2104 2294/2294
f 2346/2346 2105/2105 2104/2104
f 2234/2234 2111/2111 2233/2233
f 2111/2111 2110/2110 2233/2233
f 2320/2320 2317/2317 2316/2316
f 2320/2320 2316/2316 2343/2343
f 2319/2319 2345/2345 2346/2346
f 2295/2295 2014/2014 2294/2294
f 2294/2294 2319/2319 2346/2346
f 2294/2294 2014/2014 2319/2319
f 1993/1993 2319/2319 2014/2014
f 1993/1993 1992/1992 2319/2319
f 2300/2300 2012/2012 2011/2011
f 2300/2300 2011/2011 2299/2299
f 2308/2308 2004/2004 2003/2003
f 2308/2308 2005/2005 2004/2004
f 2005/2005 2308/2308 2293/2293
f 2343/2343 2316/2316 2318/2318
f 2342/2342 2343/2343 2318/2318
f 2298/2298 2010/2010 2008/2008
f 2298/2298 2008/2008 2296/2296
f 2302/2302 2303/2303 2310/2310
f 2302/2302 2310/2310 2341/2341
f 2312/2312 2344/2344 2315/2315
f 2312/2312 2315/2315 2314/2314
f 2318/2318 2341/2341 2342/2342
f 2300/2300 2302/2302 2012/2012
f 2302/2302 2341/2341 2012/2012
f 2012/2012 2341/2341 2318/2318
f 2000/2000 2307/2307 2306/2306
f 2000/2000 2306/2306 2309/2309
f 2001/2001 2012/2012 2318/2318
f 2001/2001 2318/2318 2002/2002
f 2038/2038 2347/2347 2039/2039
f 2038/2038 2348/2348 2347/2347
f 2167/2167 2166/2166 2047/2047
f 2349/2349 2167/2167 2047/2047
f 2092/2092 2167/2167 2349/2349
f 2366/2366 2042/2042 2039/2039
f 2366/2366 2039/2039 2347/2347
f 1817/1817 2354/2354 1819/1819
f 1817/1817 2350/2350 2354/2354
f 1818/1818 2350/2350 1817/1817
f 1818/1818 2351/2351 2350/2350
f 1822/1822 2351/2351 1818/1818
f 1822/1822 2352/2352 2351/2351
f 1821/1821 2352/2352 1822/1822
f 1821/1821 2353/2353 2352/2352
f 1825/1825 2353/2353 1821/1821
f 1825/1825 2354/2354 2353/2353
f 1819/1819 2354/2354 1825/1825
f 1812/1812 2355/2355 2358/2358
f 1814/1814 2355/2355 1812/1812
f 1814/1814 2356/2356 2355/2355
f 1816/1816 2356/2356 1814/1814
f 1816/1816 2357/2357 2356/2356
f 1823/1823 2357/2357 1816/1816
f 1820/1820 2357/2357 1823/1823
f 1820/1820 2358/2358 2357/2357
f 1812/1812 2358/2358 1820/1820
f 1807/1807 2359/2359 2363/2363
f 1809/1809 2359/2359 1807/1807
f 1809/1809 2360/2360 2359/2359
f 1811/1811 2360/2360 1809/1809
f 1811/1811 2361/2361 2360/2360
f 1815/1815 2361/2361 1811/1811
f 1813/1813 2361/2361 1815/1815
f 1813/1813 2362/2362 2361/2361
f 1810/1810 2362/2362 1813/1813
f 1810/1810 2363/2363 2362/2362
f 1807/1807 2363/2363 1810/1810
f 2365/2365 2050/2050 2364/2364
f 2365/2365 2049/2049 2050/2050
f 2349/2349 2049/2049 2365/2365
f 2349/2349 2047/2047 2049/2049
f 2354/2354 2025/2025 2037/2037
f 2353/2353 2354/2354 2037/2037
f 2350/2350 2025/2025 2354/2354
f 2368/2368 2353/2353 2037/2037
f 2368/2368 2352/2352 2353/2353
f 2368/2368 2351/2351 2352/2352
f 2358/2358 2025/2025 2350/2350
f 2358/2358 2035/2035 2025/2025
f 2355/2355 2035/2035 2358/2358
f 2358/2358 2350/2350 2351/2351
f 2357/2357 2358/2358 2351/2351
f 2357/2357 2351/2351 2368/2368
f 2362/2362 2363/2363 2035/2035
f 2363/2363 2050/2050 2035/2035
f 2362/2362 2035/2035 2355/2355
f 2361/2361 2362/2362 2355/2355
f 2361/2361 2355/2355 2356/2356
f 2359/2359 2050/2050 2363/2363
f 2360/2360 2050/2050 2359/2359
f 2364/2364 2360/2360 2361/2361
f 2364/2364 2050/2050 2360/2360
f 2364/2364 2361/2361 2356/2356
f 2364/2364 2356/2356 2368/2368
f 2356/2356 2357/2357 2368/2368
f 2366/2366 2041/2041 2042/2042
f 2367/2367 2041/2041 2366/2366
f 2367/2367 2037/2037 2041/2041
f 2368/2368 2037/2037 2367/2367
f 1819/1819 1825/1825 2027/2027
f 1825/1825 2040/2040 2027/2027
f 1821/1821 2040/2040 1825/1825
f 1821/1821 2369/2369 2040/2040
f 1817/1817 1819/1819 2027/2027
f 1822/1822 2369/2369 1821/1821
f 1820/1820 1817/1817 2027/2027
f 1820/1820 2027/2027 2026/2026
f 1820/1820 2026/2026 2034/2034
f 1820/1820 1818/1818 1817/1817
f 1812/1812 1820/1820 2034/2034
f 1812/1812 2034/2034 2036/2036
f 1823/1823 1818/1818 1820/1820
f 1823/1823 1822/1822 1818/1818
f 1814/1814 1812/1812 2036/2036
f 1813/1813 2036/2036 1810/1810
f 1813/1813 1814/1814 2036/2036
f 1815/1815 1814/1814 1813/1813
f 1815/1815 1816/1816 1814/1814
f 2048/2048 1809/1809 1807/1807
f 2260/2260 1815/1815 1811/1811
f 2260/2260 1811/1811 1809/1809
f 2260/2260 1809/1809 2048/2048
f 2260/2260 2369/2369 1816/1816
f 1816/1816 2369/2369 1823/1823
f 1823/1823 2369/2369 1822/1822
f 2260/2260 1816/1816 1815/1815
f 2036/2036 2048/2048 1807/1807
f 2036/2036 1807/1807 1810/1810
f 2371/2371 2052/2052 2370/2370
f 2371/2371 2252/2252 2052/2052
f 2376/2376 2252/2252 2371/2371
f 2033/2033 2375/2375 2370/2370
f 2372/2372 2375/2375 2033/2033
f 2374/2374 2375/2375 2372/2372
f 2373/2373 2372/2372 2033/2033
f 2373/2373 2033/2033 2032/2032
f 2374/2374 2376/2376 2375/2375
f 2385/2385 2376/2376 2374/2374
f 2028/2028 2373/2373 2032/2032
f 2030/2030 2373/2373 2028/2028
f 2378/2378 2377/2377 2373/2373
f 2378/2378 2373/2373 2030/2030
f 2380/2380 2377/2377 2378/2378
f 2380/2380 2382/2382 2377/2377
f 2379/2379 2378/2378 2030/2030
f 2381/2381 2382/2382 2380/2380
f 2383/2383 2379/2379 2030/2030
f 2062/2062 2383/2383 2030/2030
f 2255/2255 2381/2381 2384/2384
f 2255/2255 2383/2383 2062/2062
f 2255/2255 2384/2384 2383/2383
f 2255/2255 2252/2252 2385/2385
f 2385/2385 2252/2252 2376/2376
f 2255/2255 2385/2385 2382/2382
f 2255/2255 2382/2382 2381/2381
f 2052/2052 2033/2033 2370/2370
f 2387/2387 2061/2061 2386/2386
f 2387/2387 2063/2063 2061/2061
f 2388/2388 2063/2063 2387/2387
f 2391/2391 2389/2389 2058/2058
f 2390/2390 2396/2396 2391/2391
f 2390/2390 2391/2391 2058/2058
f 2031/2031 2389/2389 2395/2395
f 2031/2031 2058/2058 2389/2389
f 2393/2393 2392/2392 2031/2031
f 2393/2393 2031/2031 2395/2395
f 2394/2394 2031/2031 2392/2392
f 2393/2393 2395/2395 2396/2396
f 2393/2393 2396/2396 2390/2390
f 2403/2403 2393/2393 2390/2390
f 2029/2029 2031/2031 2394/2394
f 2397/2397 2029/2029 2394/2394
f 2397/2397 2394/2394 2398/2398
f 2399/2399 2029/2029 2397/2397
f 2400/2400 2397/2397 2398/2398
f 2399/2399 2061/2061 2029/2029
f 2402/2402 2061/2061 2399/2399
f 2386/2386 2400/2400 2398/2398
f 2386/2386 2401/2401 2400/2400
f 2386/2386 2061/2061 2402/2402
f 2386/2386 2402/2402 2401/2401
f 2386/2386 2403/2403 2390/2390
f 2386/2386 2398/2398 2403/2403
f 2405/2405 2059/2059 2404/2404
f 2405/2405 2058/2058 2059/2059
f 2390/2390 2058/2058 2405/2405
f 2389/2389 2371/2371 2370/2370
f 2391/2391 2371/2371 2389/2389
f 2391/2391 2376/2376 2371/2371
f 2396/2396 2376/2376 2391/2391
f 2396/2396 2375/2375 2376/2376
f 2395/2395 2375/2375 2396/2396
f 2395/2395 2370/2370 2375/2375
f 2389/2389 2370/2370 2395/2395
f 2392/2392 2372/2372 2373/2373
f 2393/2393 2372/2372 2392/2392
f 2393/2393 2374/2374 2372/2372
f 2403/2403 2374/2374 2393/2393
f 2403/2403 2385/2385 2374/2374
f 2398/2398 2385/2385 2403/2403
f 2398/2398 2382/2382 2385/2385
f 2398/2398 2377/2377 2382/2382
f 2394/2394 2377/2377 2398/2398
f 2394/2394 2373/2373 2377/2377
f 2392/2392 2373/2373 2394/2394
f 2397/2397 2378/2378 2399/2399
f 2397/2397 2380/2380 2378/2378
f 2400/2400 2380/2380 2397/2397
f 2400/2400 2381/2381 2380/2380
f 2401/2401 2381/2381 2400/2400
f 2401/2401 2384/2384 2381/2381
f 2402/2402 2384/2384 2401/2401
f 2402/2402 2383/2383 2384/2384
f 2402/2402 2379/2379 2383/2383
f 2399/2399 2379/2379 2402/2402
f 2399/2399 2378/2378 2379/2379
f 2406/2406 2063/2063 2388/2388
f 2406/2406 2065/2065 2063/2063
f 2271/2271 2060/2060 2250/2250
f 2404/2404 2059/2059 2060/2060
f 2404/2404 2060/2060 2271/2271
f 2064/2064 2406/2406 2253/2253
f 2065/2065 2406/2406 2064/2064
f 2019/2019 2257/2257 2340/2340
f 2019/2019 2340/2340 2020/2020
f 2369/2369 2020/2020 2340/2340
f 2264/2264 2020/2020 2369/2369
f 2348/2348 2264/2264 2369/2369
f 2266/2266 2264/2264 2348/2348
f 2366/2366 2369/2369 2367/2367
f 2366/2366 2348/2348 2369/2369
f 2368/2368 2367/2367 2369/2369
f 2347/2347 2348/2348 2366/2366
f 2254/2254 2265/2265 2264/2264
f 2254/2254 2264/2264 2266/2266
f 2253/2253 2265/2265 2254/2254
f 2388/2388 2253/2253 2406/2406
f 2255/2255 2019/2019 2265/2265
f 2255/2255 2265/2265 2253/2253
f 2255/2255 2257/2257 2019/2019
f 2255/2255 2253/2253 2388/2388
f 2260/2260 2368/2368 2369/2369
f 2260/2260 2364/2364 2368/2368
f 2260/2260 2365/2365 2364/2364
f 2349/2349 2365/2365 2260/2260
f 2387/2387 2255/2255 2388/2388
f 2386/2386 2255/2255 2387/2387
f 2092/2092 2349/2349 2260/2260
f 2252/2252 2405/2405 2404/2404
f 2252/2252 2386/2386 2390/2390
f 2252/2252 2255/2255 2386/2386
f 2252/2252 2404/2404 2271/2271
f 2252/2252 2390/2390 2405/2405
f 2082/2082 2092/2092 2260/2260
f 2261/2261 2082/2082 2260/2260
f 2272/2272 2252/2252 2271/2271
f 2272/2272 2082/2082 2261/2261
f 2251/2251 2272/2272 2261/2261
f 2251/2251 2252/2252 2272/2272
f 2040/2040 2340/2340 2188/2188
f 2369/2369 2340/2340 2040/2040
f 2408/2408 2040/2040 2188/2188
f 2408/2408 2188/2188 2072/2072
f 2408/2408 2407/2407 2409/2409
f 2408/2408 2072/2072 2407/2407
f 2409/2409 2038/2038 2408/2408
f 2408/2408 2038/2038 2040/2040
f 2038/2038 2266/2266 2348/2348
f 2038/2038 2409/2409 2266/2266
f 2410/2410 2411/2411 2413/2413
f 2412/2412 2410/2410 2413/2413
f 2412/2412 2413/2413 2415/2415
f 2414/2414 2412/2412 2415/2415
f 2414/2414 2415/2415 2416/2416
f 2428/2428 2414/2414 2416/2416
f 2428/2428 2416/2416 2420/2420
f 2418/2418 2419/2419 2417/2417
f 2420/2420 2419/2419 2418/2418
f 2420/2420 2421/2421 2419/2419
f 2383/2383 2422/2422 2379/2379
f 2379/2379 2422/2422 2421/2421
f 2378/2378 2379/2379 2421/2421
f 2383/2383 2423/2423 2422/2422
f 2378/2378 2421/2421 2420/2420
f 2424/2424 2423/2423 2383/2383
f 2384/2384 2424/2424 2383/2383
f 2381/2381 2424/2424 2384/2384
f 2377/2377 2378/2378 2373/2373
f 2377/2377 2380/2380 2378/2378
f 2373/2373 2378/2378 2420/2420
f 2373/2373 2420/2420 2416/2416
f 2372/2372 2373/2373 2416/2416
f 2382/2382 2380/2380 2377/2377
f 2382/2382 2381/2381 2380/2380
f 2413/2413 2416/2416 2415/2415
f 2382/2382 2424/2424 2381/2381
f 2385/2385 2424/2424 2382/2382
f 2411/2411 2416/2416 2413/2413
f 2375/2375 2372/2372 2370/2370
f 2370/2370 2372/2372 2416/2416
f 2375/2375 2374/2374 2372/2372
f 2370/2370 2416/2416 2411/2411
f 2376/2376 2374/2374 2375/2375
f 2425/2425 2376/2376 2371/2371
f 2425/2425 2424/2424 2385/2385
f 2425/2425 2374/2374 2376/2376
f 2425/2425 2385/2385 2374/2374
f 2426/2426 2370/2370 2411/2411
f 2426/2426 2371/2371 2370/2370
f 2427/2427 2371/2371 2426/2426
f 2427/2427 2425/2425 2371/2371
f 2428/2428 2420/2420 2418/2418
f 2429/2429 2428/2428 2418/2418
f 2429/2429 2418/2418 2417/2417
f 2430/2430 2429/2429 2417/2417
f 2430/2430 2417/2417 2419/2419
f 2431/2431 2419/2419 2421/2421
f 2431/2431 2430/2430 2419/2419
f 2432/2432 2431/2431 2421/2421
f 2432/2432 2421/2421 2422/2422
f 2432/2432 2422/2422 2423/2423
f 2433/2433 2432/2432 2423/2423
f 2434/2434 2433/2433 2423/2423
f 2434/2434 2423/2423 2424/2424
f 2435/2435 2434/2434 2424/2424
f 2435/2435 2424/2424 2425/2425
f 2435/2435 2425/2425 2427/2427
f 2436/2436 2435/2435 2427/2427
f 2436/2436 2427/2427 2426/2426
f 2437/2437 2436/2436 2426/2426
f 2438/2438 2439/2439 2440/2440
f 2438/2438 2441/2441 2439/2439
f 2440/2440 2442/2442 2443/2443
f 2440/2440 2439/2439 2442/2442
f 2442/2442 2444/2444 2445/2445
f 2443/2443 2442/2442 2445/2445
f 2445/2445 2446/2446 2447/2447
f 2445/2445 2444/2444 2446/2446
f 2447/2447 2448/2448 2449/2449
f 2447/2447 2446/2446 2448/2448
f 2449/2449 2450/2450 2451/2451
f 2449/2449 2448/2448 2450/2450
f 2451/2451 2452/2452 2453/2453
f 2451/2451 2450/2450 2452/2452
f 2453/2453 2441/2441 2438/2438
f 2453/2453 2452/2452 2441/2441
f 2440/2440 2451/2451 2453/2453
f 2440/2440 2453/2453 2438/2438
f 2447/2447 2449/2449 2451/2451
f 2447/2447 2451/2451 2440/2440
f 2445/2445 2440/2440 2443/2443
f 2445/2445 2447/2447 2440/2440
f 2454/2454 2455/2455 2456/2456
f 2457/2457 2454/2454 2456/2456
f 2455/2455 2458/2458 2459/2459
f 2456/2456 2455/2455 2459/2459
f 2459/2459 2460/2460 2461/2461
f 2459/2459 2458/2458 2460/2460
f 2461/2461 2462/2462 2463/2463
f 2461/2461 2460/2460 2462/2462
f 2463/2463 2464/2464 2465/2465
f 2463/2463 2462/2462 2464/2464
f 2465/2465 2466/2466 2467/2467
f 2465/2465 2464/2464 2466/2466
f 2466/2466 2468/2468 2469/2469
f 2467/2467 2466/2466 2469/2469
f 2469/2469 2454/2454 2457/2457
f 2469/2469 2468/2468 2454/2454
f 2459/2459 2457/2457 2456/2456
f 2459/2459 2469/2469 2457/2457
f 2465/2465 2467/2467 2469/2469
f 2463/2463 2459/2459 2461/2461
f 2463/2463 2469/2469 2459/2459
f 2463/2463 2465/2465 2469/2469
f 2471/2471 2370/2370 2470/2470
f 2471/2471 2375/2375 2370/2370
f 2472/2472 2375/2375 2471/2471
f 2472/2472 2376/2376 2375/2375
f 2473/2473 2376/2376 2472/2472
f 2473/2473 2371/2371 2376/2376
f 2473/2473 2370/2370 2371/2371
f 2470/2470 2370/2370 2473/2473
f 2474/2474 2379/2379 2378/2378
f 2475/2475 2379/2379 2474/2474
f 2475/2475 2383/2383 2379/2379
f 2475/2475 2384/2384 2383/2383
f 2476/2476 2384/2384 2475/2475
f 2476/2476 2381/2381 2384/2384
f 2476/2476 2380/2380 2381/2381
f 2474/2474 2378/2378 2380/2380
f 2474/2474 2380/2380 2476/2476
f 2477/2477 2377/2377 2373/2373
f 2478/2478 2377/2377 2477/2477
f 2478/2478 2382/2382 2377/2377
f 2479/2479 2382/2382 2478/2478
f 2479/2479 2385/2385 2382/2382
f 2479/2479 2374/2374 2385/2385
f 2480/2480 2374/2374 2479/2479
f 2480/2480 2372/2372 2374/2374
f 2477/2477 2372/2372 2480/2480
f 2477/2477 2373/2373 2372/2372
f 2410/2410 2437/2437 2426/2426
f 2410/2410 2426/2426 2411/2411
f 2442/2442 2430/2430 2431/2431
f 2442/2442 2429/2429 2430/2430
f 2442/2442 2428/2428 2429/2429
f 2441/2441 2428/2428 2442/2442
f 2439/2439 2441/2441 2442/2442
f 2452/2452 2428/2428 2441/2441
f 2448/2448 2452/2452 2450/2450
f 2444/2444 2431/2431 2432/2432
f 2444/2444 2442/2442 2431/2431
f 2433/2433 2444/2444 2432/2432
f 2460/2460 2452/2452 2448/2448
f 2455/2455 2452/2452 2460/2460
f 2455/2455 2428/2428 2452/2452
f 2458/2458 2455/2455 2460/2460
f 2414/2414 2428/2428 2455/2455
f 2454/2454 2414/2414 2455/2455
f 2474/2474 2444/2444 2475/2475
f 2475/2475 2444/2444 2433/2433
f 2475/2475 2433/2433 2434/2434
f 2476/2476 2475/2475 2434/2434
f 2446/2446 2474/2474 2476/2476
f 2462/2462 2448/2448 2446/2446
f 2462/2462 2460/2460 2448/2448
f 2466/2466 2412/2412 2414/2414
f 2466/2466 2454/2454 2468/2468
f 2466/2466 2414/2414 2454/2454
f 2478/2478 2477/2477 2446/2446
f 2478/2478 2446/2446 2476/2476
f 2477/2477 2462/2462 2446/2446
f 2410/2410 2412/2412 2466/2466
f 2479/2479 2478/2478 2476/2476
f 2480/2480 2462/2462 2477/2477
f 2479/2479 2476/2476 2434/2434
f 2470/2470 2462/2462 2471/2471
f 2471/2471 2462/2462 2480/2480
f 2472/2472 2471/2471 2480/2480
f 2472/2472 2480/2480 2479/2479
f 2464/2464 2410/2410 2466/2466
f 2464/2464 2470/2470 2473/2473
f 2437/2437 2410/2410 2464/2464
f 2435/2435 2473/2473 2472/2472
f 2435/2435 2479/2479 2434/2434
f 2435/2435 2472/2472 2479/2479
f 2436/2436 2437/2437 2464/2464
f 2435/2435 2464/2464 2473/2473
f 2436/2436 2464/2464 2435/2435
f 2446/2446 2444/2444 2474/2474
f 2464/2464 2462/2462 2470/2470
f 2481/2481 2482/2482 2483/2483
f 2484/2484 2482/2482 2481/2481
f 2482/2482 2485/2485 2483/2483
f 2482/2482 2486/2486 2485/2485
f 2485/2485 2487/2487 2488/2488
f 2486/2486 2487/2487 2485/2485
f 2487/2487 2481/2481 2488/2488
f 2487/2487 2484/2484 2481/2481
f 2486/2486 2484/2484 2487/2487
f 2486/2486 2482/2482 2484/2484
f 2483/2483 2485/2485 2488/2488
f 2483/2483 2488/2488 2481/2481
f 2489/2489 2490/2490 2491/2491
f 2492/2492 2490/2490 2489/2489
f 2490/2490 2493/2493 2491/2491
f 2490/2490 2494/2494 2493/2493
f 2493/2493 2495/2495 2496/2496
f 2494/2494 2495/2495 2493/2493
f 2495/2495 2489/2489 2496/2496
f 2495/2495 2492/2492 2489/2489
f 2494/2494 2492/2492 2495/2495
f 2494/2494 2490/2490 2492/2492
f 2491/2491 2493/2493 2496/2496
f 2491/2491 2496/2496 2489/2489
f 2497/2497 2498/2498 2499/2499
f 2500/2500 2498/2498 2497/2497
f 2498/2498 2501/2501 2499/2499
f 2498/2498 2502/2502 2501/2501
f 2501/2501 2503/2503 2504/2504
f 2502/2502 2503/2503 2501/2501
f 2503/2503 2497/2497 2504/2504
f 2503/2503 2500/2500 2497/2497
f 2502/2502 2500/2500 2503/2503
f 2502/2502 2498/2498 2500/2500
f 2499/2499 2501/2501 2504/2504
f 2499/2499 2504/2504 2497/2497
f 2505/2505 2506/2506 2507/2507
f 2508/2508 2506/2506 2505/2505
f 2506/2506 2509/2509 2507/2507
f 2506/2506 2510/2510 2509/2509
f 2509/2509 2511/2511 2512/2512
f 2510/2510 2511/2511 2509/2509
f 2511/2511 2505/2505 2512/2512
f 2511/2511 2508/2508 2505/2505
f 2510/2510 2508/2508 2511/2511
f 2510/2510 2506/2506 2508/2508
f 2507/2507 2509/2509 2512/2512
f 2507/2507 2512/2512 2505/2505

