# https://github.com/mikedh/trimesh
mtllib material.mtl

o tmp6ov8vmsm.stl
usemtl material_0
v 121.23925781 43.50304794 9.99935627
v 121.20745850 43.54131699 9.99935627
v 121.17378998 43.57795715 9.99935627
v 121.26911163 43.46324539 9.99935627
v 121.13835144 43.61287689 9.99935627
v 121.10121155 43.64598846 9.99935627
v 121.06246948 43.67721176 9.99935627
v 121.02222443 43.70647049 9.99935627
v 121.32270813 43.37943649 9.99935627
v 121.29695129 43.42200851 9.99935627
v 120.98057556 43.73369217 9.99935627
v 121.34631348 43.33563614 9.99935627
v 121.38684845 43.24478531 9.99935627
v 121.36771393 43.29071426 9.99935627
v 121.40367889 43.19796371 9.99935627
v 121.43992615 43.05328751 9.99935627
v 121.43025208 43.10209274 9.99935627
v 121.41815948 43.15036011 9.99935627
v 121.45144653 42.80538940 9.99935627
v 121.45408630 42.85507584 9.99935627
v 121.45425415 42.90483093 9.99935627
v 121.45194244 42.95453644 9.99935627
v 121.44716644 43.00406265 9.99935627
v 121.44634247 42.75589752 9.99935627
v 121.41636658 42.60979462 9.99935627
v 121.42877960 42.65797806 9.99935627
v 121.43878174 42.70671844 9.99935627
v 121.40157318 42.56228638 9.99935627
v 121.34329987 42.42499542 9.99935627
v 121.36499786 42.46977615 9.99935627
v 121.38443756 42.51557541 9.99935627
v 121.31940460 42.38135529 9.99935627
v 121.29336548 42.33895493 9.99935627
v 121.23513794 42.25829697 9.99935627
v 121.26525879 42.29790115 9.99935627
v 121.13349915 42.14913940 9.99935627
v 121.16917419 42.18382263 9.99935627
v 121.20308685 42.22024155 9.99935627
v 121.09614563 42.11627579 9.99935627
v 121.01676178 42.05631638 9.99935627
v 121.05719757 42.08530807 9.99935627
v 120.97493744 42.02936935 9.99935627
v 120.93181610 42.00453949 9.99935627
v 120.74863434 41.92750549 9.99935627
v 120.79581451 41.94332123 9.99935627
v 120.84214783 41.96146011 9.99935627
v 120.88751984 41.98188400 9.99935627
v 120.70073700 41.91405869 9.99935627
v 120.65222168 41.90300751 9.99935627
v 120.60321808 41.89438629 9.99935627
v 120.45448303 41.88326263 9.99935627
v 120.50422668 41.88450241 9.99935627
v 120.55384064 41.88821411 9.99935627
v 117.50578308 43.88326263 9.99935627
v 117.50578308 45.88326263 9.99935627
v 115.43757629 45.13837433 9.99935627
v 113.34723663 46.35628510 9.99935627
v 112.85416412 48.63491821 9.99935627
v 111.23545074 47.53660583 9.99935627
v 109.97730255 48.21649551 9.99935627
v 109.54479218 48.44626999 9.99935627
v 108.09716797 51.20010376 9.99935627
v 109.11145020 48.67447281 9.99935627
v 108.67728424 48.90110779 9.99935627
v 107.42211914 49.54512024 9.99935627
v 106.89764404 49.80934906 9.99935627
v 106.37202454 50.07129669 9.99935627
v 105.84526825 50.33095932 9.99935627
v 104.59017181 50.93827057 9.99935627
v 103.24227142 53.57479477 9.99935627
v 104.19892120 51.12434006 9.99935627
v 103.80706787 51.30915070 9.99935627
v 103.41462708 51.49271011 9.99935627
v 102.16282654 52.06803131 9.99935627
v 101.67449951 52.28829193 9.99935627
v 101.18531036 52.50661850 9.99935627
v 100.69525146 52.72300339 9.99935627
v 99.44383240 53.26510239 9.99935627
v 98.29709625 55.75525665 9.99935627
v 98.89829254 53.49674988 9.99935627
v 98.35175323 53.72600555 9.99935627
v 97.80420685 53.95286179 9.99935627
v 96.55160522 54.46131134 9.99935627
v 95.97865295 54.68903732 9.99935627
v 95.40467072 54.91415024 9.99935627
v 93.26940918 57.73806763 9.99935627
v 106.38463593 43.88326263 9.99935627
v 94.82967377 55.13664246 9.99935627
v 93.57516479 55.61165237 9.99935627
v 93.04898071 55.80666733 9.99935627
v 92.52199554 55.99949265 9.99935627
v 91.99421692 56.19013596 9.99935627
v 90.73844147 56.63382339 9.99935627
v 90.19114685 56.82284927 9.99935627
v 88.16710663 59.52011108 9.99935627
v 89.64305878 57.00953293 9.99935627
v 89.09416962 57.19387054 9.99935627
v 87.83642578 57.60643768 9.99935627
v 87.15473175 57.82436752 9.99935627
v 86.47190094 58.03868866 9.99935627
v 85.78794861 58.24938965 9.99935627
v 84.52604675 58.62777328 9.99935627
v 82.99819946 61.09859467 9.99935627
v 83.77294922 58.84723282 9.99935627
v 83.01858521 59.06231689 9.99935627
v 82.26298523 59.27302170 9.99935627
v 80.99613190 59.61573029 9.99935627
v 80.30133820 59.79809952 9.99935627
v 79.60557556 59.97677612 9.99935627
v 77.77080536 62.47103119 9.99935627
v 78.90888214 60.15175247 9.99935627
v 77.63791656 60.46085739 9.99935627
v 76.83799744 60.64874268 9.99935627
v 76.03694916 60.83176422 9.99935627
v 75.23480225 61.00991440 9.99935627
v 72.49314880 63.63526917 9.99935627
v 73.95880127 61.28279495 9.99935627
v 73.22254181 61.43440628 9.99935627
v 72.48544312 61.58192062 9.99935627
v 71.74754333 61.72533417 9.99935627
v 70.46725464 61.96408844 9.99935627
v 69.66631317 62.10697937 9.99935627
v 67.17350006 64.58948517 9.99935627
v 68.86452484 62.24504852 9.99935627
v 68.06192017 62.37828827 9.99935627
v 67.17350006 62.87675858 9.99935627
v 66.72873688 62.33316040 9.99935627
v 52.47349548 44.91009521 9.99935627
v 53.77349472 43.88326263 9.99935627
v 53.77349472 46.49898148 9.99935627
v 52.47349548 43.88326263 9.99935627
v 49.99699783 41.88326263 9.99935627
v 67.29399872 43.88326263 9.99935627
v 65.95411682 43.88326263 9.99935627
v 64.46176910 43.88326263 9.99935627
v 63.13736725 43.88326263 9.99935627
v 60.68852615 43.88326263 9.99935627
v 59.37570190 43.88326263 9.99935627
v 56.95930481 43.88326263 9.99935627
v 55.65431213 43.88326263 9.99935627
v 51.63336182 43.88326263 9.99935627
v 68.63419342 43.88326263 9.99935627
v 69.99369812 43.88326263 9.99935627
v 71.59919739 43.88326263 9.99935627
v 72.98275757 43.88326263 9.99935627
v 74.31318665 43.88326263 9.99935627
v 75.72560883 43.88326263 9.99935627
v 77.32984161 43.88326263 9.99935627
v 78.77640533 43.88326263 9.99935627
v 80.22479248 43.88326263 9.99935627
v 81.71137238 43.88326263 9.99935627
v 82.76631165 43.88326263 9.99935627
v 84.29949951 43.88326263 9.99935627
v 85.35823059 43.88326263 9.99935627
v 86.94552612 43.88326263 9.99935627
v 88.28261566 43.88326263 9.99935627
v 89.93267822 43.88326263 9.99935627
v 91.28396606 43.88326263 9.99935627
v 93.00687408 43.88326263 9.99935627
v 94.25469971 43.88326263 9.99935627
v 96.06237793 43.88326263 9.99935627
v 97.02059174 43.88326263 9.99935627
v 98.92729187 43.88326263 9.99935627
v 100.67095184 43.88326263 9.99935627
v 102.69403076 43.88326263 9.99935627
v 104.22373962 43.88326263 9.99935627
v 56.13739777 49.38819504 9.99935627
v 57.59917831 51.17481613 9.99935627
v 60.98516464 55.31324387 9.99935627
v 62.57089996 57.25136185 9.99935627
v 121.20745850 43.54131699 -30.00064468
v 121.13835144 43.61287689 -30.00064468
v 121.17378998 43.57795715 -30.00064468
v 121.10121155 43.64598846 -30.00064468
v 121.23925781 43.50304794 -30.00064468
v 121.02222443 43.70647049 -30.00064468
v 121.06246948 43.67721176 -30.00064468
v 120.98057556 43.73369217 -30.00064468
v 121.34631348 43.33563614 -30.00064468
v 121.26911163 43.46324539 -30.00064468
v 121.29695129 43.42200851 -30.00064468
v 121.32270813 43.37943649 -30.00064468
v 121.38684845 43.24478531 -30.00064468
v 121.36771393 43.29071426 -30.00064468
v 121.41815948 43.15036011 -30.00064468
v 121.40367889 43.19796371 -30.00064468
v 121.43025208 43.10209274 -30.00064468
v 121.45194244 42.95453644 -30.00064468
v 121.43992615 43.05328751 -30.00064468
v 121.44716644 43.00406265 -30.00064468
v 121.45408630 42.85507584 -30.00064468
v 121.45425415 42.90483093 -30.00064468
v 121.45144653 42.80538940 -30.00064468
v 121.44634247 42.75589752 -30.00064468
v 121.42877960 42.65797806 -30.00064468
v 121.43878174 42.70671844 -30.00064468
v 121.41636658 42.60979462 -30.00064468
v 121.40157318 42.56228638 -30.00064468
v 121.38443756 42.51557541 -30.00064468
v 121.26525879 42.29790115 -30.00064468
v 121.36499786 42.46977615 -30.00064468
v 121.34329987 42.42499542 -30.00064468
v 121.31940460 42.38135529 -30.00064468
v 121.29336548 42.33895493 -30.00064468
v 121.23513794 42.25829697 -30.00064468
v 121.16917419 42.18382263 -30.00064468
v 121.20308685 42.22024155 -30.00064468
v 121.05719757 42.08530807 -30.00064468
v 121.13349915 42.14913940 -30.00064468
v 121.09614563 42.11627579 -30.00064468
v 121.01676178 42.05631638 -30.00064468
v 120.93181610 42.00453949 -30.00064468
v 120.97493744 42.02936935 -30.00064468
v 120.88751984 41.98188400 -30.00064468
v 120.84214783 41.96146011 -30.00064468
v 120.70073700 41.91405869 -30.00064468
v 120.79581451 41.94332123 -30.00064468
v 120.74863434 41.92750549 -30.00064468
v 120.65222168 41.90300751 -30.00064468
v 120.55384064 41.88821411 -30.00064468
v 120.60321808 41.89438629 -30.00064468
v 120.45448303 41.88326263 -30.00064468
v 120.50422668 41.88450241 -30.00064468
v 117.50578308 43.88326263 -30.00064468
v 117.50578308 45.88326263 -30.00064468
v 115.43757629 45.13837433 -30.00064468
v 113.34723663 46.35628510 -30.00064468
v 112.85416412 48.63491821 -30.00064468
v 111.23545074 47.53660583 -30.00064468
v 109.97730255 48.21649551 -30.00064468
v 109.54479218 48.44626999 -30.00064468
v 108.09716797 51.20010376 -30.00064468
v 109.11145020 48.67447281 -30.00064468
v 108.67728424 48.90110779 -30.00064468
v 107.42211914 49.54512024 -30.00064468
v 106.89764404 49.80934906 -30.00064468
v 106.37202454 50.07129669 -30.00064468
v 105.84526825 50.33095932 -30.00064468
v 104.59017181 50.93827057 -30.00064468
v 103.24227142 53.57479477 -30.00064468
v 104.19892120 51.12434006 -30.00064468
v 103.80706787 51.30915070 -30.00064468
v 103.41462708 51.49271011 -30.00064468
v 102.16282654 52.06803131 -30.00064468
v 101.67449951 52.28829193 -30.00064468
v 101.18531036 52.50661850 -30.00064468
v 100.69525146 52.72300339 -30.00064468
v 99.44383240 53.26510239 -30.00064468
v 98.29709625 55.75525665 -30.00064468
v 98.89829254 53.49674988 -30.00064468
v 98.35175323 53.72600555 -30.00064468
v 97.80420685 53.95286179 -30.00064468
v 96.55160522 54.46131134 -30.00064468
v 95.97865295 54.68903732 -30.00064468
v 95.40467072 54.91415024 -30.00064468
v 93.26940918 57.73806763 -30.00064468
v 106.38463593 43.88326263 -30.00064468
v 94.82967377 55.13664246 -30.00064468
v 93.57516479 55.61165237 -30.00064468
v 93.04898071 55.80666733 -30.00064468
v 92.52199554 55.99949265 -30.00064468
v 91.99421692 56.19013596 -30.00064468
v 90.73844147 56.63382339 -30.00064468
v 90.19114685 56.82284927 -30.00064468
v 88.16710663 59.52011108 -30.00064468
v 89.64305878 57.00953293 -30.00064468
v 89.09416962 57.19387054 -30.00064468
v 87.83642578 57.60643768 -30.00064468
v 87.15473175 57.82436752 -30.00064468
v 86.47190094 58.03868866 -30.00064468
v 85.78794861 58.24938965 -30.00064468
v 84.52604675 58.62777328 -30.00064468
v 82.99819946 61.09859467 -30.00064468
v 83.77294922 58.84723282 -30.00064468
v 83.01858521 59.06231689 -30.00064468
v 82.26298523 59.27302170 -30.00064468
v 80.99613190 59.61573029 -30.00064468
v 80.30133820 59.79809952 -30.00064468
v 79.60557556 59.97677612 -30.00064468
v 77.77080536 62.47103119 -30.00064468
v 78.90888214 60.15175247 -30.00064468
v 77.63791656 60.46085739 -30.00064468
v 76.83799744 60.64874268 -30.00064468
v 76.03694916 60.83176422 -30.00064468
v 75.23480225 61.00991440 -30.00064468
v 72.49314880 63.63526917 -30.00064468
v 73.95880127 61.28279495 -30.00064468
v 73.22254181 61.43440628 -30.00064468
v 72.48544312 61.58192062 -30.00064468
v 71.74754333 61.72533417 -30.00064468
v 70.46725464 61.96408844 -30.00064468
v 69.66631317 62.10697937 -30.00064468
v 67.17350006 64.58948517 -30.00064468
v 68.86452484 62.24504852 -30.00064468
v 68.06192017 62.37828827 -30.00064468
v 67.17350006 62.87675858 -30.00064468
v 66.72873688 62.33316040 -30.00064468
v 52.47349548 44.91009521 -30.00064468
v 53.77349472 46.49898148 -30.00064468
v 53.77349472 43.88326263 -30.00064468
v 52.47349548 43.88326263 -30.00064468
v 49.99699783 41.88326263 -30.00064468
v 65.95411682 43.88326263 -30.00064468
v 67.29399872 43.88326263 -30.00064468
v 63.13736725 43.88326263 -30.00064468
v 64.46176910 43.88326263 -30.00064468
v 59.37570190 43.88326263 -30.00064468
v 60.68852615 43.88326263 -30.00064468
v 55.65431213 43.88326263 -30.00064468
v 56.95930481 43.88326263 -30.00064468
v 51.63336182 43.88326263 -30.00064468
v 68.63419342 43.88326263 -30.00064468
v 69.99369812 43.88326263 -30.00064468
v 71.59919739 43.88326263 -30.00064468
v 72.98275757 43.88326263 -30.00064468
v 74.31318665 43.88326263 -30.00064468
v 75.72560883 43.88326263 -30.00064468
v 77.32984161 43.88326263 -30.00064468
v 78.77640533 43.88326263 -30.00064468
v 80.22479248 43.88326263 -30.00064468
v 81.71137238 43.88326263 -30.00064468
v 82.76631165 43.88326263 -30.00064468
v 84.29949951 43.88326263 -30.00064468
v 85.35823059 43.88326263 -30.00064468
v 86.94552612 43.88326263 -30.00064468
v 88.28261566 43.88326263 -30.00064468
v 89.93267822 43.88326263 -30.00064468
v 91.28396606 43.88326263 -30.00064468
v 93.00687408 43.88326263 -30.00064468
v 94.25469971 43.88326263 -30.00064468
v 96.06237793 43.88326263 -30.00064468
v 97.02059174 43.88326263 -30.00064468
v 98.92729187 43.88326263 -30.00064468
v 100.67095184 43.88326263 -30.00064468
v 102.69403076 43.88326263 -30.00064468
v 104.22373962 43.88326263 -30.00064468
v 56.13739777 49.38819504 -30.00064468
v 57.59917831 51.17481613 -30.00064468
v 60.98516464 55.31324387 -30.00064468
v 62.57089996 57.25136185 -30.00064468
v 67.17350006 64.58948517 2.99935627
v 67.17350006 62.87675858 2.99935627
v 52.47349548 44.91009521 2.99935627
v 53.77349472 46.49898148 2.99935627
v 56.13739777 49.38819504 2.99935627
v 57.59917831 51.17481613 2.99935627
v 49.99699783 41.88326263 2.99935627
v 51.63336182 43.88326263 2.99935627
v 60.98516464 55.31324387 2.99935627
v 62.57089996 57.25136185 2.99935627
v 63.95518112 66.24945831 2.99935627
v 64.70431519 66.91293335 2.99935627
v 64.61765289 67.00081635 2.99935627
v 63.90164185 66.30168152 2.99935627
v 64.52676392 67.08431244 2.99935627
v 64.00605011 66.19463348 2.99935627
v 64.78652954 66.82087708 2.99935627
v 63.84556198 66.35117340 2.99935627
v 64.43186951 67.16323090 2.99935627
v 64.05413055 66.13734436 2.99935627
v 64.86409760 66.72487640 2.99935627
v 63.78709030 66.39780426 2.99935627
v 64.33319092 67.23735809 2.99935627
v 64.09928894 66.07772064 2.99935627
v 64.93683624 66.62516785 2.99935627
v 63.72636032 66.44146729 2.99935627
v 64.23097229 67.30653381 2.99935627
v 64.14141846 66.01592255 2.99935627
v 65.00456238 66.52198792 2.99935627
v 63.66353607 66.48204041 2.99935627
v 64.12546539 67.37057495 2.99935627
v 64.18041992 65.95211029 2.99935627
v 65.06711578 66.41559601 2.99935627
v 63.59876251 66.51943970 2.99935627
v 64.01692963 67.42932892 2.99935627
v 64.21618652 65.88642120 2.99935627
v 65.12434387 66.30624390 2.99935627
v 63.53220749 66.55355835 2.99935627
v 63.90562439 67.48265839 2.99935627
v 64.24864197 65.81903839 2.99935627
v 65.17610168 66.19419861 2.99935627
v 66.56895447 64.68421173 2.99935627
v 63.46403503 66.58432007 2.99935627
v 63.79182053 67.53043365 2.99935627
v 64.27769470 65.75011444 2.99935627
v 65.22227478 66.07973480 2.99935627
v 63.39441299 66.61164856 2.99935627
v 63.67580032 67.57252502 2.99935627
v 64.30327606 65.67984009 2.99935627
v 65.26273346 65.96313477 2.99935627
v 63.32351303 66.63546753 2.99935627
v 63.55784225 67.60884857 2.99935627
v 64.32531738 65.60836792 2.99935627
v 65.29739380 65.84468079 2.99935627
v 63.25151825 66.65572357 2.99935627
v 63.43823624 67.63929749 2.99935627
v 64.34377289 65.53588867 2.99935627
v 65.32616425 65.72465515 2.99935627
v 63.17860031 66.67236328 2.99935627
v 63.31727219 67.66381073 2.99935627
v 64.35859680 65.46257782 2.99935627
v 65.34896851 65.60336304 2.99935627
v 63.10494614 66.68535614 2.99935627
v 63.19524765 67.68232727 2.99935627
v 64.36974335 65.38861847 2.99935627
v 65.36576843 65.48108673 2.99935627
v 63.03073502 66.69465637 2.99935627
v 63.07245636 67.69479370 2.99935627
v 64.37718964 65.31420135 2.99935627
v 65.37651062 65.35813141 2.99935627
v 62.95615005 66.70024109 2.99935627
v 62.94919968 67.70118713 2.99935627
v 64.38091278 65.23950195 2.99935627
v 65.38116455 65.23480225 2.99935627
v 62.88138199 66.70211029 2.99935627
v 62.82577896 67.70148468 2.99935627
v 64.38091278 65.16471100 2.99935627
v 65.37973785 65.11138153 2.99935627
v 62.80661392 66.70024109 2.99935627
v 62.70249176 67.69570160 2.99935627
v 64.37718964 65.09001160 2.99935627
v 65.37221527 64.98818970 2.99935627
v 62.73202896 66.69465637 2.99935627
v 62.57964325 67.68383026 2.99935627
v 64.36974335 65.01559448 2.99935627
v 65.35861969 64.86552429 2.99935627
v 62.65781784 66.68535614 2.99935627
v 62.45752716 67.66591644 2.99935627
v 64.35859680 64.94163513 2.99935627
v 62.58416367 66.67236328 2.99935627
v 62.33644485 67.64199066 2.99935627
v 64.34377289 64.86832428 2.99935627
v 62.51124573 66.65572357 2.99935627
v 62.21669388 67.61212158 2.99935627
v 64.32531738 64.79584503 2.99935627
v 62.43925095 66.63546753 2.99935627
v 62.09856033 67.57638550 2.99935627
v 66.72873688 62.33316040 2.99935627
v 66.77703094 62.58128738 2.99935627
v 64.30327606 64.72437286 2.99935627
v 62.36835098 66.61164856 2.99935627
v 61.98233414 67.53485107 2.99935627
v 64.27769470 64.65409851 2.99935627
v 62.29872894 66.58432007 2.99935627
v 61.86829758 67.48764038 2.99935627
v 64.24864197 64.58517456 2.99935627
v 62.23055649 66.55355835 2.99935627
v 61.75673294 67.43485260 2.99935627
v 64.21618652 64.51779175 2.99935627
v 62.16400146 66.51943970 2.99935627
v 61.64791107 67.37662506 2.99935627
v 64.18041992 64.45211029 2.99935627
v 62.09922791 66.48204041 2.99935627
v 61.54209137 67.31310272 2.99935627
v 64.14141846 64.38829041 2.99935627
v 62.03640366 66.44146729 2.99935627
v 61.43953705 67.24443054 2.99935627
v 65.64879608 62.74911118 2.99935627
v 65.96398926 64.77622223 2.99935627
v 61.97567368 66.39780426 2.99935627
v 61.34049988 67.17078400 2.99935627
v 61.91720200 66.35117340 2.99935627
v 61.24521637 67.09233093 2.99935627
v 61.86112213 66.30168152 2.99935627
v 61.15391922 67.00927734 2.99935627
v 61.80758286 66.24945831 2.99935627
v 61.06683350 66.92182159 2.99935627
v 61.75671005 66.19463348 2.99935627
v 60.98417282 66.83016968 2.99935627
v 61.70863342 66.13734436 2.99935627
v 60.90613174 66.73455048 2.99935627
v 61.66347504 66.07772064 2.99935627
v 60.83290863 66.63520050 2.99935627
v 61.62134171 66.01592255 2.99935627
v 64.51918793 62.90741348 2.99935627
v 63.72636032 63.96274948 2.99935627
v 63.66353607 63.92216873 2.99935627
v 63.78709030 64.00640869 2.99935627
v 63.84556198 64.05303955 2.99935627
v 63.90164185 64.10253143 2.99935627
v 63.95518112 64.15475464 2.99935627
v 64.00605011 64.20957947 2.99935627
v 64.05413055 64.26686859 2.99935627
v 64.09928894 64.32649231 2.99935627
v 60.76467514 66.53234863 2.99935627
v 61.58234406 65.95211029 2.99935627
v 60.70160294 66.42626190 2.99935627
v 61.54657364 65.88642120 2.99935627
v 60.64384079 66.31719208 2.99935627
v 61.51412201 65.81903839 2.99935627
v 60.59153366 66.20539856 2.99935627
v 61.48507309 65.75011444 2.99935627
v 60.54480743 66.09116364 2.99935627
v 61.45949173 65.67984009 2.99935627
v 60.50377655 65.97476196 2.99935627
v 61.43744659 65.60836792 2.99935627
v 63.38827896 63.05617905 2.99935627
v 62.88138199 63.70210648 2.99935627
v 62.80661392 63.70397186 2.99935627
v 62.95615005 63.70397186 2.99935627
v 63.03073502 63.70956039 2.99935627
v 63.10494614 63.71886063 2.99935627
v 63.17860031 63.73184967 2.99935627
v 63.25151825 63.74848938 2.99935627
v 63.32351303 63.76874542 2.99935627
v 63.39441299 63.79256821 2.99935627
v 63.46403503 63.81989288 2.99935627
v 63.53220749 63.85065460 2.99935627
v 63.59876251 63.88477325 2.99935627
v 60.46854019 65.85647583 2.99935627
v 61.41899109 65.53588867 2.99935627
v 60.43918610 65.73659515 2.99935627
v 61.40417099 65.46257782 2.99935627
v 60.41578293 65.61541748 2.99935627
v 61.39302444 65.38861847 2.99935627
v 60.39839172 65.49322510 2.99935627
v 61.38557816 65.31420135 2.99935627
v 61.38184738 65.23950195 2.99935627
v 61.38184738 65.16471100 2.99935627
v 61.38557816 65.09001160 2.99935627
v 61.39302444 65.01559448 2.99935627
v 61.40417099 64.94163513 2.99935627
v 61.41899109 64.86832428 2.99935627
v 61.43744659 64.79584503 2.99935627
v 61.45949173 64.72437286 2.99935627
v 62.09769440 63.21411896 2.99935627
v 62.03640366 63.96274948 2.99935627
v 61.97567368 64.00640869 2.99935627
v 62.09922791 63.92216873 2.99935627
v 62.16400146 63.88477325 2.99935627
v 62.23055649 63.85065460 2.99935627
v 62.29872894 63.81989288 2.99935627
v 62.36835098 63.79256821 2.99935627
v 62.43925095 63.76874542 2.99935627
v 62.51124573 63.74848938 2.99935627
v 62.58416367 63.73184967 2.99935627
v 62.65781784 63.71886063 2.99935627
v 62.73202896 63.70956039 2.99935627
v 60.96182251 63.34272003 2.99935627
v 61.91720200 64.05303955 2.99935627
v 61.51412201 64.58517456 2.99935627
v 61.48507309 64.65409851 2.99935627
v 61.54657364 64.51779175 2.99935627
v 61.58234406 64.45211029 2.99935627
v 61.62134171 64.38829041 2.99935627
v 61.66347504 64.32649231 2.99935627
v 61.70863342 64.26686859 2.99935627
v 61.75671005 64.20957947 2.99935627
v 61.80758286 64.15475464 2.99935627
v 61.86112213 64.10253143 2.99935627
v 59.82490540 63.46171570 2.99935627
v 58.68701935 63.57109451 2.99935627
v 56.60190582 65.84948730 2.99935627
v 57.39191437 63.68379211 2.99935627
v 56.18653107 63.77742386 2.99935627
v 54.98036194 63.86027145 2.99935627
v 52.79694366 66.09946442 2.99935627
v 53.77349472 63.93233490 2.99935627
v 52.47349548 63.99785614 2.99935627
v 51.47376251 64.03971863 2.99935627
v 50.47374344 64.07418060 2.99935627
v 48.98648071 66.24295807 2.99935627
v 49.47349548 64.10123444 2.99935627
v 48.17349625 64.12534332 2.99935627
v 47.17352676 64.13537598 2.99935627
v 45.17349625 66.27986908 2.99935627
v 46.17350769 64.13801575 2.99935627
v 45.17349625 64.13326263 2.99935627
v 41.19375229 64.48284149 2.99935627
v 41.24729538 64.43061829 2.99935627
v 41.29816818 64.37579346 2.99935627
v 41.13767624 64.53233337 2.99935627
v 41.34624100 64.31849670 2.99935627
v 41.07920074 64.57896423 2.99935627
v 41.39140320 64.25888062 2.99935627
v 41.01847458 64.62261963 2.99935627
v 41.43353271 64.19708252 2.99935627
v 40.95564651 64.66320038 2.99935627
v 41.47253418 64.13326263 2.99935627
v 40.89087677 64.70059967 2.99935627
v 41.50830078 64.06758118 2.99935627
v 40.82432175 64.73471832 2.99935627
v 41.54075241 64.00019836 2.99935627
v 40.75614548 64.76548004 2.99935627
v 41.56980515 63.93127441 2.99935627
v 40.68652344 64.79280090 2.99935627
v 41.59538651 63.86099243 2.99935627
v 40.61562729 64.81661987 2.99935627
v 41.61743164 63.78952408 2.99935627
v 40.54363251 64.83688354 2.99935627
v 41.63588715 63.71704483 2.99935627
v 41.65070724 63.64373779 2.99935627
v 41.66185379 63.56977844 2.99935627
v 41.66930008 63.49535751 2.99935627
v 41.67302704 63.42066193 2.99935627
v 41.67302704 63.34586716 2.99935627
v 41.66930008 63.27116776 2.99935627
v 41.66185379 63.19674683 2.99935627
v 41.65070724 63.12279129 2.99935627
v 41.63588715 63.04948425 2.99935627
v 41.61743164 62.97700500 2.99935627
v 38.18642044 66.37017059 2.99935627
v 40.47071457 64.85352325 2.99935627
v 40.39705658 64.86650848 2.99935627
v 40.32284546 64.87580872 2.99935627
v 40.24826431 64.88140106 2.99935627
v 40.17349625 64.88326263 2.99935627
v 40.09872437 64.88140106 2.99935627
v 40.02414322 64.87580872 2.99935627
v 39.94993210 64.86650848 2.99935627
v 39.87627411 64.85352325 2.99935627
v 39.80335999 64.83688354 2.99935627
v 39.73136139 64.81661987 2.99935627
v 41.59538651 62.90553284 2.99935627
v 39.66046524 64.79280090 2.99935627
v 41.56980515 62.83525085 2.99935627
v 39.59084320 64.76548004 2.99935627
v 37.98950958 66.35318756 2.99935627
v 38.08754349 66.36655426 2.99935627
v 38.03836060 66.36108398 2.99935627
v 38.13693619 66.36959076 2.99935627
v 41.54075241 62.76633453 2.99935627
v 37.94110870 66.34288025 2.99935627
v 39.52267075 64.73471832 2.99935627
v 37.89327621 66.33019257 2.99935627
v 41.50830078 62.69894791 2.99935627
v 39.45611572 64.70059967 2.99935627
v 41.47253418 62.63326263 2.99935627
v 37.79978561 66.29779816 2.99935627
v 37.84613037 66.31515503 2.99935627
v 39.39134216 64.66320038 2.99935627
v 37.75435638 66.27817535 2.99935627
v 41.43353271 62.56944275 2.99935627
v 39.32851410 64.62261963 2.99935627
v 41.39140320 62.50764847 2.99935627
v 37.66668701 66.23231506 2.99935627
v 37.70995331 66.25633240 2.99935627
v 39.26778793 64.57896423 2.99935627
v 41.34624100 62.44802856 2.99935627
v 39.20931244 64.53233337 2.99935627
v 37.54473877 66.14785767 2.99935627
v 37.62466049 66.20618439 2.99935627
v 37.58397675 66.17800903 2.99935627
v 41.29816818 62.39073563 2.99935627
v 39.15323639 64.48284149 2.99935627
v 41.24729538 62.33590698 2.99935627
v 37.47097397 66.08191681 2.99935627
v 37.50704193 66.11579895 2.99935627
v 39.09969330 64.43061829 2.99935627
v 37.43662643 66.04629517 2.99935627
v 37.40408707 66.00901031 2.99935627
v 37.37342834 65.97016144 2.99935627
v 37.31806183 65.88816071 2.99935627
v 37.34473038 65.92984772 2.99935627
v 37.27106857 65.80109406 2.99935627
v 37.29348755 65.84521484 2.99935627
v 37.21726227 65.66285706 2.99935627
v 37.25085831 65.75592041 2.99935627
v 37.23291016 65.70980835 2.99935627
v 37.20395660 65.61519623 2.99935627
v 37.18449783 65.51818848 2.99935627
v 37.19302750 65.56693268 2.99935627
v 37.17472076 65.41973114 2.99935627
v 37.17839050 65.46907806 2.99935627
v 37.17349625 65.37025452 2.99935627
v 38.75160217 63.86099243 2.99935627
v 38.77718353 63.93127441 2.99935627
v 39.04882431 64.37579346 2.99935627
v 39.00074768 64.31849670 2.99935627
v 38.95558929 64.25888062 2.99935627
v 38.91345596 64.19708252 2.99935627
v 38.87445831 64.13326263 2.99935627
v 38.83868790 64.06758118 2.99935627
v 38.80623627 64.00019836 2.99935627
v 38.72955704 63.78952408 2.99935627
v 38.71110153 63.71704483 2.99935627
v 38.69628143 63.64373779 2.99935627
v 38.68513489 63.56977844 2.99935627
v 38.67768860 63.49535751 2.99935627
v 38.67396164 63.42066193 2.99935627
v 38.67396164 63.34586716 2.99935627
v 38.67768860 63.27116776 2.99935627
v 38.68513489 63.19674683 2.99935627
v 38.69628143 63.12279129 2.99935627
v 38.71110153 63.04948425 2.99935627
v 38.72955704 62.97700500 2.99935627
v 38.75160217 62.90553284 2.99935627
v 38.77718353 62.83525085 2.99935627
v 38.80623627 62.76633453 2.99935627
v 38.83868790 62.69894791 2.99935627
v 49.47349548 43.88326263 2.99935627
v 48.17349625 43.88326263 2.99935627
v 45.17349625 43.88326263 2.99935627
v 41.39140320 46.25888062 2.99935627
v 41.34624100 46.31849670 2.99935627
v 41.01847458 46.62262344 2.99935627
v 41.01847458 62.14390564 2.99935627
v 40.95564651 62.10332870 2.99935627
v 41.07920074 62.18756485 2.99935627
v 41.07920074 46.57896423 2.99935627
v 41.43353271 46.19708252 2.99935627
v 40.95564651 46.66320038 2.99935627
v 41.47253418 46.13326263 2.99935627
v 40.89087677 46.70059586 2.99935627
v 40.89087677 62.06593323 2.99935627
v 41.50830078 46.06758118 2.99935627
v 40.82432175 46.73471832 2.99935627
v 40.82432175 62.03181076 2.99935627
v 41.54075241 46.00019455 2.99935627
v 40.75614548 46.76547623 2.99935627
v 40.75614548 62.00104904 2.99935627
v 40.68652344 61.97372437 2.99935627
v 41.56980515 45.93127441 2.99935627
v 40.68652344 46.79280090 2.99935627
v 40.61562729 61.94990540 2.99935627
v 41.59538651 45.86099243 2.99935627
v 40.61562729 46.81662369 2.99935627
v 40.54363251 61.92964935 2.99935627
v 41.61743164 45.78952408 2.99935627
v 40.54363251 46.83687973 2.99935627
v 41.63588715 45.71704483 2.99935627
v 40.47071457 46.85352325 2.99935627
v 40.47071457 61.91300583 2.99935627
v 40.39705658 61.90001678 2.99935627
v 41.65070724 45.64373779 2.99935627
v 40.39705658 46.86650848 2.99935627
v 41.66185379 45.56977844 2.99935627
v 40.32284546 46.87580872 2.99935627
v 40.32284546 61.89071655 2.99935627
v 40.24826431 61.88512802 2.99935627
v 41.66930008 45.49535751 2.99935627
v 40.24826431 46.88139725 2.99935627
v 41.67302704 45.42065811 2.99935627
v 40.17349625 46.88326263 2.99935627
v 40.17349625 61.88326263 2.99935627
v 41.67302704 45.34586716 2.99935627
v 40.09872437 46.88139725 2.99935627
v 40.09872437 61.88512802 2.99935627
v 40.02414322 61.89071655 2.99935627
v 41.66930008 45.27116776 2.99935627
v 40.02414322 46.87580872 2.99935627
v 41.66185379 45.19674683 2.99935627
v 39.94993210 46.86650848 2.99935627
v 39.94993210 61.90001678 2.99935627
v 39.87627411 61.91300583 2.99935627
v 41.65070724 45.12279129 2.99935627
v 39.87627411 46.85352325 2.99935627
v 41.63588715 45.04948425 2.99935627
v 39.80335999 46.83687973 2.99935627
v 39.80335999 61.92964935 2.99935627
v 39.73136139 61.94990540 2.99935627
v 41.61743164 44.97700119 2.99935627
v 39.73136139 46.81662369 2.99935627
v 41.59538651 44.90553284 2.99935627
v 39.66046524 46.79280090 2.99935627
v 39.66046524 61.97372437 2.99935627
v 39.59084320 62.00104904 2.99935627
v 41.56980515 44.83525085 2.99935627
v 39.59084320 46.76547623 2.99935627
v 41.54075241 44.76633453 2.99935627
v 39.52267075 46.73471832 2.99935627
v 39.52267075 62.03181076 2.99935627
v 39.45611572 62.06593323 2.99935627
v 41.50830078 44.69894791 2.99935627
v 39.45611572 46.70059586 2.99935627
v 39.39134216 62.10332870 2.99935627
v 41.47253418 44.63326263 2.99935627
v 39.39134216 46.66320038 2.99935627
v 41.43353271 44.56944275 2.99935627
v 39.32851410 46.62262344 2.99935627
v 39.32851410 62.14390564 2.99935627
v 41.39140320 44.50764847 2.99935627
v 39.26778793 46.57896423 2.99935627
v 39.26778793 62.18756485 2.99935627
v 39.20931244 62.23419571 2.99935627
v 41.34624100 44.44802856 2.99935627
v 39.20931244 46.53232956 2.99935627
v 41.29816818 44.39073563 2.99935627
v 39.15323639 46.48284149 2.99935627
v 39.15323639 62.28368759 2.99935627
v 39.09969330 62.33590698 2.99935627
v 41.24729538 44.33590698 2.99935627
v 39.09969330 46.43061829 2.99935627
v 41.19375229 44.28368759 2.99935627
v 39.04882431 46.37579346 2.99935627
v 39.04882431 62.39073563 2.99935627
v 41.13767624 44.23419571 2.99935627
v 39.00074768 46.31849670 2.99935627
v 39.00074768 62.44802856 2.99935627
v 38.95558929 62.50764847 2.99935627
v 41.07920074 44.18756485 2.99935627
v 38.95558929 46.25888062 2.99935627
v 38.91345596 62.56944275 2.99935627
v 41.01847458 44.14390564 2.99935627
v 38.91345596 46.19708252 2.99935627
v 38.87445831 62.63326263 2.99935627
v 40.95564651 44.10332870 2.99935627
v 38.87445831 46.13326263 2.99935627
v 40.89087677 44.06593323 2.99935627
v 40.82432175 44.03181076 2.99935627
v 40.75614548 44.00104904 2.99935627
v 38.17349625 41.88326263 2.99935627
v 40.24826431 43.88512802 2.99935627
v 40.17349625 43.88326263 2.99935627
v 40.32284546 43.89071655 2.99935627
v 40.39705658 43.90001678 2.99935627
v 40.47071457 43.91300583 2.99935627
v 40.54363251 43.92964935 2.99935627
v 40.61562729 43.94990540 2.99935627
v 40.68652344 43.97372437 2.99935627
v 39.32851410 44.14390564 2.99935627
v 39.26778793 44.18756485 2.99935627
v 39.39134216 44.10332870 2.99935627
v 39.45611572 44.06593323 2.99935627
v 39.52267075 44.03181076 2.99935627
v 39.59084320 44.00104904 2.99935627
v 39.66046524 43.97372437 2.99935627
v 39.73136139 43.94990540 2.99935627
v 39.80335999 43.92964935 2.99935627
v 39.87627411 43.91300583 2.99935627
v 39.94993210 43.90001678 2.99935627
v 40.02414322 43.89071655 2.99935627
v 40.09872437 43.88512802 2.99935627
v 37.17349625 42.88326263 2.99935627
v 38.75160217 45.86099243 2.99935627
v 38.77718353 45.93127441 2.99935627
v 38.72955704 45.78952408 2.99935627
v 38.71110153 45.71704483 2.99935627
v 38.69628143 45.64373779 2.99935627
v 38.68513489 45.56977844 2.99935627
v 38.67768860 45.49535751 2.99935627
v 38.67396164 45.42065811 2.99935627
v 38.67396164 45.34586716 2.99935627
v 38.67768860 45.27116776 2.99935627
v 38.68513489 45.19674683 2.99935627
v 38.69628143 45.12279129 2.99935627
v 38.71110153 45.04948425 2.99935627
v 38.72955704 44.97700119 2.99935627
v 38.75160217 44.90553284 2.99935627
v 38.77718353 44.83525085 2.99935627
v 38.80623627 44.76633453 2.99935627
v 38.83868790 44.69894791 2.99935627
v 38.87445831 44.63326263 2.99935627
v 38.91345596 44.56944275 2.99935627
v 38.95558929 44.50764847 2.99935627
v 39.00074768 44.44802856 2.99935627
v 39.04882431 44.39073563 2.99935627
v 39.09969330 44.33590698 2.99935627
v 39.15323639 44.28368759 2.99935627
v 39.20931244 44.23419571 2.99935627
v 37.17831039 42.78524780 2.99935627
v 38.12442780 41.88446808 2.99935627
v 37.17470169 42.83419800 2.99935627
v 37.20346451 42.64028549 2.99935627
v 37.18431854 42.73653412 2.99935627
v 37.19271088 42.68817520 2.99935627
v 37.70209885 42.00134277 2.99935627
v 37.88321304 41.92632294 2.99935627
v 37.93051529 41.91323471 2.99935627
v 37.83660507 41.94171906 2.99935627
v 37.79081345 41.95938492 2.99935627
v 37.74594116 41.97927475 2.99935627
v 37.29157639 42.41186905 2.99935627
v 37.24961853 42.50057983 2.99935627
v 37.26950836 42.45570755 2.99935627
v 37.23195267 42.54637527 2.99935627
v 37.21655655 42.59297943 2.99935627
v 37.31576920 42.36915970 2.99935627
v 38.07547760 41.88808060 2.99935627
v 38.02676773 41.89408875 2.99935627
v 37.97840500 41.90247726 2.99935627
v 37.65939331 42.02553558 2.99935627
v 37.37028885 42.28756332 2.99935627
v 37.34202576 42.32769394 2.99935627
v 37.40048599 42.24887085 2.99935627
v 37.43254471 42.21170425 2.99935627
v 37.50193787 42.14231110 2.99935627
v 37.57779694 42.08005524 2.99935627
v 37.61792755 42.05179596 2.99935627
v 37.53910446 42.11025238 2.99935627
v 37.46638870 42.17615891 2.99935627
v 38.80623627 46.00019455 2.99935627
v 38.83868790 46.06758118 2.99935627
v 41.29816818 46.37579346 2.99935627
v 41.24729538 46.43061829 2.99935627
v 41.19375229 46.48284149 2.99935627
v 41.13767624 46.53232956 2.99935627
v 41.19375229 62.28368759 2.99935627
v 41.13767624 62.23419571 2.99935627
v 66.72873688 62.33316040 -23.00064468
v 66.77703094 62.58128738 -23.00064468
v 63.38827896 63.05617905 -23.00064468
v 64.51918793 62.90741348 -23.00064468
v 65.64879608 62.74911118 -23.00064468
v 62.57089996 57.25136185 -23.00064468
v 60.98516464 55.31324387 -23.00064468
v 62.09769440 63.21411896 -23.00064468
v 59.82490540 63.46171570 -23.00064468
v 58.68701935 63.57109451 -23.00064468
v 60.96182251 63.34272003 -23.00064468
v 57.59917831 51.17481613 -23.00064468
v 49.47349548 43.88326263 -23.00064468
v 51.63336182 43.88326263 -23.00064468
v 56.13739777 49.38819504 -23.00064468
v 57.39191437 63.68379211 -23.00064468
v 54.98036194 63.86027145 -23.00064468
v 53.77349472 63.93233490 -23.00064468
v 56.18653107 63.77742386 -23.00064468
v 53.77349472 46.49898148 -23.00064468
v 46.17350769 64.13801575 -23.00064468
v 45.17349625 64.13326263 -23.00064468
v 47.17352676 64.13537598 -23.00064468
v 48.17349625 64.12534332 -23.00064468
v 45.17349625 43.88326263 -23.00064468
v 49.99699783 41.88326263 -23.00064468
v 67.17350006 62.87675858 -23.00064468
v 52.47349548 44.91009521 -23.00064468
v 48.17349625 43.88326263 -23.00064468
v 66.56895447 64.68421173 -23.00064468
v 67.17350006 64.58948517 -23.00064468
v 65.96398926 64.77622223 -23.00064468
v 65.35861969 64.86552429 -23.00064468
v 63.90164185 64.10253143 -23.00064468
v 63.95518112 64.15475464 -23.00064468
v 64.00605011 64.20957947 -23.00064468
v 63.84556198 64.05303955 -23.00064468
v 64.05413055 64.26686859 -23.00064468
v 63.78709030 64.00640869 -23.00064468
v 64.09928894 64.32649231 -23.00064468
v 63.72636032 63.96274948 -23.00064468
v 64.14141846 64.38829041 -23.00064468
v 63.66353607 63.92216873 -23.00064468
v 64.18041992 64.45211029 -23.00064468
v 63.59876251 63.88477325 -23.00064468
v 64.21618652 64.51779175 -23.00064468
v 63.53220749 63.85065460 -23.00064468
v 64.24864197 64.58517456 -23.00064468
v 63.46403503 63.81989288 -23.00064468
v 64.27769470 64.65409851 -23.00064468
v 63.39441299 63.79256821 -23.00064468
v 64.30327606 64.72437286 -23.00064468
v 63.32351303 63.76874542 -23.00064468
v 64.32531738 64.79584503 -23.00064468
v 63.25151825 63.74848938 -23.00064468
v 64.34377289 64.86832428 -23.00064468
v 63.17860031 63.73184967 -23.00064468
v 64.35859680 64.94163513 -23.00064468
v 63.10494614 63.71886063 -23.00064468
v 64.36974335 65.01559448 -23.00064468
v 65.37221527 64.98818970 -23.00064468
v 63.03073502 63.70956039 -23.00064468
v 64.37718964 65.09001160 -23.00064468
v 65.37973785 65.11138153 -23.00064468
v 62.95615005 63.70397186 -23.00064468
v 64.38091278 65.16471100 -23.00064468
v 65.38116455 65.23480225 -23.00064468
v 62.88138199 63.70210648 -23.00064468
v 64.38091278 65.23950195 -23.00064468
v 65.37651062 65.35813141 -23.00064468
v 62.80661392 63.70397186 -23.00064468
v 64.37718964 65.31420135 -23.00064468
v 65.36576843 65.48108673 -23.00064468
v 64.36974335 65.38861847 -23.00064468
v 65.34896851 65.60336304 -23.00064468
v 64.35859680 65.46257782 -23.00064468
v 65.32616425 65.72465515 -23.00064468
v 62.73202896 63.70956039 -23.00064468
v 62.65781784 63.71886063 -23.00064468
v 62.58416367 63.73184967 -23.00064468
v 64.34377289 65.53588867 -23.00064468
v 65.29739380 65.84468079 -23.00064468
v 62.51124573 63.74848938 -23.00064468
v 64.32531738 65.60836792 -23.00064468
v 65.26273346 65.96313477 -23.00064468
v 62.43925095 63.76874542 -23.00064468
v 64.30327606 65.67984009 -23.00064468
v 65.22227478 66.07973480 -23.00064468
v 62.36835098 63.79256821 -23.00064468
v 64.27769470 65.75011444 -23.00064468
v 65.17610168 66.19419861 -23.00064468
v 62.29872894 63.81989288 -23.00064468
v 64.24864197 65.81903839 -23.00064468
v 65.12434387 66.30624390 -23.00064468
v 62.23055649 63.85065460 -23.00064468
v 64.21618652 65.88642120 -23.00064468
v 65.06711578 66.41559601 -23.00064468
v 62.16400146 63.88477325 -23.00064468
v 64.18041992 65.95211029 -23.00064468
v 65.00456238 66.52198792 -23.00064468
v 62.09922791 63.92216873 -23.00064468
v 64.14141846 66.01592255 -23.00064468
v 64.93683624 66.62516785 -23.00064468
v 62.03640366 63.96274948 -23.00064468
v 64.09928894 66.07772064 -23.00064468
v 64.86409760 66.72487640 -23.00064468
v 61.97567368 64.00640869 -23.00064468
v 64.05413055 66.13734436 -23.00064468
v 64.78652954 66.82087708 -23.00064468
v 64.00605011 66.19463348 -23.00064468
v 64.70431519 66.91293335 -23.00064468
v 63.95518112 66.24945831 -23.00064468
v 61.91720200 64.05303955 -23.00064468
v 61.86112213 64.10253143 -23.00064468
v 61.80758286 64.15475464 -23.00064468
v 64.61765289 67.00081635 -23.00064468
v 63.90164185 66.30168152 -23.00064468
v 61.75671005 64.20957947 -23.00064468
v 64.52676392 67.08431244 -23.00064468
v 63.84556198 66.35117340 -23.00064468
v 61.70863342 64.26686859 -23.00064468
v 61.66347504 64.32649231 -23.00064468
v 64.43186951 67.16323090 -23.00064468
v 63.78709030 66.39780426 -23.00064468
v 61.62134171 64.38829041 -23.00064468
v 61.58234406 64.45211029 -23.00064468
v 64.33319092 67.23735809 -23.00064468
v 63.72636032 66.44146729 -23.00064468
v 61.54657364 64.51779175 -23.00064468
v 61.51412201 64.58517456 -23.00064468
v 64.23097229 67.30653381 -23.00064468
v 63.66353607 66.48204041 -23.00064468
v 41.19375229 44.28368759 -23.00064468
v 41.24729538 44.33590698 -23.00064468
v 41.29816818 44.39073563 -23.00064468
v 41.13767624 44.23419571 -23.00064468
v 41.34624100 44.44802856 -23.00064468
v 41.07920074 44.18756485 -23.00064468
v 41.39140320 44.50764847 -23.00064468
v 41.01847458 44.14390564 -23.00064468
v 41.43353271 44.56944275 -23.00064468
v 40.95564651 44.10332870 -23.00064468
v 41.47253418 44.63326263 -23.00064468
v 61.48507309 64.65409851 -23.00064468
v 40.89087677 44.06593323 -23.00064468
v 41.50830078 44.69894791 -23.00064468
v 40.82432175 44.03181076 -23.00064468
v 41.54075241 44.76633453 -23.00064468
v 40.75614548 44.00104904 -23.00064468
v 64.12546539 67.37057495 -23.00064468
v 63.59876251 66.51943970 -23.00064468
v 41.56980515 44.83525085 -23.00064468
v 41.59538651 44.90553284 -23.00064468
v 41.61743164 44.97700119 -23.00064468
v 64.01692963 67.42932892 -23.00064468
v 63.53220749 66.55355835 -23.00064468
v 41.63588715 45.04948425 -23.00064468
v 41.65070724 45.12279129 -23.00064468
v 41.66185379 45.19674683 -23.00064468
v 63.90562439 67.48265839 -23.00064468
v 63.46403503 66.58432007 -23.00064468
v 41.66930008 45.27116776 -23.00064468
v 61.45949173 64.72437286 -23.00064468
v 41.67302704 45.34586716 -23.00064468
v 38.17349625 41.88326263 -23.00064468
v 40.68652344 43.97372437 -23.00064468
v 40.61562729 43.94990540 -23.00064468
v 40.54363251 43.92964935 -23.00064468
v 40.47071457 43.91300583 -23.00064468
v 40.39705658 43.90001678 -23.00064468
v 40.32284546 43.89071655 -23.00064468
v 40.24826431 43.88512802 -23.00064468
v 40.17349625 43.88326263 -23.00064468
v 63.79182053 67.53043365 -23.00064468
v 63.39441299 66.61164856 -23.00064468
v 41.67302704 45.42065811 -23.00064468
v 40.09872437 43.88512802 -23.00064468
v 38.07547760 41.88808060 -23.00064468
v 38.12442780 41.88446808 -23.00064468
v 41.66930008 45.49535751 -23.00064468
v 40.02414322 43.89071655 -23.00064468
v 38.02676773 41.89408875 -23.00064468
v 63.67580032 67.57252502 -23.00064468
v 63.32351303 66.63546753 -23.00064468
v 41.66185379 45.56977844 -23.00064468
v 39.94993210 43.90001678 -23.00064468
v 41.65070724 45.64373779 -23.00064468
v 39.87627411 43.91300583 -23.00064468
v 37.88321304 41.92632294 -23.00064468
v 37.97840500 41.90247726 -23.00064468
v 37.93051529 41.91323471 -23.00064468
v 63.55784225 67.60884857 -23.00064468
v 63.25151825 66.65572357 -23.00064468
v 41.63588715 45.71704483 -23.00064468
v 37.83660507 41.94171906 -23.00064468
v 39.80335999 43.92964935 -23.00064468
v 41.61743164 45.78952408 -23.00064468
v 63.43823624 67.63929749 -23.00064468
v 63.17860031 66.67236328 -23.00064468
v 39.73136139 43.94990540 -23.00064468
v 41.59538651 45.86099243 -23.00064468
v 37.70209885 42.00134277 -23.00064468
v 37.79081345 41.95938492 -23.00064468
v 37.74594116 41.97927475 -23.00064468
v 39.66046524 43.97372437 -23.00064468
v 63.31727219 67.66381073 -23.00064468
v 63.10494614 66.68535614 -23.00064468
v 41.56980515 45.93127441 -23.00064468
v 39.59084320 44.00104904 -23.00064468
v 41.54075241 46.00019455 -23.00064468
v 63.19524765 67.68232727 -23.00064468
v 63.03073502 66.69465637 -23.00064468
v 37.57779694 42.08005524 -23.00064468
v 37.65939331 42.02553558 -23.00064468
v 37.61792755 42.05179596 -23.00064468
v 39.52267075 44.03181076 -23.00064468
v 41.50830078 46.06758118 -23.00064468
v 37.53910446 42.11025238 -23.00064468
v 39.45611572 44.06593323 -23.00064468
v 63.07245636 67.69479370 -23.00064468
v 62.95615005 66.70024109 -23.00064468
v 41.47253418 46.13326263 -23.00064468
v 39.39134216 44.10332870 -23.00064468
v 62.94919968 67.70118713 -23.00064468
v 62.88138199 66.70211029 -23.00064468
v 41.43353271 46.19708252 -23.00064468
v 37.43254471 42.21170425 -23.00064468
v 37.50193787 42.14231110 -23.00064468
v 37.46638870 42.17615891 -23.00064468
v 39.32851410 44.14390564 -23.00064468
v 41.39140320 46.25888062 -23.00064468
v 62.82577896 67.70148468 -23.00064468
v 62.80661392 66.70024109 -23.00064468
v 37.37028885 42.28756332 -23.00064468
v 37.40048599 42.24887085 -23.00064468
v 39.26778793 44.18756485 -23.00064468
v 41.34624100 46.31849670 -23.00064468
v 62.70249176 67.69570160 -23.00064468
v 62.73202896 66.69465637 -23.00064468
v 37.31576920 42.36915970 -23.00064468
v 37.34202576 42.32769394 -23.00064468
v 60.39839172 65.49322510 -23.00064468
v 61.43744659 64.79584503 -23.00064468
v 61.41899109 64.86832428 -23.00064468
v 61.40417099 64.94163513 -23.00064468
v 61.39302444 65.01559448 -23.00064468
v 61.38557816 65.09001160 -23.00064468
v 61.38184738 65.16471100 -23.00064468
v 61.38184738 65.23950195 -23.00064468
v 61.38557816 65.31420135 -23.00064468
v 61.39302444 65.38861847 -23.00064468
v 62.57964325 67.68383026 -23.00064468
v 62.65781784 66.68535614 -23.00064468
v 60.41578293 65.61541748 -23.00064468
v 61.40417099 65.46257782 -23.00064468
v 62.45752716 67.66591644 -23.00064468
v 62.58416367 66.67236328 -23.00064468
v 60.43918610 65.73659515 -23.00064468
v 61.41899109 65.53588867 -23.00064468
v 62.33644485 67.64199066 -23.00064468
v 62.51124573 66.65572357 -23.00064468
v 37.23195267 42.54637527 -23.00064468
v 37.26950836 42.45570755 -23.00064468
v 37.24961853 42.50057983 -23.00064468
v 37.29157639 42.41186905 -23.00064468
v 60.46854019 65.85647583 -23.00064468
v 61.43744659 65.60836792 -23.00064468
v 62.21669388 67.61212158 -23.00064468
v 62.43925095 66.63546753 -23.00064468
v 60.50377655 65.97476196 -23.00064468
v 61.45949173 65.67984009 -23.00064468
v 62.09856033 67.57638550 -23.00064468
v 62.36835098 66.61164856 -23.00064468
v 37.19271088 42.68817520 -23.00064468
v 37.21655655 42.59297943 -23.00064468
v 37.20346451 42.64028549 -23.00064468
v 60.54480743 66.09116364 -23.00064468
v 61.48507309 65.75011444 -23.00064468
v 37.18431854 42.73653412 -23.00064468
v 61.98233414 67.53485107 -23.00064468
v 62.29872894 66.58432007 -23.00064468
v 37.17831039 42.78524780 -23.00064468
v 60.59153366 66.20539856 -23.00064468
v 61.51412201 65.81903839 -23.00064468
v 61.86829758 67.48764038 -23.00064468
v 62.23055649 66.55355835 -23.00064468
v 60.64384079 66.31719208 -23.00064468
v 61.54657364 65.88642120 -23.00064468
v 61.75673294 67.43485260 -23.00064468
v 62.16400146 66.51943970 -23.00064468
v 37.17349625 42.88326263 -23.00064468
v 37.17470169 42.83419800 -23.00064468
v 39.20931244 44.23419571 -23.00064468
v 39.15323639 44.28368759 -23.00064468
v 39.09969330 44.33590698 -23.00064468
v 39.04882431 44.39073563 -23.00064468
v 39.00074768 44.44802856 -23.00064468
v 38.95558929 44.50764847 -23.00064468
v 38.91345596 44.56944275 -23.00064468
v 60.70160294 66.42626190 -23.00064468
v 61.58234406 65.95211029 -23.00064468
v 61.64791107 67.37662506 -23.00064468
v 62.09922791 66.48204041 -23.00064468
v 38.87445831 44.63326263 -23.00064468
v 60.76467514 66.53234863 -23.00064468
v 61.62134171 66.01592255 -23.00064468
v 61.54209137 67.31310272 -23.00064468
v 62.03640366 66.44146729 -23.00064468
v 60.83290863 66.63520050 -23.00064468
v 61.66347504 66.07772064 -23.00064468
v 61.43953705 67.24443054 -23.00064468
v 61.97567368 66.39780426 -23.00064468
v 60.90613174 66.73455048 -23.00064468
v 61.70863342 66.13734436 -23.00064468
v 61.34049988 67.17078400 -23.00064468
v 61.91720200 66.35117340 -23.00064468
v 60.98417282 66.83016968 -23.00064468
v 61.75671005 66.19463348 -23.00064468
v 61.24521637 67.09233093 -23.00064468
v 61.86112213 66.30168152 -23.00064468
v 61.06683350 66.92182159 -23.00064468
v 61.80758286 66.24945831 -23.00064468
v 61.15391922 67.00927734 -23.00064468
v 38.83868790 44.69894791 -23.00064468
v 38.80623627 44.76633453 -23.00064468
v 38.77718353 44.83525085 -23.00064468
v 38.75160217 44.90553284 -23.00064468
v 38.72955704 44.97700119 -23.00064468
v 38.71110153 45.04948425 -23.00064468
v 38.69628143 45.12279129 -23.00064468
v 38.68513489 45.19674683 -23.00064468
v 38.67768860 45.27116776 -23.00064468
v 38.67396164 45.34586716 -23.00064468
v 38.67396164 45.42065811 -23.00064468
v 38.67768860 45.49535751 -23.00064468
v 38.68513489 45.56977844 -23.00064468
v 38.69628143 45.64373779 -23.00064468
v 38.71110153 45.71704483 -23.00064468
v 38.72955704 45.78952408 -23.00064468
v 38.75160217 45.86099243 -23.00064468
v 38.77718353 45.93127441 -23.00064468
v 56.60190582 65.84948730 -23.00064468
v 52.79694366 66.09946442 -23.00064468
v 52.47349548 63.99785614 -23.00064468
v 51.47376251 64.03971863 -23.00064468
v 50.47374344 64.07418060 -23.00064468
v 48.98648071 66.24295807 -23.00064468
v 49.47349548 64.10123444 -23.00064468
v 41.29816818 62.39073563 -23.00064468
v 41.24729538 62.33590698 -23.00064468
v 41.34624100 62.44802856 -23.00064468
v 45.17349625 66.27986908 -23.00064468
v 41.39140320 62.50764847 -23.00064468
v 41.01847458 62.14390564 -23.00064468
v 41.07920074 62.18756485 -23.00064468
v 41.07920074 46.57896423 -23.00064468
v 41.01847458 46.62262344 -23.00064468
v 40.95564651 46.66320038 -23.00064468
v 41.43353271 62.56944275 -23.00064468
v 40.95564651 62.10332870 -23.00064468
v 41.47253418 62.63326263 -23.00064468
v 40.89087677 62.06593323 -23.00064468
v 40.89087677 46.70059586 -23.00064468
v 40.82432175 46.73471832 -23.00064468
v 41.50830078 62.69894791 -23.00064468
v 40.82432175 62.03181076 -23.00064468
v 40.75614548 46.76547623 -23.00064468
v 41.54075241 62.76633453 -23.00064468
v 40.75614548 62.00104904 -23.00064468
v 41.56980515 62.83525085 -23.00064468
v 40.68652344 61.97372437 -23.00064468
v 40.68652344 46.79280090 -23.00064468
v 40.61562729 46.81662369 -23.00064468
v 41.59538651 62.90553284 -23.00064468
v 40.61562729 61.94990540 -23.00064468
v 41.61743164 62.97700500 -23.00064468
v 40.54363251 61.92964935 -23.00064468
v 40.54363251 46.83687973 -23.00064468
v 41.63588715 63.04948425 -23.00064468
v 40.47071457 61.91300583 -23.00064468
v 40.47071457 46.85352325 -23.00064468
v 40.39705658 46.86650848 -23.00064468
v 41.65070724 63.12279129 -23.00064468
v 40.39705658 61.90001678 -23.00064468
v 40.32284546 46.87580872 -23.00064468
v 41.66185379 63.19674683 -23.00064468
v 40.32284546 61.89071655 -23.00064468
v 41.66930008 63.27116776 -23.00064468
v 40.24826431 61.88512802 -23.00064468
v 40.24826431 46.88139725 -23.00064468
v 40.17349625 46.88326263 -23.00064468
v 41.67302704 63.34586716 -23.00064468
v 40.17349625 61.88326263 -23.00064468
v 41.67302704 63.42066193 -23.00064468
v 40.09872437 61.88512802 -23.00064468
v 40.09872437 46.88139725 -23.00064468
v 41.66930008 63.49535751 -23.00064468
v 40.02414322 61.89071655 -23.00064468
v 40.02414322 46.87580872 -23.00064468
v 41.66185379 63.56977844 -23.00064468
v 39.94993210 61.90001678 -23.00064468
v 39.94993210 46.86650848 -23.00064468
v 39.87627411 46.85352325 -23.00064468
v 41.65070724 63.64373779 -23.00064468
v 39.87627411 61.91300583 -23.00064468
v 41.63588715 63.71704483 -23.00064468
v 39.80335999 61.92964935 -23.00064468
v 39.80335999 46.83687973 -23.00064468
v 41.61743164 63.78952408 -23.00064468
v 39.73136139 61.94990540 -23.00064468
v 39.73136139 46.81662369 -23.00064468
v 41.59538651 63.86099243 -23.00064468
v 39.66046524 61.97372437 -23.00064468
v 39.66046524 46.79280090 -23.00064468
v 39.59084320 46.76547623 -23.00064468
v 41.56980515 63.93127441 -23.00064468
v 39.59084320 62.00104904 -23.00064468
v 41.54075241 64.00019836 -23.00064468
v 39.52267075 62.03181076 -23.00064468
v 39.52267075 46.73471832 -23.00064468
v 41.50830078 64.06758118 -23.00064468
v 39.45611572 62.06593323 -23.00064468
v 39.45611572 46.70059586 -23.00064468
v 41.47253418 64.13326263 -23.00064468
v 39.39134216 62.10332870 -23.00064468
v 39.39134216 46.66320038 -23.00064468
v 41.43353271 64.19708252 -23.00064468
v 39.32851410 62.14390564 -23.00064468
v 39.32851410 46.62262344 -23.00064468
v 41.39140320 64.25888062 -23.00064468
v 39.26778793 62.18756485 -23.00064468
v 39.26778793 46.57896423 -23.00064468
v 41.34624100 64.31849670 -23.00064468
v 39.20931244 62.23419571 -23.00064468
v 39.20931244 46.53232956 -23.00064468
v 41.29816818 64.37579346 -23.00064468
v 39.15323639 62.28368759 -23.00064468
v 39.15323639 46.48284149 -23.00064468
v 39.09969330 46.43061829 -23.00064468
v 41.24729538 64.43061829 -23.00064468
v 39.09969330 62.33590698 -23.00064468
v 41.19375229 64.48284149 -23.00064468
v 39.04882431 62.39073563 -23.00064468
v 39.04882431 46.37579346 -23.00064468
v 39.00074768 46.31849670 -23.00064468
v 41.13767624 64.53233337 -23.00064468
v 39.00074768 62.44802856 -23.00064468
v 41.07920074 64.57896423 -23.00064468
v 38.95558929 62.50764847 -23.00064468
v 38.95558929 46.25888062 -23.00064468
v 41.01847458 64.62261963 -23.00064468
v 38.91345596 62.56944275 -23.00064468
v 38.91345596 46.19708252 -23.00064468
v 40.95564651 64.66320038 -23.00064468
v 38.87445831 62.63326263 -23.00064468
v 38.87445831 46.13326263 -23.00064468
v 40.89087677 64.70059967 -23.00064468
v 40.82432175 64.73471832 -23.00064468
v 40.75614548 64.76548004 -23.00064468
v 40.68652344 64.79280090 -23.00064468
v 40.61562729 64.81661987 -23.00064468
v 40.54363251 64.83688354 -23.00064468
v 38.18642044 66.37017059 -23.00064468
v 39.15323639 64.48284149 -23.00064468
v 39.09969330 64.43061829 -23.00064468
v 39.20931244 64.53233337 -23.00064468
v 39.26778793 64.57896423 -23.00064468
v 39.32851410 64.62261963 -23.00064468
v 39.39134216 64.66320038 -23.00064468
v 39.45611572 64.70059967 -23.00064468
v 39.52267075 64.73471832 -23.00064468
v 39.59084320 64.76548004 -23.00064468
v 39.66046524 64.79280090 -23.00064468
v 39.73136139 64.81661987 -23.00064468
v 39.80335999 64.83688354 -23.00064468
v 39.87627411 64.85352325 -23.00064468
v 39.94993210 64.86650848 -23.00064468
v 40.02414322 64.87580872 -23.00064468
v 40.09872437 64.88140106 -23.00064468
v 40.17349625 64.88326263 -23.00064468
v 40.24826431 64.88140106 -23.00064468
v 40.32284546 64.87580872 -23.00064468
v 40.39705658 64.86650848 -23.00064468
v 40.47071457 64.85352325 -23.00064468
v 37.17349625 65.37025452 -23.00064468
v 38.80623627 62.76633453 -23.00064468
v 38.83868790 62.69894791 -23.00064468
v 38.77718353 62.83525085 -23.00064468
v 38.75160217 62.90553284 -23.00064468
v 38.72955704 62.97700500 -23.00064468
v 38.71110153 63.04948425 -23.00064468
v 38.69628143 63.12279129 -23.00064468
v 38.68513489 63.19674683 -23.00064468
v 38.67768860 63.27116776 -23.00064468
v 38.67396164 63.34586716 -23.00064468
v 38.67396164 63.42066193 -23.00064468
v 38.67768860 63.49535751 -23.00064468
v 38.68513489 63.56977844 -23.00064468
v 38.69628143 63.64373779 -23.00064468
v 38.71110153 63.71704483 -23.00064468
v 38.72955704 63.78952408 -23.00064468
v 38.75160217 63.86099243 -23.00064468
v 38.77718353 63.93127441 -23.00064468
v 38.80623627 64.00019836 -23.00064468
v 38.83868790 64.06758118 -23.00064468
v 38.87445831 64.13326263 -23.00064468
v 38.91345596 64.19708252 -23.00064468
v 38.95558929 64.25888062 -23.00064468
v 39.00074768 64.31849670 -23.00064468
v 39.04882431 64.37579346 -23.00064468
v 37.18449783 65.51818848 -23.00064468
v 37.17472076 65.41973114 -23.00064468
v 37.17839050 65.46907806 -23.00064468
v 37.94110870 66.34288025 -23.00064468
v 38.13693619 66.36959076 -23.00064468
v 38.08754349 66.36655426 -23.00064468
v 38.03836060 66.36108398 -23.00064468
v 37.98950958 66.35318756 -23.00064468
v 37.20395660 65.61519623 -23.00064468
v 37.19302750 65.56693268 -23.00064468
v 37.84613037 66.31515503 -23.00064468
v 37.89327621 66.33019257 -23.00064468
v 37.79978561 66.29779816 -23.00064468
v 37.75435638 66.27817535 -23.00064468
v 37.27106857 65.80109406 -23.00064468
v 37.23291016 65.70980835 -23.00064468
v 37.25085831 65.75592041 -23.00064468
v 37.21726227 65.66285706 -23.00064468
v 37.70995331 66.25633240 -23.00064468
v 37.29348755 65.84521484 -23.00064468
v 37.66668701 66.23231506 -23.00064468
v 37.58397675 66.17800903 -23.00064468
v 37.62466049 66.20618439 -23.00064468
v 37.37342834 65.97016144 -23.00064468
v 37.31806183 65.88816071 -23.00064468
v 37.34473038 65.92984772 -23.00064468
v 37.40408707 66.00901031 -23.00064468
v 37.50704193 66.11579895 -23.00064468
v 37.54473877 66.14785767 -23.00064468
v 37.43662643 66.04629517 -23.00064468
v 37.47097397 66.08191681 -23.00064468
v 38.80623627 46.00019455 -23.00064468
v 38.83868790 46.06758118 -23.00064468
v 41.29816818 46.37579346 -23.00064468
v 41.24729538 46.43061829 -23.00064468
v 41.19375229 46.48284149 -23.00064468
v 41.13767624 46.53232956 -23.00064468
v 41.19375229 62.28368759 -23.00064468
v 41.13767624 62.23419571 -23.00064468
v 32.07349777 40.92676163 -27.00064468
v 32.07349777 40.92676163 -20.01234818
v 32.07599640 40.92676163 -20.01234818
v 36.57349777 41.92676163 -24.20064354
v 32.07349777 41.92676163 -20.01234818
v 32.07349777 41.92676163 -30.00064468
v 33.83349609 41.92676163 -20.01297760
v 49.83326721 41.92676163 -30.00064468
v 49.83326721 41.92676163 -24.20064354
v 49.83326721 41.92676163 9.99935627
v 36.57349777 41.92676163 4.19935608
v 49.83326721 41.92676163 4.19935608
v 33.83349609 41.92676163 9.99935627
v 64.08096313 66.27236938 -24.20064354
v 67.07349396 68.12676239 -24.20064354
v 64.02873993 66.32590485 -24.20064354
v 63.97391129 66.37677765 -24.20064354
v 64.13044739 66.21628571 -24.20064354
v 63.91661835 66.42485046 -24.20064354
v 64.17707825 66.15781403 -24.20064354
v 63.85699844 66.47001648 -24.20064354
v 64.22074127 66.09708405 -24.20064354
v 63.79520035 66.51214600 -24.20064354
v 64.26132202 66.03425598 -24.20064354
v 63.73138046 66.55114746 -24.20064354
v 64.29871368 65.96949005 -24.20064354
v 63.66569901 66.58691406 -24.20064354
v 64.33283234 65.90293121 -24.20064354
v 63.59831238 66.61936188 -24.20064354
v 64.36359406 65.83475494 -24.20064354
v 63.52939224 66.64841461 -24.20064354
v 64.39092255 65.76513672 -24.20064354
v 63.45911026 66.67399597 -24.20064354
v 64.41474152 65.69423676 -24.20064354
v 63.38764191 66.69604492 -24.20064354
v 64.43499756 65.62224579 -24.20064354
v 63.31516266 66.71450043 -24.20064354
v 64.45163727 65.54932404 -24.20064354
v 63.24185562 66.72931671 -24.20064354
v 64.46463013 65.47566986 -24.20064354
v 63.16789627 66.74046326 -24.20064354
v 64.47393036 65.40145874 -24.20064354
v 67.07349396 62.99815369 -24.20064354
v 63.09347534 66.74790955 -24.20064354
v 64.47951508 65.32687378 -24.20064354
v 63.01877975 66.75164032 -24.20064354
v 64.48138428 65.25210571 -24.20064354
v 62.94398499 66.75164032 -24.20064354
v 64.47951508 65.17733765 -24.20064354
v 62.86928558 66.74790955 -24.20064354
v 64.47393036 65.10275269 -24.20064354
v 62.79486465 66.74046326 -24.20064354
v 64.46463013 65.02854156 -24.20064354
v 62.72090912 66.72931671 -24.20064354
v 64.45163727 64.95488739 -24.20064354
v 62.64760208 66.71450043 -24.20064354
v 64.43499756 64.88197327 -24.20064354
v 62.57512283 66.69604492 -24.20064354
v 64.41474152 64.80997467 -24.20064354
v 64.39092255 64.73907471 -24.20064354
v 64.36359406 64.66945648 -24.20064354
v 64.33283234 64.60128021 -24.20064354
v 64.29871368 64.53472900 -24.20064354
v 64.26132202 64.46995544 -24.20064354
v 64.22074127 64.40712738 -24.20064354
v 64.17707825 64.34639740 -24.20064354
v 64.13044739 64.28792572 -24.20064354
v 64.08096313 64.23184967 -24.20064354
v 64.02873993 64.17830658 -24.20064354
v 63.97391129 64.12743378 -24.20064354
v 63.91661835 64.07936096 -24.20064354
v 63.85699844 64.03420258 -24.20064354
v 63.79520035 63.99206924 -24.20064354
v 63.73138046 63.95306778 -24.20064354
v 63.66569901 63.91729736 -24.20064354
v 63.59831238 63.88484955 -24.20064354
v 63.52939224 63.85579681 -24.20064354
v 63.45911026 63.83021545 -24.20064354
v 63.38764191 63.80817032 -24.20064354
v 63.31516266 63.78971481 -24.20064354
v 63.24185562 63.77489471 -24.20064354
v 63.16789627 63.76374817 -24.20064354
v 63.09347534 63.75630188 -24.20064354
v 63.01877975 63.75257111 -24.20064354
v 62.94398499 63.75257111 -24.20064354
v 36.57349777 68.12676239 -24.20064354
v 61.59916687 64.66945648 -24.20064354
v 61.57184219 64.73907471 -24.20064354
v 61.54802322 64.80997467 -24.20064354
v 61.52776718 64.88197327 -24.20064354
v 61.51112366 64.95488739 -24.20064354
v 61.49813461 65.02854156 -24.20064354
v 61.48883438 65.10275269 -24.20064354
v 61.48324585 65.17733765 -24.20064354
v 61.48138046 65.25210571 -24.20064354
v 61.48324585 65.32687378 -24.20064354
v 61.48883438 65.40145874 -24.20064354
v 61.49813461 65.47566986 -24.20064354
v 61.51112366 65.54932404 -24.20064354
v 61.52776718 65.62224579 -24.20064354
v 61.54802322 65.69423676 -24.20064354
v 61.57184219 65.76513672 -24.20064354
v 61.59916687 65.83475494 -24.20064354
v 61.62992859 65.90293121 -24.20064354
v 61.66405106 65.96949005 -24.20064354
v 61.70144653 66.03425598 -24.20064354
v 61.74202347 66.09708405 -24.20064354
v 61.78568268 66.15781403 -24.20064354
v 61.83231354 66.21628571 -24.20064354
v 61.88180542 66.27236938 -24.20064354
v 61.93402863 66.32590485 -24.20064354
v 61.98885345 66.37677765 -24.20064354
v 62.04614639 66.42485046 -24.20064354
v 62.10576630 66.47001648 -24.20064354
v 62.16756439 66.51214600 -24.20064354
v 62.23138046 66.55114746 -24.20064354
v 62.29706573 66.58691406 -24.20064354
v 62.36445236 66.61936188 -24.20064354
v 62.43336868 66.64841461 -24.20064354
v 62.50365067 66.67399597 -24.20064354
v 62.86928558 63.75630188 -24.20064354
v 62.79486465 63.76374817 -24.20064354
v 62.72090912 63.77489471 -24.20064354
v 62.64760208 63.78971481 -24.20064354
v 62.57512283 63.80817032 -24.20064354
v 62.50365067 63.83021545 -24.20064354
v 62.43336868 63.85579681 -24.20064354
v 62.36445236 63.88484955 -24.20064354
v 62.29706573 63.91729736 -24.20064354
v 62.23138046 63.95306778 -24.20064354
v 62.16756439 63.99206924 -24.20064354
v 62.10576630 64.03420258 -24.20064354
v 62.04614639 64.07936096 -24.20064354
v 61.98885345 64.12743378 -24.20064354
v 61.93402863 64.17830658 -24.20064354
v 61.88180542 64.23184967 -24.20064354
v 61.83231354 64.28792572 -24.20064354
v 41.32085037 46.50706482 -24.20064354
v 61.78568268 64.34639740 -24.20064354
v 61.74202347 64.40712738 -24.20064354
v 41.37307358 46.45352173 -24.20064354
v 41.26602173 46.55793381 -24.20064354
v 61.70144653 64.46995544 -24.20064354
v 41.42256165 46.39744568 -24.20064354
v 41.20872879 46.60601044 -24.20064354
v 61.66405106 64.53472900 -24.20064354
v 41.46919250 46.33897018 -24.20064354
v 41.14910889 46.65117264 -24.20064354
v 61.62992859 64.60128021 -24.20064354
v 41.51285172 46.27824402 -24.20064354
v 41.08731461 46.69330215 -24.20064354
v 41.55343246 46.21541595 -24.20064354
v 41.02349472 46.73230362 -24.20064354
v 41.59082794 46.15064621 -24.20064354
v 40.95780945 46.76807022 -24.20064354
v 41.62494659 46.08409119 -24.20064354
v 40.89042664 46.80052185 -24.20064354
v 41.65570831 46.01591492 -24.20064354
v 40.82150650 46.82957458 -24.20064354
v 41.68303299 45.94629288 -24.20064354
v 40.75122452 46.85515594 -24.20064354
v 41.70685577 45.87539673 -24.20064354
v 40.67975616 46.87720108 -24.20064354
v 41.72711182 45.80339813 -24.20064354
v 40.60727692 46.89565659 -24.20064354
v 41.74375534 45.73048401 -24.20064354
v 40.53396606 46.91047668 -24.20064354
v 41.75674057 45.65682602 -24.20064354
v 40.46001053 46.92162323 -24.20064354
v 41.76604080 45.58261490 -24.20064354
v 40.38558960 46.92906952 -24.20064354
v 41.77162933 45.50803375 -24.20064354
v 40.31089020 46.93279648 -24.20064354
v 41.77349472 45.43326187 -24.20064354
v 40.23609924 46.93279648 -24.20064354
v 41.77162933 45.35849380 -24.20064354
v 40.16139984 46.92906952 -24.20064354
v 41.76604080 45.28391266 -24.20064354
v 40.08697891 46.92162323 -24.20064354
v 41.75674057 45.20970154 -24.20064354
v 40.01302338 46.91047668 -24.20064354
v 41.74375534 45.13604355 -24.20064354
v 39.93971252 46.89565659 -24.20064354
v 41.72711182 45.06312943 -24.20064354
v 39.86723328 46.87720108 -24.20064354
v 41.70685577 44.99113083 -24.20064354
v 39.79576492 46.85515594 -24.20064354
v 41.68303299 44.92023468 -24.20064354
v 39.72548294 46.82957458 -24.20064354
v 41.65570831 44.85061264 -24.20064354
v 39.65656281 46.80052185 -24.20064354
v 41.62494659 44.78243637 -24.20064354
v 39.58917999 46.76807022 -24.20064354
v 41.59082794 44.71588135 -24.20064354
v 39.52349472 46.73230362 -24.20064354
v 41.55343246 44.65111160 -24.20064354
v 39.45967484 46.69330215 -24.20064354
v 41.51285172 44.58828354 -24.20064354
v 39.39788055 46.65117264 -24.20064354
v 41.46919250 44.52755737 -24.20064354
v 39.33826065 46.60601044 -24.20064354
v 41.42256165 44.46908188 -24.20064354
v 39.28096771 46.55793381 -24.20064354
v 41.37307358 44.41300583 -24.20064354
v 39.22613907 46.50706482 -24.20064354
v 41.32085037 44.35946274 -24.20064354
v 39.17391586 46.45352173 -24.20064354
v 41.26602173 44.30859375 -24.20064354
v 39.12442780 46.39744568 -24.20064354
v 41.20872879 44.26051712 -24.20064354
v 39.07779694 46.33897018 -24.20064354
v 41.14910889 44.21535492 -24.20064354
v 39.03413773 46.27824402 -24.20064354
v 41.08731461 44.17322540 -24.20064354
v 38.99355698 46.21541595 -24.20064354
v 41.02349472 44.13422394 -24.20064354
v 40.95780945 44.09845734 -24.20064354
v 40.89042664 44.06600571 -24.20064354
v 40.82150650 44.03695297 -24.20064354
v 40.75122452 44.01137161 -24.20064354
v 40.67975616 43.98932648 -24.20064354
v 40.60727692 43.97087097 -24.20064354
v 38.86395645 45.94629288 -24.20064354
v 38.89128113 46.01591492 -24.20064354
v 40.53396606 43.95605087 -24.20064354
v 40.46001053 43.94490433 -24.20064354
v 40.38558960 43.93745804 -24.20064354
v 40.31089020 43.93373108 -24.20064354
v 40.23609924 43.93373108 -24.20064354
v 40.16139984 43.93745804 -24.20064354
v 40.08697891 43.94490433 -24.20064354
v 40.01302338 43.95605087 -24.20064354
v 39.93971252 43.97087097 -24.20064354
v 39.86723328 43.98932648 -24.20064354
v 39.79576492 44.01137161 -24.20064354
v 39.72548294 44.03695297 -24.20064354
v 39.65656281 44.06600571 -24.20064354
v 39.58917999 44.09845734 -24.20064354
v 39.52349472 44.13422394 -24.20064354
v 39.45967484 44.17322540 -24.20064354
v 39.39788055 44.21535492 -24.20064354
v 39.33826065 44.26051712 -24.20064354
v 39.28096771 44.30859375 -24.20064354
v 39.22613907 44.35946274 -24.20064354
v 39.17391586 44.41300583 -24.20064354
v 39.12442780 44.46908188 -24.20064354
v 39.07779694 44.52755737 -24.20064354
v 39.03413773 44.58828354 -24.20064354
v 38.99355698 44.65111160 -24.20064354
v 38.95616150 44.71588135 -24.20064354
v 38.92204285 44.78243637 -24.20064354
v 38.89128113 44.85061264 -24.20064354
v 38.86395645 44.92023468 -24.20064354
v 38.84013748 44.99113083 -24.20064354
v 38.81987762 45.06312943 -24.20064354
v 38.80323792 45.13604355 -24.20064354
v 38.79024887 45.20970154 -24.20064354
v 38.78094864 45.28391266 -24.20064354
v 38.77536011 45.35849380 -24.20064354
v 38.77349472 45.43326187 -24.20064354
v 38.77536011 45.50803375 -24.20064354
v 38.78094864 45.58261490 -24.20064354
v 38.79024887 45.65682602 -24.20064354
v 38.80323792 45.73048401 -24.20064354
v 38.81987762 45.80339813 -24.20064354
v 38.84013748 45.87539673 -24.20064354
v 38.92204285 46.08409119 -24.20064354
v 38.95616150 46.15064621 -24.20064354
v 67.07349396 62.99815369 -30.00064468
v 29.89571571 61.00965118 -30.00064468
v -0.62750548 70.92675781 -30.00064468
v 33.39571762 69.05964661 -30.00064468
v 33.39571762 61.00965118 -30.00064468
v 29.89571571 57.00965118 -30.00064468
v 33.39571762 48.95964813 -30.00064468
v 33.39571762 57.00965118 -30.00064468
v 38.07434082 47.47378159 -30.00064468
v 38.17878342 47.58086395 -30.00064468
v 38.28843689 47.68260574 -30.00064468
v 37.97536087 47.36162567 -30.00064468
v 38.40302658 47.77875900 -30.00064468
v 37.88209915 47.24467850 -30.00064468
v 38.52226257 47.86907959 -30.00064468
v 37.79477692 47.12322235 -30.00064468
v 38.64585495 47.95334244 -30.00064468
v 37.71362305 46.99757004 -30.00064468
v 38.77349472 48.03134155 -30.00064468
v 37.63882828 46.86802673 -30.00064468
v 38.90486145 48.10287857 -30.00064468
v 37.57058716 46.73491669 -30.00064468
v 39.03963470 48.16778183 -30.00064468
v 37.50906754 46.59856796 -30.00064468
v 37.45441818 46.45932388 -30.00064468
v 37.40677643 46.31752777 -30.00064468
v 37.36626434 46.17353439 -30.00064468
v 37.33297729 46.02770233 -30.00064468
v 37.30700302 45.88039017 -30.00064468
v 37.28840256 45.73196793 -30.00064468
v 37.27722549 45.58280182 -30.00064468
v 37.27349472 45.43326187 -30.00064468
v 37.27722549 45.28372574 -30.00064468
v 37.28840256 45.13455963 -30.00064468
v 37.30700302 44.98613739 -30.00064468
v 37.33297729 44.83882523 -30.00064468
v 37.36626434 44.69299316 -30.00064468
v 37.40677643 44.54899979 -30.00064468
v 37.45441818 44.40720367 -30.00064468
v 37.50906754 44.26795959 -30.00064468
v 37.57058716 44.13161087 -30.00064468
v 60.78222656 67.29262543 -30.00064468
v 53.49571609 69.05964661 -30.00064468
v 60.88667297 67.39970398 -30.00064468
v 60.99632645 67.50144958 -30.00064468
v 60.68325043 67.18046570 -30.00064468
v 61.11091232 67.59760284 -30.00064468
v 60.58998489 67.06352234 -30.00064468
v 61.23015213 67.68791962 -30.00064468
v 60.50266647 66.94207001 -30.00064468
v 61.35374451 67.77218628 -30.00064468
v 60.42150879 66.81641388 -30.00064468
v 61.48138046 67.85018158 -30.00064468
v 37.63882828 43.99850082 -30.00064468
v 60.34671783 66.68686676 -30.00064468
v 61.61275101 67.92172241 -30.00064468
v 60.27847672 66.55375671 -30.00064468
v 61.74752045 67.98662567 -30.00064468
v 60.21695328 66.41741180 -30.00064468
v 61.88536072 68.04473114 -30.00064468
v 37.71362305 43.86895752 -30.00064468
v 60.16230392 66.27816772 -30.00064468
v 62.02592087 68.09588623 -30.00064468
v 60.11466217 66.13637543 -30.00064468
v 62.16886139 68.13997650 -30.00064468
v 37.79477692 43.74330521 -30.00064468
v 60.07415009 65.99237823 -30.00064468
v 60.04086304 65.84654236 -30.00064468
v 37.88209915 43.62184906 -30.00064468
v 60.01488876 65.69923401 -30.00064468
v 59.99628830 65.55081177 -30.00064468
v 37.97536087 43.50490189 -30.00064468
v 59.98511124 65.40164185 -30.00064468
v 38.07434082 43.39274597 -30.00064468
v 59.98138046 65.25210571 -30.00064468
v 59.98511124 65.10256958 -30.00064468
v 38.17878342 43.28566360 -30.00064468
v 59.99628830 64.95339966 -30.00064468
v 38.28843689 43.18392181 -30.00064468
v 60.01488876 64.80497742 -30.00064468
v 38.40302658 43.08776855 -30.00064468
v 60.04086304 64.65766907 -30.00064468
v 38.52226257 42.99744797 -30.00064468
v 60.07415009 64.51183319 -30.00064468
v 38.64585495 42.91318512 -30.00064468
v 60.11466217 64.36784363 -30.00064468
v 60.16230392 64.22604370 -30.00064468
v 38.77349472 42.83518600 -30.00064468
v 60.21695328 64.08679962 -30.00064468
v 38.90486145 42.76364899 -30.00064468
v 67.07349396 70.92675781 -30.00064468
v 64.07740784 68.04473114 -30.00064468
v 63.93684387 68.09588623 -30.00064468
v 63.79390335 68.13997650 -30.00064468
v 63.64894485 68.17688751 -30.00064468
v 63.50232697 68.20652771 -30.00064468
v 63.35441208 68.22882080 -30.00064468
v 63.20557404 68.24372101 -30.00064468
v 63.05617523 68.25117493 -30.00064468
v 62.90658951 68.25117493 -30.00064468
v 62.75719070 68.24372101 -30.00064468
v 62.60835266 68.22882080 -30.00064468
v 62.46043777 68.20652771 -30.00064468
v 62.31381989 68.17688751 -30.00064468
v 64.21524048 67.98662567 -30.00064468
v 60.27847672 63.95045471 -30.00064468
v 39.03963470 42.69874573 -30.00064468
v 64.35001373 67.92172241 -30.00064468
v 60.34671783 63.81734467 -30.00064468
v 39.17747116 42.64064407 -30.00064468
v 64.48138428 67.85018158 -30.00064468
v 39.31803513 42.58948135 -30.00064468
v 64.60902405 67.77218628 -30.00064468
v 39.46097183 42.54539108 -30.00064468
v 64.73261261 67.68791962 -30.00064468
v 39.60593033 42.50848007 -30.00064468
v 64.85185242 67.59760284 -30.00064468
v 39.75255203 42.47883987 -30.00064468
v 39.90046310 42.45654678 -30.00064468
v 64.96643829 67.50144958 -30.00064468
v 40.04930496 42.44165421 -30.00064468
v 65.07609558 67.39970398 -30.00064468
v 40.19870377 42.43419647 -30.00064468
v 65.18053436 67.29262543 -30.00064468
v 65.27951813 67.18046570 -30.00064468
v 65.37277985 67.06352234 -30.00064468
v 65.46009827 66.94207001 -30.00064468
v 65.54125214 66.81641388 -30.00064468
v 65.61604309 66.68686676 -30.00064468
v 65.68428802 66.55375671 -30.00064468
v 65.74581146 66.41741180 -30.00064468
v 65.80046082 66.27816772 -30.00064468
v 65.84809875 66.13637543 -30.00064468
v 65.88861084 65.99237823 -30.00064468
v 65.92189789 65.84654236 -30.00064468
v 65.94787598 65.69923401 -30.00064468
v 65.98138428 65.25210571 -30.00064468
v 65.97765350 65.40164185 -30.00064468
v 63.93684387 62.40832520 -30.00064468
v 64.07740784 62.45948410 -30.00064468
v 65.96647644 65.55081177 -30.00064468
v 64.21524048 62.51758957 -30.00064468
v 64.35001373 62.58249283 -30.00064468
v 64.48138428 62.65402985 -30.00064468
v 64.60902405 62.73202896 -30.00064468
v 64.73261261 62.81629181 -30.00064468
v 64.85185242 62.90661240 -30.00064468
v 64.96643829 63.00276184 -30.00064468
v 65.07609558 63.10450745 -30.00064468
v 65.18053436 63.21158981 -30.00064468
v 65.27951813 63.32374191 -30.00064468
v 65.37277985 63.44069290 -30.00064468
v 65.46009827 63.56214523 -30.00064468
v 65.54125214 63.68780136 -30.00064468
v 65.61604309 63.81734467 -30.00064468
v 65.68428802 63.95045471 -30.00064468
v 65.74581146 64.08679962 -30.00064468
v 65.80046082 64.22604370 -30.00064468
v 65.84809875 64.36784363 -30.00064468
v 65.88861084 64.51183319 -30.00064468
v 65.92189789 64.65766907 -30.00064468
v 65.94787598 64.80497742 -30.00064468
v 65.96647644 64.95339966 -30.00064468
v 65.97765350 65.10256958 -30.00064468
v 53.49571609 48.95964813 -30.00064468
v 60.42150879 63.68780136 -30.00064468
v 60.50266647 63.56214523 -30.00064468
v 60.58998489 63.44069290 -30.00064468
v 60.68325043 63.32374191 -30.00064468
v 60.78222656 63.21158981 -30.00064468
v 60.88667297 63.10450745 -30.00064468
v 60.99632645 63.00276184 -30.00064468
v 61.11091232 62.90661240 -30.00064468
v 43.21401215 46.02770233 -30.00064468
v 43.18072510 46.17353439 -30.00064468
v 61.23015213 62.81629181 -30.00064468
v 43.14021301 46.31752777 -30.00064468
v 61.35374451 62.73202896 -30.00064468
v 43.09257126 46.45932388 -30.00064468
v 61.48138046 62.65402985 -30.00064468
v 43.03792191 46.59856796 -30.00064468
v 42.97640228 46.73491669 -30.00064468
v 61.61275101 62.58249283 -30.00064468
v 42.90816116 46.86802673 -30.00064468
v 61.74752045 62.51758957 -30.00064468
v 42.83336639 46.99757004 -30.00064468
v 61.88536072 62.45948410 -30.00064468
v 42.75221252 47.12322235 -30.00064468
v 62.02592087 62.40832520 -30.00064468
v 42.66489410 47.24467850 -30.00064468
v 62.16886139 62.36423492 -30.00064468
v 42.57162857 47.36162567 -30.00064468
v 62.31381989 62.32732391 -30.00064468
v 42.47264862 47.47378159 -30.00064468
v 62.46043777 62.29768372 -30.00064468
v 42.36820602 47.58086395 -30.00064468
v 62.60835266 62.27539062 -30.00064468
v 42.25855255 47.68260574 -30.00064468
v 62.75719070 62.26049423 -30.00064468
v 42.14396286 47.77875900 -30.00064468
v 62.90658951 62.25304031 -30.00064468
v 42.02472687 47.86907959 -30.00064468
v 63.05617523 62.25304031 -30.00064468
v 41.90113449 47.95334244 -30.00064468
v 63.20557404 62.26049423 -30.00064468
v 41.77349472 48.03134155 -30.00064468
v 63.35441208 62.27539062 -30.00064468
v 41.64212799 48.10287857 -30.00064468
v 63.50232697 62.29768372 -30.00064468
v 63.64894485 62.32732391 -30.00064468
v 63.79390335 62.36423492 -30.00064468
v 40.34828568 42.43419647 -30.00064468
v 40.49768448 42.44165421 -30.00064468
v 40.64652634 42.45654678 -30.00064468
v 40.79444122 42.47883987 -30.00064468
v 40.94105911 42.50848007 -30.00064468
v 41.08601761 42.54539108 -30.00064468
v 41.22895432 42.58948135 -30.00064468
v 41.36951828 42.64064407 -30.00064468
v 43.27349472 45.43326187 -30.00064468
v 43.26976395 45.58280182 -30.00064468
v 41.50735474 42.69874573 -30.00064468
v 43.25858688 45.73196793 -30.00064468
v 41.64212799 42.76364899 -30.00064468
v 43.23998642 45.88039017 -30.00064468
v 41.77349472 42.83518600 -30.00064468
v 41.90113449 42.91318512 -30.00064468
v 42.02472687 42.99744797 -30.00064468
v 42.14396286 43.08776855 -30.00064468
v 42.25855255 43.18392181 -30.00064468
v 42.36820602 43.28566360 -30.00064468
v 42.47264862 43.39274597 -30.00064468
v 42.57162857 43.50490189 -30.00064468
v 42.66489410 43.62184906 -30.00064468
v 42.75221252 43.74330521 -30.00064468
v 42.83336639 43.86895752 -30.00064468
v 42.90816116 43.99850082 -30.00064468
v 42.97640228 44.13161087 -30.00064468
v 43.03792191 44.26795959 -30.00064468
v 43.09257126 44.40720367 -30.00064468
v 43.14021301 44.54899979 -30.00064468
v 43.18072510 44.69299316 -30.00064468
v 43.21401215 44.83882523 -30.00064468
v 43.23998642 44.98613739 -30.00064468
v 43.25858688 45.13455963 -30.00064468
v 43.26976395 45.28372574 -30.00064468
v -0.62750548 -58.07323837 -30.00064468
v 32.07349777 -58.07323837 -30.00064468
v 40.34828568 48.43233109 -30.00064468
v 40.49768448 48.42487335 -30.00064468
v 40.64652634 48.40998077 -30.00064468
v 40.79444122 48.38768768 -30.00064468
v 40.94105911 48.35804749 -30.00064468
v 41.08601761 48.32113647 -30.00064468
v 41.22895432 48.27704620 -30.00064468
v 41.36951828 48.22588348 -30.00064468
v 41.50735474 48.16778183 -30.00064468
v 40.19870377 48.43233109 -30.00064468
v 40.04930496 48.42487335 -30.00064468
v 39.90046310 48.40998077 -30.00064468
v 39.75255203 48.38768768 -30.00064468
v 39.60593033 48.35804749 -30.00064468
v 39.46097183 48.32113647 -30.00064468
v 39.31803513 48.27704620 -30.00064468
v 39.17747116 48.22588348 -30.00064468
v 25.00000000 54.58205414 -19.50000000
v 25.00000000 54.57946777 -5.50000000
v 25.00000000 54.58205414 -5.50000000
v 25.00000000 54.57946777 -19.50000000
v 24.27499962 54.58205414 -5.50000000
v 24.27499962 54.58205414 -19.50000000
v 32.47349548 54.57946777 -5.50000000
v 32.47349548 70.92675781 -5.50000000
v 24.27499962 70.92675781 -5.50000000
v 32.47349548 54.57946777 -19.50000000
v 54.65526581 56.95806122 7.99935627
v 58.15526581 56.95806122 7.99935627
v 58.15526581 60.95806122 7.99935627
v 54.65526581 60.95806122 7.99935627
v 34.55526733 69.00806427 7.99935627
v 54.65526581 69.00806427 7.99935627
v 34.55526733 48.90806198 7.99935627
v 54.65526581 48.90806198 7.99935627
v 54.65526581 48.90806198 9.99935627
v 54.65526581 56.95806122 9.99935627
v 34.55526733 48.90806198 9.99935627
v 34.55526733 69.00806427 9.99935627
v 54.65526581 69.00806427 9.99935627
v 33.39571762 57.00965118 -28.00064468
v 29.89571571 57.00965118 -28.00064468
v 29.89571571 61.00965118 -28.00064468
v 33.39571762 61.00965118 -28.00064468
v 53.49571609 69.05964661 -28.00064468
v 33.39571762 69.05964661 -28.00064468
v 53.49571609 48.95964813 -28.00064468
v 33.39571762 48.95964813 -28.00064468
v 65.18053436 67.29262543 9.99935627
v 67.07349396 70.92675781 9.99935627
v 65.07609558 67.39970398 9.99935627
v 64.96643829 67.50144958 9.99935627
v 65.27951813 67.18046570 9.99935627
v 64.85185242 67.59760284 9.99935627
v 65.37277985 67.06352234 9.99935627
v 64.73261261 67.68791962 9.99935627
v 65.46009827 66.94207001 9.99935627
v 64.60902405 67.77218628 9.99935627
v 65.54125214 66.81641388 9.99935627
v 64.48138428 67.85018158 9.99935627
v 65.61604309 66.68686676 9.99935627
v 64.35001373 67.92172241 9.99935627
v 65.68428802 66.55375671 9.99935627
v 64.21524048 67.98662567 9.99935627
v 65.74581146 66.41741180 9.99935627
v 64.07740784 68.04473114 9.99935627
v 65.80046082 66.27816772 9.99935627
v 63.93684387 68.09588623 9.99935627
v 65.84809875 66.13637543 9.99935627
v 63.79390335 68.13997650 9.99935627
v 65.88861084 65.99237823 9.99935627
v 63.64894485 68.17688751 9.99935627
v 65.92189789 65.84654236 9.99935627
v 63.50232697 68.20652771 9.99935627
v 65.94787598 65.69923401 9.99935627
v 63.35441208 68.22882080 9.99935627
v 63.20557404 68.24372101 9.99935627
v 63.05617523 68.25117493 9.99935627
v 62.90658951 68.25117493 9.99935627
v 62.75719070 68.24372101 9.99935627
v 62.60835266 68.22882080 9.99935627
v 62.46043777 68.20652771 9.99935627
v 62.31381989 68.17688751 9.99935627
v 62.16886139 68.13997650 9.99935627
v 67.07349396 62.99815369 9.99935627
v 65.96647644 65.55081177 9.99935627
v 65.97765350 65.40164185 9.99935627
v 65.98138428 65.25210571 9.99935627
v 65.97765350 65.10256958 9.99935627
v 65.96647644 64.95339966 9.99935627
v 65.94787598 64.80497742 9.99935627
v 65.92189789 64.65766907 9.99935627
v 65.88861084 64.51183319 9.99935627
v 65.84809875 64.36784363 9.99935627
v 65.80046082 64.22604370 9.99935627
v 65.74581146 64.08679962 9.99935627
v 65.68428802 63.95045471 9.99935627
v 65.61604309 63.81734467 9.99935627
v 65.54125214 63.68780136 9.99935627
v 65.46009827 63.56214523 9.99935627
v 65.37277985 63.44069290 9.99935627
v 65.27951813 63.32374191 9.99935627
v 65.18053436 63.21158981 9.99935627
v 65.07609558 63.10450745 9.99935627
v 64.96643829 63.00276184 9.99935627
v 64.85185242 62.90661240 9.99935627
v 64.73261261 62.81629181 9.99935627
v 64.60902405 62.73202896 9.99935627
v 64.48138428 62.65402985 9.99935627
v 64.35001373 62.58249283 9.99935627
v 64.21524048 62.51758957 9.99935627
v 64.07740784 62.45948410 9.99935627
v 63.93684387 62.40832520 9.99935627
v 59.98138046 65.25210571 9.99935627
v 59.98511124 65.40164185 9.99935627
v 59.99628830 65.55081177 9.99935627
v 60.01488876 65.69923401 9.99935627
v 60.04086304 65.84654236 9.99935627
v 60.07415009 65.99237823 9.99935627
v 60.11466217 66.13637543 9.99935627
v 60.16230392 66.27816772 9.99935627
v 60.21695328 66.41741180 9.99935627
v 60.27847672 66.55375671 9.99935627
v 60.34671783 66.68686676 9.99935627
v 60.42150879 66.81641388 9.99935627
v 60.50266647 66.94207001 9.99935627
v 60.58998489 67.06352234 9.99935627
v 60.68325043 67.18046570 9.99935627
v 60.78222656 67.29262543 9.99935627
v 60.88667297 67.39970398 9.99935627
v 60.99632645 67.50144958 9.99935627
v 61.11091232 67.59760284 9.99935627
v 61.23015213 67.68791962 9.99935627
v 61.35374451 67.77218628 9.99935627
v 61.48138046 67.85018158 9.99935627
v 61.61275101 67.92172241 9.99935627
v 61.74752045 67.98662567 9.99935627
v 61.88536072 68.04473114 9.99935627
v 62.02592087 68.09588623 9.99935627
v 59.98511124 65.10256958 9.99935627
v 58.15526581 60.95806122 9.99935627
v 62.16886139 62.36423492 9.99935627
v 62.02592087 62.40832520 9.99935627
v 61.88536072 62.45948410 9.99935627
v 61.74752045 62.51758957 9.99935627
v 61.61275101 62.58249283 9.99935627
v 61.48138046 62.65402985 9.99935627
v 61.35374451 62.73202896 9.99935627
v 61.23015213 62.81629181 9.99935627
v 61.11091232 62.90661240 9.99935627
v 60.99632645 63.00276184 9.99935627
v 60.88667297 63.10450745 9.99935627
v 60.78222656 63.21158981 9.99935627
v 60.68325043 63.32374191 9.99935627
v 60.58998489 63.44069290 9.99935627
v 60.50266647 63.56214523 9.99935627
v 60.42150879 63.68780136 9.99935627
v 60.34671783 63.81734467 9.99935627
v 60.27847672 63.95045471 9.99935627
v 60.21695328 64.08679962 9.99935627
v 60.16230392 64.22604370 9.99935627
v 60.11466217 64.36784363 9.99935627
v 60.07415009 64.51183319 9.99935627
v 60.04086304 64.65766907 9.99935627
v 60.01488876 64.80497742 9.99935627
v 54.65526581 60.95806122 9.99935627
v 59.99628830 64.95339966 9.99935627
v 58.15526581 56.95806122 9.99935627
v 63.05617523 62.25304031 9.99935627
v 62.90658951 62.25304031 9.99935627
v 62.75719070 62.26049423 9.99935627
v 62.60835266 62.27539062 9.99935627
v 62.46043777 62.29768372 9.99935627
v 62.31381989 62.32732391 9.99935627
v 63.79390335 62.36423492 9.99935627
v 63.64894485 62.32732391 9.99935627
v 63.50232697 62.29768372 9.99935627
v 63.35441208 62.27539062 9.99935627
v 63.20557404 62.26049423 9.99935627
v 32.47349548 70.92675781 9.99935627
v 42.57162857 47.36162567 9.99935627
v 42.47264862 47.47378159 9.99935627
v 42.66489410 47.24467850 9.99935627
v 42.75221252 47.12322235 9.99935627
v 42.83336639 46.99757004 9.99935627
v 42.90816116 46.86802673 9.99935627
v 42.97640228 46.73491669 9.99935627
v 43.03792191 46.59856796 9.99935627
v 43.09257126 46.45932388 9.99935627
v 43.14021301 46.31752777 9.99935627
v 43.18072510 46.17353439 9.99935627
v 43.21401215 46.02770233 9.99935627
v 43.23998642 45.88039017 9.99935627
v 43.25858688 45.73196793 9.99935627
v 43.26976395 45.58280182 9.99935627
v 43.27349472 45.43326187 9.99935627
v 43.26976395 45.28372574 9.99935627
v 43.25858688 45.13455963 9.99935627
v 43.23998642 44.98613739 9.99935627
v 43.21401215 44.83882523 9.99935627
v 43.18072510 44.69299316 9.99935627
v 43.14021301 44.54899979 9.99935627
v 43.09257126 44.40720367 9.99935627
v 43.03792191 44.26795959 9.99935627
v 42.97640228 44.13161087 9.99935627
v 42.90816116 43.99850082 9.99935627
v 42.83336639 43.86895752 9.99935627
v 42.75221252 43.74330521 9.99935627
v 42.66489410 43.62184906 9.99935627
v 42.57162857 43.50490189 9.99935627
v 42.47264862 43.39274597 9.99935627
v 42.36820602 43.28566360 9.99935627
v 42.25855255 43.18392181 9.99935627
v 42.14396286 43.08776855 9.99935627
v 42.02472687 42.99744797 9.99935627
v 41.90113449 42.91318512 9.99935627
v 41.77349472 42.83518600 9.99935627
v 41.64212799 42.76364899 9.99935627
v 41.50735474 42.69874573 9.99935627
v 41.36951828 42.64064407 9.99935627
v 41.22895432 42.58948135 9.99935627
v 41.08601761 42.54539108 9.99935627
v 37.36626434 46.17353439 9.99935627
v 37.40677643 46.31752777 9.99935627
v 37.45441818 46.45932388 9.99935627
v 37.50906754 46.59856796 9.99935627
v 37.57058716 46.73491669 9.99935627
v 37.63882828 46.86802673 9.99935627
v 37.71362305 46.99757004 9.99935627
v 37.79477692 47.12322235 9.99935627
v 37.88209915 47.24467850 9.99935627
v 37.97536087 47.36162567 9.99935627
v 38.07434082 47.47378159 9.99935627
v 38.17878342 47.58086395 9.99935627
v 38.28843689 47.68260574 9.99935627
v 38.40302658 47.77875900 9.99935627
v 38.52226257 47.86907959 9.99935627
v 38.64585495 47.95334244 9.99935627
v 38.77349472 48.03134155 9.99935627
v 38.90486145 48.10287857 9.99935627
v 39.03963470 48.16778183 9.99935627
v 39.17747116 48.22588348 9.99935627
v 39.31803513 48.27704620 9.99935627
v 39.46097183 48.32113647 9.99935627
v 39.60593033 48.35804749 9.99935627
v 39.75255203 48.38768768 9.99935627
v 40.94105911 42.50848007 9.99935627
v 37.33297729 46.02770233 9.99935627
v 40.79444122 42.47883987 9.99935627
v 37.30700302 45.88039017 9.99935627
v 37.28840256 45.73196793 9.99935627
v 37.27722549 45.58280182 9.99935627
v 40.04930496 42.44165421 9.99935627
v 39.90046310 42.45654678 9.99935627
v 39.75255203 42.47883987 9.99935627
v 39.60593033 42.50848007 9.99935627
v 39.46097183 42.54539108 9.99935627
v 39.31803513 42.58948135 9.99935627
v 39.17747116 42.64064407 9.99935627
v 39.03963470 42.69874573 9.99935627
v 38.90486145 42.76364899 9.99935627
v 38.77349472 42.83518600 9.99935627
v 38.64585495 42.91318512 9.99935627
v 38.52226257 42.99744797 9.99935627
v 38.40302658 43.08776855 9.99935627
v 38.28843689 43.18392181 9.99935627
v 38.17878342 43.28566360 9.99935627
v 38.07434082 43.39274597 9.99935627
v 37.97536087 43.50490189 9.99935627
v 37.88209915 43.62184906 9.99935627
v 37.79477692 43.74330521 9.99935627
v 37.71362305 43.86895752 9.99935627
v 37.63882828 43.99850082 9.99935627
v 37.57058716 44.13161087 9.99935627
v 37.50906754 44.26795959 9.99935627
v 37.45441818 44.40720367 9.99935627
v 37.40677643 44.54899979 9.99935627
v 37.36626434 44.69299316 9.99935627
v 37.33297729 44.83882523 9.99935627
v 32.47349548 43.28675842 9.99935627
v 37.27349472 45.43326187 9.99935627
v 37.30700302 44.98613739 9.99935627
v 37.28840256 45.13455963 9.99935627
v 37.27722549 45.28372574 9.99935627
v 40.34828568 42.43419647 9.99935627
v 40.49768448 42.44165421 9.99935627
v 40.64652634 42.45654678 9.99935627
v 40.19870377 42.43419647 9.99935627
v 40.19870377 48.43233109 9.99935627
v 40.04930496 48.42487335 9.99935627
v 39.90046310 48.40998077 9.99935627
v 40.34828568 48.43233109 9.99935627
v 40.49768448 48.42487335 9.99935627
v 40.64652634 48.40998077 9.99935627
v 40.79444122 48.38768768 9.99935627
v 40.94105911 48.35804749 9.99935627
v 41.08601761 48.32113647 9.99935627
v 41.22895432 48.27704620 9.99935627
v 41.36951828 48.22588348 9.99935627
v 41.50735474 48.16778183 9.99935627
v 41.64212799 48.10287857 9.99935627
v 41.77349472 48.03134155 9.99935627
v 41.90113449 47.95334244 9.99935627
v 42.02472687 47.86907959 9.99935627
v 42.14396286 47.77875900 9.99935627
v 42.25855255 47.68260574 9.99935627
v 42.36820602 47.58086395 9.99935627
v -0.62750548 -58.07323837 -27.00064468
v -0.62750548 70.92675781 -27.00064468
v 32.07349777 -58.07323837 -27.00064468
v 24.97690201 -57.07323837 -19.50000000
v 24.27499962 -57.07323837 -20.00955582
v 24.27499962 -57.07323837 -20.01170349
v 24.27499962 -57.07323837 -19.50000000
v 29.57309914 -57.07323837 -19.50000000
v 27.27499962 -57.07323837 -17.70624924
v 30.27499962 -57.07323837 -20.01170349
v 30.27499962 -57.07323837 -19.50000000
v 24.27499962 -58.07323837 -20.01170349
v 24.27499962 -58.07323837 -20.00955582
v 30.27499962 -58.07323837 -20.01170349
v 24.27499962 -56.81776810 -19.50000000
v 24.27499962 -54.08120346 -19.50000000
v 24.27499962 -53.67617416 -19.50000000
v 24.27499962 -55.13039398 -17.25000000
v 24.27499962 -55.76857758 -17.25000000
v 24.27499962 -50.93960953 -19.50000000
v 24.27499962 -50.53458405 -19.50000000
v 24.27499962 -51.98880386 -17.25000000
v 24.27499962 -52.62698364 -17.25000000
v 24.27499962 -47.79801941 -19.50000000
v 24.27499962 -47.39299011 -19.50000000
v 24.27499962 -48.84720993 -17.25000000
v 24.27499962 -49.48538971 -17.25000000
v 24.27499962 -44.65642548 -19.50000000
v 24.27499962 -44.25139618 -19.50000000
v 24.27499962 -45.70561600 -17.25000000
v 24.27499962 -46.34379959 -17.25000000
v 24.27499962 -41.51483154 -19.50000000
v 24.27499962 -41.10980606 -19.50000000
v 24.27499962 -42.56402588 -17.25000000
v 24.27499962 -43.20220566 -17.25000000
v 24.27499962 -38.37324142 -19.50000000
v 24.27499962 -37.98133087 -19.50000000
v 24.27499962 -39.42243195 -17.25000000
v 24.27499962 -40.06061172 -17.25000000
v 24.27499962 -35.24476242 -19.50000000
v 24.27499962 -34.83973694 -19.50000000
v 24.27499962 -36.29395676 -17.25000000
v 24.27499962 -36.93213654 -17.25000000
v 24.27499962 -32.10317230 -19.50000000
v 24.27499962 -31.69814301 -19.50000000
v 24.27499962 -33.15236282 -17.25000000
v 24.27499962 -33.79054260 -17.25000000
v 24.27499962 -28.96157837 -19.50000000
v 24.27499962 -28.55655098 -19.50000000
v 24.27499962 -30.01077080 -17.25000000
v 24.27499962 -30.64895058 -17.25000000
v 24.27499962 -25.81998634 -19.50000000
v 24.27499962 -25.41495895 -19.50000000
v 24.27499962 -26.86917686 -17.25000000
v 24.27499962 -27.50735855 -17.25000000
v 24.27499962 -24.36576653 -17.25000000
v 24.27499962 -22.67839241 -19.50000000
v 24.27499962 -23.72758484 -17.25000000
v 24.27499962 -20.58599281 -17.25000000
v 24.27499962 -19.53680038 -19.50000000
v 24.27499962 -22.27336502 -19.50000000
v 24.27499962 -21.22417259 -17.25000000
v 24.27499962 -17.44439888 -17.25000000
v 24.27499962 -16.39520836 -19.50000000
v 24.27499962 -19.13177299 -19.50000000
v 24.27499962 -18.08258057 -17.25000000
v 24.27499962 -14.94098854 -17.25000000
v 24.27499962 -13.25361538 -19.50000000
v 24.27499962 -15.99018002 -19.50000000
v 24.27499962 -14.30280685 -17.25000000
v 24.27499962 -11.16121483 -17.25000000
v 24.27499962 -10.11202240 -19.50000000
v 24.27499962 -12.84858799 -19.50000000
v 24.27499962 -11.79939556 -17.25000000
v 24.27499962 -8.01962185 -17.25000000
v 24.27499962 -6.97042942 -19.50000000
v 24.27499962 -9.70699501 -19.50000000
v 24.27499962 -8.65780258 -17.25000000
v 24.27499962 -4.87802935 -17.25000000
v 24.27499962 -6.56540251 -19.50000000
v 24.27499962 -5.51621008 -17.25000000
v 24.27499962 -3.82883692 -19.50000000
v 24.27499962 -1.73643661 -17.25000000
v 24.27499962 -3.42380977 -19.50000000
v 24.27499962 -2.37461758 -17.25000000
v 24.27499962 -0.68724436 -19.50000000
v 24.27499962 1.40515614 -17.25000000
v 24.27499962 -0.28221714 -19.50000000
v 24.27499962 0.76697510 -17.25000000
v 24.27499962 2.45434833 -19.50000000
v 24.27499962 4.54674864 -17.25000000
v 24.27499962 2.85937548 -19.50000000
v 24.27499962 3.90856767 -17.25000000
v 24.27499962 5.59594107 -19.50000000
v 24.27499962 7.68834162 -17.25000000
v 24.27499962 8.73753357 -19.50000000
v 24.27499962 6.00096798 -19.50000000
v 24.27499962 7.05016041 -17.25000000
v 24.27499962 10.82993412 -17.25000000
v 24.27499962 11.87912655 -19.50000000
v 24.27499962 9.14256096 -19.50000000
v 24.27499962 10.19175339 -17.25000000
v 24.27499962 13.97152710 -17.25000000
v 24.27499962 15.02071857 -19.50000000
v 24.27499962 12.28415394 -19.50000000
v 24.27499962 13.33334541 -17.25000000
v 24.27499962 17.11311913 -17.25000000
v 24.27499962 18.16231155 -19.50000000
v 24.27499962 15.42574596 -19.50000000
v 24.27499962 16.47493744 -17.25000000
v 24.27499962 20.25471115 -17.25000000
v 24.27499962 18.56733894 -19.50000000
v 24.27499962 19.61653137 -17.25000000
v 24.27499962 21.30390358 -19.50000000
v 24.27499962 23.39630508 -17.25000000
v 24.27499962 21.70893097 -19.50000000
v 24.27499962 22.75812340 -17.25000000
v 24.27499962 24.44549751 -19.50000000
v 24.27499962 26.53789711 -17.25000000
v 24.27499962 24.85052490 -19.50000000
v 24.27499962 25.89971542 -17.25000000
v 24.27499962 27.58708954 -19.50000000
v 24.27499962 29.67948914 -17.25000000
v 24.27499962 27.99211693 -19.50000000
v 24.27499962 29.04130936 -17.25000000
v 24.27499962 30.72868156 -19.50000000
v 24.27499962 32.18290329 -17.25000000
v 24.27499962 33.87027359 -19.50000000
v 24.27499962 31.13370895 -19.50000000
v 24.27499962 32.82108307 -17.25000000
v 24.27499962 35.96267700 -17.25000000
v 24.27499962 34.27530289 -19.50000000
v 24.27499962 35.32449341 -17.25000000
v 24.27499962 37.01186752 -19.50000000
v 24.27499962 39.10426712 -17.25000000
v 24.27499962 37.41689301 -19.50000000
v 24.27499962 38.46608734 -17.25000000
v 24.27499962 40.15346146 -19.50000000
v 24.27499962 42.24586105 -17.25000000
v 24.27499962 40.55848694 -19.50000000
v 24.27499962 41.60768127 -17.25000000
v 24.27499962 43.29505157 -19.50000000
v 24.27499962 70.92675781 -20.00955582
v 27.27499962 -56.86048508 -17.25000000
v 30.27499962 -55.76857758 -17.25000000
v 30.27499962 -56.81776810 -19.50000000
v 27.27499962 -41.15252304 -17.25000000
v 27.27499962 -42.20171738 -19.50000000
v 27.27499962 -39.46514893 -19.50000000
v 27.27499962 -40.51434326 -17.25000000
v 27.27499962 -47.43570709 -17.25000000
v 27.27499962 -48.48490143 -19.50000000
v 27.27499962 -45.74833679 -19.50000000
v 27.27499962 -46.79752731 -17.25000000
v 27.27499962 -53.71889496 -17.25000000
v 27.27499962 -54.76808548 -19.50000000
v 27.27499962 -52.03152084 -19.50000000
v 27.27499962 -53.08071136 -17.25000000
v 27.27499962 -55.17311478 -19.50000000
v 27.27499962 -56.22230530 -17.25000000
v 27.27499962 -50.57730103 -17.25000000
v 27.27499962 -51.62649536 -19.50000000
v 27.27499962 -48.88992691 -19.50000000
v 27.27499962 -49.93912125 -17.25000000
v 27.27499962 -44.29411697 -17.25000000
v 27.27499962 -45.34330750 -19.50000000
v 27.27499962 -42.60674286 -19.50000000
v 27.27499962 -43.65593338 -17.25000000
v 30.27499962 -41.10980606 -19.50000000
v 30.27499962 -40.06061172 -17.25000000
v 30.27499962 -39.42243195 -17.25000000
v 30.27499962 -38.37324142 -19.50000000
v 30.27499962 -47.39299011 -19.50000000
v 30.27499962 -46.34379959 -17.25000000
v 30.27499962 -45.70561600 -17.25000000
v 30.27499962 -44.65642548 -19.50000000
v 30.27499962 -53.67617416 -19.50000000
v 30.27499962 -52.62698364 -17.25000000
v 30.27499962 -51.98880386 -17.25000000
v 30.27499962 -50.93960953 -19.50000000
v 30.27499962 -55.13039398 -17.25000000
v 30.27499962 -54.08120346 -19.50000000
v 30.27499962 -50.53458405 -19.50000000
v 30.27499962 -49.48538971 -17.25000000
v 30.27499962 -48.84720993 -17.25000000
v 30.27499962 -47.79801941 -19.50000000
v 30.27499962 -44.25139618 -19.50000000
v 30.27499962 -43.20220566 -17.25000000
v 30.27499962 -42.56402588 -17.25000000
v 30.27499962 -41.51483154 -19.50000000
v 30.27499962 -37.98133087 -19.50000000
v 30.27499962 -35.24476242 -19.50000000
v 30.27499962 -34.83973694 -19.50000000
v 30.27499962 -36.29395676 -17.25000000
v 30.27499962 -36.93213654 -17.25000000
v 30.27499962 -32.10317230 -19.50000000
v 30.27499962 -31.69814301 -19.50000000
v 30.27499962 -33.15236282 -17.25000000
v 30.27499962 -33.79054260 -17.25000000
v 30.27499962 -28.96157837 -19.50000000
v 30.27499962 -28.55655098 -19.50000000
v 30.27499962 -30.64895058 -17.25000000
v 30.27499962 -30.01077080 -17.25000000
v 30.27499962 -25.81998634 -19.50000000
v 30.27499962 -25.41495895 -19.50000000
v 30.27499962 -26.86917686 -17.25000000
v 30.27499962 -27.50735855 -17.25000000
v 30.27499962 -22.67839241 -19.50000000
v 30.27499962 -22.27336502 -19.50000000
v 30.27499962 -24.36576653 -17.25000000
v 30.27499962 -23.72758484 -17.25000000
v 30.27499962 -19.53680038 -19.50000000
v 30.27499962 -19.13177299 -19.50000000
v 30.27499962 -20.58599281 -17.25000000
v 30.27499962 -21.22417259 -17.25000000
v 30.27499962 -16.39520836 -19.50000000
v 30.27499962 -15.99018002 -19.50000000
v 30.27499962 -17.44439888 -17.25000000
v 30.27499962 -18.08258057 -17.25000000
v 30.27499962 -13.25361538 -19.50000000
v 30.27499962 -12.84858799 -19.50000000
v 30.27499962 -14.30280685 -17.25000000
v 30.27499962 -14.94098854 -17.25000000
v 30.27499962 -10.11202240 -19.50000000
v 30.27499962 -9.70699501 -19.50000000
v 30.27499962 -11.16121483 -17.25000000
v 30.27499962 -11.79939556 -17.25000000
v 30.27499962 -6.97042942 -19.50000000
v 30.27499962 -8.01962185 -17.25000000
v 30.27499962 -8.65780258 -17.25000000
v 30.27499962 -4.87802935 -17.25000000
v 30.27499962 -5.51621008 -17.25000000
v 30.27499962 -6.56540251 -19.50000000
v 30.27499962 -3.82883692 -19.50000000
v 30.27499962 -1.73643661 -17.25000000
v 30.27499962 -2.37461758 -17.25000000
v 30.27499962 -3.42380977 -19.50000000
v 30.27499962 -0.68724436 -19.50000000
v 30.27499962 1.40515614 -17.25000000
v 30.27499962 0.76697510 -17.25000000
v 30.27499962 -0.28221714 -19.50000000
v 30.27499962 2.45434833 -19.50000000
v 30.27499962 4.54674864 -17.25000000
v 30.27499962 3.90856767 -17.25000000
v 30.27499962 2.85937548 -19.50000000
v 30.27499962 5.59594107 -19.50000000
v 30.27499962 7.68834162 -17.25000000
v 30.27499962 6.00096798 -19.50000000
v 30.27499962 8.73753357 -19.50000000
v 30.27499962 7.05016041 -17.25000000
v 30.27499962 10.82993412 -17.25000000
v 30.27499962 9.14256096 -19.50000000
v 30.27499962 11.87912655 -19.50000000
v 30.27499962 10.19175339 -17.25000000
v 30.27499962 13.97152710 -17.25000000
v 30.27499962 12.28415394 -19.50000000
v 30.27499962 15.02071857 -19.50000000
v 30.27499962 13.33334541 -17.25000000
v 30.27499962 16.47493744 -17.25000000
v 30.27499962 15.42574596 -19.50000000
v 30.27499962 18.16231155 -19.50000000
v 30.27499962 17.11311913 -17.25000000
v 30.27499962 20.25471115 -17.25000000
v 30.27499962 18.56733894 -19.50000000
v 30.27499962 21.30390358 -19.50000000
v 30.27499962 19.61653137 -17.25000000
v 30.27499962 23.39630508 -17.25000000
v 30.27499962 22.75812340 -17.25000000
v 30.27499962 21.70893097 -19.50000000
v 30.27499962 24.44549751 -19.50000000
v 30.27499962 26.53789711 -17.25000000
v 30.27499962 25.89971542 -17.25000000
v 30.27499962 24.85052490 -19.50000000
v 30.27499962 27.58708954 -19.50000000
v 30.27499962 29.04130936 -17.25000000
v 30.27499962 27.99211693 -19.50000000
v 30.27499962 30.72868156 -19.50000000
v 30.27499962 29.67948914 -17.25000000
v 30.27499962 32.82108307 -17.25000000
v 30.27499962 32.18290329 -17.25000000
v 30.27499962 31.13370895 -19.50000000
v 30.27499962 33.87027359 -19.50000000
v 30.27499962 35.96267700 -17.25000000
v 30.27499962 35.32449341 -17.25000000
v 30.27499962 34.27530289 -19.50000000
v 30.27499962 37.01186752 -19.50000000
v 30.27499962 39.10426712 -17.25000000
v 30.27499962 38.46608734 -17.25000000
v 30.27499962 37.41689301 -19.50000000
v 30.27499962 40.15346146 -19.50000000
v 30.27499962 43.29476166 -20.01170349
v 30.27499962 40.55848694 -19.50000000
v 30.27499962 43.29476166 -19.50000000
v 30.27499962 43.29476166 -19.49937248
v 30.27499962 41.60768127 -17.25000000
v 30.27499962 42.24586105 -17.25000000
v 27.27499962 -39.07323837 -19.50000000
v 3.67366862 -58.07323837 -22.01029968
v 3.63713527 -58.07323837 -22.00578117
v 3.60042405 -58.07323837 -22.00305939
v 3.70993614 -58.07323837 -22.01660728
v 3.74585080 -58.07323837 -22.02468491
v 3.56362367 -58.07323837 -22.00214386
v 3.78132558 -58.07323837 -22.03451538
v 3.81627536 -58.07323837 -22.04607582
v 3.85061574 -58.07323837 -22.05933571
v 3.91713953 -58.07323837 -22.09082985
v 3.88426423 -58.07323837 -22.07426643
v 3.98025608 -58.07323837 -22.12869072
v 3.94916248 -58.07323837 -22.10898590
v 4.03935766 -58.07323837 -22.17255592
v 4.01034546 -58.07323837 -22.14989853
v 4.09387493 -58.07323837 -22.22200394
v 4.06722307 -58.07323837 -22.19660950
v 4.11924887 -58.07323837 -22.24867249
v 4.18710661 -58.07323837 -22.33568954
v 4.16592073 -58.07323837 -22.30558395
v 4.14328337 -58.07323837 -22.27655602
v 4.20678949 -58.07323837 -22.36679649
v 4.25636768 -58.07323837 -22.46537971
v 4.24146175 -58.07323837 -22.43172073
v 4.22492266 -58.07323837 -22.39883232
v 4.26960373 -58.07323837 -22.49972916
v 4.29094362 -58.07323837 -22.57016945
v 4.28113842 -58.07323837 -22.53468704
v 4.30527687 -58.07323837 -22.64236069
v 4.29899645 -58.07323837 -22.60608864
v 4.31243849 -58.07323837 -22.78921318
v 4.31335497 -58.07323837 -22.75241280
v 4.31246471 -58.07323837 -22.71561050
v 4.30977011 -58.07323837 -22.67889786
v 4.29889154 -58.07323837 -22.89872360
v 4.30519819 -58.07323837 -22.86245728
v 4.30971718 -58.07323837 -22.82592392
v 4.28098249 -58.07323837 -22.97011375
v 4.29081345 -58.07323837 -22.93463898
v 4.25616217 -58.07323837 -23.03940392
v 4.26942253 -58.07323837 -23.00506401
v 4.22466946 -58.07323837 -23.10592842
v 4.24123240 -58.07323837 -23.07305336
v 4.20651340 -58.07323837 -23.13795090
v 4.18680811 -58.07323837 -23.16904449
v 4.14294291 -58.07323837 -23.22814560
v 4.16560078 -58.07323837 -23.19913292
v 2.37321019 -58.07323837 -25.00171852
v -0.62571591 -58.07323837 -22.00064468
v 4.09349537 -58.07323837 -23.28266335
v 4.11888838 -58.07323837 -23.25601196
v 21.58314514 -58.07323837 -20.31181908
v 21.65525055 -58.07323837 -20.22828865
v 21.62985802 -58.07323837 -20.25494003
v 21.60580254 -58.07323837 -20.28280640
v 21.73883057 -58.07323837 -20.15624237
v 21.70980263 -58.07323837 -20.17888069
v 21.68191910 -58.07323837 -20.20291519
v 21.56193733 -58.07323837 -20.34190750
v 21.54223251 -58.07323837 -20.37300110
v 21.50751305 -58.07323837 -20.43789864
v 21.52407646 -58.07323837 -20.40502357
v 21.86496735 -58.07323837 -20.08070183
v 21.83207893 -58.07323837 -20.09724045
v 21.80004311 -58.07323837 -20.11537361
v 21.89862633 -58.07323837 -20.06579590
v 21.76893616 -58.07323837 -20.13505745
v 21.49258423 -58.07323837 -20.47154808
v 21.96793365 -58.07323837 -20.04102516
v 21.93297577 -58.07323837 -20.05256081
v 21.45793152 -58.07323837 -20.57631302
v 21.47932243 -58.07323837 -20.50588799
v 21.46776199 -58.07323837 -20.54083824
v 22.07560730 -58.07323837 -20.01688576
v 22.03933525 -58.07323837 -20.02316666
v 22.00341606 -58.07323837 -20.03121948
v 21.43902779 -58.07323837 -20.68502808
v 21.44985390 -58.07323837 -20.61222649
v 21.44354630 -58.07323837 -20.64849472
v 22.14885712 -58.07323837 -20.00969887
v 22.11214447 -58.07323837 -20.01239395
v 21.43539047 -58.07323837 -20.75853920
v 21.43630600 -58.07323837 -20.72173882
v 21.43628120 -58.07323837 -20.79534149
v 21.43897629 -58.07323837 -20.83205414
v 21.47914124 -58.07323837 -21.01122284
v 21.44346809 -58.07323837 -20.86859131
v 21.44974899 -58.07323837 -20.90486336
v 21.45780182 -58.07323837 -20.94078255
v 21.46760750 -58.07323837 -20.97626495
v 21.49237823 -58.07323837 -21.04557228
v 21.50728416 -58.07323837 -21.07923126
v 21.56163979 -58.07323837 -21.17526245
v 21.52382278 -58.07323837 -21.11211967
v 21.54195595 -58.07323837 -21.14415550
v 21.62949753 -58.07323837 -21.26227951
v 21.58282471 -58.07323837 -21.20536804
v 21.60546112 -58.07323837 -21.23439598
v 21.65487099 -58.07323837 -21.28894806
v 22.18565941 -58.07323837 -20.00880814
v 25.37320900 -58.07323837 -25.00994873
v 32.07599640 -58.07323837 -20.01234818
v 30.27499962 43.29505157 -19.50000000
v 32.47349548 43.29476166 -19.50000000
v 32.47349548 43.29476166 -20.01249123
v 59.98511124 65.40164185 4.99935627
v 59.98138046 65.25210571 4.99935627
v 59.99628830 65.55081177 4.99935627
v 60.01488876 65.69923401 4.99935627
v 60.04086304 65.84654236 4.99935627
v 60.07415009 65.99237823 4.99935627
v 60.11466217 66.13637543 4.99935627
v 60.16230392 66.27816772 4.99935627
v 60.21695328 66.41741180 4.99935627
v 60.27847672 66.55375671 4.99935627
v 60.34671783 66.68686676 4.99935627
v 60.42150879 66.81641388 4.99935627
v 60.50266647 66.94207001 4.99935627
v 60.58998489 67.06352234 4.99935627
v 60.68325043 67.18046570 4.99935627
v 60.78222656 67.29262543 4.99935627
v 60.88667297 67.39970398 4.99935627
v 60.99632645 67.50144958 4.99935627
v 61.11091232 67.59760284 4.99935627
v 61.23015213 67.68791962 4.99935627
v 61.35374451 67.77218628 4.99935627
v 61.48138046 67.85018158 4.99935627
v 61.61275101 67.92172241 4.99935627
v 61.74752045 67.98662567 4.99935627
v 61.88536072 68.04473114 4.99935627
v 62.02592087 68.09588623 4.99935627
v 62.16886139 68.13997650 4.99935627
v 62.31381989 68.17688751 4.99935627
v 62.46043777 68.20652771 4.99935627
v 62.60835266 68.22882080 4.99935627
v 62.75719070 68.24372101 4.99935627
v 62.90658951 68.25117493 4.99935627
v 63.05617523 68.25117493 4.99935627
v 63.20557404 68.24372101 4.99935627
v 63.35441208 68.22882080 4.99935627
v 63.50232697 68.20652771 4.99935627
v 63.64894485 68.17688751 4.99935627
v 63.79390335 68.13997650 4.99935627
v 63.93684387 68.09588623 4.99935627
v 64.07740784 68.04473114 4.99935627
v 64.21524048 67.98662567 4.99935627
v 64.35001373 67.92172241 4.99935627
v 64.48138428 67.85018158 4.99935627
v 64.60902405 67.77218628 4.99935627
v 64.73261261 67.68791962 4.99935627
v 64.85185242 67.59760284 4.99935627
v 64.96643829 67.50144958 4.99935627
v 65.07609558 67.39970398 4.99935627
v 65.18053436 67.29262543 4.99935627
v 65.27951813 67.18046570 4.99935627
v 65.37277985 67.06352234 4.99935627
v 65.46009827 66.94207001 4.99935627
v 65.54125214 66.81641388 4.99935627
v 65.61604309 66.68686676 4.99935627
v 65.68428802 66.55375671 4.99935627
v 65.74581146 66.41741180 4.99935627
v 65.80046082 66.27816772 4.99935627
v 65.84809875 66.13637543 4.99935627
v 65.88861084 65.99237823 4.99935627
v 65.92189789 65.84654236 4.99935627
v 65.94787598 65.69923401 4.99935627
v 65.96647644 65.55081177 4.99935627
v 65.97765350 65.40164185 4.99935627
v 65.98138428 65.25210571 4.99935627
v 65.97765350 65.10256958 4.99935627
v 65.96647644 64.95339966 4.99935627
v 65.94787598 64.80497742 4.99935627
v 65.92189789 64.65766907 4.99935627
v 65.88861084 64.51183319 4.99935627
v 65.84809875 64.36784363 4.99935627
v 65.80046082 64.22604370 4.99935627
v 65.74581146 64.08679962 4.99935627
v 65.68428802 63.95045471 4.99935627
v 65.61604309 63.81734467 4.99935627
v 65.54125214 63.68780136 4.99935627
v 65.46009827 63.56214523 4.99935627
v 65.37277985 63.44069290 4.99935627
v 65.27951813 63.32374191 4.99935627
v 65.18053436 63.21158981 4.99935627
v 65.07609558 63.10450745 4.99935627
v 64.96643829 63.00276184 4.99935627
v 64.85185242 62.90661240 4.99935627
v 64.73261261 62.81629181 4.99935627
v 64.60902405 62.73202896 4.99935627
v 64.48138428 62.65402985 4.99935627
v 64.35001373 62.58249283 4.99935627
v 64.21524048 62.51758957 4.99935627
v 64.07740784 62.45948410 4.99935627
v 63.93684387 62.40832520 4.99935627
v 63.79390335 62.36423492 4.99935627
v 63.64894485 62.32732391 4.99935627
v 63.50232697 62.29768372 4.99935627
v 63.35441208 62.27539062 4.99935627
v 63.20557404 62.26049423 4.99935627
v 63.05617523 62.25304031 4.99935627
v 62.90658951 62.25304031 4.99935627
v 62.75719070 62.26049423 4.99935627
v 62.60835266 62.27539062 4.99935627
v 62.46043777 62.29768372 4.99935627
v 62.31381989 62.32732391 4.99935627
v 62.16886139 62.36423492 4.99935627
v 62.02592087 62.40832520 4.99935627
v 61.88536072 62.45948410 4.99935627
v 61.74752045 62.51758957 4.99935627
v 61.61275101 62.58249283 4.99935627
v 61.48138046 62.65402985 4.99935627
v 61.35374451 62.73202896 4.99935627
v 61.23015213 62.81629181 4.99935627
v 61.11091232 62.90661240 4.99935627
v 60.99632645 63.00276184 4.99935627
v 60.88667297 63.10450745 4.99935627
v 60.78222656 63.21158981 4.99935627
v 60.68325043 63.32374191 4.99935627
v 60.58998489 63.44069290 4.99935627
v 60.50266647 63.56214523 4.99935627
v 60.42150879 63.68780136 4.99935627
v 60.34671783 63.81734467 4.99935627
v 60.27847672 63.95045471 4.99935627
v 60.21695328 64.08679962 4.99935627
v 60.16230392 64.22604370 4.99935627
v 60.11466217 64.36784363 4.99935627
v 60.07415009 64.51183319 4.99935627
v 60.04086304 64.65766907 4.99935627
v 60.01488876 64.80497742 4.99935627
v 59.99628830 64.95339966 4.99935627
v 59.98511124 65.10256958 4.99935627
v 61.93402863 64.17830658 4.99935627
v 61.88180542 64.23184967 4.99935627
v 61.98885345 64.12743378 4.99935627
v 61.83231354 64.28792572 4.99935627
v 62.04614639 64.07936096 4.99935627
v 61.78568268 64.34639740 4.99935627
v 62.10576630 64.03420258 4.99935627
v 61.74202347 64.40712738 4.99935627
v 62.16756439 63.99206924 4.99935627
v 61.70144653 64.46995544 4.99935627
v 62.23138046 63.95306778 4.99935627
v 61.66405106 64.53472900 4.99935627
v 62.29706573 63.91729736 4.99935627
v 61.62992859 64.60128021 4.99935627
v 62.36445236 63.88484955 4.99935627
v 61.59916687 64.66945648 4.99935627
v 62.43336868 63.85579681 4.99935627
v 61.57184219 64.73907471 4.99935627
v 62.50365067 63.83021545 4.99935627
v 61.54802322 64.80997467 4.99935627
v 62.57512283 63.80817032 4.99935627
v 61.52776718 64.88197327 4.99935627
v 62.64760208 63.78971481 4.99935627
v 61.51112366 64.95488739 4.99935627
v 62.72090912 63.77489471 4.99935627
v 61.49813461 65.02854156 4.99935627
v 62.79486465 63.76374817 4.99935627
v 61.48883438 65.10275269 4.99935627
v 62.86928558 63.75630188 4.99935627
v 61.48324585 65.17733765 4.99935627
v 62.94398499 63.75257111 4.99935627
v 61.48138046 65.25210571 4.99935627
v 63.01877975 63.75257111 4.99935627
v 61.48324585 65.32687378 4.99935627
v 63.09347534 63.75630188 4.99935627
v 61.48883438 65.40145874 4.99935627
v 63.16789627 63.76374817 4.99935627
v 61.49813461 65.47566986 4.99935627
v 63.24185562 63.77489471 4.99935627
v 61.51112366 65.54932404 4.99935627
v 63.31516266 63.78971481 4.99935627
v 61.52776718 65.62224579 4.99935627
v 63.38764191 63.80817032 4.99935627
v 61.54802322 65.69423676 4.99935627
v 63.45911026 63.83021545 4.99935627
v 61.57184219 65.76513672 4.99935627
v 63.52939224 63.85579681 4.99935627
v 61.59916687 65.83475494 4.99935627
v 63.59831238 63.88484955 4.99935627
v 61.62992859 65.90293121 4.99935627
v 63.66569901 63.91729736 4.99935627
v 61.66405106 65.96949005 4.99935627
v 63.73138046 63.95306778 4.99935627
v 61.70144653 66.03425598 4.99935627
v 63.79520035 63.99206924 4.99935627
v 61.74202347 66.09708405 4.99935627
v 63.85699844 64.03420258 4.99935627
v 61.78568268 66.15781403 4.99935627
v 63.91661835 64.07936096 4.99935627
v 61.83231354 66.21628571 4.99935627
v 63.97391129 64.12743378 4.99935627
v 61.88180542 66.27236938 4.99935627
v 64.02873993 64.17830658 4.99935627
v 61.93402863 66.32590485 4.99935627
v 64.08096313 64.23184967 4.99935627
v 61.98885345 66.37677765 4.99935627
v 62.04614639 66.42485046 4.99935627
v 64.13044739 64.28792572 4.99935627
v 64.17707825 64.34639740 4.99935627
v 62.10576630 66.47001648 4.99935627
v 62.16756439 66.51214600 4.99935627
v 64.22074127 64.40712738 4.99935627
v 62.23138046 66.55114746 4.99935627
v 64.26132202 64.46995544 4.99935627
v 64.29871368 64.53472900 4.99935627
v 62.29706573 66.58691406 4.99935627
v 62.36445236 66.61936188 4.99935627
v 64.33283234 64.60128021 4.99935627
v 64.36359406 64.66945648 4.99935627
v 62.43336868 66.64841461 4.99935627
v 64.39092255 64.73907471 4.99935627
v 62.50365067 66.67399597 4.99935627
v 64.41474152 64.80997467 4.99935627
v 62.57512283 66.69604492 4.99935627
v 64.43499756 64.88197327 4.99935627
v 62.64760208 66.71450043 4.99935627
v 64.45163727 64.95488739 4.99935627
v 62.72090912 66.72931671 4.99935627
v 62.79486465 66.74046326 4.99935627
v 64.46463013 65.02854156 4.99935627
v 62.86928558 66.74790955 4.99935627
v 64.47393036 65.10275269 4.99935627
v 62.94398499 66.75164032 4.99935627
v 64.47951508 65.17733765 4.99935627
v 63.01877975 66.75164032 4.99935627
v 64.48138428 65.25210571 4.99935627
v 63.09347534 66.74790955 4.99935627
v 64.47951508 65.32687378 4.99935627
v 64.47393036 65.40145874 4.99935627
v 63.16789627 66.74046326 4.99935627
v 63.24185562 66.72931671 4.99935627
v 64.46463013 65.47566986 4.99935627
v 63.31516266 66.71450043 4.99935627
v 64.45163727 65.54932404 4.99935627
v 64.43499756 65.62224579 4.99935627
v 63.38764191 66.69604492 4.99935627
v 63.45911026 66.67399597 4.99935627
v 64.41474152 65.69423676 4.99935627
v 63.52939224 66.64841461 4.99935627
v 64.39092255 65.76513672 4.99935627
v 64.36359406 65.83475494 4.99935627
v 63.59831238 66.61936188 4.99935627
v 64.33283234 65.90293121 4.99935627
v 63.66569901 66.58691406 4.99935627
v 64.29871368 65.96949005 4.99935627
v 63.73138046 66.55114746 4.99935627
v 63.79520035 66.51214600 4.99935627
v 64.26132202 66.03425598 4.99935627
v 64.22074127 66.09708405 4.99935627
v 63.85699844 66.47001648 4.99935627
v 63.91661835 66.42485046 4.99935627
v 64.17707825 66.15781403 4.99935627
v 64.13044739 66.21628571 4.99935627
v 63.97391129 66.37677765 4.99935627
v 64.02873993 66.32590485 4.99935627
v 64.08096313 66.27236938 4.99935627
v 37.27722549 45.58280182 4.99935627
v 37.27349472 45.43326187 4.99935627
v 37.28840256 45.73196793 4.99935627
v 37.30700302 45.88039017 4.99935627
v 37.33297729 46.02770233 4.99935627
v 37.36626434 46.17353439 4.99935627
v 37.40677643 46.31752777 4.99935627
v 37.45441818 46.45932388 4.99935627
v 37.50906754 46.59856796 4.99935627
v 37.57058716 46.73491669 4.99935627
v 37.63882828 46.86802673 4.99935627
v 37.71362305 46.99757004 4.99935627
v 37.79477692 47.12322235 4.99935627
v 37.88209915 47.24467850 4.99935627
v 37.97536087 47.36162567 4.99935627
v 38.07434082 47.47378159 4.99935627
v 38.17878342 47.58086395 4.99935627
v 38.28843689 47.68260574 4.99935627
v 38.40302658 47.77875900 4.99935627
v 38.52226257 47.86907959 4.99935627
v 38.64585495 47.95334244 4.99935627
v 38.77349472 48.03134155 4.99935627
v 38.90486145 48.10287857 4.99935627
v 39.03963470 48.16778183 4.99935627
v 39.17747116 48.22588348 4.99935627
v 39.31803513 48.27704620 4.99935627
v 39.46097183 48.32113647 4.99935627
v 39.60593033 48.35804749 4.99935627
v 39.75255203 48.38768768 4.99935627
v 39.90046310 48.40998077 4.99935627
v 40.04930496 48.42487335 4.99935627
v 40.19870377 48.43233109 4.99935627
v 40.34828568 48.43233109 4.99935627
v 40.49768448 48.42487335 4.99935627
v 40.64652634 48.40998077 4.99935627
v 40.79444122 48.38768768 4.99935627
v 40.94105911 48.35804749 4.99935627
v 41.08601761 48.32113647 4.99935627
v 41.22895432 48.27704620 4.99935627
v 41.36951828 48.22588348 4.99935627
v 41.50735474 48.16778183 4.99935627
v 41.64212799 48.10287857 4.99935627
v 41.77349472 48.03134155 4.99935627
v 41.90113449 47.95334244 4.99935627
v 42.02472687 47.86907959 4.99935627
v 42.14396286 47.77875900 4.99935627
v 42.25855255 47.68260574 4.99935627
v 42.36820602 47.58086395 4.99935627
v 42.47264862 47.47378159 4.99935627
v 42.57162857 47.36162567 4.99935627
v 42.66489410 47.24467850 4.99935627
v 42.75221252 47.12322235 4.99935627
v 42.83336639 46.99757004 4.99935627
v 42.90816116 46.86802673 4.99935627
v 42.97640228 46.73491669 4.99935627
v 43.03792191 46.59856796 4.99935627
v 43.09257126 46.45932388 4.99935627
v 43.14021301 46.31752777 4.99935627
v 43.18072510 46.17353439 4.99935627
v 43.21401215 46.02770233 4.99935627
v 43.23998642 45.88039017 4.99935627
v 43.25858688 45.73196793 4.99935627
v 43.26976395 45.58280182 4.99935627
v 43.27349472 45.43326187 4.99935627
v 43.26976395 45.28372574 4.99935627
v 43.25858688 45.13455963 4.99935627
v 43.23998642 44.98613739 4.99935627
v 43.21401215 44.83882523 4.99935627
v 43.18072510 44.69299316 4.99935627
v 43.14021301 44.54899979 4.99935627
v 43.09257126 44.40720367 4.99935627
v 43.03792191 44.26795959 4.99935627
v 42.97640228 44.13161087 4.99935627
v 42.90816116 43.99850082 4.99935627
v 42.83336639 43.86895752 4.99935627
v 42.75221252 43.74330521 4.99935627
v 42.66489410 43.62184906 4.99935627
v 42.57162857 43.50490189 4.99935627
v 42.47264862 43.39274597 4.99935627
v 42.36820602 43.28566360 4.99935627
v 42.25855255 43.18392181 4.99935627
v 42.14396286 43.08776855 4.99935627
v 42.02472687 42.99744797 4.99935627
v 41.90113449 42.91318512 4.99935627
v 41.77349472 42.83518600 4.99935627
v 41.64212799 42.76364899 4.99935627
v 41.50735474 42.69874573 4.99935627
v 41.36951828 42.64064407 4.99935627
v 41.22895432 42.58948135 4.99935627
v 41.08601761 42.54539108 4.99935627
v 40.94105911 42.50848007 4.99935627
v 40.79444122 42.47883987 4.99935627
v 40.64652634 42.45654678 4.99935627
v 40.49768448 42.44165421 4.99935627
v 40.34828568 42.43419647 4.99935627
v 40.19870377 42.43419647 4.99935627
v 40.04930496 42.44165421 4.99935627
v 39.90046310 42.45654678 4.99935627
v 39.75255203 42.47883987 4.99935627
v 39.60593033 42.50848007 4.99935627
v 39.46097183 42.54539108 4.99935627
v 39.31803513 42.58948135 4.99935627
v 39.17747116 42.64064407 4.99935627
v 39.03963470 42.69874573 4.99935627
v 38.90486145 42.76364899 4.99935627
v 38.77349472 42.83518600 4.99935627
v 38.64585495 42.91318512 4.99935627
v 38.52226257 42.99744797 4.99935627
v 38.40302658 43.08776855 4.99935627
v 38.28843689 43.18392181 4.99935627
v 38.17878342 43.28566360 4.99935627
v 38.07434082 43.39274597 4.99935627
v 37.97536087 43.50490189 4.99935627
v 37.88209915 43.62184906 4.99935627
v 37.79477692 43.74330521 4.99935627
v 37.71362305 43.86895752 4.99935627
v 37.63882828 43.99850082 4.99935627
v 37.57058716 44.13161087 4.99935627
v 37.50906754 44.26795959 4.99935627
v 37.45441818 44.40720367 4.99935627
v 37.40677643 44.54899979 4.99935627
v 37.36626434 44.69299316 4.99935627
v 37.33297729 44.83882523 4.99935627
v 37.30700302 44.98613739 4.99935627
v 37.28840256 45.13455963 4.99935627
v 37.27722549 45.28372574 4.99935627
v 39.22613907 44.35946274 4.99935627
v 39.17391586 44.41300583 4.99935627
v 39.28096771 44.30859375 4.99935627
v 39.12442780 44.46908188 4.99935627
v 39.33826065 44.26051712 4.99935627
v 39.07779694 44.52755737 4.99935627
v 39.39788055 44.21535492 4.99935627
v 39.03413773 44.58828354 4.99935627
v 39.45967484 44.17322540 4.99935627
v 38.99355698 44.65111160 4.99935627
v 39.52349472 44.13422394 4.99935627
v 38.95616150 44.71588135 4.99935627
v 39.58917999 44.09845734 4.99935627
v 38.92204285 44.78243637 4.99935627
v 39.65656281 44.06600571 4.99935627
v 38.89128113 44.85061264 4.99935627
v 39.72548294 44.03695297 4.99935627
v 38.86395645 44.92023468 4.99935627
v 39.79576492 44.01137161 4.99935627
v 38.84013748 44.99113083 4.99935627
v 39.86723328 43.98932648 4.99935627
v 38.81987762 45.06312943 4.99935627
v 39.93971252 43.97087097 4.99935627
v 38.80323792 45.13604355 4.99935627
v 40.01302338 43.95605087 4.99935627
v 38.79024887 45.20970154 4.99935627
v 40.08697891 43.94490433 4.99935627
v 38.78094864 45.28391266 4.99935627
v 40.16139984 43.93745804 4.99935627
v 38.77536011 45.35849380 4.99935627
v 40.23609924 43.93373108 4.99935627
v 38.77349472 45.43326187 4.99935627
v 40.31089020 43.93373108 4.99935627
v 38.77536011 45.50803375 4.99935627
v 40.38558960 43.93745804 4.99935627
v 38.78094864 45.58261490 4.99935627
v 40.46001053 43.94490433 4.99935627
v 38.79024887 45.65682602 4.99935627
v 40.53396606 43.95605087 4.99935627
v 38.80323792 45.73048401 4.99935627
v 40.60727692 43.97087097 4.99935627
v 38.81987762 45.80339813 4.99935627
v 40.67975616 43.98932648 4.99935627
v 38.84013748 45.87539673 4.99935627
v 40.75122452 44.01137161 4.99935627
v 38.86395645 45.94629288 4.99935627
v 40.82150650 44.03695297 4.99935627
v 38.89128113 46.01591492 4.99935627
v 40.89042664 44.06600571 4.99935627
v 38.92204285 46.08409119 4.99935627
v 40.95780945 44.09845734 4.99935627
v 38.95616150 46.15064621 4.99935627
v 41.02349472 44.13422394 4.99935627
v 38.99355698 46.21541595 4.99935627
v 41.08731461 44.17322540 4.99935627
v 39.03413773 46.27824402 4.99935627
v 41.14910889 44.21535492 4.99935627
v 39.07779694 46.33897018 4.99935627
v 41.20872879 44.26051712 4.99935627
v 39.12442780 46.39744568 4.99935627
v 41.26602173 44.30859375 4.99935627
v 39.17391586 46.45352173 4.99935627
v 41.32085037 44.35946274 4.99935627
v 39.22613907 46.50706482 4.99935627
v 39.28096771 46.55793381 4.99935627
v 41.37307358 44.41300583 4.99935627
v 39.33826065 46.60601044 4.99935627
v 41.42256165 44.46908188 4.99935627
v 39.39788055 46.65117264 4.99935627
v 41.46919250 44.52755737 4.99935627
v 39.45967484 46.69330215 4.99935627
v 41.51285172 44.58828354 4.99935627
v 41.55343246 44.65111160 4.99935627
v 39.52349472 46.73230362 4.99935627
v 39.58917999 46.76807022 4.99935627
v 41.59082794 44.71588135 4.99935627
v 39.65656281 46.80052185 4.99935627
v 41.62494659 44.78243637 4.99935627
v 41.65570831 44.85061264 4.99935627
v 39.72548294 46.82957458 4.99935627
v 39.79576492 46.85515594 4.99935627
v 41.68303299 44.92023468 4.99935627
v 39.86723328 46.87720108 4.99935627
v 41.70685577 44.99113083 4.99935627
v 39.93971252 46.89565659 4.99935627
v 41.72711182 45.06312943 4.99935627
v 40.01302338 46.91047668 4.99935627
v 41.74375534 45.13604355 4.99935627
v 40.08697891 46.92162323 4.99935627
v 41.75674057 45.20970154 4.99935627
v 41.76604080 45.28391266 4.99935627
v 40.16139984 46.92906952 4.99935627
v 40.23609924 46.93279648 4.99935627
v 41.77162933 45.35849380 4.99935627
v 40.31089020 46.93279648 4.99935627
v 41.77349472 45.43326187 4.99935627
v 41.77162933 45.50803375 4.99935627
v 40.38558960 46.92906952 4.99935627
v 40.46001053 46.92162323 4.99935627
v 41.76604080 45.58261490 4.99935627
v 40.53396606 46.91047668 4.99935627
v 41.75674057 45.65682602 4.99935627
v 41.74375534 45.73048401 4.99935627
v 40.60727692 46.89565659 4.99935627
v 41.72711182 45.80339813 4.99935627
v 40.67975616 46.87720108 4.99935627
v 41.70685577 45.87539673 4.99935627
v 40.75122452 46.85515594 4.99935627
v 41.68303299 45.94629288 4.99935627
v 40.82150650 46.82957458 4.99935627
v 41.65570831 46.01591492 4.99935627
v 40.89042664 46.80052185 4.99935627
v 40.95780945 46.76807022 4.99935627
v 41.62494659 46.08409119 4.99935627
v 41.59082794 46.15064621 4.99935627
v 41.02349472 46.73230362 4.99935627
v 41.08731461 46.69330215 4.99935627
v 41.55343246 46.21541595 4.99935627
v 41.51285172 46.27824402 4.99935627
v 41.14910889 46.65117264 4.99935627
v 41.20872879 46.60601044 4.99935627
v 41.46919250 46.33897018 4.99935627
v 41.42256165 46.39744568 4.99935627
v 41.26602173 46.55793381 4.99935627
v 41.32085037 46.50706482 4.99935627
v 41.37307358 46.45352173 4.99935627
v 65.97765350 65.40164185 -25.00064468
v 65.98138428 65.25210571 -25.00064468
v 65.96647644 65.55081177 -25.00064468
v 65.94787598 65.69923401 -25.00064468
v 65.92189789 65.84654236 -25.00064468
v 65.88861084 65.99237823 -25.00064468
v 65.84809875 66.13637543 -25.00064468
v 65.80046082 66.27816772 -25.00064468
v 65.74581146 66.41741180 -25.00064468
v 65.68428802 66.55375671 -25.00064468
v 65.61604309 66.68686676 -25.00064468
v 65.54125214 66.81641388 -25.00064468
v 65.46009827 66.94207001 -25.00064468
v 65.37277985 67.06352234 -25.00064468
v 65.27951813 67.18046570 -25.00064468
v 65.18053436 67.29262543 -25.00064468
v 65.07609558 67.39970398 -25.00064468
v 64.96643829 67.50144958 -25.00064468
v 64.85185242 67.59760284 -25.00064468
v 64.73261261 67.68791962 -25.00064468
v 64.60902405 67.77218628 -25.00064468
v 64.48138428 67.85018158 -25.00064468
v 64.35001373 67.92172241 -25.00064468
v 64.21524048 67.98662567 -25.00064468
v 64.07740784 68.04473114 -25.00064468
v 63.93684387 68.09588623 -25.00064468
v 63.79390335 68.13997650 -25.00064468
v 63.64894485 68.17688751 -25.00064468
v 63.50232697 68.20652771 -25.00064468
v 63.35441208 68.22882080 -25.00064468
v 63.20557404 68.24372101 -25.00064468
v 63.05617523 68.25117493 -25.00064468
v 62.90658951 68.25117493 -25.00064468
v 62.75719070 68.24372101 -25.00064468
v 62.60835266 68.22882080 -25.00064468
v 62.46043777 68.20652771 -25.00064468
v 62.31381989 68.17688751 -25.00064468
v 62.16886139 68.13997650 -25.00064468
v 62.02592087 68.09588623 -25.00064468
v 61.88536072 68.04473114 -25.00064468
v 61.74752045 67.98662567 -25.00064468
v 61.61275101 67.92172241 -25.00064468
v 61.48138046 67.85018158 -25.00064468
v 61.35374451 67.77218628 -25.00064468
v 61.23015213 67.68791962 -25.00064468
v 61.11091232 67.59760284 -25.00064468
v 60.99632645 67.50144958 -25.00064468
v 60.88667297 67.39970398 -25.00064468
v 60.78222656 67.29262543 -25.00064468
v 60.68325043 67.18046570 -25.00064468
v 60.58998489 67.06352234 -25.00064468
v 60.50266647 66.94207001 -25.00064468
v 60.42150879 66.81641388 -25.00064468
v 60.34671783 66.68686676 -25.00064468
v 60.27847672 66.55375671 -25.00064468
v 60.21695328 66.41741180 -25.00064468
v 60.16230392 66.27816772 -25.00064468
v 60.11466217 66.13637543 -25.00064468
v 60.07415009 65.99237823 -25.00064468
v 60.04086304 65.84654236 -25.00064468
v 60.01488876 65.69923401 -25.00064468
v 59.99628830 65.55081177 -25.00064468
v 59.98511124 65.40164185 -25.00064468
v 59.98138046 65.25210571 -25.00064468
v 59.98511124 65.10256958 -25.00064468
v 59.99628830 64.95339966 -25.00064468
v 60.01488876 64.80497742 -25.00064468
v 60.04086304 64.65766907 -25.00064468
v 60.07415009 64.51183319 -25.00064468
v 60.11466217 64.36784363 -25.00064468
v 60.16230392 64.22604370 -25.00064468
v 60.21695328 64.08679962 -25.00064468
v 60.27847672 63.95045471 -25.00064468
v 60.34671783 63.81734467 -25.00064468
v 60.42150879 63.68780136 -25.00064468
v 60.50266647 63.56214523 -25.00064468
v 60.58998489 63.44069290 -25.00064468
v 60.68325043 63.32374191 -25.00064468
v 60.78222656 63.21158981 -25.00064468
v 60.88667297 63.10450745 -25.00064468
v 60.99632645 63.00276184 -25.00064468
v 61.11091232 62.90661240 -25.00064468
v 61.23015213 62.81629181 -25.00064468
v 61.35374451 62.73202896 -25.00064468
v 61.48138046 62.65402985 -25.00064468
v 61.61275101 62.58249283 -25.00064468
v 61.74752045 62.51758957 -25.00064468
v 61.88536072 62.45948410 -25.00064468
v 62.02592087 62.40832520 -25.00064468
v 62.16886139 62.36423492 -25.00064468
v 62.31381989 62.32732391 -25.00064468
v 62.46043777 62.29768372 -25.00064468
v 62.60835266 62.27539062 -25.00064468
v 62.75719070 62.26049423 -25.00064468
v 62.90658951 62.25304031 -25.00064468
v 63.05617523 62.25304031 -25.00064468
v 63.20557404 62.26049423 -25.00064468
v 63.35441208 62.27539062 -25.00064468
v 63.50232697 62.29768372 -25.00064468
v 63.64894485 62.32732391 -25.00064468
v 63.79390335 62.36423492 -25.00064468
v 63.93684387 62.40832520 -25.00064468
v 64.07740784 62.45948410 -25.00064468
v 64.21524048 62.51758957 -25.00064468
v 64.35001373 62.58249283 -25.00064468
v 64.48138428 62.65402985 -25.00064468
v 64.60902405 62.73202896 -25.00064468
v 64.73261261 62.81629181 -25.00064468
v 64.85185242 62.90661240 -25.00064468
v 64.96643829 63.00276184 -25.00064468
v 65.07609558 63.10450745 -25.00064468
v 65.18053436 63.21158981 -25.00064468
v 65.27951813 63.32374191 -25.00064468
v 65.37277985 63.44069290 -25.00064468
v 65.46009827 63.56214523 -25.00064468
v 65.54125214 63.68780136 -25.00064468
v 65.61604309 63.81734467 -25.00064468
v 65.68428802 63.95045471 -25.00064468
v 65.74581146 64.08679962 -25.00064468
v 65.80046082 64.22604370 -25.00064468
v 65.84809875 64.36784363 -25.00064468
v 65.88861084 64.51183319 -25.00064468
v 65.92189789 64.65766907 -25.00064468
v 65.94787598 64.80497742 -25.00064468
v 65.96647644 64.95339966 -25.00064468
v 65.97765350 65.10256958 -25.00064468
v 64.02873993 64.17830658 -25.00064468
v 64.08096313 64.23184967 -25.00064468
v 63.97391129 64.12743378 -25.00064468
v 64.13044739 64.28792572 -25.00064468
v 63.91661835 64.07936096 -25.00064468
v 64.17707825 64.34639740 -25.00064468
v 63.85699844 64.03420258 -25.00064468
v 64.22074127 64.40712738 -25.00064468
v 63.79520035 63.99206924 -25.00064468
v 64.26132202 64.46995544 -25.00064468
v 63.73138046 63.95306778 -25.00064468
v 64.29871368 64.53472900 -25.00064468
v 63.66569901 63.91729736 -25.00064468
v 64.33283234 64.60128021 -25.00064468
v 63.59831238 63.88484955 -25.00064468
v 64.36359406 64.66945648 -25.00064468
v 63.52939224 63.85579681 -25.00064468
v 64.39092255 64.73907471 -25.00064468
v 63.45911026 63.83021545 -25.00064468
v 64.41474152 64.80997467 -25.00064468
v 63.38764191 63.80817032 -25.00064468
v 64.43499756 64.88197327 -25.00064468
v 63.31516266 63.78971481 -25.00064468
v 64.45163727 64.95488739 -25.00064468
v 63.24185562 63.77489471 -25.00064468
v 64.46463013 65.02854156 -25.00064468
v 63.16789627 63.76374817 -25.00064468
v 64.47393036 65.10275269 -25.00064468
v 63.09347534 63.75630188 -25.00064468
v 64.47951508 65.17733765 -25.00064468
v 63.01877975 63.75257111 -25.00064468
v 64.48138428 65.25210571 -25.00064468
v 62.94398499 63.75257111 -25.00064468
v 64.47951508 65.32687378 -25.00064468
v 62.86928558 63.75630188 -25.00064468
v 64.47393036 65.40145874 -25.00064468
v 62.79486465 63.76374817 -25.00064468
v 64.46463013 65.47566986 -25.00064468
v 62.72090912 63.77489471 -25.00064468
v 64.45163727 65.54932404 -25.00064468
v 62.64760208 63.78971481 -25.00064468
v 64.43499756 65.62224579 -25.00064468
v 62.57512283 63.80817032 -25.00064468
v 64.41474152 65.69423676 -25.00064468
v 62.50365067 63.83021545 -25.00064468
v 64.39092255 65.76513672 -25.00064468
v 62.43336868 63.85579681 -25.00064468
v 64.36359406 65.83475494 -25.00064468
v 62.36445236 63.88484955 -25.00064468
v 64.33283234 65.90293121 -25.00064468
v 62.29706573 63.91729736 -25.00064468
v 64.29871368 65.96949005 -25.00064468
v 62.23138046 63.95306778 -25.00064468
v 64.26132202 66.03425598 -25.00064468
v 62.16756439 63.99206924 -25.00064468
v 64.22074127 66.09708405 -25.00064468
v 62.10576630 64.03420258 -25.00064468
v 64.17707825 66.15781403 -25.00064468
v 62.04614639 64.07936096 -25.00064468
v 64.13044739 66.21628571 -25.00064468
v 61.98885345 64.12743378 -25.00064468
v 64.08096313 66.27236938 -25.00064468
v 61.93402863 64.17830658 -25.00064468
v 64.02873993 66.32590485 -25.00064468
v 63.97391129 66.37677765 -25.00064468
v 61.88180542 64.23184967 -25.00064468
v 61.83231354 64.28792572 -25.00064468
v 63.91661835 66.42485046 -25.00064468
v 63.85699844 66.47001648 -25.00064468
v 61.78568268 64.34639740 -25.00064468
v 63.79520035 66.51214600 -25.00064468
v 61.74202347 64.40712738 -25.00064468
v 63.73138046 66.55114746 -25.00064468
v 61.70144653 64.46995544 -25.00064468
v 61.66405106 64.53472900 -25.00064468
v 63.66569901 66.58691406 -25.00064468
v 63.59831238 66.61936188 -25.00064468
v 61.62992859 64.60128021 -25.00064468
v 63.52939224 66.64841461 -25.00064468
v 61.59916687 64.66945648 -25.00064468
v 63.45911026 66.67399597 -25.00064468
v 61.57184219 64.73907471 -25.00064468
v 61.54802322 64.80997467 -25.00064468
v 63.38764191 66.69604492 -25.00064468
v 63.31516266 66.71450043 -25.00064468
v 61.52776718 64.88197327 -25.00064468
v 63.24185562 66.72931671 -25.00064468
v 61.51112366 64.95488739 -25.00064468
v 63.16789627 66.74046326 -25.00064468
v 61.49813461 65.02854156 -25.00064468
v 61.48883438 65.10275269 -25.00064468
v 63.09347534 66.74790955 -25.00064468
v 61.48324585 65.17733765 -25.00064468
v 63.01877975 66.75164032 -25.00064468
v 61.48138046 65.25210571 -25.00064468
v 62.94398499 66.75164032 -25.00064468
v 61.48324585 65.32687378 -25.00064468
v 62.86928558 66.74790955 -25.00064468
v 61.48883438 65.40145874 -25.00064468
v 62.79486465 66.74046326 -25.00064468
v 61.49813461 65.47566986 -25.00064468
v 62.72090912 66.72931671 -25.00064468
v 61.51112366 65.54932404 -25.00064468
v 62.64760208 66.71450043 -25.00064468
v 62.57512283 66.69604492 -25.00064468
v 61.52776718 65.62224579 -25.00064468
v 61.54802322 65.69423676 -25.00064468
v 62.50365067 66.67399597 -25.00064468
v 61.57184219 65.76513672 -25.00064468
v 62.43336868 66.64841461 -25.00064468
v 61.59916687 65.83475494 -25.00064468
v 62.36445236 66.61936188 -25.00064468
v 62.29706573 66.58691406 -25.00064468
v 61.62992859 65.90293121 -25.00064468
v 61.66405106 65.96949005 -25.00064468
v 62.23138046 66.55114746 -25.00064468
v 61.70144653 66.03425598 -25.00064468
v 62.16756439 66.51214600 -25.00064468
v 62.10576630 66.47001648 -25.00064468
v 61.74202347 66.09708405 -25.00064468
v 61.78568268 66.15781403 -25.00064468
v 62.04614639 66.42485046 -25.00064468
v 61.98885345 66.37677765 -25.00064468
v 61.83231354 66.21628571 -25.00064468
v 61.88180542 66.27236938 -25.00064468
v 61.93402863 66.32590485 -25.00064468
v 43.26976395 45.58280182 -25.00064468
v 43.27349472 45.43326187 -25.00064468
v 43.25858688 45.73196793 -25.00064468
v 43.23998642 45.88039017 -25.00064468
v 43.21401215 46.02770233 -25.00064468
v 43.18072510 46.17353439 -25.00064468
v 43.14021301 46.31752777 -25.00064468
v 43.09257126 46.45932388 -25.00064468
v 43.03792191 46.59856796 -25.00064468
v 42.97640228 46.73491669 -25.00064468
v 42.90816116 46.86802673 -25.00064468
v 42.83336639 46.99757004 -25.00064468
v 42.75221252 47.12322235 -25.00064468
v 42.66489410 47.24467850 -25.00064468
v 42.57162857 47.36162567 -25.00064468
v 42.47264862 47.47378159 -25.00064468
v 42.36820602 47.58086395 -25.00064468
v 42.25855255 47.68260574 -25.00064468
v 42.14396286 47.77875900 -25.00064468
v 42.02472687 47.86907959 -25.00064468
v 41.90113449 47.95334244 -25.00064468
v 41.77349472 48.03134155 -25.00064468
v 41.64212799 48.10287857 -25.00064468
v 41.50735474 48.16778183 -25.00064468
v 41.36951828 48.22588348 -25.00064468
v 41.22895432 48.27704620 -25.00064468
v 41.08601761 48.32113647 -25.00064468
v 40.94105911 48.35804749 -25.00064468
v 40.79444122 48.38768768 -25.00064468
v 40.64652634 48.40998077 -25.00064468
v 40.49768448 48.42487335 -25.00064468
v 40.34828568 48.43233109 -25.00064468
v 40.19870377 48.43233109 -25.00064468
v 40.04930496 48.42487335 -25.00064468
v 39.90046310 48.40998077 -25.00064468
v 39.75255203 48.38768768 -25.00064468
v 39.60593033 48.35804749 -25.00064468
v 39.46097183 48.32113647 -25.00064468
v 39.31803513 48.27704620 -25.00064468
v 39.17747116 48.22588348 -25.00064468
v 39.03963470 48.16778183 -25.00064468
v 38.90486145 48.10287857 -25.00064468
v 38.77349472 48.03134155 -25.00064468
v 38.64585495 47.95334244 -25.00064468
v 38.52226257 47.86907959 -25.00064468
v 38.40302658 47.77875900 -25.00064468
v 38.28843689 47.68260574 -25.00064468
v 38.17878342 47.58086395 -25.00064468
v 38.07434082 47.47378159 -25.00064468
v 37.97536087 47.36162567 -25.00064468
v 37.88209915 47.24467850 -25.00064468
v 37.79477692 47.12322235 -25.00064468
v 37.71362305 46.99757004 -25.00064468
v 37.63882828 46.86802673 -25.00064468
v 37.57058716 46.73491669 -25.00064468
v 37.50906754 46.59856796 -25.00064468
v 37.45441818 46.45932388 -25.00064468
v 37.40677643 46.31752777 -25.00064468
v 37.36626434 46.17353439 -25.00064468
v 37.33297729 46.02770233 -25.00064468
v 37.30700302 45.88039017 -25.00064468
v 37.28840256 45.73196793 -25.00064468
v 37.27722549 45.58280182 -25.00064468
v 37.27349472 45.43326187 -25.00064468
v 37.27722549 45.28372574 -25.00064468
v 37.28840256 45.13455963 -25.00064468
v 37.30700302 44.98613739 -25.00064468
v 37.33297729 44.83882523 -25.00064468
v 37.36626434 44.69299316 -25.00064468
v 37.40677643 44.54899979 -25.00064468
v 37.45441818 44.40720367 -25.00064468
v 37.50906754 44.26795959 -25.00064468
v 37.57058716 44.13161087 -25.00064468
v 37.63882828 43.99850082 -25.00064468
v 37.71362305 43.86895752 -25.00064468
v 37.79477692 43.74330521 -25.00064468
v 37.88209915 43.62184906 -25.00064468
v 37.97536087 43.50490189 -25.00064468
v 38.07434082 43.39274597 -25.00064468
v 38.17878342 43.28566360 -25.00064468
v 38.28843689 43.18392181 -25.00064468
v 38.40302658 43.08776855 -25.00064468
v 38.52226257 42.99744797 -25.00064468
v 38.64585495 42.91318512 -25.00064468
v 38.77349472 42.83518600 -25.00064468
v 38.90486145 42.76364899 -25.00064468
v 39.03963470 42.69874573 -25.00064468
v 39.17747116 42.64064407 -25.00064468
v 39.31803513 42.58948135 -25.00064468
v 39.46097183 42.54539108 -25.00064468
v 39.60593033 42.50848007 -25.00064468
v 39.75255203 42.47883987 -25.00064468
v 39.90046310 42.45654678 -25.00064468
v 40.04930496 42.44165421 -25.00064468
v 40.19870377 42.43419647 -25.00064468
v 40.34828568 42.43419647 -25.00064468
v 40.49768448 42.44165421 -25.00064468
v 40.64652634 42.45654678 -25.00064468
v 40.79444122 42.47883987 -25.00064468
v 40.94105911 42.50848007 -25.00064468
v 41.08601761 42.54539108 -25.00064468
v 41.22895432 42.58948135 -25.00064468
v 41.36951828 42.64064407 -25.00064468
v 41.50735474 42.69874573 -25.00064468
v 41.64212799 42.76364899 -25.00064468
v 41.77349472 42.83518600 -25.00064468
v 41.90113449 42.91318512 -25.00064468
v 42.02472687 42.99744797 -25.00064468
v 42.14396286 43.08776855 -25.00064468
v 42.25855255 43.18392181 -25.00064468
v 42.36820602 43.28566360 -25.00064468
v 42.47264862 43.39274597 -25.00064468
v 42.57162857 43.50490189 -25.00064468
v 42.66489410 43.62184906 -25.00064468
v 42.75221252 43.74330521 -25.00064468
v 42.83336639 43.86895752 -25.00064468
v 42.90816116 43.99850082 -25.00064468
v 42.97640228 44.13161087 -25.00064468
v 43.03792191 44.26795959 -25.00064468
v 43.09257126 44.40720367 -25.00064468
v 43.14021301 44.54899979 -25.00064468
v 43.18072510 44.69299316 -25.00064468
v 43.21401215 44.83882523 -25.00064468
v 43.23998642 44.98613739 -25.00064468
v 43.25858688 45.13455963 -25.00064468
v 43.26976395 45.28372574 -25.00064468
v 41.32085037 44.35946274 -25.00064468
v 41.37307358 44.41300583 -25.00064468
v 41.26602173 44.30859375 -25.00064468
v 41.42256165 44.46908188 -25.00064468
v 41.20872879 44.26051712 -25.00064468
v 41.46919250 44.52755737 -25.00064468
v 41.14910889 44.21535492 -25.00064468
v 41.51285172 44.58828354 -25.00064468
v 41.08731461 44.17322540 -25.00064468
v 41.55343246 44.65111160 -25.00064468
v 41.02349472 44.13422394 -25.00064468
v 41.59082794 44.71588135 -25.00064468
v 40.95780945 44.09845734 -25.00064468
v 41.62494659 44.78243637 -25.00064468
v 40.89042664 44.06600571 -25.00064468
v 41.65570831 44.85061264 -25.00064468
v 40.82150650 44.03695297 -25.00064468
v 41.68303299 44.92023468 -25.00064468
v 40.75122452 44.01137161 -25.00064468
v 41.70685577 44.99113083 -25.00064468
v 40.67975616 43.98932648 -25.00064468
v 41.72711182 45.06312943 -25.00064468
v 40.60727692 43.97087097 -25.00064468
v 41.74375534 45.13604355 -25.00064468
v 40.53396606 43.95605087 -25.00064468
v 41.75674057 45.20970154 -25.00064468
v 40.46001053 43.94490433 -25.00064468
v 41.76604080 45.28391266 -25.00064468
v 40.38558960 43.93745804 -25.00064468
v 41.77162933 45.35849380 -25.00064468
v 40.31089020 43.93373108 -25.00064468
v 41.77349472 45.43326187 -25.00064468
v 40.23609924 43.93373108 -25.00064468
v 41.77162933 45.50803375 -25.00064468
v 40.16139984 43.93745804 -25.00064468
v 41.76604080 45.58261490 -25.00064468
v 40.08697891 43.94490433 -25.00064468
v 41.75674057 45.65682602 -25.00064468
v 40.01302338 43.95605087 -25.00064468
v 41.74375534 45.73048401 -25.00064468
v 39.93971252 43.97087097 -25.00064468
v 41.72711182 45.80339813 -25.00064468
v 39.86723328 43.98932648 -25.00064468
v 41.70685577 45.87539673 -25.00064468
v 39.79576492 44.01137161 -25.00064468
v 41.68303299 45.94629288 -25.00064468
v 39.72548294 44.03695297 -25.00064468
v 41.65570831 46.01591492 -25.00064468
v 39.65656281 44.06600571 -25.00064468
v 41.62494659 46.08409119 -25.00064468
v 39.58917999 44.09845734 -25.00064468
v 41.59082794 46.15064621 -25.00064468
v 39.52349472 44.13422394 -25.00064468
v 41.55343246 46.21541595 -25.00064468
v 39.45967484 44.17322540 -25.00064468
v 41.51285172 46.27824402 -25.00064468
v 39.39788055 44.21535492 -25.00064468
v 41.46919250 46.33897018 -25.00064468
v 39.33826065 44.26051712 -25.00064468
v 41.42256165 46.39744568 -25.00064468
v 39.28096771 44.30859375 -25.00064468
v 41.37307358 46.45352173 -25.00064468
v 39.22613907 44.35946274 -25.00064468
v 41.32085037 46.50706482 -25.00064468
v 39.17391586 44.41300583 -25.00064468
v 41.26602173 46.55793381 -25.00064468
v 41.20872879 46.60601044 -25.00064468
v 39.12442780 44.46908188 -25.00064468
v 39.07779694 44.52755737 -25.00064468
v 41.14910889 46.65117264 -25.00064468
v 39.03413773 44.58828354 -25.00064468
v 41.08731461 46.69330215 -25.00064468
v 41.02349472 46.73230362 -25.00064468
v 38.99355698 44.65111160 -25.00064468
v 38.95616150 44.71588135 -25.00064468
v 40.95780945 46.76807022 -25.00064468
v 40.89042664 46.80052185 -25.00064468
v 38.92204285 44.78243637 -25.00064468
v 38.89128113 44.85061264 -25.00064468
v 40.82150650 46.82957458 -25.00064468
v 40.75122452 46.85515594 -25.00064468
v 38.86395645 44.92023468 -25.00064468
v 38.84013748 44.99113083 -25.00064468
v 40.67975616 46.87720108 -25.00064468
v 40.60727692 46.89565659 -25.00064468
v 38.81987762 45.06312943 -25.00064468
v 40.53396606 46.91047668 -25.00064468
v 38.80323792 45.13604355 -25.00064468
v 40.46001053 46.92162323 -25.00064468
v 38.79024887 45.20970154 -25.00064468
v 38.78094864 45.28391266 -25.00064468
v 40.38558960 46.92906952 -25.00064468
v 38.77536011 45.35849380 -25.00064468
v 40.31089020 46.93279648 -25.00064468
v 40.23609924 46.93279648 -25.00064468
v 38.77349472 45.43326187 -25.00064468
v 38.77536011 45.50803375 -25.00064468
v 40.16139984 46.92906952 -25.00064468
v 40.08697891 46.92162323 -25.00064468
v 38.78094864 45.58261490 -25.00064468
v 38.79024887 45.65682602 -25.00064468
v 40.01302338 46.91047668 -25.00064468
v 39.93971252 46.89565659 -25.00064468
v 38.80323792 45.73048401 -25.00064468
v 39.86723328 46.87720108 -25.00064468
v 38.81987762 45.80339813 -25.00064468
v 38.84013748 45.87539673 -25.00064468
v 39.79576492 46.85515594 -25.00064468
v 39.72548294 46.82957458 -25.00064468
v 38.86395645 45.94629288 -25.00064468
v 38.89128113 46.01591492 -25.00064468
v 39.65656281 46.80052185 -25.00064468
v 38.92204285 46.08409119 -25.00064468
v 39.58917999 46.76807022 -25.00064468
v 39.52349472 46.73230362 -25.00064468
v 38.95616150 46.15064621 -25.00064468
v 39.45967484 46.69330215 -25.00064468
v 38.99355698 46.21541595 -25.00064468
v 39.03413773 46.27824402 -25.00064468
v 39.39788055 46.65117264 -25.00064468
v 39.07779694 46.33897018 -25.00064468
v 39.33826065 46.60601044 -25.00064468
v 39.12442780 46.39744568 -25.00064468
v 39.28096771 46.55793381 -25.00064468
v 39.17391586 46.45352173 -25.00064468
v 39.22613907 46.50706482 -25.00064468
v 32.47349548 43.28675842 -20.01249123
v 21.65487099 70.92675781 -21.28894806
v 21.62949753 70.92675781 -21.26227951
v 21.60546112 70.92675781 -21.23439598
v 21.58282471 70.92675781 -21.20536804
v 21.56163979 70.92675781 -21.17526245
v 21.54195595 70.92675781 -21.14415550
v 21.52382278 70.92675781 -21.11211967
v 21.50728416 70.92675781 -21.07923126
v 21.49237823 70.92675781 -21.04557228
v 21.47914124 70.92675781 -21.01122284
v 21.46760750 70.92675781 -20.97626495
v 21.45780182 70.92675781 -20.94078255
v 21.44974899 70.92675781 -20.90486336
v 21.44346809 70.92675781 -20.86859131
v 21.43897629 70.92675781 -20.83205414
v 21.43628120 70.92675781 -20.79534149
v 21.43539047 70.92675781 -20.75853920
v 21.43630600 70.92675781 -20.72173882
v 21.43902779 70.92675781 -20.68502808
v 21.44354630 70.92675781 -20.64849472
v 21.44985390 70.92675781 -20.61222649
v 21.45793152 70.92675781 -20.57631302
v 21.46776199 70.92675781 -20.54083824
v 21.47932243 70.92675781 -20.50588799
v 21.49258423 70.92675781 -20.47154808
v 21.50751305 70.92675781 -20.43789864
v 21.52407646 70.92675781 -20.40502357
v 21.54223251 70.92675781 -20.37300110
v 21.56193733 70.92675781 -20.34190750
v 21.58314514 70.92675781 -20.31181908
v 21.60580254 70.92675781 -20.28280640
v 21.62985802 70.92675781 -20.25494003
v 21.65525055 70.92675781 -20.22828865
v 21.68191910 70.92675781 -20.20291519
v 21.70980263 70.92675781 -20.17888069
v 21.73883057 70.92675781 -20.15624237
v 21.76893616 70.92675781 -20.13505745
v 21.80004311 70.92675781 -20.11537361
v 21.83207893 70.92675781 -20.09724045
v 21.86496735 70.92675781 -20.08070183
v 21.89862633 70.92675781 -20.06579590
v 21.93297577 70.92675781 -20.05256081
v 21.96793365 70.92675781 -20.04102516
v 22.00341606 70.92675781 -20.03121948
v 22.03933525 70.92675781 -20.02316666
v 22.07560730 70.92675781 -20.01688576
v 22.11214447 70.92675781 -20.01239395
v 22.14885712 70.92675781 -20.00969887
v 22.18565941 70.92675781 -20.00880814
v 25.37320900 70.92675781 -25.00994873
v 2.37321019 70.92675781 -25.00171852
v -0.62571591 70.92675781 -22.00064468
v 4.16560078 70.92675781 -23.19913292
v 4.11888838 70.92675781 -23.25601196
v 4.09349537 70.92675781 -23.28266335
v 4.14294291 70.92675781 -23.22814560
v 4.20651340 70.92675781 -23.13795090
v 4.18680811 70.92675781 -23.16904449
v 4.24123240 70.92675781 -23.07305336
v 4.22466946 70.92675781 -23.10592842
v 4.26942253 70.92675781 -23.00506401
v 4.25616217 70.92675781 -23.03940392
v 4.28098249 70.92675781 -22.97011375
v 4.29889154 70.92675781 -22.89872360
v 4.29081345 70.92675781 -22.93463898
v 4.30971718 70.92675781 -22.82592392
v 4.30519819 70.92675781 -22.86245728
v 4.31243849 70.92675781 -22.78921318
v 3.56362367 70.92675781 -22.00214386
v 4.30977011 70.92675781 -22.67889786
v 4.31335497 70.92675781 -22.75241280
v 4.31246471 70.92675781 -22.71561050
v 4.30527687 70.92675781 -22.64236069
v 4.29094362 70.92675781 -22.57016945
v 4.29899645 70.92675781 -22.60608864
v 3.74585080 70.92675781 -22.02468491
v 3.67366862 70.92675781 -22.01029968
v 3.70993614 70.92675781 -22.01660728
v 4.28113842 70.92675781 -22.53468704
v 3.78132558 70.92675781 -22.03451538
v 3.63713527 70.92675781 -22.00578117
v 4.26960373 70.92675781 -22.49972916
v 3.81627536 70.92675781 -22.04607582
v 3.85061574 70.92675781 -22.05933571
v 3.91713953 70.92675781 -22.09082985
v 3.88426423 70.92675781 -22.07426643
v 4.20678949 70.92675781 -22.36679649
v 4.25636768 70.92675781 -22.46537971
v 4.24146175 70.92675781 -22.43172073
v 4.22492266 70.92675781 -22.39883232
v 3.94916248 70.92675781 -22.10898590
v 3.98025608 70.92675781 -22.12869072
v 4.16592073 70.92675781 -22.30558395
v 4.18710661 70.92675781 -22.33568954
v 4.14328337 70.92675781 -22.27655602
v 4.03935766 70.92675781 -22.17255592
v 3.60042405 70.92675781 -22.00305939
v 4.01034546 70.92675781 -22.14989853
v 4.11924887 70.92675781 -22.24867249
v 4.06722307 70.92675781 -22.19660950
v 4.09387493 70.92675781 -22.22200394
v 41.77349472 45.43326187 4.19935608
v 41.77162933 45.35849380 4.19935608
v 41.76604080 45.28391266 4.19935608
v 41.75674057 45.20970154 4.19935608
v 41.74375534 45.13604355 4.19935608
v 41.72711182 45.06312943 4.19935608
v 41.70685577 44.99113083 4.19935608
v 41.68303299 44.92023468 4.19935608
v 41.65570831 44.85061264 4.19935608
v 41.62494659 44.78243637 4.19935608
v 41.59082794 44.71588135 4.19935608
v 41.55343246 44.65111160 4.19935608
v 41.51285172 44.58828354 4.19935608
v 41.46919250 44.52755737 4.19935608
v 41.42256165 44.46908188 4.19935608
v 41.37307358 44.41300583 4.19935608
v 41.32085037 44.35946274 4.19935608
v 41.26602173 44.30859375 4.19935608
v 41.20872879 44.26051712 4.19935608
v 41.14910889 44.21535492 4.19935608
v 41.08731461 44.17322540 4.19935608
v 41.02349472 44.13422394 4.19935608
v 40.95780945 44.09845734 4.19935608
v 40.89042664 44.06600571 4.19935608
v 40.82150650 44.03695297 4.19935608
v 40.75122452 44.01137161 4.19935608
v 40.67975616 43.98932648 4.19935608
v 40.60727692 43.97087097 4.19935608
v 40.53396606 43.95605087 4.19935608
v 40.46001053 43.94490433 4.19935608
v 40.38558960 43.93745804 4.19935608
v 40.31089020 43.93373108 4.19935608
v 40.23609924 43.93373108 4.19935608
v 40.16139984 43.93745804 4.19935608
v 40.08697891 43.94490433 4.19935608
v 40.01302338 43.95605087 4.19935608
v 39.93971252 43.97087097 4.19935608
v 39.86723328 43.98932648 4.19935608
v 39.79576492 44.01137161 4.19935608
v 39.72548294 44.03695297 4.19935608
v 39.65656281 44.06600571 4.19935608
v 39.58917999 44.09845734 4.19935608
v 39.52349472 44.13422394 4.19935608
v 39.45967484 44.17322540 4.19935608
v 39.39788055 44.21535492 4.19935608
v 39.33826065 44.26051712 4.19935608
v 39.28096771 44.30859375 4.19935608
v 39.22613907 44.35946274 4.19935608
v 39.17391586 44.41300583 4.19935608
v 39.12442780 44.46908188 4.19935608
v 39.07779694 44.52755737 4.19935608
v 39.03413773 44.58828354 4.19935608
v 38.99355698 44.65111160 4.19935608
v 38.95616150 44.71588135 4.19935608
v 38.92204285 44.78243637 4.19935608
v 38.89128113 44.85061264 4.19935608
v 38.86395645 44.92023468 4.19935608
v 38.84013748 44.99113083 4.19935608
v 38.81987762 45.06312943 4.19935608
v 38.80323792 45.13604355 4.19935608
v 38.79024887 45.20970154 4.19935608
v 38.78094864 45.28391266 4.19935608
v 38.77536011 45.35849380 4.19935608
v 38.77349472 45.43326187 4.19935608
v 38.77536011 45.50803375 4.19935608
v 38.78094864 45.58261490 4.19935608
v 38.79024887 45.65682602 4.19935608
v 38.80323792 45.73048401 4.19935608
v 38.81987762 45.80339813 4.19935608
v 38.84013748 45.87539673 4.19935608
v 38.86395645 45.94629288 4.19935608
v 38.89128113 46.01591492 4.19935608
v 38.92204285 46.08409119 4.19935608
v 38.95616150 46.15064621 4.19935608
v 38.99355698 46.21541595 4.19935608
v 39.03413773 46.27824402 4.19935608
v 39.07779694 46.33897018 4.19935608
v 39.12442780 46.39744568 4.19935608
v 39.17391586 46.45352173 4.19935608
v 39.22613907 46.50706482 4.19935608
v 39.28096771 46.55793381 4.19935608
v 39.33826065 46.60601044 4.19935608
v 39.39788055 46.65117264 4.19935608
v 39.45967484 46.69330215 4.19935608
v 39.52349472 46.73230362 4.19935608
v 39.58917999 46.76807022 4.19935608
v 39.65656281 46.80052185 4.19935608
v 39.72548294 46.82957458 4.19935608
v 39.79576492 46.85515594 4.19935608
v 39.86723328 46.87720108 4.19935608
v 39.93971252 46.89565659 4.19935608
v 40.01302338 46.91047668 4.19935608
v 40.08697891 46.92162323 4.19935608
v 40.16139984 46.92906952 4.19935608
v 40.23609924 46.93279648 4.19935608
v 40.31089020 46.93279648 4.19935608
v 40.38558960 46.92906952 4.19935608
v 40.46001053 46.92162323 4.19935608
v 40.53396606 46.91047668 4.19935608
v 40.60727692 46.89565659 4.19935608
v 40.67975616 46.87720108 4.19935608
v 40.75122452 46.85515594 4.19935608
v 40.82150650 46.82957458 4.19935608
v 40.89042664 46.80052185 4.19935608
v 40.95780945 46.76807022 4.19935608
v 41.02349472 46.73230362 4.19935608
v 41.08731461 46.69330215 4.19935608
v 41.14910889 46.65117264 4.19935608
v 41.20872879 46.60601044 4.19935608
v 41.26602173 46.55793381 4.19935608
v 41.32085037 46.50706482 4.19935608
v 41.37307358 46.45352173 4.19935608
v 41.42256165 46.39744568 4.19935608
v 41.46919250 46.33897018 4.19935608
v 41.51285172 46.27824402 4.19935608
v 41.55343246 46.21541595 4.19935608
v 41.59082794 46.15064621 4.19935608
v 41.62494659 46.08409119 4.19935608
v 41.65570831 46.01591492 4.19935608
v 41.68303299 45.94629288 4.19935608
v 41.70685577 45.87539673 4.19935608
v 41.72711182 45.80339813 4.19935608
v 41.74375534 45.73048401 4.19935608
v 41.75674057 45.65682602 4.19935608
v 41.76604080 45.58261490 4.19935608
v 41.77162933 45.50803375 4.19935608
v 64.48138428 65.25210571 4.19935608
v 64.47951508 65.17733765 4.19935608
v 64.47393036 65.10275269 4.19935608
v 64.46463013 65.02854156 4.19935608
v 64.45163727 64.95488739 4.19935608
v 64.43499756 64.88197327 4.19935608
v 64.41474152 64.80997467 4.19935608
v 64.39092255 64.73907471 4.19935608
v 64.36359406 64.66945648 4.19935608
v 64.33283234 64.60128021 4.19935608
v 64.29871368 64.53472900 4.19935608
v 64.26132202 64.46995544 4.19935608
v 64.22074127 64.40712738 4.19935608
v 64.17707825 64.34639740 4.19935608
v 64.13044739 64.28792572 4.19935608
v 64.08096313 64.23184967 4.19935608
v 64.02873993 64.17830658 4.19935608
v 63.97391129 64.12743378 4.19935608
v 63.91661835 64.07936096 4.19935608
v 63.85699844 64.03420258 4.19935608
v 63.79520035 63.99206924 4.19935608
v 63.73138046 63.95306778 4.19935608
v 63.66569901 63.91729736 4.19935608
v 63.59831238 63.88484955 4.19935608
v 63.52939224 63.85579681 4.19935608
v 63.45911026 63.83021545 4.19935608
v 63.38764191 63.80817032 4.19935608
v 63.31516266 63.78971481 4.19935608
v 63.24185562 63.77489471 4.19935608
v 63.16789627 63.76374817 4.19935608
v 63.09347534 63.75630188 4.19935608
v 63.01877975 63.75257111 4.19935608
v 62.94398499 63.75257111 4.19935608
v 62.86928558 63.75630188 4.19935608
v 62.79486465 63.76374817 4.19935608
v 62.72090912 63.77489471 4.19935608
v 62.64760208 63.78971481 4.19935608
v 62.57512283 63.80817032 4.19935608
v 62.50365067 63.83021545 4.19935608
v 62.43336868 63.85579681 4.19935608
v 62.36445236 63.88484955 4.19935608
v 62.29706573 63.91729736 4.19935608
v 62.23138046 63.95306778 4.19935608
v 62.16756439 63.99206924 4.19935608
v 62.10576630 64.03420258 4.19935608
v 62.04614639 64.07936096 4.19935608
v 61.98885345 64.12743378 4.19935608
v 61.93402863 64.17830658 4.19935608
v 61.88180542 64.23184967 4.19935608
v 61.83231354 64.28792572 4.19935608
v 61.78568268 64.34639740 4.19935608
v 61.74202347 64.40712738 4.19935608
v 61.70144653 64.46995544 4.19935608
v 61.66405106 64.53472900 4.19935608
v 61.62992859 64.60128021 4.19935608
v 61.59916687 64.66945648 4.19935608
v 61.57184219 64.73907471 4.19935608
v 61.54802322 64.80997467 4.19935608
v 61.52776718 64.88197327 4.19935608
v 61.51112366 64.95488739 4.19935608
v 61.49813461 65.02854156 4.19935608
v 61.48883438 65.10275269 4.19935608
v 61.48324585 65.17733765 4.19935608
v 61.48138046 65.25210571 4.19935608
v 61.48324585 65.32687378 4.19935608
v 61.48883438 65.40145874 4.19935608
v 61.49813461 65.47566986 4.19935608
v 61.51112366 65.54932404 4.19935608
v 61.52776718 65.62224579 4.19935608
v 61.54802322 65.69423676 4.19935608
v 61.57184219 65.76513672 4.19935608
v 61.59916687 65.83475494 4.19935608
v 61.62992859 65.90293121 4.19935608
v 61.66405106 65.96949005 4.19935608
v 61.70144653 66.03425598 4.19935608
v 61.74202347 66.09708405 4.19935608
v 61.78568268 66.15781403 4.19935608
v 61.83231354 66.21628571 4.19935608
v 61.88180542 66.27236938 4.19935608
v 61.93402863 66.32590485 4.19935608
v 61.98885345 66.37677765 4.19935608
v 62.04614639 66.42485046 4.19935608
v 62.10576630 66.47001648 4.19935608
v 62.16756439 66.51214600 4.19935608
v 62.23138046 66.55114746 4.19935608
v 62.29706573 66.58691406 4.19935608
v 62.36445236 66.61936188 4.19935608
v 62.43336868 66.64841461 4.19935608
v 62.50365067 66.67399597 4.19935608
v 62.57512283 66.69604492 4.19935608
v 62.64760208 66.71450043 4.19935608
v 62.72090912 66.72931671 4.19935608
v 62.79486465 66.74046326 4.19935608
v 62.86928558 66.74790955 4.19935608
v 62.94398499 66.75164032 4.19935608
v 63.01877975 66.75164032 4.19935608
v 63.09347534 66.74790955 4.19935608
v 63.16789627 66.74046326 4.19935608
v 63.24185562 66.72931671 4.19935608
v 63.31516266 66.71450043 4.19935608
v 63.38764191 66.69604492 4.19935608
v 63.45911026 66.67399597 4.19935608
v 63.52939224 66.64841461 4.19935608
v 63.59831238 66.61936188 4.19935608
v 63.66569901 66.58691406 4.19935608
v 63.73138046 66.55114746 4.19935608
v 63.79520035 66.51214600 4.19935608
v 63.85699844 66.47001648 4.19935608
v 63.91661835 66.42485046 4.19935608
v 63.97391129 66.37677765 4.19935608
v 64.02873993 66.32590485 4.19935608
v 64.08096313 66.27236938 4.19935608
v 64.13044739 66.21628571 4.19935608
v 64.17707825 66.15781403 4.19935608
v 64.22074127 66.09708405 4.19935608
v 64.26132202 66.03425598 4.19935608
v 64.29871368 65.96949005 4.19935608
v 64.33283234 65.90293121 4.19935608
v 64.36359406 65.83475494 4.19935608
v 64.39092255 65.76513672 4.19935608
v 64.41474152 65.69423676 4.19935608
v 64.43499756 65.62224579 4.19935608
v 64.45163727 65.54932404 4.19935608
v 64.46463013 65.47566986 4.19935608
v 64.47393036 65.40145874 4.19935608
v 64.47951508 65.32687378 4.19935608
v 67.07349396 62.99815369 4.19935608
v 67.07349396 68.12676239 4.19935608
v 36.57349777 68.12676239 4.19935608
v 27.27499962 40.51576996 -17.25000000
v 27.27499962 39.46657562 -19.50000000
v 27.27499962 42.20314026 -19.50000000
v 27.27499962 41.15394974 -17.25000000
v 27.27499962 34.23258209 -17.25000000
v 27.27499962 33.18339157 -19.50000000
v 27.27499962 35.91995621 -19.50000000
v 27.27499962 34.87076569 -17.25000000
v 27.27499962 27.94939804 -17.25000000
v 27.27499962 26.90020561 -19.50000000
v 27.27499962 29.63677216 -19.50000000
v 27.27499962 28.58757973 -17.25000000
v 27.27499962 21.66621208 -17.25000000
v 27.27499962 20.61702156 -19.50000000
v 27.27499962 23.35358620 -19.50000000
v 27.27499962 22.30439377 -17.25000000
v 27.27499962 15.38302803 -17.25000000
v 27.27499962 14.33383560 -19.50000000
v 27.27499962 17.07040024 -19.50000000
v 27.27499962 16.02120781 -17.25000000
v 27.27499962 9.09984207 -17.25000000
v 27.27499962 8.05064964 -19.50000000
v 27.27499962 10.78721523 -19.50000000
v 27.27499962 9.73802376 -17.25000000
v 27.27499962 2.81665707 -17.25000000
v 27.27499962 1.76746476 -19.50000000
v 27.27499962 4.50403023 -19.50000000
v 27.27499962 3.45483804 -17.25000000
v 27.27499962 -3.46652818 -17.25000000
v 27.27499962 -4.51572037 -19.50000000
v 27.27499962 -1.77915502 -19.50000000
v 27.27499962 -2.82834721 -17.25000000
v 27.27499962 -9.74971390 -17.25000000
v 27.27499962 -10.79890537 -19.50000000
v 27.27499962 -8.06234074 -19.50000000
v 27.27499962 -9.11153221 -17.25000000
v 27.27499962 -16.03289795 -17.25000000
v 27.27499962 -17.08209038 -19.50000000
v 27.27499962 -14.34552574 -19.50000000
v 27.27499962 -15.39471817 -17.25000000
v 27.27499962 -22.31608391 -17.25000000
v 27.27499962 -23.36527634 -19.50000000
v 27.27499962 -20.62871170 -19.50000000
v 27.27499962 -21.67790413 -17.25000000
v 27.27499962 -28.59926987 -17.25000000
v 27.27499962 -29.64846230 -19.50000000
v 27.27499962 -26.91189575 -19.50000000
v 27.27499962 -27.96108818 -17.25000000
v 27.27499962 -34.88245392 -17.25000000
v 27.27499962 -35.93164825 -19.50000000
v 27.27499962 -33.19507980 -19.50000000
v 27.27499962 -34.24427414 -17.25000000
v 27.27499962 -38.02404785 -17.25000000
v 27.27499962 -36.33667374 -19.50000000
v 27.27499962 -37.38586807 -17.25000000
v 27.27499962 -31.74086189 -17.25000000
v 27.27499962 -32.79005432 -19.50000000
v 27.27499962 -30.05348969 -19.50000000
v 27.27499962 -31.10268021 -17.25000000
v 27.27499962 -25.45767593 -17.25000000
v 27.27499962 -26.50686836 -19.50000000
v 27.27499962 -23.77030373 -19.50000000
v 27.27499962 -24.81949615 -17.25000000
v 27.27499962 -19.17449188 -17.25000000
v 27.27499962 -20.22368431 -19.50000000
v 27.27499962 -17.48711777 -19.50000000
v 27.27499962 -18.53631020 -17.25000000
v 27.27499962 -12.89130592 -17.25000000
v 27.27499962 -13.94049835 -19.50000000
v 27.27499962 -11.20393276 -19.50000000
v 27.27499962 -12.25312519 -17.25000000
v 27.27499962 -6.60812092 -17.25000000
v 27.27499962 -7.65731335 -19.50000000
v 27.27499962 -4.92074776 -19.50000000
v 27.27499962 -5.96993971 -17.25000000
v 27.27499962 -0.32493562 -17.25000000
v 27.27499962 -1.37412786 -19.50000000
v 27.27499962 1.36243761 -19.50000000
v 27.27499962 0.31324539 -17.25000000
v 27.27499962 5.95824957 -17.25000000
v 27.27499962 4.90905762 -19.50000000
v 27.27499962 7.64562273 -19.50000000
v 27.27499962 6.59643078 -17.25000000
v 27.27499962 12.24143505 -17.25000000
v 27.27499962 11.19224262 -19.50000000
v 27.27499962 13.92880821 -19.50000000
v 27.27499962 12.87961578 -17.25000000
v 27.27499962 18.52462006 -17.25000000
v 27.27499962 17.47542763 -19.50000000
v 27.27499962 20.21199417 -19.50000000
v 27.27499962 19.16280174 -17.25000000
v 27.27499962 24.80780602 -17.25000000
v 27.27499962 23.75861359 -19.50000000
v 27.27499962 26.49517822 -19.50000000
v 27.27499962 25.44598579 -17.25000000
v 27.27499962 31.09099007 -17.25000000
v 27.27499962 30.04179955 -19.50000000
v 27.27499962 32.77836227 -19.50000000
v 27.27499962 31.72917175 -17.25000000
v 27.27499962 37.37417603 -17.25000000
v 27.27499962 36.32498550 -19.50000000
v 27.27499962 39.06155014 -19.50000000
v 27.27499962 38.01235580 -17.25000000
v 34.60526657 48.95806122 7.99935627
v 34.60526657 68.95806122 9.99935627
v 34.60526657 68.95806122 7.99935627
v 34.60526657 48.95806122 9.99935627
v 54.60526657 68.95806122 7.99935627
v 54.60526657 68.95806122 9.99935627
v 54.60526657 48.95806122 9.99935627
v 54.60526657 48.95806122 7.99935627
v 33.44571686 69.00965118 -28.00064468
v 33.44571686 49.00965118 -30.00064468
v 33.44571686 49.00965118 -28.00064468
v 33.44571686 69.00965118 -30.00064468
v 53.44571686 49.00965118 -28.00064468
v 53.44571686 49.00965118 -30.00064468
v 53.44571686 69.00965118 -30.00064468
v 53.44571686 69.00965118 -28.00064468
vt 0.50000000 0.50000000
vt 0.50000000 0.50000000
vt 0.50000000 0.50000000
vt 0.50000000 0.50000000
vt 0.50000000 0.50000000
vt 0.50000000 0.50000000
vt 0.50000000 0.50000000
vt 0.50000000 0.50000000
vt 0.50000000 0.50000000
vt 0.50000000 0.50000000
vt 0.50000000 0.50000000
vt 0.50000000 0.50000000
vt 0.50000000 0.50000000
vt 0.50000000 0.50000000
vt 0.50000000 0.50000000
vt 0.50000000 0.50000000
vt 0.50000000 0.50000000
vt 0.50000000 0.50000000
vt 0.50000000 0.50000000
vt 0.50000000 0.50000000
vt 0.50000000 0.50000000
vt 0.50000000 0.50000000
vt 0.50000000 0.50000000
vt 0.50000000 0.50000000
vt 0.50000000 0.50000000
vt 0.50000000 0.50000000
vt 0.50000000 0.50000000
vt 0.50000000 0.50000000
vt 0.50000000 0.50000000
vt 0.50000000 0.50000000
vt 0.50000000 0.50000000
vt 0.50000000 0.50000000
vt 0.50000000 0.50000000
vt 0.50000000 0.50000000
vt 0.50000000 0.50000000
vt 0.50000000 0.50000000
vt 0.50000000 0.50000000
vt 0.50000000 0.50000000
vt 0.50000000 0.50000000
vt 0.50000000 0.50000000
vt 0.50000000 0.50000000
vt 0.50000000 0.50000000
vt 0.50000000 0.50000000
vt 0.50000000 0.50000000
vt 0.50000000 0.50000000
vt 0.50000000 0.50000000
vt 0.50000000 0.50000000
vt 0.50000000 0.50000000
vt 0.50000000 0.50000000
vt 0.50000000 0.50000000
vt 0.50000000 0.50000000
vt 0.50000000 0.50000000
vt 0.50000000 0.50000000
vt 0.50000000 0.50000000
vt 0.50000000 0.50000000
vt 0.50000000 0.50000000
vt 0.50000000 0.50000000
vt 0.50000000 0.50000000
vt 0.50000000 0.50000000
vt 0.50000000 0.50000000
vt 0.50000000 0.50000000
vt 0.50000000 0.50000000
vt 0.50000000 0.50000000
vt 0.50000000 0.50000000
vt 0.50000000 0.50000000
vt 0.50000000 0.50000000
vt 0.50000000 0.50000000
vt 0.50000000 0.50000000
vt 0.50000000 0.50000000
vt 0.50000000 0.50000000
vt 0.50000000 0.50000000
vt 0.50000000 0.50000000
vt 0.50000000 0.50000000
vt 0.50000000 0.50000000
vt 0.50000000 0.50000000
vt 0.50000000 0.50000000
vt 0.50000000 0.50000000
vt 0.50000000 0.50000000
vt 0.50000000 0.50000000
vt 0.50000000 0.50000000
vt 0.50000000 0.50000000
vt 0.50000000 0.50000000
vt 0.50000000 0.50000000
vt 0.50000000 0.50000000
vt 0.50000000 0.50000000
vt 0.50000000 0.50000000
vt 0.50000000 0.50000000
vt 0.50000000 0.50000000
vt 0.50000000 0.50000000
vt 0.50000000 0.50000000
vt 0.50000000 0.50000000
vt 0.50000000 0.50000000
vt 0.50000000 0.50000000
vt 0.50000000 0.50000000
vt 0.50000000 0.50000000
vt 0.50000000 0.50000000
vt 0.50000000 0.50000000
vt 0.50000000 0.50000000
vt 0.50000000 0.50000000
vt 0.50000000 0.50000000
vt 0.50000000 0.50000000
vt 0.50000000 0.50000000
vt 0.50000000 0.50000000
vt 0.50000000 0.50000000
vt 0.50000000 0.50000000
vt 0.50000000 0.50000000
vt 0.50000000 0.50000000
vt 0.50000000 0.50000000
vt 0.50000000 0.50000000
vt 0.50000000 0.50000000
vt 0.50000000 0.50000000
vt 0.50000000 0.50000000
vt 0.50000000 0.50000000
vt 0.50000000 0.50000000
vt 0.50000000 0.50000000
vt 0.50000000 0.50000000
vt 0.50000000 0.50000000
vt 0.50000000 0.50000000
vt 0.50000000 0.50000000
vt 0.50000000 0.50000000
vt 0.50000000 0.50000000
vt 0.50000000 0.50000000
vt 0.50000000 0.50000000
vt 0.50000000 0.50000000
vt 0.50000000 0.50000000
vt 0.50000000 0.50000000
vt 0.50000000 0.50000000
vt 0.50000000 0.50000000
vt 0.50000000 0.50000000
vt 0.50000000 0.50000000
vt 0.50000000 0.50000000
vt 0.50000000 0.50000000
vt 0.50000000 0.50000000
vt 0.50000000 0.50000000
vt 0.50000000 0.50000000
vt 0.50000000 0.50000000
vt 0.50000000 0.50000000
vt 0.50000000 0.50000000
vt 0.50000000 0.50000000
vt 0.50000000 0.50000000
vt 0.50000000 0.50000000
vt 0.50000000 0.50000000
vt 0.50000000 0.50000000
vt 0.50000000 0.50000000
vt 0.50000000 0.50000000
vt 0.50000000 0.50000000
vt 0.50000000 0.50000000
vt 0.50000000 0.50000000
vt 0.50000000 0.50000000
vt 0.50000000 0.50000000
vt 0.50000000 0.50000000
vt 0.50000000 0.50000000
vt 0.50000000 0.50000000
vt 0.50000000 0.50000000
vt 0.50000000 0.50000000
vt 0.50000000 0.50000000
vt 0.50000000 0.50000000
vt 0.50000000 0.50000000
vt 0.50000000 0.50000000
vt 0.50000000 0.50000000
vt 0.50000000 0.50000000
vt 0.50000000 0.50000000
vt 0.50000000 0.50000000
vt 0.50000000 0.50000000
vt 0.50000000 0.50000000
vt 0.50000000 0.50000000
vt 0.50000000 0.50000000
vt 0.50000000 0.50000000
vt 0.50000000 0.50000000
vt 0.50000000 0.50000000
vt 0.50000000 0.50000000
vt 0.50000000 0.50000000
vt 0.50000000 0.50000000
vt 0.50000000 0.50000000
vt 0.50000000 0.50000000
vt 0.50000000 0.50000000
vt 0.50000000 0.50000000
vt 0.50000000 0.50000000
vt 0.50000000 0.50000000
vt 0.50000000 0.50000000
vt 0.50000000 0.50000000
vt 0.50000000 0.50000000
vt 0.50000000 0.50000000
vt 0.50000000 0.50000000
vt 0.50000000 0.50000000
vt 0.50000000 0.50000000
vt 0.50000000 0.50000000
vt 0.50000000 0.50000000
vt 0.50000000 0.50000000
vt 0.50000000 0.50000000
vt 0.50000000 0.50000000
vt 0.50000000 0.50000000
vt 0.50000000 0.50000000
vt 0.50000000 0.50000000
vt 0.50000000 0.50000000
vt 0.50000000 0.50000000
vt 0.50000000 0.50000000
vt 0.50000000 0.50000000
vt 0.50000000 0.50000000
vt 0.50000000 0.50000000
vt 0.50000000 0.50000000
vt 0.50000000 0.50000000
vt 0.50000000 0.50000000
vt 0.50000000 0.50000000
vt 0.50000000 0.50000000
vt 0.50000000 0.50000000
vt 0.50000000 0.50000000
vt 0.50000000 0.50000000
vt 0.50000000 0.50000000
vt 0.50000000 0.50000000
vt 0.50000000 0.50000000
vt 0.50000000 0.50000000
vt 0.50000000 0.50000000
vt 0.50000000 0.50000000
vt 0.50000000 0.50000000
vt 0.50000000 0.50000000
vt 0.50000000 0.50000000
vt 0.50000000 0.50000000
vt 0.50000000 0.50000000
vt 0.50000000 0.50000000
vt 0.50000000 0.50000000
vt 0.50000000 0.50000000
vt 0.50000000 0.50000000
vt 0.50000000 0.50000000
vt 0.50000000 0.50000000
vt 0.50000000 0.50000000
vt 0.50000000 0.50000000
vt 0.50000000 0.50000000
vt 0.50000000 0.50000000
vt 0.50000000 0.50000000
vt 0.50000000 0.50000000
vt 0.50000000 0.50000000
vt 0.50000000 0.50000000
vt 0.50000000 0.50000000
vt 0.50000000 0.50000000
vt 0.50000000 0.50000000
vt 0.50000000 0.50000000
vt 0.50000000 0.50000000
vt 0.50000000 0.50000000
vt 0.50000000 0.50000000
vt 0.50000000 0.50000000
vt 0.50000000 0.50000000
vt 0.50000000 0.50000000
vt 0.50000000 0.50000000
vt 0.50000000 0.50000000
vt 0.50000000 0.50000000
vt 0.50000000 0.50000000
vt 0.50000000 0.50000000
vt 0.50000000 0.50000000
vt 0.50000000 0.50000000
vt 0.50000000 0.50000000
vt 0.50000000 0.50000000
vt 0.50000000 0.50000000
vt 0.50000000 0.50000000
vt 0.50000000 0.50000000
vt 0.50000000 0.50000000
vt 0.50000000 0.50000000
vt 0.50000000 0.50000000
vt 0.50000000 0.50000000
vt 0.50000000 0.50000000
vt 0.50000000 0.50000000
vt 0.50000000 0.50000000
vt 0.50000000 0.50000000
vt 0.50000000 0.50000000
vt 0.50000000 0.50000000
vt 0.50000000 0.50000000
vt 0.50000000 0.50000000
vt 0.50000000 0.50000000
vt 0.50000000 0.50000000
vt 0.50000000 0.50000000
vt 0.50000000 0.50000000
vt 0.50000000 0.50000000
vt 0.50000000 0.50000000
vt 0.50000000 0.50000000
vt 0.50000000 0.50000000
vt 0.50000000 0.50000000
vt 0.50000000 0.50000000
vt 0.50000000 0.50000000
vt 0.50000000 0.50000000
vt 0.50000000 0.50000000
vt 0.50000000 0.50000000
vt 0.50000000 0.50000000
vt 0.50000000 0.50000000
vt 0.50000000 0.50000000
vt 0.50000000 0.50000000
vt 0.50000000 0.50000000
vt 0.50000000 0.50000000
vt 0.50000000 0.50000000
vt 0.50000000 0.50000000
vt 0.50000000 0.50000000
vt 0.50000000 0.50000000
vt 0.50000000 0.50000000
vt 0.50000000 0.50000000
vt 0.50000000 0.50000000
vt 0.50000000 0.50000000
vt 0.50000000 0.50000000
vt 0.50000000 0.50000000
vt 0.50000000 0.50000000
vt 0.50000000 0.50000000
vt 0.50000000 0.50000000
vt 0.50000000 0.50000000
vt 0.50000000 0.50000000
vt 0.50000000 0.50000000
vt 0.50000000 0.50000000
vt 0.50000000 0.50000000
vt 0.50000000 0.50000000
vt 0.50000000 0.50000000
vt 0.50000000 0.50000000
vt 0.50000000 0.50000000
vt 0.50000000 0.50000000
vt 0.50000000 0.50000000
vt 0.50000000 0.50000000
vt 0.50000000 0.50000000
vt 0.50000000 0.50000000
vt 0.50000000 0.50000000
vt 0.50000000 0.50000000
vt 0.50000000 0.50000000
vt 0.50000000 0.50000000
vt 0.50000000 0.50000000
vt 0.50000000 0.50000000
vt 0.50000000 0.50000000
vt 0.50000000 0.50000000
vt 0.50000000 0.50000000
vt 0.50000000 0.50000000
vt 0.50000000 0.50000000
vt 0.50000000 0.50000000
vt 0.50000000 0.50000000
vt 0.50000000 0.50000000
vt 0.50000000 0.50000000
vt 0.50000000 0.50000000
vt 0.50000000 0.50000000
vt 0.50000000 0.50000000
vt 0.50000000 0.50000000
vt 0.50000000 0.50000000
vt 0.50000000 0.50000000
vt 0.50000000 0.50000000
vt 0.50000000 0.50000000
vt 0.50000000 0.50000000
vt 0.50000000 0.50000000
vt 0.50000000 0.50000000
vt 0.50000000 0.50000000
vt 0.50000000 0.50000000
vt 0.50000000 0.50000000
vt 0.50000000 0.50000000
vt 0.50000000 0.50000000
vt 0.50000000 0.50000000
vt 0.50000000 0.50000000
vt 0.50000000 0.50000000
vt 0.50000000 0.50000000
vt 0.50000000 0.50000000
vt 0.50000000 0.50000000
vt 0.50000000 0.50000000
vt 0.50000000 0.50000000
vt 0.50000000 0.50000000
vt 0.50000000 0.50000000
vt 0.50000000 0.50000000
vt 0.50000000 0.50000000
vt 0.50000000 0.50000000
vt 0.50000000 0.50000000
vt 0.50000000 0.50000000
vt 0.50000000 0.50000000
vt 0.50000000 0.50000000
vt 0.50000000 0.50000000
vt 0.50000000 0.50000000
vt 0.50000000 0.50000000
vt 0.50000000 0.50000000
vt 0.50000000 0.50000000
vt 0.50000000 0.50000000
vt 0.50000000 0.50000000
vt 0.50000000 0.50000000
vt 0.50000000 0.50000000
vt 0.50000000 0.50000000
vt 0.50000000 0.50000000
vt 0.50000000 0.50000000
vt 0.50000000 0.50000000
vt 0.50000000 0.50000000
vt 0.50000000 0.50000000
vt 0.50000000 0.50000000
vt 0.50000000 0.50000000
vt 0.50000000 0.50000000
vt 0.50000000 0.50000000
vt 0.50000000 0.50000000
vt 0.50000000 0.50000000
vt 0.50000000 0.50000000
vt 0.50000000 0.50000000
vt 0.50000000 0.50000000
vt 0.50000000 0.50000000
vt 0.50000000 0.50000000
vt 0.50000000 0.50000000
vt 0.50000000 0.50000000
vt 0.50000000 0.50000000
vt 0.50000000 0.50000000
vt 0.50000000 0.50000000
vt 0.50000000 0.50000000
vt 0.50000000 0.50000000
vt 0.50000000 0.50000000
vt 0.50000000 0.50000000
vt 0.50000000 0.50000000
vt 0.50000000 0.50000000
vt 0.50000000 0.50000000
vt 0.50000000 0.50000000
vt 0.50000000 0.50000000
vt 0.50000000 0.50000000
vt 0.50000000 0.50000000
vt 0.50000000 0.50000000
vt 0.50000000 0.50000000
vt 0.50000000 0.50000000
vt 0.50000000 0.50000000
vt 0.50000000 0.50000000
vt 0.50000000 0.50000000
vt 0.50000000 0.50000000
vt 0.50000000 0.50000000
vt 0.50000000 0.50000000
vt 0.50000000 0.50000000
vt 0.50000000 0.50000000
vt 0.50000000 0.50000000
vt 0.50000000 0.50000000
vt 0.50000000 0.50000000
vt 0.50000000 0.50000000
vt 0.50000000 0.50000000
vt 0.50000000 0.50000000
vt 0.50000000 0.50000000
vt 0.50000000 0.50000000
vt 0.50000000 0.50000000
vt 0.50000000 0.50000000
vt 0.50000000 0.50000000
vt 0.50000000 0.50000000
vt 0.50000000 0.50000000
vt 0.50000000 0.50000000
vt 0.50000000 0.50000000
vt 0.50000000 0.50000000
vt 0.50000000 0.50000000
vt 0.50000000 0.50000000
vt 0.50000000 0.50000000
vt 0.50000000 0.50000000
vt 0.50000000 0.50000000
vt 0.50000000 0.50000000
vt 0.50000000 0.50000000
vt 0.50000000 0.50000000
vt 0.50000000 0.50000000
vt 0.50000000 0.50000000
vt 0.50000000 0.50000000
vt 0.50000000 0.50000000
vt 0.50000000 0.50000000
vt 0.50000000 0.50000000
vt 0.50000000 0.50000000
vt 0.50000000 0.50000000
vt 0.50000000 0.50000000
vt 0.50000000 0.50000000
vt 0.50000000 0.50000000
vt 0.50000000 0.50000000
vt 0.50000000 0.50000000
vt 0.50000000 0.50000000
vt 0.50000000 0.50000000
vt 0.50000000 0.50000000
vt 0.50000000 0.50000000
vt 0.50000000 0.50000000
vt 0.50000000 0.50000000
vt 0.50000000 0.50000000
vt 0.50000000 0.50000000
vt 0.50000000 0.50000000
vt 0.50000000 0.50000000
vt 0.50000000 0.50000000
vt 0.50000000 0.50000000
vt 0.50000000 0.50000000
vt 0.50000000 0.50000000
vt 0.50000000 0.50000000
vt 0.50000000 0.50000000
vt 0.50000000 0.50000000
vt 0.50000000 0.50000000
vt 0.50000000 0.50000000
vt 0.50000000 0.50000000
vt 0.50000000 0.50000000
vt 0.50000000 0.50000000
vt 0.50000000 0.50000000
vt 0.50000000 0.50000000
vt 0.50000000 0.50000000
vt 0.50000000 0.50000000
vt 0.50000000 0.50000000
vt 0.50000000 0.50000000
vt 0.50000000 0.50000000
vt 0.50000000 0.50000000
vt 0.50000000 0.50000000
vt 0.50000000 0.50000000
vt 0.50000000 0.50000000
vt 0.50000000 0.50000000
vt 0.50000000 0.50000000
vt 0.50000000 0.50000000
vt 0.50000000 0.50000000
vt 0.50000000 0.50000000
vt 0.50000000 0.50000000
vt 0.50000000 0.50000000
vt 0.50000000 0.50000000
vt 0.50000000 0.50000000
vt 0.50000000 0.50000000
vt 0.50000000 0.50000000
vt 0.50000000 0.50000000
vt 0.50000000 0.50000000
vt 0.50000000 0.50000000
vt 0.50000000 0.50000000
vt 0.50000000 0.50000000
vt 0.50000000 0.50000000
vt 0.50000000 0.50000000
vt 0.50000000 0.50000000
vt 0.50000000 0.50000000
vt 0.50000000 0.50000000
vt 0.50000000 0.50000000
vt 0.50000000 0.50000000
vt 0.50000000 0.50000000
vt 0.50000000 0.50000000
vt 0.50000000 0.50000000
vt 0.50000000 0.50000000
vt 0.50000000 0.50000000
vt 0.50000000 0.50000000
vt 0.50000000 0.50000000
vt 0.50000000 0.50000000
vt 0.50000000 0.50000000
vt 0.50000000 0.50000000
vt 0.50000000 0.50000000
vt 0.50000000 0.50000000
vt 0.50000000 0.50000000
vt 0.50000000 0.50000000
vt 0.50000000 0.50000000
vt 0.50000000 0.50000000
vt 0.50000000 0.50000000
vt 0.50000000 0.50000000
vt 0.50000000 0.50000000
vt 0.50000000 0.50000000
vt 0.50000000 0.50000000
vt 0.50000000 0.50000000
vt 0.50000000 0.50000000
vt 0.50000000 0.50000000
vt 0.50000000 0.50000000
vt 0.50000000 0.50000000
vt 0.50000000 0.50000000
vt 0.50000000 0.50000000
vt 0.50000000 0.50000000
vt 0.50000000 0.50000000
vt 0.50000000 0.50000000
vt 0.50000000 0.50000000
vt 0.50000000 0.50000000
vt 0.50000000 0.50000000
vt 0.50000000 0.50000000
vt 0.50000000 0.50000000
vt 0.50000000 0.50000000
vt 0.50000000 0.50000000
vt 0.50000000 0.50000000
vt 0.50000000 0.50000000
vt 0.50000000 0.50000000
vt 0.50000000 0.50000000
vt 0.50000000 0.50000000
vt 0.50000000 0.50000000
vt 0.50000000 0.50000000
vt 0.50000000 0.50000000
vt 0.50000000 0.50000000
vt 0.50000000 0.50000000
vt 0.50000000 0.50000000
vt 0.50000000 0.50000000
vt 0.50000000 0.50000000
vt 0.50000000 0.50000000
vt 0.50000000 0.50000000
vt 0.50000000 0.50000000
vt 0.50000000 0.50000000
vt 0.50000000 0.50000000
vt 0.50000000 0.50000000
vt 0.50000000 0.50000000
vt 0.50000000 0.50000000
vt 0.50000000 0.50000000
vt 0.50000000 0.50000000
vt 0.50000000 0.50000000
vt 0.50000000 0.50000000
vt 0.50000000 0.50000000
vt 0.50000000 0.50000000
vt 0.50000000 0.50000000
vt 0.50000000 0.50000000
vt 0.50000000 0.50000000
vt 0.50000000 0.50000000
vt 0.50000000 0.50000000
vt 0.50000000 0.50000000
vt 0.50000000 0.50000000
vt 0.50000000 0.50000000
vt 0.50000000 0.50000000
vt 0.50000000 0.50000000
vt 0.50000000 0.50000000
vt 0.50000000 0.50000000
vt 0.50000000 0.50000000
vt 0.50000000 0.50000000
vt 0.50000000 0.50000000
vt 0.50000000 0.50000000
vt 0.50000000 0.50000000
vt 0.50000000 0.50000000
vt 0.50000000 0.50000000
vt 0.50000000 0.50000000
vt 0.50000000 0.50000000
vt 0.50000000 0.50000000
vt 0.50000000 0.50000000
vt 0.50000000 0.50000000
vt 0.50000000 0.50000000
vt 0.50000000 0.50000000
vt 0.50000000 0.50000000
vt 0.50000000 0.50000000
vt 0.50000000 0.50000000
vt 0.50000000 0.50000000
vt 0.50000000 0.50000000
vt 0.50000000 0.50000000
vt 0.50000000 0.50000000
vt 0.50000000 0.50000000
vt 0.50000000 0.50000000
vt 0.50000000 0.50000000
vt 0.50000000 0.50000000
vt 0.50000000 0.50000000
vt 0.50000000 0.50000000
vt 0.50000000 0.50000000
vt 0.50000000 0.50000000
vt 0.50000000 0.50000000
vt 0.50000000 0.50000000
vt 0.50000000 0.50000000
vt 0.50000000 0.50000000
vt 0.50000000 0.50000000
vt 0.50000000 0.50000000
vt 0.50000000 0.50000000
vt 0.50000000 0.50000000
vt 0.50000000 0.50000000
vt 0.50000000 0.50000000
vt 0.50000000 0.50000000
vt 0.50000000 0.50000000
vt 0.50000000 0.50000000
vt 0.50000000 0.50000000
vt 0.50000000 0.50000000
vt 0.50000000 0.50000000
vt 0.50000000 0.50000000
vt 0.50000000 0.50000000
vt 0.50000000 0.50000000
vt 0.50000000 0.50000000
vt 0.50000000 0.50000000
vt 0.50000000 0.50000000
vt 0.50000000 0.50000000
vt 0.50000000 0.50000000
vt 0.50000000 0.50000000
vt 0.50000000 0.50000000
vt 0.50000000 0.50000000
vt 0.50000000 0.50000000
vt 0.50000000 0.50000000
vt 0.50000000 0.50000000
vt 0.50000000 0.50000000
vt 0.50000000 0.50000000
vt 0.50000000 0.50000000
vt 0.50000000 0.50000000
vt 0.50000000 0.50000000
vt 0.50000000 0.50000000
vt 0.50000000 0.50000000
vt 0.50000000 0.50000000
vt 0.50000000 0.50000000
vt 0.50000000 0.50000000
vt 0.50000000 0.50000000
vt 0.50000000 0.50000000
vt 0.50000000 0.50000000
vt 0.50000000 0.50000000
vt 0.50000000 0.50000000
vt 0.50000000 0.50000000
vt 0.50000000 0.50000000
vt 0.50000000 0.50000000
vt 0.50000000 0.50000000
vt 0.50000000 0.50000000
vt 0.50000000 0.50000000
vt 0.50000000 0.50000000
vt 0.50000000 0.50000000
vt 0.50000000 0.50000000
vt 0.50000000 0.50000000
vt 0.50000000 0.50000000
vt 0.50000000 0.50000000
vt 0.50000000 0.50000000
vt 0.50000000 0.50000000
vt 0.50000000 0.50000000
vt 0.50000000 0.50000000
vt 0.50000000 0.50000000
vt 0.50000000 0.50000000
vt 0.50000000 0.50000000
vt 0.50000000 0.50000000
vt 0.50000000 0.50000000
vt 0.50000000 0.50000000
vt 0.50000000 0.50000000
vt 0.50000000 0.50000000
vt 0.50000000 0.50000000
vt 0.50000000 0.50000000
vt 0.50000000 0.50000000
vt 0.50000000 0.50000000
vt 0.50000000 0.50000000
vt 0.50000000 0.50000000
vt 0.50000000 0.50000000
vt 0.50000000 0.50000000
vt 0.50000000 0.50000000
vt 0.50000000 0.50000000
vt 0.50000000 0.50000000
vt 0.50000000 0.50000000
vt 0.50000000 0.50000000
vt 0.50000000 0.50000000
vt 0.50000000 0.50000000
vt 0.50000000 0.50000000
vt 0.50000000 0.50000000
vt 0.50000000 0.50000000
vt 0.50000000 0.50000000
vt 0.50000000 0.50000000
vt 0.50000000 0.50000000
vt 0.50000000 0.50000000
vt 0.50000000 0.50000000
vt 0.50000000 0.50000000
vt 0.50000000 0.50000000
vt 0.50000000 0.50000000
vt 0.50000000 0.50000000
vt 0.50000000 0.50000000
vt 0.50000000 0.50000000
vt 0.50000000 0.50000000
vt 0.50000000 0.50000000
vt 0.50000000 0.50000000
vt 0.50000000 0.50000000
vt 0.50000000 0.50000000
vt 0.50000000 0.50000000
vt 0.50000000 0.50000000
vt 0.50000000 0.50000000
vt 0.50000000 0.50000000
vt 0.50000000 0.50000000
vt 0.50000000 0.50000000
vt 0.50000000 0.50000000
vt 0.50000000 0.50000000
vt 0.50000000 0.50000000
vt 0.50000000 0.50000000
vt 0.50000000 0.50000000
vt 0.50000000 0.50000000
vt 0.50000000 0.50000000
vt 0.50000000 0.50000000
vt 0.50000000 0.50000000
vt 0.50000000 0.50000000
vt 0.50000000 0.50000000
vt 0.50000000 0.50000000
vt 0.50000000 0.50000000
vt 0.50000000 0.50000000
vt 0.50000000 0.50000000
vt 0.50000000 0.50000000
vt 0.50000000 0.50000000
vt 0.50000000 0.50000000
vt 0.50000000 0.50000000
vt 0.50000000 0.50000000
vt 0.50000000 0.50000000
vt 0.50000000 0.50000000
vt 0.50000000 0.50000000
vt 0.50000000 0.50000000
vt 0.50000000 0.50000000
vt 0.50000000 0.50000000
vt 0.50000000 0.50000000
vt 0.50000000 0.50000000
vt 0.50000000 0.50000000
vt 0.50000000 0.50000000
vt 0.50000000 0.50000000
vt 0.50000000 0.50000000
vt 0.50000000 0.50000000
vt 0.50000000 0.50000000
vt 0.50000000 0.50000000
vt 0.50000000 0.50000000
vt 0.50000000 0.50000000
vt 0.50000000 0.50000000
vt 0.50000000 0.50000000
vt 0.50000000 0.50000000
vt 0.50000000 0.50000000
vt 0.50000000 0.50000000
vt 0.50000000 0.50000000
vt 0.50000000 0.50000000
vt 0.50000000 0.50000000
vt 0.50000000 0.50000000
vt 0.50000000 0.50000000
vt 0.50000000 0.50000000
vt 0.50000000 0.50000000
vt 0.50000000 0.50000000
vt 0.50000000 0.50000000
vt 0.50000000 0.50000000
vt 0.50000000 0.50000000
vt 0.50000000 0.50000000
vt 0.50000000 0.50000000
vt 0.50000000 0.50000000
vt 0.50000000 0.50000000
vt 0.50000000 0.50000000
vt 0.50000000 0.50000000
vt 0.50000000 0.50000000
vt 0.50000000 0.50000000
vt 0.50000000 0.50000000
vt 0.50000000 0.50000000
vt 0.50000000 0.50000000
vt 0.50000000 0.50000000
vt 0.50000000 0.50000000
vt 0.50000000 0.50000000
vt 0.50000000 0.50000000
vt 0.50000000 0.50000000
vt 0.50000000 0.50000000
vt 0.50000000 0.50000000
vt 0.50000000 0.50000000
vt 0.50000000 0.50000000
vt 0.50000000 0.50000000
vt 0.50000000 0.50000000
vt 0.50000000 0.50000000
vt 0.50000000 0.50000000
vt 0.50000000 0.50000000
vt 0.50000000 0.50000000
vt 0.50000000 0.50000000
vt 0.50000000 0.50000000
vt 0.50000000 0.50000000
vt 0.50000000 0.50000000
vt 0.50000000 0.50000000
vt 0.50000000 0.50000000
vt 0.50000000 0.50000000
vt 0.50000000 0.50000000
vt 0.50000000 0.50000000
vt 0.50000000 0.50000000
vt 0.50000000 0.50000000
vt 0.50000000 0.50000000
vt 0.50000000 0.50000000
vt 0.50000000 0.50000000
vt 0.50000000 0.50000000
vt 0.50000000 0.50000000
vt 0.50000000 0.50000000
vt 0.50000000 0.50000000
vt 0.50000000 0.50000000
vt 0.50000000 0.50000000
vt 0.50000000 0.50000000
vt 0.50000000 0.50000000
vt 0.50000000 0.50000000
vt 0.50000000 0.50000000
vt 0.50000000 0.50000000
vt 0.50000000 0.50000000
vt 0.50000000 0.50000000
vt 0.50000000 0.50000000
vt 0.50000000 0.50000000
vt 0.50000000 0.50000000
vt 0.50000000 0.50000000
vt 0.50000000 0.50000000
vt 0.50000000 0.50000000
vt 0.50000000 0.50000000
vt 0.50000000 0.50000000
vt 0.50000000 0.50000000
vt 0.50000000 0.50000000
vt 0.50000000 0.50000000
vt 0.50000000 0.50000000
vt 0.50000000 0.50000000
vt 0.50000000 0.50000000
vt 0.50000000 0.50000000
vt 0.50000000 0.50000000
vt 0.50000000 0.50000000
vt 0.50000000 0.50000000
vt 0.50000000 0.50000000
vt 0.50000000 0.50000000
vt 0.50000000 0.50000000
vt 0.50000000 0.50000000
vt 0.50000000 0.50000000
vt 0.50000000 0.50000000
vt 0.50000000 0.50000000
vt 0.50000000 0.50000000
vt 0.50000000 0.50000000
vt 0.50000000 0.50000000
vt 0.50000000 0.50000000
vt 0.50000000 0.50000000
vt 0.50000000 0.50000000
vt 0.50000000 0.50000000
vt 0.50000000 0.50000000
vt 0.50000000 0.50000000
vt 0.50000000 0.50000000
vt 0.50000000 0.50000000
vt 0.50000000 0.50000000
vt 0.50000000 0.50000000
vt 0.50000000 0.50000000
vt 0.50000000 0.50000000
vt 0.50000000 0.50000000
vt 0.50000000 0.50000000
vt 0.50000000 0.50000000
vt 0.50000000 0.50000000
vt 0.50000000 0.50000000
vt 0.50000000 0.50000000
vt 0.50000000 0.50000000
vt 0.50000000 0.50000000
vt 0.50000000 0.50000000
vt 0.50000000 0.50000000
vt 0.50000000 0.50000000
vt 0.50000000 0.50000000
vt 0.50000000 0.50000000
vt 0.50000000 0.50000000
vt 0.50000000 0.50000000
vt 0.50000000 0.50000000
vt 0.50000000 0.50000000
vt 0.50000000 0.50000000
vt 0.50000000 0.50000000
vt 0.50000000 0.50000000
vt 0.50000000 0.50000000
vt 0.50000000 0.50000000
vt 0.50000000 0.50000000
vt 0.50000000 0.50000000
vt 0.50000000 0.50000000
vt 0.50000000 0.50000000
vt 0.50000000 0.50000000
vt 0.50000000 0.50000000
vt 0.50000000 0.50000000
vt 0.50000000 0.50000000
vt 0.50000000 0.50000000
vt 0.50000000 0.50000000
vt 0.50000000 0.50000000
vt 0.50000000 0.50000000
vt 0.50000000 0.50000000
vt 0.50000000 0.50000000
vt 0.50000000 0.50000000
vt 0.50000000 0.50000000
vt 0.50000000 0.50000000
vt 0.50000000 0.50000000
vt 0.50000000 0.50000000
vt 0.50000000 0.50000000
vt 0.50000000 0.50000000
vt 0.50000000 0.50000000
vt 0.50000000 0.50000000
vt 0.50000000 0.50000000
vt 0.50000000 0.50000000
vt 0.50000000 0.50000000
vt 0.50000000 0.50000000
vt 0.50000000 0.50000000
vt 0.50000000 0.50000000
vt 0.50000000 0.50000000
vt 0.50000000 0.50000000
vt 0.50000000 0.50000000
vt 0.50000000 0.50000000
vt 0.50000000 0.50000000
vt 0.50000000 0.50000000
vt 0.50000000 0.50000000
vt 0.50000000 0.50000000
vt 0.50000000 0.50000000
vt 0.50000000 0.50000000
vt 0.50000000 0.50000000
vt 0.50000000 0.50000000
vt 0.50000000 0.50000000
vt 0.50000000 0.50000000
vt 0.50000000 0.50000000
vt 0.50000000 0.50000000
vt 0.50000000 0.50000000
vt 0.50000000 0.50000000
vt 0.50000000 0.50000000
vt 0.50000000 0.50000000
vt 0.50000000 0.50000000
vt 0.50000000 0.50000000
vt 0.50000000 0.50000000
vt 0.50000000 0.50000000
vt 0.50000000 0.50000000
vt 0.50000000 0.50000000
vt 0.50000000 0.50000000
vt 0.50000000 0.50000000
vt 0.50000000 0.50000000
vt 0.50000000 0.50000000
vt 0.50000000 0.50000000
vt 0.50000000 0.50000000
vt 0.50000000 0.50000000
vt 0.50000000 0.50000000
vt 0.50000000 0.50000000
vt 0.50000000 0.50000000
vt 0.50000000 0.50000000
vt 0.50000000 0.50000000
vt 0.50000000 0.50000000
vt 0.50000000 0.50000000
vt 0.50000000 0.50000000
vt 0.50000000 0.50000000
vt 0.50000000 0.50000000
vt 0.50000000 0.50000000
vt 0.50000000 0.50000000
vt 0.50000000 0.50000000
vt 0.50000000 0.50000000
vt 0.50000000 0.50000000
vt 0.50000000 0.50000000
vt 0.50000000 0.50000000
vt 0.50000000 0.50000000
vt 0.50000000 0.50000000
vt 0.50000000 0.50000000
vt 0.50000000 0.50000000
vt 0.50000000 0.50000000
vt 0.50000000 0.50000000
vt 0.50000000 0.50000000
vt 0.50000000 0.50000000
vt 0.50000000 0.50000000
vt 0.50000000 0.50000000
vt 0.50000000 0.50000000
vt 0.50000000 0.50000000
vt 0.50000000 0.50000000
vt 0.50000000 0.50000000
vt 0.50000000 0.50000000
vt 0.50000000 0.50000000
vt 0.50000000 0.50000000
vt 0.50000000 0.50000000
vt 0.50000000 0.50000000
vt 0.50000000 0.50000000
vt 0.50000000 0.50000000
vt 0.50000000 0.50000000
vt 0.50000000 0.50000000
vt 0.50000000 0.50000000
vt 0.50000000 0.50000000
vt 0.50000000 0.50000000
vt 0.50000000 0.50000000
vt 0.50000000 0.50000000
vt 0.50000000 0.50000000
vt 0.50000000 0.50000000
vt 0.50000000 0.50000000
vt 0.50000000 0.50000000
vt 0.50000000 0.50000000
vt 0.50000000 0.50000000
vt 0.50000000 0.50000000
vt 0.50000000 0.50000000
vt 0.50000000 0.50000000
vt 0.50000000 0.50000000
vt 0.50000000 0.50000000
vt 0.50000000 0.50000000
vt 0.50000000 0.50000000
vt 0.50000000 0.50000000
vt 0.50000000 0.50000000
vt 0.50000000 0.50000000
vt 0.50000000 0.50000000
vt 0.50000000 0.50000000
vt 0.50000000 0.50000000
vt 0.50000000 0.50000000
vt 0.50000000 0.50000000
vt 0.50000000 0.50000000
vt 0.50000000 0.50000000
vt 0.50000000 0.50000000
vt 0.50000000 0.50000000
vt 0.50000000 0.50000000
vt 0.50000000 0.50000000
vt 0.50000000 0.50000000
vt 0.50000000 0.50000000
vt 0.50000000 0.50000000
vt 0.50000000 0.50000000
vt 0.50000000 0.50000000
vt 0.50000000 0.50000000
vt 0.50000000 0.50000000
vt 0.50000000 0.50000000
vt 0.50000000 0.50000000
vt 0.50000000 0.50000000
vt 0.50000000 0.50000000
vt 0.50000000 0.50000000
vt 0.50000000 0.50000000
vt 0.50000000 0.50000000
vt 0.50000000 0.50000000
vt 0.50000000 0.50000000
vt 0.50000000 0.50000000
vt 0.50000000 0.50000000
vt 0.50000000 0.50000000
vt 0.50000000 0.50000000
vt 0.50000000 0.50000000
vt 0.50000000 0.50000000
vt 0.50000000 0.50000000
vt 0.50000000 0.50000000
vt 0.50000000 0.50000000
vt 0.50000000 0.50000000
vt 0.50000000 0.50000000
vt 0.50000000 0.50000000
vt 0.50000000 0.50000000
vt 0.50000000 0.50000000
vt 0.50000000 0.50000000
vt 0.50000000 0.50000000
vt 0.50000000 0.50000000
vt 0.50000000 0.50000000
vt 0.50000000 0.50000000
vt 0.50000000 0.50000000
vt 0.50000000 0.50000000
vt 0.50000000 0.50000000
vt 0.50000000 0.50000000
vt 0.50000000 0.50000000
vt 0.50000000 0.50000000
vt 0.50000000 0.50000000
vt 0.50000000 0.50000000
vt 0.50000000 0.50000000
vt 0.50000000 0.50000000
vt 0.50000000 0.50000000
vt 0.50000000 0.50000000
vt 0.50000000 0.50000000
vt 0.50000000 0.50000000
vt 0.50000000 0.50000000
vt 0.50000000 0.50000000
vt 0.50000000 0.50000000
vt 0.50000000 0.50000000
vt 0.50000000 0.50000000
vt 0.50000000 0.50000000
vt 0.50000000 0.50000000
vt 0.50000000 0.50000000
vt 0.50000000 0.50000000
vt 0.50000000 0.50000000
vt 0.50000000 0.50000000
vt 0.50000000 0.50000000
vt 0.50000000 0.50000000
vt 0.50000000 0.50000000
vt 0.50000000 0.50000000
vt 0.50000000 0.50000000
vt 0.50000000 0.50000000
vt 0.50000000 0.50000000
vt 0.50000000 0.50000000
vt 0.50000000 0.50000000
vt 0.50000000 0.50000000
vt 0.50000000 0.50000000
vt 0.50000000 0.50000000
vt 0.50000000 0.50000000
vt 0.50000000 0.50000000
vt 0.50000000 0.50000000
vt 0.50000000 0.50000000
vt 0.50000000 0.50000000
vt 0.50000000 0.50000000
vt 0.50000000 0.50000000
vt 0.50000000 0.50000000
vt 0.50000000 0.50000000
vt 0.50000000 0.50000000
vt 0.50000000 0.50000000
vt 0.50000000 0.50000000
vt 0.50000000 0.50000000
vt 0.50000000 0.50000000
vt 0.50000000 0.50000000
vt 0.50000000 0.50000000
vt 0.50000000 0.50000000
vt 0.50000000 0.50000000
vt 0.50000000 0.50000000
vt 0.50000000 0.50000000
vt 0.50000000 0.50000000
vt 0.50000000 0.50000000
vt 0.50000000 0.50000000
vt 0.50000000 0.50000000
vt 0.50000000 0.50000000
vt 0.50000000 0.50000000
vt 0.50000000 0.50000000
vt 0.50000000 0.50000000
vt 0.50000000 0.50000000
vt 0.50000000 0.50000000
vt 0.50000000 0.50000000
vt 0.50000000 0.50000000
vt 0.50000000 0.50000000
vt 0.50000000 0.50000000
vt 0.50000000 0.50000000
vt 0.50000000 0.50000000
vt 0.50000000 0.50000000
vt 0.50000000 0.50000000
vt 0.50000000 0.50000000
vt 0.50000000 0.50000000
vt 0.50000000 0.50000000
vt 0.50000000 0.50000000
vt 0.50000000 0.50000000
vt 0.50000000 0.50000000
vt 0.50000000 0.50000000
vt 0.50000000 0.50000000
vt 0.50000000 0.50000000
vt 0.50000000 0.50000000
vt 0.50000000 0.50000000
vt 0.50000000 0.50000000
vt 0.50000000 0.50000000
vt 0.50000000 0.50000000
vt 0.50000000 0.50000000
vt 0.50000000 0.50000000
vt 0.50000000 0.50000000
vt 0.50000000 0.50000000
vt 0.50000000 0.50000000
vt 0.50000000 0.50000000
vt 0.50000000 0.50000000
vt 0.50000000 0.50000000
vt 0.50000000 0.50000000
vt 0.50000000 0.50000000
vt 0.50000000 0.50000000
vt 0.50000000 0.50000000
vt 0.50000000 0.50000000
vt 0.50000000 0.50000000
vt 0.50000000 0.50000000
vt 0.50000000 0.50000000
vt 0.50000000 0.50000000
vt 0.50000000 0.50000000
vt 0.50000000 0.50000000
vt 0.50000000 0.50000000
vt 0.50000000 0.50000000
vt 0.50000000 0.50000000
vt 0.50000000 0.50000000
vt 0.50000000 0.50000000
vt 0.50000000 0.50000000
vt 0.50000000 0.50000000
vt 0.50000000 0.50000000
vt 0.50000000 0.50000000
vt 0.50000000 0.50000000
vt 0.50000000 0.50000000
vt 0.50000000 0.50000000
vt 0.50000000 0.50000000
vt 0.50000000 0.50000000
vt 0.50000000 0.50000000
vt 0.50000000 0.50000000
vt 0.50000000 0.50000000
vt 0.50000000 0.50000000
vt 0.50000000 0.50000000
vt 0.50000000 0.50000000
vt 0.50000000 0.50000000
vt 0.50000000 0.50000000
vt 0.50000000 0.50000000
vt 0.50000000 0.50000000
vt 0.50000000 0.50000000
vt 0.50000000 0.50000000
vt 0.50000000 0.50000000
vt 0.50000000 0.50000000
vt 0.50000000 0.50000000
vt 0.50000000 0.50000000
vt 0.50000000 0.50000000
vt 0.50000000 0.50000000
vt 0.50000000 0.50000000
vt 0.50000000 0.50000000
vt 0.50000000 0.50000000
vt 0.50000000 0.50000000
vt 0.50000000 0.50000000
vt 0.50000000 0.50000000
vt 0.50000000 0.50000000
vt 0.50000000 0.50000000
vt 0.50000000 0.50000000
vt 0.50000000 0.50000000
vt 0.50000000 0.50000000
vt 0.50000000 0.50000000
vt 0.50000000 0.50000000
vt 0.50000000 0.50000000
vt 0.50000000 0.50000000
vt 0.50000000 0.50000000
vt 0.50000000 0.50000000
vt 0.50000000 0.50000000
vt 0.50000000 0.50000000
vt 0.50000000 0.50000000
vt 0.50000000 0.50000000
vt 0.50000000 0.50000000
vt 0.50000000 0.50000000
vt 0.50000000 0.50000000
vt 0.50000000 0.50000000
vt 0.50000000 0.50000000
vt 0.50000000 0.50000000
vt 0.50000000 0.50000000
vt 0.50000000 0.50000000
vt 0.50000000 0.50000000
vt 0.50000000 0.50000000
vt 0.50000000 0.50000000
vt 0.50000000 0.50000000
vt 0.50000000 0.50000000
vt 0.50000000 0.50000000
vt 0.50000000 0.50000000
vt 0.50000000 0.50000000
vt 0.50000000 0.50000000
vt 0.50000000 0.50000000
vt 0.50000000 0.50000000
vt 0.50000000 0.50000000
vt 0.50000000 0.50000000
vt 0.50000000 0.50000000
vt 0.50000000 0.50000000
vt 0.50000000 0.50000000
vt 0.50000000 0.50000000
vt 0.50000000 0.50000000
vt 0.50000000 0.50000000
vt 0.50000000 0.50000000
vt 0.50000000 0.50000000
vt 0.50000000 0.50000000
vt 0.50000000 0.50000000
vt 0.50000000 0.50000000
vt 0.50000000 0.50000000
vt 0.50000000 0.50000000
vt 0.50000000 0.50000000
vt 0.50000000 0.50000000
vt 0.50000000 0.50000000
vt 0.50000000 0.50000000
vt 0.50000000 0.50000000
vt 0.50000000 0.50000000
vt 0.50000000 0.50000000
vt 0.50000000 0.50000000
vt 0.50000000 0.50000000
vt 0.50000000 0.50000000
vt 0.50000000 0.50000000
vt 0.50000000 0.50000000
vt 0.50000000 0.50000000
vt 0.50000000 0.50000000
vt 0.50000000 0.50000000
vt 0.50000000 0.50000000
vt 0.50000000 0.50000000
vt 0.50000000 0.50000000
vt 0.50000000 0.50000000
vt 0.50000000 0.50000000
vt 0.50000000 0.50000000
vt 0.50000000 0.50000000
vt 0.50000000 0.50000000
vt 0.50000000 0.50000000
vt 0.50000000 0.50000000
vt 0.50000000 0.50000000
vt 0.50000000 0.50000000
vt 0.50000000 0.50000000
vt 0.50000000 0.50000000
vt 0.50000000 0.50000000
vt 0.50000000 0.50000000
vt 0.50000000 0.50000000
vt 0.50000000 0.50000000
vt 0.50000000 0.50000000
vt 0.50000000 0.50000000
vt 0.50000000 0.50000000
vt 0.50000000 0.50000000
vt 0.50000000 0.50000000
vt 0.50000000 0.50000000
vt 0.50000000 0.50000000
vt 0.50000000 0.50000000
vt 0.50000000 0.50000000
vt 0.50000000 0.50000000
vt 0.50000000 0.50000000
vt 0.50000000 0.50000000
vt 0.50000000 0.50000000
vt 0.50000000 0.50000000
vt 0.50000000 0.50000000
vt 0.50000000 0.50000000
vt 0.50000000 0.50000000
vt 0.50000000 0.50000000
vt 0.50000000 0.50000000
vt 0.50000000 0.50000000
vt 0.50000000 0.50000000
vt 0.50000000 0.50000000
vt 0.50000000 0.50000000
vt 0.50000000 0.50000000
vt 0.50000000 0.50000000
vt 0.50000000 0.50000000
vt 0.50000000 0.50000000
vt 0.50000000 0.50000000
vt 0.50000000 0.50000000
vt 0.50000000 0.50000000
vt 0.50000000 0.50000000
vt 0.50000000 0.50000000
vt 0.50000000 0.50000000
vt 0.50000000 0.50000000
vt 0.50000000 0.50000000
vt 0.50000000 0.50000000
vt 0.50000000 0.50000000
vt 0.50000000 0.50000000
vt 0.50000000 0.50000000
vt 0.50000000 0.50000000
vt 0.50000000 0.50000000
vt 0.50000000 0.50000000
vt 0.50000000 0.50000000
vt 0.50000000 0.50000000
vt 0.50000000 0.50000000
vt 0.50000000 0.50000000
vt 0.50000000 0.50000000
vt 0.50000000 0.50000000
vt 0.50000000 0.50000000
vt 0.50000000 0.50000000
vt 0.50000000 0.50000000
vt 0.50000000 0.50000000
vt 0.50000000 0.50000000
vt 0.50000000 0.50000000
vt 0.50000000 0.50000000
vt 0.50000000 0.50000000
vt 0.50000000 0.50000000
vt 0.50000000 0.50000000
vt 0.50000000 0.50000000
vt 0.50000000 0.50000000
vt 0.50000000 0.50000000
vt 0.50000000 0.50000000
vt 0.50000000 0.50000000
vt 0.50000000 0.50000000
vt 0.50000000 0.50000000
vt 0.50000000 0.50000000
vt 0.50000000 0.50000000
vt 0.50000000 0.50000000
vt 0.50000000 0.50000000
vt 0.50000000 0.50000000
vt 0.50000000 0.50000000
vt 0.50000000 0.50000000
vt 0.50000000 0.50000000
vt 0.50000000 0.50000000
vt 0.50000000 0.50000000
vt 0.50000000 0.50000000
vt 0.50000000 0.50000000
vt 0.50000000 0.50000000
vt 0.50000000 0.50000000
vt 0.50000000 0.50000000
vt 0.50000000 0.50000000
vt 0.50000000 0.50000000
vt 0.50000000 0.50000000
vt 0.50000000 0.50000000
vt 0.50000000 0.50000000
vt 0.50000000 0.50000000
vt 0.50000000 0.50000000
vt 0.50000000 0.50000000
vt 0.50000000 0.50000000
vt 0.50000000 0.50000000
vt 0.50000000 0.50000000
vt 0.50000000 0.50000000
vt 0.50000000 0.50000000
vt 0.50000000 0.50000000
vt 0.50000000 0.50000000
vt 0.50000000 0.50000000
vt 0.50000000 0.50000000
vt 0.50000000 0.50000000
vt 0.50000000 0.50000000
vt 0.50000000 0.50000000
vt 0.50000000 0.50000000
vt 0.50000000 0.50000000
vt 0.50000000 0.50000000
vt 0.50000000 0.50000000
vt 0.50000000 0.50000000
vt 0.50000000 0.50000000
vt 0.50000000 0.50000000
vt 0.50000000 0.50000000
vt 0.50000000 0.50000000
vt 0.50000000 0.50000000
vt 0.50000000 0.50000000
vt 0.50000000 0.50000000
vt 0.50000000 0.50000000
vt 0.50000000 0.50000000
vt 0.50000000 0.50000000
vt 0.50000000 0.50000000
vt 0.50000000 0.50000000
vt 0.50000000 0.50000000
vt 0.50000000 0.50000000
vt 0.50000000 0.50000000
vt 0.50000000 0.50000000
vt 0.50000000 0.50000000
vt 0.50000000 0.50000000
vt 0.50000000 0.50000000
vt 0.50000000 0.50000000
vt 0.50000000 0.50000000
vt 0.50000000 0.50000000
vt 0.50000000 0.50000000
vt 0.50000000 0.50000000
vt 0.50000000 0.50000000
vt 0.50000000 0.50000000
vt 0.50000000 0.50000000
vt 0.50000000 0.50000000
vt 0.50000000 0.50000000
vt 0.50000000 0.50000000
vt 0.50000000 0.50000000
vt 0.50000000 0.50000000
vt 0.50000000 0.50000000
vt 0.50000000 0.50000000
vt 0.50000000 0.50000000
vt 0.50000000 0.50000000
vt 0.50000000 0.50000000
vt 0.50000000 0.50000000
vt 0.50000000 0.50000000
vt 0.50000000 0.50000000
vt 0.50000000 0.50000000
vt 0.50000000 0.50000000
vt 0.50000000 0.50000000
vt 0.50000000 0.50000000
vt 0.50000000 0.50000000
vt 0.50000000 0.50000000
vt 0.50000000 0.50000000
vt 0.50000000 0.50000000
vt 0.50000000 0.50000000
vt 0.50000000 0.50000000
vt 0.50000000 0.50000000
vt 0.50000000 0.50000000
vt 0.50000000 0.50000000
vt 0.50000000 0.50000000
vt 0.50000000 0.50000000
vt 0.50000000 0.50000000
vt 0.50000000 0.50000000
vt 0.50000000 0.50000000
vt 0.50000000 0.50000000
vt 0.50000000 0.50000000
vt 0.50000000 0.50000000
vt 0.50000000 0.50000000
vt 0.50000000 0.50000000
vt 0.50000000 0.50000000
vt 0.50000000 0.50000000
vt 0.50000000 0.50000000
vt 0.50000000 0.50000000
vt 0.50000000 0.50000000
vt 0.50000000 0.50000000
vt 0.50000000 0.50000000
vt 0.50000000 0.50000000
vt 0.50000000 0.50000000
vt 0.50000000 0.50000000
vt 0.50000000 0.50000000
vt 0.50000000 0.50000000
vt 0.50000000 0.50000000
vt 0.50000000 0.50000000
vt 0.50000000 0.50000000
vt 0.50000000 0.50000000
vt 0.50000000 0.50000000
vt 0.50000000 0.50000000
vt 0.50000000 0.50000000
vt 0.50000000 0.50000000
vt 0.50000000 0.50000000
vt 0.50000000 0.50000000
vt 0.50000000 0.50000000
vt 0.50000000 0.50000000
vt 0.50000000 0.50000000
vt 0.50000000 0.50000000
vt 0.50000000 0.50000000
vt 0.50000000 0.50000000
vt 0.50000000 0.50000000
vt 0.50000000 0.50000000
vt 0.50000000 0.50000000
vt 0.50000000 0.50000000
vt 0.50000000 0.50000000
vt 0.50000000 0.50000000
vt 0.50000000 0.50000000
vt 0.50000000 0.50000000
vt 0.50000000 0.50000000
vt 0.50000000 0.50000000
vt 0.50000000 0.50000000
vt 0.50000000 0.50000000
vt 0.50000000 0.50000000
vt 0.50000000 0.50000000
vt 0.50000000 0.50000000
vt 0.50000000 0.50000000
vt 0.50000000 0.50000000
vt 0.50000000 0.50000000
vt 0.50000000 0.50000000
vt 0.50000000 0.50000000
vt 0.50000000 0.50000000
vt 0.50000000 0.50000000
vt 0.50000000 0.50000000
vt 0.50000000 0.50000000
vt 0.50000000 0.50000000
vt 0.50000000 0.50000000
vt 0.50000000 0.50000000
vt 0.50000000 0.50000000
vt 0.50000000 0.50000000
vt 0.50000000 0.50000000
vt 0.50000000 0.50000000
vt 0.50000000 0.50000000
vt 0.50000000 0.50000000
vt 0.50000000 0.50000000
vt 0.50000000 0.50000000
vt 0.50000000 0.50000000
vt 0.50000000 0.50000000
vt 0.50000000 0.50000000
vt 0.50000000 0.50000000
vt 0.50000000 0.50000000
vt 0.50000000 0.50000000
vt 0.50000000 0.50000000
vt 0.50000000 0.50000000
vt 0.50000000 0.50000000
vt 0.50000000 0.50000000
vt 0.50000000 0.50000000
vt 0.50000000 0.50000000
vt 0.50000000 0.50000000
vt 0.50000000 0.50000000
vt 0.50000000 0.50000000
vt 0.50000000 0.50000000
vt 0.50000000 0.50000000
vt 0.50000000 0.50000000
vt 0.50000000 0.50000000
vt 0.50000000 0.50000000
vt 0.50000000 0.50000000
vt 0.50000000 0.50000000
vt 0.50000000 0.50000000
vt 0.50000000 0.50000000
vt 0.50000000 0.50000000
vt 0.50000000 0.50000000
vt 0.50000000 0.50000000
vt 0.50000000 0.50000000
vt 0.50000000 0.50000000
vt 0.50000000 0.50000000
vt 0.50000000 0.50000000
vt 0.50000000 0.50000000
vt 0.50000000 0.50000000
vt 0.50000000 0.50000000
vt 0.50000000 0.50000000
vt 0.50000000 0.50000000
vt 0.50000000 0.50000000
vt 0.50000000 0.50000000
vt 0.50000000 0.50000000
vt 0.50000000 0.50000000
vt 0.50000000 0.50000000
vt 0.50000000 0.50000000
vt 0.50000000 0.50000000
vt 0.50000000 0.50000000
vt 0.50000000 0.50000000
vt 0.50000000 0.50000000
vt 0.50000000 0.50000000
vt 0.50000000 0.50000000
vt 0.50000000 0.50000000
vt 0.50000000 0.50000000
vt 0.50000000 0.50000000
vt 0.50000000 0.50000000
vt 0.50000000 0.50000000
vt 0.50000000 0.50000000
vt 0.50000000 0.50000000
vt 0.50000000 0.50000000
vt 0.50000000 0.50000000
vt 0.50000000 0.50000000
vt 0.50000000 0.50000000
vt 0.50000000 0.50000000
vt 0.50000000 0.50000000
vt 0.50000000 0.50000000
vt 0.50000000 0.50000000
vt 0.50000000 0.50000000
vt 0.50000000 0.50000000
vt 0.50000000 0.50000000
vt 0.50000000 0.50000000
vt 0.50000000 0.50000000
vt 0.50000000 0.50000000
vt 0.50000000 0.50000000
vt 0.50000000 0.50000000
vt 0.50000000 0.50000000
vt 0.50000000 0.50000000
vt 0.50000000 0.50000000
vt 0.50000000 0.50000000
vt 0.50000000 0.50000000
vt 0.50000000 0.50000000
vt 0.50000000 0.50000000
vt 0.50000000 0.50000000
vt 0.50000000 0.50000000
vt 0.50000000 0.50000000
vt 0.50000000 0.50000000
vt 0.50000000 0.50000000
vt 0.50000000 0.50000000
vt 0.50000000 0.50000000
vt 0.50000000 0.50000000
vt 0.50000000 0.50000000
vt 0.50000000 0.50000000
vt 0.50000000 0.50000000
vt 0.50000000 0.50000000
vt 0.50000000 0.50000000
vt 0.50000000 0.50000000
vt 0.50000000 0.50000000
vt 0.50000000 0.50000000
vt 0.50000000 0.50000000
vt 0.50000000 0.50000000
vt 0.50000000 0.50000000
vt 0.50000000 0.50000000
vt 0.50000000 0.50000000
vt 0.50000000 0.50000000
vt 0.50000000 0.50000000
vt 0.50000000 0.50000000
vt 0.50000000 0.50000000
vt 0.50000000 0.50000000
vt 0.50000000 0.50000000
vt 0.50000000 0.50000000
vt 0.50000000 0.50000000
vt 0.50000000 0.50000000
vt 0.50000000 0.50000000
vt 0.50000000 0.50000000
vt 0.50000000 0.50000000
vt 0.50000000 0.50000000
vt 0.50000000 0.50000000
vt 0.50000000 0.50000000
vt 0.50000000 0.50000000
vt 0.50000000 0.50000000
vt 0.50000000 0.50000000
vt 0.50000000 0.50000000
vt 0.50000000 0.50000000
vt 0.50000000 0.50000000
vt 0.50000000 0.50000000
vt 0.50000000 0.50000000
vt 0.50000000 0.50000000
vt 0.50000000 0.50000000
vt 0.50000000 0.50000000
vt 0.50000000 0.50000000
vt 0.50000000 0.50000000
vt 0.50000000 0.50000000
vt 0.50000000 0.50000000
vt 0.50000000 0.50000000
vt 0.50000000 0.50000000
vt 0.50000000 0.50000000
vt 0.50000000 0.50000000
vt 0.50000000 0.50000000
vt 0.50000000 0.50000000
vt 0.50000000 0.50000000
vt 0.50000000 0.50000000
vt 0.50000000 0.50000000
vt 0.50000000 0.50000000
vt 0.50000000 0.50000000
vt 0.50000000 0.50000000
vt 0.50000000 0.50000000
vt 0.50000000 0.50000000
vt 0.50000000 0.50000000
vt 0.50000000 0.50000000
vt 0.50000000 0.50000000
vt 0.50000000 0.50000000
vt 0.50000000 0.50000000
vt 0.50000000 0.50000000
vt 0.50000000 0.50000000
vt 0.50000000 0.50000000
vt 0.50000000 0.50000000
vt 0.50000000 0.50000000
vt 0.50000000 0.50000000
vt 0.50000000 0.50000000
vt 0.50000000 0.50000000
vt 0.50000000 0.50000000
vt 0.50000000 0.50000000
vt 0.50000000 0.50000000
vt 0.50000000 0.50000000
vt 0.50000000 0.50000000
vt 0.50000000 0.50000000
vt 0.50000000 0.50000000
vt 0.50000000 0.50000000
vt 0.50000000 0.50000000
vt 0.50000000 0.50000000
vt 0.50000000 0.50000000
vt 0.50000000 0.50000000
vt 0.50000000 0.50000000
vt 0.50000000 0.50000000
vt 0.50000000 0.50000000
vt 0.50000000 0.50000000
vt 0.50000000 0.50000000
vt 0.50000000 0.50000000
vt 0.50000000 0.50000000
vt 0.50000000 0.50000000
vt 0.50000000 0.50000000
vt 0.50000000 0.50000000
vt 0.50000000 0.50000000
vt 0.50000000 0.50000000
vt 0.50000000 0.50000000
vt 0.50000000 0.50000000
vt 0.50000000 0.50000000
vt 0.50000000 0.50000000
vt 0.50000000 0.50000000
vt 0.50000000 0.50000000
vt 0.50000000 0.50000000
vt 0.50000000 0.50000000
vt 0.50000000 0.50000000
vt 0.50000000 0.50000000
vt 0.50000000 0.50000000
vt 0.50000000 0.50000000
vt 0.50000000 0.50000000
vt 0.50000000 0.50000000
vt 0.50000000 0.50000000
vt 0.50000000 0.50000000
vt 0.50000000 0.50000000
vt 0.50000000 0.50000000
vt 0.50000000 0.50000000
vt 0.50000000 0.50000000
vt 0.50000000 0.50000000
vt 0.50000000 0.50000000
vt 0.50000000 0.50000000
vt 0.50000000 0.50000000
vt 0.50000000 0.50000000
vt 0.50000000 0.50000000
vt 0.50000000 0.50000000
vt 0.50000000 0.50000000
vt 0.50000000 0.50000000
vt 0.50000000 0.50000000
vt 0.50000000 0.50000000
vt 0.50000000 0.50000000
vt 0.50000000 0.50000000
vt 0.50000000 0.50000000
vt 0.50000000 0.50000000
vt 0.50000000 0.50000000
vt 0.50000000 0.50000000
vt 0.50000000 0.50000000
vt 0.50000000 0.50000000
vt 0.50000000 0.50000000
vt 0.50000000 0.50000000
vt 0.50000000 0.50000000
vt 0.50000000 0.50000000
vt 0.50000000 0.50000000
vt 0.50000000 0.50000000
vt 0.50000000 0.50000000
vt 0.50000000 0.50000000
vt 0.50000000 0.50000000
vt 0.50000000 0.50000000
vt 0.50000000 0.50000000
vt 0.50000000 0.50000000
vt 0.50000000 0.50000000
vt 0.50000000 0.50000000
vt 0.50000000 0.50000000
vt 0.50000000 0.50000000
vt 0.50000000 0.50000000
vt 0.50000000 0.50000000
vt 0.50000000 0.50000000
vt 0.50000000 0.50000000
vt 0.50000000 0.50000000
vt 0.50000000 0.50000000
vt 0.50000000 0.50000000
vt 0.50000000 0.50000000
vt 0.50000000 0.50000000
vt 0.50000000 0.50000000
vt 0.50000000 0.50000000
vt 0.50000000 0.50000000
vt 0.50000000 0.50000000
vt 0.50000000 0.50000000
vt 0.50000000 0.50000000
vt 0.50000000 0.50000000
vt 0.50000000 0.50000000
vt 0.50000000 0.50000000
vt 0.50000000 0.50000000
vt 0.50000000 0.50000000
vt 0.50000000 0.50000000
vt 0.50000000 0.50000000
vt 0.50000000 0.50000000
vt 0.50000000 0.50000000
vt 0.50000000 0.50000000
vt 0.50000000 0.50000000
vt 0.50000000 0.50000000
vt 0.50000000 0.50000000
vt 0.50000000 0.50000000
vt 0.50000000 0.50000000
vt 0.50000000 0.50000000
vt 0.50000000 0.50000000
vt 0.50000000 0.50000000
vt 0.50000000 0.50000000
vt 0.50000000 0.50000000
vt 0.50000000 0.50000000
vt 0.50000000 0.50000000
vt 0.50000000 0.50000000
vt 0.50000000 0.50000000
vt 0.50000000 0.50000000
vt 0.50000000 0.50000000
vt 0.50000000 0.50000000
vt 0.50000000 0.50000000
vt 0.50000000 0.50000000
vt 0.50000000 0.50000000
vt 0.50000000 0.50000000
vt 0.50000000 0.50000000
vt 0.50000000 0.50000000
vt 0.50000000 0.50000000
vt 0.50000000 0.50000000
vt 0.50000000 0.50000000
vt 0.50000000 0.50000000
vt 0.50000000 0.50000000
vt 0.50000000 0.50000000
vt 0.50000000 0.50000000
vt 0.50000000 0.50000000
vt 0.50000000 0.50000000
vt 0.50000000 0.50000000
vt 0.50000000 0.50000000
vt 0.50000000 0.50000000
vt 0.50000000 0.50000000
vt 0.50000000 0.50000000
vt 0.50000000 0.50000000
vt 0.50000000 0.50000000
vt 0.50000000 0.50000000
vt 0.50000000 0.50000000
vt 0.50000000 0.50000000
vt 0.50000000 0.50000000
vt 0.50000000 0.50000000
vt 0.50000000 0.50000000
vt 0.50000000 0.50000000
vt 0.50000000 0.50000000
vt 0.50000000 0.50000000
vt 0.50000000 0.50000000
vt 0.50000000 0.50000000
vt 0.50000000 0.50000000
vt 0.50000000 0.50000000
vt 0.50000000 0.50000000
vt 0.50000000 0.50000000
vt 0.50000000 0.50000000
vt 0.50000000 0.50000000
vt 0.50000000 0.50000000
vt 0.50000000 0.50000000
vt 0.50000000 0.50000000
vt 0.50000000 0.50000000
vt 0.50000000 0.50000000
vt 0.50000000 0.50000000
vt 0.50000000 0.50000000
vt 0.50000000 0.50000000
vt 0.50000000 0.50000000
vt 0.50000000 0.50000000
vt 0.50000000 0.50000000
vt 0.50000000 0.50000000
vt 0.50000000 0.50000000
vt 0.50000000 0.50000000
vt 0.50000000 0.50000000
vt 0.50000000 0.50000000
vt 0.50000000 0.50000000
vt 0.50000000 0.50000000
vt 0.50000000 0.50000000
vt 0.50000000 0.50000000
vt 0.50000000 0.50000000
vt 0.50000000 0.50000000
vt 0.50000000 0.50000000
vt 0.50000000 0.50000000
vt 0.50000000 0.50000000
vt 0.50000000 0.50000000
vt 0.50000000 0.50000000
vt 0.50000000 0.50000000
vt 0.50000000 0.50000000
vt 0.50000000 0.50000000
vt 0.50000000 0.50000000
vt 0.50000000 0.50000000
vt 0.50000000 0.50000000
vt 0.50000000 0.50000000
vt 0.50000000 0.50000000
vt 0.50000000 0.50000000
vt 0.50000000 0.50000000
vt 0.50000000 0.50000000
vt 0.50000000 0.50000000
vt 0.50000000 0.50000000
vt 0.50000000 0.50000000
vt 0.50000000 0.50000000
vt 0.50000000 0.50000000
vt 0.50000000 0.50000000
vt 0.50000000 0.50000000
vt 0.50000000 0.50000000
vt 0.50000000 0.50000000
vt 0.50000000 0.50000000
vt 0.50000000 0.50000000
vt 0.50000000 0.50000000
vt 0.50000000 0.50000000
vt 0.50000000 0.50000000
vt 0.50000000 0.50000000
vt 0.50000000 0.50000000
vt 0.50000000 0.50000000
vt 0.50000000 0.50000000
vt 0.50000000 0.50000000
vt 0.50000000 0.50000000
vt 0.50000000 0.50000000
vt 0.50000000 0.50000000
vt 0.50000000 0.50000000
vt 0.50000000 0.50000000
vt 0.50000000 0.50000000
vt 0.50000000 0.50000000
vt 0.50000000 0.50000000
vt 0.50000000 0.50000000
vt 0.50000000 0.50000000
vt 0.50000000 0.50000000
vt 0.50000000 0.50000000
vt 0.50000000 0.50000000
vt 0.50000000 0.50000000
vt 0.50000000 0.50000000
vt 0.50000000 0.50000000
vt 0.50000000 0.50000000
vt 0.50000000 0.50000000
vt 0.50000000 0.50000000
vt 0.50000000 0.50000000
vt 0.50000000 0.50000000
vt 0.50000000 0.50000000
vt 0.50000000 0.50000000
vt 0.50000000 0.50000000
vt 0.50000000 0.50000000
vt 0.50000000 0.50000000
vt 0.50000000 0.50000000
vt 0.50000000 0.50000000
vt 0.50000000 0.50000000
vt 0.50000000 0.50000000
vt 0.50000000 0.50000000
vt 0.50000000 0.50000000
vt 0.50000000 0.50000000
vt 0.50000000 0.50000000
vt 0.50000000 0.50000000
vt 0.50000000 0.50000000
vt 0.50000000 0.50000000
vt 0.50000000 0.50000000
vt 0.50000000 0.50000000
vt 0.50000000 0.50000000
vt 0.50000000 0.50000000
vt 0.50000000 0.50000000
vt 0.50000000 0.50000000
vt 0.50000000 0.50000000
vt 0.50000000 0.50000000
vt 0.50000000 0.50000000
vt 0.50000000 0.50000000
vt 0.50000000 0.50000000
vt 0.50000000 0.50000000
vt 0.50000000 0.50000000
vt 0.50000000 0.50000000
vt 0.50000000 0.50000000
vt 0.50000000 0.50000000
vt 0.50000000 0.50000000
vt 0.50000000 0.50000000
vt 0.50000000 0.50000000
vt 0.50000000 0.50000000
vt 0.50000000 0.50000000
vt 0.50000000 0.50000000
vt 0.50000000 0.50000000
vt 0.50000000 0.50000000
vt 0.50000000 0.50000000
vt 0.50000000 0.50000000
vt 0.50000000 0.50000000
vt 0.50000000 0.50000000
vt 0.50000000 0.50000000
vt 0.50000000 0.50000000
vt 0.50000000 0.50000000
vt 0.50000000 0.50000000
vt 0.50000000 0.50000000
vt 0.50000000 0.50000000
vt 0.50000000 0.50000000
vt 0.50000000 0.50000000
vt 0.50000000 0.50000000
vt 0.50000000 0.50000000
vt 0.50000000 0.50000000
vt 0.50000000 0.50000000
vt 0.50000000 0.50000000
vt 0.50000000 0.50000000
vt 0.50000000 0.50000000
vt 0.50000000 0.50000000
vt 0.50000000 0.50000000
vt 0.50000000 0.50000000
vt 0.50000000 0.50000000
vt 0.50000000 0.50000000
vt 0.50000000 0.50000000
vt 0.50000000 0.50000000
vt 0.50000000 0.50000000
vt 0.50000000 0.50000000
vt 0.50000000 0.50000000
vt 0.50000000 0.50000000
vt 0.50000000 0.50000000
vt 0.50000000 0.50000000
vt 0.50000000 0.50000000
vt 0.50000000 0.50000000
vt 0.50000000 0.50000000
vt 0.50000000 0.50000000
vt 0.50000000 0.50000000
vt 0.50000000 0.50000000
vt 0.50000000 0.50000000
vt 0.50000000 0.50000000
vt 0.50000000 0.50000000
vt 0.50000000 0.50000000
vt 0.50000000 0.50000000
vt 0.50000000 0.50000000
vt 0.50000000 0.50000000
vt 0.50000000 0.50000000
vt 0.50000000 0.50000000
vt 0.50000000 0.50000000
vt 0.50000000 0.50000000
vt 0.50000000 0.50000000
vt 0.50000000 0.50000000
vt 0.50000000 0.50000000
vt 0.50000000 0.50000000
vt 0.50000000 0.50000000
vt 0.50000000 0.50000000
vt 0.50000000 0.50000000
vt 0.50000000 0.50000000
vt 0.50000000 0.50000000
vt 0.50000000 0.50000000
vt 0.50000000 0.50000000
vt 0.50000000 0.50000000
vt 0.50000000 0.50000000
vt 0.50000000 0.50000000
vt 0.50000000 0.50000000
vt 0.50000000 0.50000000
vt 0.50000000 0.50000000
vt 0.50000000 0.50000000
vt 0.50000000 0.50000000
vt 0.50000000 0.50000000
vt 0.50000000 0.50000000
vt 0.50000000 0.50000000
vt 0.50000000 0.50000000
vt 0.50000000 0.50000000
vt 0.50000000 0.50000000
vt 0.50000000 0.50000000
vt 0.50000000 0.50000000
vt 0.50000000 0.50000000
vt 0.50000000 0.50000000
vt 0.50000000 0.50000000
vt 0.50000000 0.50000000
vt 0.50000000 0.50000000
vt 0.50000000 0.50000000
vt 0.50000000 0.50000000
vt 0.50000000 0.50000000
vt 0.50000000 0.50000000
vt 0.50000000 0.50000000
vt 0.50000000 0.50000000
vt 0.50000000 0.50000000
vt 0.50000000 0.50000000
vt 0.50000000 0.50000000
vt 0.50000000 0.50000000
vt 0.50000000 0.50000000
vt 0.50000000 0.50000000
vt 0.50000000 0.50000000
vt 0.50000000 0.50000000
vt 0.50000000 0.50000000
vt 0.50000000 0.50000000
vt 0.50000000 0.50000000
vt 0.50000000 0.50000000
vt 0.50000000 0.50000000
vt 0.50000000 0.50000000
vt 0.50000000 0.50000000
vt 0.50000000 0.50000000
vt 0.50000000 0.50000000
vt 0.50000000 0.50000000
vt 0.50000000 0.50000000
vt 0.50000000 0.50000000
vt 0.50000000 0.50000000
vt 0.50000000 0.50000000
vt 0.50000000 0.50000000
vt 0.50000000 0.50000000
vt 0.50000000 0.50000000
vt 0.50000000 0.50000000
vt 0.50000000 0.50000000
vt 0.50000000 0.50000000
vt 0.50000000 0.50000000
vt 0.50000000 0.50000000
vt 0.50000000 0.50000000
vt 0.50000000 0.50000000
vt 0.50000000 0.50000000
vt 0.50000000 0.50000000
vt 0.50000000 0.50000000
vt 0.50000000 0.50000000
vt 0.50000000 0.50000000
vt 0.50000000 0.50000000
vt 0.50000000 0.50000000
vt 0.50000000 0.50000000
vt 0.50000000 0.50000000
vt 0.50000000 0.50000000
vt 0.50000000 0.50000000
vt 0.50000000 0.50000000
vt 0.50000000 0.50000000
vt 0.50000000 0.50000000
vt 0.50000000 0.50000000
vt 0.50000000 0.50000000
vt 0.50000000 0.50000000
vt 0.50000000 0.50000000
vt 0.50000000 0.50000000
vt 0.50000000 0.50000000
vt 0.50000000 0.50000000
vt 0.50000000 0.50000000
vt 0.50000000 0.50000000
vt 0.50000000 0.50000000
vt 0.50000000 0.50000000
vt 0.50000000 0.50000000
vt 0.50000000 0.50000000
vt 0.50000000 0.50000000
vt 0.50000000 0.50000000
vt 0.50000000 0.50000000
vt 0.50000000 0.50000000
vt 0.50000000 0.50000000
vt 0.50000000 0.50000000
vt 0.50000000 0.50000000
vt 0.50000000 0.50000000
vt 0.50000000 0.50000000
vt 0.50000000 0.50000000
vt 0.50000000 0.50000000
vt 0.50000000 0.50000000
vt 0.50000000 0.50000000
vt 0.50000000 0.50000000
vt 0.50000000 0.50000000
vt 0.50000000 0.50000000
vt 0.50000000 0.50000000
vt 0.50000000 0.50000000
vt 0.50000000 0.50000000
vt 0.50000000 0.50000000
vt 0.50000000 0.50000000
vt 0.50000000 0.50000000
vt 0.50000000 0.50000000
vt 0.50000000 0.50000000
vt 0.50000000 0.50000000
vt 0.50000000 0.50000000
vt 0.50000000 0.50000000
vt 0.50000000 0.50000000
vt 0.50000000 0.50000000
vt 0.50000000 0.50000000
vt 0.50000000 0.50000000
vt 0.50000000 0.50000000
vt 0.50000000 0.50000000
vt 0.50000000 0.50000000
vt 0.50000000 0.50000000
vt 0.50000000 0.50000000
vt 0.50000000 0.50000000
vt 0.50000000 0.50000000
vt 0.50000000 0.50000000
vt 0.50000000 0.50000000
vt 0.50000000 0.50000000
vt 0.50000000 0.50000000
vt 0.50000000 0.50000000
vt 0.50000000 0.50000000
vt 0.50000000 0.50000000
vt 0.50000000 0.50000000
vt 0.50000000 0.50000000
vt 0.50000000 0.50000000
vt 0.50000000 0.50000000
vt 0.50000000 0.50000000
vt 0.50000000 0.50000000
vt 0.50000000 0.50000000
vt 0.50000000 0.50000000
vt 0.50000000 0.50000000
vt 0.50000000 0.50000000
vt 0.50000000 0.50000000
vt 0.50000000 0.50000000
vt 0.50000000 0.50000000
vt 0.50000000 0.50000000
vt 0.50000000 0.50000000
vt 0.50000000 0.50000000
vt 0.50000000 0.50000000
vt 0.50000000 0.50000000
vt 0.50000000 0.50000000
vt 0.50000000 0.50000000
vt 0.50000000 0.50000000
vt 0.50000000 0.50000000
vt 0.50000000 0.50000000
vt 0.50000000 0.50000000
vt 0.50000000 0.50000000
vt 0.50000000 0.50000000
vt 0.50000000 0.50000000
vt 0.50000000 0.50000000
vt 0.50000000 0.50000000
vt 0.50000000 0.50000000
vt 0.50000000 0.50000000
vt 0.50000000 0.50000000
vt 0.50000000 0.50000000
vt 0.50000000 0.50000000
vt 0.50000000 0.50000000
vt 0.50000000 0.50000000
vt 0.50000000 0.50000000
vt 0.50000000 0.50000000
vt 0.50000000 0.50000000
vt 0.50000000 0.50000000
vt 0.50000000 0.50000000
vt 0.50000000 0.50000000
vt 0.50000000 0.50000000
vt 0.50000000 0.50000000
vt 0.50000000 0.50000000
vt 0.50000000 0.50000000
vt 0.50000000 0.50000000
vt 0.50000000 0.50000000
vt 0.50000000 0.50000000
vt 0.50000000 0.50000000
vt 0.50000000 0.50000000
vt 0.50000000 0.50000000
vt 0.50000000 0.50000000
vt 0.50000000 0.50000000
vt 0.50000000 0.50000000
vt 0.50000000 0.50000000
vt 0.50000000 0.50000000
vt 0.50000000 0.50000000
vt 0.50000000 0.50000000
vt 0.50000000 0.50000000
vt 0.50000000 0.50000000
vt 0.50000000 0.50000000
vt 0.50000000 0.50000000
vt 0.50000000 0.50000000
vt 0.50000000 0.50000000
vt 0.50000000 0.50000000
vt 0.50000000 0.50000000
vt 0.50000000 0.50000000
vt 0.50000000 0.50000000
vt 0.50000000 0.50000000
vt 0.50000000 0.50000000
vt 0.50000000 0.50000000
vt 0.50000000 0.50000000
vt 0.50000000 0.50000000
vt 0.50000000 0.50000000
vt 0.50000000 0.50000000
vt 0.50000000 0.50000000
vt 0.50000000 0.50000000
vt 0.50000000 0.50000000
vt 0.50000000 0.50000000
vt 0.50000000 0.50000000
vt 0.50000000 0.50000000
vt 0.50000000 0.50000000
vt 0.50000000 0.50000000
vt 0.50000000 0.50000000
vt 0.50000000 0.50000000
vt 0.50000000 0.50000000
vt 0.50000000 0.50000000
vt 0.50000000 0.50000000
vt 0.50000000 0.50000000
vt 0.50000000 0.50000000
vt 0.50000000 0.50000000
vt 0.50000000 0.50000000
vt 0.50000000 0.50000000
vt 0.50000000 0.50000000
vt 0.50000000 0.50000000
vt 0.50000000 0.50000000
vt 0.50000000 0.50000000
vt 0.50000000 0.50000000
vt 0.50000000 0.50000000
vt 0.50000000 0.50000000
vt 0.50000000 0.50000000
vt 0.50000000 0.50000000
vt 0.50000000 0.50000000
vt 0.50000000 0.50000000
vt 0.50000000 0.50000000
vt 0.50000000 0.50000000
vt 0.50000000 0.50000000
vt 0.50000000 0.50000000
vt 0.50000000 0.50000000
vt 0.50000000 0.50000000
vt 0.50000000 0.50000000
vt 0.50000000 0.50000000
vt 0.50000000 0.50000000
vt 0.50000000 0.50000000
vt 0.50000000 0.50000000
vt 0.50000000 0.50000000
vt 0.50000000 0.50000000
vt 0.50000000 0.50000000
vt 0.50000000 0.50000000
vt 0.50000000 0.50000000
vt 0.50000000 0.50000000
vt 0.50000000 0.50000000
vt 0.50000000 0.50000000
vt 0.50000000 0.50000000
vt 0.50000000 0.50000000
vt 0.50000000 0.50000000
vt 0.50000000 0.50000000
vt 0.50000000 0.50000000
vt 0.50000000 0.50000000
vt 0.50000000 0.50000000
vt 0.50000000 0.50000000
vt 0.50000000 0.50000000
vt 0.50000000 0.50000000
vt 0.50000000 0.50000000
vt 0.50000000 0.50000000
vt 0.50000000 0.50000000
vt 0.50000000 0.50000000
vt 0.50000000 0.50000000
vt 0.50000000 0.50000000
vt 0.50000000 0.50000000
vt 0.50000000 0.50000000
vt 0.50000000 0.50000000
vt 0.50000000 0.50000000
vt 0.50000000 0.50000000
vt 0.50000000 0.50000000
vt 0.50000000 0.50000000
vt 0.50000000 0.50000000
vt 0.50000000 0.50000000
vt 0.50000000 0.50000000
vt 0.50000000 0.50000000
vt 0.50000000 0.50000000
vt 0.50000000 0.50000000
vt 0.50000000 0.50000000
vt 0.50000000 0.50000000
vt 0.50000000 0.50000000
vt 0.50000000 0.50000000
vt 0.50000000 0.50000000
vt 0.50000000 0.50000000
vt 0.50000000 0.50000000
vt 0.50000000 0.50000000
vt 0.50000000 0.50000000
vt 0.50000000 0.50000000
vt 0.50000000 0.50000000
vt 0.50000000 0.50000000
vt 0.50000000 0.50000000
vt 0.50000000 0.50000000
vt 0.50000000 0.50000000
vt 0.50000000 0.50000000
vt 0.50000000 0.50000000
vt 0.50000000 0.50000000
vt 0.50000000 0.50000000
vt 0.50000000 0.50000000
vt 0.50000000 0.50000000
vt 0.50000000 0.50000000
vt 0.50000000 0.50000000
vt 0.50000000 0.50000000
vt 0.50000000 0.50000000
vt 0.50000000 0.50000000
vt 0.50000000 0.50000000
vt 0.50000000 0.50000000
vt 0.50000000 0.50000000
vt 0.50000000 0.50000000
vt 0.50000000 0.50000000
vt 0.50000000 0.50000000
vt 0.50000000 0.50000000
vt 0.50000000 0.50000000
vt 0.50000000 0.50000000
vt 0.50000000 0.50000000
vt 0.50000000 0.50000000
vt 0.50000000 0.50000000
vt 0.50000000 0.50000000
vt 0.50000000 0.50000000
vt 0.50000000 0.50000000
vt 0.50000000 0.50000000
vt 0.50000000 0.50000000
vt 0.50000000 0.50000000
vt 0.50000000 0.50000000
vt 0.50000000 0.50000000
vt 0.50000000 0.50000000
vt 0.50000000 0.50000000
vt 0.50000000 0.50000000
vt 0.50000000 0.50000000
vt 0.50000000 0.50000000
vt 0.50000000 0.50000000
vt 0.50000000 0.50000000
vt 0.50000000 0.50000000
vt 0.50000000 0.50000000
vt 0.50000000 0.50000000
vt 0.50000000 0.50000000
vt 0.50000000 0.50000000
vt 0.50000000 0.50000000
vt 0.50000000 0.50000000
vt 0.50000000 0.50000000
vt 0.50000000 0.50000000
vt 0.50000000 0.50000000
vt 0.50000000 0.50000000
vt 0.50000000 0.50000000
vt 0.50000000 0.50000000
vt 0.50000000 0.50000000
vt 0.50000000 0.50000000
vt 0.50000000 0.50000000
vt 0.50000000 0.50000000
vt 0.50000000 0.50000000
vt 0.50000000 0.50000000
vt 0.50000000 0.50000000
vt 0.50000000 0.50000000
vt 0.50000000 0.50000000
vt 0.50000000 0.50000000
vt 0.50000000 0.50000000
vt 0.50000000 0.50000000
vt 0.50000000 0.50000000
vt 0.50000000 0.50000000
vt 0.50000000 0.50000000
vt 0.50000000 0.50000000
vt 0.50000000 0.50000000
vt 0.50000000 0.50000000
vt 0.50000000 0.50000000
vt 0.50000000 0.50000000
vt 0.50000000 0.50000000
vt 0.50000000 0.50000000
vt 0.50000000 0.50000000
vt 0.50000000 0.50000000
vt 0.50000000 0.50000000
vt 0.50000000 0.50000000
vt 0.50000000 0.50000000
vt 0.50000000 0.50000000
vt 0.50000000 0.50000000
vt 0.50000000 0.50000000
vt 0.50000000 0.50000000
vt 0.50000000 0.50000000
vt 0.50000000 0.50000000
vt 0.50000000 0.50000000
vt 0.50000000 0.50000000
vt 0.50000000 0.50000000
vt 0.50000000 0.50000000
vt 0.50000000 0.50000000
vt 0.50000000 0.50000000
vt 0.50000000 0.50000000
vt 0.50000000 0.50000000
vt 0.50000000 0.50000000
vt 0.50000000 0.50000000
vt 0.50000000 0.50000000
vt 0.50000000 0.50000000
vt 0.50000000 0.50000000
vt 0.50000000 0.50000000
vt 0.50000000 0.50000000
vt 0.50000000 0.50000000
vt 0.50000000 0.50000000
vt 0.50000000 0.50000000
vt 0.50000000 0.50000000
vt 0.50000000 0.50000000
vt 0.50000000 0.50000000
vt 0.50000000 0.50000000
vt 0.50000000 0.50000000
vt 0.50000000 0.50000000
vt 0.50000000 0.50000000
vt 0.50000000 0.50000000
vt 0.50000000 0.50000000
vt 0.50000000 0.50000000
vt 0.50000000 0.50000000
vt 0.50000000 0.50000000
vt 0.50000000 0.50000000
vt 0.50000000 0.50000000
vt 0.50000000 0.50000000
vt 0.50000000 0.50000000
vt 0.50000000 0.50000000
vt 0.50000000 0.50000000
vt 0.50000000 0.50000000
vt 0.50000000 0.50000000
vt 0.50000000 0.50000000
vt 0.50000000 0.50000000
vt 0.50000000 0.50000000
vt 0.50000000 0.50000000
vt 0.50000000 0.50000000
vt 0.50000000 0.50000000
vt 0.50000000 0.50000000
vt 0.50000000 0.50000000
vt 0.50000000 0.50000000
vt 0.50000000 0.50000000
vt 0.50000000 0.50000000
vt 0.50000000 0.50000000
vt 0.50000000 0.50000000
vt 0.50000000 0.50000000
vt 0.50000000 0.50000000
vt 0.50000000 0.50000000
vt 0.50000000 0.50000000
vt 0.50000000 0.50000000
vt 0.50000000 0.50000000
vt 0.50000000 0.50000000
vt 0.50000000 0.50000000
vt 0.50000000 0.50000000
vt 0.50000000 0.50000000
vt 0.50000000 0.50000000
vt 0.50000000 0.50000000
vt 0.50000000 0.50000000
vt 0.50000000 0.50000000
vt 0.50000000 0.50000000
vt 0.50000000 0.50000000
vt 0.50000000 0.50000000
vt 0.50000000 0.50000000
vt 0.50000000 0.50000000
vt 0.50000000 0.50000000
vt 0.50000000 0.50000000
vt 0.50000000 0.50000000
vt 0.50000000 0.50000000
vt 0.50000000 0.50000000
vt 0.50000000 0.50000000
vt 0.50000000 0.50000000
vt 0.50000000 0.50000000
vt 0.50000000 0.50000000
vt 0.50000000 0.50000000
vt 0.50000000 0.50000000
vt 0.50000000 0.50000000
vt 0.50000000 0.50000000
vt 0.50000000 0.50000000
vt 0.50000000 0.50000000
vt 0.50000000 0.50000000
vt 0.50000000 0.50000000
vt 0.50000000 0.50000000
vt 0.50000000 0.50000000
vt 0.50000000 0.50000000
vt 0.50000000 0.50000000
vt 0.50000000 0.50000000
vt 0.50000000 0.50000000
vt 0.50000000 0.50000000
vt 0.50000000 0.50000000
vt 0.50000000 0.50000000
vt 0.50000000 0.50000000
vt 0.50000000 0.50000000
vt 0.50000000 0.50000000
vt 0.50000000 0.50000000
vt 0.50000000 0.50000000
vt 0.50000000 0.50000000
vt 0.50000000 0.50000000
vt 0.50000000 0.50000000
vt 0.50000000 0.50000000
vt 0.50000000 0.50000000
vt 0.50000000 0.50000000
vt 0.50000000 0.50000000
vt 0.50000000 0.50000000
vt 0.50000000 0.50000000
vt 0.50000000 0.50000000
vt 0.50000000 0.50000000
vt 0.50000000 0.50000000
vt 0.50000000 0.50000000
vt 0.50000000 0.50000000
vt 0.50000000 0.50000000
vt 0.50000000 0.50000000
vt 0.50000000 0.50000000
vt 0.50000000 0.50000000
vt 0.50000000 0.50000000
vt 0.50000000 0.50000000
vt 0.50000000 0.50000000
vt 0.50000000 0.50000000
vt 0.50000000 0.50000000
vt 0.50000000 0.50000000
vt 0.50000000 0.50000000
vt 0.50000000 0.50000000
vt 0.50000000 0.50000000
vt 0.50000000 0.50000000
vt 0.50000000 0.50000000
vt 0.50000000 0.50000000
vt 0.50000000 0.50000000
vt 0.50000000 0.50000000
vt 0.50000000 0.50000000
vt 0.50000000 0.50000000
vt 0.50000000 0.50000000
vt 0.50000000 0.50000000
vt 0.50000000 0.50000000
vt 0.50000000 0.50000000
vt 0.50000000 0.50000000
vt 0.50000000 0.50000000
vt 0.50000000 0.50000000
vt 0.50000000 0.50000000
vt 0.50000000 0.50000000
vt 0.50000000 0.50000000
vt 0.50000000 0.50000000
vt 0.50000000 0.50000000
vt 0.50000000 0.50000000
vt 0.50000000 0.50000000
vt 0.50000000 0.50000000
vt 0.50000000 0.50000000
vt 0.50000000 0.50000000
vt 0.50000000 0.50000000
vt 0.50000000 0.50000000
vt 0.50000000 0.50000000
vt 0.50000000 0.50000000
vt 0.50000000 0.50000000
vt 0.50000000 0.50000000
vt 0.50000000 0.50000000
vt 0.50000000 0.50000000
vt 0.50000000 0.50000000
vt 0.50000000 0.50000000
vt 0.50000000 0.50000000
vt 0.50000000 0.50000000
vt 0.50000000 0.50000000
vt 0.50000000 0.50000000
vt 0.50000000 0.50000000
vt 0.50000000 0.50000000
vt 0.50000000 0.50000000
vt 0.50000000 0.50000000
vt 0.50000000 0.50000000
vt 0.50000000 0.50000000
vt 0.50000000 0.50000000
vt 0.50000000 0.50000000
vt 0.50000000 0.50000000
vt 0.50000000 0.50000000
vt 0.50000000 0.50000000
vt 0.50000000 0.50000000
vt 0.50000000 0.50000000
vt 0.50000000 0.50000000
vt 0.50000000 0.50000000
vt 0.50000000 0.50000000
vt 0.50000000 0.50000000
vt 0.50000000 0.50000000
vt 0.50000000 0.50000000
vt 0.50000000 0.50000000
vt 0.50000000 0.50000000
vt 0.50000000 0.50000000
vt 0.50000000 0.50000000
vt 0.50000000 0.50000000
vt 0.50000000 0.50000000
vt 0.50000000 0.50000000
vt 0.50000000 0.50000000
vt 0.50000000 0.50000000
vt 0.50000000 0.50000000
vt 0.50000000 0.50000000
vt 0.50000000 0.50000000
vt 0.50000000 0.50000000
vt 0.50000000 0.50000000
vt 0.50000000 0.50000000
vt 0.50000000 0.50000000
vt 0.50000000 0.50000000
vt 0.50000000 0.50000000
vt 0.50000000 0.50000000
vt 0.50000000 0.50000000
vt 0.50000000 0.50000000
vt 0.50000000 0.50000000
vt 0.50000000 0.50000000
vt 0.50000000 0.50000000
vt 0.50000000 0.50000000
vt 0.50000000 0.50000000
vt 0.50000000 0.50000000
vt 0.50000000 0.50000000
vt 0.50000000 0.50000000
vt 0.50000000 0.50000000
vt 0.50000000 0.50000000
vt 0.50000000 0.50000000
vt 0.50000000 0.50000000
vt 0.50000000 0.50000000
vt 0.50000000 0.50000000
vt 0.50000000 0.50000000
vt 0.50000000 0.50000000
vt 0.50000000 0.50000000
vt 0.50000000 0.50000000
vt 0.50000000 0.50000000
vt 0.50000000 0.50000000
vt 0.50000000 0.50000000
vt 0.50000000 0.50000000
vt 0.50000000 0.50000000
vt 0.50000000 0.50000000
vt 0.50000000 0.50000000
vt 0.50000000 0.50000000
vt 0.50000000 0.50000000
vt 0.50000000 0.50000000
vt 0.50000000 0.50000000
vt 0.50000000 0.50000000
vt 0.50000000 0.50000000
vt 0.50000000 0.50000000
vt 0.50000000 0.50000000
vt 0.50000000 0.50000000
vt 0.50000000 0.50000000
vt 0.50000000 0.50000000
vt 0.50000000 0.50000000
vt 0.50000000 0.50000000
vt 0.50000000 0.50000000
vt 0.50000000 0.50000000
vt 0.50000000 0.50000000
vt 0.50000000 0.50000000
vt 0.50000000 0.50000000
vt 0.50000000 0.50000000
vt 0.50000000 0.50000000
vt 0.50000000 0.50000000
vt 0.50000000 0.50000000
vt 0.50000000 0.50000000
vt 0.50000000 0.50000000
vt 0.50000000 0.50000000
vt 0.50000000 0.50000000
vt 0.50000000 0.50000000
vt 0.50000000 0.50000000
vt 0.50000000 0.50000000
vt 0.50000000 0.50000000
vt 0.50000000 0.50000000
vt 0.50000000 0.50000000
vt 0.50000000 0.50000000
vt 0.50000000 0.50000000
vt 0.50000000 0.50000000
vt 0.50000000 0.50000000
vt 0.50000000 0.50000000
vt 0.50000000 0.50000000
vt 0.50000000 0.50000000
vt 0.50000000 0.50000000
vt 0.50000000 0.50000000
vt 0.50000000 0.50000000
vt 0.50000000 0.50000000
vt 0.50000000 0.50000000
vt 0.50000000 0.50000000
vt 0.50000000 0.50000000
vt 0.50000000 0.50000000
vt 0.50000000 0.50000000
vt 0.50000000 0.50000000
vt 0.50000000 0.50000000
vt 0.50000000 0.50000000
vt 0.50000000 0.50000000
vt 0.50000000 0.50000000
vt 0.50000000 0.50000000
vt 0.50000000 0.50000000
vt 0.50000000 0.50000000
vt 0.50000000 0.50000000
vt 0.50000000 0.50000000
vt 0.50000000 0.50000000
vt 0.50000000 0.50000000
vt 0.50000000 0.50000000
vt 0.50000000 0.50000000
vt 0.50000000 0.50000000
vt 0.50000000 0.50000000
vt 0.50000000 0.50000000
vt 0.50000000 0.50000000
vt 0.50000000 0.50000000
vt 0.50000000 0.50000000
vt 0.50000000 0.50000000
vt 0.50000000 0.50000000
vt 0.50000000 0.50000000
vt 0.50000000 0.50000000
vt 0.50000000 0.50000000
vt 0.50000000 0.50000000
vt 0.50000000 0.50000000
vt 0.50000000 0.50000000
vt 0.50000000 0.50000000
vt 0.50000000 0.50000000
vt 0.50000000 0.50000000
vt 0.50000000 0.50000000
vt 0.50000000 0.50000000
vt 0.50000000 0.50000000
vt 0.50000000 0.50000000
vt 0.50000000 0.50000000
vt 0.50000000 0.50000000
vt 0.50000000 0.50000000
vt 0.50000000 0.50000000
vt 0.50000000 0.50000000
vt 0.50000000 0.50000000
vt 0.50000000 0.50000000
vt 0.50000000 0.50000000
vt 0.50000000 0.50000000
vt 0.50000000 0.50000000
vt 0.50000000 0.50000000
vt 0.50000000 0.50000000
vt 0.50000000 0.50000000
vt 0.50000000 0.50000000
vt 0.50000000 0.50000000
vt 0.50000000 0.50000000
vt 0.50000000 0.50000000
vt 0.50000000 0.50000000
vt 0.50000000 0.50000000
vt 0.50000000 0.50000000
vt 0.50000000 0.50000000
vt 0.50000000 0.50000000
vt 0.50000000 0.50000000
vt 0.50000000 0.50000000
vt 0.50000000 0.50000000
vt 0.50000000 0.50000000
vt 0.50000000 0.50000000
vt 0.50000000 0.50000000
vt 0.50000000 0.50000000
vt 0.50000000 0.50000000
vt 0.50000000 0.50000000
vt 0.50000000 0.50000000
vt 0.50000000 0.50000000
vt 0.50000000 0.50000000
vt 0.50000000 0.50000000
vt 0.50000000 0.50000000
vt 0.50000000 0.50000000
vt 0.50000000 0.50000000
vt 0.50000000 0.50000000
vt 0.50000000 0.50000000
vt 0.50000000 0.50000000
vt 0.50000000 0.50000000
vt 0.50000000 0.50000000
vt 0.50000000 0.50000000
vt 0.50000000 0.50000000
vt 0.50000000 0.50000000
vt 0.50000000 0.50000000
vt 0.50000000 0.50000000
vt 0.50000000 0.50000000
vt 0.50000000 0.50000000
vt 0.50000000 0.50000000
vt 0.50000000 0.50000000
vt 0.50000000 0.50000000
vt 0.50000000 0.50000000
vt 0.50000000 0.50000000
vt 0.50000000 0.50000000
vt 0.50000000 0.50000000
vt 0.50000000 0.50000000
vt 0.50000000 0.50000000
vt 0.50000000 0.50000000
vt 0.50000000 0.50000000
vt 0.50000000 0.50000000
vt 0.50000000 0.50000000
vt 0.50000000 0.50000000
vt 0.50000000 0.50000000
vt 0.50000000 0.50000000
vt 0.50000000 0.50000000
vt 0.50000000 0.50000000
vt 0.50000000 0.50000000
vt 0.50000000 0.50000000
vt 0.50000000 0.50000000
vt 0.50000000 0.50000000
vt 0.50000000 0.50000000
vt 0.50000000 0.50000000
vt 0.50000000 0.50000000
vt 0.50000000 0.50000000
vt 0.50000000 0.50000000
vt 0.50000000 0.50000000
vt 0.50000000 0.50000000
vt 0.50000000 0.50000000
vt 0.50000000 0.50000000
vt 0.50000000 0.50000000
vt 0.50000000 0.50000000
vt 0.50000000 0.50000000
vt 0.50000000 0.50000000
vt 0.50000000 0.50000000
vt 0.50000000 0.50000000
vt 0.50000000 0.50000000
vt 0.50000000 0.50000000
vt 0.50000000 0.50000000
vt 0.50000000 0.50000000
vt 0.50000000 0.50000000
vt 0.50000000 0.50000000
vt 0.50000000 0.50000000
vt 0.50000000 0.50000000
vt 0.50000000 0.50000000
vt 0.50000000 0.50000000
vt 0.50000000 0.50000000
vt 0.50000000 0.50000000
vt 0.50000000 0.50000000
vt 0.50000000 0.50000000
vt 0.50000000 0.50000000
vt 0.50000000 0.50000000
vt 0.50000000 0.50000000
vt 0.50000000 0.50000000
vt 0.50000000 0.50000000
vt 0.50000000 0.50000000
vt 0.50000000 0.50000000
vt 0.50000000 0.50000000
vt 0.50000000 0.50000000
vt 0.50000000 0.50000000
vt 0.50000000 0.50000000
vt 0.50000000 0.50000000
vt 0.50000000 0.50000000
vt 0.50000000 0.50000000
vt 0.50000000 0.50000000
vt 0.50000000 0.50000000
vt 0.50000000 0.50000000
vt 0.50000000 0.50000000
vt 0.50000000 0.50000000
vt 0.50000000 0.50000000
vt 0.50000000 0.50000000
vt 0.50000000 0.50000000
vt 0.50000000 0.50000000
vt 0.50000000 0.50000000
vt 0.50000000 0.50000000
vt 0.50000000 0.50000000
vt 0.50000000 0.50000000
vt 0.50000000 0.50000000
vt 0.50000000 0.50000000
vt 0.50000000 0.50000000
vt 0.50000000 0.50000000
vt 0.50000000 0.50000000
vt 0.50000000 0.50000000
vt 0.50000000 0.50000000
vt 0.50000000 0.50000000
vt 0.50000000 0.50000000
vt 0.50000000 0.50000000
vt 0.50000000 0.50000000
vt 0.50000000 0.50000000
vt 0.50000000 0.50000000
vt 0.50000000 0.50000000
vt 0.50000000 0.50000000
vt 0.50000000 0.50000000
vt 0.50000000 0.50000000
vt 0.50000000 0.50000000
vt 0.50000000 0.50000000
vt 0.50000000 0.50000000
vt 0.50000000 0.50000000
vt 0.50000000 0.50000000
vt 0.50000000 0.50000000
vt 0.50000000 0.50000000
vt 0.50000000 0.50000000
vt 0.50000000 0.50000000
vt 0.50000000 0.50000000
vt 0.50000000 0.50000000
vt 0.50000000 0.50000000
vt 0.50000000 0.50000000
vt 0.50000000 0.50000000
vt 0.50000000 0.50000000
vt 0.50000000 0.50000000
vt 0.50000000 0.50000000
vt 0.50000000 0.50000000
vt 0.50000000 0.50000000
vt 0.50000000 0.50000000
vt 0.50000000 0.50000000
vt 0.50000000 0.50000000
vt 0.50000000 0.50000000
vt 0.50000000 0.50000000
vt 0.50000000 0.50000000
vt 0.50000000 0.50000000
vt 0.50000000 0.50000000
vt 0.50000000 0.50000000
vt 0.50000000 0.50000000
vt 0.50000000 0.50000000
vt 0.50000000 0.50000000
vt 0.50000000 0.50000000
vt 0.50000000 0.50000000
vt 0.50000000 0.50000000
vt 0.50000000 0.50000000
vt 0.50000000 0.50000000
vt 0.50000000 0.50000000
vt 0.50000000 0.50000000
vt 0.50000000 0.50000000
vt 0.50000000 0.50000000
vt 0.50000000 0.50000000
vt 0.50000000 0.50000000
vt 0.50000000 0.50000000
vt 0.50000000 0.50000000
vt 0.50000000 0.50000000
vt 0.50000000 0.50000000
vt 0.50000000 0.50000000
vt 0.50000000 0.50000000
vt 0.50000000 0.50000000
vt 0.50000000 0.50000000
vt 0.50000000 0.50000000
vt 0.50000000 0.50000000
vt 0.50000000 0.50000000
vt 0.50000000 0.50000000
vt 0.50000000 0.50000000
vt 0.50000000 0.50000000
vt 0.50000000 0.50000000
vt 0.50000000 0.50000000
vt 0.50000000 0.50000000
vt 0.50000000 0.50000000
vt 0.50000000 0.50000000
vt 0.50000000 0.50000000
vt 0.50000000 0.50000000
vt 0.50000000 0.50000000
vt 0.50000000 0.50000000
vt 0.50000000 0.50000000
vt 0.50000000 0.50000000
vt 0.50000000 0.50000000
vt 0.50000000 0.50000000
vt 0.50000000 0.50000000
vt 0.50000000 0.50000000
vt 0.50000000 0.50000000
vt 0.50000000 0.50000000
vt 0.50000000 0.50000000
vt 0.50000000 0.50000000
vt 0.50000000 0.50000000
vt 0.50000000 0.50000000
vt 0.50000000 0.50000000
vt 0.50000000 0.50000000
vt 0.50000000 0.50000000
vt 0.50000000 0.50000000
vt 0.50000000 0.50000000
vt 0.50000000 0.50000000
vt 0.50000000 0.50000000
vt 0.50000000 0.50000000
vt 0.50000000 0.50000000
vt 0.50000000 0.50000000
vt 0.50000000 0.50000000
vt 0.50000000 0.50000000
vt 0.50000000 0.50000000
vt 0.50000000 0.50000000
vt 0.50000000 0.50000000
vt 0.50000000 0.50000000
vt 0.50000000 0.50000000
vt 0.50000000 0.50000000
vt 0.50000000 0.50000000
vt 0.50000000 0.50000000
vt 0.50000000 0.50000000
vt 0.50000000 0.50000000
vt 0.50000000 0.50000000
vt 0.50000000 0.50000000
vt 0.50000000 0.50000000
vt 0.50000000 0.50000000
vt 0.50000000 0.50000000
vt 0.50000000 0.50000000
vt 0.50000000 0.50000000
vt 0.50000000 0.50000000
vt 0.50000000 0.50000000
vt 0.50000000 0.50000000
vt 0.50000000 0.50000000
vt 0.50000000 0.50000000
vt 0.50000000 0.50000000
vt 0.50000000 0.50000000
vt 0.50000000 0.50000000
vt 0.50000000 0.50000000
vt 0.50000000 0.50000000
vt 0.50000000 0.50000000
vt 0.50000000 0.50000000
vt 0.50000000 0.50000000
vt 0.50000000 0.50000000
vt 0.50000000 0.50000000
vt 0.50000000 0.50000000
vt 0.50000000 0.50000000
vt 0.50000000 0.50000000
vt 0.50000000 0.50000000
vt 0.50000000 0.50000000
vt 0.50000000 0.50000000
vt 0.50000000 0.50000000
vt 0.50000000 0.50000000
vt 0.50000000 0.50000000
vt 0.50000000 0.50000000
vt 0.50000000 0.50000000
vt 0.50000000 0.50000000
vt 0.50000000 0.50000000
vt 0.50000000 0.50000000
vt 0.50000000 0.50000000
vt 0.50000000 0.50000000
vt 0.50000000 0.50000000
vt 0.50000000 0.50000000
vt 0.50000000 0.50000000
vt 0.50000000 0.50000000
vt 0.50000000 0.50000000
vt 0.50000000 0.50000000
vt 0.50000000 0.50000000
vt 0.50000000 0.50000000
vt 0.50000000 0.50000000
vt 0.50000000 0.50000000
vt 0.50000000 0.50000000
vt 0.50000000 0.50000000
vt 0.50000000 0.50000000
vt 0.50000000 0.50000000
vt 0.50000000 0.50000000
vt 0.50000000 0.50000000
vt 0.50000000 0.50000000
vt 0.50000000 0.50000000
vt 0.50000000 0.50000000
vt 0.50000000 0.50000000
vt 0.50000000 0.50000000
vt 0.50000000 0.50000000
vt 0.50000000 0.50000000
vt 0.50000000 0.50000000
vt 0.50000000 0.50000000
vt 0.50000000 0.50000000
vt 0.50000000 0.50000000
vt 0.50000000 0.50000000
vt 0.50000000 0.50000000
vt 0.50000000 0.50000000
vt 0.50000000 0.50000000
vt 0.50000000 0.50000000
vt 0.50000000 0.50000000
vt 0.50000000 0.50000000
vt 0.50000000 0.50000000
vt 0.50000000 0.50000000
vt 0.50000000 0.50000000
vt 0.50000000 0.50000000
vt 0.50000000 0.50000000
vt 0.50000000 0.50000000
vt 0.50000000 0.50000000
vt 0.50000000 0.50000000
vt 0.50000000 0.50000000
vt 0.50000000 0.50000000
vt 0.50000000 0.50000000
vt 0.50000000 0.50000000
vt 0.50000000 0.50000000
vt 0.50000000 0.50000000
vt 0.50000000 0.50000000
vt 0.50000000 0.50000000
vt 0.50000000 0.50000000
vt 0.50000000 0.50000000
vt 0.50000000 0.50000000
vt 0.50000000 0.50000000
vt 0.50000000 0.50000000
vt 0.50000000 0.50000000
vt 0.50000000 0.50000000
vt 0.50000000 0.50000000
vt 0.50000000 0.50000000
vt 0.50000000 0.50000000
vt 0.50000000 0.50000000
vt 0.50000000 0.50000000
vt 0.50000000 0.50000000
vt 0.50000000 0.50000000
vt 0.50000000 0.50000000
vt 0.50000000 0.50000000
vt 0.50000000 0.50000000
vt 0.50000000 0.50000000
vt 0.50000000 0.50000000
vt 0.50000000 0.50000000
vt 0.50000000 0.50000000
vt 0.50000000 0.50000000
vt 0.50000000 0.50000000
vt 0.50000000 0.50000000
vt 0.50000000 0.50000000
vt 0.50000000 0.50000000
vt 0.50000000 0.50000000
vt 0.50000000 0.50000000
vt 0.50000000 0.50000000
vt 0.50000000 0.50000000
vt 0.50000000 0.50000000
vt 0.50000000 0.50000000
vt 0.50000000 0.50000000
vt 0.50000000 0.50000000
vt 0.50000000 0.50000000
vt 0.50000000 0.50000000
vt 0.50000000 0.50000000
vt 0.50000000 0.50000000
vt 0.50000000 0.50000000
vt 0.50000000 0.50000000
vt 0.50000000 0.50000000
vt 0.50000000 0.50000000
vt 0.50000000 0.50000000
vt 0.50000000 0.50000000
vt 0.50000000 0.50000000
vt 0.50000000 0.50000000
vt 0.50000000 0.50000000
vt 0.50000000 0.50000000
vt 0.50000000 0.50000000
vt 0.50000000 0.50000000
vt 0.50000000 0.50000000
vt 0.50000000 0.50000000
vt 0.50000000 0.50000000
vt 0.50000000 0.50000000
vt 0.50000000 0.50000000
vt 0.50000000 0.50000000
vt 0.50000000 0.50000000
vt 0.50000000 0.50000000
vt 0.50000000 0.50000000
vt 0.50000000 0.50000000
vt 0.50000000 0.50000000
vt 0.50000000 0.50000000
vt 0.50000000 0.50000000
vt 0.50000000 0.50000000
vt 0.50000000 0.50000000
vt 0.50000000 0.50000000
vt 0.50000000 0.50000000
vt 0.50000000 0.50000000
vt 0.50000000 0.50000000
vt 0.50000000 0.50000000
vt 0.50000000 0.50000000
vt 0.50000000 0.50000000
vt 0.50000000 0.50000000
vt 0.50000000 0.50000000
vt 0.50000000 0.50000000
vt 0.50000000 0.50000000
vt 0.50000000 0.50000000
vt 0.50000000 0.50000000
vt 0.50000000 0.50000000
vt 0.50000000 0.50000000
vt 0.50000000 0.50000000
vt 0.50000000 0.50000000
vt 0.50000000 0.50000000
vt 0.50000000 0.50000000
vt 0.50000000 0.50000000
vt 0.50000000 0.50000000
vt 0.50000000 0.50000000
vt 0.50000000 0.50000000
vt 0.50000000 0.50000000
vt 0.50000000 0.50000000
vt 0.50000000 0.50000000
vt 0.50000000 0.50000000
vt 0.50000000 0.50000000
vt 0.50000000 0.50000000
vt 0.50000000 0.50000000
vt 0.50000000 0.50000000
vt 0.50000000 0.50000000
vt 0.50000000 0.50000000
vt 0.50000000 0.50000000
vt 0.50000000 0.50000000
vt 0.50000000 0.50000000
vt 0.50000000 0.50000000
vt 0.50000000 0.50000000
vt 0.50000000 0.50000000
vt 0.50000000 0.50000000
vt 0.50000000 0.50000000
vt 0.50000000 0.50000000
vt 0.50000000 0.50000000
vt 0.50000000 0.50000000
vt 0.50000000 0.50000000
vt 0.50000000 0.50000000
vt 0.50000000 0.50000000
vt 0.50000000 0.50000000
vt 0.50000000 0.50000000
vt 0.50000000 0.50000000
vt 0.50000000 0.50000000
vt 0.50000000 0.50000000
vt 0.50000000 0.50000000
vt 0.50000000 0.50000000
vt 0.50000000 0.50000000
vt 0.50000000 0.50000000
vt 0.50000000 0.50000000
vt 0.50000000 0.50000000
vt 0.50000000 0.50000000
vt 0.50000000 0.50000000
vt 0.50000000 0.50000000
vt 0.50000000 0.50000000
vt 0.50000000 0.50000000
vt 0.50000000 0.50000000
vt 0.50000000 0.50000000
vt 0.50000000 0.50000000
vt 0.50000000 0.50000000
vt 0.50000000 0.50000000
vt 0.50000000 0.50000000
vt 0.50000000 0.50000000
vt 0.50000000 0.50000000
vt 0.50000000 0.50000000
vt 0.50000000 0.50000000
vt 0.50000000 0.50000000
vt 0.50000000 0.50000000
vt 0.50000000 0.50000000
vt 0.50000000 0.50000000
vt 0.50000000 0.50000000
vt 0.50000000 0.50000000
vt 0.50000000 0.50000000
vt 0.50000000 0.50000000
vt 0.50000000 0.50000000
vt 0.50000000 0.50000000
vt 0.50000000 0.50000000
vt 0.50000000 0.50000000
vt 0.50000000 0.50000000
vt 0.50000000 0.50000000
vt 0.50000000 0.50000000
vt 0.50000000 0.50000000
vt 0.50000000 0.50000000
vt 0.50000000 0.50000000
vt 0.50000000 0.50000000
vt 0.50000000 0.50000000
vt 0.50000000 0.50000000
vt 0.50000000 0.50000000
vt 0.50000000 0.50000000
vt 0.50000000 0.50000000
vt 0.50000000 0.50000000
vt 0.50000000 0.50000000
vt 0.50000000 0.50000000
vt 0.50000000 0.50000000
vt 0.50000000 0.50000000
vt 0.50000000 0.50000000
vt 0.50000000 0.50000000
vt 0.50000000 0.50000000
vt 0.50000000 0.50000000
vt 0.50000000 0.50000000
vt 0.50000000 0.50000000
vt 0.50000000 0.50000000
vt 0.50000000 0.50000000
vt 0.50000000 0.50000000
vt 0.50000000 0.50000000
vt 0.50000000 0.50000000
vt 0.50000000 0.50000000
vt 0.50000000 0.50000000
vt 0.50000000 0.50000000
vt 0.50000000 0.50000000
vt 0.50000000 0.50000000
vt 0.50000000 0.50000000
vt 0.50000000 0.50000000
vt 0.50000000 0.50000000
vt 0.50000000 0.50000000
vt 0.50000000 0.50000000
vt 0.50000000 0.50000000
vt 0.50000000 0.50000000
vt 0.50000000 0.50000000
vt 0.50000000 0.50000000
vt 0.50000000 0.50000000
vt 0.50000000 0.50000000
vt 0.50000000 0.50000000
vt 0.50000000 0.50000000
vt 0.50000000 0.50000000
vt 0.50000000 0.50000000
vt 0.50000000 0.50000000
vt 0.50000000 0.50000000
vt 0.50000000 0.50000000
vt 0.50000000 0.50000000
vt 0.50000000 0.50000000
vt 0.50000000 0.50000000
vt 0.50000000 0.50000000
vt 0.50000000 0.50000000
vt 0.50000000 0.50000000
vt 0.50000000 0.50000000
vt 0.50000000 0.50000000
vt 0.50000000 0.50000000
vt 0.50000000 0.50000000
vt 0.50000000 0.50000000
vt 0.50000000 0.50000000
vt 0.50000000 0.50000000
vt 0.50000000 0.50000000
vt 0.50000000 0.50000000
vt 0.50000000 0.50000000
vt 0.50000000 0.50000000
vt 0.50000000 0.50000000
vt 0.50000000 0.50000000
vt 0.50000000 0.50000000
vt 0.50000000 0.50000000
vt 0.50000000 0.50000000
vt 0.50000000 0.50000000
vt 0.50000000 0.50000000
vt 0.50000000 0.50000000
vt 0.50000000 0.50000000
vt 0.50000000 0.50000000
vt 0.50000000 0.50000000
vt 0.50000000 0.50000000
vt 0.50000000 0.50000000
vt 0.50000000 0.50000000
vt 0.50000000 0.50000000
vt 0.50000000 0.50000000
vt 0.50000000 0.50000000
vt 0.50000000 0.50000000
vt 0.50000000 0.50000000
vt 0.50000000 0.50000000
vt 0.50000000 0.50000000
vt 0.50000000 0.50000000
vt 0.50000000 0.50000000
vt 0.50000000 0.50000000
vt 0.50000000 0.50000000
vt 0.50000000 0.50000000
vt 0.50000000 0.50000000
vt 0.50000000 0.50000000
vt 0.50000000 0.50000000
vt 0.50000000 0.50000000
vt 0.50000000 0.50000000
vt 0.50000000 0.50000000
vt 0.50000000 0.50000000
vt 0.50000000 0.50000000
vt 0.50000000 0.50000000
vt 0.50000000 0.50000000
vt 0.50000000 0.50000000
vt 0.50000000 0.50000000
vt 0.50000000 0.50000000
vt 0.50000000 0.50000000
vt 0.50000000 0.50000000
vt 0.50000000 0.50000000
vt 0.50000000 0.50000000
vt 0.50000000 0.50000000
vt 0.50000000 0.50000000
vt 0.50000000 0.50000000
vt 0.50000000 0.50000000
vt 0.50000000 0.50000000
vt 0.50000000 0.50000000
vt 0.50000000 0.50000000
vt 0.50000000 0.50000000
vt 0.50000000 0.50000000
vt 0.50000000 0.50000000
vt 0.50000000 0.50000000
vt 0.50000000 0.50000000
vt 0.50000000 0.50000000
vt 0.50000000 0.50000000
vt 0.50000000 0.50000000
vt 0.50000000 0.50000000
vt 0.50000000 0.50000000
vt 0.50000000 0.50000000
vt 0.50000000 0.50000000
vt 0.50000000 0.50000000
vt 0.50000000 0.50000000
vt 0.50000000 0.50000000
vt 0.50000000 0.50000000
vt 0.50000000 0.50000000
vt 0.50000000 0.50000000
vt 0.50000000 0.50000000
vt 0.50000000 0.50000000
vt 0.50000000 0.50000000
vt 0.50000000 0.50000000
vt 0.50000000 0.50000000
vt 0.50000000 0.50000000
vt 0.50000000 0.50000000
vt 0.50000000 0.50000000
vt 0.50000000 0.50000000
vt 0.50000000 0.50000000
vt 0.50000000 0.50000000
vt 0.50000000 0.50000000
vt 0.50000000 0.50000000
vt 0.50000000 0.50000000
vt 0.50000000 0.50000000
vt 0.50000000 0.50000000
vt 0.50000000 0.50000000
vt 0.50000000 0.50000000
vt 0.50000000 0.50000000
vt 0.50000000 0.50000000
vt 0.50000000 0.50000000
vt 0.50000000 0.50000000
vt 0.50000000 0.50000000
vt 0.50000000 0.50000000
vt 0.50000000 0.50000000
vt 0.50000000 0.50000000
vt 0.50000000 0.50000000
vt 0.50000000 0.50000000
vt 0.50000000 0.50000000
vt 0.50000000 0.50000000
vt 0.50000000 0.50000000
vt 0.50000000 0.50000000
vt 0.50000000 0.50000000
vt 0.50000000 0.50000000
vt 0.50000000 0.50000000
vt 0.50000000 0.50000000
vt 0.50000000 0.50000000
vt 0.50000000 0.50000000
vt 0.50000000 0.50000000
vt 0.50000000 0.50000000
vt 0.50000000 0.50000000
vt 0.50000000 0.50000000
vt 0.50000000 0.50000000
vt 0.50000000 0.50000000
vt 0.50000000 0.50000000
vt 0.50000000 0.50000000
vt 0.50000000 0.50000000
vt 0.50000000 0.50000000
vt 0.50000000 0.50000000
vt 0.50000000 0.50000000
vt 0.50000000 0.50000000
vt 0.50000000 0.50000000
vt 0.50000000 0.50000000
vt 0.50000000 0.50000000
vt 0.50000000 0.50000000
vt 0.50000000 0.50000000
vt 0.50000000 0.50000000
vt 0.50000000 0.50000000
vt 0.50000000 0.50000000
vt 0.50000000 0.50000000
vt 0.50000000 0.50000000
vt 0.50000000 0.50000000
vt 0.50000000 0.50000000
vt 0.50000000 0.50000000
vt 0.50000000 0.50000000
vt 0.50000000 0.50000000
vt 0.50000000 0.50000000
vt 0.50000000 0.50000000
vt 0.50000000 0.50000000
vt 0.50000000 0.50000000
vt 0.50000000 0.50000000
vt 0.50000000 0.50000000
vt 0.50000000 0.50000000
vt 0.50000000 0.50000000
vt 0.50000000 0.50000000
vt 0.50000000 0.50000000
vt 0.50000000 0.50000000
vt 0.50000000 0.50000000
vt 0.50000000 0.50000000
vt 0.50000000 0.50000000
vt 0.50000000 0.50000000
vt 0.50000000 0.50000000
vt 0.50000000 0.50000000
vt 0.50000000 0.50000000
vt 0.50000000 0.50000000
vt 0.50000000 0.50000000
vt 0.50000000 0.50000000
vt 0.50000000 0.50000000
vt 0.50000000 0.50000000
vt 0.50000000 0.50000000
vt 0.50000000 0.50000000
vt 0.50000000 0.50000000
vt 0.50000000 0.50000000
vt 0.50000000 0.50000000
vt 0.50000000 0.50000000
vt 0.50000000 0.50000000
vt 0.50000000 0.50000000
vt 0.50000000 0.50000000
vt 0.50000000 0.50000000
vt 0.50000000 0.50000000
vt 0.50000000 0.50000000
vt 0.50000000 0.50000000
vt 0.50000000 0.50000000
vt 0.50000000 0.50000000
vt 0.50000000 0.50000000
vt 0.50000000 0.50000000
vt 0.50000000 0.50000000
vt 0.50000000 0.50000000
vt 0.50000000 0.50000000
vt 0.50000000 0.50000000
vt 0.50000000 0.50000000
vt 0.50000000 0.50000000
vt 0.50000000 0.50000000
vt 0.50000000 0.50000000
vt 0.50000000 0.50000000
vt 0.50000000 0.50000000
vt 0.50000000 0.50000000
vt 0.50000000 0.50000000
vt 0.50000000 0.50000000
vt 0.50000000 0.50000000
vt 0.50000000 0.50000000
vt 0.50000000 0.50000000
vt 0.50000000 0.50000000
vt 0.50000000 0.50000000
vt 0.50000000 0.50000000
vt 0.50000000 0.50000000
vt 0.50000000 0.50000000
vt 0.50000000 0.50000000
vt 0.50000000 0.50000000
vt 0.50000000 0.50000000
vt 0.50000000 0.50000000
vt 0.50000000 0.50000000
vt 0.50000000 0.50000000
vt 0.50000000 0.50000000
vt 0.50000000 0.50000000
vt 0.50000000 0.50000000
vt 0.50000000 0.50000000
vt 0.50000000 0.50000000
vt 0.50000000 0.50000000
vt 0.50000000 0.50000000
vt 0.50000000 0.50000000
vt 0.50000000 0.50000000
vt 0.50000000 0.50000000
vt 0.50000000 0.50000000
vt 0.50000000 0.50000000
vt 0.50000000 0.50000000
vt 0.50000000 0.50000000
vt 0.50000000 0.50000000
vt 0.50000000 0.50000000
vt 0.50000000 0.50000000
vt 0.50000000 0.50000000
vt 0.50000000 0.50000000
vt 0.50000000 0.50000000
vt 0.50000000 0.50000000
vt 0.50000000 0.50000000
vt 0.50000000 0.50000000
vt 0.50000000 0.50000000
vt 0.50000000 0.50000000
vt 0.50000000 0.50000000
vt 0.50000000 0.50000000
vt 0.50000000 0.50000000
vt 0.50000000 0.50000000
vt 0.50000000 0.50000000
vt 0.50000000 0.50000000
vt 0.50000000 0.50000000
vt 0.50000000 0.50000000
vt 0.50000000 0.50000000
vt 0.50000000 0.50000000
vt 0.50000000 0.50000000
vt 0.50000000 0.50000000
vt 0.50000000 0.50000000
vt 0.50000000 0.50000000
vt 0.50000000 0.50000000
vt 0.50000000 0.50000000
vt 0.50000000 0.50000000
vt 0.50000000 0.50000000
vt 0.50000000 0.50000000
vt 0.50000000 0.50000000
vt 0.50000000 0.50000000
vt 0.50000000 0.50000000
vt 0.50000000 0.50000000
vt 0.50000000 0.50000000
vt 0.50000000 0.50000000
vt 0.50000000 0.50000000
vt 0.50000000 0.50000000
vt 0.50000000 0.50000000
vt 0.50000000 0.50000000
vt 0.50000000 0.50000000
vt 0.50000000 0.50000000
vt 0.50000000 0.50000000
vt 0.50000000 0.50000000
vt 0.50000000 0.50000000
vt 0.50000000 0.50000000
vt 0.50000000 0.50000000
vt 0.50000000 0.50000000
vt 0.50000000 0.50000000
vt 0.50000000 0.50000000
vt 0.50000000 0.50000000
vt 0.50000000 0.50000000
vt 0.50000000 0.50000000
vt 0.50000000 0.50000000
vt 0.50000000 0.50000000
vt 0.50000000 0.50000000
vt 0.50000000 0.50000000
vt 0.50000000 0.50000000
vt 0.50000000 0.50000000
vt 0.50000000 0.50000000
vt 0.50000000 0.50000000
vt 0.50000000 0.50000000
vt 0.50000000 0.50000000
vt 0.50000000 0.50000000
vt 0.50000000 0.50000000
vt 0.50000000 0.50000000
vt 0.50000000 0.50000000
vt 0.50000000 0.50000000
vt 0.50000000 0.50000000
vt 0.50000000 0.50000000
vt 0.50000000 0.50000000
vt 0.50000000 0.50000000
vt 0.50000000 0.50000000
vt 0.50000000 0.50000000
vt 0.50000000 0.50000000
vt 0.50000000 0.50000000
vt 0.50000000 0.50000000
vt 0.50000000 0.50000000
vt 0.50000000 0.50000000
vt 0.50000000 0.50000000
vt 0.50000000 0.50000000
vt 0.50000000 0.50000000
vt 0.50000000 0.50000000
vt 0.50000000 0.50000000
vt 0.50000000 0.50000000
vt 0.50000000 0.50000000
vt 0.50000000 0.50000000
vt 0.50000000 0.50000000
vt 0.50000000 0.50000000
vt 0.50000000 0.50000000
vt 0.50000000 0.50000000
vt 0.50000000 0.50000000
vt 0.50000000 0.50000000
vt 0.50000000 0.50000000
vt 0.50000000 0.50000000
vt 0.50000000 0.50000000
vt 0.50000000 0.50000000
vt 0.50000000 0.50000000
vt 0.50000000 0.50000000
vt 0.50000000 0.50000000
vt 0.50000000 0.50000000
vt 0.50000000 0.50000000
vt 0.50000000 0.50000000
vt 0.50000000 0.50000000
vt 0.50000000 0.50000000
vt 0.50000000 0.50000000
vt 0.50000000 0.50000000
vt 0.50000000 0.50000000
vt 0.50000000 0.50000000
vt 0.50000000 0.50000000
vt 0.50000000 0.50000000
vt 0.50000000 0.50000000
vt 0.50000000 0.50000000
vt 0.50000000 0.50000000
vt 0.50000000 0.50000000
vt 0.50000000 0.50000000
vt 0.50000000 0.50000000
vt 0.50000000 0.50000000
vt 0.50000000 0.50000000
vt 0.50000000 0.50000000
vt 0.50000000 0.50000000
vt 0.50000000 0.50000000
vt 0.50000000 0.50000000
vt 0.50000000 0.50000000
vt 0.50000000 0.50000000
vt 0.50000000 0.50000000
vt 0.50000000 0.50000000
vt 0.50000000 0.50000000
vt 0.50000000 0.50000000
vt 0.50000000 0.50000000
vt 0.50000000 0.50000000
vt 0.50000000 0.50000000
vt 0.50000000 0.50000000
vt 0.50000000 0.50000000
vt 0.50000000 0.50000000
vt 0.50000000 0.50000000
vt 0.50000000 0.50000000
vt 0.50000000 0.50000000
vt 0.50000000 0.50000000
vt 0.50000000 0.50000000
vt 0.50000000 0.50000000
vt 0.50000000 0.50000000
vt 0.50000000 0.50000000
vt 0.50000000 0.50000000
vt 0.50000000 0.50000000
vt 0.50000000 0.50000000
vt 0.50000000 0.50000000
vt 0.50000000 0.50000000
vt 0.50000000 0.50000000
vt 0.50000000 0.50000000
vt 0.50000000 0.50000000
vt 0.50000000 0.50000000
vt 0.50000000 0.50000000
vt 0.50000000 0.50000000
vt 0.50000000 0.50000000
vt 0.50000000 0.50000000
vt 0.50000000 0.50000000
vt 0.50000000 0.50000000
vt 0.50000000 0.50000000
vt 0.50000000 0.50000000
vt 0.50000000 0.50000000
vt 0.50000000 0.50000000
vt 0.50000000 0.50000000
vt 0.50000000 0.50000000
vt 0.50000000 0.50000000
vt 0.50000000 0.50000000
vt 0.50000000 0.50000000
vt 0.50000000 0.50000000
vt 0.50000000 0.50000000
vt 0.50000000 0.50000000
vt 0.50000000 0.50000000
vt 0.50000000 0.50000000
vt 0.50000000 0.50000000
vt 0.50000000 0.50000000
vt 0.50000000 0.50000000
vt 0.50000000 0.50000000
vt 0.50000000 0.50000000
vt 0.50000000 0.50000000
vt 0.50000000 0.50000000
vt 0.50000000 0.50000000
vt 0.50000000 0.50000000
vt 0.50000000 0.50000000
vt 0.50000000 0.50000000
vt 0.50000000 0.50000000
vt 0.50000000 0.50000000
vt 0.50000000 0.50000000
vt 0.50000000 0.50000000
vt 0.50000000 0.50000000
vt 0.50000000 0.50000000
vt 0.50000000 0.50000000
vt 0.50000000 0.50000000
vt 0.50000000 0.50000000
vt 0.50000000 0.50000000
vt 0.50000000 0.50000000
vt 0.50000000 0.50000000
vt 0.50000000 0.50000000
vt 0.50000000 0.50000000
vt 0.50000000 0.50000000
vt 0.50000000 0.50000000
vt 0.50000000 0.50000000
vt 0.50000000 0.50000000
vt 0.50000000 0.50000000
vt 0.50000000 0.50000000
vt 0.50000000 0.50000000
vt 0.50000000 0.50000000
vt 0.50000000 0.50000000
vt 0.50000000 0.50000000
vt 0.50000000 0.50000000
vt 0.50000000 0.50000000
vt 0.50000000 0.50000000
vt 0.50000000 0.50000000
vt 0.50000000 0.50000000
vt 0.50000000 0.50000000
vt 0.50000000 0.50000000
vt 0.50000000 0.50000000
vt 0.50000000 0.50000000
vt 0.50000000 0.50000000
vt 0.50000000 0.50000000
vt 0.50000000 0.50000000
vt 0.50000000 0.50000000
vt 0.50000000 0.50000000
vt 0.50000000 0.50000000
vt 0.50000000 0.50000000
vt 0.50000000 0.50000000
vt 0.50000000 0.50000000
vt 0.50000000 0.50000000
vt 0.50000000 0.50000000
vt 0.50000000 0.50000000
vt 0.50000000 0.50000000
vt 0.50000000 0.50000000
vt 0.50000000 0.50000000
vt 0.50000000 0.50000000
vt 0.50000000 0.50000000
vt 0.50000000 0.50000000
vt 0.50000000 0.50000000
vt 0.50000000 0.50000000
vt 0.50000000 0.50000000
vt 0.50000000 0.50000000
vt 0.50000000 0.50000000
vt 0.50000000 0.50000000
vt 0.50000000 0.50000000
vt 0.50000000 0.50000000
vt 0.50000000 0.50000000
vt 0.50000000 0.50000000
vt 0.50000000 0.50000000
vt 0.50000000 0.50000000
vt 0.50000000 0.50000000
vt 0.50000000 0.50000000
vt 0.50000000 0.50000000
vt 0.50000000 0.50000000
vt 0.50000000 0.50000000
vt 0.50000000 0.50000000
vt 0.50000000 0.50000000
vt 0.50000000 0.50000000
vt 0.50000000 0.50000000
vt 0.50000000 0.50000000
vt 0.50000000 0.50000000
vt 0.50000000 0.50000000
vt 0.50000000 0.50000000
vt 0.50000000 0.50000000
vt 0.50000000 0.50000000
vt 0.50000000 0.50000000
vt 0.50000000 0.50000000
vt 0.50000000 0.50000000
vt 0.50000000 0.50000000
vt 0.50000000 0.50000000
vt 0.50000000 0.50000000
vt 0.50000000 0.50000000
vt 0.50000000 0.50000000
vt 0.50000000 0.50000000
vt 0.50000000 0.50000000
vt 0.50000000 0.50000000
vt 0.50000000 0.50000000
vt 0.50000000 0.50000000
vt 0.50000000 0.50000000
vt 0.50000000 0.50000000
vt 0.50000000 0.50000000
vt 0.50000000 0.50000000
vt 0.50000000 0.50000000
vt 0.50000000 0.50000000
vt 0.50000000 0.50000000
vt 0.50000000 0.50000000
vt 0.50000000 0.50000000
vt 0.50000000 0.50000000
vt 0.50000000 0.50000000
vt 0.50000000 0.50000000
vt 0.50000000 0.50000000
vt 0.50000000 0.50000000
vt 0.50000000 0.50000000
vt 0.50000000 0.50000000
vt 0.50000000 0.50000000
vt 0.50000000 0.50000000
vt 0.50000000 0.50000000
vt 0.50000000 0.50000000
vt 0.50000000 0.50000000
vt 0.50000000 0.50000000
vt 0.50000000 0.50000000
vt 0.50000000 0.50000000
vt 0.50000000 0.50000000
vt 0.50000000 0.50000000
vt 0.50000000 0.50000000
vt 0.50000000 0.50000000
vt 0.50000000 0.50000000
vt 0.50000000 0.50000000
vt 0.50000000 0.50000000
vt 0.50000000 0.50000000
vt 0.50000000 0.50000000
vt 0.50000000 0.50000000
vt 0.50000000 0.50000000
vt 0.50000000 0.50000000
vt 0.50000000 0.50000000
vt 0.50000000 0.50000000
vt 0.50000000 0.50000000
vt 0.50000000 0.50000000
vt 0.50000000 0.50000000
vt 0.50000000 0.50000000
vt 0.50000000 0.50000000
vt 0.50000000 0.50000000
vt 0.50000000 0.50000000
vt 0.50000000 0.50000000
vt 0.50000000 0.50000000
vt 0.50000000 0.50000000
vt 0.50000000 0.50000000
vt 0.50000000 0.50000000
vt 0.50000000 0.50000000
vt 0.50000000 0.50000000
vt 0.50000000 0.50000000
vt 0.50000000 0.50000000
vt 0.50000000 0.50000000
vt 0.50000000 0.50000000
vt 0.50000000 0.50000000
vt 0.50000000 0.50000000
vt 0.50000000 0.50000000
vt 0.50000000 0.50000000
vt 0.50000000 0.50000000
vt 0.50000000 0.50000000
vt 0.50000000 0.50000000
vt 0.50000000 0.50000000
vt 0.50000000 0.50000000
vt 0.50000000 0.50000000
vt 0.50000000 0.50000000
vt 0.50000000 0.50000000
vt 0.50000000 0.50000000
vt 0.50000000 0.50000000
vt 0.50000000 0.50000000
vt 0.50000000 0.50000000
vt 0.50000000 0.50000000
vt 0.50000000 0.50000000
vt 0.50000000 0.50000000
vt 0.50000000 0.50000000
vt 0.50000000 0.50000000
vt 0.50000000 0.50000000
vt 0.50000000 0.50000000
vt 0.50000000 0.50000000
vt 0.50000000 0.50000000
vt 0.50000000 0.50000000
vt 0.50000000 0.50000000
vt 0.50000000 0.50000000
vt 0.50000000 0.50000000
vt 0.50000000 0.50000000
vt 0.50000000 0.50000000
vt 0.50000000 0.50000000
vt 0.50000000 0.50000000
vt 0.50000000 0.50000000
vt 0.50000000 0.50000000
vt 0.50000000 0.50000000
vt 0.50000000 0.50000000
vt 0.50000000 0.50000000
vt 0.50000000 0.50000000
vt 0.50000000 0.50000000
vt 0.50000000 0.50000000
vt 0.50000000 0.50000000
vt 0.50000000 0.50000000
vt 0.50000000 0.50000000
vt 0.50000000 0.50000000
vt 0.50000000 0.50000000
vt 0.50000000 0.50000000
vt 0.50000000 0.50000000
vt 0.50000000 0.50000000
vt 0.50000000 0.50000000
vt 0.50000000 0.50000000
vt 0.50000000 0.50000000
vt 0.50000000 0.50000000
vt 0.50000000 0.50000000
vt 0.50000000 0.50000000
vt 0.50000000 0.50000000
vt 0.50000000 0.50000000
vt 0.50000000 0.50000000
vt 0.50000000 0.50000000
vt 0.50000000 0.50000000
vt 0.50000000 0.50000000
vt 0.50000000 0.50000000
vt 0.50000000 0.50000000
vt 0.50000000 0.50000000
vt 0.50000000 0.50000000
vt 0.50000000 0.50000000
vt 0.50000000 0.50000000
vt 0.50000000 0.50000000
vt 0.50000000 0.50000000
vt 0.50000000 0.50000000
vt 0.50000000 0.50000000
vt 0.50000000 0.50000000
vt 0.50000000 0.50000000
vt 0.50000000 0.50000000
vt 0.50000000 0.50000000
vt 0.50000000 0.50000000
vt 0.50000000 0.50000000
vt 0.50000000 0.50000000
vt 0.50000000 0.50000000
vt 0.50000000 0.50000000
vt 0.50000000 0.50000000
vt 0.50000000 0.50000000
vt 0.50000000 0.50000000
vt 0.50000000 0.50000000
vt 0.50000000 0.50000000
vt 0.50000000 0.50000000
vt 0.50000000 0.50000000
vt 0.50000000 0.50000000
vt 0.50000000 0.50000000
vt 0.50000000 0.50000000
vt 0.50000000 0.50000000
vt 0.50000000 0.50000000
vt 0.50000000 0.50000000
vt 0.50000000 0.50000000
vt 0.50000000 0.50000000
vt 0.50000000 0.50000000
vt 0.50000000 0.50000000
vt 0.50000000 0.50000000
vt 0.50000000 0.50000000
vt 0.50000000 0.50000000
vt 0.50000000 0.50000000
vt 0.50000000 0.50000000
vt 0.50000000 0.50000000
vt 0.50000000 0.50000000
vt 0.50000000 0.50000000
vt 0.50000000 0.50000000
vt 0.50000000 0.50000000
vt 0.50000000 0.50000000
vt 0.50000000 0.50000000
vt 0.50000000 0.50000000
vt 0.50000000 0.50000000
vt 0.50000000 0.50000000
vt 0.50000000 0.50000000
vt 0.50000000 0.50000000
vt 0.50000000 0.50000000
vt 0.50000000 0.50000000
vt 0.50000000 0.50000000
vt 0.50000000 0.50000000
vt 0.50000000 0.50000000
vt 0.50000000 0.50000000
vt 0.50000000 0.50000000
vt 0.50000000 0.50000000
vt 0.50000000 0.50000000
vt 0.50000000 0.50000000
vt 0.50000000 0.50000000
vt 0.50000000 0.50000000
vt 0.50000000 0.50000000
vt 0.50000000 0.50000000
vt 0.50000000 0.50000000
vt 0.50000000 0.50000000
vt 0.50000000 0.50000000
vt 0.50000000 0.50000000
vt 0.50000000 0.50000000
vt 0.50000000 0.50000000
vt 0.50000000 0.50000000
vt 0.50000000 0.50000000
vt 0.50000000 0.50000000
vt 0.50000000 0.50000000
vt 0.50000000 0.50000000
vt 0.50000000 0.50000000
vt 0.50000000 0.50000000
vt 0.50000000 0.50000000
vt 0.50000000 0.50000000
vt 0.50000000 0.50000000
vt 0.50000000 0.50000000
vt 0.50000000 0.50000000
vt 0.50000000 0.50000000
vt 0.50000000 0.50000000
vt 0.50000000 0.50000000
vt 0.50000000 0.50000000
vt 0.50000000 0.50000000
vt 0.50000000 0.50000000
vt 0.50000000 0.50000000
vt 0.50000000 0.50000000
vt 0.50000000 0.50000000
vt 0.50000000 0.50000000
vt 0.50000000 0.50000000
vt 0.50000000 0.50000000
vt 0.50000000 0.50000000
vt 0.50000000 0.50000000
vt 0.50000000 0.50000000
vt 0.50000000 0.50000000
vt 0.50000000 0.50000000
vt 0.50000000 0.50000000
vt 0.50000000 0.50000000
vt 0.50000000 0.50000000
vt 0.50000000 0.50000000
vt 0.50000000 0.50000000
vt 0.50000000 0.50000000
vt 0.50000000 0.50000000
vt 0.50000000 0.50000000
vt 0.50000000 0.50000000
vt 0.50000000 0.50000000
vt 0.50000000 0.50000000
vt 0.50000000 0.50000000
vt 0.50000000 0.50000000
vt 0.50000000 0.50000000
vt 0.50000000 0.50000000
vt 0.50000000 0.50000000
vt 0.50000000 0.50000000
vt 0.50000000 0.50000000
vt 0.50000000 0.50000000
vt 0.50000000 0.50000000
vt 0.50000000 0.50000000
vt 0.50000000 0.50000000
vt 0.50000000 0.50000000
vt 0.50000000 0.50000000
vt 0.50000000 0.50000000
vt 0.50000000 0.50000000
vt 0.50000000 0.50000000
vt 0.50000000 0.50000000
vt 0.50000000 0.50000000
vt 0.50000000 0.50000000
vt 0.50000000 0.50000000
vt 0.50000000 0.50000000
vt 0.50000000 0.50000000
vt 0.50000000 0.50000000
vt 0.50000000 0.50000000
vt 0.50000000 0.50000000
vt 0.50000000 0.50000000
vt 0.50000000 0.50000000
vt 0.50000000 0.50000000
vt 0.50000000 0.50000000
vt 0.50000000 0.50000000
vt 0.50000000 0.50000000
vt 0.50000000 0.50000000
vt 0.50000000 0.50000000
vt 0.50000000 0.50000000
vt 0.50000000 0.50000000
vt 0.50000000 0.50000000
vt 0.50000000 0.50000000
vt 0.50000000 0.50000000
vt 0.50000000 0.50000000
vt 0.50000000 0.50000000
vt 0.50000000 0.50000000
vt 0.50000000 0.50000000
vt 0.50000000 0.50000000
vt 0.50000000 0.50000000
vt 0.50000000 0.50000000
vt 0.50000000 0.50000000
vt 0.50000000 0.50000000
vt 0.50000000 0.50000000
vt 0.50000000 0.50000000
vt 0.50000000 0.50000000
vt 0.50000000 0.50000000
vt 0.50000000 0.50000000
vt 0.50000000 0.50000000
vt 0.50000000 0.50000000
vt 0.50000000 0.50000000
vt 0.50000000 0.50000000
vt 0.50000000 0.50000000
vt 0.50000000 0.50000000
vt 0.50000000 0.50000000
vt 0.50000000 0.50000000
vt 0.50000000 0.50000000
vt 0.50000000 0.50000000
vt 0.50000000 0.50000000
vt 0.50000000 0.50000000
vt 0.50000000 0.50000000
vt 0.50000000 0.50000000
vt 0.50000000 0.50000000
vt 0.50000000 0.50000000
vt 0.50000000 0.50000000
vt 0.50000000 0.50000000
vt 0.50000000 0.50000000
vt 0.50000000 0.50000000
vt 0.50000000 0.50000000
vt 0.50000000 0.50000000
vt 0.50000000 0.50000000
vt 0.50000000 0.50000000
vt 0.50000000 0.50000000
vt 0.50000000 0.50000000
vt 0.50000000 0.50000000
vt 0.50000000 0.50000000
vt 0.50000000 0.50000000
vt 0.50000000 0.50000000
vt 0.50000000 0.50000000
vt 0.50000000 0.50000000
vt 0.50000000 0.50000000
vt 0.50000000 0.50000000
vt 0.50000000 0.50000000
vt 0.50000000 0.50000000
vt 0.50000000 0.50000000
vt 0.50000000 0.50000000
vt 0.50000000 0.50000000
vt 0.50000000 0.50000000
vt 0.50000000 0.50000000
vt 0.50000000 0.50000000
vt 0.50000000 0.50000000
vt 0.50000000 0.50000000
vt 0.50000000 0.50000000
vt 0.50000000 0.50000000
vt 0.50000000 0.50000000
vt 0.50000000 0.50000000
vt 0.50000000 0.50000000
vt 0.50000000 0.50000000
vt 0.50000000 0.50000000
vt 0.50000000 0.50000000
vt 0.50000000 0.50000000
vt 0.50000000 0.50000000
vt 0.50000000 0.50000000
vt 0.50000000 0.50000000
vt 0.50000000 0.50000000
vt 0.50000000 0.50000000
vt 0.50000000 0.50000000
vt 0.50000000 0.50000000
vt 0.50000000 0.50000000
vt 0.50000000 0.50000000
vt 0.50000000 0.50000000
vt 0.50000000 0.50000000
vt 0.50000000 0.50000000
vt 0.50000000 0.50000000
vt 0.50000000 0.50000000
vt 0.50000000 0.50000000
vt 0.50000000 0.50000000
vt 0.50000000 0.50000000
vt 0.50000000 0.50000000
vt 0.50000000 0.50000000
vt 0.50000000 0.50000000
vt 0.50000000 0.50000000
vt 0.50000000 0.50000000
vt 0.50000000 0.50000000
vt 0.50000000 0.50000000
vt 0.50000000 0.50000000
vt 0.50000000 0.50000000
vt 0.50000000 0.50000000
vt 0.50000000 0.50000000
vt 0.50000000 0.50000000
vt 0.50000000 0.50000000
vt 0.50000000 0.50000000
vt 0.50000000 0.50000000
vt 0.50000000 0.50000000
vt 0.50000000 0.50000000
vt 0.50000000 0.50000000
vt 0.50000000 0.50000000
vt 0.50000000 0.50000000
vt 0.50000000 0.50000000
vt 0.50000000 0.50000000
vt 0.50000000 0.50000000
vt 0.50000000 0.50000000
vt 0.50000000 0.50000000
vt 0.50000000 0.50000000
vt 0.50000000 0.50000000
vt 0.50000000 0.50000000
vt 0.50000000 0.50000000
vt 0.50000000 0.50000000
vt 0.50000000 0.50000000
vt 0.50000000 0.50000000
vt 0.50000000 0.50000000
vt 0.50000000 0.50000000
vt 0.50000000 0.50000000
vt 0.50000000 0.50000000
vt 0.50000000 0.50000000
vt 0.50000000 0.50000000
vt 0.50000000 0.50000000
vt 0.50000000 0.50000000
vt 0.50000000 0.50000000
vt 0.50000000 0.50000000
vt 0.50000000 0.50000000
vt 0.50000000 0.50000000
vt 0.50000000 0.50000000
vt 0.50000000 0.50000000
f 1/1 2/2 3/3
f 4/4 3/3 5/5
f 4/4 5/5 6/6
f 4/4 6/6 7/7
f 4/4 1/1 3/3
f 8/8 4/4 7/7
f 9/9 10/10 4/4
f 9/9 8/8 11/11
f 9/9 4/4 8/8
f 12/12 9/9 11/11
f 13/13 14/14 12/12
f 13/13 12/12 11/11
f 15/15 13/13 11/11
f 16/16 17/17 18/18
f 16/16 18/18 15/15
f 16/16 15/15 11/11
f 19/19 16/16 11/11
f 19/19 20/20 21/21
f 19/19 21/21 22/22
f 19/19 22/22 23/23
f 19/19 23/23 16/16
f 24/24 19/19 11/11
f 25/25 24/24 11/11
f 25/25 26/26 27/27
f 25/25 27/27 24/24
f 28/28 25/25 11/11
f 29/29 28/28 11/11
f 29/29 30/30 31/31
f 29/29 31/31 28/28
f 32/32 29/29 11/11
f 33/33 32/32 11/11
f 34/34 35/35 33/33
f 34/34 33/33 11/11
f 36/36 37/37 38/38
f 36/36 38/38 34/34
f 39/39 36/36 34/34
f 40/40 41/41 39/39
f 40/40 39/39 34/34
f 42/42 40/40 34/34
f 43/43 34/34 11/11
f 43/43 42/42 34/34
f 44/44 45/45 46/46
f 44/44 46/46 47/47
f 44/44 47/47 43/43
f 48/48 44/44 43/43
f 49/49 48/48 43/43
f 50/50 43/43 11/11
f 50/50 49/49 43/43
f 51/51 52/52 53/53
f 51/51 53/53 50/50
f 51/51 50/50 11/11
f 54/54 11/11 55/55
f 54/54 51/51 11/11
f 56/56 54/54 55/55
f 57/57 55/55 58/58
f 57/57 56/56 55/55
f 59/59 57/57 58/58
f 60/60 59/59 58/58
f 61/61 58/58 62/62
f 61/61 60/60 58/58
f 63/63 61/61 62/62
f 64/64 63/63 62/62
f 65/65 64/64 62/62
f 66/66 65/65 62/62
f 67/67 66/66 62/62
f 68/68 67/67 62/62
f 69/69 62/62 70/70
f 69/69 68/68 62/62
f 71/71 69/69 70/70
f 72/72 71/71 70/70
f 73/73 72/72 70/70
f 74/74 73/73 70/70
f 75/75 74/74 70/70
f 76/76 75/75 70/70
f 77/77 76/76 70/70
f 78/78 70/70 79/79
f 78/78 77/77 70/70
f 80/80 78/78 79/79
f 81/81 80/80 79/79
f 82/82 81/81 79/79
f 83/83 82/82 79/79
f 84/84 83/83 79/79
f 85/85 79/79 86/86
f 85/85 84/84 79/79
f 87/87 51/51 54/54
f 87/87 59/59 60/60
f 88/88 85/85 86/86
f 89/89 88/88 86/86
f 90/90 89/89 86/86
f 91/91 90/90 86/86
f 92/92 91/91 86/86
f 93/93 92/92 86/86
f 94/94 86/86 95/95
f 94/94 93/93 86/86
f 96/96 94/94 95/95
f 97/97 96/96 95/95
f 98/98 97/97 95/95
f 99/99 98/98 95/95
f 100/100 99/99 95/95
f 101/101 100/100 95/95
f 102/102 95/95 103/103
f 102/102 101/101 95/95
f 104/104 102/102 103/103
f 105/105 104/104 103/103
f 106/106 105/105 103/103
f 107/107 106/106 103/103
f 108/108 107/107 103/103
f 109/109 108/108 103/103
f 109/109 103/103 110/110
f 111/111 109/109 110/110
f 112/112 111/111 110/110
f 113/113 112/112 110/110
f 114/114 113/113 110/110
f 115/115 114/114 110/110
f 116/116 115/115 110/110
f 117/117 115/115 116/116
f 118/118 117/117 116/116
f 119/119 118/118 116/116
f 120/120 119/119 116/116
f 121/121 120/120 116/116
f 122/122 121/121 116/116
f 123/123 122/122 116/116
f 124/124 122/122 123/123
f 125/125 124/124 123/123
f 126/126 125/125 123/123
f 127/127 125/125 126/126
f 128/128 129/129 130/130
f 131/131 129/129 128/128
f 132/132 133/133 134/134
f 132/132 135/135 136/136
f 132/132 134/134 135/135
f 132/132 137/137 138/138
f 132/132 139/139 140/140
f 132/132 129/129 131/131
f 132/132 131/131 141/141
f 132/132 140/140 129/129
f 132/132 138/138 139/139
f 132/132 136/136 137/137
f 51/51 133/133 132/132
f 51/51 142/142 133/133
f 51/51 143/143 142/142
f 51/51 144/144 143/143
f 51/51 145/145 144/144
f 51/51 146/146 145/145
f 51/51 147/147 146/146
f 51/51 148/148 147/147
f 51/51 149/149 148/148
f 51/51 150/150 149/149
f 51/51 151/151 150/150
f 51/51 152/152 151/151
f 51/51 153/153 152/152
f 51/51 154/154 153/153
f 51/51 155/155 154/154
f 51/51 156/156 155/155
f 51/51 157/157 156/156
f 51/51 158/158 157/157
f 51/51 159/159 158/158
f 51/51 160/160 159/159
f 51/51 161/161 160/160
f 51/51 162/162 161/161
f 51/51 163/163 162/162
f 51/51 164/164 163/163
f 51/51 165/165 164/164
f 51/51 166/166 165/165
f 51/51 87/87 166/166
f 140/140 139/139 167/167
f 168/168 167/167 139/139
f 138/138 137/137 169/169
f 170/170 169/169 137/137
f 136/136 135/135 127/127
f 135/135 125/125 127/127
f 101/101 102/102 149/149
f 150/150 151/151 98/98
f 92/92 93/93 153/153
f 154/154 155/155 89/89
f 68/68 69/69 163/163
f 164/164 165/165 65/65
f 73/73 74/74 161/161
f 162/162 163/163 69/69
f 106/106 107/107 147/147
f 148/148 149/149 102/102
f 120/120 134/134 133/133
f 120/120 121/121 134/134
f 142/142 143/143 117/117
f 88/88 89/89 155/155
f 156/156 157/157 83/83
f 111/111 112/112 145/145
f 146/146 147/147 107/107
f 77/77 78/78 159/159
f 160/160 161/161 74/74
f 115/115 117/117 143/143
f 144/144 145/145 112/112
f 97/97 98/98 151/151
f 152/152 153/153 93/93
f 64/64 65/65 165/165
f 166/166 87/87 60/60
f 82/82 83/83 157/157
f 158/158 159/159 78/78
f 171/171 172/172 173/173
f 174/174 172/172 171/171
f 175/175 174/174 171/171
f 176/176 177/177 174/174
f 178/178 176/176 174/174
f 178/178 174/174 175/175
f 179/179 175/175 180/180
f 179/179 180/180 181/181
f 179/179 181/181 182/182
f 183/183 179/179 184/184
f 183/183 175/175 179/179
f 185/185 183/183 186/186
f 187/187 175/175 183/183
f 187/187 183/183 185/185
f 187/187 178/178 175/175
f 188/188 187/187 189/189
f 188/188 189/189 190/190
f 191/191 178/178 187/187
f 191/191 187/187 188/188
f 191/191 188/188 192/192
f 193/193 178/178 191/191
f 194/194 178/178 193/193
f 195/195 194/194 196/196
f 197/197 194/194 195/195
f 198/198 194/194 197/197
f 199/199 194/194 198/198
f 200/200 178/178 194/194
f 200/200 194/194 199/199
f 200/200 199/199 201/201
f 200/200 201/201 202/202
f 200/200 202/202 203/203
f 200/200 203/203 204/204
f 205/205 178/178 200/200
f 206/206 205/205 207/207
f 208/208 205/205 206/206
f 208/208 206/206 209/209
f 208/208 209/209 210/210
f 211/211 205/205 208/208
f 212/212 205/205 211/211
f 212/212 211/211 213/213
f 214/214 205/205 212/212
f 215/215 205/205 214/214
f 216/216 205/205 215/215
f 216/216 215/215 217/217
f 216/216 217/217 218/218
f 219/219 178/178 205/205
f 219/219 205/205 216/216
f 220/220 219/219 221/221
f 222/222 178/178 219/219
f 222/222 220/220 223/223
f 222/222 219/219 220/220
f 224/224 225/225 178/178
f 224/224 178/178 222/222
f 226/226 225/225 224/224
f 227/227 228/228 225/225
f 227/227 225/225 226/226
f 229/229 228/228 227/227
f 230/230 228/228 229/229
f 231/231 232/232 228/228
f 231/231 228/228 230/230
f 233/233 232/232 231/231
f 234/234 232/232 233/233
f 235/235 232/232 234/234
f 236/236 232/232 235/235
f 237/237 232/232 236/236
f 238/238 232/232 237/237
f 239/239 240/240 232/232
f 239/239 232/232 238/238
f 241/241 240/240 239/239
f 242/242 240/240 241/241
f 243/243 240/240 242/242
f 244/244 240/240 243/243
f 245/245 240/240 244/244
f 246/246 240/240 245/245
f 247/247 240/240 246/246
f 248/248 249/249 240/240
f 248/248 240/240 247/247
f 250/250 249/249 248/248
f 251/251 249/249 250/250
f 252/252 249/249 251/251
f 253/253 249/249 252/252
f 254/254 249/249 253/253
f 255/255 256/256 249/249
f 255/255 249/249 254/254
f 257/257 224/224 222/222
f 257/257 230/230 229/229
f 258/258 256/256 255/255
f 259/259 256/256 258/258
f 260/260 256/256 259/259
f 261/261 256/256 260/260
f 262/262 256/256 261/261
f 263/263 256/256 262/262
f 264/264 265/265 256/256
f 264/264 256/256 263/263
f 266/266 265/265 264/264
f 267/267 265/265 266/266
f 268/268 265/265 267/267
f 269/269 265/265 268/268
f 270/270 265/265 269/269
f 271/271 265/265 270/270
f 272/272 273/273 265/265
f 272/272 265/265 271/271
f 274/274 273/273 272/272
f 275/275 273/273 274/274
f 276/276 273/273 275/275
f 277/277 273/273 276/276
f 278/278 273/273 277/277
f 279/279 280/280 273/273
f 279/279 273/273 278/278
f 281/281 280/280 279/279
f 282/282 280/280 281/281
f 283/283 280/280 282/282
f 284/284 280/280 283/283
f 285/285 280/280 284/284
f 286/286 280/280 285/285
f 287/287 286/286 285/285
f 288/288 286/286 287/287
f 289/289 286/286 288/288
f 290/290 286/286 289/289
f 291/291 286/286 290/290
f 292/292 286/286 291/291
f 293/293 286/286 292/292
f 294/294 293/293 292/292
f 295/295 293/293 294/294
f 296/296 293/293 295/295
f 297/297 296/296 295/295
f 298/298 299/299 300/300
f 301/301 298/298 300/300
f 302/302 303/303 304/304
f 302/302 305/305 306/306
f 302/302 307/307 308/308
f 302/302 309/309 310/310
f 302/302 306/306 303/303
f 302/302 301/301 300/300
f 302/302 311/311 301/301
f 302/302 300/300 309/309
f 302/302 310/310 307/307
f 302/302 308/308 305/305
f 222/222 302/302 304/304
f 222/222 304/304 312/312
f 222/222 312/312 313/313
f 222/222 313/313 314/314
f 222/222 314/314 315/315
f 222/222 315/315 316/316
f 222/222 316/316 317/317
f 222/222 317/317 318/318
f 222/222 318/318 319/319
f 222/222 319/319 320/320
f 222/222 320/320 321/321
f 222/222 321/321 322/322
f 222/222 322/322 323/323
f 222/222 323/323 324/324
f 222/222 324/324 325/325
f 222/222 325/325 326/326
f 222/222 326/326 327/327
f 222/222 327/327 328/328
f 222/222 328/328 329/329
f 222/222 329/329 330/330
f 222/222 330/330 331/331
f 222/222 331/331 332/332
f 222/222 332/332 333/333
f 222/222 333/333 334/334
f 222/222 334/334 335/335
f 222/222 335/335 336/336
f 222/222 336/336 257/257
f 309/309 337/337 310/310
f 338/338 310/310 337/337
f 307/307 339/339 308/308
f 340/340 308/308 339/339
f 305/305 297/297 306/306
f 306/306 297/297 295/295
f 252/252 327/327 253/253
f 328/328 248/248 329/329
f 234/234 335/335 235/235
f 336/336 230/230 257/257
f 267/267 321/321 268/268
f 322/322 263/263 323/323
f 285/285 313/313 312/312
f 285/285 312/312 287/287
f 314/314 282/282 315/315
f 247/247 329/329 248/248
f 330/330 244/244 331/331
f 281/281 315/315 282/282
f 316/316 277/277 317/317
f 258/258 325/325 259/259
f 326/326 253/253 327/327
f 303/303 291/291 304/304
f 304/304 291/291 290/290
f 276/276 317/317 277/277
f 318/318 272/272 319/319
f 243/243 331/331 244/244
f 332/332 239/239 333/333
f 238/238 333/333 239/239
f 334/334 235/235 335/335
f 262/262 323/323 263/263
f 324/324 259/259 325/325
f 271/271 319/319 272/272
f 320/320 268/268 321/321
f 341/341 126/126 123/123
f 342/342 126/126 341/341
f 343/343 130/130 344/344
f 343/343 128/128 130/130
f 345/345 167/167 168/168
f 345/345 168/168 346/346
f 347/347 141/141 348/348
f 347/347 132/132 141/141
f 349/349 169/169 170/170
f 349/349 170/170 350/350
f 351/351 352/352 353/353
f 354/354 353/353 355/355
f 354/354 351/351 353/353
f 356/356 357/357 352/352
f 356/356 352/352 351/351
f 358/358 354/354 355/355
f 358/358 355/355 359/359
f 360/360 357/357 356/356
f 360/360 361/361 357/357
f 362/362 358/358 359/359
f 362/362 359/359 363/363
f 364/364 365/365 361/361
f 364/364 361/361 360/360
f 366/366 363/363 367/367
f 366/366 362/362 363/363
f 368/368 369/369 365/365
f 368/368 365/365 364/364
f 370/370 367/367 371/371
f 370/370 366/366 367/367
f 372/372 373/373 369/369
f 372/372 369/369 368/368
f 374/374 371/371 375/375
f 374/374 370/370 371/371
f 376/376 377/377 373/373
f 376/376 373/373 372/372
f 378/378 375/375 379/379
f 378/378 374/374 375/375
f 380/380 377/377 376/376
f 380/380 381/381 377/377
f 342/342 341/341 382/382
f 383/383 379/379 384/384
f 383/383 378/378 379/379
f 385/385 381/381 380/380
f 385/385 386/386 381/381
f 387/387 383/383 384/384
f 387/387 384/384 388/388
f 389/389 390/390 386/386
f 389/389 386/386 385/385
f 391/391 387/387 388/388
f 391/391 388/388 392/392
f 393/393 394/394 390/390
f 393/393 390/390 389/389
f 395/395 391/391 392/392
f 395/395 392/392 396/396
f 397/397 394/394 393/393
f 397/397 398/398 394/394
f 399/399 396/396 400/400
f 399/399 395/395 396/396
f 401/401 398/398 397/397
f 401/401 402/402 398/398
f 403/403 400/400 404/404
f 403/403 399/399 400/400
f 405/405 406/406 402/402
f 405/405 402/402 401/401
f 407/407 404/404 408/408
f 407/407 403/403 404/404
f 409/409 410/410 406/406
f 409/409 406/406 405/405
f 411/411 408/408 412/412
f 411/411 407/407 408/408
f 413/413 414/414 410/410
f 413/413 410/410 409/409
f 415/415 412/412 416/416
f 415/415 411/411 412/412
f 417/417 418/418 414/414
f 417/417 414/414 413/413
f 419/419 416/416 420/420
f 419/419 415/415 416/416
f 421/421 418/418 417/417
f 421/421 422/422 418/418
f 423/423 420/420 424/424
f 423/423 419/419 420/420
f 425/425 426/426 422/422
f 425/425 422/422 421/421
f 427/427 424/424 428/428
f 427/427 423/423 424/424
f 429/429 426/426 425/425
f 430/430 427/427 428/428
f 430/430 428/428 431/431
f 432/432 426/426 429/429
f 433/433 431/431 434/434
f 433/433 430/430 431/431
f 435/435 426/426 432/432
f 436/436 434/434 437/437
f 436/436 433/433 434/434
f 438/438 342/342 439/439
f 440/440 426/426 435/435
f 441/441 437/437 442/442
f 441/441 436/436 437/437
f 443/443 426/426 440/440
f 444/444 442/442 445/445
f 444/444 441/441 442/442
f 446/446 426/426 443/443
f 447/447 445/445 448/448
f 447/447 444/444 445/445
f 449/449 426/426 446/446
f 450/450 447/447 448/448
f 450/450 448/448 451/451
f 452/452 426/426 449/449
f 453/453 451/451 454/454
f 453/453 450/450 451/451
f 455/455 426/426 452/452
f 456/456 454/454 457/457
f 456/456 453/453 454/454
f 458/458 439/439 342/342
f 458/458 459/459 426/426
f 458/458 382/382 459/459
f 458/458 342/342 382/382
f 460/460 457/457 461/461
f 460/460 456/456 457/457
f 462/462 461/461 463/463
f 462/462 460/460 461/461
f 464/464 463/463 465/465
f 464/464 462/462 463/463
f 466/466 464/464 465/465
f 467/467 466/466 465/465
f 468/468 466/466 467/467
f 469/469 470/470 468/468
f 469/469 468/468 467/467
f 471/471 470/470 469/469
f 471/471 472/472 470/470
f 473/473 472/472 471/471
f 473/473 474/474 472/472
f 475/475 476/476 477/477
f 475/475 478/478 476/476
f 475/475 479/479 478/478
f 475/475 480/480 479/479
f 475/475 481/481 480/480
f 475/475 482/482 481/481
f 475/475 483/483 482/482
f 475/475 484/484 483/483
f 475/475 455/455 484/484
f 475/475 458/458 426/426
f 475/475 426/426 455/455
f 485/485 474/474 473/473
f 485/485 486/486 474/474
f 487/487 486/486 485/485
f 487/487 488/488 486/486
f 489/489 488/488 487/487
f 489/489 490/490 488/488
f 491/491 490/490 489/489
f 491/491 492/492 490/490
f 493/493 492/492 491/491
f 493/493 494/494 492/492
f 495/495 494/494 493/493
f 495/495 496/496 494/494
f 497/497 498/498 499/499
f 497/497 475/475 477/477
f 497/497 500/500 498/498
f 497/497 501/501 500/500
f 497/497 502/502 501/501
f 497/497 503/503 502/502
f 497/497 504/504 503/503
f 497/497 505/505 504/504
f 497/497 506/506 505/505
f 497/497 507/507 506/506
f 497/497 508/508 507/507
f 497/497 509/509 508/508
f 497/497 477/477 509/509
f 510/510 496/496 495/495
f 510/510 511/511 496/496
f 512/512 511/511 510/510
f 512/512 513/513 511/511
f 514/514 513/513 512/512
f 514/514 515/515 513/513
f 516/516 515/515 514/514
f 516/516 517/517 515/515
f 516/516 518/518 517/517
f 516/516 519/519 518/518
f 516/516 520/520 519/519
f 516/516 521/521 520/520
f 516/516 522/522 521/521
f 516/516 523/523 522/522
f 516/516 524/524 523/523
f 516/516 525/525 524/524
f 526/526 527/527 528/528
f 526/526 529/529 527/527
f 526/526 530/530 529/529
f 526/526 531/531 530/530
f 526/526 532/532 531/531
f 526/526 533/533 532/532
f 526/526 534/534 533/533
f 526/526 535/535 534/534
f 526/526 536/536 535/535
f 526/526 537/537 536/536
f 526/526 538/538 537/537
f 526/526 499/499 538/538
f 526/526 497/497 499/499
f 539/539 528/528 540/540
f 539/539 526/526 528/528
f 539/539 541/541 542/542
f 539/539 543/543 541/541
f 539/539 544/544 543/543
f 539/539 545/545 544/544
f 539/539 546/546 545/545
f 539/539 547/547 546/546
f 539/539 548/548 547/547
f 539/539 549/549 548/548
f 539/539 550/550 549/549
f 539/539 540/540 550/550
f 551/551 539/539 542/542
f 551/551 525/525 516/516
f 551/551 542/542 525/525
f 552/552 516/516 553/553
f 552/552 551/551 516/516
f 554/554 552/552 553/553
f 555/555 554/554 553/553
f 350/350 497/497 526/526
f 556/556 555/555 553/553
f 556/556 553/553 557/557
f 558/558 556/556 557/557
f 559/559 558/558 557/557
f 560/560 559/559 557/557
f 561/561 560/560 557/557
f 561/561 557/557 562/562
f 563/563 561/561 562/562
f 564/564 563/563 562/562
f 565/565 564/564 562/562
f 565/565 562/562 566/566
f 567/567 565/565 566/566
f 568/568 567/567 566/566
f 569/569 570/570 566/566
f 571/571 566/566 570/570
f 572/572 569/569 566/566
f 573/573 566/566 571/571
f 574/574 572/572 566/566
f 575/575 566/566 573/573
f 576/576 574/574 566/566
f 577/577 566/566 575/575
f 578/578 576/576 566/566
f 579/579 566/566 577/577
f 579/579 568/568 566/566
f 580/580 578/578 566/566
f 581/581 568/568 579/579
f 582/582 580/580 566/566
f 583/583 568/568 581/581
f 584/584 582/582 566/566
f 585/585 568/568 583/583
f 586/586 584/584 566/566
f 587/587 568/568 585/585
f 588/588 586/586 566/566
f 589/589 568/568 587/587
f 590/590 588/588 566/566
f 591/591 568/568 589/589
f 592/592 568/568 591/591
f 593/593 568/568 592/592
f 594/594 568/568 593/593
f 595/595 568/568 594/594
f 596/596 568/568 595/595
f 597/597 568/568 596/596
f 598/598 568/568 597/597
f 599/599 568/568 598/598
f 600/600 568/568 599/599
f 601/601 568/568 600/600
f 602/602 590/590 566/566
f 602/602 603/603 590/590
f 602/602 604/604 603/603
f 602/602 605/605 604/604
f 602/602 606/606 605/605
f 602/602 607/607 606/606
f 602/602 608/608 607/607
f 602/602 609/609 608/608
f 602/602 610/610 609/609
f 602/602 611/611 610/610
f 602/602 612/612 611/611
f 613/613 612/612 602/602
f 614/614 568/568 601/601
f 615/615 613/613 602/602
f 616/616 568/568 614/614
f 617/617 615/615 602/602
f 618/618 619/619 620/620
f 618/618 621/621 619/619
f 622/622 568/568 616/616
f 623/623 621/621 618/618
f 624/624 617/617 602/602
f 625/625 621/621 623/623
f 626/626 568/568 622/622
f 627/627 624/624 602/602
f 628/628 568/568 626/626
f 629/629 621/621 625/625
f 629/629 625/625 630/630
f 629/629 602/602 621/621
f 631/631 627/627 602/602
f 632/632 602/602 629/629
f 633/633 568/568 628/628
f 634/634 631/631 602/602
f 635/635 568/568 633/633
f 636/636 602/602 632/632
f 636/636 632/632 637/637
f 638/638 634/634 602/602
f 639/639 568/568 635/635
f 640/640 638/638 602/602
f 641/641 602/602 636/636
f 641/641 642/642 643/643
f 641/641 636/636 642/642
f 644/644 568/568 639/639
f 645/645 640/640 602/602
f 646/646 568/568 644/644
f 647/647 641/641 648/648
f 649/649 645/645 602/602
f 650/650 602/602 641/641
f 650/650 641/641 647/647
f 651/651 602/602 650/650
f 652/652 602/602 651/651
f 653/653 652/652 654/654
f 655/655 602/602 652/652
f 655/655 652/652 653/653
f 655/655 653/653 656/656
f 657/657 658/658 659/659
f 657/657 655/655 658/658
f 660/660 655/655 657/657
f 661/661 655/655 660/660
f 661/661 660/660 662/662
f 663/663 661/661 664/664
f 665/665 666/666 667/667
f 665/665 661/661 663/663
f 665/665 649/649 602/602
f 665/665 602/602 655/655
f 665/665 655/655 661/661
f 665/665 668/668 649/649
f 665/665 669/669 668/668
f 665/665 670/670 669/669
f 665/665 671/671 670/670
f 665/665 672/672 671/671
f 665/665 673/673 672/672
f 665/665 674/674 673/673
f 665/665 667/667 674/674
f 675/675 666/666 665/665
f 676/676 675/675 665/665
f 677/677 676/676 665/665
f 678/678 677/677 665/665
f 679/679 678/678 665/665
f 680/680 679/679 665/665
f 681/681 680/680 665/665
f 682/682 681/681 665/665
f 683/683 682/682 665/665
f 684/684 683/683 665/665
f 685/685 684/684 665/665
f 686/686 685/685 665/665
f 687/687 686/686 665/665
f 688/688 687/687 665/665
f 689/689 688/688 665/665
f 690/690 689/689 665/665
f 347/347 348/348 691/691
f 347/347 691/691 692/692
f 693/693 347/347 692/692
f 694/694 693/693 695/695
f 696/696 697/697 698/698
f 696/696 699/699 697/697
f 696/696 700/700 699/699
f 701/701 693/693 694/694
f 702/702 696/696 698/698
f 703/703 693/693 701/701
f 704/704 702/702 698/698
f 704/704 698/698 705/705
f 706/706 693/693 703/703
f 707/707 704/704 705/705
f 707/707 705/705 708/708
f 709/709 693/693 706/706
f 710/710 711/711 712/712
f 710/710 708/708 711/711
f 710/710 707/707 708/708
f 713/713 693/693 709/709
f 714/714 712/712 715/715
f 714/714 710/710 712/712
f 716/716 693/693 713/713
f 717/717 715/715 718/718
f 717/717 714/714 715/715
f 719/719 693/693 716/716
f 720/720 717/717 718/718
f 721/721 693/693 719/719
f 722/722 723/723 724/724
f 722/722 718/718 723/723
f 722/722 720/720 718/718
f 725/725 693/693 721/721
f 726/726 722/722 724/724
f 727/727 693/693 725/725
f 728/728 729/729 730/730
f 728/728 724/724 729/729
f 728/728 726/726 724/724
f 731/731 693/693 727/727
f 732/732 728/728 730/730
f 733/733 693/693 731/731
f 734/734 730/730 735/735
f 734/734 732/732 730/730
f 736/736 693/693 733/733
f 737/737 738/738 739/739
f 737/737 735/735 738/738
f 737/737 734/734 735/735
f 740/740 693/693 736/736
f 741/741 737/737 739/739
f 742/742 693/693 740/740
f 743/743 744/744 745/745
f 743/743 739/739 744/744
f 743/743 741/741 739/739
f 746/746 693/693 742/742
f 747/747 743/743 745/745
f 748/748 693/693 746/746
f 749/749 747/747 745/745
f 749/749 750/750 751/751
f 749/749 745/745 750/750
f 752/752 693/693 748/748
f 753/753 749/749 751/751
f 754/754 693/693 752/752
f 755/755 753/753 751/751
f 755/755 756/756 757/757
f 755/755 751/751 756/756
f 758/758 693/693 754/754
f 759/759 755/755 757/757
f 760/760 693/693 758/758
f 761/761 759/759 757/757
f 761/761 762/762 763/763
f 761/761 757/757 762/762
f 764/764 693/693 760/760
f 765/765 761/761 763/763
f 765/765 763/763 766/766
f 767/767 693/693 764/764
f 768/768 765/765 766/766
f 769/769 693/693 767/767
f 770/770 766/766 771/771
f 770/770 768/768 766/766
f 772/772 693/693 769/769
f 773/773 774/774 775/775
f 773/773 771/771 774/774
f 773/773 770/770 771/771
f 776/776 693/693 772/772
f 777/777 773/773 775/775
f 778/778 693/693 776/776
f 779/779 780/780 781/781
f 779/779 775/775 780/780
f 779/779 777/777 775/775
f 782/782 693/693 778/778
f 783/783 779/779 781/781
f 784/784 693/693 782/782
f 785/785 781/781 786/786
f 785/785 783/783 781/781
f 787/787 693/693 784/784
f 788/788 785/785 786/786
f 788/788 789/789 790/790
f 788/788 786/786 789/789
f 791/791 693/693 787/787
f 792/792 790/790 793/793
f 792/792 788/788 790/790
f 794/794 693/693 791/791
f 795/795 793/793 796/796
f 795/795 792/792 793/793
f 797/797 693/693 794/794
f 798/798 795/795 796/796
f 799/799 693/693 797/797
f 800/800 693/693 799/799
f 801/801 693/693 800/800
f 802/802 803/803 804/804
f 802/802 805/805 803/803
f 802/802 806/806 805/805
f 802/802 807/807 806/806
f 802/802 808/808 807/807
f 802/802 809/809 808/808
f 802/802 810/810 809/809
f 802/802 801/801 810/810
f 802/802 811/811 812/812
f 802/802 813/813 811/811
f 802/802 814/814 813/813
f 802/802 815/815 814/814
f 802/802 816/816 815/815
f 802/802 347/347 693/693
f 802/802 817/817 816/816
f 802/802 818/818 817/817
f 802/802 819/819 818/818
f 802/802 820/820 819/819
f 802/802 693/693 801/801
f 802/802 821/821 820/820
f 802/802 822/822 821/821
f 802/802 823/823 822/822
f 802/802 804/804 823/823
f 824/824 802/802 812/812
f 824/824 825/825 826/826
f 824/824 827/827 825/825
f 824/824 828/828 827/827
f 824/824 829/829 828/828
f 824/824 830/830 829/829
f 824/824 831/831 830/830
f 824/824 832/832 831/831
f 824/824 833/833 832/832
f 824/824 834/834 833/833
f 824/824 835/835 834/834
f 824/824 836/836 835/835
f 824/824 837/837 836/836
f 824/824 838/838 837/837
f 824/824 839/839 838/838
f 824/824 840/840 839/839
f 824/824 841/841 840/840
f 824/824 842/842 841/841
f 824/824 843/843 842/842
f 824/824 844/844 843/843
f 824/824 845/845 844/844
f 824/824 846/846 845/845
f 824/824 847/847 846/846
f 824/824 848/848 847/847
f 824/824 849/849 848/848
f 824/824 850/850 849/849
f 824/824 812/812 850/850
f 851/851 852/852 802/802
f 851/851 824/824 853/853
f 851/851 802/802 824/824
f 854/854 855/855 856/856
f 854/854 851/851 855/855
f 857/857 858/858 859/859
f 857/857 860/860 858/858
f 857/857 861/861 860/860
f 857/857 862/862 861/861
f 863/863 864/864 865/865
f 863/863 866/866 864/864
f 863/863 867/867 866/866
f 868/868 867/867 863/863
f 868/868 857/857 859/859
f 868/868 869/869 852/852
f 868/868 870/870 869/869
f 868/868 871/871 870/870
f 868/868 859/859 871/871
f 868/868 872/872 857/857
f 868/868 854/854 867/867
f 868/868 852/852 851/851
f 868/868 851/851 854/854
f 873/873 868/868 874/874
f 875/875 868/868 873/873
f 876/876 872/872 868/868
f 876/876 868/868 875/875
f 877/877 878/878 879/879
f 877/877 880/880 878/878
f 881/881 872/872 876/876
f 881/881 879/879 872/872
f 881/881 877/877 879/879
f 349/349 350/350 526/526
f 552/552 554/554 346/346
f 345/345 346/346 554/554
f 558/558 559/559 344/344
f 343/343 344/344 559/559
f 563/563 564/564 691/691
f 564/564 692/692 691/691
f 824/824 826/826 665/665
f 826/826 882/882 665/665
f 882/882 883/883 665/665
f 883/883 798/798 665/665
f 798/798 690/690 665/665
f 798/798 796/796 690/690
f 568/568 695/695 693/693
f 568/568 884/884 695/695
f 568/568 885/885 884/884
f 568/568 886/886 885/885
f 568/568 887/887 886/886
f 568/568 700/700 887/887
f 568/568 646/646 700/700
f 646/646 888/888 700/700
f 888/888 889/889 700/700
f 889/889 699/699 700/700
f 438/438 126/126 342/342
f 438/438 127/127 126/126
f 438/438 136/136 127/127
f 890/890 305/305 136/136
f 890/890 136/136 438/438
f 891/891 438/438 439/439
f 891/891 890/890 438/438
f 297/297 305/305 890/890
f 892/892 475/475 497/497
f 893/893 458/458 475/475
f 893/893 475/475 892/892
f 894/894 439/439 458/458
f 894/894 458/458 893/893
f 891/891 439/439 894/894
f 137/137 350/350 170/170
f 892/892 497/497 350/350
f 895/895 350/350 137/137
f 895/895 892/892 350/350
f 308/308 340/340 895/895
f 308/308 895/895 137/137
f 349/349 138/138 169/169
f 896/896 307/307 138/138
f 896/896 138/138 349/349
f 339/339 307/307 896/896
f 897/897 349/349 526/526
f 897/897 896/896 349/349
f 898/898 552/552 899/899
f 898/898 551/551 552/552
f 900/900 539/539 551/551
f 900/900 551/551 898/898
f 897/897 526/526 539/539
f 897/897 539/539 900/900
f 139/139 346/346 168/168
f 901/901 552/552 346/346
f 901/901 899/899 552/552
f 310/310 338/338 901/901
f 310/310 901/901 346/346
f 310/310 346/346 139/139
f 348/348 141/141 131/131
f 902/902 691/691 348/348
f 903/903 902/902 348/348
f 301/301 311/311 903/903
f 131/131 301/301 903/903
f 131/131 903/903 348/348
f 345/345 140/140 167/167
f 904/904 345/345 554/554
f 904/904 140/140 345/345
f 309/309 140/140 904/904
f 337/337 309/309 904/904
f 905/905 904/904 554/554
f 906/906 558/558 907/907
f 906/906 556/556 558/558
f 908/908 555/555 556/556
f 908/908 556/556 906/906
f 905/905 554/554 555/555
f 905/905 555/555 908/908
f 344/344 130/130 129/129
f 907/907 558/558 344/344
f 909/909 907/907 344/344
f 300/300 299/299 909/909
f 129/129 300/300 909/909
f 129/129 909/909 344/344
f 910/910 568/568 911/911
f 910/910 565/565 567/567
f 910/910 567/567 568/568
f 912/912 564/564 565/565
f 912/912 565/565 910/910
f 913/913 564/564 912/912
f 911/911 568/568 693/693
f 914/914 911/911 693/693
f 915/915 311/311 302/302
f 903/903 311/311 915/915
f 890/890 296/296 297/297
f 916/916 296/296 890/890
f 909/909 298/298 917/917
f 909/909 299/299 298/298
f 901/901 337/337 904/904
f 901/901 338/338 337/337
f 896/896 340/340 339/339
f 895/895 340/340 896/896
f 902/902 903/903 915/915
f 918/918 902/902 915/915
f 891/891 916/916 890/890
f 894/894 916/916 891/891
f 919/919 920/920 916/916
f 919/919 916/916 894/894
f 914/914 918/918 915/915
f 921/921 919/919 894/894
f 922/922 894/894 893/893
f 922/922 921/921 894/894
f 923/923 924/924 893/893
f 925/925 893/893 924/924
f 926/926 923/923 893/893
f 927/927 893/893 925/925
f 928/928 926/926 893/893
f 929/929 893/893 927/927
f 930/930 928/928 893/893
f 931/931 893/893 929/929
f 931/931 922/922 893/893
f 932/932 930/930 893/893
f 932/932 893/893 892/892
f 933/933 922/922 931/931
f 934/934 932/932 892/892
f 935/935 922/922 933/933
f 936/936 934/934 892/892
f 937/937 922/922 935/935
f 938/938 936/936 892/892
f 939/939 922/922 937/937
f 940/940 938/938 892/892
f 941/941 922/922 939/939
f 942/942 940/940 892/892
f 943/943 922/922 941/941
f 944/944 942/942 892/892
f 945/945 922/922 943/943
f 946/946 944/944 892/892
f 947/947 922/922 945/945
f 948/948 946/946 892/892
f 949/949 950/950 922/922
f 949/949 922/922 947/947
f 951/951 948/948 892/892
f 952/952 953/953 950/950
f 952/952 950/950 949/949
f 954/954 951/951 892/892
f 955/955 956/956 953/953
f 955/955 953/953 952/952
f 957/957 954/954 892/892
f 958/958 959/959 956/956
f 958/958 956/956 955/955
f 960/960 957/957 892/892
f 961/961 962/962 959/959
f 961/961 959/959 958/958
f 963/963 964/964 962/962
f 963/963 962/962 961/961
f 965/965 966/966 964/964
f 965/965 964/964 963/963
f 897/897 892/892 895/895
f 897/897 960/960 892/892
f 897/897 967/967 960/960
f 897/897 968/968 967/967
f 969/969 968/968 897/897
f 970/970 966/966 965/965
f 970/970 971/971 966/966
f 972/972 969/969 897/897
f 973/973 974/974 971/971
f 973/973 971/971 970/970
f 975/975 972/972 897/897
f 976/976 977/977 974/974
f 976/976 974/974 973/973
f 978/978 975/975 897/897
f 979/979 980/980 977/977
f 979/979 977/977 976/976
f 981/981 978/978 897/897
f 982/982 983/983 980/980
f 982/982 980/980 979/979
f 984/984 981/981 897/897
f 985/985 983/983 982/982
f 985/985 986/986 983/983
f 987/987 984/984 897/897
f 988/988 986/986 985/985
f 988/988 989/989 986/986
f 990/990 987/987 897/897
f 991/991 992/992 989/989
f 991/991 989/989 988/988
f 993/993 990/990 897/897
f 994/994 992/992 991/991
f 994/994 995/995 992/992
f 996/996 993/993 897/897
f 997/997 998/998 995/995
f 997/997 995/995 994/994
f 999/999 998/998 997/997
f 1000/1000 998/998 999/999
f 1001/1001 1000/1000 999/999
f 900/900 1002/1002 996/996
f 900/900 1003/1003 1002/1002
f 900/900 1004/1004 1003/1003
f 900/900 996/996 897/897
f 1005/1005 1000/1000 1001/1001
f 1006/1006 1005/1005 1001/1001
f 1007/1007 1004/1004 900/900
f 1008/1008 1005/1005 1006/1006
f 1008/1008 1006/1006 1009/1009
f 1010/1010 1007/1007 900/900
f 1011/1011 1010/1010 900/900
f 1012/1012 1008/1008 1009/1009
f 1012/1012 1009/1009 1013/1013
f 1014/1014 1011/1011 900/900
f 1015/1015 1014/1014 900/900
f 1016/1016 1013/1013 1017/1017
f 1016/1016 1012/1012 1013/1013
f 1018/1018 1015/1015 900/900
f 1019/1019 1018/1018 900/900
f 1020/1020 1017/1017 1021/1021
f 1020/1020 1016/1016 1017/1017
f 1022/1022 1023/1023 914/914
f 1024/1024 914/914 1023/1023
f 1025/1025 1022/1022 914/914
f 1026/1026 914/914 1024/1024
f 1027/1027 1025/1025 914/914
f 1028/1028 914/914 1026/1026
f 1029/1029 1027/1027 914/914
f 1030/1030 914/914 1028/1028
f 1031/1031 1029/1029 914/914
f 1032/1032 914/914 1030/1030
f 1033/1033 1019/1019 900/900
f 1034/1034 1031/1031 914/914
f 1035/1035 914/914 1032/1032
f 1036/1036 1034/1034 914/914
f 1037/1037 914/914 1035/1035
f 1038/1038 1036/1036 914/914
f 1039/1039 1021/1021 1040/1040
f 1039/1039 1020/1020 1021/1021
f 1041/1041 914/914 1037/1037
f 1042/1042 914/914 1041/1041
f 1043/1043 914/914 1042/1042
f 1044/1044 1039/1039 1040/1040
f 1044/1044 1040/1040 1045/1045
f 1046/1046 914/914 1043/1043
f 1047/1047 914/914 1046/1046
f 1048/1048 914/914 1047/1047
f 1049/1049 1044/1044 1045/1045
f 1049/1049 1045/1045 1050/1050
f 1051/1051 914/914 1048/1048
f 898/898 1052/1052 1033/1033
f 898/898 1033/1033 900/900
f 1053/1053 914/914 1051/1051
f 1054/1054 1038/1038 914/914
f 1054/1054 914/914 915/915
f 1054/1054 1055/1055 1038/1038
f 1054/1054 1056/1056 1055/1055
f 1054/1054 1057/1057 1056/1056
f 1054/1054 1058/1058 1057/1057
f 1054/1054 1059/1059 1058/1058
f 1054/1054 1060/1060 1059/1059
f 1054/1054 1061/1061 1060/1060
f 1062/1062 1061/1061 1054/1054
f 1063/1063 1050/1050 1064/1064
f 1063/1063 1049/1049 1050/1050
f 1065/1065 914/914 1053/1053
f 1066/1066 1062/1062 1054/1054
f 1067/1067 1054/1054 1068/1068
f 1069/1069 914/914 1065/1065
f 1070/1070 1066/1066 1054/1054
f 1071/1071 1054/1054 1067/1067
f 1072/1072 1063/1063 1064/1064
f 1072/1072 1064/1064 1073/1073
f 1074/1074 914/914 1069/1069
f 1075/1075 1070/1070 1054/1054
f 1076/1076 914/914 1074/1074
f 1077/1077 1075/1075 1054/1054
f 1078/1078 1054/1054 1071/1071
f 1078/1078 1079/1079 1080/1080
f 1078/1078 1071/1071 1079/1079
f 1081/1081 1072/1072 1073/1073
f 1081/1081 1073/1073 1082/1082
f 1083/1083 914/914 1076/1076
f 1084/1084 1054/1054 1078/1078
f 1085/1085 1077/1077 1054/1054
f 1086/1086 914/914 1083/1083
f 1087/1087 1081/1081 1082/1082
f 1087/1087 1082/1082 1088/1088
f 1089/1089 1085/1085 1054/1054
f 1090/1090 914/914 1086/1086
f 1091/1091 1092/1092 1093/1093
f 1091/1091 1084/1084 1092/1092
f 1091/1091 1054/1054 1084/1084
f 1094/1094 1089/1089 1054/1054
f 1095/1095 1088/1088 1096/1096
f 1095/1095 1087/1087 1088/1088
f 1097/1097 914/914 1090/1090
f 1098/1098 1094/1094 1054/1054
f 1099/1099 914/914 1097/1097
f 1100/1100 1095/1095 1096/1096
f 1100/1100 1096/1096 1101/1101
f 1102/1102 1103/1103 1104/1104
f 1102/1102 1091/1091 1103/1103
f 1102/1102 1054/1054 1091/1091
f 1105/1105 1098/1098 1054/1054
f 1106/1106 914/914 1099/1099
f 1107/1107 1054/1054 1102/1102
f 1108/1108 1105/1105 1054/1054
f 1109/1109 1100/1100 1101/1101
f 1109/1109 1101/1101 1110/1110
f 1111/1111 914/914 1106/1106
f 1112/1112 1108/1108 1054/1054
f 1113/1113 1109/1109 1110/1110
f 1113/1113 1110/1110 1114/1114
f 1115/1115 914/914 1111/1111
f 1116/1116 1117/1117 1118/1118
f 1116/1116 1107/1107 1117/1117
f 1119/1119 1112/1112 1054/1054
f 1120/1120 914/914 1115/1115
f 1121/1121 1114/1114 1122/1122
f 1121/1121 1113/1113 1114/1114
f 1123/1123 1116/1116 1124/1124
f 1123/1123 1054/1054 1107/1107
f 1123/1123 1107/1107 1116/1116
f 1125/1125 1119/1119 1054/1054
f 1126/1126 914/914 1120/1120
f 1127/1127 1122/1122 1128/1128
f 1127/1127 1121/1121 1122/1122
f 1129/1129 1123/1123 1130/1130
f 1129/1129 1054/1054 1123/1123
f 1131/1131 1132/1132 1052/1052
f 1131/1131 1133/1133 1132/1132
f 1131/1131 1134/1134 1133/1133
f 1131/1131 1135/1135 1134/1134
f 1131/1131 1136/1136 1135/1135
f 1131/1131 1137/1137 1136/1136
f 1131/1131 1138/1138 1137/1137
f 1131/1131 1139/1139 1138/1138
f 1131/1131 1140/1140 1139/1139
f 1131/1131 898/898 899/899
f 1131/1131 1052/1052 898/898
f 1141/1141 1128/1128 1142/1142
f 1141/1141 1127/1127 1128/1128
f 1143/1143 1140/1140 1131/1131
f 1143/1143 1144/1144 1140/1140
f 1145/1145 1141/1141 1142/1142
f 1145/1145 1142/1142 1146/1146
f 1147/1147 1148/1148 1144/1144
f 1147/1147 1144/1144 1143/1143
f 1149/1149 1145/1145 1146/1146
f 1149/1149 1146/1146 1150/1150
f 1151/1151 1054/1054 1129/1129
f 1151/1151 1152/1152 1153/1153
f 1151/1151 1154/1154 1152/1152
f 1151/1151 1129/1129 1154/1154
f 1155/1155 1156/1156 1148/1148
f 1155/1155 1148/1148 1147/1147
f 1157/1157 1149/1149 1150/1150
f 1157/1157 1150/1150 1158/1158
f 1159/1159 1160/1160 1156/1156
f 1159/1159 1156/1156 1155/1155
f 1161/1161 1157/1157 1158/1158
f 1161/1161 1158/1158 1162/1162
f 1163/1163 1164/1164 1165/1165
f 1163/1163 1151/1151 1164/1164
f 1166/1166 1160/1160 1159/1159
f 1166/1166 1167/1167 1160/1160
f 1168/1168 1151/1151 1163/1163
f 1168/1168 1054/1054 1151/1151
f 1169/1169 1161/1161 1162/1162
f 1169/1169 1162/1162 1170/1170
f 1171/1171 1054/1054 1168/1168
f 1172/1172 1167/1167 1166/1166
f 1172/1172 1173/1173 1167/1167
f 1174/1174 1169/1169 1170/1170
f 1174/1174 1170/1170 1175/1175
f 1176/1176 1173/1173 1172/1172
f 1176/1176 1177/1177 1173/1173
f 1178/1178 1175/1175 1179/1179
f 1178/1178 1174/1174 1175/1175
f 1180/1180 1171/1171 1181/1181
f 1180/1180 1054/1054 1171/1171
f 1180/1180 1125/1125 1054/1054
f 1180/1180 1182/1182 1125/1125
f 1180/1180 1183/1183 1182/1182
f 1180/1180 1184/1184 1183/1183
f 1180/1180 1185/1185 1184/1184
f 1180/1180 1186/1186 1185/1185
f 1180/1180 1187/1187 1186/1186
f 1180/1180 1188/1188 1187/1187
f 1189/1189 1177/1177 1176/1176
f 1189/1189 1190/1190 1177/1177
f 1191/1191 1179/1179 1192/1192
f 1191/1191 1178/1178 1179/1179
f 1193/1193 1188/1188 1180/1180
f 1194/1194 1195/1195 1190/1190
f 1194/1194 1190/1190 1189/1189
f 1196/1196 1191/1191 1192/1192
f 1196/1196 1192/1192 1197/1197
f 1198/1198 1199/1199 1195/1195
f 1198/1198 1195/1195 1194/1194
f 1200/1200 1196/1196 1197/1197
f 1200/1200 1197/1197 1201/1201
f 1202/1202 1203/1203 1199/1199
f 1202/1202 1199/1199 1198/1198
f 1204/1204 1201/1201 1205/1205
f 1204/1204 1200/1200 1201/1201
f 1206/1206 1207/1207 1203/1203
f 1206/1206 1203/1203 1202/1202
f 1208/1208 1204/1204 1205/1205
f 1208/1208 1205/1205 1209/1209
f 1210/1210 1211/1211 1207/1207
f 1210/1210 1207/1207 1206/1206
f 1212/1212 1209/1209 1211/1211
f 1212/1212 1211/1211 1210/1210
f 1212/1212 1208/1208 1209/1209
f 1213/1213 1193/1193 1180/1180
f 1214/1214 1213/1213 1180/1180
f 1215/1215 1214/1214 1180/1180
f 1216/1216 1215/1215 1180/1180
f 1217/1217 1216/1216 1180/1180
f 1218/1218 1217/1217 1180/1180
f 1219/1219 1218/1218 1180/1180
f 1220/1220 1219/1219 1180/1180
f 1221/1221 1220/1220 1180/1180
f 1222/1222 1221/1221 1180/1180
f 1223/1223 1222/1222 1180/1180
f 1224/1224 1223/1223 1180/1180
f 1225/1225 1224/1224 1180/1180
f 1226/1226 1225/1225 1180/1180
f 1227/1227 1226/1226 1180/1180
f 1228/1228 1227/1227 1180/1180
f 1229/1229 1228/1228 1180/1180
f 1230/1230 1229/1229 1180/1180
f 1231/1231 1131/1131 899/899
f 1231/1231 908/908 906/906
f 1231/1231 905/905 908/908
f 1231/1231 899/899 905/905
f 1232/1232 1233/1233 1234/1234
f 1232/1232 906/906 907/907
f 1232/1232 1231/1231 906/906
f 1232/1232 907/907 1233/1233
f 1235/1235 1232/1232 1234/1234
f 1236/1236 1235/1235 1237/1237
f 1236/1236 913/913 912/912
f 1236/1236 1237/1237 913/913
f 1236/1236 1232/1232 1235/1235
f 1238/1238 911/911 1239/1239
f 1240/1240 911/911 1238/1238
f 1241/1241 1236/1236 912/912
f 1241/1241 910/910 911/911
f 1241/1241 912/912 910/910
f 1242/1242 911/911 1240/1240
f 1243/1243 1244/1244 1245/1245
f 1243/1243 1246/1246 1247/1247
f 1243/1243 1245/1245 1246/1246
f 1248/1248 911/911 1242/1242
f 1249/1249 1243/1243 1247/1247
f 1250/1250 911/911 1248/1248
f 1251/1251 1252/1252 1253/1253
f 1251/1251 1247/1247 1252/1252
f 1251/1251 1249/1249 1247/1247
f 1254/1254 911/911 1250/1250
f 1255/1255 1251/1251 1253/1253
f 1255/1255 1253/1253 1256/1256
f 1257/1257 911/911 1254/1254
f 1258/1258 1255/1255 1256/1256
f 1259/1259 911/911 1257/1257
f 1260/1260 1261/1261 1262/1262
f 1260/1260 1256/1256 1261/1261
f 1260/1260 1258/1258 1256/1256
f 1263/1263 911/911 1259/1259
f 1264/1264 1260/1260 1262/1262
f 1265/1265 911/911 1263/1263
f 1266/1266 1262/1262 1267/1267
f 1266/1266 1264/1264 1262/1262
f 1268/1268 911/911 1265/1265
f 1269/1269 1270/1270 1271/1271
f 1269/1269 1267/1267 1270/1270
f 1269/1269 1266/1266 1267/1267
f 1272/1272 911/911 1268/1268
f 1273/1273 1271/1271 1274/1274
f 1273/1273 1269/1269 1271/1271
f 1275/1275 911/911 1272/1272
f 1276/1276 1273/1273 1274/1274
f 1277/1277 911/911 1275/1275
f 1278/1278 1279/1279 1280/1280
f 1278/1278 1274/1274 1279/1279
f 1278/1278 1276/1276 1274/1274
f 1281/1281 911/911 1277/1277
f 1282/1282 1278/1278 1280/1280
f 1283/1283 911/911 1281/1281
f 1284/1284 1280/1280 1285/1285
f 1284/1284 1282/1282 1280/1280
f 1286/1286 911/911 1283/1283
f 1287/1287 1285/1285 1288/1288
f 1287/1287 1284/1284 1285/1285
f 1289/1289 911/911 1286/1286
f 1290/1290 1287/1287 1288/1288
f 1290/1290 1291/1291 1292/1292
f 1290/1290 1288/1288 1291/1291
f 1293/1293 911/911 1289/1289
f 1294/1294 1290/1290 1292/1292
f 1295/1295 911/911 1293/1293
f 1296/1296 1292/1292 1297/1297
f 1296/1296 1294/1294 1292/1292
f 1298/1298 911/911 1295/1295
f 1299/1299 1296/1296 1297/1297
f 1299/1299 1297/1297 1300/1300
f 1301/1301 911/911 1298/1298
f 1302/1302 1299/1299 1300/1300
f 1302/1302 1303/1303 1304/1304
f 1302/1302 1300/1300 1303/1303
f 1305/1305 911/911 1301/1301
f 1306/1306 1302/1302 1304/1304
f 1307/1307 911/911 1305/1305
f 1308/1308 1304/1304 1309/1309
f 1308/1308 1306/1306 1304/1304
f 1310/1310 911/911 1307/1307
f 1311/1311 1309/1309 1312/1312
f 1311/1311 1308/1308 1309/1309
f 1313/1313 911/911 1310/1310
f 1313/1313 1241/1241 911/911
f 1314/1314 1312/1312 1315/1315
f 1314/1314 1311/1311 1312/1312
f 1316/1316 1241/1241 1313/1313
f 1317/1317 1315/1315 1318/1318
f 1317/1317 1314/1314 1315/1315
f 1319/1319 1241/1241 1316/1316
f 1320/1320 1318/1318 1321/1321
f 1320/1320 1317/1317 1318/1318
f 1322/1322 1241/1241 1319/1319
f 1323/1323 1321/1321 1324/1324
f 1323/1323 1320/1320 1321/1321
f 1325/1325 1241/1241 1322/1322
f 1326/1326 1327/1327 1328/1328
f 1326/1326 1324/1324 1327/1327
f 1326/1326 1323/1323 1324/1324
f 1329/1329 1241/1241 1325/1325
f 1330/1330 1326/1326 1328/1328
f 1331/1331 1241/1241 1329/1329
f 1332/1332 1333/1333 1334/1334
f 1332/1332 1328/1328 1333/1333
f 1332/1332 1330/1330 1328/1328
f 1335/1335 1241/1241 1331/1331
f 1336/1336 1332/1332 1334/1334
f 1337/1337 1241/1241 1335/1335
f 1338/1338 1334/1334 1339/1339
f 1338/1338 1336/1336 1334/1334
f 1340/1340 1241/1241 1337/1337
f 1341/1341 1339/1339 1342/1342
f 1341/1341 1338/1338 1339/1339
f 1343/1343 1241/1241 1340/1340
f 1344/1344 1342/1342 1345/1345
f 1344/1344 1341/1341 1342/1342
f 1346/1346 1241/1241 1343/1343
f 1347/1347 1241/1241 1346/1346
f 1348/1348 1241/1241 1347/1347
f 1349/1349 1241/1241 1348/1348
f 1350/1350 1241/1241 1349/1349
f 1351/1351 1241/1241 1350/1350
f 1352/1352 1353/1353 1354/1354
f 1352/1352 1355/1355 1353/1353
f 1352/1352 1356/1356 1355/1355
f 1352/1352 1357/1357 1356/1356
f 1352/1352 1358/1358 1357/1357
f 1352/1352 1359/1359 1358/1358
f 1352/1352 1360/1360 1359/1359
f 1352/1352 1361/1361 1360/1360
f 1352/1352 1362/1362 1361/1361
f 1352/1352 1363/1363 1362/1362
f 1352/1352 1364/1364 1363/1363
f 1352/1352 1365/1365 1364/1364
f 1352/1352 1366/1366 1365/1365
f 1352/1352 1367/1367 1366/1366
f 1352/1352 1368/1368 1367/1367
f 1352/1352 1369/1369 1368/1368
f 1352/1352 1370/1370 1369/1369
f 1352/1352 1371/1371 1370/1370
f 1352/1352 1372/1372 1371/1371
f 1352/1352 1373/1373 1372/1372
f 1352/1352 1351/1351 1373/1373
f 1352/1352 1241/1241 1351/1351
f 1374/1374 1352/1352 1354/1354
f 1374/1374 1375/1375 1376/1376
f 1374/1374 1377/1377 1375/1375
f 1374/1374 1378/1378 1377/1377
f 1374/1374 1379/1379 1378/1378
f 1374/1374 1380/1380 1379/1379
f 1374/1374 1381/1381 1380/1380
f 1374/1374 1382/1382 1381/1381
f 1374/1374 1383/1383 1382/1382
f 1374/1374 1384/1384 1383/1383
f 1374/1374 1385/1385 1384/1384
f 1374/1374 1386/1386 1385/1385
f 1374/1374 1387/1387 1386/1386
f 1374/1374 1388/1388 1387/1387
f 1374/1374 1389/1389 1388/1388
f 1374/1374 1390/1390 1389/1389
f 1374/1374 1391/1391 1390/1390
f 1374/1374 1392/1392 1391/1391
f 1374/1374 1393/1393 1392/1392
f 1374/1374 1394/1394 1393/1393
f 1374/1374 1395/1395 1394/1394
f 1374/1374 1396/1396 1395/1395
f 1374/1374 1397/1397 1396/1396
f 1374/1374 1398/1398 1397/1397
f 1374/1374 1399/1399 1398/1398
f 1374/1374 1354/1354 1399/1399
f 1400/1400 1401/1401 1402/1402
f 1403/1403 1352/1352 1374/1374
f 1403/1403 1404/1404 1352/1352
f 1403/1403 1405/1405 1404/1404
f 1403/1403 1406/1406 1405/1405
f 1403/1403 1407/1407 1406/1406
f 1408/1408 1400/1400 1409/1409
f 1408/1408 1374/1374 1401/1401
f 1408/1408 1403/1403 1374/1374
f 1408/1408 1401/1401 1400/1400
f 1410/1410 1411/1411 1403/1403
f 1412/1412 1410/1410 1403/1403
f 1413/1413 1412/1412 1403/1403
f 1414/1414 1415/1415 1416/1416
f 1414/1414 1417/1417 1415/1415
f 1418/1418 1413/1413 1403/1403
f 1419/1419 1408/1408 1417/1417
f 1419/1419 1417/1417 1414/1414
f 1420/1420 1418/1418 1403/1403
f 1421/1421 1420/1420 1403/1403
f 1421/1421 1422/1422 1420/1420
f 1423/1423 1424/1424 1425/1425
f 1426/1426 1424/1424 1423/1423
f 1427/1427 1421/1421 1403/1403
f 1427/1427 1428/1428 1421/1421
f 1429/1429 1403/1403 1408/1408
f 1429/1429 1408/1408 1419/1419
f 1429/1429 1427/1427 1403/1403
f 1429/1429 1424/1424 1426/1426
f 1429/1429 1419/1419 1424/1424
f 1430/1430 1427/1427 1429/1429
f 1374/1374 1230/1230 1180/1180
f 1374/1374 1431/1431 1230/1230
f 1374/1374 1432/1432 1431/1431
f 1374/1374 1345/1345 1432/1432
f 1374/1374 1376/1376 1345/1345
f 1376/1376 1344/1344 1345/1345
f 902/902 918/918 1237/1237
f 918/918 913/913 1237/1237
f 1233/1233 909/909 917/917
f 1233/1233 907/907 909/909
f 905/905 899/899 904/904
f 899/899 901/901 904/904
f 897/897 895/895 896/896
f 914/914 1126/1126 911/911
f 1126/1126 1433/1433 911/911
f 1433/1433 1434/1434 911/911
f 1434/1434 1435/1435 911/911
f 1435/1435 1436/1436 911/911
f 1436/1436 1245/1245 911/911
f 1245/1245 1239/1239 911/911
f 1245/1245 1437/1437 1239/1239
f 1245/1245 1438/1438 1437/1437
f 1245/1245 1244/1244 1438/1438
f 916/916 293/293 296/296
f 920/920 293/293 916/916
f 921/921 922/922 426/426
f 921/921 426/426 459/459
f 919/919 459/459 382/382
f 919/919 382/382 341/341
f 919/919 921/921 459/459
f 920/920 919/919 341/341
f 116/116 341/341 123/123
f 116/116 920/920 341/341
f 286/286 116/116 110/110
f 286/286 293/293 920/920
f 286/286 920/920 116/116
f 280/280 110/110 103/103
f 280/280 286/286 110/110
f 273/273 103/103 95/95
f 273/273 280/280 103/103
f 265/265 95/95 86/86
f 265/265 273/273 95/95
f 256/256 86/86 79/79
f 256/256 265/265 86/86
f 249/249 79/79 70/70
f 249/249 256/256 79/79
f 240/240 70/70 62/62
f 240/240 249/249 70/70
f 232/232 62/62 58/58
f 232/232 240/240 62/62
f 228/228 58/58 55/55
f 228/228 232/232 58/58
f 225/225 228/228 55/55
f 422/422 426/426 922/922
f 422/422 922/922 950/950
f 418/418 422/422 950/950
f 418/418 950/950 953/953
f 414/414 418/418 953/953
f 414/414 953/953 956/956
f 410/410 414/414 956/956
f 410/410 956/956 959/959
f 406/406 410/410 959/959
f 406/406 959/959 962/962
f 402/402 406/406 962/962
f 402/402 962/962 964/964
f 398/398 402/402 964/964
f 398/398 964/964 966/966
f 394/394 398/398 966/966
f 394/394 966/966 971/971
f 390/390 394/394 971/971
f 390/390 971/971 974/974
f 386/386 390/390 974/974
f 386/386 974/974 977/977
f 381/381 977/977 980/980
f 381/381 386/386 977/977
f 377/377 980/980 983/983
f 377/377 381/381 980/980
f 373/373 983/983 986/986
f 373/373 377/377 983/983
f 369/369 986/986 989/989
f 369/369 373/373 986/986
f 365/365 989/989 992/992
f 365/365 369/369 989/989
f 361/361 992/992 995/995
f 361/361 365/365 992/992
f 357/357 361/361 995/995
f 357/357 995/995 998/998
f 352/352 357/357 998/998
f 352/352 998/998 1000/1000
f 353/353 352/352 1000/1000
f 353/353 1000/1000 1005/1005
f 355/355 353/353 1005/1005
f 355/355 1005/1005 1008/1008
f 359/359 355/355 1008/1008
f 359/359 1008/1008 1012/1012
f 363/363 359/359 1012/1012
f 363/363 1012/1012 1016/1016
f 367/367 363/363 1016/1016
f 367/367 1016/1016 1020/1020
f 371/371 367/367 1020/1020
f 371/371 1020/1020 1039/1039
f 375/375 371/371 1039/1039
f 375/375 1039/1039 1044/1044
f 379/379 375/375 1044/1044
f 379/379 1044/1044 1049/1049
f 384/384 379/379 1049/1049
f 384/384 1049/1049 1063/1063
f 388/388 384/384 1063/1063
f 388/388 1063/1063 1072/1072
f 392/392 388/388 1072/1072
f 392/392 1072/1072 1081/1081
f 396/396 392/392 1081/1081
f 396/396 1081/1081 1087/1087
f 400/400 396/396 1087/1087
f 400/400 1087/1087 1095/1095
f 404/404 400/400 1095/1095
f 404/404 1095/1095 1100/1100
f 408/408 404/404 1100/1100
f 408/408 1100/1100 1109/1109
f 412/412 408/408 1109/1109
f 412/412 1109/1109 1113/1113
f 416/416 412/412 1113/1113
f 416/416 1113/1113 1121/1121
f 420/420 1121/1121 1127/1127
f 420/420 416/416 1121/1121
f 424/424 1127/1127 1141/1141
f 424/424 420/420 1127/1127
f 428/428 1141/1141 1145/1145
f 428/428 424/424 1141/1141
f 431/431 1145/1145 1149/1149
f 431/431 428/428 1145/1145
f 434/434 1149/1149 1157/1157
f 434/434 431/431 1149/1149
f 437/437 1157/1157 1161/1161
f 437/437 434/434 1157/1157
f 442/442 437/437 1161/1161
f 442/442 1161/1161 1169/1169
f 445/445 442/442 1169/1169
f 445/445 1169/1169 1174/1174
f 448/448 445/445 1174/1174
f 448/448 1174/1174 1178/1178
f 451/451 1178/1178 1191/1191
f 451/451 448/448 1178/1178
f 454/454 1191/1191 1196/1196
f 454/454 451/451 1191/1191
f 457/457 1196/1196 1200/1200
f 457/457 454/454 1196/1196
f 461/461 1200/1200 1204/1204
f 461/461 457/457 1200/1200
f 463/463 1204/1204 1208/1208
f 463/463 461/461 1204/1204
f 465/465 1208/1208 1212/1212
f 465/465 463/463 1208/1208
f 467/467 1212/1212 1210/1210
f 467/467 465/465 1212/1212
f 469/469 1210/1210 1206/1206
f 469/469 467/467 1210/1210
f 471/471 1206/1206 1202/1202
f 471/471 469/469 1206/1206
f 473/473 1202/1202 1198/1198
f 473/473 471/471 1202/1202
f 485/485 1198/1198 1194/1194
f 485/485 473/473 1198/1198
f 487/487 1194/1194 1189/1189
f 487/487 485/485 1194/1194
f 489/489 1189/1189 1176/1176
f 489/489 487/487 1189/1189
f 491/491 1176/1176 1172/1172
f 491/491 489/489 1176/1176
f 493/493 1172/1172 1166/1166
f 493/493 491/491 1172/1172
f 495/495 1166/1166 1159/1159
f 495/495 493/493 1166/1166
f 510/510 1159/1159 1155/1155
f 510/510 495/495 1159/1159
f 512/512 1155/1155 1147/1147
f 512/512 510/510 1155/1155
f 514/514 1147/1147 1143/1143
f 514/514 512/512 1147/1147
f 516/516 514/514 1143/1143
f 516/516 1143/1143 1131/1131
f 1236/1236 566/566 562/562
f 1236/1236 1241/1241 566/566
f 1232/1232 562/562 557/557
f 1232/1232 1236/1236 562/562
f 1231/1231 557/557 553/553
f 1231/1231 1232/1232 557/557
f 1131/1131 553/553 516/516
f 1131/1131 1231/1231 553/553
f 1241/1241 602/602 566/566
f 1241/1241 1352/1352 602/602
f 1401/1401 665/665 663/663
f 1401/1401 1374/1374 665/665
f 1402/1402 663/663 664/664
f 1402/1402 1401/1401 663/663
f 1400/1400 664/664 661/661
f 1400/1400 1402/1402 664/664
f 1409/1409 661/661 662/662
f 1409/1409 1400/1400 661/661
f 1408/1408 662/662 660/660
f 1408/1408 1409/1409 662/662
f 1417/1417 660/660 657/657
f 1417/1417 1408/1408 660/660
f 1415/1415 657/657 659/659
f 1415/1415 1417/1417 657/657
f 1416/1416 659/659 658/658
f 1416/1416 1415/1415 659/659
f 1414/1414 1416/1416 658/658
f 1414/1414 658/658 655/655
f 1419/1419 655/655 656/656
f 1419/1419 1414/1414 655/655
f 1424/1424 656/656 653/653
f 1424/1424 1419/1419 656/656
f 1425/1425 653/653 654/654
f 1425/1425 1424/1424 653/653
f 1423/1423 654/654 652/652
f 1423/1423 1425/1425 654/654
f 1426/1426 652/652 651/651
f 1426/1426 1423/1423 652/652
f 1429/1429 651/651 650/650
f 1429/1429 1426/1426 651/651
f 1430/1430 650/650 647/647
f 1430/1430 1429/1429 650/650
f 1427/1427 647/647 648/648
f 1427/1427 1430/1430 647/647
f 1428/1428 648/648 641/641
f 1428/1428 1427/1427 648/648
f 1421/1421 641/641 643/643
f 1421/1421 1428/1428 641/641
f 1422/1422 643/643 642/642
f 1422/1422 1421/1421 643/643
f 1420/1420 642/642 636/636
f 1420/1420 1422/1422 642/642
f 1418/1418 636/636 637/637
f 1418/1418 1420/1420 636/636
f 1413/1413 637/637 632/632
f 1413/1413 1418/1418 637/637
f 1412/1412 632/632 629/629
f 1412/1412 1413/1413 632/632
f 1410/1410 629/629 630/630
f 1410/1410 1412/1412 629/629
f 1411/1411 630/630 625/625
f 1411/1411 1410/1410 630/630
f 1403/1403 625/625 623/623
f 1403/1403 1411/1411 625/625
f 1407/1407 623/623 618/618
f 1407/1407 1403/1403 623/623
f 1406/1406 618/618 620/620
f 1406/1406 1407/1407 618/618
f 1405/1405 620/620 619/619
f 1405/1405 1406/1406 620/620
f 1404/1404 619/619 621/621
f 1404/1404 1405/1405 619/619
f 1352/1352 621/621 602/602
f 1352/1352 1404/1404 621/621
f 1180/1180 824/824 665/665
f 1374/1374 1180/1180 665/665
f 1054/1054 802/802 852/852
f 1068/1068 852/852 869/869
f 1068/1068 1054/1054 852/852
f 1067/1067 869/869 870/870
f 1067/1067 1068/1068 869/869
f 1071/1071 870/870 871/871
f 1071/1071 1067/1067 870/870
f 1079/1079 871/871 859/859
f 1079/1079 1071/1071 871/871
f 1080/1080 859/859 858/858
f 1080/1080 1079/1079 859/859
f 1078/1078 858/858 860/860
f 1078/1078 1080/1080 858/858
f 1084/1084 860/860 861/861
f 1084/1084 1078/1078 860/860
f 1092/1092 1084/1084 861/861
f 1092/1092 861/861 862/862
f 1093/1093 1092/1092 862/862
f 1093/1093 862/862 857/857
f 1091/1091 857/857 872/872
f 1091/1091 1093/1093 857/857
f 1103/1103 872/872 879/879
f 1103/1103 1091/1091 872/872
f 1104/1104 879/879 878/878
f 1104/1104 1103/1103 879/879
f 1102/1102 878/878 880/880
f 1102/1102 1104/1104 878/878
f 1107/1107 880/880 877/877
f 1107/1107 1102/1102 880/880
f 1117/1117 877/877 881/881
f 1117/1117 1107/1107 877/877
f 1118/1118 881/881 876/876
f 1118/1118 1117/1117 881/881
f 1116/1116 876/876 875/875
f 1116/1116 1118/1118 876/876
f 1124/1124 875/875 873/873
f 1124/1124 1116/1116 875/875
f 1123/1123 873/873 874/874
f 1123/1123 1124/1124 873/873
f 1130/1130 874/874 868/868
f 1130/1130 1123/1123 874/874
f 1129/1129 868/868 863/863
f 1129/1129 1130/1130 868/868
f 1154/1154 863/863 865/865
f 1154/1154 1129/1129 863/863
f 1152/1152 865/865 864/864
f 1152/1152 1154/1154 865/865
f 1153/1153 864/864 866/866
f 1153/1153 1152/1152 864/864
f 1151/1151 866/866 867/867
f 1151/1151 1153/1153 866/866
f 1164/1164 867/867 854/854
f 1164/1164 1151/1151 867/867
f 1165/1165 854/854 856/856
f 1165/1165 1164/1164 854/854
f 1163/1163 856/856 855/855
f 1163/1163 1165/1165 856/856
f 1168/1168 855/855 851/851
f 1168/1168 1163/1163 855/855
f 1171/1171 851/851 853/853
f 1171/1171 1168/1168 851/851
f 1181/1181 853/853 824/824
f 1181/1181 1171/1171 853/853
f 1180/1180 1181/1181 824/824
f 347/347 51/51 132/132
f 915/915 222/222 51/51
f 915/915 51/51 347/347
f 302/302 222/222 915/915
f 1054/1054 347/347 802/802
f 1054/1054 915/915 347/347
f 902/902 563/563 691/691
f 902/902 1237/1237 563/563
f 918/918 693/693 692/692
f 918/918 914/914 693/693
f 735/735 1278/1278 1282/1282
f 730/730 1276/1276 1278/1278
f 730/730 1278/1278 735/735
f 729/729 1273/1273 1276/1276
f 729/729 1276/1276 730/730
f 724/724 1269/1269 1273/1273
f 724/724 1273/1273 729/729
f 723/723 1266/1266 1269/1269
f 723/723 1269/1269 724/724
f 718/718 1264/1264 1266/1266
f 718/718 1266/1266 723/723
f 715/715 1260/1260 1264/1264
f 715/715 1264/1264 718/718
f 712/712 1258/1258 1260/1260
f 712/712 1260/1260 715/715
f 711/711 1255/1255 1258/1258
f 711/711 1258/1258 712/712
f 708/708 1251/1251 1255/1255
f 708/708 1255/1255 711/711
f 705/705 1249/1249 1251/1251
f 705/705 1251/1251 708/708
f 698/698 1249/1249 705/705
f 698/698 1243/1243 1249/1249
f 697/697 1243/1243 698/698
f 697/697 1244/1244 1243/1243
f 699/699 1244/1244 697/697
f 699/699 1438/1438 1244/1244
f 889/889 1438/1438 699/699
f 889/889 1437/1437 1438/1438
f 888/888 1437/1437 889/889
f 888/888 1239/1239 1437/1437
f 646/646 1239/1239 888/888
f 646/646 1238/1238 1239/1239
f 644/644 1238/1238 646/646
f 644/644 1240/1240 1238/1238
f 639/639 1240/1240 644/644
f 639/639 1242/1242 1240/1240
f 635/635 1248/1248 1242/1242
f 635/635 1242/1242 639/639
f 633/633 1248/1248 635/635
f 633/633 1250/1250 1248/1248
f 628/628 1254/1254 1250/1250
f 628/628 1250/1250 633/633
f 626/626 1257/1257 1254/1254
f 626/626 1254/1254 628/628
f 622/622 1259/1259 1257/1257
f 622/622 1257/1257 626/626
f 616/616 1263/1263 1259/1259
f 616/616 1259/1259 622/622
f 614/614 1265/1265 1263/1263
f 614/614 1263/1263 616/616
f 601/601 1268/1268 1265/1265
f 601/601 1265/1265 614/614
f 600/600 1272/1272 1268/1268
f 600/600 1268/1268 601/601
f 599/599 1275/1275 1272/1272
f 599/599 1272/1272 600/600
f 598/598 1277/1277 1275/1275
f 598/598 1275/1275 599/599
f 597/597 1281/1281 1277/1277
f 597/597 1277/1277 598/598
f 596/596 1283/1283 1281/1281
f 596/596 1281/1281 597/597
f 595/595 1286/1286 1283/1283
f 595/595 1283/1283 596/596
f 594/594 1289/1289 1286/1286
f 594/594 1286/1286 595/595
f 593/593 1293/1293 1289/1289
f 593/593 1289/1289 594/594
f 592/592 1295/1295 1293/1293
f 592/592 1293/1293 593/593
f 591/591 1295/1295 592/592
f 591/591 1298/1298 1295/1295
f 589/589 1298/1298 591/591
f 589/589 1301/1301 1298/1298
f 587/587 1301/1301 589/589
f 587/587 1305/1305 1301/1301
f 585/585 1307/1307 1305/1305
f 585/585 1305/1305 587/587
f 583/583 1310/1310 1307/1307
f 583/583 1307/1307 585/585
f 581/581 1313/1313 1310/1310
f 581/581 1310/1310 583/583
f 579/579 1316/1316 1313/1313
f 579/579 1313/1313 581/581
f 577/577 1319/1319 1316/1316
f 577/577 1316/1316 579/579
f 575/575 1322/1322 1319/1319
f 575/575 1319/1319 577/577
f 573/573 1325/1325 1322/1322
f 573/573 1322/1322 575/575
f 571/571 1329/1329 1325/1325
f 571/571 1325/1325 573/573
f 570/570 1331/1331 1329/1329
f 570/570 1329/1329 571/571
f 569/569 1335/1335 1331/1331
f 569/569 1331/1331 570/570
f 572/572 1337/1337 1335/1335
f 572/572 1335/1335 569/569
f 574/574 1340/1340 1337/1337
f 574/574 1337/1337 572/572
f 576/576 1343/1343 1340/1340
f 576/576 1340/1340 574/574
f 578/578 1346/1346 1343/1343
f 578/578 1343/1343 576/576
f 580/580 1346/1346 578/578
f 580/580 1347/1347 1346/1346
f 582/582 1347/1347 580/580
f 582/582 1348/1348 1347/1347
f 584/584 1348/1348 582/582
f 584/584 1349/1349 1348/1348
f 586/586 1349/1349 584/584
f 586/586 1350/1350 1349/1349
f 588/588 1350/1350 586/586
f 588/588 1351/1351 1350/1350
f 590/590 1351/1351 588/588
f 590/590 1373/1373 1351/1351
f 603/603 1372/1372 1373/1373
f 603/603 1373/1373 590/590
f 604/604 1371/1371 1372/1372
f 604/604 1372/1372 603/603
f 605/605 1370/1370 1371/1371
f 605/605 1371/1371 604/604
f 606/606 1369/1369 1370/1370
f 606/606 1370/1370 605/605
f 607/607 1369/1369 606/606
f 607/607 1368/1368 1369/1369
f 608/608 1368/1368 607/607
f 608/608 1367/1367 1368/1368
f 609/609 1367/1367 608/608
f 609/609 1366/1366 1367/1367
f 610/610 1366/1366 609/609
f 610/610 1365/1365 1366/1366
f 611/611 1365/1365 610/610
f 611/611 1364/1364 1365/1365
f 612/612 1364/1364 611/611
f 612/612 1363/1363 1364/1364
f 613/613 1363/1363 612/612
f 613/613 1362/1362 1363/1363
f 615/615 1362/1362 613/613
f 617/617 1362/1362 615/615
f 617/617 1360/1360 1361/1361
f 617/617 1361/1361 1362/1362
f 624/624 1360/1360 617/617
f 624/624 1359/1359 1360/1360
f 627/627 1359/1359 624/624
f 627/627 1358/1358 1359/1359
f 631/631 1358/1358 627/627
f 631/631 1357/1357 1358/1358
f 634/634 1357/1357 631/631
f 634/634 1356/1356 1357/1357
f 638/638 1356/1356 634/634
f 638/638 1355/1355 1356/1356
f 640/640 1355/1355 638/638
f 640/640 1353/1353 1355/1355
f 645/645 1353/1353 640/640
f 645/645 1354/1354 1353/1353
f 649/649 1354/1354 645/645
f 668/668 1354/1354 649/649
f 668/668 1398/1398 1399/1399
f 668/668 1399/1399 1354/1354
f 669/669 1398/1398 668/668
f 670/670 1396/1396 1397/1397
f 670/670 1397/1397 1398/1398
f 670/670 1398/1398 669/669
f 671/671 1395/1395 1396/1396
f 671/671 1396/1396 670/670
f 672/672 1394/1394 1395/1395
f 672/672 1395/1395 671/671
f 673/673 1394/1394 672/672
f 674/674 1392/1392 1393/1393
f 674/674 1393/1393 1394/1394
f 674/674 1394/1394 673/673
f 667/667 1391/1391 1392/1392
f 667/667 1392/1392 674/674
f 666/666 1390/1390 1391/1391
f 666/666 1391/1391 667/667
f 675/675 1390/1390 666/666
f 676/676 1389/1389 1390/1390
f 676/676 1390/1390 675/675
f 677/677 1389/1389 676/676
f 677/677 1387/1387 1388/1388
f 677/677 1388/1388 1389/1389
f 678/678 1387/1387 677/677
f 679/679 1387/1387 678/678
f 679/679 1386/1386 1387/1387
f 680/680 1386/1386 679/679
f 680/680 1384/1384 1385/1385
f 680/680 1385/1385 1386/1386
f 681/681 1384/1384 680/680
f 681/681 1383/1383 1384/1384
f 682/682 1383/1383 681/681
f 682/682 1382/1382 1383/1383
f 683/683 1382/1382 682/682
f 684/684 1382/1382 683/683
f 684/684 1380/1380 1381/1381
f 684/684 1381/1381 1382/1382
f 685/685 1380/1380 684/684
f 686/686 1380/1380 685/685
f 686/686 1379/1379 1380/1380
f 687/687 1379/1379 686/686
f 687/687 1377/1377 1378/1378
f 687/687 1378/1378 1379/1379
f 688/688 1377/1377 687/687
f 689/689 1376/1376 1375/1375
f 689/689 1375/1375 1377/1377
f 689/689 1377/1377 688/688
f 690/690 1376/1376 689/689
f 796/796 1341/1341 1344/1344
f 796/796 1344/1344 1376/1376
f 796/796 1376/1376 690/690
f 793/793 1338/1338 1341/1341
f 793/793 1341/1341 796/796
f 790/790 1338/1338 793/793
f 789/789 1332/1332 1336/1336
f 789/789 1336/1336 1338/1338
f 789/789 1338/1338 790/790
f 786/786 1332/1332 789/789
f 781/781 1326/1326 1330/1330
f 781/781 1330/1330 1332/1332
f 781/781 1332/1332 786/786
f 780/780 1323/1323 1326/1326
f 780/780 1326/1326 781/781
f 775/775 1323/1323 780/780
f 775/775 1320/1320 1323/1323
f 774/774 1320/1320 775/775
f 771/771 1320/1320 774/774
f 771/771 1317/1317 1320/1320
f 766/766 1317/1317 771/771
f 766/766 1311/1311 1314/1314
f 766/766 1314/1314 1317/1317
f 763/763 1311/1311 766/766
f 762/762 1311/1311 763/763
f 762/762 1308/1308 1311/1311
f 757/757 1308/1308 762/762
f 757/757 1302/1302 1306/1306
f 757/757 1306/1306 1308/1308
f 756/756 1302/1302 757/757
f 751/751 1302/1302 756/756
f 751/751 1296/1296 1299/1299
f 751/751 1299/1299 1302/1302
f 750/750 1294/1294 1296/1296
f 750/750 1296/1296 751/751
f 745/745 1294/1294 750/750
f 744/744 1287/1287 1290/1290
f 744/744 1290/1290 1294/1294
f 744/744 1294/1294 745/745
f 739/739 1287/1287 744/744
f 738/738 1284/1284 1287/1287
f 738/738 1287/1287 739/739
f 735/735 1282/1282 1284/1284
f 735/735 1284/1284 738/738
f 498/498 954/954 957/957
f 500/500 951/951 954/954
f 500/500 954/954 498/498
f 501/501 948/948 951/951
f 501/501 951/951 500/500
f 502/502 946/946 948/948
f 502/502 948/948 501/501
f 503/503 944/944 946/946
f 503/503 946/946 502/502
f 504/504 942/942 944/944
f 504/504 944/944 503/503
f 505/505 940/940 942/942
f 505/505 942/942 504/504
f 506/506 938/938 940/940
f 506/506 940/940 505/505
f 507/507 936/936 938/938
f 507/507 938/938 506/506
f 508/508 934/934 936/936
f 508/508 936/936 507/507
f 509/509 932/932 934/934
f 509/509 934/934 508/508
f 477/477 932/932 509/509
f 477/477 930/930 932/932
f 476/476 930/930 477/477
f 476/476 928/928 930/930
f 478/478 928/928 476/476
f 478/478 926/926 928/928
f 479/479 926/926 478/478
f 479/479 923/923 926/926
f 480/480 923/923 479/479
f 480/480 924/924 923/923
f 481/481 924/924 480/480
f 481/481 925/925 924/924
f 482/482 925/925 481/481
f 482/482 927/927 925/925
f 483/483 927/927 482/482
f 483/483 929/929 927/927
f 484/484 931/931 929/929
f 484/484 929/929 483/483
f 455/455 931/931 484/484
f 455/455 933/933 931/931
f 452/452 935/935 933/933
f 452/452 933/933 455/455
f 449/449 937/937 935/935
f 449/449 935/935 452/452
f 446/446 939/939 937/937
f 446/446 937/937 449/449
f 443/443 941/941 939/939
f 443/443 939/939 446/446
f 440/440 943/943 941/941
f 440/440 941/941 443/443
f 435/435 945/945 943/943
f 435/435 943/943 440/440
f 432/432 947/947 945/945
f 432/432 945/945 435/435
f 429/429 949/949 947/947
f 429/429 947/947 432/432
f 425/425 952/952 949/949
f 425/425 949/949 429/429
f 421/421 955/955 952/952
f 421/421 952/952 425/425
f 417/417 958/958 955/955
f 417/417 955/955 421/421
f 413/413 961/961 958/958
f 413/413 958/958 417/417
f 409/409 963/963 961/961
f 409/409 961/961 413/413
f 405/405 965/965 963/963
f 405/405 963/963 409/409
f 401/401 970/970 965/965
f 401/401 965/965 405/405
f 397/397 970/970 401/401
f 397/397 973/973 970/970
f 393/393 973/973 397/397
f 393/393 976/976 973/973
f 389/389 976/976 393/393
f 389/389 979/979 976/976
f 385/385 982/982 979/979
f 385/385 979/979 389/389
f 380/380 985/985 982/982
f 380/380 982/982 385/385
f 376/376 988/988 985/985
f 376/376 985/985 380/380
f 372/372 991/991 988/988
f 372/372 988/988 376/376
f 368/368 994/994 991/991
f 368/368 991/991 372/372
f 364/364 997/997 994/994
f 364/364 994/994 368/368
f 360/360 999/999 997/997
f 360/360 997/997 364/364
f 356/356 1001/1001 999/999
f 356/356 999/999 360/360
f 351/351 1006/1006 1001/1001
f 351/351 1001/1001 356/356
f 354/354 1009/1009 1006/1006
f 354/354 1006/1006 351/351
f 358/358 1013/1013 1009/1009
f 358/358 1009/1009 354/354
f 362/362 1017/1017 1013/1013
f 362/362 1013/1013 358/358
f 366/366 1021/1021 1017/1017
f 366/366 1017/1017 362/362
f 370/370 1040/1040 1021/1021
f 370/370 1021/1021 366/366
f 374/374 1040/1040 370/370
f 374/374 1045/1045 1040/1040
f 378/378 1045/1045 374/374
f 378/378 1050/1050 1045/1045
f 383/383 1050/1050 378/378
f 383/383 1064/1064 1050/1050
f 387/387 1064/1064 383/383
f 387/387 1073/1073 1064/1064
f 391/391 1073/1073 387/387
f 391/391 1082/1082 1073/1073
f 395/395 1082/1082 391/391
f 395/395 1088/1088 1082/1082
f 399/399 1096/1096 1088/1088
f 399/399 1088/1088 395/395
f 403/403 1101/1101 1096/1096
f 403/403 1096/1096 399/399
f 407/407 1110/1110 1101/1101
f 407/407 1101/1101 403/403
f 411/411 1114/1114 1110/1110
f 411/411 1110/1110 407/407
f 415/415 1114/1114 411/411
f 415/415 1122/1122 1114/1114
f 419/419 1122/1122 415/415
f 419/419 1128/1128 1122/1122
f 423/423 1128/1128 419/419
f 423/423 1142/1142 1128/1128
f 427/427 1142/1142 423/423
f 427/427 1146/1146 1142/1142
f 430/430 1146/1146 427/427
f 430/430 1150/1150 1146/1146
f 433/433 1150/1150 430/430
f 433/433 1158/1158 1150/1150
f 436/436 1158/1158 433/433
f 436/436 1162/1162 1158/1158
f 441/441 1162/1162 436/436
f 444/444 1162/1162 441/441
f 444/444 1175/1175 1170/1170
f 444/444 1170/1170 1162/1162
f 447/447 1175/1175 444/444
f 447/447 1179/1179 1175/1175
f 450/450 1179/1179 447/447
f 450/450 1192/1192 1179/1179
f 453/453 1192/1192 450/450
f 453/453 1197/1197 1192/1192
f 456/456 1197/1197 453/453
f 456/456 1201/1201 1197/1197
f 460/460 1201/1201 456/456
f 460/460 1205/1205 1201/1201
f 462/462 1205/1205 460/460
f 462/462 1209/1209 1205/1205
f 464/464 1209/1209 462/462
f 464/464 1211/1211 1209/1209
f 466/466 1211/1211 464/464
f 468/468 1211/1211 466/466
f 468/468 1203/1203 1207/1207
f 468/468 1207/1207 1211/1211
f 470/470 1203/1203 468/468
f 472/472 1195/1195 1199/1199
f 472/472 1199/1199 1203/1203
f 472/472 1203/1203 470/470
f 474/474 1190/1190 1195/1195
f 474/474 1195/1195 472/472
f 486/486 1177/1177 1190/1190
f 486/486 1190/1190 474/474
f 488/488 1177/1177 486/486
f 490/490 1167/1167 1173/1173
f 490/490 1173/1173 1177/1177
f 490/490 1177/1177 488/488
f 492/492 1160/1160 1167/1167
f 492/492 1167/1167 490/490
f 494/494 1156/1156 1160/1160
f 494/494 1160/1160 492/492
f 496/496 1156/1156 494/494
f 511/511 1148/1148 1156/1156
f 511/511 1156/1156 496/496
f 513/513 1148/1148 511/511
f 513/513 1140/1140 1144/1144
f 513/513 1144/1144 1148/1148
f 515/515 1140/1140 513/513
f 517/517 1140/1140 515/515
f 517/517 1139/1139 1140/1140
f 518/518 1139/1139 517/517
f 518/518 1137/1137 1138/1138
f 518/518 1138/1138 1139/1139
f 519/519 1137/1137 518/518
f 519/519 1136/1136 1137/1137
f 520/520 1136/1136 519/519
f 520/520 1135/1135 1136/1136
f 521/521 1135/1135 520/520
f 522/522 1135/1135 521/521
f 522/522 1133/1133 1134/1134
f 522/522 1134/1134 1135/1135
f 523/523 1133/1133 522/522
f 524/524 1133/1133 523/523
f 524/524 1132/1132 1133/1133
f 525/525 1132/1132 524/524
f 525/525 1033/1033 1052/1052
f 525/525 1052/1052 1132/1132
f 542/542 1033/1033 525/525
f 541/541 1018/1018 1019/1019
f 541/541 1019/1019 1033/1033
f 541/541 1033/1033 542/542
f 543/543 1018/1018 541/541
f 544/544 1014/1014 1015/1015
f 544/544 1015/1015 1018/1018
f 544/544 1018/1018 543/543
f 545/545 1011/1011 1014/1014
f 545/545 1014/1014 544/544
f 546/546 1011/1011 545/545
f 547/547 1007/1007 1010/1010
f 547/547 1010/1010 1011/1011
f 547/547 1011/1011 546/546
f 548/548 1007/1007 547/547
f 549/549 1003/1003 1004/1004
f 549/549 1004/1004 1007/1007
f 549/549 1007/1007 548/548
f 550/550 1002/1002 1003/1003
f 550/550 1003/1003 549/549
f 540/540 1002/1002 550/550
f 540/540 996/996 1002/1002
f 528/528 996/996 540/540
f 527/527 996/996 528/528
f 527/527 993/993 996/996
f 529/529 993/993 527/527
f 529/529 987/987 990/990
f 529/529 990/990 993/993
f 530/530 987/987 529/529
f 531/531 987/987 530/530
f 531/531 984/984 987/987
f 532/532 984/984 531/531
f 532/532 978/978 981/981
f 532/532 981/981 984/984
f 533/533 978/978 532/532
f 534/534 978/978 533/533
f 534/534 972/972 975/975
f 534/534 975/975 978/978
f 535/535 969/969 972/972
f 535/535 972/972 534/534
f 536/536 969/969 535/535
f 537/537 967/967 968/968
f 537/537 968/968 969/969
f 537/537 969/969 536/536
f 538/538 967/967 537/537
f 499/499 960/960 967/967
f 499/499 967/967 538/538
f 498/498 957/957 960/960
f 498/498 960/960 499/499
f 804/804 1061/1061 1062/1062
f 803/803 1060/1060 1061/1061
f 803/803 1061/1061 804/804
f 805/805 1059/1059 1060/1060
f 805/805 1060/1060 803/803
f 806/806 1058/1058 1059/1059
f 806/806 1059/1059 805/805
f 807/807 1057/1057 1058/1058
f 807/807 1058/1058 806/806
f 808/808 1056/1056 1057/1057
f 808/808 1057/1057 807/807
f 809/809 1055/1055 1056/1056
f 809/809 1056/1056 808/808
f 810/810 1038/1038 1055/1055
f 810/810 1055/1055 809/809
f 801/801 1036/1036 1038/1038
f 801/801 1038/1038 810/810
f 800/800 1034/1034 1036/1036
f 800/800 1036/1036 801/801
f 799/799 1031/1031 1034/1034
f 799/799 1034/1034 800/800
f 797/797 1031/1031 799/799
f 797/797 1029/1029 1031/1031
f 794/794 1029/1029 797/797
f 794/794 1027/1027 1029/1029
f 791/791 1027/1027 794/794
f 791/791 1025/1025 1027/1027
f 787/787 1025/1025 791/791
f 787/787 1022/1022 1025/1025
f 784/784 1022/1022 787/787
f 784/784 1023/1023 1022/1022
f 782/782 1023/1023 784/784
f 782/782 1024/1024 1023/1023
f 778/778 1024/1024 782/782
f 778/778 1026/1026 1024/1024
f 776/776 1026/1026 778/778
f 776/776 1028/1028 1026/1026
f 772/772 1030/1030 1028/1028
f 772/772 1028/1028 776/776
f 769/769 1030/1030 772/772
f 769/769 1032/1032 1030/1030
f 767/767 1035/1035 1032/1032
f 767/767 1032/1032 769/769
f 764/764 1037/1037 1035/1035
f 764/764 1035/1035 767/767
f 760/760 1041/1041 1037/1037
f 760/760 1037/1037 764/764
f 758/758 1042/1042 1041/1041
f 758/758 1041/1041 760/760
f 754/754 1043/1043 1042/1042
f 754/754 1042/1042 758/758
f 752/752 1046/1046 1043/1043
f 752/752 1043/1043 754/754
f 748/748 1047/1047 1046/1046
f 748/748 1046/1046 752/752
f 746/746 1048/1048 1047/1047
f 746/746 1047/1047 748/748
f 742/742 1051/1051 1048/1048
f 742/742 1048/1048 746/746
f 740/740 1053/1053 1051/1051
f 740/740 1051/1051 742/742
f 736/736 1065/1065 1053/1053
f 736/736 1053/1053 740/740
f 733/733 1069/1069 1065/1065
f 733/733 1065/1065 736/736
f 731/731 1074/1074 1069/1069
f 731/731 1069/1069 733/733
f 727/727 1076/1076 1074/1074
f 727/727 1074/1074 731/731
f 725/725 1083/1083 1076/1076
f 725/725 1076/1076 727/727
f 721/721 1083/1083 725/725
f 721/721 1086/1086 1083/1083
f 719/719 1086/1086 721/721
f 719/719 1090/1090 1086/1086
f 716/716 1090/1090 719/719
f 716/716 1097/1097 1090/1090
f 713/713 1099/1099 1097/1097
f 713/713 1097/1097 716/716
f 709/709 1106/1106 1099/1099
f 709/709 1099/1099 713/713
f 706/706 1111/1111 1106/1106
f 706/706 1106/1106 709/709
f 703/703 1115/1115 1111/1111
f 703/703 1111/1111 706/706
f 701/701 1120/1120 1115/1115
f 701/701 1115/1115 703/703
f 694/694 1126/1126 1120/1120
f 694/694 1120/1120 701/701
f 695/695 1433/1433 1126/1126
f 695/695 1126/1126 694/694
f 884/884 1434/1434 1433/1433
f 884/884 1433/1433 695/695
f 885/885 1435/1435 1434/1434
f 885/885 1434/1434 884/884
f 886/886 1436/1436 1435/1435
f 886/886 1435/1435 885/885
f 887/887 1245/1245 1436/1436
f 887/887 1436/1436 886/886
f 700/700 1246/1246 1245/1245
f 700/700 1245/1245 887/887
f 696/696 1247/1247 1246/1246
f 696/696 1246/1246 700/700
f 702/702 1252/1252 1247/1247
f 702/702 1247/1247 696/696
f 704/704 1252/1252 702/702
f 704/704 1253/1253 1252/1252
f 707/707 1253/1253 704/704
f 707/707 1256/1256 1253/1253
f 710/710 1256/1256 707/707
f 710/710 1261/1261 1256/1256
f 714/714 1261/1261 710/710
f 714/714 1262/1262 1261/1261
f 717/717 1262/1262 714/714
f 717/717 1267/1267 1262/1262
f 720/720 1267/1267 717/717
f 720/720 1270/1270 1267/1267
f 722/722 1271/1271 1270/1270
f 722/722 1270/1270 720/720
f 726/726 1274/1274 1271/1271
f 726/726 1271/1271 722/722
f 728/728 1279/1279 1274/1274
f 728/728 1274/1274 726/726
f 732/732 1280/1280 1279/1279
f 732/732 1279/1279 728/728
f 734/734 1280/1280 732/732
f 734/734 1285/1285 1280/1280
f 737/737 1285/1285 734/734
f 737/737 1288/1288 1285/1285
f 741/741 1288/1288 737/737
f 741/741 1291/1291 1288/1288
f 743/743 1291/1291 741/741
f 743/743 1292/1292 1291/1291
f 747/747 1292/1292 743/743
f 747/747 1297/1297 1292/1292
f 749/749 1297/1297 747/747
f 749/749 1300/1300 1297/1297
f 753/753 1300/1300 749/749
f 753/753 1303/1303 1300/1300
f 755/755 1303/1303 753/753
f 759/759 1303/1303 755/755
f 759/759 1309/1309 1304/1304
f 759/759 1304/1304 1303/1303
f 761/761 1309/1309 759/759
f 761/761 1312/1312 1309/1309
f 765/765 1312/1312 761/761
f 765/765 1315/1315 1312/1312
f 768/768 1315/1315 765/765
f 768/768 1318/1318 1315/1315
f 770/770 1318/1318 768/768
f 770/770 1321/1321 1318/1318
f 773/773 1321/1321 770/770
f 773/773 1324/1324 1321/1321
f 777/777 1324/1324 773/773
f 777/777 1327/1327 1324/1324
f 779/779 1327/1327 777/777
f 779/779 1328/1328 1327/1327
f 783/783 1328/1328 779/779
f 785/785 1328/1328 783/783
f 785/785 1334/1334 1333/1333
f 785/785 1333/1333 1328/1328
f 788/788 1334/1334 785/785
f 792/792 1342/1342 1339/1339
f 792/792 1339/1339 1334/1334
f 792/792 1334/1334 788/788
f 795/795 1345/1345 1342/1342
f 795/795 1342/1342 792/792
f 798/798 1432/1432 1345/1345
f 798/798 1345/1345 795/795
f 883/883 1432/1432 798/798
f 882/882 1230/1230 1431/1431
f 882/882 1431/1431 1432/1432
f 882/882 1432/1432 883/883
f 826/826 1229/1229 1230/1230
f 826/826 1230/1230 882/882
f 825/825 1228/1228 1229/1229
f 825/825 1229/1229 826/826
f 827/827 1228/1228 825/825
f 828/828 1227/1227 1228/1228
f 828/828 1228/1228 827/827
f 829/829 1227/1227 828/828
f 829/829 1225/1225 1226/1226
f 829/829 1226/1226 1227/1227
f 830/830 1225/1225 829/829
f 831/831 1225/1225 830/830
f 831/831 1224/1224 1225/1225
f 832/832 1224/1224 831/831
f 832/832 1222/1222 1223/1223
f 832/832 1223/1223 1224/1224
f 833/833 1222/1222 832/832
f 833/833 1221/1221 1222/1222
f 834/834 1221/1221 833/833
f 834/834 1220/1220 1221/1221
f 835/835 1220/1220 834/834
f 836/836 1220/1220 835/835
f 836/836 1218/1218 1219/1219
f 836/836 1219/1219 1220/1220
f 837/837 1218/1218 836/836
f 838/838 1218/1218 837/837
f 838/838 1217/1217 1218/1218
f 839/839 1217/1217 838/838
f 839/839 1215/1215 1216/1216
f 839/839 1216/1216 1217/1217
f 840/840 1215/1215 839/839
f 841/841 1213/1213 1214/1214
f 841/841 1214/1214 1215/1215
f 841/841 1215/1215 840/840
f 842/842 1213/1213 841/841
f 843/843 1188/1188 1193/1193
f 843/843 1193/1193 1213/1213
f 843/843 1213/1213 842/842
f 844/844 1187/1187 1188/1188
f 844/844 1188/1188 843/843
f 845/845 1187/1187 844/844
f 846/846 1185/1185 1186/1186
f 846/846 1186/1186 1187/1187
f 846/846 1187/1187 845/845
f 847/847 1185/1185 846/846
f 848/848 1183/1183 1184/1184
f 848/848 1184/1184 1185/1185
f 848/848 1185/1185 847/847
f 849/849 1182/1182 1183/1183
f 849/849 1183/1183 848/848
f 850/850 1182/1182 849/849
f 850/850 1125/1125 1182/1182
f 812/812 1125/1125 850/850
f 811/811 1125/1125 812/812
f 811/811 1119/1119 1125/1125
f 813/813 1119/1119 811/811
f 813/813 1108/1108 1112/1112
f 813/813 1112/1112 1119/1119
f 814/814 1108/1108 813/813
f 815/815 1108/1108 814/814
f 815/815 1105/1105 1108/1108
f 816/816 1105/1105 815/815
f 816/816 1094/1094 1098/1098
f 816/816 1098/1098 1105/1105
f 817/817 1094/1094 816/816
f 818/818 1094/1094 817/817
f 818/818 1085/1085 1089/1089
f 818/818 1089/1089 1094/1094
f 819/819 1077/1077 1085/1085
f 819/819 1085/1085 818/818
f 820/820 1077/1077 819/819
f 821/821 1070/1070 1075/1075
f 821/821 1075/1075 1077/1077
f 821/821 1077/1077 820/820
f 822/822 1070/1070 821/821
f 823/823 1066/1066 1070/1070
f 823/823 1070/1070 822/822
f 804/804 1062/1062 1066/1066
f 804/804 1066/1066 823/823
f 178/178 11/11 8/8
f 176/176 178/178 8/8
f 176/176 8/8 7/7
f 177/177 176/176 7/7
f 177/177 7/7 6/6
f 174/174 177/177 6/6
f 174/174 6/6 5/5
f 172/172 174/174 5/5
f 172/172 5/5 3/3
f 173/173 172/172 3/3
f 173/173 3/3 2/2
f 171/171 173/173 2/2
f 171/171 2/2 1/1
f 175/175 171/171 1/1
f 175/175 1/1 4/4
f 180/180 4/4 10/10
f 180/180 175/175 4/4
f 181/181 10/10 9/9
f 181/181 180/180 10/10
f 182/182 9/9 12/12
f 182/182 181/181 9/9
f 179/179 12/12 14/14
f 179/179 182/182 12/12
f 184/184 14/14 13/13
f 184/184 179/179 14/14
f 183/183 13/13 15/15
f 183/183 184/184 13/13
f 186/186 15/15 18/18
f 186/186 183/183 15/15
f 185/185 18/18 17/17
f 185/185 186/186 18/18
f 187/187 17/17 16/16
f 187/187 185/185 17/17
f 189/189 16/16 23/23
f 189/189 187/187 16/16
f 190/190 23/23 22/22
f 190/190 189/189 23/23
f 188/188 22/22 21/21
f 188/188 190/190 22/22
f 192/192 21/21 20/20
f 192/192 188/188 21/21
f 191/191 20/20 19/19
f 191/191 192/192 20/20
f 193/193 19/19 24/24
f 193/193 191/191 19/19
f 194/194 24/24 27/27
f 194/194 193/193 24/24
f 196/196 194/194 27/27
f 196/196 27/27 26/26
f 195/195 196/196 26/26
f 195/195 26/26 25/25
f 197/197 195/195 25/25
f 197/197 25/25 28/28
f 198/198 197/197 28/28
f 198/198 28/28 31/31
f 199/199 198/198 31/31
f 201/201 199/199 31/31
f 201/201 30/30 29/29
f 201/201 31/31 30/30
f 202/202 201/201 29/29
f 203/203 32/32 33/33
f 203/203 29/29 32/32
f 203/203 202/202 29/29
f 204/204 33/33 35/35
f 204/204 203/203 33/33
f 200/200 35/35 34/34
f 200/200 204/204 35/35
f 205/205 34/34 38/38
f 205/205 200/200 34/34
f 207/207 38/38 37/37
f 207/207 205/205 38/38
f 206/206 207/207 37/37
f 209/209 36/36 39/39
f 209/209 37/37 36/36
f 209/209 206/206 37/37
f 210/210 39/39 41/41
f 210/210 209/209 39/39
f 208/208 41/41 40/40
f 208/208 210/210 41/41
f 211/211 40/40 42/42
f 211/211 208/208 40/40
f 213/213 211/211 42/42
f 212/212 43/43 47/47
f 212/212 42/42 43/43
f 212/212 213/213 42/42
f 214/214 47/47 46/46
f 214/214 212/212 47/47
f 215/215 214/214 46/46
f 217/217 45/45 44/44
f 217/217 46/46 45/45
f 217/217 215/215 46/46
f 218/218 44/44 48/48
f 218/218 217/217 44/44
f 216/216 218/218 48/48
f 219/219 49/49 50/50
f 219/219 48/48 49/49
f 219/219 216/216 48/48
f 221/221 219/219 50/50
f 220/220 53/53 52/52
f 220/220 50/50 53/53
f 220/220 221/221 50/50
f 223/223 52/52 51/51
f 223/223 220/220 52/52
f 222/222 223/223 51/51
f 225/225 55/55 11/11
f 178/178 225/225 11/11
f 268/268 320/320 150/150
f 268/268 150/150 98/98
f 320/320 319/319 149/149
f 320/320 149/149 150/150
f 271/271 101/101 149/149
f 319/319 271/271 149/149
f 271/271 100/100 101/101
f 270/270 99/99 100/100
f 270/270 100/100 271/271
f 269/269 98/98 99/99
f 269/269 99/99 270/270
f 268/268 98/98 269/269
f 259/259 324/324 154/154
f 259/259 154/154 89/89
f 324/324 323/323 153/153
f 324/324 153/153 154/154
f 262/262 92/92 153/153
f 323/323 262/262 153/153
f 262/262 91/91 92/92
f 261/261 90/90 91/91
f 261/261 91/91 262/262
f 260/260 89/89 90/90
f 260/260 90/90 261/261
f 259/259 89/89 260/260
f 235/235 334/334 164/164
f 235/235 164/164 65/65
f 333/333 163/163 164/164
f 334/334 333/333 164/164
f 333/333 238/238 68/68
f 333/333 68/68 163/163
f 237/237 67/67 68/68
f 237/237 68/68 238/238
f 236/236 66/66 67/67
f 236/236 67/67 237/237
f 235/235 65/65 66/66
f 235/235 66/66 236/236
f 1235/1235 563/563 1237/1237
f 1235/1235 561/561 563/563
f 1234/1234 560/560 561/561
f 1234/1234 561/561 1235/1235
f 1233/1233 559/559 560/560
f 1233/1233 560/560 1234/1234
f 343/343 131/131 128/128
f 298/298 301/301 917/917
f 1233/1233 343/343 559/559
f 1233/1233 917/917 343/343
f 301/301 131/131 343/343
f 301/301 343/343 917/917
f 239/239 332/332 162/162
f 239/239 162/162 69/69
f 332/332 331/331 161/161
f 332/332 161/161 162/162
f 331/331 243/243 73/73
f 331/331 73/73 161/161
f 242/242 72/72 73/73
f 242/242 73/73 243/243
f 241/241 71/71 72/72
f 241/241 72/72 242/242
f 239/239 69/69 71/71
f 239/239 71/71 241/241
f 272/272 318/318 148/148
f 272/272 148/148 102/102
f 318/318 317/317 147/147
f 318/318 147/147 148/148
f 317/317 276/276 106/106
f 317/317 106/106 147/147
f 275/275 105/105 106/106
f 275/275 106/106 276/276
f 274/274 104/104 105/105
f 274/274 105/105 275/275
f 272/272 102/102 104/104
f 272/272 104/104 274/274
f 305/305 308/308 137/137
f 305/305 137/137 136/136
f 287/287 312/312 142/142
f 287/287 142/142 117/117
f 312/312 304/304 133/133
f 312/312 133/133 142/142
f 304/304 290/290 120/120
f 304/304 120/120 133/133
f 290/290 119/119 120/120
f 289/289 118/118 119/119
f 289/289 119/119 290/290
f 288/288 118/118 289/289
f 287/287 117/117 118/118
f 287/287 118/118 288/288
f 291/291 303/303 134/134
f 291/291 134/134 121/121
f 303/303 306/306 135/135
f 303/303 135/135 134/134
f 295/295 125/125 135/135
f 306/306 295/295 135/135
f 295/295 124/124 125/125
f 294/294 122/122 124/124
f 294/294 124/124 295/295
f 292/292 121/121 122/122
f 292/292 122/122 294/294
f 291/291 121/121 292/292
f 307/307 310/310 139/139
f 307/307 139/139 138/138
f 253/253 326/326 156/156
f 253/253 156/156 83/83
f 325/325 155/155 156/156
f 326/326 325/325 156/156
f 325/325 258/258 88/88
f 325/325 88/88 155/155
f 255/255 85/85 88/88
f 255/255 88/88 258/258
f 254/254 84/84 85/85
f 254/254 85/85 255/255
f 253/253 83/83 84/84
f 253/253 84/84 254/254
f 224/224 257/257 87/87
f 224/224 87/87 54/54
f 257/257 229/229 59/59
f 257/257 59/59 87/87
f 229/229 57/57 59/59
f 227/227 56/56 57/57
f 227/227 57/57 229/229
f 226/226 54/54 56/56
f 226/226 56/56 227/227
f 224/224 54/54 226/226
f 277/277 316/316 146/146
f 277/277 146/146 107/107
f 316/316 315/315 145/145
f 316/316 145/145 146/146
f 281/281 111/111 145/145
f 315/315 281/281 145/145
f 281/281 109/109 111/111
f 279/279 108/108 109/109
f 279/279 109/109 281/281
f 278/278 107/107 108/108
f 278/278 108/108 279/279
f 277/277 107/107 278/278
f 913/913 692/692 564/564
f 913/913 918/918 692/692
f 244/244 330/330 160/160
f 244/244 160/160 74/74
f 330/330 329/329 159/159
f 330/330 159/159 160/160
f 329/329 247/247 77/77
f 329/329 77/77 159/159
f 246/246 76/76 77/77
f 246/246 77/77 247/247
f 245/245 75/75 76/76
f 245/245 76/76 246/246
f 244/244 74/74 75/75
f 244/244 75/75 245/245
f 282/282 314/314 144/144
f 282/282 144/144 112/112
f 314/314 313/313 143/143
f 314/314 143/143 144/144
f 313/313 285/285 115/115
f 313/313 115/115 143/143
f 284/284 114/114 115/115
f 284/284 115/115 285/285
f 283/283 113/113 114/114
f 283/283 112/112 113/113
f 283/283 114/114 284/284
f 282/282 112/112 283/283
f 263/263 322/322 152/152
f 263/263 152/152 93/93
f 321/321 151/151 152/152
f 322/322 321/321 152/152
f 321/321 267/267 97/97
f 321/321 97/97 151/151
f 266/266 96/96 97/97
f 266/266 97/97 267/267
f 264/264 94/94 96/96
f 264/264 96/96 266/266
f 263/263 93/93 94/94
f 263/263 94/94 264/264
f 230/230 336/336 166/166
f 230/230 166/166 60/60
f 336/336 335/335 165/165
f 336/336 165/165 166/166
f 335/335 234/234 64/64
f 335/335 64/64 165/165
f 234/234 63/63 64/64
f 233/233 61/61 63/63
f 233/233 63/63 234/234
f 231/231 60/60 61/61
f 231/231 61/61 233/233
f 230/230 60/60 231/231
f 309/309 300/300 129/129
f 309/309 129/129 140/140
f 248/248 328/328 158/158
f 248/248 158/158 78/78
f 327/327 157/157 158/158
f 328/328 327/327 158/158
f 327/327 252/252 82/82
f 327/327 82/82 157/157
f 251/251 81/81 82/82
f 251/251 82/82 252/252
f 250/250 80/80 81/81
f 250/250 78/78 80/80
f 250/250 81/81 251/251
f 248/248 78/78 250/250
f 1439/1439 1440/1440 1441/1441
f 1442/1442 1443/1443 1444/1444
f 1445/1445 1443/1443 1442/1442
f 1446/1446 1442/1442 1444/1444
f 1447/1447 1442/1442 1446/1446
f 1448/1448 1449/1449 1450/1450
f 1448/1448 1451/1451 1449/1449
f 1445/1445 1449/1449 1451/1451
f 1445/1445 1442/1442 1449/1449
f 1452/1452 1453/1453 1454/1454
f 1455/1455 1454/1454 1453/1453
f 1456/1456 1453/1453 1452/1452
f 1457/1457 1455/1455 1453/1453
f 1458/1458 1453/1453 1456/1456
f 1459/1459 1457/1457 1453/1453
f 1460/1460 1453/1453 1458/1458
f 1461/1461 1459/1459 1453/1453
f 1462/1462 1453/1453 1460/1460
f 1463/1463 1461/1461 1453/1453
f 1464/1464 1453/1453 1462/1462
f 1465/1465 1463/1463 1453/1453
f 1466/1466 1453/1453 1464/1464
f 1467/1467 1465/1465 1453/1453
f 1468/1468 1453/1453 1466/1466
f 1469/1469 1467/1467 1453/1453
f 1470/1470 1453/1453 1468/1468
f 1471/1471 1469/1469 1453/1453
f 1472/1472 1453/1453 1470/1470
f 1473/1473 1471/1471 1453/1453
f 1474/1474 1453/1453 1472/1472
f 1475/1475 1473/1473 1453/1453
f 1476/1476 1453/1453 1474/1474
f 1477/1477 1475/1475 1453/1453
f 1478/1478 1453/1453 1476/1476
f 1479/1479 1477/1477 1453/1453
f 1480/1480 1453/1453 1478/1478
f 1480/1480 1481/1481 1453/1453
f 1482/1482 1479/1479 1453/1453
f 1483/1483 1481/1481 1480/1480
f 1484/1484 1482/1482 1453/1453
f 1485/1485 1481/1481 1483/1483
f 1486/1486 1484/1484 1453/1453
f 1487/1487 1481/1481 1485/1485
f 1488/1488 1486/1486 1453/1453
f 1489/1489 1481/1481 1487/1487
f 1490/1490 1488/1488 1453/1453
f 1491/1491 1481/1481 1489/1489
f 1492/1492 1490/1490 1453/1453
f 1493/1493 1481/1481 1491/1491
f 1494/1494 1492/1492 1453/1453
f 1495/1495 1481/1481 1493/1493
f 1496/1496 1494/1494 1453/1453
f 1497/1497 1481/1481 1495/1495
f 1498/1498 1481/1481 1497/1497
f 1499/1499 1481/1481 1498/1498
f 1500/1500 1481/1481 1499/1499
f 1501/1501 1481/1481 1500/1500
f 1502/1502 1481/1481 1501/1501
f 1503/1503 1481/1481 1502/1502
f 1504/1504 1481/1481 1503/1503
f 1505/1505 1481/1481 1504/1504
f 1506/1506 1481/1481 1505/1505
f 1507/1507 1481/1481 1506/1506
f 1508/1508 1481/1481 1507/1507
f 1509/1509 1481/1481 1508/1508
f 1510/1510 1481/1481 1509/1509
f 1511/1511 1481/1481 1510/1510
f 1512/1512 1481/1481 1511/1511
f 1513/1513 1481/1481 1512/1512
f 1514/1514 1481/1481 1513/1513
f 1515/1515 1481/1481 1514/1514
f 1516/1516 1481/1481 1515/1515
f 1517/1517 1481/1481 1516/1516
f 1518/1518 1481/1481 1517/1517
f 1519/1519 1481/1481 1518/1518
f 1520/1520 1481/1481 1519/1519
f 1521/1521 1481/1481 1520/1520
f 1522/1522 1481/1481 1521/1521
f 1523/1523 1481/1481 1522/1522
f 1524/1524 1496/1496 1453/1453
f 1524/1524 1525/1525 1526/1526
f 1524/1524 1526/1526 1527/1527
f 1524/1524 1527/1527 1528/1528
f 1524/1524 1528/1528 1529/1529
f 1524/1524 1529/1529 1530/1530
f 1524/1524 1530/1530 1531/1531
f 1524/1524 1531/1531 1532/1532
f 1524/1524 1532/1532 1533/1533
f 1524/1524 1533/1533 1534/1534
f 1524/1524 1534/1534 1535/1535
f 1524/1524 1535/1535 1536/1536
f 1524/1524 1536/1536 1537/1537
f 1524/1524 1537/1537 1538/1538
f 1524/1524 1538/1538 1539/1539
f 1524/1524 1539/1539 1540/1540
f 1524/1524 1540/1540 1541/1541
f 1524/1524 1541/1541 1542/1542
f 1524/1524 1542/1542 1543/1543
f 1524/1524 1543/1543 1544/1544
f 1524/1524 1544/1544 1545/1545
f 1524/1524 1545/1545 1546/1546
f 1524/1524 1546/1546 1547/1547
f 1524/1524 1547/1547 1548/1548
f 1524/1524 1548/1548 1549/1549
f 1524/1524 1549/1549 1550/1550
f 1524/1524 1550/1550 1551/1551
f 1524/1524 1551/1551 1552/1552
f 1524/1524 1552/1552 1553/1553
f 1524/1524 1553/1553 1554/1554
f 1524/1524 1554/1554 1555/1555
f 1524/1524 1555/1555 1556/1556
f 1524/1524 1556/1556 1557/1557
f 1524/1524 1557/1557 1558/1558
f 1524/1524 1558/1558 1496/1496
f 1447/1447 1523/1523 1559/1559
f 1447/1447 1559/1559 1560/1560
f 1447/1447 1560/1560 1561/1561
f 1447/1447 1561/1561 1562/1562
f 1447/1447 1562/1562 1563/1563
f 1447/1447 1563/1563 1564/1564
f 1447/1447 1564/1564 1565/1565
f 1447/1447 1565/1565 1566/1566
f 1447/1447 1566/1566 1567/1567
f 1447/1447 1567/1567 1568/1568
f 1447/1447 1568/1568 1569/1569
f 1447/1447 1569/1569 1570/1570
f 1447/1447 1570/1570 1571/1571
f 1447/1447 1571/1571 1572/1572
f 1447/1447 1572/1572 1573/1573
f 1447/1447 1481/1481 1523/1523
f 1447/1447 1573/1573 1574/1574
f 1447/1447 1574/1574 1575/1575
f 1576/1576 1577/1577 1578/1578
f 1579/1579 1577/1577 1576/1576
f 1579/1579 1575/1575 1577/1577
f 1580/1580 1576/1576 1578/1578
f 1580/1580 1578/1578 1581/1581
f 1582/1582 1575/1575 1579/1579
f 1582/1582 1447/1447 1575/1575
f 1583/1583 1580/1580 1581/1581
f 1583/1583 1581/1581 1584/1584
f 1585/1585 1447/1447 1582/1582
f 1586/1586 1583/1583 1584/1584
f 1586/1586 1584/1584 1587/1587
f 1588/1588 1447/1447 1585/1585
f 1589/1589 1586/1586 1587/1587
f 1589/1589 1587/1587 1525/1525
f 1590/1590 1447/1447 1588/1588
f 1591/1591 1589/1589 1525/1525
f 1591/1591 1525/1525 1524/1524
f 1592/1592 1447/1447 1590/1590
f 1593/1593 1591/1591 1524/1524
f 1594/1594 1447/1447 1592/1592
f 1595/1595 1593/1593 1524/1524
f 1596/1596 1447/1447 1594/1594
f 1597/1597 1595/1595 1524/1524
f 1598/1598 1447/1447 1596/1596
f 1599/1599 1597/1597 1524/1524
f 1600/1600 1447/1447 1598/1598
f 1601/1601 1599/1599 1524/1524
f 1602/1602 1447/1447 1600/1600
f 1603/1603 1601/1601 1524/1524
f 1604/1604 1447/1447 1602/1602
f 1605/1605 1603/1603 1524/1524
f 1606/1606 1447/1447 1604/1604
f 1607/1607 1605/1605 1524/1524
f 1608/1608 1447/1447 1606/1606
f 1609/1609 1607/1607 1524/1524
f 1610/1610 1447/1447 1608/1608
f 1611/1611 1609/1609 1524/1524
f 1612/1612 1447/1447 1610/1610
f 1613/1613 1611/1611 1524/1524
f 1614/1614 1447/1447 1612/1612
f 1615/1615 1613/1613 1524/1524
f 1616/1616 1447/1447 1614/1614
f 1617/1617 1615/1615 1524/1524
f 1618/1618 1447/1447 1616/1616
f 1619/1619 1617/1617 1524/1524
f 1620/1620 1447/1447 1618/1618
f 1621/1621 1619/1619 1524/1524
f 1622/1622 1447/1447 1620/1620
f 1623/1623 1621/1621 1524/1524
f 1624/1624 1447/1447 1622/1622
f 1625/1625 1623/1623 1524/1524
f 1626/1626 1447/1447 1624/1624
f 1627/1627 1625/1625 1524/1524
f 1628/1628 1447/1447 1626/1626
f 1629/1629 1627/1627 1524/1524
f 1630/1630 1447/1447 1628/1628
f 1631/1631 1629/1629 1524/1524
f 1632/1632 1447/1447 1630/1630
f 1633/1633 1631/1631 1524/1524
f 1634/1634 1447/1447 1632/1632
f 1635/1635 1633/1633 1524/1524
f 1636/1636 1447/1447 1634/1634
f 1637/1637 1635/1635 1524/1524
f 1638/1638 1447/1447 1636/1636
f 1639/1639 1637/1637 1524/1524
f 1640/1640 1447/1447 1638/1638
f 1641/1641 1639/1639 1524/1524
f 1642/1642 1447/1447 1640/1640
f 1643/1643 1641/1641 1524/1524
f 1644/1644 1447/1447 1642/1642
f 1645/1645 1643/1643 1524/1524
f 1646/1646 1447/1447 1644/1644
f 1647/1647 1645/1645 1524/1524
f 1648/1648 1447/1447 1646/1646
f 1649/1649 1647/1647 1524/1524
f 1650/1650 1447/1447 1648/1648
f 1651/1651 1649/1649 1524/1524
f 1652/1652 1447/1447 1650/1650
f 1653/1653 1651/1651 1524/1524
f 1654/1654 1447/1447 1652/1652
f 1655/1655 1447/1447 1654/1654
f 1656/1656 1447/1447 1655/1655
f 1657/1657 1447/1447 1656/1656
f 1658/1658 1447/1447 1657/1657
f 1659/1659 1447/1447 1658/1658
f 1660/1660 1447/1447 1659/1659
f 1442/1442 1661/1661 1662/1662
f 1442/1442 1660/1660 1663/1663
f 1442/1442 1663/1663 1664/1664
f 1442/1442 1664/1664 1665/1665
f 1442/1442 1665/1665 1666/1666
f 1442/1442 1666/1666 1667/1667
f 1442/1442 1667/1667 1668/1668
f 1442/1442 1668/1668 1669/1669
f 1442/1442 1669/1669 1670/1670
f 1442/1442 1670/1670 1671/1671
f 1442/1442 1671/1671 1672/1672
f 1442/1442 1672/1672 1673/1673
f 1442/1442 1673/1673 1674/1674
f 1442/1442 1447/1447 1660/1660
f 1442/1442 1674/1674 1675/1675
f 1442/1442 1675/1675 1676/1676
f 1442/1442 1676/1676 1677/1677
f 1442/1442 1677/1677 1678/1678
f 1442/1442 1678/1678 1679/1679
f 1442/1442 1679/1679 1680/1680
f 1442/1442 1680/1680 1681/1681
f 1442/1442 1681/1681 1682/1682
f 1442/1442 1682/1682 1683/1683
f 1442/1442 1683/1683 1684/1684
f 1442/1442 1684/1684 1685/1685
f 1442/1442 1685/1685 1686/1686
f 1442/1442 1686/1686 1687/1687
f 1442/1442 1687/1687 1688/1688
f 1442/1442 1688/1688 1689/1689
f 1442/1442 1689/1689 1690/1690
f 1442/1442 1690/1690 1691/1691
f 1442/1442 1691/1691 1692/1692
f 1442/1442 1692/1692 1693/1693
f 1442/1442 1693/1693 1694/1694
f 1442/1442 1694/1694 1695/1695
f 1442/1442 1695/1695 1696/1696
f 1442/1442 1696/1696 1697/1697
f 1442/1442 1697/1697 1698/1698
f 1442/1442 1698/1698 1699/1699
f 1442/1442 1699/1699 1700/1700
f 1442/1442 1700/1700 1701/1701
f 1442/1442 1701/1701 1702/1702
f 1442/1442 1702/1702 1703/1703
f 1442/1442 1703/1703 1704/1704
f 1442/1442 1704/1704 1661/1661
f 1442/1442 1662/1662 1524/1524
f 1662/1662 1705/1705 1524/1524
f 1705/1705 1706/1706 1524/1524
f 1706/1706 1653/1653 1524/1524
f 1447/1447 1707/1707 1481/1481
f 1447/1447 1446/1446 1707/1707
f 1708/1708 1709/1709 1710/1710
f 1711/1711 1708/1708 1710/1710
f 1712/1712 1709/1709 1708/1708
f 1713/1713 1712/1712 1714/1714
f 1444/1444 1709/1709 1712/1712
f 1444/1444 1712/1712 1713/1713
f 1715/1715 1713/1713 1716/1716
f 1717/1717 1716/1716 1713/1713
f 1718/1718 1713/1713 1715/1715
f 1719/1719 1717/1717 1713/1713
f 1720/1720 1713/1713 1718/1718
f 1721/1721 1719/1719 1713/1713
f 1722/1722 1713/1713 1720/1720
f 1723/1723 1721/1721 1713/1713
f 1724/1724 1713/1713 1722/1722
f 1725/1725 1723/1723 1713/1713
f 1726/1726 1713/1713 1724/1724
f 1727/1727 1725/1725 1713/1713
f 1728/1728 1713/1713 1726/1726
f 1729/1729 1727/1727 1713/1713
f 1730/1730 1713/1713 1728/1728
f 1731/1731 1713/1713 1730/1730
f 1732/1732 1713/1713 1731/1731
f 1733/1733 1713/1713 1732/1732
f 1734/1734 1713/1713 1733/1733
f 1735/1735 1713/1713 1734/1734
f 1736/1736 1713/1713 1735/1735
f 1737/1737 1713/1713 1736/1736
f 1738/1738 1713/1713 1737/1737
f 1738/1738 1444/1444 1713/1713
f 1739/1739 1444/1444 1738/1738
f 1740/1740 1444/1444 1739/1739
f 1741/1741 1444/1444 1740/1740
f 1742/1742 1444/1444 1741/1741
f 1743/1743 1444/1444 1742/1742
f 1744/1744 1444/1444 1743/1743
f 1745/1745 1444/1444 1744/1744
f 1746/1746 1444/1444 1745/1745
f 1747/1747 1444/1444 1746/1746
f 1748/1748 1749/1749 1750/1750
f 1751/1751 1750/1750 1749/1749
f 1752/1752 1749/1749 1748/1748
f 1753/1753 1751/1751 1749/1749
f 1754/1754 1749/1749 1752/1752
f 1755/1755 1753/1753 1749/1749
f 1756/1756 1749/1749 1754/1754
f 1757/1757 1755/1755 1749/1749
f 1758/1758 1749/1749 1756/1756
f 1759/1759 1757/1757 1749/1749
f 1760/1760 1444/1444 1747/1747
f 1761/1761 1749/1749 1758/1758
f 1762/1762 1759/1759 1749/1749
f 1763/1763 1749/1749 1761/1761
f 1764/1764 1762/1762 1749/1749
f 1765/1765 1749/1749 1763/1763
f 1766/1766 1764/1764 1749/1749
f 1767/1767 1444/1444 1760/1760
f 1768/1768 1749/1749 1765/1765
f 1769/1769 1766/1766 1749/1749
f 1770/1770 1749/1749 1768/1768
f 1771/1771 1769/1769 1749/1749
f 1772/1772 1444/1444 1767/1767
f 1773/1773 1749/1749 1770/1770
f 1774/1774 1749/1749 1773/1773
f 1775/1775 1444/1444 1772/1772
f 1776/1776 1749/1749 1774/1774
f 1777/1777 1749/1749 1776/1776
f 1778/1778 1444/1444 1775/1775
f 1779/1779 1749/1749 1777/1777
f 1780/1780 1444/1444 1778/1778
f 1781/1781 1749/1749 1779/1779
f 1782/1782 1749/1749 1781/1781
f 1783/1783 1444/1444 1780/1780
f 1784/1784 1749/1749 1782/1782
f 1785/1785 1444/1444 1783/1783
f 1786/1786 1749/1749 1784/1784
f 1787/1787 1444/1444 1785/1785
f 1788/1788 1749/1749 1786/1786
f 1789/1789 1444/1444 1787/1787
f 1790/1790 1749/1749 1788/1788
f 1791/1791 1444/1444 1789/1789
f 1792/1792 1749/1749 1790/1790
f 1793/1793 1749/1749 1792/1792
f 1794/1794 1444/1444 1791/1791
f 1795/1795 1749/1749 1793/1793
f 1796/1796 1444/1444 1794/1794
f 1797/1797 1771/1771 1749/1749
f 1797/1797 1749/1749 1710/1710
f 1797/1797 1798/1798 1799/1799
f 1797/1797 1799/1799 1800/1800
f 1797/1797 1800/1800 1801/1801
f 1797/1797 1801/1801 1802/1802
f 1797/1797 1802/1802 1803/1803
f 1797/1797 1803/1803 1804/1804
f 1797/1797 1804/1804 1805/1805
f 1797/1797 1805/1805 1806/1806
f 1797/1797 1806/1806 1807/1807
f 1797/1797 1710/1710 1709/1709
f 1797/1797 1807/1807 1808/1808
f 1797/1797 1808/1808 1809/1809
f 1797/1797 1809/1809 1810/1810
f 1797/1797 1810/1810 1771/1771
f 1811/1811 1798/1798 1797/1797
f 1812/1812 1749/1749 1795/1795
f 1813/1813 1444/1444 1796/1796
f 1814/1814 1811/1811 1797/1797
f 1815/1815 1749/1749 1812/1812
f 1816/1816 1444/1444 1813/1813
f 1817/1817 1814/1814 1797/1797
f 1818/1818 1444/1444 1816/1816
f 1819/1819 1817/1817 1797/1797
f 1820/1820 1444/1444 1818/1818
f 1821/1821 1819/1819 1797/1797
f 1822/1822 1444/1444 1820/1820
f 1823/1823 1821/1821 1797/1797
f 1824/1824 1444/1444 1822/1822
f 1825/1825 1444/1444 1824/1824
f 1826/1826 1823/1823 1797/1797
f 1827/1827 1444/1444 1825/1825
f 1828/1828 1826/1826 1797/1797
f 1829/1829 1444/1444 1827/1827
f 1830/1830 1828/1828 1797/1797
f 1831/1831 1830/1830 1797/1797
f 1832/1832 1831/1831 1797/1797
f 1833/1833 1832/1832 1797/1797
f 1834/1834 1833/1833 1797/1797
f 1835/1835 1834/1834 1797/1797
f 1836/1836 1835/1835 1797/1797
f 1837/1837 1836/1836 1797/1797
f 1838/1838 1837/1837 1797/1797
f 1839/1839 1838/1838 1797/1797
f 1840/1840 1839/1839 1797/1797
f 1841/1841 1840/1840 1797/1797
f 1842/1842 1841/1841 1797/1797
f 1707/1707 1843/1843 1844/1844
f 1707/1707 1845/1845 1846/1846
f 1707/1707 1844/1844 1847/1847
f 1707/1707 1846/1846 1848/1848
f 1707/1707 1847/1847 1842/1842
f 1707/1707 1848/1848 1849/1849
f 1707/1707 1849/1849 1850/1850
f 1707/1707 1850/1850 1851/1851
f 1707/1707 1851/1851 1852/1852
f 1707/1707 1852/1852 1853/1853
f 1707/1707 1853/1853 1854/1854
f 1707/1707 1854/1854 1855/1855
f 1707/1707 1855/1855 1856/1856
f 1707/1707 1842/1842 1797/1797
f 1707/1707 1856/1856 1857/1857
f 1707/1707 1857/1857 1858/1858
f 1707/1707 1858/1858 1859/1859
f 1707/1707 1859/1859 1860/1860
f 1707/1707 1860/1860 1861/1861
f 1707/1707 1861/1861 1862/1862
f 1707/1707 1862/1862 1863/1863
f 1707/1707 1863/1863 1864/1864
f 1707/1707 1864/1864 1865/1865
f 1707/1707 1865/1865 1866/1866
f 1707/1707 1866/1866 1867/1867
f 1707/1707 1867/1867 1868/1868
f 1707/1707 1868/1868 1869/1869
f 1707/1707 1869/1869 1870/1870
f 1707/1707 1870/1870 1843/1843
f 1871/1871 1815/1815 1872/1872
f 1871/1871 1872/1872 1873/1873
f 1871/1871 1873/1873 1874/1874
f 1871/1871 1874/1874 1875/1875
f 1871/1871 1875/1875 1876/1876
f 1871/1871 1876/1876 1877/1877
f 1871/1871 1877/1877 1878/1878
f 1871/1871 1878/1878 1879/1879
f 1871/1871 1880/1880 1881/1881
f 1871/1871 1879/1879 1882/1882
f 1871/1871 1881/1881 1883/1883
f 1871/1871 1882/1882 1884/1884
f 1871/1871 1883/1883 1885/1885
f 1871/1871 1884/1884 1886/1886
f 1871/1871 1885/1885 1887/1887
f 1871/1871 1887/1887 1888/1888
f 1871/1871 1886/1886 1889/1889
f 1871/1871 1888/1888 1890/1890
f 1871/1871 1889/1889 1891/1891
f 1871/1871 1890/1890 1892/1892
f 1871/1871 1891/1891 1893/1893
f 1871/1871 1892/1892 1894/1894
f 1871/1871 1893/1893 1895/1895
f 1871/1871 1894/1894 1896/1896
f 1871/1871 1895/1895 1897/1897
f 1871/1871 1896/1896 1898/1898
f 1871/1871 1897/1897 1899/1899
f 1871/1871 1898/1898 1900/1900
f 1871/1871 1899/1899 1901/1901
f 1871/1871 1900/1900 1902/1902
f 1871/1871 1901/1901 1903/1903
f 1871/1871 1902/1902 1904/1904
f 1871/1871 1903/1903 1905/1905
f 1871/1871 1904/1904 1906/1906
f 1871/1871 1905/1905 1907/1907
f 1871/1871 1906/1906 1908/1908
f 1871/1871 1907/1907 1909/1909
f 1871/1871 1908/1908 1910/1910
f 1871/1871 1909/1909 1911/1911
f 1871/1871 1910/1910 1912/1912
f 1871/1871 1911/1911 1913/1913
f 1871/1871 1912/1912 1914/1914
f 1871/1871 1913/1913 1915/1915
f 1871/1871 1915/1915 1916/1916
f 1871/1871 1916/1916 1917/1917
f 1871/1871 1917/1917 1845/1845
f 1871/1871 1749/1749 1815/1815
f 1871/1871 1845/1845 1707/1707
f 1446/1446 1918/1918 1919/1919
f 1446/1446 1919/1919 1920/1920
f 1446/1446 1920/1920 1921/1921
f 1446/1446 1921/1921 1922/1922
f 1446/1446 1922/1922 1923/1923
f 1446/1446 1923/1923 1924/1924
f 1446/1446 1924/1924 1925/1925
f 1446/1446 1926/1926 1927/1927
f 1446/1446 1925/1925 1928/1928
f 1446/1446 1927/1927 1929/1929
f 1446/1446 1928/1928 1930/1930
f 1446/1446 1929/1929 1931/1931
f 1446/1446 1930/1930 1932/1932
f 1446/1446 1931/1931 1880/1880
f 1446/1446 1932/1932 1933/1933
f 1446/1446 1933/1933 1934/1934
f 1446/1446 1934/1934 1935/1935
f 1446/1446 1935/1935 1936/1936
f 1446/1446 1936/1936 1937/1937
f 1446/1446 1937/1937 1938/1938
f 1446/1446 1938/1938 1939/1939
f 1446/1446 1939/1939 1940/1940
f 1446/1446 1940/1940 1941/1941
f 1446/1446 1941/1941 1942/1942
f 1446/1446 1942/1942 1943/1943
f 1446/1446 1943/1943 1944/1944
f 1446/1446 1944/1944 1945/1945
f 1446/1446 1945/1945 1946/1946
f 1446/1446 1946/1946 1947/1947
f 1446/1446 1947/1947 1948/1948
f 1446/1446 1948/1948 1949/1949
f 1446/1446 1949/1949 1950/1950
f 1446/1446 1950/1950 1951/1951
f 1446/1446 1880/1880 1871/1871
f 1446/1446 1951/1951 1952/1952
f 1446/1446 1952/1952 1926/1926
f 1446/1446 1871/1871 1707/1707
f 1953/1953 1709/1709 1444/1444
f 1954/1954 1953/1953 1444/1444
f 1446/1446 1444/1444 1829/1829
f 1446/1446 1829/1829 1918/1918
f 1713/1713 1871/1871 1955/1955
f 1955/1955 1871/1871 1956/1956
f 1956/1956 1871/1871 1957/1957
f 1957/1957 1871/1871 1958/1958
f 1958/1958 1871/1871 1959/1959
f 1959/1959 1871/1871 1960/1960
f 1960/1960 1871/1871 1961/1961
f 1961/1961 1871/1871 1962/1962
f 1962/1962 1871/1871 1963/1963
f 1963/1963 1871/1871 1914/1914
f 1713/1713 1955/1955 1964/1964
f 1713/1713 1964/1964 1965/1965
f 1713/1713 1965/1965 1966/1966
f 1713/1713 1966/1966 1967/1967
f 1713/1713 1967/1967 1968/1968
f 1713/1713 1968/1968 1969/1969
f 1713/1713 1969/1969 1970/1970
f 1713/1713 1970/1970 1971/1971
f 1713/1713 1971/1971 1729/1729
f 1972/1972 1973/1973 1974/1974
f 1972/1972 1975/1975 1973/1973
f 1976/1976 1977/1977 1972/1972
f 1974/1974 1976/1976 1972/1972
f 1974/1974 1978/1978 1979/1979
f 1974/1974 1979/1979 1980/1980
f 1973/1973 1978/1978 1974/1974
f 1976/1976 1974/1974 1980/1980
f 1978/1978 1975/1975 1981/1981
f 1978/1978 1973/1973 1975/1975
f 1982/1982 1983/1983 1984/1984
f 1982/1982 1984/1984 1985/1985
f 1986/1986 1985/1985 1987/1987
f 1988/1988 1989/1989 1982/1982
f 1988/1988 1982/1982 1985/1985
f 1988/1988 1985/1985 1986/1986
f 1990/1990 1991/1991 1982/1982
f 1989/1989 1990/1990 1982/1982
f 1988/1988 1990/1990 1989/1989
f 1988/1988 1992/1992 1990/1990
f 1986/1986 1992/1992 1988/1988
f 1986/1986 1993/1993 1992/1992
f 1994/1994 1993/1993 1986/1986
f 1987/1987 1994/1994 1986/1986
f 1995/1995 1996/1996 1997/1997
f 1995/1995 1997/1997 1998/1998
f 1999/1999 1998/1998 2000/2000
f 2001/2001 2002/2002 1995/1995
f 2001/2001 1995/1995 1998/1998
f 2001/2001 1998/1998 1999/1999
f 2002/2002 1714/1714 1995/1995
f 2002/2002 1713/1713 1714/1714
f 2001/2001 1713/1713 2002/2002
f 2001/2001 1871/1871 1713/1713
f 1999/1999 1871/1871 2001/2001
f 1999/1999 1749/1749 1871/1871
f 2000/2000 1749/1749 1999/1999
f 2000/2000 1710/1710 1749/1749
f 2003/2003 2004/2004 2005/2005
f 2006/2006 2005/2005 2004/2004
f 2007/2007 2004/2004 2003/2003
f 2008/2008 2006/2006 2004/2004
f 2009/2009 2004/2004 2007/2007
f 2010/2010 2008/2008 2004/2004
f 2011/2011 2004/2004 2009/2009
f 2012/2012 2010/2010 2004/2004
f 2013/2013 2004/2004 2011/2011
f 2014/2014 2012/2012 2004/2004
f 2015/2015 2004/2004 2013/2013
f 2016/2016 2014/2014 2004/2004
f 2017/2017 2004/2004 2015/2015
f 2018/2018 2016/2016 2004/2004
f 2019/2019 2004/2004 2017/2017
f 2020/2020 2018/2018 2004/2004
f 2021/2021 2004/2004 2019/2019
f 2022/2022 2020/2020 2004/2004
f 2023/2023 2004/2004 2021/2021
f 2024/2024 2022/2022 2004/2004
f 2025/2025 2004/2004 2023/2023
f 2026/2026 2024/2024 2004/2004
f 2027/2027 2004/2004 2025/2025
f 2028/2028 2026/2026 2004/2004
f 2029/2029 2004/2004 2027/2027
f 2030/2030 2028/2028 2004/2004
f 2031/2031 2030/2030 2004/2004
f 2032/2032 2031/2031 2004/2004
f 2033/2033 2032/2032 2004/2004
f 2034/2034 2033/2033 2004/2004
f 2035/2035 2034/2034 2004/2004
f 2036/2036 2035/2035 2004/2004
f 2037/2037 2036/2036 2004/2004
f 2038/2038 2037/2037 2004/2004
f 2039/2039 2004/2004 2029/2029
f 2039/2039 2029/2029 2040/2040
f 2039/2039 2040/2040 2041/2041
f 2039/2039 2041/2041 2042/2042
f 2039/2039 2042/2042 2043/2043
f 2039/2039 2043/2043 2044/2044
f 2039/2039 2044/2044 2045/2045
f 2039/2039 2045/2045 2046/2046
f 2039/2039 2046/2046 2047/2047
f 2039/2039 2047/2047 2048/2048
f 2049/2049 2039/2039 2048/2048
f 2050/2050 2039/2039 2049/2049
f 2051/2051 2039/2039 2050/2050
f 2052/2052 2039/2039 2051/2051
f 2053/2053 2039/2039 2052/2052
f 2054/2054 2039/2039 2053/2053
f 2055/2055 2039/2039 2054/2054
f 2056/2056 2039/2039 2055/2055
f 2057/2057 2039/2039 2056/2056
f 2058/2058 2039/2039 2057/2057
f 2059/2059 2039/2039 2058/2058
f 2060/2060 2039/2039 2059/2059
f 2061/2061 2039/2039 2060/2060
f 2062/2062 2039/2039 2061/2061
f 2063/2063 2039/2039 2062/2062
f 2064/2064 2039/2039 2063/2063
f 2065/2065 2039/2039 2064/2064
f 2066/2066 2039/2039 2065/2065
f 2067/2067 2039/2039 2066/2066
f 1994/1994 2068/2068 2069/2069
f 1994/1994 2069/2069 2070/2070
f 1994/1994 2070/2070 2071/2071
f 1994/1994 2071/2071 2072/2072
f 1994/1994 2072/2072 2073/2073
f 1994/1994 2073/2073 2074/2074
f 1994/1994 2074/2074 2075/2075
f 1994/1994 2075/2075 2076/2076
f 1994/1994 2076/2076 2077/2077
f 1994/1994 2077/2077 2078/2078
f 1994/1994 2078/2078 2079/2079
f 1994/1994 2079/2079 2080/2080
f 1994/1994 2080/2080 2081/2081
f 1994/1994 2081/2081 2082/2082
f 1994/1994 2082/2082 2083/2083
f 1994/1994 2083/2083 2084/2084
f 1994/1994 2084/2084 2085/2085
f 1994/1994 2085/2085 2086/2086
f 1994/1994 2086/2086 2087/2087
f 1994/1994 2087/2087 2088/2088
f 1994/1994 2088/2088 2089/2089
f 1994/1994 2089/2089 2090/2090
f 1994/1994 2090/2090 2091/2091
f 1994/1994 2091/2091 2092/2092
f 1994/1994 2092/2092 2093/2093
f 1994/1994 2094/2094 2068/2068
f 1994/1994 2093/2093 2038/2038
f 1994/1994 2038/2038 2004/2004
f 2095/2095 2096/2096 2097/2097
f 2095/2095 2097/2097 2098/2098
f 2095/2095 2098/2098 2099/2099
f 2095/2095 2099/2099 2100/2100
f 2095/2095 2100/2100 2101/2101
f 2095/2095 2101/2101 2102/2102
f 2095/2095 2102/2102 2103/2103
f 2095/2095 2103/2103 2104/2104
f 2095/2095 2104/2104 2105/2105
f 2095/2095 2105/2105 2106/2106
f 2095/2095 2106/2106 2107/2107
f 2095/2095 2107/2107 2108/2108
f 2095/2095 2108/2108 2109/2109
f 2095/2095 2109/2109 2110/2110
f 2095/2095 2110/2110 2111/2111
f 2095/2095 2111/2111 2112/2112
f 2095/2095 2112/2112 2113/2113
f 2095/2095 2113/2113 2114/2114
f 2095/2095 2114/2114 2115/2115
f 2095/2095 2115/2115 2116/2116
f 2095/2095 2116/2116 2117/2117
f 2095/2095 2117/2117 2118/2118
f 2095/2095 2118/2118 2119/2119
f 2120/2120 2119/2119 2121/2121
f 2120/2120 2121/2121 2094/2094
f 2120/2120 2094/2094 1994/1994
f 2120/2120 2095/2095 2119/2119
f 2122/2122 2123/2123 2124/2124
f 2122/2122 2124/2124 2125/2125
f 2122/2122 2125/2125 2126/2126
f 2122/2122 2126/2126 2127/2127
f 2122/2122 2127/2127 2128/2128
f 2122/2122 2096/2096 2095/2095
f 2122/2122 2128/2128 2096/2096
f 2122/2122 2039/2039 2067/2067
f 2122/2122 2067/2067 2129/2129
f 2122/2122 2129/2129 2130/2130
f 2122/2122 2130/2130 2131/2131
f 2122/2122 2131/2131 2132/2132
f 2122/2122 2132/2132 2133/2133
f 2122/2122 2133/2133 2123/2123
f 1990/1990 2122/2122 1991/1991
f 1990/1990 2039/2039 2122/2122
f 2134/2134 1994/1994 2004/2004
f 2134/2134 1993/1993 1994/1994
f 2135/2135 1990/1990 2136/2136
f 2137/2137 1990/1990 2135/2135
f 2138/2138 1990/1990 2137/2137
f 2139/2139 1990/1990 2138/2138
f 2140/2140 1990/1990 2139/2139
f 2141/2141 1990/1990 2140/2140
f 2142/2142 1990/1990 2141/2141
f 2143/2143 1990/1990 2142/2142
f 2144/2144 1990/1990 2143/2143
f 2145/2145 1448/1448 1990/1990
f 2145/2145 1990/1990 2144/2144
f 2146/2146 1448/1448 2145/2145
f 2147/2147 1448/1448 2146/2146
f 2148/2148 1448/1448 2147/2147
f 2149/2149 1448/1448 2148/2148
f 2150/2150 1448/1448 2149/2149
f 2151/2151 1448/1448 2150/2150
f 2152/2152 1448/1448 2151/2151
f 2153/2153 1448/1448 2152/2152
f 2154/2154 1448/1448 2153/2153
f 2155/2155 1448/1448 2154/2154
f 2156/2156 1448/1448 2155/2155
f 2157/2157 1448/1448 2156/2156
f 2158/2158 1448/1448 2157/2157
f 2159/2159 1448/1448 2158/2158
f 2160/2160 1448/1448 2159/2159
f 2161/2161 1448/1448 2160/2160
f 2162/2162 1448/1448 2161/2161
f 2163/2163 1448/1448 2162/2162
f 2164/2164 1448/1448 2163/2163
f 2165/2165 1448/1448 2164/2164
f 2166/2166 1448/1448 2165/2165
f 2167/2167 1448/1448 2166/2166
f 2168/2168 1448/1448 2167/2167
f 2169/2169 1448/1448 2168/2168
f 2170/2170 1448/1448 2169/2169
f 2171/2171 1448/1448 2170/2170
f 2172/2172 1448/1448 2171/2171
f 2173/2173 1448/1448 2172/2172
f 2174/2174 1448/1448 2173/2173
f 2175/2175 1448/1448 2174/2174
f 2176/2176 1448/1448 2175/2175
f 1992/1992 2177/2177 2178/2178
f 1992/1992 2178/2178 2179/2179
f 1992/1992 2179/2179 2180/2180
f 1992/1992 2180/2180 2181/2181
f 1992/1992 2181/2181 2182/2182
f 1992/1992 2182/2182 2183/2183
f 1992/1992 2183/2183 2184/2184
f 1992/1992 2184/2184 2185/2185
f 1992/1992 2185/2185 2186/2186
f 1992/1992 2186/2186 2187/2187
f 1992/1992 2187/2187 2188/2188
f 1992/1992 2188/2188 2189/2189
f 1992/1992 2189/2189 2190/2190
f 1992/1992 2190/2190 2191/2191
f 1992/1992 2191/2191 2192/2192
f 1992/1992 2192/2192 2193/2193
f 1992/1992 2193/2193 2194/2194
f 1992/1992 2194/2194 2195/2195
f 1992/1992 2195/2195 2196/2196
f 1992/1992 2196/2196 2197/2197
f 1992/1992 2197/2197 2198/2198
f 1992/1992 2198/2198 2199/2199
f 1992/1992 2199/2199 2200/2200
f 1992/1992 1993/1993 2134/2134
f 2201/2201 1448/1448 2176/2176
f 2202/2202 2177/2177 1992/1992
f 2203/2203 1448/1448 2201/2201
f 2204/2204 2202/2202 1992/1992
f 2205/2205 2204/2204 1992/1992
f 2206/2206 2205/2205 1992/1992
f 1451/1451 2207/2207 2208/2208
f 1451/1451 2208/2208 2209/2209
f 1451/1451 2209/2209 2210/2210
f 1451/1451 2210/2210 2211/2211
f 1451/1451 2211/2211 2212/2212
f 1451/1451 2212/2212 2213/2213
f 1451/1451 2213/2213 2214/2214
f 1451/1451 2214/2214 2215/2215
f 1451/1451 2215/2215 2216/2216
f 1451/1451 2216/2216 2217/2217
f 1451/1451 2217/2217 2218/2218
f 1451/1451 2218/2218 2219/2219
f 1451/1451 2219/2219 2220/2220
f 1451/1451 2220/2220 2221/2221
f 1451/1451 2221/2221 2222/2222
f 1451/1451 2222/2222 2223/2223
f 1451/1451 2223/2223 2224/2224
f 1451/1451 2224/2224 2225/2225
f 1451/1451 2225/2225 2226/2226
f 1451/1451 2226/2226 2227/2227
f 1451/1451 2227/2227 2228/2228
f 1451/1451 2228/2228 2229/2229
f 1451/1451 2229/2229 2230/2230
f 1451/1451 2230/2230 2231/2231
f 1451/1451 2231/2231 2232/2232
f 1451/1451 2232/2232 2233/2233
f 2234/2234 2206/2206 1992/1992
f 2234/2234 1451/1451 2233/2233
f 2234/2234 2235/2235 2206/2206
f 2234/2234 2233/2233 2236/2236
f 2234/2234 2236/2236 2237/2237
f 2234/2234 2237/2237 2238/2238
f 2234/2234 2238/2238 2235/2235
f 2234/2234 1992/1992 2134/2134
f 1451/1451 1448/1448 2239/2239
f 2239/2239 1448/1448 2240/2240
f 2240/2240 1448/1448 2241/2241
f 2241/2241 1448/1448 2203/2203
f 1451/1451 2239/2239 2242/2242
f 1451/1451 2242/2242 2207/2207
f 1448/1448 2039/2039 1990/1990
f 1990/1990 1992/1992 2243/2243
f 2243/2243 1992/1992 2244/2244
f 2244/2244 1992/1992 2245/2245
f 2245/2245 1992/1992 2200/2200
f 1990/1990 2243/2243 2246/2246
f 1990/1990 2246/2246 2247/2247
f 1990/1990 2247/2247 2248/2248
f 1990/1990 2248/2248 2249/2249
f 1990/1990 2249/2249 2250/2250
f 1990/1990 2250/2250 2251/2251
f 1990/1990 2251/2251 2252/2252
f 1990/1990 2252/2252 2253/2253
f 1990/1990 2253/2253 2254/2254
f 1990/1990 2254/2254 2255/2255
f 1990/1990 2255/2255 2256/2256
f 1990/1990 2256/2256 2257/2257
f 1990/1990 2257/2257 2258/2258
f 1990/1990 2258/2258 2259/2259
f 1990/1990 2259/2259 2260/2260
f 1990/1990 2260/2260 2261/2261
f 1990/1990 2261/2261 2136/2136
f 1709/1709 2262/2262 2263/2263
f 1709/1709 1953/1953 2262/2262
f 1439/1439 1443/1443 1440/1440
f 1444/1444 1443/1443 1439/1439
f 1954/1954 1439/1439 2264/2264
f 1954/1954 1444/1444 1439/1439
f 2265/2265 2266/2266 2267/2267
f 2265/2265 2268/2268 2266/2266
f 2269/2269 2270/2270 2265/2265
f 2271/2271 2269/2269 2265/2265
f 2271/2271 2265/2265 2267/2267
f 2272/2272 2269/2269 2271/2271
f 2266/2266 2273/2273 2267/2267
f 2266/2266 2274/2274 2273/2273
f 2273/2273 2275/2275 2271/2271
f 2267/2267 2273/2273 2271/2271
f 2276/2276 2266/2266 2268/2268
f 2277/2277 2266/2266 2276/2276
f 2278/2278 2266/2266 2277/2277
f 2279/2279 2276/2276 2280/2280
f 2279/2279 2277/2277 2276/2276
f 2281/2281 2266/2266 2278/2278
f 2282/2282 2266/2266 2281/2281
f 2283/2283 2278/2278 2284/2284
f 2283/2283 2281/2281 2278/2278
f 2285/2285 2266/2266 2282/2282
f 2286/2286 2266/2266 2285/2285
f 2287/2287 2282/2282 2288/2288
f 2287/2287 2285/2285 2282/2282
f 2289/2289 2266/2266 2286/2286
f 2290/2290 2266/2266 2289/2289
f 2291/2291 2286/2286 2292/2292
f 2291/2291 2289/2289 2286/2286
f 2293/2293 2266/2266 2290/2290
f 2294/2294 2266/2266 2293/2293
f 2295/2295 2290/2290 2296/2296
f 2295/2295 2293/2293 2290/2290
f 2297/2297 2266/2266 2294/2294
f 2298/2298 2266/2266 2297/2297
f 2299/2299 2294/2294 2300/2300
f 2299/2299 2297/2297 2294/2294
f 2301/2301 2266/2266 2298/2298
f 2302/2302 2266/2266 2301/2301
f 2303/2303 2298/2298 2304/2304
f 2303/2303 2301/2301 2298/2298
f 2305/2305 2266/2266 2302/2302
f 2306/2306 2266/2266 2305/2305
f 2307/2307 2305/2305 2302/2302
f 2307/2307 2302/2302 2308/2308
f 2309/2309 2266/2266 2306/2306
f 2310/2310 2266/2266 2309/2309
f 2311/2311 2309/2309 2306/2306
f 2311/2311 2306/2306 2312/2312
f 2313/2313 2266/2266 2310/2310
f 2314/2314 2266/2266 2313/2313
f 2315/2315 2313/2313 2310/2310
f 2315/2315 2310/2310 2316/2316
f 2317/2317 2318/2318 2314/2314
f 2319/2319 2318/2318 2317/2317
f 2320/2320 2321/2321 2322/2322
f 2320/2320 2322/2322 2323/2323
f 2324/2324 2325/2325 2326/2326
f 2324/2324 2326/2326 2327/2327
f 2328/2328 2329/2329 2330/2330
f 2331/2331 2329/2329 2328/2328
f 2332/2332 2333/2333 2334/2334
f 2332/2332 2334/2334 2335/2335
f 2336/2336 2337/2337 2338/2338
f 2336/2336 2338/2338 2339/2339
f 2340/2340 2341/2341 2342/2342
f 2340/2340 2343/2343 2341/2341
f 2344/2344 2345/2345 2346/2346
f 2344/2344 2347/2347 2345/2345
f 2348/2348 2349/2349 2350/2350
f 2348/2348 2351/2351 2349/2349
f 2352/2352 2353/2353 2354/2354
f 2352/2352 2355/2355 2353/2353
f 2356/2356 2357/2357 2358/2358
f 2356/2356 2358/2358 2359/2359
f 2360/2360 2361/2361 2362/2362
f 2360/2360 2362/2362 2363/2363
f 2364/2364 2365/2365 2366/2366
f 2364/2364 2366/2366 2367/2367
f 2368/2368 2369/2369 2370/2370
f 2368/2368 2370/2370 2371/2371
f 2372/2372 2373/2373 2374/2374
f 2372/2372 2375/2375 2373/2373
f 2376/2376 2377/2377 2378/2378
f 2376/2376 2379/2379 2377/2377
f 2380/2380 2381/2381 2382/2382
f 2380/2380 2383/2383 2381/2381
f 2384/2384 2385/2385 2386/2386
f 2384/2384 2387/2387 2385/2385
f 2388/2388 2389/2389 2390/2390
f 2391/2391 2389/2389 2388/2388
f 2392/2392 2393/2393 2394/2394
f 2392/2392 2395/2395 2393/2393
f 2396/2396 2397/2397 2398/2398
f 2396/2396 2399/2399 2397/2397
f 2400/2400 2401/2401 2402/2402
f 2400/2400 2403/2403 2401/2401
f 2404/2404 2403/2403 1977/1977
f 2404/2404 2399/2399 2401/2401
f 2404/2404 2397/2397 2399/2399
f 2404/2404 2401/2401 2403/2403
f 1980/1980 1977/1977 1976/1976
f 1980/1980 2404/2404 1977/1977
f 2266/2266 2318/2318 2404/2404
f 2318/2318 2322/2322 2404/2404
f 2322/2322 2321/2321 2404/2404
f 2321/2321 2326/2326 2404/2404
f 2326/2326 2325/2325 2404/2404
f 2325/2325 2330/2330 2404/2404
f 2330/2330 2329/2329 2404/2404
f 2329/2329 2334/2334 2404/2404
f 2334/2334 2333/2333 2404/2404
f 2333/2333 2338/2338 2404/2404
f 2338/2338 2337/2337 2404/2404
f 2337/2337 2341/2341 2404/2404
f 2341/2341 2343/2343 2404/2404
f 2343/2343 2345/2345 2404/2404
f 2345/2345 2347/2347 2404/2404
f 2347/2347 2349/2349 2404/2404
f 2349/2349 2351/2351 2404/2404
f 2351/2351 2353/2353 2404/2404
f 2353/2353 2355/2355 2404/2404
f 2355/2355 2358/2358 2404/2404
f 2358/2358 2357/2357 2404/2404
f 2357/2357 2362/2362 2404/2404
f 2362/2362 2361/2361 2404/2404
f 2361/2361 2366/2366 2404/2404
f 2366/2366 2365/2365 2404/2404
f 2365/2365 2370/2370 2404/2404
f 2370/2370 2369/2369 2404/2404
f 2369/2369 2373/2373 2404/2404
f 2373/2373 2375/2375 2404/2404
f 2375/2375 2377/2377 2404/2404
f 2377/2377 2379/2379 2404/2404
f 2379/2379 2381/2381 2404/2404
f 2381/2381 2383/2383 2404/2404
f 2383/2383 2385/2385 2404/2404
f 2385/2385 2387/2387 2404/2404
f 2387/2387 2390/2390 2404/2404
f 2390/2390 2389/2389 2404/2404
f 2389/2389 2393/2393 2404/2404
f 2393/2393 2395/2395 2404/2404
f 2395/2395 2397/2397 2404/2404
f 2266/2266 2314/2314 2318/2318
f 2280/2280 2270/2270 2405/2405
f 2265/2265 2270/2270 2280/2280
f 2276/2276 2265/2265 2280/2280
f 2406/2406 2405/2405 2270/2270
f 2269/2269 2406/2406 2270/2270
f 2407/2407 2406/2406 2269/2269
f 2269/2269 2272/2272 2407/2407
f 2268/2268 2265/2265 2276/2276
f 2294/2294 2408/2408 2300/2300
f 2294/2294 2409/2409 2408/2408
f 2299/2299 2410/2410 2297/2297
f 2299/2299 2411/2411 2410/2410
f 2286/2286 2412/2412 2292/2292
f 2286/2286 2413/2413 2412/2412
f 2291/2291 2414/2414 2289/2289
f 2291/2291 2415/2415 2414/2414
f 2278/2278 2416/2416 2284/2284
f 2278/2278 2417/2417 2416/2416
f 2283/2283 2418/2418 2281/2281
f 2283/2283 2419/2419 2418/2418
f 2279/2279 2420/2420 2277/2277
f 2279/2279 2421/2421 2420/2420
f 2282/2282 2422/2422 2288/2288
f 2282/2282 2423/2423 2422/2422
f 2287/2287 2424/2424 2285/2285
f 2287/2287 2425/2425 2424/2424
f 2290/2290 2426/2426 2296/2296
f 2290/2290 2427/2427 2426/2426
f 2295/2295 2428/2428 2293/2293
f 2295/2295 2429/2429 2428/2428
f 2430/2430 2408/2408 2409/2409
f 2430/2430 2431/2431 2408/2408
f 2411/2411 2299/2299 2300/2300
f 2408/2408 2411/2411 2300/2300
f 2431/2431 2432/2432 2411/2411
f 2431/2431 2411/2411 2408/2408
f 2432/2432 2410/2410 2411/2411
f 2432/2432 2433/2433 2410/2410
f 2434/2434 2412/2412 2413/2413
f 2434/2434 2435/2435 2412/2412
f 2415/2415 2291/2291 2292/2292
f 2412/2412 2415/2415 2292/2292
f 2435/2435 2436/2436 2415/2415
f 2435/2435 2415/2415 2412/2412
f 2436/2436 2414/2414 2415/2415
f 2436/2436 2437/2437 2414/2414
f 2438/2438 2416/2416 2417/2417
f 2438/2438 2439/2439 2416/2416
f 2419/2419 2283/2283 2284/2284
f 2416/2416 2419/2419 2284/2284
f 2439/2439 2440/2440 2419/2419
f 2439/2439 2419/2419 2416/2416
f 2440/2440 2418/2418 2419/2419
f 2440/2440 2441/2441 2418/2418
f 2421/2421 2279/2279 2280/2280
f 2405/2405 2421/2421 2280/2280
f 2406/2406 2442/2442 2421/2421
f 2406/2406 2421/2421 2405/2405
f 2442/2442 2420/2420 2421/2421
f 2442/2442 2443/2443 2420/2420
f 2444/2444 2422/2422 2423/2423
f 2444/2444 2445/2445 2422/2422
f 2425/2425 2287/2287 2288/2288
f 2422/2422 2425/2425 2288/2288
f 2445/2445 2446/2446 2425/2425
f 2445/2445 2425/2425 2422/2422
f 2446/2446 2424/2424 2425/2425
f 2446/2446 2447/2447 2424/2424
f 2448/2448 2426/2426 2427/2427
f 2448/2448 2449/2449 2426/2426
f 2429/2429 2295/2295 2296/2296
f 2426/2426 2429/2429 2296/2296
f 2449/2449 2450/2450 2429/2429
f 2449/2449 2429/2429 2426/2426
f 2450/2450 2428/2428 2429/2429
f 2450/2450 2451/2451 2428/2428
f 2407/2407 2272/2272 2271/2271
f 2443/2443 2407/2407 2271/2271
f 2438/2438 2443/2443 2271/2271
f 2442/2442 2406/2406 2407/2407
f 2442/2442 2407/2407 2443/2443
f 2441/2441 2438/2438 2271/2271
f 2444/2444 2441/2441 2271/2271
f 2440/2440 2439/2439 2438/2438
f 2440/2440 2438/2438 2441/2441
f 2447/2447 2444/2444 2271/2271
f 2434/2434 2447/2447 2271/2271
f 2446/2446 2445/2445 2444/2444
f 2446/2446 2444/2444 2447/2447
f 2437/2437 2434/2434 2271/2271
f 2448/2448 2437/2437 2271/2271
f 2436/2436 2435/2435 2434/2434
f 2436/2436 2434/2434 2437/2437
f 2451/2451 2448/2448 2271/2271
f 2430/2430 2451/2451 2271/2271
f 2450/2450 2449/2449 2448/2448
f 2450/2450 2448/2448 2451/2451
f 2433/2433 2430/2430 2271/2271
f 2452/2452 2433/2433 2271/2271
f 2432/2432 2431/2431 2430/2430
f 2432/2432 2430/2430 2433/2433
f 2453/2453 2452/2452 2271/2271
f 2454/2454 2453/2453 2271/2271
f 2455/2455 2456/2456 2452/2452
f 2455/2455 2452/2452 2453/2453
f 2457/2457 2454/2454 2271/2271
f 2458/2458 2457/2457 2271/2271
f 2459/2459 2460/2460 2454/2454
f 2459/2459 2454/2454 2457/2457
f 2461/2461 2458/2458 2271/2271
f 2462/2462 2461/2461 2271/2271
f 2463/2463 2458/2458 2461/2461
f 2464/2464 2463/2463 2461/2461
f 2465/2465 2462/2462 2271/2271
f 2466/2466 2465/2465 2271/2271
f 2467/2467 2462/2462 2465/2465
f 2467/2467 2468/2468 2462/2462
f 2469/2469 2466/2466 2271/2271
f 2470/2470 2469/2469 2271/2271
f 2471/2471 2466/2466 2469/2469
f 2472/2472 2471/2471 2469/2469
f 2473/2473 2470/2470 2271/2271
f 2474/2474 2473/2473 2271/2271
f 2475/2475 2470/2470 2473/2473
f 2475/2475 2476/2476 2470/2470
f 2477/2477 2474/2474 2271/2271
f 2478/2478 2477/2477 2271/2271
f 2479/2479 2474/2474 2477/2477
f 2479/2479 2480/2480 2474/2474
f 2481/2481 2478/2478 2271/2271
f 2482/2482 2481/2481 2271/2271
f 2483/2483 2478/2478 2481/2481
f 2483/2483 2484/2484 2478/2478
f 2485/2485 2482/2482 2271/2271
f 2486/2486 2485/2485 2271/2271
f 2487/2487 2482/2482 2485/2485
f 2487/2487 2488/2488 2482/2482
f 2489/2489 2486/2486 2271/2271
f 2490/2490 2486/2486 2489/2489
f 2490/2490 2491/2491 2486/2486
f 2492/2492 2493/2493 2494/2494
f 2492/2492 2494/2494 2495/2495
f 2496/2496 2497/2497 2498/2498
f 2496/2496 2498/2498 2499/2499
f 2500/2500 2501/2501 2502/2502
f 2500/2500 2502/2502 2503/2503
f 2504/2504 2505/2505 2506/2506
f 2504/2504 2506/2506 2507/2507
f 2508/2508 2509/2509 2510/2510
f 2508/2508 2511/2511 2509/2509
f 2512/2512 2513/2513 2514/2514
f 2512/2512 2515/2515 2513/2513
f 2516/2516 2517/2517 2518/2518
f 2516/2516 2519/2519 2517/2517
f 2520/2520 2521/2521 2522/2522
f 2523/2523 2520/2520 2522/2522
f 2524/2524 2525/2525 2526/2526
f 2524/2524 2527/2527 2525/2525
f 2528/2528 2529/2529 2530/2530
f 2528/2528 2530/2530 2531/2531
f 2532/2532 2533/2533 2534/2534
f 2532/2532 2534/2534 2535/2535
f 2536/2536 2537/2537 2538/2538
f 2539/2539 2536/2536 2538/2538
f 2540/2540 2541/2541 2542/2542
f 2540/2540 2542/2542 2543/2543
f 2544/2544 2545/2545 2546/2546
f 2544/2544 2546/2546 2547/2547
f 2548/2548 2549/2549 2550/2550
f 2548/2548 2550/2550 2551/2551
f 2552/2552 2510/2510 2509/2509
f 2552/2552 2514/2514 2513/2513
f 2552/2552 2553/2553 2551/2551
f 2552/2552 2550/2550 2547/2547
f 2552/2552 2518/2518 2517/2517
f 2552/2552 2546/2546 2543/2543
f 2552/2552 2542/2542 2538/2538
f 2552/2552 2537/2537 2535/2535
f 2552/2552 2522/2522 2521/2521
f 2552/2552 2534/2534 2531/2531
f 2552/2552 2526/2526 2525/2525
f 2552/2552 2530/2530 2526/2526
f 2552/2552 2525/2525 2522/2522
f 2552/2552 2521/2521 2518/2518
f 2552/2552 2531/2531 2530/2530
f 2552/2552 2517/2517 2514/2514
f 2552/2552 2513/2513 2510/2510
f 2552/2552 2535/2535 2534/2534
f 2552/2552 2509/2509 2507/2507
f 2552/2552 2506/2506 2503/2503
f 2552/2552 2538/2538 2537/2537
f 2552/2552 2502/2502 2499/2499
f 2552/2552 2489/2489 2271/2271
f 2552/2552 2498/2498 2495/2495
f 2552/2552 2543/2543 2542/2542
f 2552/2552 2494/2494 2489/2489
f 2552/2552 2495/2495 2494/2494
f 2552/2552 2547/2547 2546/2546
f 2552/2552 2499/2499 2498/2498
f 2552/2552 2551/2551 2550/2550
f 2552/2552 2503/2503 2502/2502
f 2552/2552 2507/2507 2506/2506
f 2554/2554 2553/2553 2552/2552
f 2555/2555 2553/2553 2554/2554
f 2556/2556 2553/2553 2555/2555
f 2557/2557 2556/2556 2555/2555
f 2409/2409 2451/2451 2430/2430
f 2428/2428 2451/2451 2409/2409
f 2293/2293 2409/2409 2294/2294
f 2293/2293 2428/2428 2409/2409
f 2558/2558 2433/2433 2452/2452
f 2410/2410 2433/2433 2558/2558
f 2297/2297 2558/2558 2298/2298
f 2297/2297 2410/2410 2558/2558
f 2417/2417 2443/2443 2438/2438
f 2420/2420 2443/2443 2417/2417
f 2277/2277 2417/2417 2278/2278
f 2277/2277 2420/2420 2417/2417
f 2427/2427 2437/2437 2448/2448
f 2414/2414 2437/2437 2427/2427
f 2289/2289 2427/2427 2290/2290
f 2289/2289 2414/2414 2427/2427
f 2423/2423 2441/2441 2444/2444
f 2418/2418 2441/2441 2423/2423
f 2281/2281 2423/2423 2282/2282
f 2281/2281 2418/2418 2423/2423
f 2559/2559 2560/2560 2561/2561
f 2562/2562 2559/2559 2561/2561
f 2563/2563 2561/2561 2564/2564
f 2563/2563 2562/2562 2561/2561
f 2565/2565 2563/2563 2564/2564
f 2566/2566 2565/2565 2564/2564
f 2567/2567 2566/2566 2564/2564
f 2568/2568 2569/2569 2567/2567
f 2570/2570 2571/2571 2568/2568
f 2572/2572 2568/2568 2567/2567
f 2572/2572 2570/2570 2568/2568
f 2572/2572 2573/2573 2570/2570
f 2574/2574 2575/2575 2572/2572
f 2576/2576 2572/2572 2567/2567
f 2576/2576 2574/2574 2572/2572
f 2577/2577 2578/2578 2579/2579
f 2577/2577 2579/2579 2576/2576
f 2580/2580 2577/2577 2576/2576
f 2581/2581 2582/2582 2583/2583
f 2581/2581 2583/2583 2580/2580
f 2584/2584 2576/2576 2567/2567
f 2584/2584 2580/2580 2576/2576
f 2584/2584 2581/2581 2580/2580
f 2585/2585 2584/2584 2567/2567
f 2585/2585 2586/2586 2584/2584
f 2587/2587 2585/2585 2567/2567
f 2587/2587 2588/2588 2585/2585
f 2589/2589 2590/2590 2591/2591
f 2589/2589 2591/2591 2592/2592
f 2589/2589 2592/2592 2587/2587
f 2589/2589 2587/2587 2567/2567
f 2593/2593 2594/2594 2595/2595
f 2593/2593 2595/2595 2589/2589
f 2596/2596 2597/2597 2593/2593
f 2598/2598 2599/2599 2596/2596
f 2598/2598 2593/2593 2589/2589
f 2598/2598 2596/2596 2593/2593
f 2600/2600 2601/2601 2598/2598
f 2600/2600 2598/2598 2589/2589
f 2602/2602 2600/2600 2589/2589
f 2603/2603 2602/2602 2589/2589
f 2604/2604 2603/2603 2589/2589
f 2604/2604 2605/2605 2603/2603
f 2606/2606 2564/2564 2607/2607
f 2606/2606 2607/2607 2262/2262
f 2608/2608 2604/2604 2589/2589
f 2608/2608 2564/2564 2606/2606
f 2608/2608 2567/2567 2564/2564
f 2608/2608 2609/2609 2604/2604
f 2608/2608 2589/2589 2567/2567
f 1953/1953 2606/2606 2262/2262
f 2610/2610 2611/2611 2612/2612
f 2610/2610 2612/2612 2613/2613
f 2614/2614 2615/2615 2616/2616
f 2617/2617 2616/2616 2611/2611
f 2617/2617 2611/2611 2610/2610
f 2618/2618 2614/2614 2616/2616
f 2618/2618 2616/2616 2617/2617
f 2619/2619 2618/2618 2620/2620
f 2619/2619 2614/2614 2618/2618
f 2621/2621 2622/2622 2623/2623
f 2624/2624 2621/2621 2623/2623
f 2624/2624 2623/2623 2625/2625
f 2624/2624 2625/2625 2614/2614
f 2624/2624 2619/2619 2626/2626
f 2624/2624 2614/2614 2619/2619
f 2627/2627 2628/2628 2624/2624
f 2629/2629 2624/2624 2626/2626
f 2629/2629 2626/2626 2630/2630
f 2629/2629 2630/2630 2631/2631
f 2629/2629 2627/2627 2624/2624
f 2632/2632 2633/2633 2634/2634
f 2632/2632 2634/2634 2627/2627
f 2635/2635 2636/2636 2637/2637
f 2638/2638 2639/2639 2632/2632
f 2638/2638 2632/2632 2627/2627
f 2638/2638 2629/2629 2636/2636
f 2638/2638 2627/2627 2629/2629
f 2638/2638 2636/2636 2635/2635
f 2640/2640 2635/2635 2641/2641
f 2642/2642 2635/2635 2640/2640
f 2643/2643 2635/2635 2642/2642
f 2644/2644 2643/2643 2645/2645
f 2644/2644 2645/2645 2646/2646
f 2644/2644 2646/2646 2647/2647
f 2644/2644 2647/2647 2648/2648
f 2644/2644 2635/2635 2643/2643
f 2649/2649 2638/2638 2635/2635
f 2649/2649 2635/2635 2644/2644
f 2650/2650 2638/2638 2649/2649
f 2651/2651 2638/2638 2650/2650
f 2651/2651 2650/2650 2652/2652
f 2651/2651 2652/2652 2653/2653
f 2654/2654 2651/2651 2655/2655
f 2654/2654 2655/2655 2656/2656
f 2657/2657 2651/2651 2654/2654
f 2657/2657 2658/2658 2638/2638
f 2657/2657 2638/2638 2651/2651
f 2273/2273 2274/2274 2658/2658
f 2273/2273 2658/2658 2657/2657
f 2659/2659 2275/2275 2273/2273
f 2659/2659 2606/2606 1953/1953
f 2659/2659 2273/2273 2657/2657
f 2264/2264 2660/2660 2275/2275
f 2264/2264 2275/2275 2659/2659
f 1954/1954 2659/2659 1953/1953
f 1954/1954 2264/2264 2659/2659
f 2661/2661 2555/2555 2554/2554
f 2662/2662 2554/2554 2552/2552
f 2663/2663 2662/2662 2552/2552
f 2664/2664 2068/2068 2665/2665
f 2664/2664 2069/2069 2068/2068
f 2666/2666 2070/2070 2069/2069
f 2666/2666 2069/2069 2664/2664
f 2667/2667 2071/2071 2070/2070
f 2667/2667 2072/2072 2071/2071
f 2667/2667 2070/2070 2666/2666
f 2668/2668 2073/2073 2072/2072
f 2668/2668 2072/2072 2667/2667
f 2669/2669 2073/2073 2668/2668
f 2670/2670 2074/2074 2073/2073
f 2670/2670 2075/2075 2074/2074
f 2670/2670 2073/2073 2669/2669
f 2671/2671 2075/2075 2670/2670
f 2672/2672 2076/2076 2075/2075
f 2672/2672 2077/2077 2076/2076
f 2672/2672 2075/2075 2671/2671
f 2673/2673 2077/2077 2672/2672
f 2674/2674 2078/2078 2077/2077
f 2674/2674 2079/2079 2078/2078
f 2674/2674 2077/2077 2673/2673
f 2675/2675 2079/2079 2674/2674
f 2676/2676 2079/2079 2675/2675
f 2676/2676 2080/2080 2079/2079
f 2676/2676 2081/2081 2080/2080
f 2677/2677 2081/2081 2676/2676
f 2678/2678 2081/2081 2677/2677
f 2678/2678 2082/2082 2081/2081
f 2678/2678 2083/2083 2082/2082
f 2679/2679 2083/2083 2678/2678
f 2680/2680 2083/2083 2679/2679
f 2680/2680 2084/2084 2083/2083
f 2681/2681 2084/2084 2680/2680
f 2681/2681 2085/2085 2084/2084
f 2681/2681 2086/2086 2085/2085
f 2682/2682 2086/2086 2681/2681
f 2683/2683 2086/2086 2682/2682
f 2683/2683 2087/2087 2086/2086
f 2684/2684 2087/2087 2683/2683
f 2684/2684 2088/2088 2087/2087
f 2685/2685 2088/2088 2684/2684
f 2685/2685 2089/2089 2088/2088
f 2686/2686 2089/2089 2685/2685
f 2686/2686 2090/2090 2089/2089
f 2687/2687 2091/2091 2090/2090
f 2687/2687 2090/2090 2686/2686
f 2688/2688 2092/2092 2091/2091
f 2688/2688 2091/2091 2687/2687
f 2689/2689 2093/2093 2092/2092
f 2689/2689 2038/2038 2093/2093
f 2689/2689 2092/2092 2688/2688
f 2690/2690 2038/2038 2689/2689
f 2691/2691 2037/2037 2038/2038
f 2691/2691 2036/2036 2037/2037
f 2691/2691 2038/2038 2690/2690
f 2692/2692 2036/2036 2691/2691
f 2693/2693 2035/2035 2036/2036
f 2693/2693 2036/2036 2692/2692
f 2694/2694 2034/2034 2035/2035
f 2694/2694 2035/2035 2693/2693
f 2695/2695 2033/2033 2034/2034
f 2695/2695 2034/2034 2694/2694
f 2696/2696 2032/2032 2033/2033
f 2696/2696 2033/2033 2695/2695
f 2697/2697 2031/2031 2032/2032
f 2697/2697 2032/2032 2696/2696
f 2698/2698 2030/2030 2031/2031
f 2698/2698 2028/2028 2030/2030
f 2698/2698 2031/2031 2697/2697
f 2699/2699 2028/2028 2698/2698
f 2700/2700 2028/2028 2699/2699
f 2700/2700 2026/2026 2028/2028
f 2701/2701 2026/2026 2700/2700
f 2701/2701 2024/2024 2026/2026
f 2702/2702 2024/2024 2701/2701
f 2702/2702 2022/2022 2024/2024
f 2703/2703 2022/2022 2702/2702
f 2703/2703 2020/2020 2022/2022
f 2703/2703 2018/2018 2020/2020
f 2704/2704 2018/2018 2703/2703
f 2705/2705 2018/2018 2704/2704
f 2705/2705 2016/2016 2018/2018
f 2706/2706 2016/2016 2705/2705
f 2706/2706 2014/2014 2016/2016
f 2707/2707 2014/2014 2706/2706
f 2707/2707 2012/2012 2014/2014
f 2708/2708 2012/2012 2707/2707
f 2708/2708 2010/2010 2012/2012
f 2709/2709 2010/2010 2708/2708
f 2709/2709 2008/2008 2010/2010
f 2709/2709 2006/2006 2008/2008
f 2710/2710 2006/2006 2709/2709
f 2711/2711 2006/2006 2710/2710
f 2711/2711 2005/2005 2006/2006
f 2712/2712 2005/2005 2711/2711
f 2712/2712 2003/2003 2005/2005
f 2712/2712 2007/2007 2003/2003
f 2713/2713 2007/2007 2712/2712
f 2714/2714 2007/2007 2713/2713
f 2714/2714 2009/2009 2007/2007
f 2714/2714 2011/2011 2009/2009
f 2715/2715 2011/2011 2714/2714
f 2715/2715 2013/2013 2011/2011
f 2716/2716 2013/2013 2715/2715
f 2717/2717 2013/2013 2716/2716
f 2717/2717 2015/2015 2013/2013
f 2718/2718 2015/2015 2717/2717
f 2718/2718 2017/2017 2015/2015
f 2718/2718 2019/2019 2017/2017
f 2719/2719 2019/2019 2718/2718
f 2719/2719 2021/2021 2019/2019
f 2720/2720 2021/2021 2719/2719
f 2721/2721 2021/2021 2720/2720
f 2721/2721 2023/2023 2021/2021
f 2721/2721 2025/2025 2023/2023
f 2722/2722 2025/2025 2721/2721
f 2723/2723 2027/2027 2025/2025
f 2723/2723 2029/2029 2027/2027
f 2723/2723 2025/2025 2722/2722
f 2724/2724 2029/2029 2723/2723
f 2725/2725 2040/2040 2029/2029
f 2725/2725 2029/2029 2724/2724
f 2726/2726 2040/2040 2725/2725
f 2726/2726 2041/2041 2040/2040
f 2726/2726 2042/2042 2041/2041
f 2727/2727 2042/2042 2726/2726
f 2728/2728 2042/2042 2727/2727
f 2728/2728 2043/2043 2042/2042
f 2728/2728 2044/2044 2043/2043
f 2729/2729 2044/2044 2728/2728
f 2729/2729 2045/2045 2044/2044
f 2730/2730 2045/2045 2729/2729
f 2731/2731 2045/2045 2730/2730
f 2731/2731 2046/2046 2045/2045
f 2732/2732 2046/2046 2731/2731
f 2732/2732 2047/2047 2046/2046
f 2732/2732 2048/2048 2047/2047
f 2733/2733 2048/2048 2732/2732
f 2734/2734 2048/2048 2733/2733
f 2734/2734 2049/2049 2048/2048
f 2735/2735 2049/2049 2734/2734
f 2735/2735 2050/2050 2049/2049
f 2735/2735 2051/2051 2050/2050
f 2736/2736 2051/2051 2735/2735
f 2736/2736 2052/2052 2051/2051
f 2737/2737 2052/2052 2736/2736
f 2738/2738 2053/2053 2052/2052
f 2738/2738 2052/2052 2737/2737
f 2739/2739 2054/2054 2053/2053
f 2739/2739 2053/2053 2738/2738
f 2740/2740 2055/2055 2054/2054
f 2740/2740 2054/2054 2739/2739
f 2741/2741 2056/2056 2055/2055
f 2741/2741 2055/2055 2740/2740
f 2742/2742 2057/2057 2056/2056
f 2742/2742 2056/2056 2741/2741
f 2743/2743 2058/2058 2057/2057
f 2743/2743 2057/2057 2742/2742
f 2744/2744 2059/2059 2058/2058
f 2744/2744 2058/2058 2743/2743
f 2745/2745 2060/2060 2059/2059
f 2745/2745 2061/2061 2060/2060
f 2745/2745 2059/2059 2744/2744
f 2746/2746 2061/2061 2745/2745
f 2747/2747 2062/2062 2061/2061
f 2747/2747 2061/2061 2746/2746
f 2748/2748 2063/2063 2062/2062
f 2748/2748 2062/2062 2747/2747
f 2749/2749 2064/2064 2063/2063
f 2749/2749 2063/2063 2748/2748
f 2750/2750 2065/2065 2064/2064
f 2750/2750 2064/2064 2749/2749
f 2751/2751 2066/2066 2065/2065
f 2751/2751 2067/2067 2066/2066
f 2751/2751 2065/2065 2750/2750
f 2752/2752 2067/2067 2751/2751
f 2753/2753 2067/2067 2752/2752
f 2753/2753 2129/2129 2067/2067
f 2754/2754 2129/2129 2753/2753
f 2754/2754 2130/2130 2129/2129
f 2755/2755 2130/2130 2754/2754
f 2755/2755 2131/2131 2130/2130
f 2756/2756 2132/2132 2131/2131
f 2756/2756 2131/2131 2755/2755
f 2757/2757 2133/2133 2132/2132
f 2757/2757 2123/2123 2133/2133
f 2757/2757 2132/2132 2756/2756
f 2758/2758 2123/2123 2757/2757
f 2759/2759 2124/2124 2123/2123
f 2759/2759 2123/2123 2758/2758
f 2760/2760 2125/2125 2124/2124
f 2760/2760 2124/2124 2759/2759
f 2761/2761 2126/2126 2125/2125
f 2761/2761 2125/2125 2760/2760
f 2762/2762 2127/2127 2126/2126
f 2762/2762 2126/2126 2761/2761
f 2763/2763 2128/2128 2127/2127
f 2763/2763 2127/2127 2762/2762
f 2764/2764 2096/2096 2128/2128
f 2764/2764 2128/2128 2763/2763
f 2765/2765 2097/2097 2096/2096
f 2765/2765 2096/2096 2764/2764
f 2766/2766 2098/2098 2097/2097
f 2766/2766 2097/2097 2765/2765
f 2767/2767 2099/2099 2098/2098
f 2767/2767 2098/2098 2766/2766
f 2768/2768 2100/2100 2099/2099
f 2768/2768 2099/2099 2767/2767
f 2769/2769 2101/2101 2100/2100
f 2769/2769 2100/2100 2768/2768
f 2770/2770 2102/2102 2101/2101
f 2770/2770 2103/2103 2102/2102
f 2770/2770 2101/2101 2769/2769
f 2771/2771 2103/2103 2770/2770
f 2772/2772 2104/2104 2103/2103
f 2772/2772 2103/2103 2771/2771
f 2773/2773 2105/2105 2104/2104
f 2773/2773 2104/2104 2772/2772
f 2774/2774 2106/2106 2105/2105
f 2774/2774 2105/2105 2773/2773
f 2775/2775 2107/2107 2106/2106
f 2775/2775 2106/2106 2774/2774
f 2776/2776 2107/2107 2775/2775
f 2776/2776 2108/2108 2107/2107
f 2777/2777 2108/2108 2776/2776
f 2777/2777 2109/2109 2108/2108
f 2777/2777 2110/2110 2109/2109
f 2778/2778 2110/2110 2777/2777
f 2778/2778 2111/2111 2110/2110
f 2779/2779 2111/2111 2778/2778
f 2780/2780 2111/2111 2779/2779
f 2780/2780 2112/2112 2111/2111
f 2780/2780 2113/2113 2112/2112
f 2781/2781 2113/2113 2780/2780
f 2782/2782 2113/2113 2781/2781
f 2782/2782 2114/2114 2113/2113
f 2783/2783 2114/2114 2782/2782
f 2783/2783 2115/2115 2114/2114
f 2784/2784 2115/2115 2783/2783
f 2784/2784 2116/2116 2115/2115
f 2785/2785 2116/2116 2784/2784
f 2785/2785 2117/2117 2116/2116
f 2786/2786 2117/2117 2785/2785
f 2786/2786 2118/2118 2117/2117
f 2787/2787 2118/2118 2786/2786
f 2787/2787 2119/2119 2118/2118
f 2787/2787 2121/2121 2119/2119
f 2788/2788 2121/2121 2787/2787
f 2789/2789 2094/2094 2121/2121
f 2789/2789 2121/2121 2788/2788
f 2665/2665 2094/2094 2789/2789
f 2665/2665 2068/2068 2094/2094
f 2790/2790 2774/2774 2773/2773
f 2791/2791 2775/2775 2774/2774
f 2791/2791 2774/2774 2790/2790
f 2792/2792 2773/2773 2772/2772
f 2792/2792 2790/2790 2773/2773
f 2793/2793 2776/2776 2775/2775
f 2793/2793 2775/2775 2791/2791
f 2794/2794 2772/2772 2771/2771
f 2794/2794 2792/2792 2772/2772
f 2795/2795 2777/2777 2776/2776
f 2795/2795 2776/2776 2793/2793
f 2796/2796 2794/2794 2771/2771
f 2796/2796 2771/2771 2770/2770
f 2797/2797 2778/2778 2777/2777
f 2797/2797 2777/2777 2795/2795
f 2798/2798 2770/2770 2769/2769
f 2798/2798 2796/2796 2770/2770
f 2799/2799 2779/2779 2778/2778
f 2799/2799 2778/2778 2797/2797
f 2800/2800 2769/2769 2768/2768
f 2800/2800 2798/2798 2769/2769
f 2801/2801 2780/2780 2779/2779
f 2801/2801 2779/2779 2799/2799
f 2802/2802 2768/2768 2767/2767
f 2802/2802 2800/2800 2768/2768
f 2803/2803 2781/2781 2780/2780
f 2803/2803 2780/2780 2801/2801
f 2804/2804 2767/2767 2766/2766
f 2804/2804 2802/2802 2767/2767
f 2805/2805 2782/2782 2781/2781
f 2805/2805 2781/2781 2803/2803
f 2806/2806 2766/2766 2765/2765
f 2806/2806 2804/2804 2766/2766
f 2807/2807 2782/2782 2805/2805
f 2807/2807 2783/2783 2782/2782
f 2808/2808 2765/2765 2764/2764
f 2808/2808 2806/2806 2765/2765
f 2809/2809 2784/2784 2783/2783
f 2809/2809 2783/2783 2807/2807
f 2810/2810 2808/2808 2764/2764
f 2810/2810 2764/2764 2763/2763
f 2811/2811 2785/2785 2784/2784
f 2811/2811 2784/2784 2809/2809
f 2812/2812 2810/2810 2763/2763
f 2812/2812 2763/2763 2762/2762
f 2813/2813 2786/2786 2785/2785
f 2813/2813 2785/2785 2811/2811
f 2814/2814 2812/2812 2762/2762
f 2814/2814 2762/2762 2761/2761
f 2815/2815 2787/2787 2786/2786
f 2815/2815 2786/2786 2813/2813
f 2816/2816 2814/2814 2761/2761
f 2816/2816 2761/2761 2760/2760
f 2817/2817 2788/2788 2787/2787
f 2817/2817 2787/2787 2815/2815
f 2818/2818 2816/2816 2760/2760
f 2818/2818 2760/2760 2759/2759
f 2819/2819 2789/2789 2788/2788
f 2819/2819 2788/2788 2817/2817
f 2820/2820 2818/2818 2759/2759
f 2820/2820 2759/2759 2758/2758
f 2821/2821 2665/2665 2789/2789
f 2821/2821 2789/2789 2819/2819
f 2822/2822 2820/2820 2758/2758
f 2822/2822 2758/2758 2757/2757
f 2823/2823 2664/2664 2665/2665
f 2823/2823 2665/2665 2821/2821
f 2824/2824 2822/2822 2757/2757
f 2824/2824 2757/2757 2756/2756
f 2825/2825 2666/2666 2664/2664
f 2825/2825 2664/2664 2823/2823
f 2826/2826 2824/2824 2756/2756
f 2826/2826 2756/2756 2755/2755
f 2827/2827 2667/2667 2666/2666
f 2827/2827 2666/2666 2825/2825
f 2828/2828 2826/2826 2755/2755
f 2828/2828 2755/2755 2754/2754
f 2829/2829 2668/2668 2667/2667
f 2829/2829 2667/2667 2827/2827
f 2830/2830 2828/2828 2754/2754
f 2830/2830 2754/2754 2753/2753
f 2831/2831 2669/2669 2668/2668
f 2831/2831 2668/2668 2829/2829
f 2832/2832 2830/2830 2753/2753
f 2832/2832 2753/2753 2752/2752
f 2833/2833 2670/2670 2669/2669
f 2833/2833 2669/2669 2831/2831
f 2834/2834 2832/2832 2752/2752
f 2834/2834 2752/2752 2751/2751
f 2835/2835 2671/2671 2670/2670
f 2835/2835 2670/2670 2833/2833
f 2836/2836 2834/2834 2751/2751
f 2836/2836 2751/2751 2750/2750
f 2837/2837 2672/2672 2671/2671
f 2837/2837 2671/2671 2835/2835
f 2838/2838 2836/2836 2750/2750
f 2838/2838 2750/2750 2749/2749
f 2839/2839 2673/2673 2672/2672
f 2839/2839 2672/2672 2837/2837
f 2840/2840 2838/2838 2749/2749
f 2840/2840 2749/2749 2748/2748
f 2841/2841 2674/2674 2673/2673
f 2841/2841 2673/2673 2839/2839
f 2842/2842 2840/2840 2748/2748
f 2843/2843 2675/2675 2674/2674
f 2843/2843 2674/2674 2841/2841
f 2844/2844 2842/2842 2748/2748
f 2844/2844 2748/2748 2747/2747
f 2845/2845 2676/2676 2675/2675
f 2845/2845 2675/2675 2843/2843
f 2846/2846 2844/2844 2747/2747
f 2846/2846 2746/2746 2745/2745
f 2846/2846 2747/2747 2746/2746
f 2847/2847 2677/2677 2676/2676
f 2847/2847 2676/2676 2845/2845
f 2848/2848 2846/2846 2745/2745
f 2849/2849 2678/2678 2677/2677
f 2849/2849 2677/2677 2847/2847
f 2850/2850 2848/2848 2745/2745
f 2850/2850 2745/2745 2744/2744
f 2851/2851 2679/2679 2678/2678
f 2851/2851 2678/2678 2849/2849
f 2743/2743 2850/2850 2744/2744
f 2852/2852 2850/2850 2743/2743
f 2853/2853 2679/2679 2851/2851
f 2680/2680 2679/2679 2853/2853
f 2742/2742 2854/2854 2852/2852
f 2742/2742 2852/2852 2743/2743
f 2681/2681 2680/2680 2853/2853
f 2681/2681 2855/2855 2856/2856
f 2681/2681 2853/2853 2855/2855
f 2741/2741 2854/2854 2742/2742
f 2741/2741 2857/2857 2854/2854
f 2682/2682 2681/2681 2856/2856
f 2740/2740 2857/2857 2741/2741
f 2740/2740 2858/2858 2857/2857
f 2683/2683 2682/2682 2856/2856
f 2683/2683 2859/2859 2860/2860
f 2683/2683 2856/2856 2859/2859
f 2739/2739 2858/2858 2740/2740
f 2739/2739 2861/2861 2858/2858
f 2684/2684 2683/2683 2860/2860
f 2684/2684 2860/2860 2862/2862
f 2738/2738 2861/2861 2739/2739
f 2738/2738 2863/2863 2861/2861
f 2685/2685 2684/2684 2862/2862
f 2737/2737 2864/2864 2863/2863
f 2737/2737 2863/2863 2738/2738
f 2686/2686 2685/2685 2862/2862
f 2686/2686 2865/2865 2866/2866
f 2686/2686 2862/2862 2865/2865
f 2736/2736 2867/2867 2864/2864
f 2736/2736 2864/2864 2737/2737
f 2687/2687 2686/2686 2866/2866
f 2735/2735 2868/2868 2867/2867
f 2735/2735 2867/2867 2736/2736
f 2688/2688 2866/2866 2869/2869
f 2688/2688 2687/2687 2866/2866
f 2734/2734 2870/2870 2868/2868
f 2734/2734 2868/2868 2735/2735
f 2689/2689 2688/2688 2869/2869
f 2689/2689 2869/2869 2871/2871
f 2733/2733 2872/2872 2870/2870
f 2733/2733 2870/2870 2734/2734
f 2690/2690 2689/2689 2871/2871
f 2690/2690 2871/2871 2873/2873
f 2732/2732 2872/2872 2733/2733
f 2732/2732 2874/2874 2872/2872
f 2691/2691 2690/2690 2873/2873
f 2691/2691 2873/2873 2875/2875
f 2731/2731 2874/2874 2732/2732
f 2731/2731 2876/2876 2874/2874
f 2692/2692 2877/2877 2878/2878
f 2692/2692 2875/2875 2877/2877
f 2692/2692 2691/2691 2875/2875
f 2730/2730 2879/2879 2876/2876
f 2730/2730 2876/2876 2731/2731
f 2693/2693 2878/2878 2880/2880
f 2693/2693 2692/2692 2878/2878
f 2729/2729 2881/2881 2879/2879
f 2729/2729 2879/2879 2730/2730
f 2694/2694 2880/2880 2882/2882
f 2694/2694 2693/2693 2880/2880
f 2728/2728 2883/2883 2881/2881
f 2728/2728 2881/2881 2729/2729
f 2695/2695 2694/2694 2882/2882
f 2695/2695 2882/2882 2884/2884
f 2727/2727 2885/2885 2883/2883
f 2727/2727 2883/2883 2728/2728
f 2696/2696 2884/2884 2886/2886
f 2696/2696 2695/2695 2884/2884
f 2726/2726 2887/2887 2885/2885
f 2726/2726 2885/2885 2727/2727
f 2697/2697 2696/2696 2886/2886
f 2725/2725 2887/2887 2726/2726
f 2725/2725 2888/2888 2887/2887
f 2698/2698 2889/2889 2890/2890
f 2698/2698 2886/2886 2889/2889
f 2698/2698 2697/2697 2886/2886
f 2724/2724 2891/2891 2888/2888
f 2724/2724 2888/2888 2725/2725
f 2699/2699 2890/2890 2892/2892
f 2699/2699 2698/2698 2890/2890
f 2723/2723 2893/2893 2891/2891
f 2723/2723 2894/2894 2893/2893
f 2723/2723 2891/2891 2724/2724
f 2700/2700 2699/2699 2892/2892
f 2700/2700 2892/2892 2895/2895
f 2722/2722 2894/2894 2723/2723
f 2701/2701 2700/2700 2895/2895
f 2701/2701 2895/2895 2896/2896
f 2721/2721 2897/2897 2894/2894
f 2721/2721 2894/2894 2722/2722
f 2702/2702 2701/2701 2896/2896
f 2702/2702 2896/2896 2898/2898
f 2720/2720 2897/2897 2721/2721
f 2720/2720 2899/2899 2897/2897
f 2703/2703 2702/2702 2898/2898
f 2719/2719 2900/2900 2899/2899
f 2719/2719 2899/2899 2720/2720
f 2704/2704 2898/2898 2901/2901
f 2704/2704 2703/2703 2898/2898
f 2718/2718 2900/2900 2719/2719
f 2718/2718 2902/2902 2900/2900
f 2705/2705 2704/2704 2901/2901
f 2705/2705 2901/2901 2903/2903
f 2717/2717 2902/2902 2718/2718
f 2717/2717 2904/2904 2902/2902
f 2706/2706 2705/2705 2903/2903
f 2706/2706 2905/2905 2906/2906
f 2706/2706 2903/2903 2905/2905
f 2716/2716 2904/2904 2717/2717
f 2716/2716 2907/2907 2904/2904
f 2707/2707 2706/2706 2906/2906
f 2715/2715 2907/2907 2716/2716
f 2715/2715 2908/2908 2907/2907
f 2708/2708 2707/2707 2906/2906
f 2708/2708 2909/2909 2910/2910
f 2708/2708 2906/2906 2909/2909
f 2714/2714 2908/2908 2715/2715
f 2714/2714 2911/2911 2908/2908
f 2709/2709 2708/2708 2910/2910
f 2713/2713 2911/2911 2714/2714
f 2713/2713 2912/2912 2911/2911
f 2710/2710 2709/2709 2910/2910
f 2710/2710 2913/2913 2914/2914
f 2710/2710 2910/2910 2913/2913
f 2712/2712 2915/2915 2912/2912
f 2712/2712 2912/2912 2713/2713
f 2711/2711 2710/2710 2914/2914
f 2711/2711 2914/2914 2915/2915
f 2711/2711 2915/2915 2712/2712
f 2916/2916 2235/2235 2917/2917
f 2916/2916 2206/2206 2235/2235
f 2918/2918 2205/2205 2206/2206
f 2918/2918 2206/2206 2916/2916
f 2919/2919 2204/2204 2205/2205
f 2919/2919 2202/2202 2204/2204
f 2919/2919 2205/2205 2918/2918
f 2920/2920 2177/2177 2202/2202
f 2920/2920 2202/2202 2919/2919
f 2921/2921 2177/2177 2920/2920
f 2922/2922 2178/2178 2177/2177
f 2922/2922 2179/2179 2178/2178
f 2922/2922 2177/2177 2921/2921
f 2923/2923 2179/2179 2922/2922
f 2924/2924 2180/2180 2179/2179
f 2924/2924 2181/2181 2180/2180
f 2924/2924 2179/2179 2923/2923
f 2925/2925 2181/2181 2924/2924
f 2926/2926 2182/2182 2181/2181
f 2926/2926 2183/2183 2182/2182
f 2926/2926 2181/2181 2925/2925
f 2927/2927 2183/2183 2926/2926
f 2928/2928 2183/2183 2927/2927
f 2928/2928 2184/2184 2183/2183
f 2928/2928 2185/2185 2184/2184
f 2929/2929 2185/2185 2928/2928
f 2930/2930 2185/2185 2929/2929
f 2930/2930 2186/2186 2185/2185
f 2930/2930 2187/2187 2186/2186
f 2931/2931 2187/2187 2930/2930
f 2932/2932 2187/2187 2931/2931
f 2932/2932 2188/2188 2187/2187
f 2933/2933 2188/2188 2932/2932
f 2933/2933 2189/2189 2188/2188
f 2933/2933 2190/2190 2189/2189
f 2934/2934 2190/2190 2933/2933
f 2935/2935 2190/2190 2934/2934
f 2935/2935 2191/2191 2190/2190
f 2936/2936 2191/2191 2935/2935
f 2936/2936 2192/2192 2191/2191
f 2937/2937 2192/2192 2936/2936
f 2937/2937 2193/2193 2192/2192
f 2938/2938 2193/2193 2937/2937
f 2938/2938 2194/2194 2193/2193
f 2939/2939 2195/2195 2194/2194
f 2939/2939 2194/2194 2938/2938
f 2940/2940 2196/2196 2195/2195
f 2940/2940 2195/2195 2939/2939
f 2941/2941 2197/2197 2196/2196
f 2941/2941 2198/2198 2197/2197
f 2941/2941 2196/2196 2940/2940
f 2942/2942 2198/2198 2941/2941
f 2943/2943 2199/2199 2198/2198
f 2943/2943 2200/2200 2199/2199
f 2943/2943 2198/2198 2942/2942
f 2944/2944 2200/2200 2943/2943
f 2945/2945 2245/2245 2200/2200
f 2945/2945 2200/2200 2944/2944
f 2946/2946 2244/2244 2245/2245
f 2946/2946 2245/2245 2945/2945
f 2947/2947 2243/2243 2244/2244
f 2947/2947 2244/2244 2946/2946
f 2948/2948 2246/2246 2243/2243
f 2948/2948 2243/2243 2947/2947
f 2949/2949 2247/2247 2246/2246
f 2949/2949 2246/2246 2948/2948
f 2950/2950 2248/2248 2247/2247
f 2950/2950 2249/2249 2248/2248
f 2950/2950 2247/2247 2949/2949
f 2951/2951 2249/2249 2950/2950
f 2952/2952 2249/2249 2951/2951
f 2952/2952 2250/2250 2249/2249
f 2953/2953 2250/2250 2952/2952
f 2953/2953 2251/2251 2250/2250
f 2954/2954 2251/2251 2953/2953
f 2954/2954 2252/2252 2251/2251
f 2955/2955 2252/2252 2954/2954
f 2955/2955 2253/2253 2252/2252
f 2955/2955 2254/2254 2253/2253
f 2956/2956 2254/2254 2955/2955
f 2957/2957 2254/2254 2956/2956
f 2957/2957 2255/2255 2254/2254
f 2958/2958 2255/2255 2957/2957
f 2958/2958 2256/2256 2255/2255
f 2959/2959 2256/2256 2958/2958
f 2959/2959 2257/2257 2256/2256
f 2960/2960 2257/2257 2959/2959
f 2960/2960 2258/2258 2257/2257
f 2961/2961 2258/2258 2960/2960
f 2961/2961 2259/2259 2258/2258
f 2961/2961 2260/2260 2259/2259
f 2962/2962 2260/2260 2961/2961
f 2963/2963 2260/2260 2962/2962
f 2963/2963 2261/2261 2260/2260
f 2964/2964 2261/2261 2963/2963
f 2964/2964 2136/2136 2261/2261
f 2964/2964 2135/2135 2136/2136
f 2965/2965 2135/2135 2964/2964
f 2966/2966 2135/2135 2965/2965
f 2966/2966 2137/2137 2135/2135
f 2966/2966 2138/2138 2137/2137
f 2967/2967 2138/2138 2966/2966
f 2967/2967 2139/2139 2138/2138
f 2968/2968 2139/2139 2967/2967
f 2969/2969 2139/2139 2968/2968
f 2969/2969 2140/2140 2139/2139
f 2970/2970 2140/2140 2969/2969
f 2970/2970 2141/2141 2140/2140
f 2970/2970 2142/2142 2141/2141
f 2971/2971 2142/2142 2970/2970
f 2971/2971 2143/2143 2142/2142
f 2972/2972 2143/2143 2971/2971
f 2973/2973 2143/2143 2972/2972
f 2973/2973 2144/2144 2143/2143
f 2973/2973 2145/2145 2144/2144
f 2974/2974 2145/2145 2973/2973
f 2975/2975 2146/2146 2145/2145
f 2975/2975 2147/2147 2146/2146
f 2975/2975 2145/2145 2974/2974
f 2976/2976 2147/2147 2975/2975
f 2977/2977 2148/2148 2147/2147
f 2977/2977 2147/2147 2976/2976
f 2978/2978 2148/2148 2977/2977
f 2978/2978 2149/2149 2148/2148
f 2978/2978 2150/2150 2149/2149
f 2979/2979 2150/2150 2978/2978
f 2980/2980 2150/2150 2979/2979
f 2980/2980 2151/2151 2150/2150
f 2980/2980 2152/2152 2151/2151
f 2981/2981 2152/2152 2980/2980
f 2981/2981 2153/2153 2152/2152
f 2982/2982 2153/2153 2981/2981
f 2983/2983 2153/2153 2982/2982
f 2983/2983 2154/2154 2153/2153
f 2984/2984 2154/2154 2983/2983
f 2984/2984 2155/2155 2154/2154
f 2984/2984 2156/2156 2155/2155
f 2985/2985 2156/2156 2984/2984
f 2986/2986 2156/2156 2985/2985
f 2986/2986 2157/2157 2156/2156
f 2987/2987 2157/2157 2986/2986
f 2987/2987 2158/2158 2157/2157
f 2987/2987 2159/2159 2158/2158
f 2988/2988 2159/2159 2987/2987
f 2988/2988 2160/2160 2159/2159
f 2989/2989 2160/2160 2988/2988
f 2990/2990 2161/2161 2160/2160
f 2990/2990 2160/2160 2989/2989
f 2991/2991 2162/2162 2161/2161
f 2991/2991 2161/2161 2990/2990
f 2992/2992 2163/2163 2162/2162
f 2992/2992 2162/2162 2991/2991
f 2993/2993 2164/2164 2163/2163
f 2993/2993 2163/2163 2992/2992
f 2994/2994 2165/2165 2164/2164
f 2994/2994 2164/2164 2993/2993
f 2995/2995 2166/2166 2165/2165
f 2995/2995 2165/2165 2994/2994
f 2996/2996 2167/2167 2166/2166
f 2996/2996 2166/2166 2995/2995
f 2997/2997 2168/2168 2167/2167
f 2997/2997 2169/2169 2168/2168
f 2997/2997 2167/2167 2996/2996
f 2998/2998 2169/2169 2997/2997
f 2999/2999 2170/2170 2169/2169
f 2999/2999 2169/2169 2998/2998
f 3000/3000 2171/2171 2170/2170
f 3000/3000 2170/2170 2999/2999
f 3001/3001 2172/2172 2171/2171
f 3001/3001 2171/2171 3000/3000
f 3002/3002 2173/2173 2172/2172
f 3002/3002 2172/2172 3001/3001
f 3003/3003 2174/2174 2173/2173
f 3003/3003 2175/2175 2174/2174
f 3003/3003 2173/2173 3002/3002
f 3004/3004 2175/2175 3003/3003
f 3005/3005 2175/2175 3004/3004
f 3005/3005 2176/2176 2175/2175
f 3006/3006 2176/2176 3005/3005
f 3006/3006 2201/2201 2176/2176
f 3007/3007 2201/2201 3006/3006
f 3007/3007 2203/2203 2201/2201
f 3008/3008 2241/2241 2203/2203
f 3008/3008 2203/2203 3007/3007
f 3009/3009 2240/2240 2241/2241
f 3009/3009 2239/2239 2240/2240
f 3009/3009 2241/2241 3008/3008
f 3010/3010 2239/2239 3009/3009
f 3011/3011 2242/2242 2239/2239
f 3011/3011 2239/2239 3010/3010
f 3012/3012 2207/2207 2242/2242
f 3012/3012 2242/2242 3011/3011
f 3013/3013 2208/2208 2207/2207
f 3013/3013 2207/2207 3012/3012
f 3014/3014 2209/2209 2208/2208
f 3014/3014 2208/2208 3013/3013
f 3015/3015 2210/2210 2209/2209
f 3015/3015 2209/2209 3014/3014
f 3016/3016 2211/2211 2210/2210
f 3016/3016 2210/2210 3015/3015
f 3017/3017 2212/2212 2211/2211
f 3017/3017 2211/2211 3016/3016
f 3018/3018 2213/2213 2212/2212
f 3018/3018 2212/2212 3017/3017
f 3019/3019 2214/2214 2213/2213
f 3019/3019 2213/2213 3018/3018
f 3020/3020 2215/2215 2214/2214
f 3020/3020 2214/2214 3019/3019
f 3021/3021 2216/2216 2215/2215
f 3021/3021 2215/2215 3020/3020
f 3022/3022 2217/2217 2216/2216
f 3022/3022 2218/2218 2217/2217
f 3022/3022 2216/2216 3021/3021
f 3023/3023 2218/2218 3022/3022
f 3024/3024 2219/2219 2218/2218
f 3024/3024 2218/2218 3023/3023
f 3025/3025 2220/2220 2219/2219
f 3025/3025 2219/2219 3024/3024
f 3026/3026 2221/2221 2220/2220
f 3026/3026 2220/2220 3025/3025
f 3027/3027 2222/2222 2221/2221
f 3027/3027 2221/2221 3026/3026
f 3028/3028 2222/2222 3027/3027
f 3028/3028 2223/2223 2222/2222
f 3029/3029 2223/2223 3028/3028
f 3029/3029 2224/2224 2223/2223
f 3029/3029 2225/2225 2224/2224
f 3030/3030 2225/2225 3029/3029
f 3030/3030 2226/2226 2225/2225
f 3031/3031 2226/2226 3030/3030
f 3032/3032 2226/2226 3031/3031
f 3032/3032 2227/2227 2226/2226
f 3032/3032 2228/2228 2227/2227
f 3033/3033 2228/2228 3032/3032
f 3034/3034 2228/2228 3033/3033
f 3034/3034 2229/2229 2228/2228
f 3035/3035 2229/2229 3034/3034
f 3035/3035 2230/2230 2229/2229
f 3036/3036 2230/2230 3035/3035
f 3036/3036 2231/2231 2230/2230
f 3037/3037 2231/2231 3036/3036
f 3037/3037 2232/2232 2231/2231
f 3038/3038 2232/2232 3037/3037
f 3038/3038 2233/2233 2232/2232
f 3039/3039 2233/2233 3038/3038
f 3039/3039 2236/2236 2233/2233
f 3039/3039 2237/2237 2236/2236
f 3040/3040 2237/2237 3039/3039
f 3041/3041 2238/2238 2237/2237
f 3041/3041 2237/2237 3040/3040
f 2917/2917 2238/2238 3041/3041
f 2917/2917 2235/2235 2238/2238
f 3042/3042 3026/3026 3025/3025
f 3043/3043 3026/3026 3042/3042
f 3043/3043 3027/3027 3026/3026
f 3044/3044 3025/3025 3024/3024
f 3044/3044 3042/3042 3025/3025
f 3045/3045 3028/3028 3027/3027
f 3045/3045 3027/3027 3043/3043
f 3046/3046 3024/3024 3023/3023
f 3046/3046 3044/3044 3024/3024
f 3047/3047 3029/3029 3028/3028
f 3047/3047 3028/3028 3045/3045
f 3048/3048 3023/3023 3022/3022
f 3048/3048 3046/3046 3023/3023
f 3049/3049 3030/3030 3029/3029
f 3049/3049 3029/3029 3047/3047
f 3050/3050 3022/3022 3021/3021
f 3050/3050 3048/3048 3022/3022
f 3051/3051 3031/3031 3030/3030
f 3051/3051 3030/3030 3049/3049
f 3052/3052 3021/3021 3020/3020
f 3052/3052 3050/3050 3021/3021
f 3053/3053 3032/3032 3031/3031
f 3053/3053 3031/3031 3051/3051
f 3054/3054 3020/3020 3019/3019
f 3054/3054 3052/3052 3020/3020
f 3055/3055 3033/3033 3032/3032
f 3055/3055 3032/3032 3053/3053
f 3056/3056 3019/3019 3018/3018
f 3056/3056 3054/3054 3019/3019
f 3057/3057 3034/3034 3033/3033
f 3057/3057 3033/3033 3055/3055
f 3058/3058 3018/3018 3017/3017
f 3058/3058 3056/3056 3018/3018
f 3059/3059 3035/3035 3034/3034
f 3059/3059 3034/3034 3057/3057
f 3060/3060 3017/3017 3016/3016
f 3060/3060 3058/3058 3017/3017
f 3061/3061 3036/3036 3035/3035
f 3061/3061 3035/3035 3059/3059
f 3062/3062 3060/3060 3016/3016
f 3062/3062 3016/3016 3015/3015
f 3063/3063 3037/3037 3036/3036
f 3063/3063 3036/3036 3061/3061
f 3064/3064 3062/3062 3015/3015
f 3064/3064 3015/3015 3014/3014
f 3065/3065 3038/3038 3037/3037
f 3065/3065 3037/3037 3063/3063
f 3066/3066 3064/3064 3014/3014
f 3066/3066 3014/3014 3013/3013
f 3067/3067 3039/3039 3038/3038
f 3067/3067 3038/3038 3065/3065
f 3068/3068 3066/3066 3013/3013
f 3069/3069 3040/3040 3039/3039
f 3069/3069 3039/3039 3067/3067
f 3070/3070 3068/3068 3013/3013
f 3070/3070 3012/3012 3011/3011
f 3070/3070 3013/3013 3012/3012
f 3071/3071 3041/3041 3040/3040
f 3071/3071 3040/3040 3069/3069
f 3072/3072 3070/3070 3011/3011
f 3072/3072 3011/3011 3010/3010
f 3073/3073 3041/3041 3071/3071
f 3073/3073 2917/2917 3041/3041
f 3074/3074 3072/3072 3010/3010
f 3074/3074 3010/3010 3009/3009
f 3075/3075 2916/2916 2917/2917
f 3075/3075 2917/2917 3073/3073
f 3076/3076 3074/3074 3009/3009
f 3076/3076 3009/3009 3008/3008
f 3077/3077 2916/2916 3075/3075
f 3077/3077 2918/2918 2916/2916
f 3078/3078 3076/3076 3008/3008
f 3078/3078 3008/3008 3007/3007
f 3079/3079 2919/2919 2918/2918
f 3079/3079 2918/2918 3077/3077
f 3080/3080 3078/3078 3007/3007
f 3080/3080 3007/3007 3006/3006
f 3081/3081 2920/2920 2919/2919
f 3081/3081 2919/2919 3079/3079
f 3082/3082 3080/3080 3006/3006
f 3082/3082 3006/3006 3005/3005
f 3083/3083 2921/2921 2920/2920
f 3083/3083 2920/2920 3081/3081
f 3084/3084 3082/3082 3005/3005
f 3084/3084 3005/3005 3004/3004
f 3085/3085 2922/2922 2921/2921
f 3085/3085 2921/2921 3083/3083
f 3086/3086 3084/3084 3004/3004
f 3087/3087 2923/2923 2922/2922
f 3087/3087 2922/2922 3085/3085
f 3088/3088 3086/3086 3004/3004
f 3088/3088 3003/3003 3002/3002
f 3088/3088 3004/3004 3003/3003
f 3089/3089 2924/2924 2923/2923
f 3089/3089 2923/2923 3087/3087
f 3090/3090 3088/3088 3002/3002
f 3090/3090 3002/3002 3001/3001
f 3091/3091 2925/2925 2924/2924
f 3091/3091 2924/2924 3089/3089
f 3092/3092 3090/3090 3001/3001
f 3092/3092 3001/3001 3000/3000
f 3093/3093 2926/2926 2925/2925
f 3093/3093 2925/2925 3091/3091
f 3094/3094 3092/3092 3000/3000
f 3095/3095 2927/2927 2926/2926
f 3095/3095 2926/2926 3093/3093
f 3096/3096 3094/3094 3000/3000
f 3096/3096 2999/2999 2998/2998
f 3096/3096 3000/3000 2999/2999
f 3097/3097 2928/2928 2927/2927
f 3097/3097 2927/2927 3095/3095
f 3098/3098 3096/3096 2998/2998
f 3098/3098 2998/2998 2997/2997
f 3099/3099 2929/2929 2928/2928
f 3099/3099 2928/2928 3097/3097
f 3100/3100 3098/3098 2997/2997
f 3101/3101 2930/2930 2929/2929
f 3101/3101 2929/2929 3099/3099
f 3102/3102 2997/2997 2996/2996
f 3102/3102 3100/3100 2997/2997
f 3103/3103 2931/2931 2930/2930
f 3103/3103 2930/2930 3101/3101
f 2995/2995 3102/3102 2996/2996
f 3104/3104 3102/3102 2995/2995
f 2932/2932 3103/3103 3105/3105
f 2932/2932 2931/2931 3103/3103
f 3106/3106 2932/2932 3105/3105
f 2994/2994 3107/3107 3104/3104
f 2994/2994 3104/3104 2995/2995
f 2933/2933 2932/2932 3106/3106
f 2933/2933 3106/3106 3108/3108
f 2993/2993 3109/3109 3107/3107
f 2993/2993 3107/3107 2994/2994
f 2934/2934 2933/2933 3108/3108
f 2934/2934 3108/3108 3110/3110
f 2992/2992 3109/3109 2993/2993
f 2992/2992 3111/3111 3109/3109
f 2935/2935 2934/2934 3110/3110
f 2935/2935 3110/3110 3112/3112
f 2991/2991 3111/3111 2992/2992
f 2991/2991 3113/3113 3111/3111
f 2936/2936 2935/2935 3112/3112
f 2990/2990 3113/3113 2991/2991
f 2990/2990 3114/3114 3113/3113
f 2937/2937 2936/2936 3112/3112
f 2937/2937 3115/3115 3116/3116
f 2937/2937 3112/3112 3115/3115
f 2989/2989 3114/3114 2990/2990
f 2989/2989 3117/3117 3114/3114
f 2938/2938 3116/3116 3118/3118
f 2938/2938 2937/2937 3116/3116
f 2988/2988 3119/3119 3117/3117
f 2988/2988 3117/3117 2989/2989
f 2939/2939 2938/2938 3118/3118
f 2987/2987 3120/3120 3119/3119
f 2987/2987 3119/3119 2988/2988
f 2940/2940 3121/3121 3122/3122
f 2940/2940 3118/3118 3121/3121
f 2940/2940 2939/2939 3118/3118
f 2986/2986 3123/3123 3120/3120
f 2986/2986 3120/3120 2987/2987
f 2941/2941 2940/2940 3122/3122
f 2941/2941 3122/3122 3124/3124
f 2985/2985 3125/3125 3123/3123
f 2985/2985 3123/3123 2986/2986
f 2942/2942 2941/2941 3124/3124
f 2942/2942 3124/3124 3126/3126
f 2984/2984 3125/3125 2985/2985
f 2984/2984 3127/3127 3125/3125
f 2943/2943 2942/2942 3126/3126
f 2943/2943 3126/3126 3128/3128
f 2983/2983 3129/3129 3127/3127
f 2983/2983 3127/3127 2984/2984
f 2944/2944 3128/3128 3130/3130
f 2944/2944 2943/2943 3128/3128
f 2982/2982 3131/3131 3129/3129
f 2982/2982 3129/3129 2983/2983
f 2945/2945 2944/2944 3130/3130
f 2981/2981 3132/3132 3131/3131
f 2981/2981 3131/3131 2982/2982
f 2946/2946 3133/3133 3134/3134
f 2946/2946 3130/3130 3133/3133
f 2946/2946 2945/2945 3130/3130
f 2980/2980 3135/3135 3132/3132
f 2980/2980 3132/3132 2981/2981
f 2947/2947 3134/3134 3136/3136
f 2947/2947 2946/2946 3134/3134
f 2979/2979 3135/3135 2980/2980
f 2979/2979 3137/3137 3135/3135
f 2948/2948 2947/2947 3136/3136
f 2978/2978 3138/3138 3137/3137
f 2978/2978 3137/3137 2979/2979
f 2949/2949 2948/2948 3136/3136
f 2949/2949 3139/3139 3140/3140
f 2949/2949 3136/3136 3139/3139
f 2977/2977 3141/3141 3138/3138
f 2977/2977 3138/3138 2978/2978
f 2950/2950 3140/3140 3142/3142
f 2950/2950 2949/2949 3140/3140
f 2976/2976 3143/3143 3141/3141
f 2976/2976 3141/3141 2977/2977
f 2951/2951 2950/2950 3142/3142
f 2975/2975 3144/3144 3143/3143
f 2975/2975 3143/3143 2976/2976
f 2952/2952 2951/2951 3142/3142
f 2952/2952 3142/3142 3145/3145
f 2974/2974 3144/3144 2975/2975
f 2974/2974 3146/3146 3144/3144
f 2953/2953 2952/2952 3145/3145
f 2953/2953 3145/3145 3147/3147
f 2973/2973 3148/3148 3146/3146
f 2973/2973 3146/3146 2974/2974
f 2954/2954 2953/2953 3147/3147
f 2954/2954 3147/3147 3149/3149
f 2972/2972 3148/3148 2973/2973
f 2972/2972 3150/3150 3148/3148
f 2955/2955 2954/2954 3149/3149
f 2955/2955 3149/3149 3151/3151
f 2971/2971 3150/3150 2972/2972
f 2971/2971 3152/3152 3150/3150
f 2956/2956 2955/2955 3151/3151
f 2956/2956 3153/3153 3154/3154
f 2956/2956 3151/3151 3153/3153
f 2970/2970 3155/3155 3152/3152
f 2970/2970 3152/3152 2971/2971
f 2957/2957 2956/2956 3154/3154
f 2969/2969 3155/3155 2970/2970
f 2969/2969 3156/3156 3155/3155
f 2958/2958 3157/3157 3158/3158
f 2958/2958 3154/3154 3157/3157
f 2958/2958 2957/2957 3154/3154
f 2968/2968 3156/3156 2969/2969
f 2968/2968 3159/3159 3156/3156
f 2968/2968 3160/3160 3159/3159
f 2959/2959 2958/2958 3158/3158
f 2959/2959 3158/3158 3161/3161
f 2967/2967 3160/3160 2968/2968
f 2960/2960 2959/2959 3161/3161
f 2960/2960 3161/3161 3162/3162
f 2966/2966 3163/3163 3160/3160
f 2966/2966 3160/3160 2967/2967
f 2961/2961 2960/2960 3162/3162
f 2965/2965 3163/3163 2966/2966
f 2965/2965 3164/3164 3163/3163
f 2962/2962 2961/2961 3162/3162
f 2962/2962 3165/3165 3166/3166
f 2962/2962 3162/3162 3165/3165
f 2964/2964 3167/3167 3164/3164
f 2964/2964 3164/3164 2965/2965
f 2963/2963 3166/3166 3167/3167
f 2963/2963 2962/2962 3166/3166
f 2963/2963 3167/3167 2964/2964
f 3168/3168 1843/1843 3169/3169
f 3168/3168 1844/1844 1843/1843
f 3170/3170 1847/1847 1844/1844
f 3170/3170 1844/1844 3168/3168
f 3171/3171 1842/1842 1847/1847
f 3171/3171 1847/1847 3170/3170
f 3172/3172 1841/1841 1842/1842
f 3172/3172 1842/1842 3171/3171
f 3173/3173 1840/1840 1841/1841
f 3173/3173 1841/1841 3172/3172
f 3174/3174 1839/1839 1840/1840
f 3174/3174 1840/1840 3173/3173
f 3175/3175 1838/1838 1839/1839
f 3175/3175 1839/1839 3174/3174
f 3176/3176 1837/1837 1838/1838
f 3176/3176 1836/1836 1837/1837
f 3176/3176 1838/1838 3175/3175
f 3177/3177 1836/1836 3176/3176
f 3178/3178 1835/1835 1836/1836
f 3178/3178 1836/1836 3177/3177
f 3179/3179 1835/1835 3178/3178
f 3179/3179 1834/1834 1835/1835
f 3180/3180 1834/1834 3179/3179
f 3180/3180 1833/1833 1834/1834
f 3181/3181 1833/1833 3180/3180
f 3181/3181 1832/1832 1833/1833
f 3181/3181 1831/1831 1832/1832
f 3182/3182 1831/1831 3181/3181
f 3183/3183 1831/1831 3182/3182
f 3183/3183 1830/1830 1831/1831
f 3184/3184 1830/1830 3183/3183
f 3184/3184 1828/1828 1830/1830
f 3185/3185 1828/1828 3184/3184
f 3185/3185 1826/1826 1828/1828
f 3185/3185 1823/1823 1826/1826
f 3186/3186 1823/1823 3185/3185
f 3187/3187 1823/1823 3186/3186
f 3187/3187 1821/1821 1823/1823
f 3187/3187 1819/1819 1821/1821
f 3188/3188 1819/1819 3187/3187
f 3189/3189 1819/1819 3188/3188
f 3189/3189 1817/1817 1819/1819
f 3190/3190 1817/1817 3189/3189
f 3190/3190 1814/1814 1817/1817
f 3190/3190 1811/1811 1814/1814
f 3191/3191 1811/1811 3190/3190
f 3192/3192 1798/1798 1811/1811
f 3192/3192 1811/1811 3191/3191
f 3193/3193 1799/1799 1798/1798
f 3193/3193 1798/1798 3192/3192
f 3194/3194 1800/1800 1799/1799
f 3194/3194 1799/1799 3193/3193
f 3195/3195 1801/1801 1800/1800
f 3195/3195 1800/1800 3194/3194
f 3196/3196 1802/1802 1801/1801
f 3196/3196 1801/1801 3195/3195
f 3197/3197 1803/1803 1802/1802
f 3197/3197 1802/1802 3196/3196
f 3198/3198 1804/1804 1803/1803
f 3198/3198 1803/1803 3197/3197
f 3199/3199 1805/1805 1804/1804
f 3199/3199 1804/1804 3198/3198
f 3200/3200 1806/1806 1805/1805
f 3200/3200 1807/1807 1806/1806
f 3200/3200 1805/1805 3199/3199
f 3201/3201 1807/1807 3200/3200
f 3202/3202 1808/1808 1807/1807
f 3202/3202 1807/1807 3201/3201
f 3203/3203 1809/1809 1808/1808
f 3203/3203 1810/1810 1809/1809
f 3203/3203 1808/1808 3202/3202
f 3204/3204 1810/1810 3203/3203
f 3205/3205 1810/1810 3204/3204
f 3205/3205 1771/1771 1810/1810
f 3206/3206 1771/1771 3205/3205
f 3206/3206 1769/1769 1771/1771
f 3207/3207 1769/1769 3206/3206
f 3207/3207 1766/1766 1769/1769
f 3208/3208 1766/1766 3207/3207
f 3208/3208 1764/1764 1766/1766
f 3209/3209 1764/1764 3208/3208
f 3209/3209 1762/1762 1764/1764
f 3210/3210 1762/1762 3209/3209
f 3210/3210 1759/1759 1762/1762
f 3211/3211 1759/1759 3210/3210
f 3211/3211 1757/1757 1759/1759
f 3212/3212 1757/1757 3211/3211
f 3212/3212 1755/1755 1757/1757
f 3212/3212 1753/1753 1755/1755
f 3213/3213 1753/1753 3212/3212
f 3214/3214 1753/1753 3213/3213
f 3214/3214 1751/1751 1753/1753
f 3215/3215 1751/1751 3214/3214
f 3215/3215 1750/1750 1751/1751
f 3216/3216 1750/1750 3215/3215
f 3216/3216 1748/1748 1750/1750
f 3217/3217 1748/1748 3216/3216
f 3217/3217 1752/1752 1748/1748
f 3217/3217 1754/1754 1752/1752
f 3218/3218 1754/1754 3217/3217
f 3218/3218 1756/1756 1754/1754
f 3219/3219 1756/1756 3218/3218
f 3220/3220 1756/1756 3219/3219
f 3220/3220 1758/1758 1756/1756
f 3221/3221 1758/1758 3220/3220
f 3221/3221 1761/1761 1758/1758
f 3222/3222 1761/1761 3221/3221
f 3222/3222 1763/1763 1761/1761
f 3223/3223 1763/1763 3222/3222
f 3223/3223 1765/1765 1763/1763
f 3224/3224 1765/1765 3223/3223
f 3224/3224 1768/1768 1765/1765
f 3225/3225 1768/1768 3224/3224
f 3225/3225 1770/1770 1768/1768
f 3226/3226 1773/1773 1770/1770
f 3226/3226 1770/1770 3225/3225
f 3226/3226 1774/1774 1773/1773
f 3227/3227 1774/1774 3226/3226
f 3228/3228 1776/1776 1774/1774
f 3228/3228 1774/1774 3227/3227
f 3229/3229 1777/1777 1776/1776
f 3229/3229 1779/1779 1777/1777
f 3229/3229 1776/1776 3228/3228
f 3230/3230 1779/1779 3229/3229
f 3231/3231 1779/1779 3230/3230
f 3231/3231 1781/1781 1779/1779
f 3231/3231 1782/1782 1781/1781
f 3232/3232 1782/1782 3231/3231
f 3233/3233 1782/1782 3232/3232
f 3233/3233 1784/1784 1782/1782
f 3234/3234 1784/1784 3233/3233
f 3234/3234 1786/1786 1784/1784
f 3234/3234 1788/1788 1786/1786
f 3235/3235 1788/1788 3234/3234
f 3236/3236 1788/1788 3235/3235
f 3236/3236 1790/1790 1788/1788
f 3237/3237 1790/1790 3236/3236
f 3237/3237 1792/1792 1790/1790
f 3238/3238 1792/1792 3237/3237
f 3238/3238 1793/1793 1792/1792
f 3239/3239 1793/1793 3238/3238
f 3239/3239 1795/1795 1793/1793
f 3240/3240 1795/1795 3239/3239
f 3240/3240 1812/1812 1795/1795
f 3241/3241 1872/1872 1815/1815
f 3241/3241 1812/1812 3240/3240
f 3241/3241 1815/1815 1812/1812
f 3242/3242 1873/1873 1872/1872
f 3242/3242 1872/1872 3241/3241
f 3243/3243 1873/1873 3242/3242
f 3244/3244 1874/1874 1873/1873
f 3244/3244 1873/1873 3243/3243
f 3245/3245 1875/1875 1874/1874
f 3245/3245 1876/1876 1875/1875
f 3245/3245 1874/1874 3244/3244
f 3246/3246 1876/1876 3245/3245
f 3247/3247 1877/1877 1876/1876
f 3247/3247 1876/1876 3246/3246
f 3248/3248 1878/1878 1877/1877
f 3248/3248 1879/1879 1878/1878
f 3248/3248 1877/1877 3247/3247
f 3249/3249 1879/1879 3248/3248
f 3250/3250 1882/1882 1879/1879
f 3250/3250 1879/1879 3249/3249
f 3251/3251 1884/1884 1882/1882
f 3251/3251 1886/1886 1884/1884
f 3251/3251 1882/1882 3250/3250
f 3252/3252 1886/1886 3251/3251
f 3253/3253 1889/1889 1886/1886
f 3253/3253 1886/1886 3252/3252
f 3254/3254 1891/1891 1889/1889
f 3254/3254 1889/1889 3253/3253
f 3255/3255 1893/1893 1891/1891
f 3255/3255 1895/1895 1893/1893
f 3255/3255 1891/1891 3254/3254
f 3256/3256 1895/1895 3255/3255
f 3257/3257 1895/1895 3256/3256
f 3257/3257 1897/1897 1895/1895
f 3258/3258 1897/1897 3257/3257
f 3258/3258 1899/1899 1897/1897
f 3259/3259 1899/1899 3258/3258
f 3259/3259 1901/1901 1899/1899
f 3260/3260 1903/1903 1901/1901
f 3260/3260 1901/1901 3259/3259
f 3261/3261 1905/1905 1903/1903
f 3261/3261 1903/1903 3260/3260
f 3262/3262 1907/1907 1905/1905
f 3262/3262 1905/1905 3261/3261
f 3263/3263 1909/1909 1907/1907
f 3263/3263 1907/1907 3262/3262
f 3264/3264 1911/1911 1909/1909
f 3264/3264 1909/1909 3263/3263
f 3265/3265 1913/1913 1911/1911
f 3265/3265 1911/1911 3264/3264
f 3266/3266 1915/1915 1913/1913
f 3266/3266 1913/1913 3265/3265
f 3267/3267 1916/1916 1915/1915
f 3267/3267 1915/1915 3266/3266
f 3268/3268 1917/1917 1916/1916
f 3268/3268 1845/1845 1917/1917
f 3268/3268 1916/1916 3267/3267
f 3269/3269 1845/1845 3268/3268
f 3270/3270 1846/1846 1845/1845
f 3270/3270 1845/1845 3269/3269
f 3271/3271 1848/1848 1846/1846
f 3271/3271 1846/1846 3270/3270
f 3272/3272 1849/1849 1848/1848
f 3272/3272 1850/1850 1849/1849
f 3272/3272 1848/1848 3271/3271
f 3273/3273 1850/1850 3272/3272
f 3274/3274 1851/1851 1850/1850
f 3274/3274 1850/1850 3273/3273
f 3275/3275 1852/1852 1851/1851
f 3275/3275 1851/1851 3274/3274
f 3276/3276 1853/1853 1852/1852
f 3276/3276 1852/1852 3275/3275
f 3277/3277 1854/1854 1853/1853
f 3277/3277 1853/1853 3276/3276
f 3278/3278 1855/1855 1854/1854
f 3278/3278 1854/1854 3277/3277
f 3279/3279 1856/1856 1855/1855
f 3279/3279 1855/1855 3278/3278
f 3280/3280 1856/1856 3279/3279
f 3280/3280 1857/1857 1856/1856
f 3281/3281 1857/1857 3280/3280
f 3281/3281 1858/1858 1857/1857
f 3282/3282 1858/1858 3281/3281
f 3282/3282 1859/1859 1858/1858
f 3283/3283 1859/1859 3282/3282
f 3283/3283 1860/1860 1859/1859
f 3284/3284 1860/1860 3283/3283
f 3284/3284 1861/1861 1860/1860
f 3285/3285 1861/1861 3284/3284
f 3285/3285 1862/1862 1861/1861
f 3286/3286 1862/1862 3285/3285
f 3286/3286 1863/1863 1862/1862
f 3287/3287 1863/1863 3286/3286
f 3287/3287 1864/1864 1863/1863
f 3288/3288 1864/1864 3287/3287
f 3288/3288 1865/1865 1864/1864
f 3289/3289 1865/1865 3288/3288
f 3289/3289 1866/1866 1865/1865
f 3290/3290 1866/1866 3289/3289
f 3290/3290 1867/1867 1866/1866
f 3291/3291 1867/1867 3290/3290
f 3291/3291 1868/1868 1867/1867
f 3292/3292 1869/1869 1868/1868
f 3292/3292 1868/1868 3291/3291
f 3293/3293 1870/1870 1869/1869
f 3293/3293 1843/1843 1870/1870
f 3293/3293 1869/1869 3292/3292
f 3169/3169 1843/1843 3293/3293
f 3294/3294 3278/3278 3277/3277
f 3295/3295 3279/3279 3278/3278
f 3295/3295 3278/3278 3294/3294
f 3296/3296 3277/3277 3276/3276
f 3296/3296 3294/3294 3277/3277
f 3297/3297 3280/3280 3279/3279
f 3297/3297 3279/3279 3295/3295
f 3298/3298 3276/3276 3275/3275
f 3298/3298 3296/3296 3276/3276
f 3299/3299 3281/3281 3280/3280
f 3299/3299 3280/3280 3297/3297
f 3300/3300 3275/3275 3274/3274
f 3300/3300 3298/3298 3275/3275
f 3301/3301 3281/3281 3299/3299
f 3301/3301 3282/3282 3281/3281
f 3302/3302 3274/3274 3273/3273
f 3302/3302 3300/3300 3274/3274
f 3303/3303 3283/3283 3282/3282
f 3303/3303 3282/3282 3301/3301
f 3304/3304 3273/3273 3272/3272
f 3304/3304 3302/3302 3273/3273
f 3305/3305 3284/3284 3283/3283
f 3305/3305 3283/3283 3303/3303
f 3306/3306 3272/3272 3271/3271
f 3306/3306 3304/3304 3272/3272
f 3307/3307 3285/3285 3284/3284
f 3307/3307 3284/3284 3305/3305
f 3308/3308 3271/3271 3270/3270
f 3308/3308 3306/3306 3271/3271
f 3309/3309 3286/3286 3285/3285
f 3309/3309 3285/3285 3307/3307
f 3310/3310 3270/3270 3269/3269
f 3310/3310 3308/3308 3270/3270
f 3311/3311 3287/3287 3286/3286
f 3311/3311 3286/3286 3309/3309
f 3312/3312 3269/3269 3268/3268
f 3312/3312 3310/3310 3269/3269
f 3313/3313 3288/3288 3287/3287
f 3313/3313 3287/3287 3311/3311
f 3314/3314 3312/3312 3268/3268
f 3314/3314 3268/3268 3267/3267
f 3315/3315 3289/3289 3288/3288
f 3315/3315 3288/3288 3313/3313
f 3316/3316 3314/3314 3267/3267
f 3316/3316 3267/3267 3266/3266
f 3317/3317 3290/3290 3289/3289
f 3317/3317 3289/3289 3315/3315
f 3318/3318 3316/3316 3266/3266
f 3318/3318 3266/3266 3265/3265
f 3319/3319 3291/3291 3290/3290
f 3319/3319 3290/3290 3317/3317
f 3320/3320 3318/3318 3265/3265
f 3320/3320 3265/3265 3264/3264
f 3321/3321 3292/3292 3291/3291
f 3321/3321 3291/3291 3319/3319
f 3322/3322 3320/3320 3264/3264
f 3322/3322 3264/3264 3263/3263
f 3323/3323 3292/3292 3321/3321
f 3323/3323 3293/3293 3292/3292
f 3324/3324 3322/3322 3263/3263
f 3324/3324 3263/3263 3262/3262
f 3325/3325 3169/3169 3293/3293
f 3325/3325 3293/3293 3323/3323
f 3326/3326 3324/3324 3262/3262
f 3326/3326 3262/3262 3261/3261
f 3327/3327 3168/3168 3169/3169
f 3327/3327 3169/3169 3325/3325
f 3328/3328 3326/3326 3261/3261
f 3328/3328 3261/3261 3260/3260
f 3329/3329 3170/3170 3168/3168
f 3329/3329 3168/3168 3327/3327
f 3330/3330 3328/3328 3260/3260
f 3330/3330 3260/3260 3259/3259
f 3331/3331 3171/3171 3170/3170
f 3331/3331 3170/3170 3329/3329
f 3332/3332 3330/3330 3259/3259
f 3332/3332 3259/3259 3258/3258
f 3333/3333 3172/3172 3171/3171
f 3333/3333 3171/3171 3331/3331
f 3334/3334 3332/3332 3258/3258
f 3334/3334 3258/3258 3257/3257
f 3335/3335 3173/3173 3172/3172
f 3335/3335 3172/3172 3333/3333
f 3336/3336 3334/3334 3257/3257
f 3336/3336 3257/3257 3256/3256
f 3337/3337 3174/3174 3173/3173
f 3337/3337 3173/3173 3335/3335
f 3338/3338 3336/3336 3256/3256
f 3338/3338 3256/3256 3255/3255
f 3339/3339 3175/3175 3174/3174
f 3339/3339 3174/3174 3337/3337
f 3340/3340 3338/3338 3255/3255
f 3341/3341 3176/3176 3175/3175
f 3341/3341 3175/3175 3339/3339
f 3342/3342 3340/3340 3255/3255
f 3342/3342 3254/3254 3253/3253
f 3342/3342 3255/3255 3254/3254
f 3343/3343 3177/3177 3176/3176
f 3343/3343 3176/3176 3341/3341
f 3344/3344 3342/3342 3253/3253
f 3345/3345 3177/3177 3343/3343
f 3345/3345 3178/3178 3177/3177
f 3346/3346 3344/3344 3253/3253
f 3346/3346 3253/3253 3252/3252
f 3347/3347 3179/3179 3178/3178
f 3347/3347 3178/3178 3345/3345
f 3348/3348 3346/3346 3252/3252
f 3348/3348 3251/3251 3250/3250
f 3348/3348 3252/3252 3251/3251
f 3349/3349 3180/3180 3179/3179
f 3349/3349 3179/3179 3347/3347
f 3350/3350 3348/3348 3250/3250
f 3350/3350 3250/3250 3249/3249
f 3351/3351 3181/3181 3180/3180
f 3351/3351 3180/3180 3349/3349
f 3352/3352 3249/3249 3248/3248
f 3352/3352 3350/3350 3249/3249
f 3353/3353 3182/3182 3181/3181
f 3353/3353 3181/3181 3351/3351
f 3354/3354 3352/3352 3248/3248
f 3355/3355 3183/3183 3182/3182
f 3355/3355 3182/3182 3353/3353
f 3247/3247 3354/3354 3248/3248
f 3356/3356 3354/3354 3247/3247
f 3357/3357 3183/3183 3355/3355
f 3184/3184 3183/3183 3357/3357
f 3358/3358 3184/3184 3357/3357
f 3246/3246 3359/3359 3356/3356
f 3246/3246 3356/3356 3247/3247
f 3185/3185 3184/3184 3358/3358
f 3245/3245 3359/3359 3246/3246
f 3245/3245 3360/3360 3359/3359
f 3186/3186 3185/3185 3358/3358
f 3186/3186 3361/3361 3362/3362
f 3186/3186 3358/3358 3361/3361
f 3244/3244 3360/3360 3245/3245
f 3244/3244 3363/3363 3360/3360
f 3187/3187 3362/3362 3364/3364
f 3187/3187 3186/3186 3362/3362
f 3243/3243 3363/3363 3244/3244
f 3243/3243 3365/3365 3363/3363
f 3188/3188 3364/3364 3366/3366
f 3188/3188 3187/3187 3364/3364
f 3242/3242 3365/3365 3243/3243
f 3242/3242 3367/3367 3365/3365
f 3189/3189 3188/3188 3366/3366
f 3241/3241 3367/3367 3242/3242
f 3241/3241 3368/3368 3367/3367
f 3190/3190 3369/3369 3370/3370
f 3190/3190 3366/3366 3369/3369
f 3190/3190 3189/3189 3366/3366
f 3240/3240 3368/3368 3241/3241
f 3240/3240 3371/3371 3368/3368
f 3191/3191 3190/3190 3370/3370
f 3191/3191 3370/3370 3372/3372
f 3239/3239 3371/3371 3240/3240
f 3239/3239 3373/3373 3371/3371
f 3192/3192 3372/3372 3374/3374
f 3192/3192 3191/3191 3372/3372
f 3238/3238 3375/3375 3373/3373
f 3238/3238 3373/3373 3239/3239
f 3193/3193 3192/3192 3374/3374
f 3237/3237 3376/3376 3375/3375
f 3237/3237 3375/3375 3238/3238
f 3194/3194 3193/3193 3374/3374
f 3194/3194 3377/3377 3378/3378
f 3194/3194 3374/3374 3377/3377
f 3236/3236 3376/3376 3237/3237
f 3236/3236 3379/3379 3376/3376
f 3195/3195 3378/3378 3380/3380
f 3195/3195 3194/3194 3378/3378
f 3235/3235 3379/3379 3236/3236
f 3235/3235 3381/3381 3379/3379
f 3196/3196 3380/3380 3382/3382
f 3196/3196 3195/3195 3380/3380
f 3234/3234 3381/3381 3235/3235
f 3234/3234 3383/3383 3381/3381
f 3197/3197 3196/3196 3382/3382
f 3233/3233 3383/3383 3234/3234
f 3233/3233 3384/3384 3383/3383
f 3198/3198 3382/3382 3385/3385
f 3198/3198 3197/3197 3382/3382
f 3232/3232 3384/3384 3233/3233
f 3232/3232 3386/3386 3384/3384
f 3199/3199 3385/3385 3387/3387
f 3199/3199 3198/3198 3385/3385
f 3231/3231 3386/3386 3232/3232
f 3231/3231 3388/3388 3386/3386
f 3200/3200 3387/3387 3389/3389
f 3200/3200 3199/3199 3387/3387
f 3230/3230 3388/3388 3231/3231
f 3230/3230 3390/3390 3388/3388
f 3201/3201 3389/3389 3391/3391
f 3201/3201 3200/3200 3389/3389
f 3229/3229 3392/3392 3390/3390
f 3229/3229 3390/3390 3230/3230
f 3202/3202 3391/3391 3393/3393
f 3202/3202 3201/3201 3391/3391
f 3228/3228 3394/3394 3392/3392
f 3228/3228 3392/3392 3229/3229
f 3203/3203 3393/3393 3395/3395
f 3203/3203 3202/3202 3393/3393
f 3227/3227 3396/3396 3394/3394
f 3227/3227 3394/3394 3228/3228
f 3204/3204 3203/3203 3395/3395
f 3204/3204 3397/3397 3398/3398
f 3204/3204 3395/3395 3397/3397
f 3226/3226 3396/3396 3227/3227
f 3226/3226 3399/3399 3396/3396
f 3226/3226 3400/3400 3399/3399
f 3205/3205 3204/3204 3398/3398
f 3225/3225 3400/3400 3226/3226
f 3206/3206 3398/3398 3401/3401
f 3206/3206 3205/3205 3398/3398
f 3224/3224 3400/3400 3225/3225
f 3224/3224 3402/3402 3400/3400
f 3207/3207 3401/3401 3403/3403
f 3207/3207 3206/3206 3401/3401
f 3223/3223 3402/3402 3224/3224
f 3223/3223 3404/3404 3402/3402
f 3208/3208 3405/3405 3406/3406
f 3208/3208 3403/3403 3405/3405
f 3208/3208 3207/3207 3403/3403
f 3222/3222 3404/3404 3223/3223
f 3222/3222 3407/3407 3404/3404
f 3209/3209 3208/3208 3406/3406
f 3221/3221 3407/3407 3222/3222
f 3221/3221 3408/3408 3407/3407
f 3210/3210 3406/3406 3409/3409
f 3210/3210 3209/3209 3406/3406
f 3220/3220 3408/3408 3221/3221
f 3220/3220 3410/3410 3408/3408
f 3211/3211 3210/3210 3409/3409
f 3211/3211 3411/3411 3412/3412
f 3211/3211 3409/3409 3411/3411
f 3219/3219 3410/3410 3220/3220
f 3219/3219 3413/3413 3410/3410
f 3212/3212 3211/3211 3412/3412
f 3218/3218 3414/3414 3413/3413
f 3218/3218 3413/3413 3219/3219
f 3213/3213 3415/3415 3416/3416
f 3213/3213 3412/3412 3415/3415
f 3213/3213 3212/3212 3412/3412
f 3217/3217 3417/3417 3414/3414
f 3217/3217 3414/3414 3218/3218
f 3214/3214 3213/3213 3416/3416
f 3216/3216 3418/3418 3417/3417
f 3216/3216 3417/3417 3217/3217
f 3215/3215 3419/3419 3418/3418
f 3215/3215 3416/3416 3419/3419
f 3215/3215 3214/3214 3416/3416
f 3215/3215 3418/3418 3216/3216
f 3420/3420 1926/1926 3421/3421
f 3420/3420 1927/1927 1926/1926
f 3422/3422 1929/1929 1927/1927
f 3422/3422 1927/1927 3420/3420
f 3423/3423 1931/1931 1929/1929
f 3423/3423 1929/1929 3422/3422
f 3424/3424 1880/1880 1931/1931
f 3424/3424 1931/1931 3423/3423
f 3425/3425 1881/1881 1880/1880
f 3425/3425 1880/1880 3424/3424
f 3426/3426 1883/1883 1881/1881
f 3426/3426 1881/1881 3425/3425
f 3427/3427 1885/1885 1883/1883
f 3427/3427 1883/1883 3426/3426
f 3428/3428 1887/1887 1885/1885
f 3428/3428 1888/1888 1887/1887
f 3428/3428 1885/1885 3427/3427
f 3429/3429 1888/1888 3428/3428
f 3430/3430 1890/1890 1888/1888
f 3430/3430 1888/1888 3429/3429
f 3431/3431 1890/1890 3430/3430
f 3431/3431 1892/1892 1890/1890
f 3432/3432 1892/1892 3431/3431
f 3432/3432 1894/1894 1892/1892
f 3433/3433 1894/1894 3432/3432
f 3433/3433 1896/1896 1894/1894
f 3433/3433 1898/1898 1896/1896
f 3434/3434 1898/1898 3433/3433
f 3435/3435 1898/1898 3434/3434
f 3435/3435 1900/1900 1898/1898
f 3436/3436 1900/1900 3435/3435
f 3436/3436 1902/1902 1900/1900
f 3437/3437 1902/1902 3436/3436
f 3437/3437 1904/1904 1902/1902
f 3437/3437 1906/1906 1904/1904
f 3438/3438 1906/1906 3437/3437
f 3439/3439 1906/1906 3438/3438
f 3439/3439 1908/1908 1906/1906
f 3439/3439 1910/1910 1908/1908
f 3440/3440 1910/1910 3439/3439
f 3441/3441 1910/1910 3440/3440
f 3441/3441 1912/1912 1910/1910
f 3442/3442 1912/1912 3441/3441
f 3442/3442 1914/1914 1912/1912
f 3442/3442 1963/1963 1914/1914
f 3443/3443 1963/1963 3442/3442
f 3444/3444 1962/1962 1963/1963
f 3444/3444 1963/1963 3443/3443
f 3445/3445 1961/1961 1962/1962
f 3445/3445 1962/1962 3444/3444
f 3446/3446 1960/1960 1961/1961
f 3446/3446 1961/1961 3445/3445
f 3447/3447 1959/1959 1960/1960
f 3447/3447 1960/1960 3446/3446
f 3448/3448 1958/1958 1959/1959
f 3448/3448 1959/1959 3447/3447
f 3449/3449 1957/1957 1958/1958
f 3449/3449 1958/1958 3448/3448
f 3450/3450 1956/1956 1957/1957
f 3450/3450 1957/1957 3449/3449
f 3451/3451 1955/1955 1956/1956
f 3451/3451 1956/1956 3450/3450
f 3452/3452 1964/1964 1955/1955
f 3452/3452 1965/1965 1964/1964
f 3452/3452 1955/1955 3451/3451
f 3453/3453 1965/1965 3452/3452
f 3454/3454 1966/1966 1965/1965
f 3454/3454 1965/1965 3453/3453
f 3455/3455 1967/1967 1966/1966
f 3455/3455 1968/1968 1967/1967
f 3455/3455 1966/1966 3454/3454
f 3456/3456 1968/1968 3455/3455
f 3457/3457 1968/1968 3456/3456
f 3457/3457 1969/1969 1968/1968
f 3458/3458 1969/1969 3457/3457
f 3458/3458 1970/1970 1969/1969
f 3459/3459 1970/1970 3458/3458
f 3459/3459 1971/1971 1970/1970
f 3460/3460 1971/1971 3459/3459
f 3460/3460 1729/1729 1971/1971
f 3461/3461 1729/1729 3460/3460
f 3461/3461 1727/1727 1729/1729
f 3462/3462 1727/1727 3461/3461
f 3462/3462 1725/1725 1727/1727
f 3463/3463 1725/1725 3462/3462
f 3463/3463 1723/1723 1725/1725
f 3464/3464 1723/1723 3463/3463
f 3464/3464 1721/1721 1723/1723
f 3464/3464 1719/1719 1721/1721
f 3465/3465 1719/1719 3464/3464
f 3466/3466 1719/1719 3465/3465
f 3466/3466 1717/1717 1719/1719
f 3467/3467 1717/1717 3466/3466
f 3467/3467 1716/1716 1717/1717
f 3468/3468 1716/1716 3467/3467
f 3468/3468 1715/1715 1716/1716
f 3469/3469 1715/1715 3468/3468
f 3469/3469 1718/1718 1715/1715
f 3469/3469 1720/1720 1718/1718
f 3470/3470 1720/1720 3469/3469
f 3470/3470 1722/1722 1720/1720
f 3471/3471 1722/1722 3470/3470
f 3472/3472 1722/1722 3471/3471
f 3472/3472 1724/1724 1722/1722
f 3473/3473 1724/1724 3472/3472
f 3473/3473 1726/1726 1724/1724
f 3474/3474 1726/1726 3473/3473
f 3474/3474 1728/1728 1726/1726
f 3475/3475 1728/1728 3474/3474
f 3475/3475 1730/1730 1728/1728
f 3476/3476 1730/1730 3475/3475
f 3476/3476 1731/1731 1730/1730
f 3477/3477 1731/1731 3476/3476
f 3477/3477 1732/1732 1731/1731
f 3478/3478 1733/1733 1732/1732
f 3478/3478 1732/1732 3477/3477
f 3478/3478 1734/1734 1733/1733
f 3479/3479 1734/1734 3478/3478
f 3480/3480 1735/1735 1734/1734
f 3480/3480 1734/1734 3479/3479
f 3481/3481 1736/1736 1735/1735
f 3481/3481 1737/1737 1736/1736
f 3481/3481 1735/1735 3480/3480
f 3482/3482 1737/1737 3481/3481
f 3483/3483 1737/1737 3482/3482
f 3483/3483 1738/1738 1737/1737
f 3483/3483 1739/1739 1738/1738
f 3484/3484 1739/1739 3483/3483
f 3485/3485 1739/1739 3484/3484
f 3485/3485 1740/1740 1739/1739
f 3486/3486 1740/1740 3485/3485
f 3486/3486 1741/1741 1740/1740
f 3486/3486 1742/1742 1741/1741
f 3487/3487 1742/1742 3486/3486
f 3488/3488 1742/1742 3487/3487
f 3488/3488 1743/1743 1742/1742
f 3489/3489 1743/1743 3488/3488
f 3489/3489 1744/1744 1743/1743
f 3490/3490 1744/1744 3489/3489
f 3490/3490 1745/1745 1744/1744
f 3491/3491 1745/1745 3490/3490
f 3491/3491 1746/1746 1745/1745
f 3492/3492 1746/1746 3491/3491
f 3492/3492 1747/1747 1746/1746
f 3493/3493 1767/1767 1760/1760
f 3493/3493 1747/1747 3492/3492
f 3493/3493 1760/1760 1747/1747
f 3494/3494 1772/1772 1767/1767
f 3494/3494 1767/1767 3493/3493
f 3495/3495 1772/1772 3494/3494
f 3496/3496 1775/1775 1772/1772
f 3496/3496 1772/1772 3495/3495
f 3497/3497 1778/1778 1775/1775
f 3497/3497 1780/1780 1778/1778
f 3497/3497 1775/1775 3496/3496
f 3498/3498 1780/1780 3497/3497
f 3499/3499 1783/1783 1780/1780
f 3499/3499 1780/1780 3498/3498
f 3500/3500 1785/1785 1783/1783
f 3500/3500 1787/1787 1785/1785
f 3500/3500 1783/1783 3499/3499
f 3501/3501 1787/1787 3500/3500
f 3502/3502 1789/1789 1787/1787
f 3502/3502 1787/1787 3501/3501
f 3503/3503 1791/1791 1789/1789
f 3503/3503 1794/1794 1791/1791
f 3503/3503 1789/1789 3502/3502
f 3504/3504 1794/1794 3503/3503
f 3505/3505 1796/1796 1794/1794
f 3505/3505 1794/1794 3504/3504
f 3506/3506 1813/1813 1796/1796
f 3506/3506 1796/1796 3505/3505
f 3507/3507 1816/1816 1813/1813
f 3507/3507 1818/1818 1816/1816
f 3507/3507 1813/1813 3506/3506
f 3508/3508 1818/1818 3507/3507
f 3509/3509 1818/1818 3508/3508
f 3509/3509 1820/1820 1818/1818
f 3510/3510 1820/1820 3509/3509
f 3510/3510 1822/1822 1820/1820
f 3511/3511 1822/1822 3510/3510
f 3511/3511 1824/1824 1822/1822
f 3512/3512 1825/1825 1824/1824
f 3512/3512 1824/1824 3511/3511
f 3513/3513 1827/1827 1825/1825
f 3513/3513 1825/1825 3512/3512
f 3514/3514 1829/1829 1827/1827
f 3514/3514 1827/1827 3513/3513
f 3515/3515 1918/1918 1829/1829
f 3515/3515 1829/1829 3514/3514
f 3516/3516 1919/1919 1918/1918
f 3516/3516 1918/1918 3515/3515
f 3517/3517 1920/1920 1919/1919
f 3517/3517 1919/1919 3516/3516
f 3518/3518 1921/1921 1920/1920
f 3518/3518 1920/1920 3517/3517
f 3519/3519 1922/1922 1921/1921
f 3519/3519 1921/1921 3518/3518
f 3520/3520 1923/1923 1922/1922
f 3520/3520 1924/1924 1923/1923
f 3520/3520 1922/1922 3519/3519
f 3521/3521 1924/1924 3520/3520
f 3522/3522 1925/1925 1924/1924
f 3522/3522 1924/1924 3521/3521
f 3523/3523 1928/1928 1925/1925
f 3523/3523 1925/1925 3522/3522
f 3524/3524 1930/1930 1928/1928
f 3524/3524 1932/1932 1930/1930
f 3524/3524 1928/1928 3523/3523
f 3525/3525 1932/1932 3524/3524
f 3526/3526 1933/1933 1932/1932
f 3526/3526 1932/1932 3525/3525
f 3527/3527 1934/1934 1933/1933
f 3527/3527 1933/1933 3526/3526
f 3528/3528 1935/1935 1934/1934
f 3528/3528 1934/1934 3527/3527
f 3529/3529 1936/1936 1935/1935
f 3529/3529 1935/1935 3528/3528
f 3530/3530 1937/1937 1936/1936
f 3530/3530 1936/1936 3529/3529
f 3531/3531 1938/1938 1937/1937
f 3531/3531 1937/1937 3530/3530
f 3532/3532 1938/1938 3531/3531
f 3532/3532 1939/1939 1938/1938
f 3533/3533 1939/1939 3532/3532
f 3533/3533 1940/1940 1939/1939
f 3534/3534 1940/1940 3533/3533
f 3534/3534 1941/1941 1940/1940
f 3535/3535 1941/1941 3534/3534
f 3535/3535 1942/1942 1941/1941
f 3536/3536 1942/1942 3535/3535
f 3536/3536 1943/1943 1942/1942
f 3537/3537 1943/1943 3536/3536
f 3537/3537 1944/1944 1943/1943
f 3538/3538 1944/1944 3537/3537
f 3538/3538 1945/1945 1944/1944
f 3539/3539 1945/1945 3538/3538
f 3539/3539 1946/1946 1945/1945
f 3540/3540 1946/1946 3539/3539
f 3540/3540 1947/1947 1946/1946
f 3541/3541 1947/1947 3540/3540
f 3541/3541 1948/1948 1947/1947
f 3542/3542 1948/1948 3541/3541
f 3542/3542 1949/1949 1948/1948
f 3543/3543 1949/1949 3542/3542
f 3543/3543 1950/1950 1949/1949
f 3544/3544 1951/1951 1950/1950
f 3544/3544 1950/1950 3543/3543
f 3545/3545 1952/1952 1951/1951
f 3545/3545 1926/1926 1952/1952
f 3545/3545 1951/1951 3544/3544
f 3421/3421 1926/1926 3545/3545
f 3546/3546 3530/3530 3529/3529
f 3547/3547 3531/3531 3530/3530
f 3547/3547 3530/3530 3546/3546
f 3548/3548 3546/3546 3529/3529
f 3548/3548 3529/3529 3528/3528
f 3549/3549 3532/3532 3531/3531
f 3549/3549 3531/3531 3547/3547
f 3550/3550 3528/3528 3527/3527
f 3550/3550 3548/3548 3528/3528
f 3551/3551 3533/3533 3532/3532
f 3551/3551 3532/3532 3549/3549
f 3552/3552 3550/3550 3527/3527
f 3552/3552 3527/3527 3526/3526
f 3553/3553 3534/3534 3533/3533
f 3553/3553 3533/3533 3551/3551
f 3554/3554 3526/3526 3525/3525
f 3554/3554 3552/3552 3526/3526
f 3555/3555 3535/3535 3534/3534
f 3555/3555 3534/3534 3553/3553
f 3556/3556 3525/3525 3524/3524
f 3556/3556 3554/3554 3525/3525
f 3557/3557 3536/3536 3535/3535
f 3557/3557 3535/3535 3555/3555
f 3558/3558 3524/3524 3523/3523
f 3558/3558 3556/3556 3524/3524
f 3559/3559 3537/3537 3536/3536
f 3559/3559 3536/3536 3557/3557
f 3560/3560 3523/3523 3522/3522
f 3560/3560 3558/3558 3523/3523
f 3561/3561 3538/3538 3537/3537
f 3561/3561 3537/3537 3559/3559
f 3562/3562 3522/3522 3521/3521
f 3562/3562 3560/3560 3522/3522
f 3563/3563 3539/3539 3538/3538
f 3563/3563 3538/3538 3561/3561
f 3564/3564 3521/3521 3520/3520
f 3564/3564 3562/3562 3521/3521
f 3565/3565 3540/3540 3539/3539
f 3565/3565 3539/3539 3563/3563
f 3566/3566 3564/3564 3520/3520
f 3566/3566 3520/3520 3519/3519
f 3567/3567 3541/3541 3540/3540
f 3567/3567 3540/3540 3565/3565
f 3568/3568 3566/3566 3519/3519
f 3568/3568 3519/3519 3518/3518
f 3569/3569 3542/3542 3541/3541
f 3569/3569 3541/3541 3567/3567
f 3570/3570 3568/3568 3518/3518
f 3570/3570 3518/3518 3517/3517
f 3571/3571 3543/3543 3542/3542
f 3571/3571 3542/3542 3569/3569
f 3572/3572 3570/3570 3517/3517
f 3572/3572 3517/3517 3516/3516
f 3573/3573 3544/3544 3543/3543
f 3573/3573 3543/3543 3571/3571
f 3574/3574 3572/3572 3516/3516
f 3574/3574 3516/3516 3515/3515
f 3575/3575 3545/3545 3544/3544
f 3575/3575 3544/3544 3573/3573
f 3576/3576 3574/3574 3515/3515
f 3576/3576 3515/3515 3514/3514
f 3577/3577 3545/3545 3575/3575
f 3577/3577 3421/3421 3545/3545
f 3578/3578 3576/3576 3514/3514
f 3578/3578 3514/3514 3513/3513
f 3579/3579 3420/3420 3421/3421
f 3579/3579 3421/3421 3577/3577
f 3580/3580 3578/3578 3513/3513
f 3580/3580 3513/3513 3512/3512
f 3581/3581 3422/3422 3420/3420
f 3581/3581 3420/3420 3579/3579
f 3582/3582 3580/3580 3512/3512
f 3582/3582 3512/3512 3511/3511
f 3583/3583 3423/3423 3422/3422
f 3583/3583 3422/3422 3581/3581
f 3584/3584 3582/3582 3511/3511
f 3584/3584 3511/3511 3510/3510
f 3585/3585 3424/3424 3423/3423
f 3585/3585 3423/3423 3583/3583
f 3586/3586 3584/3584 3510/3510
f 3586/3586 3510/3510 3509/3509
f 3587/3587 3425/3425 3424/3424
f 3587/3587 3424/3424 3585/3585
f 3588/3588 3586/3586 3509/3509
f 3588/3588 3509/3509 3508/3508
f 3589/3589 3426/3426 3425/3425
f 3589/3589 3425/3425 3587/3587
f 3590/3590 3588/3588 3508/3508
f 3590/3590 3508/3508 3507/3507
f 3591/3591 3427/3427 3426/3426
f 3591/3591 3426/3426 3589/3589
f 3592/3592 3590/3590 3507/3507
f 3593/3593 3428/3428 3427/3427
f 3593/3593 3427/3427 3591/3591
f 3594/3594 3592/3592 3507/3507
f 3594/3594 3507/3507 3506/3506
f 3595/3595 3429/3429 3428/3428
f 3595/3595 3428/3428 3593/3593
f 3596/3596 3594/3594 3506/3506
f 3596/3596 3506/3506 3505/3505
f 3597/3597 3430/3430 3429/3429
f 3597/3597 3429/3429 3595/3595
f 3598/3598 3596/3596 3505/3505
f 3598/3598 3504/3504 3503/3503
f 3598/3598 3505/3505 3504/3504
f 3599/3599 3431/3431 3430/3430
f 3599/3599 3430/3430 3597/3597
f 3600/3600 3598/3598 3503/3503
f 3601/3601 3432/3432 3431/3431
f 3601/3601 3431/3431 3599/3599
f 3602/3602 3600/3600 3503/3503
f 3602/3602 3503/3503 3502/3502
f 3603/3603 3433/3433 3432/3432
f 3603/3603 3432/3432 3601/3601
f 3604/3604 3501/3501 3500/3500
f 3604/3604 3502/3502 3501/3501
f 3604/3604 3602/3602 3502/3502
f 3605/3605 3434/3434 3433/3433
f 3605/3605 3433/3433 3603/3603
f 3606/3606 3604/3604 3500/3500
f 3607/3607 3435/3435 3434/3434
f 3607/3607 3434/3434 3605/3605
f 3499/3499 3606/3606 3500/3500
f 3608/3608 3606/3606 3499/3499
f 3609/3609 3435/3435 3607/3607
f 3436/3436 3435/3435 3609/3609
f 3498/3498 3610/3610 3608/3608
f 3498/3498 3608/3608 3499/3499
f 3437/3437 3436/3436 3609/3609
f 3437/3437 3611/3611 3612/3612
f 3437/3437 3609/3609 3611/3611
f 3497/3497 3613/3613 3610/3610
f 3497/3497 3610/3610 3498/3498
f 3438/3438 3437/3437 3612/3612
f 3496/3496 3613/3613 3497/3497
f 3496/3496 3614/3614 3613/3613
f 3439/3439 3438/3438 3612/3612
f 3439/3439 3612/3612 3615/3615
f 3495/3495 3614/3614 3496/3496
f 3495/3495 3616/3616 3614/3614
f 3440/3440 3617/3617 3618/3618
f 3440/3440 3615/3615 3617/3617
f 3440/3440 3439/3439 3615/3615
f 3494/3494 3616/3616 3495/3495
f 3494/3494 3619/3619 3616/3616
f 3441/3441 3440/3440 3618/3618
f 3493/3493 3619/3619 3494/3494
f 3493/3493 3620/3620 3619/3619
f 3442/3442 3621/3621 3622/3622
f 3442/3442 3618/3618 3621/3621
f 3442/3442 3441/3441 3618/3618
f 3492/3492 3620/3620 3493/3493
f 3492/3492 3623/3623 3620/3620
f 3443/3443 3442/3442 3622/3622
f 3491/3491 3623/3623 3492/3492
f 3491/3491 3624/3624 3623/3623
f 3444/3444 3625/3625 3626/3626
f 3444/3444 3622/3622 3625/3625
f 3444/3444 3443/3443 3622/3622
f 3490/3490 3624/3624 3491/3491
f 3490/3490 3627/3627 3624/3624
f 3445/3445 3444/3444 3626/3626
f 3489/3489 3627/3627 3490/3490
f 3489/3489 3628/3628 3627/3627
f 3446/3446 3629/3629 3630/3630
f 3446/3446 3626/3626 3629/3629
f 3446/3446 3445/3445 3626/3626
f 3488/3488 3628/3628 3489/3489
f 3488/3488 3631/3631 3628/3628
f 3447/3447 3630/3630 3632/3632
f 3447/3447 3446/3446 3630/3630
f 3487/3487 3631/3631 3488/3488
f 3487/3487 3633/3633 3631/3631
f 3448/3448 3632/3632 3634/3634
f 3448/3448 3447/3447 3632/3632
f 3486/3486 3633/3633 3487/3487
f 3486/3486 3635/3635 3633/3633
f 3449/3449 3448/3448 3634/3634
f 3485/3485 3635/3635 3486/3486
f 3485/3485 3636/3636 3635/3635
f 3450/3450 3634/3634 3637/3637
f 3450/3450 3449/3449 3634/3634
f 3484/3484 3636/3636 3485/3485
f 3484/3484 3638/3638 3636/3636
f 3451/3451 3639/3639 3640/3640
f 3451/3451 3637/3637 3639/3639
f 3451/3451 3450/3450 3637/3637
f 3483/3483 3638/3638 3484/3484
f 3483/3483 3641/3641 3638/3638
f 3452/3452 3451/3451 3640/3640
f 3482/3482 3641/3641 3483/3483
f 3482/3482 3642/3642 3641/3641
f 3453/3453 3643/3643 3644/3644
f 3453/3453 3640/3640 3643/3643
f 3453/3453 3452/3452 3640/3640
f 3481/3481 3642/3642 3482/3482
f 3481/3481 3645/3645 3642/3642
f 3454/3454 3453/3453 3644/3644
f 3480/3480 3646/3646 3645/3645
f 3480/3480 3645/3645 3481/3481
f 3455/3455 3647/3647 3648/3648
f 3455/3455 3644/3644 3647/3647
f 3455/3455 3454/3454 3644/3644
f 3479/3479 3649/3649 3646/3646
f 3479/3479 3646/3646 3480/3480
f 3456/3456 3648/3648 3650/3650
f 3456/3456 3455/3455 3648/3648
f 3478/3478 3649/3649 3479/3479
f 3478/3478 3651/3651 3649/3649
f 3457/3457 3456/3456 3650/3650
f 3477/3477 3651/3651 3478/3478
f 3477/3477 3652/3652 3651/3651
f 3458/3458 3653/3653 3654/3654
f 3458/3458 3650/3650 3653/3653
f 3458/3458 3457/3457 3650/3650
f 3476/3476 3652/3652 3477/3477
f 3476/3476 3655/3655 3652/3652
f 3459/3459 3458/3458 3654/3654
f 3475/3475 3655/3655 3476/3476
f 3475/3475 3656/3656 3655/3655
f 3460/3460 3654/3654 3657/3657
f 3460/3460 3459/3459 3654/3654
f 3474/3474 3656/3656 3475/3475
f 3474/3474 3658/3658 3656/3656
f 3461/3461 3659/3659 3660/3660
f 3461/3461 3657/3657 3659/3659
f 3461/3461 3460/3460 3657/3657
f 3473/3473 3658/3658 3474/3474
f 3473/3473 3661/3661 3658/3658
f 3462/3462 3660/3660 3662/3662
f 3462/3462 3461/3461 3660/3660
f 3472/3472 3661/3661 3473/3473
f 3472/3472 3663/3663 3661/3661
f 3463/3463 3462/3462 3662/3662
f 3471/3471 3663/3663 3472/3472
f 3471/3471 3664/3664 3663/3663
f 3464/3464 3662/3662 3665/3665
f 3464/3464 3463/3463 3662/3662
f 3470/3470 3666/3666 3664/3664
f 3470/3470 3664/3664 3471/3471
f 3465/3465 3464/3464 3665/3665
f 3465/3465 3665/3665 3667/3667
f 3469/3469 3668/3668 3666/3666
f 3469/3469 3666/3666 3470/3470
f 3466/3466 3667/3667 3669/3669
f 3466/3466 3465/3465 3667/3667
f 3468/3468 3670/3670 3668/3668
f 3468/3468 3668/3668 3469/3469
f 3467/3467 3671/3671 3670/3670
f 3467/3467 3669/3669 3671/3671
f 3467/3467 3466/3466 3669/3669
f 3467/3467 3670/3670 3468/3468
f 2095/2095 2120/2120 1985/1985
f 1984/1984 2095/2095 1985/1985
f 1991/1991 2122/2122 1983/1983
f 1982/1982 1991/1991 1983/1983
f 1983/1983 2095/2095 1984/1984
f 1983/1983 2122/2122 2095/2095
f 2120/2120 1994/1994 1987/1987
f 1985/1985 2120/2120 1987/1987
f 1996/1996 1708/1708 1997/1997
f 1996/1996 1712/1712 1708/1708
f 1997/1997 1711/1711 1998/1998
f 1997/1997 1708/1708 1711/1711
f 1995/1995 1712/1712 1996/1996
f 1995/1995 1714/1714 1712/1712
f 3672/3672 1451/1451 2234/2234
f 1445/1445 1451/1451 3672/3672
f 1978/1978 2234/2234 2134/2134
f 1978/1978 2134/2134 1979/1979
f 2662/2662 1978/1978 1981/1981
f 2662/2662 2234/2234 1978/1978
f 3672/3672 2662/2662 2663/2663
f 3672/3672 2234/2234 2662/2662
f 3673/3673 2657/2657 2654/2654
f 3674/3674 3673/3673 2654/2654
f 3674/3674 2654/2654 2656/2656
f 3675/3675 3674/3674 2656/2656
f 3675/3675 2656/2656 2655/2655
f 3676/3676 3675/3675 2655/2655
f 3676/3676 2655/2655 2651/2651
f 3677/3677 3676/3676 2651/2651
f 3677/3677 2651/2651 2653/2653
f 3678/3678 3677/3677 2653/2653
f 3678/3678 2653/2653 2652/2652
f 3679/3679 3678/3678 2652/2652
f 3679/3679 2652/2652 2650/2650
f 3680/3680 3679/3679 2650/2650
f 3680/3680 2650/2650 2649/2649
f 3681/3681 3680/3680 2649/2649
f 3681/3681 2649/2649 2644/2644
f 3682/3682 3681/3681 2644/2644
f 3682/3682 2644/2644 2648/2648
f 3683/3683 3682/3682 2648/2648
f 3683/3683 2648/2648 2647/2647
f 3684/3684 3683/3683 2647/2647
f 3684/3684 2647/2647 2646/2646
f 3685/3685 3684/3684 2646/2646
f 3685/3685 2646/2646 2645/2645
f 3686/3686 3685/3685 2645/2645
f 3686/3686 2645/2645 2643/2643
f 3687/3687 3686/3686 2643/2643
f 3688/3688 3687/3687 2643/2643
f 3688/3688 2642/2642 2640/2640
f 3688/3688 2643/2643 2642/2642
f 3689/3689 3688/3688 2640/2640
f 3689/3689 2640/2640 2641/2641
f 3690/3690 3689/3689 2641/2641
f 3691/3691 3690/3690 2641/2641
f 3691/3691 2641/2641 2635/2635
f 3692/3692 2637/2637 2636/2636
f 3692/3692 2635/2635 2637/2637
f 3692/3692 3691/3691 2635/2635
f 3693/3693 2636/2636 2629/2629
f 3693/3693 3692/3692 2636/2636
f 3694/3694 3693/3693 2629/2629
f 3695/3695 2629/2629 2631/2631
f 3695/3695 3694/3694 2629/2629
f 3696/3696 2631/2631 2630/2630
f 3696/3696 3695/3695 2631/2631
f 3697/3697 2630/2630 2626/2626
f 3697/3697 3696/3696 2630/2630
f 3698/3698 3697/3697 2626/2626
f 3698/3698 2619/2619 2620/2620
f 3698/3698 2626/2626 2619/2619
f 3699/3699 3698/3698 2620/2620
f 3699/3699 2620/2620 2618/2618
f 3700/3700 3699/3699 2618/2618
f 3700/3700 2618/2618 2617/2617
f 3701/3701 3700/3700 2617/2617
f 3702/3702 3701/3701 2617/2617
f 3702/3702 2610/2610 2613/2613
f 3702/3702 2617/2617 2610/2610
f 3703/3703 3702/3702 2613/2613
f 3704/3704 3703/3703 2613/2613
f 3704/3704 2613/2613 2612/2612
f 3705/3705 3704/3704 2612/2612
f 3705/3705 2612/2612 2611/2611
f 3706/3706 3705/3705 2611/2611
f 3706/3706 2611/2611 2616/2616
f 3707/3707 3706/3706 2616/2616
f 3707/3707 2615/2615 2614/2614
f 3707/3707 2616/2616 2615/2615
f 3708/3708 3707/3707 2614/2614
f 3709/3709 3708/3708 2614/2614
f 3709/3709 2625/2625 2623/2623
f 3709/3709 2614/2614 2625/2625
f 3710/3710 3709/3709 2623/2623
f 3711/3711 3710/3710 2623/2623
f 3711/3711 2622/2622 2621/2621
f 3711/3711 2623/2623 2622/2622
f 3712/3712 3711/3711 2621/2621
f 3713/3713 2624/2624 2628/2628
f 3713/3713 2621/2621 2624/2624
f 3713/3713 3712/3712 2621/2621
f 3714/3714 2628/2628 2627/2627
f 3714/3714 3713/3713 2628/2628
f 3715/3715 3714/3714 2627/2627
f 3715/3715 2627/2627 2634/2634
f 3716/3716 3715/3715 2634/2634
f 3717/3717 2634/2634 2633/2633
f 3717/3717 3716/3716 2634/2634
f 3718/3718 2632/2632 2639/2639
f 3718/3718 2633/2633 2632/2632
f 3718/3718 3717/3717 2633/2633
f 3719/3719 3718/3718 2639/2639
f 3720/3720 2639/2639 2638/2638
f 3720/3720 3719/3719 2639/2639
f 3721/3721 2638/2638 2658/2658
f 3721/3721 3720/3720 2638/2638
f 2659/2659 2657/2657 3673/3673
f 2659/2659 3673/3673 3722/3722
f 3723/3723 1709/1709 2263/2263
f 3724/3724 3723/3723 2263/2263
f 3725/3725 3726/3726 3727/3727
f 3725/3725 3728/3728 3726/3726
f 3729/3729 3725/3725 3727/3727
f 3729/3729 3730/3730 3725/3725
f 3731/3731 3732/3732 3729/3729
f 3733/3733 3729/3729 3727/3727
f 3733/3733 3731/3731 3729/3729
f 3733/3733 3734/3734 3731/3731
f 3735/3735 3733/3733 3727/3727
f 3736/3736 3735/3735 3727/3727
f 3736/3736 3737/3737 3735/3735
f 3738/3738 3736/3736 3727/3727
f 3738/3738 3739/3739 3736/3736
f 3740/3740 3738/3738 3727/3727
f 3741/3741 3727/3727 3723/3723
f 3741/3741 3723/3723 3724/3724
f 3742/3742 3743/3743 3740/3740
f 3742/3742 3744/3744 3743/3743
f 3745/3745 3742/3742 3740/3740
f 3746/3746 3747/3747 3745/3745
f 3748/3748 3749/3749 3750/3750
f 3751/3751 3746/3746 3745/3745
f 3752/3752 3753/3753 3749/3749
f 3752/3752 3749/3749 3748/3748
f 3754/3754 3745/3745 3740/3740
f 3754/3754 3751/3751 3745/3745
f 3755/3755 3753/3753 3752/3752
f 3756/3756 3753/3753 3755/3755
f 3757/3757 3753/3753 3756/3756
f 3757/3757 3756/3756 3758/3758
f 3759/3759 3754/3754 3740/3740
f 3759/3759 3760/3760 3754/3754
f 3759/3759 3761/3761 3760/3760
f 3759/3759 3762/3762 3761/3761
f 3763/3763 3753/3753 3757/3757
f 3764/3764 3753/3753 3763/3763
f 3765/3765 3766/3766 3759/3759
f 3767/3767 3765/3765 3759/3759
f 3768/3768 3769/3769 3753/3753
f 3768/3768 3741/3741 3769/3769
f 3768/3768 3764/3764 3770/3770
f 3768/3768 3753/3753 3764/3764
f 3771/3771 3767/3767 3759/3759
f 3771/3771 3759/3759 3740/3740
f 3772/3772 3741/3741 3768/3768
f 3773/3773 3741/3741 3772/3772
f 3773/3773 3771/3771 3740/3740
f 3773/3773 3740/3740 3727/3727
f 3773/3773 3727/3727 3741/3741
f 3722/3722 1709/1709 3723/3723
f 3675/3675 3673/3673 3674/3674
f 3676/3676 3673/3673 3675/3675
f 3678/3678 3676/3676 3677/3677
f 3679/3679 3673/3673 3676/3676
f 3679/3679 3676/3676 3678/3678
f 3681/3681 3673/3673 3679/3679
f 3681/3681 3679/3679 3680/3680
f 3685/3685 3673/3673 3681/3681
f 3685/3685 3683/3683 3684/3684
f 3685/3685 3682/3682 3683/3683
f 3685/3685 3681/3681 3682/3682
f 3687/3687 3685/3685 3686/3686
f 3687/3687 3673/3673 3685/3685
f 3689/3689 3687/3687 3688/3688
f 3690/3690 3687/3687 3689/3689
f 3692/3692 3690/3690 3691/3691
f 3692/3692 3687/3687 3690/3690
f 3694/3694 3692/3692 3693/3693
f 3694/3694 3687/3687 3692/3692
f 3696/3696 3694/3694 3695/3695
f 3698/3698 3696/3696 3697/3697
f 3699/3699 3696/3696 3698/3698
f 3699/3699 3694/3694 3696/3696
f 3700/3700 3694/3694 3699/3699
f 3702/3702 3700/3700 3701/3701
f 3702/3702 3687/3687 3694/3694
f 3702/3702 3694/3694 3700/3700
f 3703/3703 3687/3687 3702/3702
f 3704/3704 3687/3687 3703/3703
f 3705/3705 3687/3687 3704/3704
f 3706/3706 3687/3687 3705/3705
f 3708/3708 3706/3706 3707/3707
f 3708/3708 3687/3687 3706/3706
f 3710/3710 3708/3708 3709/3709
f 3710/3710 3687/3687 3708/3708
f 3711/3711 3687/3687 3710/3710
f 3714/3714 3712/3712 3713/3713
f 3714/3714 3711/3711 3712/3712
f 3714/3714 3673/3673 3687/3687
f 3714/3714 3687/3687 3711/3711
f 3715/3715 3673/3673 3714/3714
f 3717/3717 3715/3715 3716/3716
f 3718/3718 3673/3673 3715/3715
f 3718/3718 3715/3715 3717/3717
f 3720/3720 3718/3718 3719/3719
f 3721/3721 3673/3673 3718/3718
f 3721/3721 3718/3718 3720/3720
f 2404/2404 3722/3722 3673/3673
f 2404/2404 3673/3673 3721/3721
f 1979/1979 3722/3722 2404/2404
f 1979/1979 2404/2404 1980/1980
f 1797/1797 3722/3722 1979/1979
f 2004/2004 1797/1797 1979/1979
f 2004/2004 1979/1979 2134/2134
f 1797/1797 1709/1709 3722/3722
f 3769/3769 3741/3741 2564/2564
f 3769/3769 2561/2561 2560/2560
f 3769/3769 2564/2564 2561/2561
f 3753/3753 3769/3769 2560/2560
f 3749/3749 3753/3753 2560/2560
f 3749/3749 2559/2559 2562/2562
f 3749/3749 2560/2560 2559/2559
f 3750/3750 3749/3749 2562/2562
f 3748/3748 3750/3750 2562/2562
f 3748/3748 2562/2562 2563/2563
f 3752/3752 3748/3748 2563/2563
f 3752/3752 2563/2563 2565/2565
f 3755/3755 3752/3752 2565/2565
f 3755/3755 2565/2565 2566/2566
f 3756/3756 3755/3755 2566/2566
f 3756/3756 2566/2566 2567/2567
f 3758/3758 3756/3756 2567/2567
f 3758/3758 2567/2567 2569/2569
f 3757/3757 3758/3758 2569/2569
f 3757/3757 2568/2568 2571/2571
f 3757/3757 2569/2569 2568/2568
f 3763/3763 3757/3757 2571/2571
f 3764/3764 3763/3763 2571/2571
f 3764/3764 2571/2571 2570/2570
f 3770/3770 3764/3764 2570/2570
f 3770/3770 2573/2573 2572/2572
f 3770/3770 2570/2570 2573/2573
f 3768/3768 3770/3770 2572/2572
f 3772/3772 3768/3768 2572/2572
f 3772/3772 2572/2572 2575/2575
f 3773/3773 3772/3772 2575/2575
f 3773/3773 2575/2575 2574/2574
f 3771/3771 3773/3773 2574/2574
f 3771/3771 2574/2574 2576/2576
f 3767/3767 3771/3771 2576/2576
f 3767/3767 2576/2576 2579/2579
f 3765/3765 2579/2579 2578/2578
f 3765/3765 3767/3767 2579/2579
f 3766/3766 2578/2578 2577/2577
f 3766/3766 3765/3765 2578/2578
f 3759/3759 2580/2580 2583/2583
f 3759/3759 2577/2577 2580/2580
f 3759/3759 3766/3766 2577/2577
f 3762/3762 3759/3759 2583/2583
f 3761/3761 2583/2583 2582/2582
f 3761/3761 3762/3762 2583/2583
f 3760/3760 2582/2582 2581/2581
f 3760/3760 3761/3761 2582/2582
f 3754/3754 3760/3760 2581/2581
f 3754/3754 2584/2584 2586/2586
f 3754/3754 2581/2581 2584/2584
f 3751/3751 3754/3754 2586/2586
f 3746/3746 2585/2585 2588/2588
f 3746/3746 2586/2586 2585/2585
f 3746/3746 3751/3751 2586/2586
f 3747/3747 3746/3746 2588/2588
f 3745/3745 3747/3747 2588/2588
f 3745/3745 2588/2588 2587/2587
f 3742/3742 3745/3745 2587/2587
f 3742/3742 2587/2587 2592/2592
f 3744/3744 3742/3742 2592/2592
f 3744/3744 2592/2592 2591/2591
f 3743/3743 3744/3744 2591/2591
f 3743/3743 2590/2590 2589/2589
f 3743/3743 2591/2591 2590/2590
f 3740/3740 3743/3743 2589/2589
f 3738/3738 3740/3740 2589/2589
f 3738/3738 2589/2589 2595/2595
f 3739/3739 3738/3738 2595/2595
f 3739/3739 2595/2595 2594/2594
f 3736/3736 3739/3739 2594/2594
f 3736/3736 2594/2594 2593/2593
f 3737/3737 3736/3736 2593/2593
f 3737/3737 2593/2593 2597/2597
f 3735/3735 3737/3737 2597/2597
f 3735/3735 2597/2597 2596/2596
f 3733/3733 2596/2596 2599/2599
f 3733/3733 3735/3735 2596/2596
f 3734/3734 2599/2599 2598/2598
f 3734/3734 3733/3733 2599/2599
f 3731/3731 2601/2601 2600/2600
f 3731/3731 2598/2598 2601/2601
f 3731/3731 3734/3734 2598/2598
f 3732/3732 3731/3731 2600/2600
f 3729/3729 2600/2600 2602/2602
f 3729/3729 3732/3732 2600/2600
f 3730/3730 2602/2602 2603/2603
f 3730/3730 3729/3729 2602/2602
f 3725/3725 2603/2603 2605/2605
f 3725/3725 3730/3730 2603/2603
f 3728/3728 2604/2604 2609/2609
f 3728/3728 2605/2605 2604/2604
f 3728/3728 3725/3725 2605/2605
f 3726/3726 3728/3728 2609/2609
f 3727/3727 2609/2609 2608/2608
f 3727/3727 3726/3726 2609/2609
f 2608/2608 2606/2606 3723/3723
f 2608/2608 3723/3723 3727/3727
f 1998/1998 1710/1710 2000/2000
f 1998/1998 1711/1711 1710/1710
f 3575/3575 1612/1612 3577/3577
f 3575/3575 1614/1614 1612/1612
f 3573/3573 1616/1616 1614/1614
f 3573/3573 1614/1614 3575/3575
f 3571/3571 1618/1618 1616/1616
f 3571/3571 1616/1616 3573/3573
f 3569/3569 1620/1620 1618/1618
f 3569/3569 1618/1618 3571/3571
f 3567/3567 1622/1622 1620/1620
f 3567/3567 1620/1620 3569/3569
f 3565/3565 1624/1624 1622/1622
f 3565/3565 1622/1622 3567/3567
f 3563/3563 1626/1626 1624/1624
f 3563/3563 1624/1624 3565/3565
f 3561/3561 1628/1628 1626/1626
f 3561/3561 1626/1626 3563/3563
f 3559/3559 1630/1630 1628/1628
f 3559/3559 1628/1628 3561/3561
f 3557/3557 1632/1632 1630/1630
f 3557/3557 1634/1634 1632/1632
f 3557/3557 1630/1630 3559/3559
f 3555/3555 1634/1634 3557/3557
f 3553/3553 1634/1634 3555/3555
f 3553/3553 1636/1636 1634/1634
f 3551/3551 1636/1636 3553/3553
f 3551/3551 1638/1638 1636/1636
f 3551/3551 1640/1640 1638/1638
f 3549/3549 1640/1640 3551/3551
f 3547/3547 1640/1640 3549/3549
f 3547/3547 1642/1642 1640/1640
f 3547/3547 1644/1644 1642/1642
f 3546/3546 1644/1644 3547/3547
f 3546/3546 1646/1646 1644/1644
f 3548/3548 1646/1646 3546/3546
f 3550/3550 1646/1646 3548/3548
f 3550/3550 1648/1648 1646/1646
f 3550/3550 1650/1650 1648/1648
f 3552/3552 1650/1650 3550/3550
f 3554/3554 1650/1650 3552/3552
f 3554/3554 1652/1652 1650/1650
f 3556/3556 1652/1652 3554/3554
f 3556/3556 1654/1654 1652/1652
f 3556/3556 1655/1655 1654/1654
f 3558/3558 1655/1655 3556/3556
f 3560/3560 1656/1656 1655/1655
f 3560/3560 1655/1655 3558/3558
f 3562/3562 1657/1657 1656/1656
f 3562/3562 1656/1656 3560/3560
f 3564/3564 1658/1658 1657/1657
f 3564/3564 1657/1657 3562/3562
f 3566/3566 1659/1659 1658/1658
f 3566/3566 1660/1660 1659/1659
f 3566/3566 1658/1658 3564/3564
f 3568/3568 1660/1660 3566/3566
f 3570/3570 1663/1663 1660/1660
f 3570/3570 1660/1660 3568/3568
f 3572/3572 1664/1664 1663/1663
f 3572/3572 1663/1663 3570/3570
f 3574/3574 1665/1665 1664/1664
f 3574/3574 1664/1664 3572/3572
f 3576/3576 1666/1666 1665/1665
f 3576/3576 1665/1665 3574/3574
f 3578/3578 1667/1667 1666/1666
f 3578/3578 1668/1668 1667/1667
f 3578/3578 1666/1666 3576/3576
f 3580/3580 1668/1668 3578/3578
f 3582/3582 1669/1669 1668/1668
f 3582/3582 1668/1668 3580/3580
f 3584/3584 1670/1670 1669/1669
f 3584/3584 1669/1669 3582/3582
f 3586/3586 1671/1671 1670/1670
f 3586/3586 1670/1670 3584/3584
f 3588/3588 1671/1671 3586/3586
f 3588/3588 1672/1672 1671/1671
f 3588/3588 1673/1673 1672/1672
f 3590/3590 1673/1673 3588/3588
f 3592/3592 1673/1673 3590/3590
f 3592/3592 1674/1674 1673/1673
f 3594/3594 1674/1674 3592/3592
f 3594/3594 1675/1675 1674/1674
f 3596/3596 1675/1675 3594/3594
f 3596/3596 1676/1676 1675/1675
f 3596/3596 1677/1677 1676/1676
f 3598/3598 1677/1677 3596/3596
f 3598/3598 1678/1678 1677/1677
f 3600/3600 1678/1678 3598/3598
f 3600/3600 1679/1679 1678/1678
f 3602/3602 1679/1679 3600/3600
f 3604/3604 1679/1679 3602/3602
f 3604/3604 1680/1680 1679/1679
f 3604/3604 1681/1681 1680/1680
f 3606/3606 1681/1681 3604/3604
f 3608/3608 1681/1681 3606/3606
f 3608/3608 1682/1682 1681/1681
f 3608/3608 1683/1683 1682/1682
f 3610/3610 1683/1683 3608/3608
f 3613/3613 1683/1683 3610/3610
f 3613/3613 1684/1684 1683/1683
f 3613/3613 1685/1685 1684/1684
f 3614/3614 1685/1685 3613/3613
f 3616/3616 1685/1685 3614/3614
f 3616/3616 1686/1686 1685/1685
f 3616/3616 1687/1687 1686/1686
f 3619/3619 1687/1687 3616/3616
f 3620/3620 1687/1687 3619/3619
f 3620/3620 1688/1688 1687/1687
f 3623/3623 1688/1688 3620/3620
f 3623/3623 1689/1689 1688/1688
f 3623/3623 1690/1690 1689/1689
f 3624/3624 1690/1690 3623/3623
f 3624/3624 1691/1691 1690/1690
f 3627/3627 1691/1691 3624/3624
f 3628/3628 1691/1691 3627/3627
f 3628/3628 1692/1692 1691/1691
f 3631/3631 1693/1693 1692/1692
f 3631/3631 1692/1692 3628/3628
f 3633/3633 1694/1694 1693/1693
f 3633/3633 1695/1695 1694/1694
f 3633/3633 1693/1693 3631/3631
f 3635/3635 1696/1696 1695/1695
f 3635/3635 1695/1695 3633/3633
f 3636/3636 1696/1696 3635/3635
f 3638/3638 1696/1696 3636/3636
f 3638/3638 1697/1697 1696/1696
f 3641/3641 1697/1697 3638/3638
f 3641/3641 1698/1698 1697/1697
f 3641/3641 1699/1699 1698/1698
f 3642/3642 1699/1699 3641/3641
f 3642/3642 1700/1700 1699/1699
f 3645/3645 1700/1700 3642/3642
f 3646/3646 1700/1700 3645/3645
f 3646/3646 1701/1701 1700/1700
f 3646/3646 1702/1702 1701/1701
f 3649/3649 1702/1702 3646/3646
f 3651/3651 1702/1702 3649/3649
f 3651/3651 1703/1703 1702/1702
f 3652/3652 1703/1703 3651/3651
f 3652/3652 1704/1704 1703/1703
f 3655/3655 1704/1704 3652/3652
f 3655/3655 1661/1661 1704/1704
f 3656/3656 1661/1661 3655/3655
f 3656/3656 1662/1662 1661/1661
f 3658/3658 1662/1662 3656/3656
f 3658/3658 1705/1705 1662/1662
f 3658/3658 1706/1706 1705/1705
f 3661/3661 1706/1706 3658/3658
f 3663/3663 1653/1653 1706/1706
f 3663/3663 1706/1706 3661/3661
f 3664/3664 1651/1651 1653/1653
f 3664/3664 1649/1649 1651/1651
f 3664/3664 1653/1653 3663/3663
f 3666/3666 1647/1647 1649/1649
f 3666/3666 1649/1649 3664/3664
f 3668/3668 1647/1647 3666/3666
f 3670/3670 1645/1645 1647/1647
f 3670/3670 1647/1647 3668/3668
f 3671/3671 1643/1643 1645/1645
f 3671/3671 1641/1641 1643/1643
f 3671/3671 1645/1645 3670/3670
f 3669/3669 1641/1641 3671/3671
f 3667/3667 1639/1639 1641/1641
f 3667/3667 1637/1637 1639/1639
f 3667/3667 1641/1641 3669/3669
f 3665/3665 1635/1635 1637/1637
f 3665/3665 1637/1637 3667/3667
f 3662/3662 1633/1633 1635/1635
f 3662/3662 1635/1635 3665/3665
f 3660/3660 1633/1633 3662/3662
f 3659/3659 1631/1631 1633/1633
f 3659/3659 1629/1629 1631/1631
f 3659/3659 1633/1633 3660/3660
f 3657/3657 1629/1629 3659/3659
f 3654/3654 1627/1627 1629/1629
f 3654/3654 1625/1625 1627/1627
f 3654/3654 1629/1629 3657/3657
f 3653/3653 1625/1625 3654/3654
f 3650/3650 1625/1625 3653/3653
f 3650/3650 1623/1623 1625/1625
f 3648/3648 1623/1623 3650/3650
f 3648/3648 1621/1621 1623/1623
f 3648/3648 1619/1619 1621/1621
f 3647/3647 1619/1619 3648/3648
f 3647/3647 1617/1617 1619/1619
f 3644/3644 1617/1617 3647/3647
f 3643/3643 1615/1615 1617/1617
f 3643/3643 1617/1617 3644/3644
f 3640/3640 1613/1613 1615/1615
f 3640/3640 1611/1611 1613/1613
f 3640/3640 1615/1615 3643/3643
f 3639/3639 1609/1609 1611/1611
f 3639/3639 1611/1611 3640/3640
f 3637/3637 1609/1609 3639/3639
f 3634/3634 1607/1607 1609/1609
f 3634/3634 1609/1609 3637/3637
f 3632/3632 1605/1605 1607/1607
f 3632/3632 1603/1603 1605/1605
f 3632/3632 1607/1607 3634/3634
f 3630/3630 1601/1601 1603/1603
f 3630/3630 1603/1603 3632/3632
f 3629/3629 1601/1601 3630/3630
f 3626/3626 1599/1599 1601/1601
f 3626/3626 1601/1601 3629/3629
f 3625/3625 1597/1597 1599/1599
f 3625/3625 1595/1595 1597/1597
f 3625/3625 1599/1599 3626/3626
f 3622/3622 1595/1595 3625/3625
f 3621/3621 1593/1593 1595/1595
f 3621/3621 1591/1591 1593/1593
f 3621/3621 1595/1595 3622/3622
f 3618/3618 1591/1591 3621/3621
f 3618/3618 1589/1589 1591/1591
f 3617/3617 1589/1589 3618/3618
f 3615/3615 1586/1586 1589/1589
f 3615/3615 1583/1583 1586/1586
f 3615/3615 1589/1589 3617/3617
f 3612/3612 1580/1580 1583/1583
f 3612/3612 1583/1583 3615/3615
f 3611/3611 1576/1576 1580/1580
f 3611/3611 1580/1580 3612/3612
f 3609/3609 1576/1576 3611/3611
f 3607/3607 1579/1579 1576/1576
f 3607/3607 1582/1582 1579/1579
f 3607/3607 1576/1576 3609/3609
f 3605/3605 1582/1582 3607/3607
f 3603/3603 1582/1582 3605/3605
f 3603/3603 1585/1585 1582/1582
f 3603/3603 1588/1588 1585/1585
f 3601/3601 1588/1588 3603/3603
f 3601/3601 1590/1590 1588/1588
f 3599/3599 1590/1590 3601/3601
f 3597/3597 1590/1590 3599/3599
f 3597/3597 1592/1592 1590/1590
f 3595/3595 1592/1592 3597/3597
f 3595/3595 1594/1594 1592/1592
f 3593/3593 1594/1594 3595/3595
f 3593/3593 1596/1596 1594/1594
f 3593/3593 1598/1598 1596/1596
f 3591/3591 1598/1598 3593/3593
f 3589/3589 1598/1598 3591/3591
f 3589/3589 1600/1600 1598/1598
f 3589/3589 1602/1602 1600/1600
f 3587/3587 1602/1602 3589/3589
f 3585/3585 1602/1602 3587/3587
f 3585/3585 1604/1604 1602/1602
f 3585/3585 1606/1606 1604/1604
f 3583/3583 1606/1606 3585/3585
f 3581/3581 1606/1606 3583/3583
f 3581/3581 1608/1608 1606/1606
f 3581/3581 1610/1610 1608/1608
f 3579/3579 1610/1610 3581/3581
f 3577/3577 1612/1612 1610/1610
f 3577/3577 1610/1610 3579/3579
f 3774/3774 3135/3135 3137/3137
f 3775/3775 3135/3135 3774/3774
f 3776/3776 3132/3132 3135/3135
f 3776/3776 3135/3135 3775/3775
f 3777/3777 3131/3131 3132/3132
f 3777/3777 3132/3132 3776/3776
f 3778/3778 3129/3129 3131/3131
f 3778/3778 3131/3131 3777/3777
f 3779/3779 3127/3127 3129/3129
f 3779/3779 3129/3129 3778/3778
f 3780/3780 3123/3123 3125/3125
f 3780/3780 3125/3125 3127/3127
f 3780/3780 3127/3127 3779/3779
f 3781/3781 3123/3123 3780/3780
f 3782/3782 3120/3120 3123/3123
f 3782/3782 3123/3123 3781/3781
f 3783/3783 3119/3119 3120/3120
f 3783/3783 3120/3120 3782/3782
f 3784/3784 3114/3114 3117/3117
f 3784/3784 3117/3117 3119/3119
f 3784/3784 3119/3119 3783/3783
f 3785/3785 3114/3114 3784/3784
f 3786/3786 3114/3114 3785/3785
f 3786/3786 3113/3113 3114/3114
f 3787/3787 3113/3113 3786/3786
f 3787/3787 3109/3109 3111/3111
f 3787/3787 3111/3111 3113/3113
f 3788/3788 3109/3109 3787/3787
f 3788/3788 3107/3107 3109/3109
f 3789/3789 3107/3107 3788/3788
f 3790/3790 3107/3107 3789/3789
f 3790/3790 3102/3102 3104/3104
f 3790/3790 3104/3104 3107/3107
f 3791/3791 3102/3102 3790/3790
f 3792/3792 3102/3102 3791/3791
f 3792/3792 3098/3098 3100/3100
f 3792/3792 3100/3100 3102/3102
f 3793/3793 3098/3098 3792/3792
f 3794/3794 3096/3096 3098/3098
f 3794/3794 3098/3098 3793/3793
f 3795/3795 3092/3092 3094/3094
f 3795/3795 3094/3094 3096/3096
f 3795/3795 3096/3096 3794/3794
f 3796/3796 3090/3090 3092/3092
f 3796/3796 3092/3092 3795/3795
f 3797/3797 3090/3090 3796/3796
f 3798/3798 3088/3088 3090/3090
f 3798/3798 3090/3090 3797/3797
f 3799/3799 3084/3084 3086/3086
f 3799/3799 3086/3086 3088/3088
f 3799/3799 3088/3088 3798/3798
f 3800/3800 3084/3084 3799/3799
f 3801/3801 3082/3082 3084/3084
f 3801/3801 3084/3084 3800/3800
f 3802/3802 3078/3078 3080/3080
f 3802/3802 3080/3080 3082/3082
f 3802/3802 3082/3082 3801/3801
f 3803/3803 3078/3078 3802/3802
f 3804/3804 3076/3076 3078/3078
f 3804/3804 3078/3078 3803/3803
f 3805/3805 3072/3072 3074/3074
f 3805/3805 3074/3074 3076/3076
f 3805/3805 3076/3076 3804/3804
f 3806/3806 3072/3072 3805/3805
f 3807/3807 3070/3070 3072/3072
f 3807/3807 3072/3072 3806/3806
f 3808/3808 3068/3068 3070/3070
f 3808/3808 3070/3070 3807/3807
f 3809/3809 3066/3066 3068/3068
f 3809/3809 3068/3068 3808/3808
f 3810/3810 3066/3066 3809/3809
f 3810/3810 3064/3064 3066/3066
f 3811/3811 3064/3064 3810/3810
f 3811/3811 3060/3060 3062/3062
f 3811/3811 3062/3062 3064/3064
f 3812/3812 3060/3060 3811/3811
f 3813/3813 3060/3060 3812/3812
f 3813/3813 3058/3058 3060/3060
f 3814/3814 3054/3054 3056/3056
f 3814/3814 3056/3056 3058/3058
f 3814/3814 3058/3058 3813/3813
f 3815/3815 3054/3054 3814/3814
f 3816/3816 3052/3052 3054/3054
f 3816/3816 3054/3054 3815/3815
f 3817/3817 3048/3048 3050/3050
f 3817/3817 3050/3050 3052/3052
f 3817/3817 3052/3052 3816/3816
f 3818/3818 3048/3048 3817/3817
f 3819/3819 3044/3044 3046/3046
f 3819/3819 3046/3046 3048/3048
f 3819/3819 3048/3048 3818/3818
f 3820/3820 3044/3044 3819/3819
f 3821/3821 3042/3042 3044/3044
f 3821/3821 3044/3044 3820/3820
f 3822/3822 3043/3043 3042/3042
f 3822/3822 3042/3042 3821/3821
f 3823/3823 3045/3045 3043/3043
f 3823/3823 3043/3043 3822/3822
f 3824/3824 3047/3047 3045/3045
f 3824/3824 3045/3045 3823/3823
f 3825/3825 3051/3051 3049/3049
f 3825/3825 3049/3049 3047/3047
f 3825/3825 3047/3047 3824/3824
f 3826/3826 3051/3051 3825/3825
f 3827/3827 3053/3053 3051/3051
f 3827/3827 3051/3051 3826/3826
f 3827/3827 3055/3055 3053/3053
f 3828/3828 3055/3055 3827/3827
f 3829/3829 3055/3055 3828/3828
f 3829/3829 3059/3059 3057/3057
f 3829/3829 3057/3057 3055/3055
f 3830/3830 3059/3059 3829/3829
f 3830/3830 3061/3061 3059/3059
f 3831/3831 3061/3061 3830/3830
f 3831/3831 3063/3063 3061/3061
f 3832/3832 3063/3063 3831/3831
f 3832/3832 3065/3065 3063/3063
f 3833/3833 3065/3065 3832/3832
f 3834/3834 3069/3069 3067/3067
f 3834/3834 3067/3067 3065/3065
f 3834/3834 3065/3065 3833/3833
f 3835/3835 3069/3069 3834/3834
f 3836/3836 3069/3069 3835/3835
f 3836/3836 3073/3073 3071/3071
f 3836/3836 3071/3071 3069/3069
f 3837/3837 3073/3073 3836/3836
f 3837/3837 3075/3075 3073/3073
f 3838/3838 3075/3075 3837/3837
f 3839/3839 3075/3075 3838/3838
f 3839/3839 3079/3079 3077/3077
f 3839/3839 3077/3077 3075/3075
f 3840/3840 3079/3079 3839/3839
f 3841/3841 3079/3079 3840/3840
f 3841/3841 3081/3081 3079/3079
f 3842/3842 3081/3081 3841/3841
f 3842/3842 3085/3085 3083/3083
f 3842/3842 3083/3083 3081/3081
f 3843/3843 3085/3085 3842/3842
f 3843/3843 3087/3087 3085/3085
f 3844/3844 3087/3087 3843/3843
f 3844/3844 3089/3089 3087/3087
f 3845/3845 3089/3089 3844/3844
f 3846/3846 3089/3089 3845/3845
f 3846/3846 3093/3093 3091/3091
f 3846/3846 3091/3091 3089/3089
f 3847/3847 3093/3093 3846/3846
f 3847/3847 3095/3095 3093/3093
f 3848/3848 3095/3095 3847/3847
f 3849/3849 3095/3095 3848/3848
f 3849/3849 3097/3097 3095/3095
f 3850/3850 3097/3097 3849/3849
f 3850/3850 3101/3101 3099/3099
f 3850/3850 3099/3099 3097/3097
f 3851/3851 3101/3101 3850/3850
f 3852/3852 3101/3101 3851/3851
f 3852/3852 3103/3103 3101/3101
f 3853/3853 3103/3103 3852/3852
f 3853/3853 3105/3105 3103/3103
f 3854/3854 3108/3108 3106/3106
f 3854/3854 3106/3106 3105/3105
f 3854/3854 3105/3105 3853/3853
f 3855/3855 3108/3108 3854/3854
f 3856/3856 3110/3110 3108/3108
f 3856/3856 3108/3108 3855/3855
f 3857/3857 3112/3112 3110/3110
f 3857/3857 3110/3110 3856/3856
f 3858/3858 3115/3115 3112/3112
f 3858/3858 3112/3112 3857/3857
f 3859/3859 3116/3116 3115/3115
f 3859/3859 3115/3115 3858/3858
f 3860/3860 3118/3118 3116/3116
f 3860/3860 3116/3116 3859/3859
f 3861/3861 3118/3118 3860/3860
f 3861/3861 3121/3121 3118/3118
f 3862/3862 3121/3121 3861/3861
f 3862/3862 3122/3122 3121/3121
f 3863/3863 3122/3122 3862/3862
f 3863/3863 3124/3124 3122/3122
f 3864/3864 3124/3124 3863/3863
f 3864/3864 3126/3126 3124/3124
f 3865/3865 3126/3126 3864/3864
f 3865/3865 3128/3128 3126/3126
f 3866/3866 3128/3128 3865/3865
f 3866/3866 3130/3130 3128/3128
f 3867/3867 3130/3130 3866/3866
f 3867/3867 3133/3133 3130/3130
f 3868/3868 3133/3133 3867/3867
f 3868/3868 3134/3134 3133/3133
f 3869/3869 3134/3134 3868/3868
f 3869/3869 3136/3136 3134/3134
f 3870/3870 3136/3136 3869/3869
f 3870/3870 3139/3139 3136/3136
f 3871/3871 3139/3139 3870/3870
f 3871/3871 3140/3140 3139/3139
f 3872/3872 3140/3140 3871/3871
f 3872/3872 3142/3142 3140/3140
f 3873/3873 3142/3142 3872/3872
f 3873/3873 3145/3145 3142/3142
f 3874/3874 3147/3147 3145/3145
f 3874/3874 3145/3145 3873/3873
f 3875/3875 3147/3147 3874/3874
f 3875/3875 3149/3149 3147/3147
f 3876/3876 3151/3151 3149/3149
f 3876/3876 3149/3149 3875/3875
f 3877/3877 3153/3153 3151/3151
f 3877/3877 3151/3151 3876/3876
f 3878/3878 3154/3154 3153/3153
f 3878/3878 3153/3153 3877/3877
f 3879/3879 3157/3157 3154/3154
f 3879/3879 3154/3154 3878/3878
f 3880/3880 3158/3158 3157/3157
f 3880/3880 3157/3157 3879/3879
f 3881/3881 3161/3161 3158/3158
f 3881/3881 3158/3158 3880/3880
f 3882/3882 3162/3162 3161/3161
f 3882/3882 3161/3161 3881/3881
f 3883/3883 3165/3165 3162/3162
f 3883/3883 3162/3162 3882/3882
f 3884/3884 3166/3166 3165/3165
f 3884/3884 3165/3165 3883/3883
f 3885/3885 3167/3167 3166/3166
f 3885/3885 3166/3166 3884/3884
f 3886/3886 3164/3164 3167/3167
f 3886/3886 3167/3167 3885/3885
f 3887/3887 3164/3164 3886/3886
f 3887/3887 3163/3163 3164/3164
f 3888/3888 3163/3163 3887/3887
f 3888/3888 3160/3160 3163/3163
f 3889/3889 3160/3160 3888/3888
f 3889/3889 3156/3156 3159/3159
f 3889/3889 3159/3159 3160/3160
f 3890/3890 3156/3156 3889/3889
f 3891/3891 3156/3156 3890/3890
f 3891/3891 3155/3155 3156/3156
f 3892/3892 3155/3155 3891/3891
f 3892/3892 3150/3150 3152/3152
f 3892/3892 3152/3152 3155/3155
f 3893/3893 3150/3150 3892/3892
f 3894/3894 3150/3150 3893/3893
f 3894/3894 3148/3148 3150/3150
f 3895/3895 3146/3146 3148/3148
f 3895/3895 3148/3148 3894/3894
f 3896/3896 3146/3146 3895/3895
f 3896/3896 3143/3143 3144/3144
f 3896/3896 3144/3144 3146/3146
f 3897/3897 3141/3141 3143/3143
f 3897/3897 3143/3143 3896/3896
f 3898/3898 3141/3141 3897/3897
f 3899/3899 3137/3137 3138/3138
f 3899/3899 3138/3138 3141/3141
f 3899/3899 3141/3141 3898/3898
f 3774/3774 3137/3137 3899/3899
f 3323/3323 1485/1485 3325/3325
f 3323/3323 1487/1487 1485/1485
f 3321/3321 1489/1489 1487/1487
f 3321/3321 1487/1487 3323/3323
f 3319/3319 1491/1491 1489/1489
f 3319/3319 1489/1489 3321/3321
f 3317/3317 1493/1493 1491/1491
f 3317/3317 1491/1491 3319/3319
f 3315/3315 1495/1495 1493/1493
f 3315/3315 1493/1493 3317/3317
f 3313/3313 1497/1497 1495/1495
f 3313/3313 1495/1495 3315/3315
f 3311/3311 1498/1498 1497/1497
f 3311/3311 1497/1497 3313/3313
f 3309/3309 1499/1499 1498/1498
f 3309/3309 1498/1498 3311/3311
f 3307/3307 1500/1500 1499/1499
f 3307/3307 1499/1499 3309/3309
f 3305/3305 1501/1501 1500/1500
f 3305/3305 1502/1502 1501/1501
f 3305/3305 1500/1500 3307/3307
f 3303/3303 1502/1502 3305/3305
f 3301/3301 1502/1502 3303/3303
f 3301/3301 1503/1503 1502/1502
f 3299/3299 1503/1503 3301/3301
f 3299/3299 1504/1504 1503/1503
f 3299/3299 1505/1505 1504/1504
f 3297/3297 1505/1505 3299/3299
f 3295/3295 1505/1505 3297/3297
f 3295/3295 1506/1506 1505/1505
f 3295/3295 1507/1507 1506/1506
f 3294/3294 1507/1507 3295/3295
f 3294/3294 1508/1508 1507/1507
f 3296/3296 1508/1508 3294/3294
f 3298/3298 1508/1508 3296/3296
f 3298/3298 1509/1509 1508/1508
f 3298/3298 1510/1510 1509/1509
f 3300/3300 1510/1510 3298/3298
f 3302/3302 1510/1510 3300/3300
f 3302/3302 1511/1511 1510/1510
f 3304/3304 1511/1511 3302/3302
f 3304/3304 1512/1512 1511/1511
f 3304/3304 1513/1513 1512/1512
f 3306/3306 1513/1513 3304/3304
f 3308/3308 1514/1514 1513/1513
f 3308/3308 1513/1513 3306/3306
f 3310/3310 1515/1515 1514/1514
f 3310/3310 1514/1514 3308/3308
f 3312/3312 1516/1516 1515/1515
f 3312/3312 1515/1515 3310/3310
f 3314/3314 1517/1517 1516/1516
f 3314/3314 1518/1518 1517/1517
f 3314/3314 1516/1516 3312/3312
f 3316/3316 1518/1518 3314/3314
f 3318/3318 1519/1519 1518/1518
f 3318/3318 1518/1518 3316/3316
f 3320/3320 1520/1520 1519/1519
f 3320/3320 1519/1519 3318/3318
f 3322/3322 1521/1521 1520/1520
f 3322/3322 1520/1520 3320/3320
f 3324/3324 1522/1522 1521/1521
f 3324/3324 1521/1521 3322/3322
f 3326/3326 1523/1523 1522/1522
f 3326/3326 1559/1559 1523/1523
f 3326/3326 1522/1522 3324/3324
f 3328/3328 1559/1559 3326/3326
f 3330/3330 1560/1560 1559/1559
f 3330/3330 1559/1559 3328/3328
f 3332/3332 1561/1561 1560/1560
f 3332/3332 1560/1560 3330/3330
f 3334/3334 1562/1562 1561/1561
f 3334/3334 1561/1561 3332/3332
f 3336/3336 1562/1562 3334/3334
f 3336/3336 1563/1563 1562/1562
f 3336/3336 1564/1564 1563/1563
f 3338/3338 1564/1564 3336/3336
f 3340/3340 1564/1564 3338/3338
f 3340/3340 1565/1565 1564/1564
f 3342/3342 1565/1565 3340/3340
f 3342/3342 1566/1566 1565/1565
f 3344/3344 1566/1566 3342/3342
f 3344/3344 1567/1567 1566/1566
f 3344/3344 1568/1568 1567/1567
f 3346/3346 1568/1568 3344/3344
f 3346/3346 1569/1569 1568/1568
f 3348/3348 1569/1569 3346/3346
f 3348/3348 1570/1570 1569/1569
f 3350/3350 1570/1570 3348/3348
f 3352/3352 1570/1570 3350/3350
f 3352/3352 1571/1571 1570/1570
f 3352/3352 1572/1572 1571/1571
f 3354/3354 1572/1572 3352/3352
f 3356/3356 1572/1572 3354/3354
f 3356/3356 1573/1573 1572/1572
f 3356/3356 1574/1574 1573/1573
f 3359/3359 1574/1574 3356/3356
f 3360/3360 1574/1574 3359/3359
f 3360/3360 1575/1575 1574/1574
f 3360/3360 1577/1577 1575/1575
f 3363/3363 1577/1577 3360/3360
f 3365/3365 1577/1577 3363/3363
f 3365/3365 1578/1578 1577/1577
f 3365/3365 1581/1581 1578/1578
f 3367/3367 1581/1581 3365/3365
f 3368/3368 1581/1581 3367/3367
f 3368/3368 1584/1584 1581/1581
f 3371/3371 1584/1584 3368/3368
f 3371/3371 1587/1587 1584/1584
f 3371/3371 1525/1525 1587/1587
f 3373/3373 1525/1525 3371/3371
f 3373/3373 1526/1526 1525/1525
f 3375/3375 1526/1526 3373/3373
f 3376/3376 1526/1526 3375/3375
f 3376/3376 1527/1527 1526/1526
f 3379/3379 1528/1528 1527/1527
f 3379/3379 1527/1527 3376/3376
f 3381/3381 1529/1529 1528/1528
f 3381/3381 1530/1530 1529/1529
f 3381/3381 1528/1528 3379/3379
f 3383/3383 1531/1531 1530/1530
f 3383/3383 1530/1530 3381/3381
f 3384/3384 1531/1531 3383/3383
f 3386/3386 1531/1531 3384/3384
f 3386/3386 1532/1532 1531/1531
f 3388/3388 1532/1532 3386/3386
f 3388/3388 1533/1533 1532/1532
f 3388/3388 1534/1534 1533/1533
f 3390/3390 1534/1534 3388/3388
f 3390/3390 1535/1535 1534/1534
f 3392/3392 1535/1535 3390/3390
f 3394/3394 1535/1535 3392/3392
f 3394/3394 1536/1536 1535/1535
f 3394/3394 1537/1537 1536/1536
f 3396/3396 1537/1537 3394/3394
f 3399/3399 1537/1537 3396/3396
f 3399/3399 1538/1538 1537/1537
f 3400/3400 1538/1538 3399/3399
f 3400/3400 1539/1539 1538/1538
f 3402/3402 1539/1539 3400/3400
f 3402/3402 1540/1540 1539/1539
f 3404/3404 1540/1540 3402/3402
f 3404/3404 1541/1541 1540/1540
f 3407/3407 1541/1541 3404/3404
f 3407/3407 1542/1542 1541/1541
f 3407/3407 1543/1543 1542/1542
f 3408/3408 1543/1543 3407/3407
f 3410/3410 1544/1544 1543/1543
f 3410/3410 1543/1543 3408/3408
f 3413/3413 1545/1545 1544/1544
f 3413/3413 1546/1546 1545/1545
f 3413/3413 1544/1544 3410/3410
f 3414/3414 1547/1547 1546/1546
f 3414/3414 1546/1546 3413/3413
f 3417/3417 1547/1547 3414/3414
f 3418/3418 1548/1548 1547/1547
f 3418/3418 1547/1547 3417/3417
f 3419/3419 1549/1549 1548/1548
f 3419/3419 1550/1550 1549/1549
f 3419/3419 1548/1548 3418/3418
f 3416/3416 1550/1550 3419/3419
f 3415/3415 1551/1551 1550/1550
f 3415/3415 1552/1552 1551/1551
f 3415/3415 1550/1550 3416/3416
f 3412/3412 1553/1553 1552/1552
f 3412/3412 1552/1552 3415/3415
f 3411/3411 1554/1554 1553/1553
f 3411/3411 1553/1553 3412/3412
f 3409/3409 1554/1554 3411/3411
f 3406/3406 1555/1555 1554/1554
f 3406/3406 1556/1556 1555/1555
f 3406/3406 1554/1554 3409/3409
f 3405/3405 1556/1556 3406/3406
f 3403/3403 1557/1557 1556/1556
f 3403/3403 1558/1558 1557/1557
f 3403/3403 1556/1556 3405/3405
f 3401/3401 1558/1558 3403/3403
f 3398/3398 1558/1558 3401/3401
f 3398/3398 1496/1496 1558/1558
f 3397/3397 1496/1496 3398/3398
f 3397/3397 1494/1494 1496/1496
f 3397/3397 1492/1492 1494/1494
f 3395/3395 1492/1492 3397/3397
f 3395/3395 1490/1490 1492/1492
f 3393/3393 1490/1490 3395/3395
f 3391/3391 1488/1488 1490/1490
f 3391/3391 1490/1490 3393/3393
f 3389/3389 1486/1486 1488/1488
f 3389/3389 1484/1484 1486/1486
f 3389/3389 1488/1488 3391/3391
f 3387/3387 1482/1482 1484/1484
f 3387/3387 1484/1484 3389/3389
f 3385/3385 1482/1482 3387/3387
f 3382/3382 1479/1479 1482/1482
f 3382/3382 1482/1482 3385/3385
f 3380/3380 1477/1477 1479/1479
f 3380/3380 1475/1475 1477/1477
f 3380/3380 1479/1479 3382/3382
f 3378/3378 1473/1473 1475/1475
f 3378/3378 1475/1475 3380/3380
f 3377/3377 1473/1473 3378/3378
f 3374/3374 1471/1471 1473/1473
f 3374/3374 1473/1473 3377/3377
f 3372/3372 1469/1469 1471/1471
f 3372/3372 1467/1467 1469/1469
f 3372/3372 1471/1471 3374/3374
f 3370/3370 1467/1467 3372/3372
f 3369/3369 1465/1465 1467/1467
f 3369/3369 1463/1463 1465/1465
f 3369/3369 1467/1467 3370/3370
f 3366/3366 1463/1463 3369/3369
f 3366/3366 1461/1461 1463/1463
f 3364/3364 1461/1461 3366/3366
f 3362/3362 1459/1459 1461/1461
f 3362/3362 1457/1457 1459/1459
f 3362/3362 1461/1461 3364/3364
f 3361/3361 1455/1455 1457/1457
f 3361/3361 1457/1457 3362/3362
f 3358/3358 1454/1454 1455/1455
f 3358/3358 1455/1455 3361/3361
f 3357/3357 1454/1454 3358/3358
f 3355/3355 1452/1452 1454/1454
f 3355/3355 1456/1456 1452/1452
f 3355/3355 1454/1454 3357/3357
f 3353/3353 1456/1456 3355/3355
f 3351/3351 1456/1456 3353/3353
f 3351/3351 1458/1458 1456/1456
f 3351/3351 1460/1460 1458/1458
f 3349/3349 1460/1460 3351/3351
f 3349/3349 1462/1462 1460/1460
f 3347/3347 1462/1462 3349/3349
f 3345/3345 1462/1462 3347/3347
f 3345/3345 1464/1464 1462/1462
f 3343/3343 1464/1464 3345/3345
f 3343/3343 1466/1466 1464/1464
f 3341/3341 1466/1466 3343/3343
f 3341/3341 1468/1468 1466/1466
f 3341/3341 1470/1470 1468/1468
f 3339/3339 1470/1470 3341/3341
f 3337/3337 1470/1470 3339/3339
f 3337/3337 1472/1472 1470/1470
f 3337/3337 1474/1474 1472/1472
f 3335/3335 1474/1474 3337/3337
f 3333/3333 1474/1474 3335/3335
f 3333/3333 1476/1476 1474/1474
f 3333/3333 1478/1478 1476/1476
f 3331/3331 1478/1478 3333/3333
f 3329/3329 1478/1478 3331/3331
f 3329/3329 1480/1480 1478/1478
f 3329/3329 1483/1483 1480/1480
f 3327/3327 1483/1483 3329/3329
f 3325/3325 1485/1485 1483/1483
f 3325/3325 1483/1483 3327/3327
f 3900/3900 2883/2883 2885/2885
f 3901/3901 2883/2883 3900/3900
f 3902/3902 2881/2881 2883/2883
f 3902/3902 2883/2883 3901/3901
f 3903/3903 2879/2879 2881/2881
f 3903/3903 2881/2881 3902/3902
f 3904/3904 2876/2876 2879/2879
f 3904/3904 2879/2879 3903/3903
f 3905/3905 2874/2874 2876/2876
f 3905/3905 2876/2876 3904/3904
f 3906/3906 2870/2870 2872/2872
f 3906/3906 2872/2872 2874/2874
f 3906/3906 2874/2874 3905/3905
f 3907/3907 2870/2870 3906/3906
f 3908/3908 2868/2868 2870/2870
f 3908/3908 2870/2870 3907/3907
f 3909/3909 2867/2867 2868/2868
f 3909/3909 2868/2868 3908/3908
f 3910/3910 2863/2863 2864/2864
f 3910/3910 2864/2864 2867/2867
f 3910/3910 2867/2867 3909/3909
f 3911/3911 2863/2863 3910/3910
f 3912/3912 2863/2863 3911/3911
f 3912/3912 2861/2861 2863/2863
f 3913/3913 2861/2861 3912/3912
f 3913/3913 2857/2857 2858/2858
f 3913/3913 2858/2858 2861/2861
f 3914/3914 2857/2857 3913/3913
f 3914/3914 2854/2854 2857/2857
f 3915/3915 2854/2854 3914/3914
f 3916/3916 2854/2854 3915/3915
f 3916/3916 2850/2850 2852/2852
f 3916/3916 2852/2852 2854/2854
f 3917/3917 2850/2850 3916/3916
f 3918/3918 2850/2850 3917/3917
f 3918/3918 2846/2846 2848/2848
f 3918/3918 2848/2848 2850/2850
f 3919/3919 2846/2846 3918/3918
f 3920/3920 2844/2844 2846/2846
f 3920/3920 2846/2846 3919/3919
f 3921/3921 2840/2840 2842/2842
f 3921/3921 2842/2842 2844/2844
f 3921/3921 2844/2844 3920/3920
f 3922/3922 2838/2838 2840/2840
f 3922/3922 2840/2840 3921/3921
f 3923/3923 2838/2838 3922/3922
f 3924/3924 2836/2836 2838/2838
f 3924/3924 2838/2838 3923/3923
f 3925/3925 2832/2832 2834/2834
f 3925/3925 2834/2834 2836/2836
f 3925/3925 2836/2836 3924/3924
f 3926/3926 2832/2832 3925/3925
f 3927/3927 2830/2830 2832/2832
f 3927/3927 2832/2832 3926/3926
f 3928/3928 2826/2826 2828/2828
f 3928/3928 2828/2828 2830/2830
f 3928/3928 2830/2830 3927/3927
f 3929/3929 2826/2826 3928/3928
f 3930/3930 2824/2824 2826/2826
f 3930/3930 2826/2826 3929/3929
f 3931/3931 2820/2820 2822/2822
f 3931/3931 2822/2822 2824/2824
f 3931/3931 2824/2824 3930/3930
f 3932/3932 2820/2820 3931/3931
f 3933/3933 2818/2818 2820/2820
f 3933/3933 2820/2820 3932/3932
f 3934/3934 2816/2816 2818/2818
f 3934/3934 2818/2818 3933/3933
f 3935/3935 2814/2814 2816/2816
f 3935/3935 2816/2816 3934/3934
f 3936/3936 2814/2814 3935/3935
f 3936/3936 2812/2812 2814/2814
f 3937/3937 2812/2812 3936/3936
f 3937/3937 2808/2808 2810/2810
f 3937/3937 2810/2810 2812/2812
f 3938/3938 2808/2808 3937/3937
f 3939/3939 2808/2808 3938/3938
f 3939/3939 2806/2806 2808/2808
f 3940/3940 2802/2802 2804/2804
f 3940/3940 2804/2804 2806/2806
f 3940/3940 2806/2806 3939/3939
f 3941/3941 2802/2802 3940/3940
f 3942/3942 2800/2800 2802/2802
f 3942/3942 2802/2802 3941/3941
f 3943/3943 2796/2796 2798/2798
f 3943/3943 2798/2798 2800/2800
f 3943/3943 2800/2800 3942/3942
f 3944/3944 2796/2796 3943/3943
f 3945/3945 2792/2792 2794/2794
f 3945/3945 2794/2794 2796/2796
f 3945/3945 2796/2796 3944/3944
f 3946/3946 2792/2792 3945/3945
f 3947/3947 2790/2790 2792/2792
f 3947/3947 2792/2792 3946/3946
f 3948/3948 2791/2791 2790/2790
f 3948/3948 2790/2790 3947/3947
f 3949/3949 2793/2793 2791/2791
f 3949/3949 2791/2791 3948/3948
f 3950/3950 2795/2795 2793/2793
f 3950/3950 2793/2793 3949/3949
f 3951/3951 2799/2799 2797/2797
f 3951/3951 2797/2797 2795/2795
f 3951/3951 2795/2795 3950/3950
f 3952/3952 2799/2799 3951/3951
f 3953/3953 2801/2801 2799/2799
f 3953/3953 2799/2799 3952/3952
f 3953/3953 2803/2803 2801/2801
f 3954/3954 2803/2803 3953/3953
f 3955/3955 2803/2803 3954/3954
f 3955/3955 2807/2807 2805/2805
f 3955/3955 2805/2805 2803/2803
f 3956/3956 2807/2807 3955/3955
f 3956/3956 2809/2809 2807/2807
f 3957/3957 2809/2809 3956/3956
f 3957/3957 2811/2811 2809/2809
f 3958/3958 2811/2811 3957/3957
f 3958/3958 2813/2813 2811/2811
f 3959/3959 2813/2813 3958/3958
f 3960/3960 2817/2817 2815/2815
f 3960/3960 2815/2815 2813/2813
f 3960/3960 2813/2813 3959/3959
f 3961/3961 2817/2817 3960/3960
f 3962/3962 2817/2817 3961/3961
f 3962/3962 2821/2821 2819/2819
f 3962/3962 2819/2819 2817/2817
f 3963/3963 2821/2821 3962/3962
f 3963/3963 2823/2823 2821/2821
f 3964/3964 2823/2823 3963/3963
f 3965/3965 2823/2823 3964/3964
f 3965/3965 2827/2827 2825/2825
f 3965/3965 2825/2825 2823/2823
f 3966/3966 2827/2827 3965/3965
f 3967/3967 2827/2827 3966/3966
f 3967/3967 2829/2829 2827/2827
f 3968/3968 2829/2829 3967/3967
f 3968/3968 2833/2833 2831/2831
f 3968/3968 2831/2831 2829/2829
f 3969/3969 2833/2833 3968/3968
f 3969/3969 2835/2835 2833/2833
f 3970/3970 2835/2835 3969/3969
f 3970/3970 2837/2837 2835/2835
f 3971/3971 2837/2837 3970/3970
f 3972/3972 2837/2837 3971/3971
f 3972/3972 2841/2841 2839/2839
f 3972/3972 2839/2839 2837/2837
f 3973/3973 2841/2841 3972/3972
f 3973/3973 2843/2843 2841/2841
f 3974/3974 2843/2843 3973/3973
f 3975/3975 2843/2843 3974/3974
f 3975/3975 2845/2845 2843/2843
f 3976/3976 2845/2845 3975/3975
f 3976/3976 2849/2849 2847/2847
f 3976/3976 2847/2847 2845/2845
f 3977/3977 2849/2849 3976/3976
f 3978/3978 2849/2849 3977/3977
f 3978/3978 2851/2851 2849/2849
f 3979/3979 2851/2851 3978/3978
f 3979/3979 2853/2853 2851/2851
f 3980/3980 2856/2856 2855/2855
f 3980/3980 2855/2855 2853/2853
f 3980/3980 2853/2853 3979/3979
f 3981/3981 2856/2856 3980/3980
f 3982/3982 2859/2859 2856/2856
f 3982/3982 2856/2856 3981/3981
f 3983/3983 2860/2860 2859/2859
f 3983/3983 2859/2859 3982/3982
f 3984/3984 2862/2862 2860/2860
f 3984/3984 2860/2860 3983/3983
f 3985/3985 2865/2865 2862/2862
f 3985/3985 2862/2862 3984/3984
f 3986/3986 2866/2866 2865/2865
f 3986/3986 2865/2865 3985/3985
f 3987/3987 2866/2866 3986/3986
f 3987/3987 2869/2869 2866/2866
f 3988/3988 2869/2869 3987/3987
f 3988/3988 2871/2871 2869/2869
f 3989/3989 2871/2871 3988/3988
f 3989/3989 2873/2873 2871/2871
f 3990/3990 2873/2873 3989/3989
f 3990/3990 2875/2875 2873/2873
f 3991/3991 2875/2875 3990/3990
f 3991/3991 2877/2877 2875/2875
f 3992/3992 2877/2877 3991/3991
f 3992/3992 2878/2878 2877/2877
f 3993/3993 2878/2878 3992/3992
f 3993/3993 2880/2880 2878/2878
f 3994/3994 2880/2880 3993/3993
f 3994/3994 2882/2882 2880/2880
f 3995/3995 2882/2882 3994/3994
f 3995/3995 2884/2884 2882/2882
f 3996/3996 2884/2884 3995/3995
f 3996/3996 2886/2886 2884/2884
f 3997/3997 2886/2886 3996/3996
f 3997/3997 2889/2889 2886/2886
f 3998/3998 2889/2889 3997/3997
f 3998/3998 2890/2890 2889/2889
f 3999/3999 2890/2890 3998/3998
f 3999/3999 2892/2892 2890/2890
f 4000/4000 2895/2895 2892/2892
f 4000/4000 2892/2892 3999/3999
f 4001/4001 2895/2895 4000/4000
f 4001/4001 2896/2896 2895/2895
f 4002/4002 2898/2898 2896/2896
f 4002/4002 2896/2896 4001/4001
f 4003/4003 2901/2901 2898/2898
f 4003/4003 2898/2898 4002/4002
f 4004/4004 2903/2903 2901/2901
f 4004/4004 2901/2901 4003/4003
f 4005/4005 2905/2905 2903/2903
f 4005/4005 2903/2903 4004/4004
f 4006/4006 2906/2906 2905/2905
f 4006/4006 2905/2905 4005/4005
f 4007/4007 2909/2909 2906/2906
f 4007/4007 2906/2906 4006/4006
f 4008/4008 2910/2910 2909/2909
f 4008/4008 2909/2909 4007/4007
f 4009/4009 2913/2913 2910/2910
f 4009/4009 2910/2910 4008/4008
f 4010/4010 2914/2914 2913/2913
f 4010/4010 2913/2913 4009/4009
f 4011/4011 2915/2915 2914/2914
f 4011/4011 2914/2914 4010/4010
f 4012/4012 2912/2912 2915/2915
f 4012/4012 2915/2915 4011/4011
f 4013/4013 2912/2912 4012/4012
f 4013/4013 2911/2911 2912/2912
f 4014/4014 2911/2911 4013/4013
f 4014/4014 2908/2908 2911/2911
f 4015/4015 2908/2908 4014/4014
f 4015/4015 2904/2904 2907/2907
f 4015/4015 2907/2907 2908/2908
f 4016/4016 2904/2904 4015/4015
f 4017/4017 2904/2904 4016/4016
f 4017/4017 2902/2902 2904/2904
f 4018/4018 2902/2902 4017/4017
f 4018/4018 2899/2899 2900/2900
f 4018/4018 2900/2900 2902/2902
f 4019/4019 2899/2899 4018/4018
f 4020/4020 2899/2899 4019/4019
f 4020/4020 2897/2897 2899/2899
f 4021/4021 2894/2894 2897/2897
f 4021/4021 2897/2897 4020/4020
f 4022/4022 2894/2894 4021/4021
f 4022/4022 2891/2891 2893/2893
f 4022/4022 2893/2893 2894/2894
f 4023/4023 2888/2888 2891/2891
f 4023/4023 2891/2891 4022/4022
f 4024/4024 2888/2888 4023/4023
f 4025/4025 2885/2885 2887/2887
f 4025/4025 2887/2887 2888/2888
f 4025/4025 2888/2888 4024/4024
f 3900/3900 2885/2885 4025/4025
f 1450/1450 4026/4026 2039/2039
f 1448/1448 1450/1450 2039/2039
f 1453/1453 1707/1707 1797/1797
f 1481/1481 1707/1707 1453/1453
f 2004/2004 4027/4027 1453/1453
f 2004/2004 1453/1453 1797/1797
f 2039/2039 4026/4026 4027/4027
f 2039/2039 4027/4027 2004/2004
f 3915/3915 4026/4026 3916/3916
f 3917/3917 3916/3916 4026/4026
f 3914/3914 4026/4026 3915/3915
f 3918/3918 3917/3917 4026/4026
f 3913/3913 4026/4026 3914/3914
f 3919/3919 3918/3918 4026/4026
f 3912/3912 4026/4026 3913/3913
f 3920/3920 3919/3919 4026/4026
f 3911/3911 4026/4026 3912/3912
f 3921/3921 3920/3920 4026/4026
f 3910/3910 4026/4026 3911/3911
f 3922/3922 3921/3921 4026/4026
f 3909/3909 4026/4026 3910/3910
f 3923/3923 3922/3922 4026/4026
f 3908/3908 4026/4026 3909/3909
f 3924/3924 3923/3923 4026/4026
f 3907/3907 4026/4026 3908/3908
f 3925/3925 3924/3924 4026/4026
f 3906/3906 4026/4026 3907/3907
f 3926/3926 3925/3925 4026/4026
f 3905/3905 4026/4026 3906/3906
f 3927/3927 3926/3926 4026/4026
f 3904/3904 4026/4026 3905/3905
f 3928/3928 3927/3927 4026/4026
f 3903/3903 4026/4026 3904/3904
f 3929/3929 3928/3928 4026/4026
f 3902/3902 4026/4026 3903/3903
f 3930/3930 3929/3929 4026/4026
f 3901/3901 4026/4026 3902/3902
f 3931/3931 3930/3930 4026/4026
f 3900/3900 4026/4026 3901/3901
f 3932/3932 4026/4026 1450/1450
f 3932/3932 3931/3931 4026/4026
f 4025/4025 4026/4026 3900/3900
f 3933/3933 3932/3932 1450/1450
f 4024/4024 4026/4026 4025/4025
f 3934/3934 3933/3933 1450/1450
f 4027/4027 4026/4026 4024/4024
f 4027/4027 4024/4024 4023/4023
f 3935/3935 3934/3934 1450/1450
f 4022/4022 4027/4027 4023/4023
f 3936/3936 3935/3935 1450/1450
f 4021/4021 4027/4027 4022/4022
f 3937/3937 3936/3936 1450/1450
f 4020/4020 4027/4027 4021/4021
f 3938/3938 3937/3937 1450/1450
f 4019/4019 4027/4027 4020/4020
f 3939/3939 3938/3938 1450/1450
f 4018/4018 4027/4027 4019/4019
f 3940/3940 3939/3939 1450/1450
f 4017/4017 4027/4027 4018/4018
f 3941/3941 3940/3940 1450/1450
f 4016/4016 4027/4027 4017/4017
f 3942/3942 3941/3941 1450/1450
f 4015/4015 4027/4027 4016/4016
f 3943/3943 3942/3942 1450/1450
f 4014/4014 4027/4027 4015/4015
f 3944/3944 3943/3943 1450/1450
f 4013/4013 4027/4027 4014/4014
f 3945/3945 3944/3944 1450/1450
f 4012/4012 4027/4027 4013/4013
f 3946/3946 3945/3945 1450/1450
f 4011/4011 4027/4027 4012/4012
f 3947/3947 3946/3946 1450/1450
f 4010/4010 4027/4027 4011/4011
f 3948/3948 3947/3947 1450/1450
f 4009/4009 4027/4027 4010/4010
f 3949/3949 3948/3948 1450/1450
f 4008/4008 4027/4027 4009/4009
f 4007/4007 4027/4027 4008/4008
f 4006/4006 4027/4027 4007/4007
f 4005/4005 4027/4027 4006/4006
f 4004/4004 4027/4027 4005/4005
f 4003/4003 4027/4027 4004/4004
f 3789/3789 1450/1450 3790/3790
f 3791/3791 3790/3790 1450/1450
f 3788/3788 1450/1450 3789/3789
f 3792/3792 3791/3791 1450/1450
f 3787/3787 1450/1450 3788/3788
f 3793/3793 3792/3792 1450/1450
f 3786/3786 1450/1450 3787/3787
f 3794/3794 3793/3793 1450/1450
f 3785/3785 1450/1450 3786/3786
f 3795/3795 3794/3794 1450/1450
f 4002/4002 4027/4027 4003/4003
f 3784/3784 1450/1450 3785/3785
f 3796/3796 3795/3795 1450/1450
f 3783/3783 1450/1450 3784/3784
f 3797/3797 3796/3796 1450/1450
f 3782/3782 1450/1450 3783/3783
f 4001/4001 4027/4027 4002/4002
f 3798/3798 3797/3797 1450/1450
f 3781/3781 1450/1450 3782/3782
f 3799/3799 3798/3798 1450/1450
f 3780/3780 1450/1450 3781/3781
f 4000/4000 4027/4027 4001/4001
f 3800/3800 3799/3799 1450/1450
f 3779/3779 1450/1450 3780/3780
f 3801/3801 3800/3800 1450/1450
f 3778/3778 1450/1450 3779/3779
f 3999/3999 4027/4027 4000/4000
f 3777/3777 1450/1450 3778/3778
f 3998/3998 4027/4027 3999/3999
f 3776/3776 1450/1450 3777/3777
f 3997/3997 4027/4027 3998/3998
f 3775/3775 1450/1450 3776/3776
f 3996/3996 4027/4027 3997/3997
f 3774/3774 1450/1450 3775/3775
f 3995/3995 4027/4027 3996/3996
f 3899/3899 1450/1450 3774/3774
f 3994/3994 4027/4027 3995/3995
f 3898/3898 1450/1450 3899/3899
f 3993/3993 4027/4027 3994/3994
f 3897/3897 1450/1450 3898/3898
f 3992/3992 4027/4027 3993/3993
f 3896/3896 1450/1450 3897/3897
f 3991/3991 4027/4027 3992/3992
f 3990/3990 4027/4027 3991/3991
f 3895/3895 1450/1450 3896/3896
f 3989/3989 4027/4027 3990/3990
f 3894/3894 1450/1450 3895/3895
f 3893/3893 1450/1450 3894/3894
f 3892/3892 1450/1450 3893/3893
f 3891/3891 1450/1450 3892/3892
f 3890/3890 1450/1450 3891/3891
f 3889/3889 1450/1450 3890/3890
f 3888/3888 1450/1450 3889/3889
f 3887/3887 1450/1450 3888/3888
f 3886/3886 1450/1450 3887/3887
f 3886/3886 3949/3949 1450/1450
f 3885/3885 3950/3950 3949/3949
f 3885/3885 3949/3949 3886/3886
f 3884/3884 3951/3951 3950/3950
f 3884/3884 3950/3950 3885/3885
f 3883/3883 3952/3952 3951/3951
f 3883/3883 3951/3951 3884/3884
f 1449/1449 3805/3805 3804/3804
f 1449/1449 3804/3804 3803/3803
f 1449/1449 3803/3803 3802/3802
f 1449/1449 3802/3802 3801/3801
f 1449/1449 3801/3801 1450/1450
f 1449/1449 3823/3823 3822/3822
f 1449/1449 3822/3822 3821/3821
f 1449/1449 3821/3821 3820/3820
f 1449/1449 3820/3820 3819/3819
f 1449/1449 3819/3819 3818/3818
f 1449/1449 3818/3818 3817/3817
f 1449/1449 3817/3817 3816/3816
f 1449/1449 3816/3816 3815/3815
f 1449/1449 3815/3815 3814/3814
f 1449/1449 3814/3814 3813/3813
f 1449/1449 3813/3813 3812/3812
f 1449/1449 3812/3812 3811/3811
f 1449/1449 3811/3811 3810/3810
f 1449/1449 3810/3810 3809/3809
f 1449/1449 3809/3809 3808/3808
f 1449/1449 3808/3808 3807/3807
f 1449/1449 3807/3807 3806/3806
f 1449/1449 3806/3806 3805/3805
f 3882/3882 3953/3953 3952/3952
f 3882/3882 3952/3952 3883/3883
f 3824/3824 3823/3823 1449/1449
f 3881/3881 3954/3954 3953/3953
f 3881/3881 3953/3953 3882/3882
f 3825/3825 3824/3824 1449/1449
f 3880/3880 3955/3955 3954/3954
f 3880/3880 3954/3954 3881/3881
f 3826/3826 3825/3825 1449/1449
f 3879/3879 3955/3955 3880/3880
f 3827/3827 3826/3826 1449/1449
f 3828/3828 3827/3827 1449/1449
f 3829/3829 3828/3828 1449/1449
f 3830/3830 3829/3829 1449/1449
f 3831/3831 3830/3830 1449/1449
f 3832/3832 3831/3831 1449/1449
f 3833/3833 3832/3832 1449/1449
f 3834/3834 3833/3833 1449/1449
f 3835/3835 3834/3834 1449/1449
f 3836/3836 3835/3835 1449/1449
f 3837/3837 3836/3836 1449/1449
f 3838/3838 3837/3837 1449/1449
f 3839/3839 3838/3838 1449/1449
f 3840/3840 3839/3839 1449/1449
f 3841/3841 3840/3840 1449/1449
f 3842/3842 3841/3841 1449/1449
f 3843/3843 3842/3842 1449/1449
f 3844/3844 3843/3843 1449/1449
f 3845/3845 3844/3844 1449/1449
f 4028/4028 3956/3956 3955/3955
f 4028/4028 3879/3879 3878/3878
f 4028/4028 3878/3878 3877/3877
f 4028/4028 3877/3877 3876/3876
f 4028/4028 3876/3876 3875/3875
f 4028/4028 3875/3875 3874/3874
f 4028/4028 3874/3874 3873/3873
f 4028/4028 3873/3873 3872/3872
f 4028/4028 3872/3872 3871/3871
f 4028/4028 3871/3871 3870/3870
f 4028/4028 3870/3870 3869/3869
f 4028/4028 3869/3869 3868/3868
f 4028/4028 3868/3868 3867/3867
f 4028/4028 3867/3867 3866/3866
f 4028/4028 3866/3866 3865/3865
f 4028/4028 3865/3865 3864/3864
f 4028/4028 3864/3864 3863/3863
f 4028/4028 3863/3863 3862/3862
f 4028/4028 3955/3955 3879/3879
f 4028/4028 3862/3862 3861/3861
f 4028/4028 3861/3861 3860/3860
f 4028/4028 3860/3860 3859/3859
f 4028/4028 3859/3859 3858/3858
f 4028/4028 3858/3858 3857/3857
f 4028/4028 3857/3857 3856/3856
f 4028/4028 3856/3856 3855/3855
f 4028/4028 3855/3855 3854/3854
f 4028/4028 3854/3854 3853/3853
f 4028/4028 3853/3853 3852/3852
f 4028/4028 3852/3852 3851/3851
f 4028/4028 3851/3851 3850/3850
f 4028/4028 3850/3850 3849/3849
f 4028/4028 4027/4027 3989/3989
f 4028/4028 3849/3849 3848/3848
f 4028/4028 3989/3989 3988/3988
f 4028/4028 3988/3988 3987/3987
f 4028/4028 3987/3987 3986/3986
f 4028/4028 3986/3986 3985/3985
f 4028/4028 3985/3985 3984/3984
f 4028/4028 3984/3984 3983/3983
f 4028/4028 3983/3983 3982/3982
f 4028/4028 3982/3982 3981/3981
f 4028/4028 3981/3981 3980/3980
f 4028/4028 3980/3980 3979/3979
f 4028/4028 3979/3979 3978/3978
f 4028/4028 3978/3978 3977/3977
f 4028/4028 3977/3977 3976/3976
f 4028/4028 3976/3976 3975/3975
f 4028/4028 3975/3975 3974/3974
f 4028/4028 3974/3974 3973/3973
f 4028/4028 3973/3973 3972/3972
f 4028/4028 3972/3972 3971/3971
f 4028/4028 3971/3971 3970/3970
f 4028/4028 3970/3970 3969/3969
f 4028/4028 3969/3969 3968/3968
f 4028/4028 3968/3968 3967/3967
f 4028/4028 3967/3967 3966/3966
f 4028/4028 3966/3966 3965/3965
f 4028/4028 3965/3965 3964/3964
f 4028/4028 3964/3964 3963/3963
f 4028/4028 3963/3963 3962/3962
f 4028/4028 3962/3962 3961/3961
f 4028/4028 3961/3961 3960/3960
f 4028/4028 3960/3960 3959/3959
f 4028/4028 3959/3959 3958/3958
f 4028/4028 3958/3958 3957/3957
f 4028/4028 3957/3957 3956/3956
f 4028/4028 3845/3845 1449/1449
f 4028/4028 3846/3846 3845/3845
f 4028/4028 3847/3847 3846/3846
f 4028/4028 3848/3848 3847/3847
f 1524/1524 4027/4027 4028/4028
f 1524/1524 1453/1453 4027/4027
f 1524/1524 4028/4028 1449/1449
f 1442/1442 1524/1524 1449/1449
f 2413/2413 2447/2447 2434/2434
f 2424/2424 2447/2447 2413/2413
f 2285/2285 2413/2413 2286/2286
f 2285/2285 2424/2424 2413/2413
f 2401/2401 4029/4029 2402/2402
f 2401/2401 4030/4030 4029/4029
f 2400/2400 4031/4031 2403/2403
f 2400/2400 4032/4032 4031/4031
f 2393/2393 4033/4033 2394/2394
f 2393/2393 4034/4034 4033/4033
f 2392/2392 4035/4035 2395/2395
f 2392/2392 4036/4036 4035/4035
f 2385/2385 4037/4037 2386/2386
f 2385/2385 4038/4038 4037/4037
f 2384/2384 4039/4039 2387/2387
f 2384/2384 4040/4040 4039/4039
f 2377/2377 4041/4041 2378/2378
f 2377/2377 4042/4042 4041/4041
f 2376/2376 4043/4043 2379/2379
f 2376/2376 4044/4044 4043/4043
f 2370/2370 4045/4045 2371/2371
f 2370/2370 4046/4046 4045/4045
f 2368/2368 4047/4047 2369/2369
f 2368/2368 4048/4048 4047/4047
f 2362/2362 4049/4049 2363/2363
f 2362/2362 4050/4050 4049/4049
f 2360/2360 4051/4051 2361/2361
f 2360/2360 4052/4052 4051/4051
f 2353/2353 4053/4053 2354/2354
f 2353/2353 4054/4054 4053/4053
f 2352/2352 4055/4055 2355/2355
f 2352/2352 4056/4056 4055/4055
f 2345/2345 4057/4057 2346/2346
f 2345/2345 4058/4058 4057/4057
f 2344/2344 4059/4059 2347/2347
f 2344/2344 4060/4060 4059/4059
f 2338/2338 4061/4061 2339/2339
f 2338/2338 4062/4062 4061/4061
f 2336/2336 4063/4063 2337/2337
f 2336/2336 4064/4064 4063/4063
f 2330/2330 4065/4065 2328/2328
f 2330/2330 4066/4066 4065/4065
f 2331/2331 4067/4067 2329/2329
f 2331/2331 4068/4068 4067/4067
f 2322/2322 4069/4069 2323/2323
f 2322/2322 4070/4070 4069/4069
f 2320/2320 4071/4071 2321/2321
f 2320/2320 4072/4072 4071/4071
f 2310/2310 4073/4073 2316/2316
f 2310/2310 4074/4074 4073/4073
f 2315/2315 4075/4075 2313/2313
f 2315/2315 4076/4076 4075/4075
f 2302/2302 4077/4077 2308/2308
f 2302/2302 4078/4078 4077/4077
f 2307/2307 4079/4079 2305/2305
f 2307/2307 4080/4080 4079/4079
f 2298/2298 4081/4081 2304/2304
f 2298/2298 2558/2558 4081/4081
f 2303/2303 4082/4082 2301/2301
f 2303/2303 4083/4083 4082/4082
f 2306/2306 4084/4084 2312/2312
f 2306/2306 4085/4085 4084/4084
f 2311/2311 4086/4086 2309/2309
f 2311/2311 4087/4087 4086/4086
f 2314/2314 4088/4088 2317/2317
f 2314/2314 4089/4089 4088/4088
f 2319/2319 4090/4090 2318/2318
f 2319/2319 4091/4091 4090/4090
f 2326/2326 4092/4092 2327/2327
f 2326/2326 4093/4093 4092/4092
f 2324/2324 4094/4094 2325/2325
f 2324/2324 4095/4095 4094/4094
f 2334/2334 4096/4096 2335/2335
f 2334/2334 4097/4097 4096/4096
f 2332/2332 4098/4098 2333/2333
f 2332/2332 4099/4099 4098/4098
f 2341/2341 4100/4100 2342/2342
f 2341/2341 4101/4101 4100/4100
f 2340/2340 4102/4102 2343/2343
f 2340/2340 4103/4103 4102/4102
f 2349/2349 4104/4104 2350/2350
f 2349/2349 4105/4105 4104/4104
f 2348/2348 4106/4106 2351/2351
f 2348/2348 4107/4107 4106/4106
f 2358/2358 4108/4108 2359/2359
f 2358/2358 4109/4109 4108/4108
f 2356/2356 4110/4110 2357/2357
f 2356/2356 4111/4111 4110/4110
f 2366/2366 4112/4112 2367/2367
f 2366/2366 4113/4113 4112/4112
f 2364/2364 4114/4114 2365/2365
f 2364/2364 4115/4115 4114/4114
f 2373/2373 4116/4116 2374/2374
f 2373/2373 4117/4117 4116/4116
f 2372/2372 4118/4118 2375/2375
f 2372/2372 4119/4119 4118/4118
f 2381/2381 4120/4120 2382/2382
f 2381/2381 4121/4121 4120/4120
f 2380/2380 4122/4122 2383/2383
f 2380/2380 4123/4123 4122/4122
f 2390/2390 4124/4124 2388/2388
f 2390/2390 4125/4125 4124/4124
f 2391/2391 4126/4126 2389/2389
f 2391/2391 4127/4127 4126/4126
f 2397/2397 4128/4128 2398/2398
f 2397/2397 4129/4129 4128/4128
f 2396/2396 4130/4130 2399/2399
f 2396/2396 4131/4131 4130/4130
f 1975/1975 1972/1972 1977/1977
f 2403/2403 1975/1975 1977/1977
f 2661/2661 1981/1981 1975/1975
f 2661/2661 2403/2403 4031/4031
f 2661/2661 1975/1975 2403/2403
f 2662/2662 2661/2661 2554/2554
f 2662/2662 1981/1981 2661/2661
f 4078/4078 2302/2302 2301/2301
f 4082/4082 4078/4078 2301/2301
f 2453/2453 2454/2454 4078/4078
f 2453/2453 4078/4078 4082/4082
f 4085/4085 2306/2306 2305/2305
f 4079/4079 4085/4085 2305/2305
f 2457/2457 2458/2458 4085/4085
f 2457/2457 4085/4085 4079/4079
f 4074/4074 2310/2310 2309/2309
f 4086/4086 4074/4074 2309/2309
f 2461/2461 2462/2462 4074/4074
f 2461/2461 4074/4074 4086/4086
f 4089/4089 2314/2314 2313/2313
f 4075/4075 4089/4089 2313/2313
f 2465/2465 2466/2466 4089/4089
f 2465/2465 4089/4089 4075/4075
f 4070/4070 2322/2322 2318/2318
f 4090/4090 4070/4070 2318/2318
f 2469/2469 2470/2470 4070/4070
f 2469/2469 4070/4070 4090/4090
f 4093/4093 2326/2326 2321/2321
f 4071/4071 4093/4093 2321/2321
f 2473/2473 2474/2474 4093/4093
f 2473/2473 4093/4093 4071/4071
f 4066/4066 2330/2330 2325/2325
f 4094/4094 4066/4066 2325/2325
f 2477/2477 2478/2478 4066/4066
f 2477/2477 4066/4066 4094/4094
f 4097/4097 2334/2334 2329/2329
f 4067/4067 4097/4097 2329/2329
f 2481/2481 2482/2482 4097/4097
f 2481/2481 4097/4097 4067/4067
f 4062/4062 2338/2338 2333/2333
f 4098/4098 4062/4062 2333/2333
f 2485/2485 2486/2486 4062/4062
f 2485/2485 4062/4062 4098/4098
f 4101/4101 2341/2341 2337/2337
f 4063/4063 4101/4101 2337/2337
f 2489/2489 2494/2494 4101/4101
f 2489/2489 4101/4101 4063/4063
f 4058/4058 2345/2345 2343/2343
f 4102/4102 4058/4058 2343/2343
f 2495/2495 2498/2498 4058/4058
f 2495/2495 4058/4058 4102/4102
f 4105/4105 2349/2349 2347/2347
f 4059/4059 4105/4105 2347/2347
f 2499/2499 2502/2502 4105/4105
f 2499/2499 4105/4105 4059/4059
f 4054/4054 2353/2353 2351/2351
f 4106/4106 4054/4054 2351/2351
f 2503/2503 2506/2506 4054/4054
f 2503/2503 4054/4054 4106/4106
f 4109/4109 2358/2358 2355/2355
f 4055/4055 4109/4109 2355/2355
f 2507/2507 2509/2509 4109/4109
f 2507/2507 4109/4109 4055/4055
f 4050/4050 2362/2362 2357/2357
f 4110/4110 4050/4050 2357/2357
f 2510/2510 2513/2513 4050/4050
f 2510/2510 4050/4050 4110/4110
f 4113/4113 2366/2366 2361/2361
f 4051/4051 4113/4113 2361/2361
f 2514/2514 2517/2517 4113/4113
f 2514/2514 4113/4113 4051/4051
f 4046/4046 2370/2370 2365/2365
f 4114/4114 4046/4046 2365/2365
f 2518/2518 2521/2521 4046/4046
f 2518/2518 4046/4046 4114/4114
f 4117/4117 2373/2373 2369/2369
f 4047/4047 4117/4117 2369/2369
f 2522/2522 2525/2525 4117/4117
f 2522/2522 4117/4117 4047/4047
f 4042/4042 2377/2377 2375/2375
f 4118/4118 4042/4042 2375/2375
f 2526/2526 2530/2530 4042/4042
f 2526/2526 4042/4042 4118/4118
f 4121/4121 2381/2381 2379/2379
f 4043/4043 4121/4121 2379/2379
f 2531/2531 2534/2534 4121/4121
f 2531/2531 4121/4121 4043/4043
f 4038/4038 2385/2385 2383/2383
f 4122/4122 4038/4038 2383/2383
f 2535/2535 2537/2537 4038/4038
f 2535/2535 4038/4038 4122/4122
f 4125/4125 2390/2390 2387/2387
f 4039/4039 4125/4125 2387/2387
f 2538/2538 2542/2542 4125/4125
f 2538/2538 4125/4125 4039/4039
f 4034/4034 2393/2393 2389/2389
f 4126/4126 4034/4034 2389/2389
f 2543/2543 2546/2546 4034/4034
f 2543/2543 4034/4034 4126/4126
f 4129/4129 2397/2397 2395/2395
f 4035/4035 4129/4129 2395/2395
f 2547/2547 2550/2550 4129/4129
f 2547/2547 4129/4129 4035/4035
f 4030/4030 2401/2401 2399/2399
f 4130/4130 4030/4030 2399/2399
f 2551/2551 2553/2553 4030/4030
f 2551/2551 4030/4030 4130/4130
f 2553/2553 4029/4029 4030/4030
f 2553/2553 2556/2556 4029/4029
f 4032/4032 2400/2400 2402/2402
f 4029/4029 4032/4032 2402/2402
f 2556/2556 2557/2557 4032/4032
f 2556/2556 4032/4032 4029/4029
f 2555/2555 2661/2661 4031/4031
f 2557/2557 4031/4031 4032/4032
f 2557/2557 2555/2555 4031/4031
f 2546/2546 4033/4033 4034/4034
f 2546/2546 2545/2545 4033/4033
f 4036/4036 2392/2392 2394/2394
f 4033/4033 4036/4036 2394/2394
f 2545/2545 2544/2544 4036/4036
f 2545/2545 4036/4036 4033/4033
f 2544/2544 4035/4035 4036/4036
f 2544/2544 2547/2547 4035/4035
f 2537/2537 4037/4037 4038/4038
f 2537/2537 2536/2536 4037/4037
f 4040/4040 2384/2384 2386/2386
f 4037/4037 4040/4040 2386/2386
f 2536/2536 2539/2539 4040/4040
f 2536/2536 4040/4040 4037/4037
f 2539/2539 4039/4039 4040/4040
f 2539/2539 2538/2538 4039/4039
f 2530/2530 4041/4041 4042/4042
f 2530/2530 2529/2529 4041/4041
f 4044/4044 2376/2376 2378/2378
f 4041/4041 4044/4044 2378/2378
f 2529/2529 2528/2528 4044/4044
f 2529/2529 4044/4044 4041/4041
f 2528/2528 4043/4043 4044/4044
f 2528/2528 2531/2531 4043/4043
f 2521/2521 4045/4045 4046/4046
f 2521/2521 2520/2520 4045/4045
f 4048/4048 2368/2368 2371/2371
f 4045/4045 4048/4048 2371/2371
f 2520/2520 2523/2523 4048/4048
f 2520/2520 4048/4048 4045/4045
f 2523/2523 4047/4047 4048/4048
f 2523/2523 2522/2522 4047/4047
f 2513/2513 4049/4049 4050/4050
f 2513/2513 2515/2515 4049/4049
f 4052/4052 2360/2360 2363/2363
f 4049/4049 4052/4052 2363/2363
f 2515/2515 2512/2512 4052/4052
f 2515/2515 4052/4052 4049/4049
f 2512/2512 4051/4051 4052/4052
f 2512/2512 2514/2514 4051/4051
f 2506/2506 4053/4053 4054/4054
f 2506/2506 2505/2505 4053/4053
f 4056/4056 2352/2352 2354/2354
f 4053/4053 4056/4056 2354/2354
f 2505/2505 2504/2504 4056/4056
f 2505/2505 4056/4056 4053/4053
f 2504/2504 4055/4055 4056/4056
f 2504/2504 2507/2507 4055/4055
f 2498/2498 4057/4057 4058/4058
f 2498/2498 2497/2497 4057/4057
f 4060/4060 2344/2344 2346/2346
f 4057/4057 4060/4060 2346/2346
f 2497/2497 2496/2496 4060/4060
f 2497/2497 4060/4060 4057/4057
f 2496/2496 4059/4059 4060/4060
f 2496/2496 2499/2499 4059/4059
f 2486/2486 4061/4061 4062/4062
f 2486/2486 2491/2491 4061/4061
f 4064/4064 2336/2336 2339/2339
f 4061/4061 4064/4064 2339/2339
f 2491/2491 2490/2490 4064/4064
f 2491/2491 4064/4064 4061/4061
f 2490/2490 4063/4063 4064/4064
f 2490/2490 2489/2489 4063/4063
f 2478/2478 4065/4065 4066/4066
f 2478/2478 2484/2484 4065/4065
f 4068/4068 2331/2331 2328/2328
f 4065/4065 4068/4068 2328/2328
f 2484/2484 2483/2483 4068/4068
f 2484/2484 4068/4068 4065/4065
f 2483/2483 4067/4067 4068/4068
f 2483/2483 2481/2481 4067/4067
f 2470/2470 4069/4069 4070/4070
f 2470/2470 2476/2476 4069/4069
f 4072/4072 2320/2320 2323/2323
f 4069/4069 4072/4072 2323/2323
f 2476/2476 2475/2475 4072/4072
f 2476/2476 4072/4072 4069/4069
f 2475/2475 4071/4071 4072/4072
f 2475/2475 2473/2473 4071/4071
f 2462/2462 4073/4073 4074/4074
f 2462/2462 2468/2468 4073/4073
f 4076/4076 2315/2315 2316/2316
f 4073/4073 4076/4076 2316/2316
f 2468/2468 2467/2467 4076/4076
f 2468/2468 4076/4076 4073/4073
f 2467/2467 4075/4075 4076/4076
f 2467/2467 2465/2465 4075/4075
f 2454/2454 4077/4077 4078/4078
f 2454/2454 2460/2460 4077/4077
f 4080/4080 2307/2307 2308/2308
f 4077/4077 4080/4080 2308/2308
f 2460/2460 2459/2459 4080/4080
f 2460/2460 4080/4080 4077/4077
f 2459/2459 4079/4079 4080/4080
f 2459/2459 2457/2457 4079/4079
f 2452/2452 4081/4081 2558/2558
f 2452/2452 2456/2456 4081/4081
f 4083/4083 2303/2303 2304/2304
f 4081/4081 4083/4083 2304/2304
f 2456/2456 2455/2455 4083/4083
f 2456/2456 4083/4083 4081/4081
f 2455/2455 4082/4082 4083/4083
f 2455/2455 2453/2453 4082/4082
f 2458/2458 4084/4084 4085/4085
f 2458/2458 2463/2463 4084/4084
f 4087/4087 2311/2311 2312/2312
f 4084/4084 4087/4087 2312/2312
f 2463/2463 2464/2464 4087/4087
f 2463/2463 4087/4087 4084/4084
f 2464/2464 4086/4086 4087/4087
f 2464/2464 2461/2461 4086/4086
f 2466/2466 4088/4088 4089/4089
f 2466/2466 2471/2471 4088/4088
f 4091/4091 2319/2319 2317/2317
f 4088/4088 4091/4091 2317/2317
f 2471/2471 2472/2472 4091/4091
f 2471/2471 4091/4091 4088/4088
f 2472/2472 4090/4090 4091/4091
f 2472/2472 2469/2469 4090/4090
f 2474/2474 4092/4092 4093/4093
f 2474/2474 2480/2480 4092/4092
f 4095/4095 2324/2324 2327/2327
f 4092/4092 4095/4095 2327/2327
f 2480/2480 2479/2479 4095/4095
f 2480/2480 4095/4095 4092/4092
f 2479/2479 4094/4094 4095/4095
f 2479/2479 2477/2477 4094/4094
f 2482/2482 4096/4096 4097/4097
f 2482/2482 2488/2488 4096/4096
f 4099/4099 2332/2332 2335/2335
f 4096/4096 4099/4099 2335/2335
f 2488/2488 2487/2487 4099/4099
f 2488/2488 4099/4099 4096/4096
f 2487/2487 4098/4098 4099/4099
f 2487/2487 2485/2485 4098/4098
f 2494/2494 4100/4100 4101/4101
f 2494/2494 2493/2493 4100/4100
f 4103/4103 2340/2340 2342/2342
f 4100/4100 4103/4103 2342/2342
f 2493/2493 2492/2492 4103/4103
f 2493/2493 4103/4103 4100/4100
f 2492/2492 4102/4102 4103/4103
f 2492/2492 2495/2495 4102/4102
f 2502/2502 4104/4104 4105/4105
f 2502/2502 2501/2501 4104/4104
f 4107/4107 2348/2348 2350/2350
f 4104/4104 4107/4107 2350/2350
f 2501/2501 2500/2500 4107/4107
f 2501/2501 4107/4107 4104/4104
f 2500/2500 4106/4106 4107/4107
f 2500/2500 2503/2503 4106/4106
f 2509/2509 4108/4108 4109/4109
f 2509/2509 2511/2511 4108/4108
f 4111/4111 2356/2356 2359/2359
f 4108/4108 4111/4111 2359/2359
f 2511/2511 2508/2508 4111/4111
f 2511/2511 4111/4111 4108/4108
f 2508/2508 4110/4110 4111/4111
f 2508/2508 2510/2510 4110/4110
f 2517/2517 4112/4112 4113/4113
f 2517/2517 2519/2519 4112/4112
f 4115/4115 2364/2364 2367/2367
f 4112/4112 4115/4115 2367/2367
f 2519/2519 2516/2516 4115/4115
f 2519/2519 4115/4115 4112/4112
f 2516/2516 4114/4114 4115/4115
f 2516/2516 2518/2518 4114/4114
f 2525/2525 4116/4116 4117/4117
f 2525/2525 2527/2527 4116/4116
f 4119/4119 2372/2372 2374/2374
f 4116/4116 4119/4119 2374/2374
f 2527/2527 2524/2524 4119/4119
f 2527/2527 4119/4119 4116/4116
f 2524/2524 4118/4118 4119/4119
f 2524/2524 2526/2526 4118/4118
f 2534/2534 4120/4120 4121/4121
f 2534/2534 2533/2533 4120/4120
f 4123/4123 2380/2380 2382/2382
f 4120/4120 4123/4123 2382/2382
f 2533/2533 2532/2532 4123/4123
f 2533/2533 4123/4123 4120/4120
f 2532/2532 4122/4122 4123/4123
f 2532/2532 2535/2535 4122/4122
f 2542/2542 4124/4124 4125/4125
f 2542/2542 2541/2541 4124/4124
f 4127/4127 2391/2391 2388/2388
f 4124/4124 4127/4127 2388/2388
f 2541/2541 2540/2540 4127/4127
f 2541/2541 4127/4127 4124/4124
f 2540/2540 4126/4126 4127/4127
f 2540/2540 2543/2543 4126/4126
f 2550/2550 4128/4128 4129/4129
f 2550/2550 2549/2549 4128/4128
f 4131/4131 2396/2396 2398/2398
f 4128/4128 4131/4131 2398/2398
f 2549/2549 2548/2548 4131/4131
f 2549/2549 4131/4131 4128/4128
f 2548/2548 4130/4130 4131/4131
f 2548/2548 2551/2551 4130/4130
f 2266/2266 2404/2404 3721/3721
f 2658/2658 2274/2274 2266/2266
f 2658/2658 2266/2266 3721/3721
f 1443/1443 1445/1445 3672/3672
f 2552/2552 3672/3672 2663/2663
f 2552/2552 1443/1443 3672/3672
f 1440/1440 1443/1443 2552/2552
f 2271/2271 2660/2660 1441/1441
f 2271/2271 1441/1441 1440/1440
f 2275/2275 2660/2660 2271/2271
f 2552/2552 2271/2271 1440/1440
f 2606/2606 2659/2659 3722/3722
f 2606/2606 3722/3722 3723/3723
f 2660/2660 1439/1439 1441/1441
f 2660/2660 2264/2264 1439/1439
f 2262/2262 2607/2607 3724/3724
f 2262/2262 3724/3724 2263/2263
f 2607/2607 2564/2564 3741/3741
f 2607/2607 3741/3741 3724/3724
f 4132/4132 4133/4133 4134/4134
f 4135/4135 4133/4133 4132/4132
f 4133/4133 4136/4136 4134/4134
f 4133/4133 4137/4137 4136/4136
f 4136/4136 4138/4138 4139/4139
f 4137/4137 4138/4138 4136/4136
f 4138/4138 4132/4132 4139/4139
f 4138/4138 4135/4135 4132/4132
f 4137/4137 4135/4135 4138/4138
f 4137/4137 4133/4133 4135/4135
f 4134/4134 4136/4136 4139/4139
f 4134/4134 4139/4139 4132/4132
f 4140/4140 4141/4141 4142/4142
f 4143/4143 4141/4141 4140/4140
f 4141/4141 4144/4144 4142/4142
f 4141/4141 4145/4145 4144/4144
f 4144/4144 4146/4146 4147/4147
f 4145/4145 4146/4146 4144/4144
f 4146/4146 4140/4140 4147/4147
f 4146/4146 4143/4143 4140/4140
f 4145/4145 4143/4143 4146/4146
f 4145/4145 4141/4141 4143/4143
f 4142/4142 4144/4144 4147/4147
f 4142/4142 4147/4147 4140/4140

