ISO-10303-21;
HEADER;
/* Generated by software containing ST-Developer
 * from STEP Tools, Inc. (www.steptools.com) 
 */

FILE_DESCRIPTION(
/* description */ (''),
/* implementation_level */ '2;1');

FILE_NAME(
/* name */ 'tripod_platform v8.step',
/* time_stamp */ '2026-07-21T16:14:04-04:00',
/* author */ (''),
/* organization */ (''),
/* preprocessor_version */ 'ST-DEVELOPER v20.1',
/* originating_system */ 'Autodesk Translation Framework v15.8.0.0',
/* authorisation */ '');

FILE_SCHEMA (('AUTOMOTIVE_DESIGN { 1 0 10303 214 3 1 1 }'));
ENDSEC;

DATA;
#10=MECHANICAL_DESIGN_GEOMETRIC_PRESENTATION_REPRESENTATION('',(#13,#14,
#15,#16),#4295);
#11=SHAPE_REPRESENTATION_RELATIONSHIP('SRR','None',#4302,#12);
#12=ADVANCED_BREP_SHAPE_REPRESENTATION('',(#17,#18,#19,#20),#4294);
#13=STYLED_ITEM('',(#4311),#17);
#14=STYLED_ITEM('',(#4311),#18);
#15=STYLED_ITEM('',(#4311),#19);
#16=STYLED_ITEM('',(#4311),#20);
#17=MANIFOLD_SOLID_BREP('Body1',#2419);
#18=MANIFOLD_SOLID_BREP('Body11',#2420);
#19=MANIFOLD_SOLID_BREP('Body12',#2421);
#20=MANIFOLD_SOLID_BREP('Body13',#2422);
#21=FACE_BOUND('',#330,.T.);
#22=FACE_BOUND('',#338,.T.);
#23=FACE_BOUND('',#345,.T.);
#24=FACE_BOUND('',#348,.T.);
#25=FACE_BOUND('',#354,.T.);
#26=FACE_BOUND('',#355,.T.);
#27=FACE_BOUND('',#357,.T.);
#28=FACE_BOUND('',#358,.T.);
#29=ELLIPSE('',#2520,2.00000516507912,2.);
#30=ELLIPSE('',#2522,3.98432642135877,2.);
#31=ELLIPSE('',#2523,19.9216321067939,10.);
#32=ELLIPSE('',#2527,4.01581820325755,2.);
#33=ELLIPSE('',#2528,20.0790910162878,10.);
#34=ELLIPSE('',#2530,2.00000516507912,2.);
#35=ELLIPSE('',#2534,2.00000516507912,2.);
#36=ELLIPSE('',#2536,4.01581820325756,2.);
#37=ELLIPSE('',#2537,20.0790910162878,10.);
#38=ELLIPSE('',#2541,2.00000516507912,2.);
#39=ELLIPSE('',#2543,3.98432642135877,2.);
#40=ELLIPSE('',#2544,19.9216321067939,10.);
#41=B_SPLINE_SURFACE_WITH_KNOTS('',3,3,((#3569,#3570,#3571,#3572),(#3573,
#3574,#3575,#3576),(#3577,#3578,#3579,#3580),(#3581,#3582,#3583,#3584),
(#3585,#3586,#3587,#3588),(#3589,#3590,#3591,#3592),(#3593,#3594,#3595,
#3596)),.UNSPECIFIED.,.F.,.F.,.F.,(4,1,1,1,4),(4,4),(0.,0.285714285714286,
0.571428571428571,0.714285714285714,1.),(-3.99971787564889,-2.00053875945407),
 .UNSPECIFIED.);
#42=CYLINDRICAL_SURFACE('',#2452,30.);
#43=CYLINDRICAL_SURFACE('',#2466,1.);
#44=CYLINDRICAL_SURFACE('',#2509,4.95);
#45=CYLINDRICAL_SURFACE('',#2512,10.);
#46=CYLINDRICAL_SURFACE('',#2548,2.);
#47=CYLINDRICAL_SURFACE('',#2549,2.);
#48=CYLINDRICAL_SURFACE('',#2553,4.25);
#49=CYLINDRICAL_SURFACE('',#2558,4.25);
#50=CYLINDRICAL_SURFACE('',#2563,2.);
#51=CYLINDRICAL_SURFACE('',#2564,2.);
#52=CYLINDRICAL_SURFACE('',#2577,7.);
#53=CYLINDRICAL_SURFACE('',#2578,7.);
#54=CYLINDRICAL_SURFACE('',#2581,7.);
#55=CYLINDRICAL_SURFACE('',#2582,2.6);
#56=CYLINDRICAL_SURFACE('',#2583,2.6);
#57=CYLINDRICAL_SURFACE('',#2584,10.);
#58=CYLINDRICAL_SURFACE('',#2585,2.);
#59=CYLINDRICAL_SURFACE('',#2586,2.);
#60=CYLINDRICAL_SURFACE('',#2587,2.6);
#61=CYLINDRICAL_SURFACE('',#2588,2.6);
#62=CYLINDRICAL_SURFACE('',#2589,7.);
#63=CYLINDRICAL_SURFACE('',#2593,87.5);
#64=CYLINDRICAL_SURFACE('',#2597,1.);
#65=CIRCLE('',#2443,11.);
#66=CIRCLE('',#2445,30.);
#67=CIRCLE('',#2448,11.);
#68=CIRCLE('',#2450,4.95);
#69=CIRCLE('',#2451,86.5);
#70=CIRCLE('',#2453,30.);
#71=CIRCLE('',#2455,10.);
#72=CIRCLE('',#2456,2.);
#73=CIRCLE('',#2457,4.95);
#74=CIRCLE('',#2458,2.);
#75=CIRCLE('',#2459,10.);
#76=CIRCLE('',#2461,86.5);
#77=CIRCLE('',#2462,86.5);
#78=CIRCLE('',#2510,4.95);
#79=CIRCLE('',#2511,4.95);
#80=CIRCLE('',#2513,10.);
#81=CIRCLE('',#2515,2.);
#82=CIRCLE('',#2516,10.);
#83=CIRCLE('',#2525,2.6);
#84=CIRCLE('',#2539,2.6);
#85=CIRCLE('',#2546,7.);
#86=CIRCLE('',#2547,7.);
#87=CIRCLE('',#2551,4.25);
#88=CIRCLE('',#2552,2.6);
#89=CIRCLE('',#2554,4.25);
#90=CIRCLE('',#2556,4.25);
#91=CIRCLE('',#2557,2.6);
#92=CIRCLE('',#2559,4.25);
#93=CIRCLE('',#2561,7.);
#94=CIRCLE('',#2562,7.);
#95=CIRCLE('',#2566,7.);
#96=CIRCLE('',#2567,7.);
#97=CIRCLE('',#2568,2.6);
#98=CIRCLE('',#2569,2.6);
#99=CIRCLE('',#2571,7.);
#100=CIRCLE('',#2572,7.);
#101=CIRCLE('',#2573,2.6);
#102=CIRCLE('',#2574,2.6);
#103=CIRCLE('',#2576,2.);
#104=CIRCLE('',#2591,86.5);
#105=CIRCLE('',#2592,87.5);
#106=CIRCLE('',#2594,87.5);
#107=B_SPLINE_CURVE_WITH_KNOTS('',3,(#3299,#3300,#3301,#3302,#3303,#3304,
#3305,#3306,#3307,#3308,#3309,#3310,#3311,#3312),.UNSPECIFIED.,.F.,.F.,
(4,2,2,2,2,2,4),(0.335274549443195,0.388527246421693,0.441779943400192,
0.464501285455777,0.487222627511363,0.506362848131433,0.515762491119924),
 .UNSPECIFIED.);
#108=B_SPLINE_CURVE_WITH_KNOTS('',3,(#3327,#3328,#3329,#3330,#3331,#3332,
#3333,#3334,#3335,#3336,#3337,#3338,#3339,#3340,#3341,#3342,#3343,#3344,
#3345,#3346,#3347,#3348,#3349,#3350,#3351,#3352,#3353,#3354,#3355,#3356,
#3357,#3358,#3359,#3360,#3361,#3362,#3363,#3364,#3365,#3366,#3367,#3368,
#3369,#3370,#3371,#3372,#3373,#3374,#3375,#3376,#3377,#3378,#3379,#3380,
#3381,#3382,#3383,#3384,#3385,#3386,#3387,#3388,#3389,#3390,#3391,#3392,
#3393,#3394,#3395,#3396,#3397,#3398,#3399,#3400,#3401,#3402,#3403,#3404,
#3405,#3406,#3407,#3408),.UNSPECIFIED.,.F.,.F.,(4,3,3,3,3,3,3,3,3,3,3,3,
3,3,3,3,3,3,3,3,3,3,3,3,3,3,3,4),(0.,0.123944476315877,0.249302120937826,
0.375584325484784,0.502111955233729,0.628145207831307,0.752765415367628,
0.781188060511759,0.87406690520863,0.999619571618662,1.12571983809625,1.25172026024312,
1.31148542430409,1.43784130529524,1.56240132930904,1.68762617660913,1.81412624380333,
1.94067499649881,2.06626063150963,2.18547185035653,2.311709900362,2.34366335732227,
2.46855752088093,2.59453123283433,2.72095700639823,2.84695806560204,2.97140977432118,
3.05882086313839),.UNSPECIFIED.);
#109=B_SPLINE_CURVE_WITH_KNOTS('',3,(#3423,#3424,#3425,#3426,#3427,#3428,
#3429,#3430,#3431,#3432,#3433,#3434,#3435,#3436),.UNSPECIFIED.,.F.,.F.,
(4,2,2,2,2,2,4),(0.218061314073008,0.227460957061498,0.246601177681569,
0.269322519737154,0.29204386179274,0.345296558771238,0.398549255749737),
 .UNSPECIFIED.);
#110=B_SPLINE_CURVE_WITH_KNOTS('',3,(#3479,#3480,#3481,#3482,#3483,#3484,
#3485,#3486,#3487,#3488,#3489,#3490,#3491,#3492,#3493,#3494,#3495,#3496,
#3497,#3498,#3499,#3500,#3501,#3502,#3503,#3504,#3505,#3506,#3507,#3508,
#3509,#3510,#3511,#3512,#3513,#3514,#3515,#3516,#3517,#3518,#3519,#3520,
#3521,#3522,#3523,#3524,#3525,#3526,#3527,#3528,#3529,#3530,#3531,#3532,
#3533,#3534,#3535,#3536,#3537,#3538,#3539,#3540,#3541,#3542,#3543,#3544,
#3545,#3546,#3547,#3548,#3549,#3550,#3551,#3552,#3553,#3554,#3555,#3556,
#3557,#3558,#3559,#3560,#3561,#3562,#3563),.UNSPECIFIED.,.F.,.F.,(4,3,3,
3,3,3,3,3,3,3,3,3,3,3,3,3,3,3,3,3,3,3,3,3,3,3,3,3,4),(0.,0.124125690988187,
0.249622609139593,0.382520583307743,0.508901465201011,0.634641357697401,
0.758802913685627,0.781214505812194,0.873749599993657,0.998437733589574,
1.12432161116817,1.25091648580201,1.37726378762502,1.50238803924961,1.56251308961192,
1.68880973648825,1.74765330856535,1.87351985818185,1.99971089517459,2.12545846413486,
2.18515462048067,2.31143814431463,2.34388934673931,2.46912359243916,2.5952986731843,
2.72171754297863,2.8476205981619,2.97189295043682,3.05881947257226),
 .UNSPECIFIED.);
#111=B_SPLINE_CURVE_WITH_KNOTS('',3,(#3600,#3601,#3602,#3603),
 .UNSPECIFIED.,.F.,.F.,(4,4),(-3.99971787564889,-2.00053875945407),
 .UNSPECIFIED.);
#112=B_SPLINE_CURVE_WITH_KNOTS('',3,(#3621,#3622,#3623,#3624,#3625,#3626,
#3627,#3628,#3629,#3630),.UNSPECIFIED.,.F.,.F.,(4,2,2,2,4),(0.,0.0376789677965824,
0.0753579355931648,0.113355588245351,0.151353240897536),.UNSPECIFIED.);
#113=B_SPLINE_CURVE_WITH_KNOTS('',3,(#3632,#3633,#3634,#3635,#3636,#3637,
#3638,#3639,#3640,#3641),.UNSPECIFIED.,.F.,.F.,(4,2,2,2,4),(0.302336298417643,
0.340007486541049,0.377678674664456,0.415426656502813,0.453174638341169),
 .UNSPECIFIED.);
#114=B_SPLINE_CURVE_WITH_KNOTS('',3,(#3644,#3645,#3646,#3647,#3648,#3649,
#3650,#3651,#3652,#3653),.UNSPECIFIED.,.F.,.F.,(4,2,2,2,4),(0.15427950206054,
0.192277154712725,0.230274807364911,0.267953775161493,0.305632742958076),
 .UNSPECIFIED.);
#115=B_SPLINE_CURVE_WITH_KNOTS('',3,(#3883,#3884,#3885,#3886,#3887,#3888,
#3889,#3890,#3891,#3892),.UNSPECIFIED.,.F.,.F.,(4,2,2,2,4),(0.305632742958076,
0.343311710754658,0.380990678551241,0.418988331203426,0.456985983855612),
 .UNSPECIFIED.);
#116=B_SPLINE_CURVE_WITH_KNOTS('',3,(#3893,#3894,#3895,#3896,#3897,#3898,
#3899,#3900,#3901,#3902),.UNSPECIFIED.,.F.,.F.,(4,2,2,2,4),(-0.151353240897536,
-0.113355588245351,-0.0753579355931648,-0.0376789677965824,0.),
 .UNSPECIFIED.);
#117=B_SPLINE_CURVE_WITH_KNOTS('',3,(#3910,#3911,#3912,#3913,#3914,#3915,
#3916,#3917,#3918,#3919),.UNSPECIFIED.,.F.,.F.,(4,2,2,2,4),(2.19107782721509,
2.20073824481851,2.36309859249846,2.46679219758323,2.57048580266801),
 .UNSPECIFIED.);
#118=B_SPLINE_CURVE_WITH_KNOTS('',3,(#3921,#3922,#3923,#3924,#3925,#3926,
#3927,#3928,#3929,#3930),.UNSPECIFIED.,.F.,.F.,(4,2,2,2,4),(2.57048580266801,
2.67417940775279,2.77787301283756,2.94023336051751,2.94989377812093),
 .UNSPECIFIED.);
#119=B_SPLINE_CURVE_WITH_KNOTS('',3,(#3934,#3935,#3936,#3937,#3938,#3939,
#3940,#3941,#3942,#3943),.UNSPECIFIED.,.F.,.F.,(4,2,2,2,4),(2.19107782721509,
2.20073824481851,2.36309859249846,2.46679219758323,2.57048580266801),
 .UNSPECIFIED.);
#120=B_SPLINE_CURVE_WITH_KNOTS('',3,(#3945,#3946,#3947,#3948,#3949,#3950,
#3951,#3952,#3953,#3954),.UNSPECIFIED.,.F.,.F.,(4,2,2,2,4),(2.57048580266801,
2.67417940775279,2.77787301283756,2.94023336051751,2.94989377812093),
 .UNSPECIFIED.);
#121=B_SPLINE_CURVE_WITH_KNOTS('',3,(#4085,#4086,#4087,#4088,#4089,#4090,
#4091,#4092),.UNSPECIFIED.,.F.,.F.,(4,2,2,4),(0.940879551998752,1.02803820271074,
1.11519685342274,1.17679699914099),.UNSPECIFIED.);
#122=B_SPLINE_CURVE_WITH_KNOTS('',3,(#4095,#4096,#4097,#4098,#4099,#4100,
#4101,#4102),.UNSPECIFIED.,.F.,.F.,(4,2,2,4),(0.0968392181029558,0.158439363821211,
0.245598014533204,0.332756665245196),.UNSPECIFIED.);
#123=B_SPLINE_CURVE_WITH_KNOTS('',3,(#4111,#4112,#4113,#4114,#4115,#4116,
#4117,#4118),.UNSPECIFIED.,.F.,.F.,(4,2,2,4),(0.940879551998752,1.02803820271074,
1.11519685342274,1.17679699914099),.UNSPECIFIED.);
#124=B_SPLINE_CURVE_WITH_KNOTS('',3,(#4121,#4122,#4123,#4124,#4125,#4126,
#4127,#4128),.UNSPECIFIED.,.F.,.F.,(4,2,2,4),(0.0968392181029558,0.158439363821211,
0.245598014533204,0.332756665245196),.UNSPECIFIED.);
#125=B_SPLINE_CURVE_WITH_KNOTS('',3,(#4182,#4183,#4184,#4185,#4186,#4187,
#4188,#4189,#4190,#4191),.UNSPECIFIED.,.F.,.F.,(4,2,2,2,4),(0.151497958494116,
0.189245940332472,0.226993922170829,0.264665110294236,0.302336298417643),
 .UNSPECIFIED.);
#126=CONICAL_SURFACE('',#2442,10.5,0.785398163397449);
#127=CONICAL_SURFACE('',#2447,10.5,0.785398163397449);
#128=CONICAL_SURFACE('',#2590,87.,0.785398163397447);
#129=CONICAL_SURFACE('',#2596,87.,0.785398163397447);
#130=(
BOUNDED_CURVE()
B_SPLINE_CURVE(2,(#3289,#3290,#3291),.UNSPECIFIED.,.F.,.F.)
B_SPLINE_CURVE_WITH_KNOTS((3,3),(0.328484634222467,0.495254216173757),
 .UNSPECIFIED.)
CURVE()
GEOMETRIC_REPRESENTATION_ITEM()
RATIONAL_B_SPLINE_CURVE((1.,1.,1.))
REPRESENTATION_ITEM('')
);
#131=(
BOUNDED_CURVE()
B_SPLINE_CURVE(2,(#3323,#3324,#3325),.UNSPECIFIED.,.F.,.F.)
B_SPLINE_CURVE_WITH_KNOTS((3,3),(0.288845269572538,0.430720815941808),
 .UNSPECIFIED.)
CURVE()
GEOMETRIC_REPRESENTATION_ITEM()
RATIONAL_B_SPLINE_CURVE((1.00020689993791,1.00022282408051,1.00020447492891))
REPRESENTATION_ITEM('')
);
#132=(
BOUNDED_CURVE()
B_SPLINE_CURVE(2,(#3413,#3414,#3415),.UNSPECIFIED.,.F.,.F.)
B_SPLINE_CURVE_WITH_KNOTS((3,3),(0.338862647983843,0.505632229935132),
 .UNSPECIFIED.)
CURVE()
GEOMETRIC_REPRESENTATION_ITEM()
RATIONAL_B_SPLINE_CURVE((1.,1.,1.))
REPRESENTATION_ITEM('')
);
#133=(
BOUNDED_CURVE()
B_SPLINE_CURVE(2,(#3564,#3565,#3566),.UNSPECIFIED.,.F.,.F.)
B_SPLINE_CURVE_WITH_KNOTS((3,3),(0.278806856686041,0.420682403060887),
 .UNSPECIFIED.)
CURVE()
GEOMETRIC_REPRESENTATION_ITEM()
RATIONAL_B_SPLINE_CURVE((1.0002044749289,1.00022282408051,1.00020689993791))
REPRESENTATION_ITEM('')
);
#134=FACE_OUTER_BOUND('',#261,.T.);
#135=FACE_OUTER_BOUND('',#262,.T.);
#136=FACE_OUTER_BOUND('',#263,.T.);
#137=FACE_OUTER_BOUND('',#264,.T.);
#138=FACE_OUTER_BOUND('',#265,.T.);
#139=FACE_OUTER_BOUND('',#266,.T.);
#140=FACE_OUTER_BOUND('',#267,.T.);
#141=FACE_OUTER_BOUND('',#268,.T.);
#142=FACE_OUTER_BOUND('',#269,.T.);
#143=FACE_OUTER_BOUND('',#270,.T.);
#144=FACE_OUTER_BOUND('',#271,.T.);
#145=FACE_OUTER_BOUND('',#272,.T.);
#146=FACE_OUTER_BOUND('',#273,.T.);
#147=FACE_OUTER_BOUND('',#274,.T.);
#148=FACE_OUTER_BOUND('',#275,.T.);
#149=FACE_OUTER_BOUND('',#276,.T.);
#150=FACE_OUTER_BOUND('',#277,.T.);
#151=FACE_OUTER_BOUND('',#278,.T.);
#152=FACE_OUTER_BOUND('',#279,.T.);
#153=FACE_OUTER_BOUND('',#280,.T.);
#154=FACE_OUTER_BOUND('',#281,.T.);
#155=FACE_OUTER_BOUND('',#282,.T.);
#156=FACE_OUTER_BOUND('',#283,.T.);
#157=FACE_OUTER_BOUND('',#284,.T.);
#158=FACE_OUTER_BOUND('',#285,.T.);
#159=FACE_OUTER_BOUND('',#286,.T.);
#160=FACE_OUTER_BOUND('',#287,.T.);
#161=FACE_OUTER_BOUND('',#288,.T.);
#162=FACE_OUTER_BOUND('',#289,.T.);
#163=FACE_OUTER_BOUND('',#290,.T.);
#164=FACE_OUTER_BOUND('',#291,.T.);
#165=FACE_OUTER_BOUND('',#292,.T.);
#166=FACE_OUTER_BOUND('',#293,.T.);
#167=FACE_OUTER_BOUND('',#294,.T.);
#168=FACE_OUTER_BOUND('',#295,.T.);
#169=FACE_OUTER_BOUND('',#296,.T.);
#170=FACE_OUTER_BOUND('',#297,.T.);
#171=FACE_OUTER_BOUND('',#298,.T.);
#172=FACE_OUTER_BOUND('',#299,.T.);
#173=FACE_OUTER_BOUND('',#300,.T.);
#174=FACE_OUTER_BOUND('',#301,.T.);
#175=FACE_OUTER_BOUND('',#302,.T.);
#176=FACE_OUTER_BOUND('',#303,.T.);
#177=FACE_OUTER_BOUND('',#304,.T.);
#178=FACE_OUTER_BOUND('',#305,.T.);
#179=FACE_OUTER_BOUND('',#306,.T.);
#180=FACE_OUTER_BOUND('',#307,.T.);
#181=FACE_OUTER_BOUND('',#308,.T.);
#182=FACE_OUTER_BOUND('',#309,.T.);
#183=FACE_OUTER_BOUND('',#310,.T.);
#184=FACE_OUTER_BOUND('',#311,.T.);
#185=FACE_OUTER_BOUND('',#312,.T.);
#186=FACE_OUTER_BOUND('',#313,.T.);
#187=FACE_OUTER_BOUND('',#314,.T.);
#188=FACE_OUTER_BOUND('',#315,.T.);
#189=FACE_OUTER_BOUND('',#316,.T.);
#190=FACE_OUTER_BOUND('',#317,.T.);
#191=FACE_OUTER_BOUND('',#318,.T.);
#192=FACE_OUTER_BOUND('',#319,.T.);
#193=FACE_OUTER_BOUND('',#320,.T.);
#194=FACE_OUTER_BOUND('',#321,.T.);
#195=FACE_OUTER_BOUND('',#322,.T.);
#196=FACE_OUTER_BOUND('',#323,.T.);
#197=FACE_OUTER_BOUND('',#324,.T.);
#198=FACE_OUTER_BOUND('',#325,.T.);
#199=FACE_OUTER_BOUND('',#326,.T.);
#200=FACE_OUTER_BOUND('',#327,.T.);
#201=FACE_OUTER_BOUND('',#328,.T.);
#202=FACE_OUTER_BOUND('',#329,.T.);
#203=FACE_OUTER_BOUND('',#331,.T.);
#204=FACE_OUTER_BOUND('',#332,.T.);
#205=FACE_OUTER_BOUND('',#333,.T.);
#206=FACE_OUTER_BOUND('',#334,.T.);
#207=FACE_OUTER_BOUND('',#335,.T.);
#208=FACE_OUTER_BOUND('',#336,.T.);
#209=FACE_OUTER_BOUND('',#337,.T.);
#210=FACE_OUTER_BOUND('',#339,.T.);
#211=FACE_OUTER_BOUND('',#340,.T.);
#212=FACE_OUTER_BOUND('',#341,.T.);
#213=FACE_OUTER_BOUND('',#342,.T.);
#214=FACE_OUTER_BOUND('',#343,.T.);
#215=FACE_OUTER_BOUND('',#344,.T.);
#216=FACE_OUTER_BOUND('',#346,.T.);
#217=FACE_OUTER_BOUND('',#347,.T.);
#218=FACE_OUTER_BOUND('',#349,.T.);
#219=FACE_OUTER_BOUND('',#350,.T.);
#220=FACE_OUTER_BOUND('',#351,.T.);
#221=FACE_OUTER_BOUND('',#352,.T.);
#222=FACE_OUTER_BOUND('',#353,.T.);
#223=FACE_OUTER_BOUND('',#356,.T.);
#224=FACE_OUTER_BOUND('',#359,.T.);
#225=FACE_OUTER_BOUND('',#360,.T.);
#226=FACE_OUTER_BOUND('',#361,.T.);
#227=FACE_OUTER_BOUND('',#362,.T.);
#228=FACE_OUTER_BOUND('',#363,.T.);
#229=FACE_OUTER_BOUND('',#364,.T.);
#230=FACE_OUTER_BOUND('',#365,.T.);
#231=FACE_OUTER_BOUND('',#366,.T.);
#232=FACE_OUTER_BOUND('',#367,.T.);
#233=FACE_OUTER_BOUND('',#368,.T.);
#234=FACE_OUTER_BOUND('',#369,.T.);
#235=FACE_OUTER_BOUND('',#370,.T.);
#236=FACE_OUTER_BOUND('',#371,.T.);
#237=FACE_OUTER_BOUND('',#372,.T.);
#238=FACE_OUTER_BOUND('',#373,.T.);
#239=FACE_OUTER_BOUND('',#374,.T.);
#240=FACE_OUTER_BOUND('',#375,.T.);
#241=FACE_OUTER_BOUND('',#376,.T.);
#242=FACE_OUTER_BOUND('',#377,.T.);
#243=FACE_OUTER_BOUND('',#378,.T.);
#244=FACE_OUTER_BOUND('',#379,.T.);
#245=FACE_OUTER_BOUND('',#380,.T.);
#246=FACE_OUTER_BOUND('',#381,.T.);
#247=FACE_OUTER_BOUND('',#382,.T.);
#248=FACE_OUTER_BOUND('',#383,.T.);
#249=FACE_OUTER_BOUND('',#384,.T.);
#250=FACE_OUTER_BOUND('',#385,.T.);
#251=FACE_OUTER_BOUND('',#386,.T.);
#252=FACE_OUTER_BOUND('',#387,.T.);
#253=FACE_OUTER_BOUND('',#388,.T.);
#254=FACE_OUTER_BOUND('',#389,.T.);
#255=FACE_OUTER_BOUND('',#390,.T.);
#256=FACE_OUTER_BOUND('',#391,.T.);
#257=FACE_OUTER_BOUND('',#392,.T.);
#258=FACE_OUTER_BOUND('',#393,.T.);
#259=FACE_OUTER_BOUND('',#394,.T.);
#260=FACE_OUTER_BOUND('',#395,.T.);
#261=EDGE_LOOP('',(#1503,#1504,#1505,#1506,#1507,#1508));
#262=EDGE_LOOP('',(#1509,#1510,#1511,#1512));
#263=EDGE_LOOP('',(#1513,#1514,#1515,#1516));
#264=EDGE_LOOP('',(#1517,#1518,#1519,#1520,#1521));
#265=EDGE_LOOP('',(#1522,#1523,#1524,#1525));
#266=EDGE_LOOP('',(#1526,#1527,#1528,#1529));
#267=EDGE_LOOP('',(#1530,#1531,#1532));
#268=EDGE_LOOP('',(#1533,#1534,#1535,#1536,#1537,#1538,#1539,#1540,#1541));
#269=EDGE_LOOP('',(#1542,#1543,#1544,#1545));
#270=EDGE_LOOP('',(#1546,#1547,#1548));
#271=EDGE_LOOP('',(#1549,#1550,#1551,#1552,#1553,#1554,#1555,#1556));
#272=EDGE_LOOP('',(#1557,#1558,#1559,#1560));
#273=EDGE_LOOP('',(#1561,#1562,#1563,#1564,#1565,#1566,#1567,#1568,#1569,
#1570,#1571,#1572,#1573,#1574));
#274=EDGE_LOOP('',(#1575,#1576,#1577,#1578,#1579,#1580,#1581,#1582,#1583));
#275=EDGE_LOOP('',(#1584,#1585,#1586,#1587,#1588));
#276=EDGE_LOOP('',(#1589,#1590,#1591,#1592));
#277=EDGE_LOOP('',(#1593,#1594,#1595,#1596,#1597));
#278=EDGE_LOOP('',(#1598,#1599,#1600,#1601,#1602));
#279=EDGE_LOOP('',(#1603,#1604,#1605,#1606,#1607,#1608));
#280=EDGE_LOOP('',(#1609,#1610,#1611,#1612));
#281=EDGE_LOOP('',(#1613,#1614,#1615,#1616));
#282=EDGE_LOOP('',(#1617,#1618,#1619,#1620,#1621,#1622,#1623,#1624));
#283=EDGE_LOOP('',(#1625,#1626,#1627,#1628,#1629,#1630,#1631,#1632,#1633));
#284=EDGE_LOOP('',(#1634,#1635,#1636,#1637));
#285=EDGE_LOOP('',(#1638,#1639,#1640,#1641,#1642,#1643,#1644));
#286=EDGE_LOOP('',(#1645,#1646,#1647,#1648,#1649,#1650,#1651));
#287=EDGE_LOOP('',(#1652,#1653,#1654,#1655));
#288=EDGE_LOOP('',(#1656,#1657,#1658,#1659));
#289=EDGE_LOOP('',(#1660,#1661,#1662,#1663,#1664,#1665,#1666,#1667,#1668,
#1669,#1670,#1671,#1672,#1673,#1674,#1675,#1676,#1677,#1678,#1679));
#290=EDGE_LOOP('',(#1680,#1681,#1682,#1683));
#291=EDGE_LOOP('',(#1684,#1685,#1686,#1687,#1688,#1689,#1690));
#292=EDGE_LOOP('',(#1691,#1692,#1693,#1694,#1695,#1696,#1697));
#293=EDGE_LOOP('',(#1698,#1699,#1700,#1701));
#294=EDGE_LOOP('',(#1702,#1703,#1704,#1705,#1706,#1707,#1708,#1709,#1710,
#1711,#1712,#1713,#1714,#1715,#1716,#1717,#1718,#1719,#1720,#1721,#1722,
#1723));
#295=EDGE_LOOP('',(#1724,#1725,#1726,#1727));
#296=EDGE_LOOP('',(#1728,#1729,#1730,#1731));
#297=EDGE_LOOP('',(#1732,#1733,#1734,#1735));
#298=EDGE_LOOP('',(#1736,#1737,#1738,#1739));
#299=EDGE_LOOP('',(#1740,#1741,#1742,#1743));
#300=EDGE_LOOP('',(#1744,#1745,#1746,#1747));
#301=EDGE_LOOP('',(#1748,#1749,#1750,#1751));
#302=EDGE_LOOP('',(#1752,#1753,#1754,#1755));
#303=EDGE_LOOP('',(#1756,#1757,#1758,#1759));
#304=EDGE_LOOP('',(#1760,#1761,#1762,#1763));
#305=EDGE_LOOP('',(#1764,#1765,#1766,#1767));
#306=EDGE_LOOP('',(#1768,#1769,#1770,#1771));
#307=EDGE_LOOP('',(#1772,#1773,#1774,#1775));
#308=EDGE_LOOP('',(#1776,#1777,#1778,#1779));
#309=EDGE_LOOP('',(#1780,#1781,#1782,#1783));
#310=EDGE_LOOP('',(#1784,#1785,#1786,#1787));
#311=EDGE_LOOP('',(#1788,#1789,#1790,#1791));
#312=EDGE_LOOP('',(#1792,#1793,#1794,#1795));
#313=EDGE_LOOP('',(#1796,#1797,#1798,#1799));
#314=EDGE_LOOP('',(#1800,#1801,#1802,#1803,#1804,#1805,#1806,#1807));
#315=EDGE_LOOP('',(#1808,#1809,#1810,#1811));
#316=EDGE_LOOP('',(#1812,#1813,#1814,#1815,#1816,#1817,#1818,#1819,#1820,
#1821,#1822,#1823,#1824,#1825,#1826,#1827));
#317=EDGE_LOOP('',(#1828,#1829,#1830,#1831));
#318=EDGE_LOOP('',(#1832,#1833,#1834,#1835));
#319=EDGE_LOOP('',(#1836,#1837,#1838,#1839));
#320=EDGE_LOOP('',(#1840,#1841,#1842,#1843));
#321=EDGE_LOOP('',(#1844,#1845,#1846,#1847,#1848,#1849));
#322=EDGE_LOOP('',(#1850,#1851,#1852,#1853,#1854,#1855,#1856,#1857,#1858,
#1859));
#323=EDGE_LOOP('',(#1860,#1861,#1862,#1863,#1864,#1865,#1866,#1867,#1868,
#1869,#1870));
#324=EDGE_LOOP('',(#1871,#1872,#1873,#1874,#1875,#1876,#1877));
#325=EDGE_LOOP('',(#1878,#1879,#1880,#1881));
#326=EDGE_LOOP('',(#1882,#1883,#1884,#1885));
#327=EDGE_LOOP('',(#1886,#1887,#1888,#1889,#1890));
#328=EDGE_LOOP('',(#1891,#1892,#1893,#1894,#1895));
#329=EDGE_LOOP('',(#1896,#1897,#1898,#1899,#1900,#1901));
#330=EDGE_LOOP('',(#1902));
#331=EDGE_LOOP('',(#1903,#1904,#1905,#1906,#1907));
#332=EDGE_LOOP('',(#1908,#1909,#1910,#1911,#1912));
#333=EDGE_LOOP('',(#1913,#1914,#1915,#1916));
#334=EDGE_LOOP('',(#1917,#1918,#1919,#1920));
#335=EDGE_LOOP('',(#1921,#1922,#1923,#1924,#1925));
#336=EDGE_LOOP('',(#1926,#1927,#1928,#1929,#1930));
#337=EDGE_LOOP('',(#1931,#1932,#1933,#1934,#1935,#1936));
#338=EDGE_LOOP('',(#1937));
#339=EDGE_LOOP('',(#1938,#1939,#1940,#1941,#1942));
#340=EDGE_LOOP('',(#1943,#1944,#1945,#1946,#1947));
#341=EDGE_LOOP('',(#1948,#1949,#1950,#1951,#1952,#1953,#1954,#1955,#1956,
#1957,#1958,#1959,#1960,#1961,#1962,#1963));
#342=EDGE_LOOP('',(#1964,#1965,#1966,#1967,#1968));
#343=EDGE_LOOP('',(#1969,#1970,#1971,#1972,#1973));
#344=EDGE_LOOP('',(#1974));
#345=EDGE_LOOP('',(#1975));
#346=EDGE_LOOP('',(#1976,#1977,#1978,#1979,#1980,#1981,#1982,#1983));
#347=EDGE_LOOP('',(#1984));
#348=EDGE_LOOP('',(#1985));
#349=EDGE_LOOP('',(#1986,#1987,#1988,#1989,#1990,#1991,#1992,#1993));
#350=EDGE_LOOP('',(#1994,#1995,#1996,#1997,#1998,#1999,#2000,#2001,#2002,
#2003));
#351=EDGE_LOOP('',(#2004,#2005,#2006,#2007));
#352=EDGE_LOOP('',(#2008,#2009,#2010,#2011));
#353=EDGE_LOOP('',(#2012,#2013,#2014,#2015,#2016,#2017));
#354=EDGE_LOOP('',(#2018));
#355=EDGE_LOOP('',(#2019));
#356=EDGE_LOOP('',(#2020,#2021,#2022,#2023,#2024,#2025));
#357=EDGE_LOOP('',(#2026));
#358=EDGE_LOOP('',(#2027));
#359=EDGE_LOOP('',(#2028,#2029,#2030,#2031,#2032,#2033,#2034));
#360=EDGE_LOOP('',(#2035,#2036,#2037,#2038));
#361=EDGE_LOOP('',(#2039,#2040,#2041,#2042));
#362=EDGE_LOOP('',(#2043,#2044,#2045,#2046));
#363=EDGE_LOOP('',(#2047,#2048,#2049,#2050));
#364=EDGE_LOOP('',(#2051,#2052,#2053,#2054));
#365=EDGE_LOOP('',(#2055,#2056,#2057,#2058));
#366=EDGE_LOOP('',(#2059,#2060,#2061,#2062));
#367=EDGE_LOOP('',(#2063,#2064,#2065,#2066,#2067,#2068,#2069,#2070,#2071,
#2072,#2073));
#368=EDGE_LOOP('',(#2074,#2075,#2076,#2077));
#369=EDGE_LOOP('',(#2078,#2079,#2080,#2081,#2082,#2083));
#370=EDGE_LOOP('',(#2084,#2085,#2086,#2087));
#371=EDGE_LOOP('',(#2088,#2089,#2090,#2091));
#372=EDGE_LOOP('',(#2092,#2093,#2094,#2095));
#373=EDGE_LOOP('',(#2096,#2097,#2098,#2099));
#374=EDGE_LOOP('',(#2100,#2101,#2102,#2103));
#375=EDGE_LOOP('',(#2104));
#376=EDGE_LOOP('',(#2105,#2106,#2107,#2108,#2109,#2110,#2111,#2112,#2113,
#2114));
#377=EDGE_LOOP('',(#2115,#2116,#2117,#2118,#2119,#2120));
#378=EDGE_LOOP('',(#2121,#2122,#2123,#2124));
#379=EDGE_LOOP('',(#2125,#2126,#2127,#2128));
#380=EDGE_LOOP('',(#2129,#2130,#2131,#2132));
#381=EDGE_LOOP('',(#2133,#2134,#2135,#2136));
#382=EDGE_LOOP('',(#2137,#2138,#2139,#2140));
#383=EDGE_LOOP('',(#2141,#2142,#2143,#2144));
#384=EDGE_LOOP('',(#2145,#2146,#2147,#2148));
#385=EDGE_LOOP('',(#2149,#2150,#2151,#2152));
#386=EDGE_LOOP('',(#2153,#2154,#2155,#2156));
#387=EDGE_LOOP('',(#2157,#2158,#2159,#2160));
#388=EDGE_LOOP('',(#2161,#2162,#2163,#2164));
#389=EDGE_LOOP('',(#2165,#2166,#2167,#2168));
#390=EDGE_LOOP('',(#2169,#2170,#2171,#2172));
#391=EDGE_LOOP('',(#2173,#2174,#2175,#2176));
#392=EDGE_LOOP('',(#2177,#2178,#2179,#2180));
#393=EDGE_LOOP('',(#2181,#2182,#2183,#2184));
#394=EDGE_LOOP('',(#2185,#2186,#2187,#2188));
#395=EDGE_LOOP('',(#2189,#2190,#2191,#2192));
#396=LINE('',#3250,#664);
#397=LINE('',#3252,#665);
#398=LINE('',#3254,#666);
#399=LINE('',#3256,#667);
#400=LINE('',#3258,#668);
#401=LINE('',#3259,#669);
#402=LINE('',#3263,#670);
#403=LINE('',#3264,#671);
#404=LINE('',#3265,#672);
#405=LINE('',#3269,#673);
#406=LINE('',#3270,#674);
#407=LINE('',#3271,#675);
#408=LINE('',#3274,#676);
#409=LINE('',#3276,#677);
#410=LINE('',#3278,#678);
#411=LINE('',#3279,#679);
#412=LINE('',#3282,#680);
#413=LINE('',#3284,#681);
#414=LINE('',#3285,#682);
#415=LINE('',#3293,#683);
#416=LINE('',#3295,#684);
#417=LINE('',#3296,#685);
#418=LINE('',#3316,#686);
#419=LINE('',#3320,#687);
#420=LINE('',#3321,#688);
#421=LINE('',#3409,#689);
#422=LINE('',#3417,#690);
#423=LINE('',#3419,#691);
#424=LINE('',#3420,#692);
#425=LINE('',#3440,#693);
#426=LINE('',#3443,#694);
#427=LINE('',#3449,#695);
#428=LINE('',#3450,#696);
#429=LINE('',#3453,#697);
#430=LINE('',#3459,#698);
#431=LINE('',#3461,#699);
#432=LINE('',#3463,#700);
#433=LINE('',#3467,#701);
#434=LINE('',#3469,#702);
#435=LINE('',#3471,#703);
#436=LINE('',#3477,#704);
#437=LINE('',#3567,#705);
#438=LINE('',#3568,#706);
#439=LINE('',#3608,#707);
#440=LINE('',#3609,#708);
#441=LINE('',#3611,#709);
#442=LINE('',#3612,#710);
#443=LINE('',#3616,#711);
#444=LINE('',#3617,#712);
#445=LINE('',#3618,#713);
#446=LINE('',#3643,#714);
#447=LINE('',#3657,#715);
#448=LINE('',#3659,#716);
#449=LINE('',#3661,#717);
#450=LINE('',#3662,#718);
#451=LINE('',#3665,#719);
#452=LINE('',#3666,#720);
#453=LINE('',#3670,#721);
#454=LINE('',#3671,#722);
#455=LINE('',#3673,#723);
#456=LINE('',#3675,#724);
#457=LINE('',#3677,#725);
#458=LINE('',#3678,#726);
#459=LINE('',#3681,#727);
#460=LINE('',#3683,#728);
#461=LINE('',#3685,#729);
#462=LINE('',#3687,#730);
#463=LINE('',#3689,#731);
#464=LINE('',#3691,#732);
#465=LINE('',#3692,#733);
#466=LINE('',#3695,#734);
#467=LINE('',#3697,#735);
#468=LINE('',#3698,#736);
#469=LINE('',#3701,#737);
#470=LINE('',#3703,#738);
#471=LINE('',#3704,#739);
#472=LINE('',#3705,#740);
#473=LINE('',#3707,#741);
#474=LINE('',#3709,#742);
#475=LINE('',#3711,#743);
#476=LINE('',#3712,#744);
#477=LINE('',#3717,#745);
#478=LINE('',#3719,#746);
#479=LINE('',#3721,#747);
#480=LINE('',#3722,#748);
#481=LINE('',#3726,#749);
#482=LINE('',#3728,#750);
#483=LINE('',#3730,#751);
#484=LINE('',#3732,#752);
#485=LINE('',#3734,#753);
#486=LINE('',#3736,#754);
#487=LINE('',#3737,#755);
#488=LINE('',#3739,#756);
#489=LINE('',#3741,#757);
#490=LINE('',#3742,#758);
#491=LINE('',#3744,#759);
#492=LINE('',#3746,#760);
#493=LINE('',#3748,#761);
#494=LINE('',#3750,#762);
#495=LINE('',#3752,#763);
#496=LINE('',#3754,#764);
#497=LINE('',#3756,#765);
#498=LINE('',#3757,#766);
#499=LINE('',#3760,#767);
#500=LINE('',#3762,#768);
#501=LINE('',#3763,#769);
#502=LINE('',#3765,#770);
#503=LINE('',#3767,#771);
#504=LINE('',#3769,#772);
#505=LINE('',#3770,#773);
#506=LINE('',#3773,#774);
#507=LINE('',#3775,#775);
#508=LINE('',#3776,#776);
#509=LINE('',#3777,#777);
#510=LINE('',#3782,#778);
#511=LINE('',#3783,#779);
#512=LINE('',#3784,#780);
#513=LINE('',#3786,#781);
#514=LINE('',#3788,#782);
#515=LINE('',#3789,#783);
#516=LINE('',#3790,#784);
#517=LINE('',#3792,#785);
#518=LINE('',#3794,#786);
#519=LINE('',#3795,#787);
#520=LINE('',#3798,#788);
#521=LINE('',#3799,#789);
#522=LINE('',#3802,#790);
#523=LINE('',#3803,#791);
#524=LINE('',#3805,#792);
#525=LINE('',#3808,#793);
#526=LINE('',#3811,#794);
#527=LINE('',#3816,#795);
#528=LINE('',#3817,#796);
#529=LINE('',#3818,#797);
#530=LINE('',#3822,#798);
#531=LINE('',#3823,#799);
#532=LINE('',#3824,#800);
#533=LINE('',#3826,#801);
#534=LINE('',#3828,#802);
#535=LINE('',#3831,#803);
#536=LINE('',#3832,#804);
#537=LINE('',#3835,#805);
#538=LINE('',#3836,#806);
#539=LINE('',#3838,#807);
#540=LINE('',#3842,#808);
#541=LINE('',#3844,#809);
#542=LINE('',#3845,#810);
#543=LINE('',#3848,#811);
#544=LINE('',#3849,#812);
#545=LINE('',#3852,#813);
#546=LINE('',#3853,#814);
#547=LINE('',#3855,#815);
#548=LINE('',#3856,#816);
#549=LINE('',#3860,#817);
#550=LINE('',#3862,#818);
#551=LINE('',#3863,#819);
#552=LINE('',#3864,#820);
#553=LINE('',#3867,#821);
#554=LINE('',#3868,#822);
#555=LINE('',#3871,#823);
#556=LINE('',#3872,#824);
#557=LINE('',#3874,#825);
#558=LINE('',#3879,#826);
#559=LINE('',#3905,#827);
#560=LINE('',#3908,#828);
#561=LINE('',#3932,#829);
#562=LINE('',#3956,#830);
#563=LINE('',#3960,#831);
#564=LINE('',#3962,#832);
#565=LINE('',#3964,#833);
#566=LINE('',#3969,#834);
#567=LINE('',#3973,#835);
#568=LINE('',#3975,#836);
#569=LINE('',#3977,#837);
#570=LINE('',#3978,#838);
#571=LINE('',#3981,#839);
#572=LINE('',#3983,#840);
#573=LINE('',#3984,#841);
#574=LINE('',#3987,#842);
#575=LINE('',#3989,#843);
#576=LINE('',#3991,#844);
#577=LINE('',#3997,#845);
#578=LINE('',#3999,#846);
#579=LINE('',#4003,#847);
#580=LINE('',#4004,#848);
#581=LINE('',#4012,#849);
#582=LINE('',#4015,#850);
#583=LINE('',#4020,#851);
#584=LINE('',#4022,#852);
#585=LINE('',#4024,#853);
#586=LINE('',#4025,#854);
#587=LINE('',#4028,#855);
#588=LINE('',#4030,#856);
#589=LINE('',#4031,#857);
#590=LINE('',#4034,#858);
#591=LINE('',#4036,#859);
#592=LINE('',#4038,#860);
#593=LINE('',#4044,#861);
#594=LINE('',#4046,#862);
#595=LINE('',#4050,#863);
#596=LINE('',#4051,#864);
#597=LINE('',#4056,#865);
#598=LINE('',#4059,#866);
#599=LINE('',#4065,#867);
#600=LINE('',#4069,#868);
#601=LINE('',#4071,#869);
#602=LINE('',#4072,#870);
#603=LINE('',#4074,#871);
#604=LINE('',#4076,#872);
#605=LINE('',#4083,#873);
#606=LINE('',#4109,#874);
#607=LINE('',#4130,#875);
#608=LINE('',#4131,#876);
#609=LINE('',#4135,#877);
#610=LINE('',#4139,#878);
#611=LINE('',#4140,#879);
#612=LINE('',#4148,#880);
#613=LINE('',#4158,#881);
#614=LINE('',#4160,#882);
#615=LINE('',#4167,#883);
#616=LINE('',#4169,#884);
#617=LINE('',#4171,#885);
#618=LINE('',#4173,#886);
#619=LINE('',#4175,#887);
#620=LINE('',#4178,#888);
#621=LINE('',#4180,#889);
#622=LINE('',#4192,#890);
#623=LINE('',#4196,#891);
#624=LINE('',#4198,#892);
#625=LINE('',#4204,#893);
#626=LINE('',#4209,#894);
#627=LINE('',#4212,#895);
#628=LINE('',#4217,#896);
#629=LINE('',#4219,#897);
#630=LINE('',#4221,#898);
#631=LINE('',#4222,#899);
#632=LINE('',#4225,#900);
#633=LINE('',#4227,#901);
#634=LINE('',#4228,#902);
#635=LINE('',#4231,#903);
#636=LINE('',#4233,#904);
#637=LINE('',#4234,#905);
#638=LINE('',#4236,#906);
#639=LINE('',#4237,#907);
#640=LINE('',#4243,#908);
#641=LINE('',#4245,#909);
#642=LINE('',#4247,#910);
#643=LINE('',#4248,#911);
#644=LINE('',#4251,#912);
#645=LINE('',#4253,#913);
#646=LINE('',#4254,#914);
#647=LINE('',#4257,#915);
#648=LINE('',#4259,#916);
#649=LINE('',#4260,#917);
#650=LINE('',#4262,#918);
#651=LINE('',#4263,#919);
#652=LINE('',#4269,#920);
#653=LINE('',#4271,#921);
#654=LINE('',#4273,#922);
#655=LINE('',#4274,#923);
#656=LINE('',#4277,#924);
#657=LINE('',#4279,#925);
#658=LINE('',#4280,#926);
#659=LINE('',#4283,#927);
#660=LINE('',#4285,#928);
#661=LINE('',#4286,#929);
#662=LINE('',#4288,#930);
#663=LINE('',#4289,#931);
#664=VECTOR('',#2620,10.);
#665=VECTOR('',#2621,10.);
#666=VECTOR('',#2622,10.);
#667=VECTOR('',#2623,10.);
#668=VECTOR('',#2624,10.);
#669=VECTOR('',#2625,10.);
#670=VECTOR('',#2628,10.);
#671=VECTOR('',#2629,10.);
#672=VECTOR('',#2630,10.);
#673=VECTOR('',#2633,10.);
#674=VECTOR('',#2634,10.);
#675=VECTOR('',#2635,10.);
#676=VECTOR('',#2638,10.);
#677=VECTOR('',#2639,10.);
#678=VECTOR('',#2640,10.);
#679=VECTOR('',#2641,10.);
#680=VECTOR('',#2644,10.);
#681=VECTOR('',#2645,10.);
#682=VECTOR('',#2646,10.);
#683=VECTOR('',#2649,10.);
#684=VECTOR('',#2650,10.);
#685=VECTOR('',#2651,10.);
#686=VECTOR('',#2658,10.);
#687=VECTOR('',#2661,10.);
#688=VECTOR('',#2662,10.);
#689=VECTOR('',#2663,10.);
#690=VECTOR('',#2666,10.);
#691=VECTOR('',#2667,10.);
#692=VECTOR('',#2668,10.);
#693=VECTOR('',#2675,10.);
#694=VECTOR('',#2678,10.);
#695=VECTOR('',#2685,10.);
#696=VECTOR('',#2686,10.);
#697=VECTOR('',#2689,10.);
#698=VECTOR('',#2694,10.);
#699=VECTOR('',#2695,10.);
#700=VECTOR('',#2696,10.);
#701=VECTOR('',#2699,10.);
#702=VECTOR('',#2700,10.);
#703=VECTOR('',#2701,10.);
#704=VECTOR('',#2708,10.);
#705=VECTOR('',#2709,10.);
#706=VECTOR('',#2710,10.);
#707=VECTOR('',#2719,10.);
#708=VECTOR('',#2720,10.);
#709=VECTOR('',#2721,10.);
#710=VECTOR('',#2722,10.);
#711=VECTOR('',#2725,10.);
#712=VECTOR('',#2726,10.);
#713=VECTOR('',#2727,10.);
#714=VECTOR('',#2730,10.);
#715=VECTOR('',#2733,10.);
#716=VECTOR('',#2734,10.);
#717=VECTOR('',#2735,10.);
#718=VECTOR('',#2736,10.);
#719=VECTOR('',#2739,10.);
#720=VECTOR('',#2740,10.);
#721=VECTOR('',#2743,10.);
#722=VECTOR('',#2744,10.);
#723=VECTOR('',#2745,10.);
#724=VECTOR('',#2746,10.);
#725=VECTOR('',#2747,10.);
#726=VECTOR('',#2748,10.);
#727=VECTOR('',#2751,10.);
#728=VECTOR('',#2752,10.);
#729=VECTOR('',#2753,10.);
#730=VECTOR('',#2754,10.);
#731=VECTOR('',#2755,10.);
#732=VECTOR('',#2756,10.);
#733=VECTOR('',#2757,10.);
#734=VECTOR('',#2760,10.);
#735=VECTOR('',#2761,10.);
#736=VECTOR('',#2762,10.);
#737=VECTOR('',#2765,10.);
#738=VECTOR('',#2766,10.);
#739=VECTOR('',#2767,10.);
#740=VECTOR('',#2768,10.);
#741=VECTOR('',#2771,10.);
#742=VECTOR('',#2772,10.);
#743=VECTOR('',#2773,10.);
#744=VECTOR('',#2774,10.);
#745=VECTOR('',#2779,10.);
#746=VECTOR('',#2780,10.);
#747=VECTOR('',#2781,10.);
#748=VECTOR('',#2782,10.);
#749=VECTOR('',#2785,10.);
#750=VECTOR('',#2786,10.);
#751=VECTOR('',#2787,10.);
#752=VECTOR('',#2788,10.);
#753=VECTOR('',#2789,10.);
#754=VECTOR('',#2790,10.);
#755=VECTOR('',#2791,10.);
#756=VECTOR('',#2792,10.);
#757=VECTOR('',#2793,10.);
#758=VECTOR('',#2794,10.);
#759=VECTOR('',#2795,10.);
#760=VECTOR('',#2796,10.);
#761=VECTOR('',#2797,10.);
#762=VECTOR('',#2798,10.);
#763=VECTOR('',#2799,10.);
#764=VECTOR('',#2800,10.);
#765=VECTOR('',#2801,10.);
#766=VECTOR('',#2802,10.);
#767=VECTOR('',#2805,10.);
#768=VECTOR('',#2806,10.);
#769=VECTOR('',#2807,10.);
#770=VECTOR('',#2810,10.);
#771=VECTOR('',#2811,10.);
#772=VECTOR('',#2812,10.);
#773=VECTOR('',#2813,10.);
#774=VECTOR('',#2816,10.);
#775=VECTOR('',#2817,10.);
#776=VECTOR('',#2818,10.);
#777=VECTOR('',#2819,10.);
#778=VECTOR('',#2824,10.);
#779=VECTOR('',#2825,10.);
#780=VECTOR('',#2826,10.);
#781=VECTOR('',#2827,10.);
#782=VECTOR('',#2828,10.);
#783=VECTOR('',#2829,10.);
#784=VECTOR('',#2830,10.);
#785=VECTOR('',#2831,10.);
#786=VECTOR('',#2832,10.);
#787=VECTOR('',#2833,10.);
#788=VECTOR('',#2836,10.);
#789=VECTOR('',#2837,10.);
#790=VECTOR('',#2840,10.);
#791=VECTOR('',#2841,10.);
#792=VECTOR('',#2844,10.);
#793=VECTOR('',#2849,10.);
#794=VECTOR('',#2854,10.);
#795=VECTOR('',#2859,10.);
#796=VECTOR('',#2860,10.);
#797=VECTOR('',#2861,10.);
#798=VECTOR('',#2864,10.);
#799=VECTOR('',#2865,10.);
#800=VECTOR('',#2866,10.);
#801=VECTOR('',#2869,10.);
#802=VECTOR('',#2872,10.);
#803=VECTOR('',#2875,10.);
#804=VECTOR('',#2876,10.);
#805=VECTOR('',#2879,10.);
#806=VECTOR('',#2880,10.);
#807=VECTOR('',#2883,10.);
#808=VECTOR('',#2888,10.);
#809=VECTOR('',#2889,10.);
#810=VECTOR('',#2890,10.);
#811=VECTOR('',#2893,10.);
#812=VECTOR('',#2894,10.);
#813=VECTOR('',#2897,10.);
#814=VECTOR('',#2898,10.);
#815=VECTOR('',#2901,10.);
#816=VECTOR('',#2902,10.);
#817=VECTOR('',#2907,10.);
#818=VECTOR('',#2908,10.);
#819=VECTOR('',#2909,10.);
#820=VECTOR('',#2910,10.);
#821=VECTOR('',#2913,10.);
#822=VECTOR('',#2914,10.);
#823=VECTOR('',#2917,10.);
#824=VECTOR('',#2918,10.);
#825=VECTOR('',#2921,10.);
#826=VECTOR('',#2928,10.);
#827=VECTOR('',#2933,10.);
#828=VECTOR('',#2936,10.);
#829=VECTOR('',#2937,10.);
#830=VECTOR('',#2938,10.);
#831=VECTOR('',#2943,10.);
#832=VECTOR('',#2944,10.);
#833=VECTOR('',#2945,10.);
#834=VECTOR('',#2950,10.);
#835=VECTOR('',#2953,10.);
#836=VECTOR('',#2954,10.);
#837=VECTOR('',#2955,10.);
#838=VECTOR('',#2956,10.);
#839=VECTOR('',#2959,10.);
#840=VECTOR('',#2960,10.);
#841=VECTOR('',#2961,10.);
#842=VECTOR('',#2964,10.);
#843=VECTOR('',#2965,10.);
#844=VECTOR('',#2966,10.);
#845=VECTOR('',#2973,10.);
#846=VECTOR('',#2974,10.);
#847=VECTOR('',#2979,10.);
#848=VECTOR('',#2980,10.);
#849=VECTOR('',#2989,10.);
#850=VECTOR('',#2992,10.);
#851=VECTOR('',#2997,10.);
#852=VECTOR('',#2998,10.);
#853=VECTOR('',#2999,10.);
#854=VECTOR('',#3000,10.);
#855=VECTOR('',#3003,10.);
#856=VECTOR('',#3004,10.);
#857=VECTOR('',#3005,10.);
#858=VECTOR('',#3008,10.);
#859=VECTOR('',#3009,10.);
#860=VECTOR('',#3010,10.);
#861=VECTOR('',#3017,10.);
#862=VECTOR('',#3018,10.);
#863=VECTOR('',#3023,10.);
#864=VECTOR('',#3024,10.);
#865=VECTOR('',#3029,10.);
#866=VECTOR('',#3032,10.);
#867=VECTOR('',#3041,10.);
#868=VECTOR('',#3044,10.);
#869=VECTOR('',#3047,10.);
#870=VECTOR('',#3048,10.);
#871=VECTOR('',#3051,10.);
#872=VECTOR('',#3054,10.);
#873=VECTOR('',#3063,4.25);
#874=VECTOR('',#3074,4.25);
#875=VECTOR('',#3079,10.);
#876=VECTOR('',#3080,10.);
#877=VECTOR('',#3083,10.);
#878=VECTOR('',#3086,10.);
#879=VECTOR('',#3087,10.);
#880=VECTOR('',#3098,10.);
#881=VECTOR('',#3107,10.);
#882=VECTOR('',#3110,10.);
#883=VECTOR('',#3119,10.);
#884=VECTOR('',#3122,10.);
#885=VECTOR('',#3125,10.);
#886=VECTOR('',#3128,10.);
#887=VECTOR('',#3131,10.);
#888=VECTOR('',#3136,2.6);
#889=VECTOR('',#3139,2.6);
#890=VECTOR('',#3142,10.);
#891=VECTOR('',#3149,2.6);
#892=VECTOR('',#3152,2.6);
#893=VECTOR('',#3159,87.);
#894=VECTOR('',#3166,87.5);
#895=VECTOR('',#3171,87.);
#896=VECTOR('',#3176,10.);
#897=VECTOR('',#3177,10.);
#898=VECTOR('',#3178,10.);
#899=VECTOR('',#3179,10.);
#900=VECTOR('',#3182,10.);
#901=VECTOR('',#3183,10.);
#902=VECTOR('',#3184,10.);
#903=VECTOR('',#3187,10.);
#904=VECTOR('',#3188,10.);
#905=VECTOR('',#3189,10.);
#906=VECTOR('',#3192,10.);
#907=VECTOR('',#3193,10.);
#908=VECTOR('',#3200,10.);
#909=VECTOR('',#3201,10.);
#910=VECTOR('',#3202,10.);
#911=VECTOR('',#3203,10.);
#912=VECTOR('',#3206,10.);
#913=VECTOR('',#3207,10.);
#914=VECTOR('',#3208,10.);
#915=VECTOR('',#3211,10.);
#916=VECTOR('',#3212,10.);
#917=VECTOR('',#3213,10.);
#918=VECTOR('',#3216,10.);
#919=VECTOR('',#3217,10.);
#920=VECTOR('',#3224,10.);
#921=VECTOR('',#3225,10.);
#922=VECTOR('',#3226,10.);
#923=VECTOR('',#3227,10.);
#924=VECTOR('',#3230,10.);
#925=VECTOR('',#3231,10.);
#926=VECTOR('',#3232,10.);
#927=VECTOR('',#3235,10.);
#928=VECTOR('',#3236,10.);
#929=VECTOR('',#3237,10.);
#930=VECTOR('',#3240,10.);
#931=VECTOR('',#3241,10.);
#932=VERTEX_POINT('',#3248);
#933=VERTEX_POINT('',#3249);
#934=VERTEX_POINT('',#3251);
#935=VERTEX_POINT('',#3253);
#936=VERTEX_POINT('',#3255);
#937=VERTEX_POINT('',#3257);
#938=VERTEX_POINT('',#3261);
#939=VERTEX_POINT('',#3262);
#940=VERTEX_POINT('',#3267);
#941=VERTEX_POINT('',#3268);
#942=VERTEX_POINT('',#3273);
#943=VERTEX_POINT('',#3275);
#944=VERTEX_POINT('',#3277);
#945=VERTEX_POINT('',#3281);
#946=VERTEX_POINT('',#3283);
#947=VERTEX_POINT('',#3287);
#948=VERTEX_POINT('',#3288);
#949=VERTEX_POINT('',#3292);
#950=VERTEX_POINT('',#3294);
#951=VERTEX_POINT('',#3298);
#952=VERTEX_POINT('',#3315);
#953=VERTEX_POINT('',#3317);
#954=VERTEX_POINT('',#3319);
#955=VERTEX_POINT('',#3322);
#956=VERTEX_POINT('',#3326);
#957=VERTEX_POINT('',#3411);
#958=VERTEX_POINT('',#3412);
#959=VERTEX_POINT('',#3416);
#960=VERTEX_POINT('',#3418);
#961=VERTEX_POINT('',#3422);
#962=VERTEX_POINT('',#3439);
#963=VERTEX_POINT('',#3441);
#964=VERTEX_POINT('',#3446);
#965=VERTEX_POINT('',#3447);
#966=VERTEX_POINT('',#3452);
#967=VERTEX_POINT('',#3454);
#968=VERTEX_POINT('',#3456);
#969=VERTEX_POINT('',#3458);
#970=VERTEX_POINT('',#3460);
#971=VERTEX_POINT('',#3462);
#972=VERTEX_POINT('',#3464);
#973=VERTEX_POINT('',#3466);
#974=VERTEX_POINT('',#3468);
#975=VERTEX_POINT('',#3470);
#976=VERTEX_POINT('',#3472);
#977=VERTEX_POINT('',#3476);
#978=VERTEX_POINT('',#3478);
#979=VERTEX_POINT('',#3597);
#980=VERTEX_POINT('',#3606);
#981=VERTEX_POINT('',#3607);
#982=VERTEX_POINT('',#3610);
#983=VERTEX_POINT('',#3614);
#984=VERTEX_POINT('',#3615);
#985=VERTEX_POINT('',#3620);
#986=VERTEX_POINT('',#3631);
#987=VERTEX_POINT('',#3642);
#988=VERTEX_POINT('',#3655);
#989=VERTEX_POINT('',#3656);
#990=VERTEX_POINT('',#3658);
#991=VERTEX_POINT('',#3660);
#992=VERTEX_POINT('',#3664);
#993=VERTEX_POINT('',#3668);
#994=VERTEX_POINT('',#3669);
#995=VERTEX_POINT('',#3672);
#996=VERTEX_POINT('',#3674);
#997=VERTEX_POINT('',#3676);
#998=VERTEX_POINT('',#3680);
#999=VERTEX_POINT('',#3682);
#1000=VERTEX_POINT('',#3684);
#1001=VERTEX_POINT('',#3686);
#1002=VERTEX_POINT('',#3688);
#1003=VERTEX_POINT('',#3690);
#1004=VERTEX_POINT('',#3694);
#1005=VERTEX_POINT('',#3696);
#1006=VERTEX_POINT('',#3700);
#1007=VERTEX_POINT('',#3702);
#1008=VERTEX_POINT('',#3708);
#1009=VERTEX_POINT('',#3710);
#1010=VERTEX_POINT('',#3715);
#1011=VERTEX_POINT('',#3716);
#1012=VERTEX_POINT('',#3718);
#1013=VERTEX_POINT('',#3720);
#1014=VERTEX_POINT('',#3724);
#1015=VERTEX_POINT('',#3725);
#1016=VERTEX_POINT('',#3727);
#1017=VERTEX_POINT('',#3729);
#1018=VERTEX_POINT('',#3731);
#1019=VERTEX_POINT('',#3733);
#1020=VERTEX_POINT('',#3735);
#1021=VERTEX_POINT('',#3738);
#1022=VERTEX_POINT('',#3740);
#1023=VERTEX_POINT('',#3743);
#1024=VERTEX_POINT('',#3745);
#1025=VERTEX_POINT('',#3747);
#1026=VERTEX_POINT('',#3749);
#1027=VERTEX_POINT('',#3751);
#1028=VERTEX_POINT('',#3753);
#1029=VERTEX_POINT('',#3755);
#1030=VERTEX_POINT('',#3759);
#1031=VERTEX_POINT('',#3761);
#1032=VERTEX_POINT('',#3766);
#1033=VERTEX_POINT('',#3768);
#1034=VERTEX_POINT('',#3772);
#1035=VERTEX_POINT('',#3774);
#1036=VERTEX_POINT('',#3780);
#1037=VERTEX_POINT('',#3781);
#1038=VERTEX_POINT('',#3785);
#1039=VERTEX_POINT('',#3787);
#1040=VERTEX_POINT('',#3791);
#1041=VERTEX_POINT('',#3793);
#1042=VERTEX_POINT('',#3797);
#1043=VERTEX_POINT('',#3801);
#1044=VERTEX_POINT('',#3814);
#1045=VERTEX_POINT('',#3815);
#1046=VERTEX_POINT('',#3820);
#1047=VERTEX_POINT('',#3821);
#1048=VERTEX_POINT('',#3830);
#1049=VERTEX_POINT('',#3834);
#1050=VERTEX_POINT('',#3841);
#1051=VERTEX_POINT('',#3843);
#1052=VERTEX_POINT('',#3847);
#1053=VERTEX_POINT('',#3851);
#1054=VERTEX_POINT('',#3859);
#1055=VERTEX_POINT('',#3861);
#1056=VERTEX_POINT('',#3866);
#1057=VERTEX_POINT('',#3870);
#1058=VERTEX_POINT('',#3878);
#1059=VERTEX_POINT('',#3880);
#1060=VERTEX_POINT('',#3882);
#1061=VERTEX_POINT('',#3903);
#1062=VERTEX_POINT('',#3907);
#1063=VERTEX_POINT('',#3909);
#1064=VERTEX_POINT('',#3920);
#1065=VERTEX_POINT('',#3931);
#1066=VERTEX_POINT('',#3933);
#1067=VERTEX_POINT('',#3944);
#1068=VERTEX_POINT('',#3955);
#1069=VERTEX_POINT('',#3959);
#1070=VERTEX_POINT('',#3961);
#1071=VERTEX_POINT('',#3963);
#1072=VERTEX_POINT('',#3965);
#1073=VERTEX_POINT('',#3967);
#1074=VERTEX_POINT('',#3971);
#1075=VERTEX_POINT('',#3972);
#1076=VERTEX_POINT('',#3974);
#1077=VERTEX_POINT('',#3976);
#1078=VERTEX_POINT('',#3980);
#1079=VERTEX_POINT('',#3982);
#1080=VERTEX_POINT('',#3986);
#1081=VERTEX_POINT('',#3988);
#1082=VERTEX_POINT('',#3990);
#1083=VERTEX_POINT('',#3994);
#1084=VERTEX_POINT('',#3996);
#1085=VERTEX_POINT('',#3998);
#1086=VERTEX_POINT('',#4002);
#1087=VERTEX_POINT('',#4005);
#1088=VERTEX_POINT('',#4008);
#1089=VERTEX_POINT('',#4009);
#1090=VERTEX_POINT('',#4014);
#1091=VERTEX_POINT('',#4018);
#1092=VERTEX_POINT('',#4019);
#1093=VERTEX_POINT('',#4021);
#1094=VERTEX_POINT('',#4023);
#1095=VERTEX_POINT('',#4027);
#1096=VERTEX_POINT('',#4029);
#1097=VERTEX_POINT('',#4033);
#1098=VERTEX_POINT('',#4035);
#1099=VERTEX_POINT('',#4037);
#1100=VERTEX_POINT('',#4041);
#1101=VERTEX_POINT('',#4043);
#1102=VERTEX_POINT('',#4045);
#1103=VERTEX_POINT('',#4049);
#1104=VERTEX_POINT('',#4052);
#1105=VERTEX_POINT('',#4055);
#1106=VERTEX_POINT('',#4057);
#1107=VERTEX_POINT('',#4061);
#1108=VERTEX_POINT('',#4066);
#1109=VERTEX_POINT('',#4068);
#1110=VERTEX_POINT('',#4078);
#1111=VERTEX_POINT('',#4080);
#1112=VERTEX_POINT('',#4084);
#1113=VERTEX_POINT('',#4093);
#1114=VERTEX_POINT('',#4104);
#1115=VERTEX_POINT('',#4106);
#1116=VERTEX_POINT('',#4110);
#1117=VERTEX_POINT('',#4119);
#1118=VERTEX_POINT('',#4132);
#1119=VERTEX_POINT('',#4134);
#1120=VERTEX_POINT('',#4136);
#1121=VERTEX_POINT('',#4138);
#1122=VERTEX_POINT('',#4144);
#1123=VERTEX_POINT('',#4146);
#1124=VERTEX_POINT('',#4149);
#1125=VERTEX_POINT('',#4151);
#1126=VERTEX_POINT('',#4154);
#1127=VERTEX_POINT('',#4155);
#1128=VERTEX_POINT('',#4157);
#1129=VERTEX_POINT('',#4161);
#1130=VERTEX_POINT('',#4163);
#1131=VERTEX_POINT('',#4201);
#1132=VERTEX_POINT('',#4203);
#1133=VERTEX_POINT('',#4207);
#1134=VERTEX_POINT('',#4215);
#1135=VERTEX_POINT('',#4216);
#1136=VERTEX_POINT('',#4218);
#1137=VERTEX_POINT('',#4220);
#1138=VERTEX_POINT('',#4224);
#1139=VERTEX_POINT('',#4226);
#1140=VERTEX_POINT('',#4230);
#1141=VERTEX_POINT('',#4232);
#1142=VERTEX_POINT('',#4241);
#1143=VERTEX_POINT('',#4242);
#1144=VERTEX_POINT('',#4244);
#1145=VERTEX_POINT('',#4246);
#1146=VERTEX_POINT('',#4250);
#1147=VERTEX_POINT('',#4252);
#1148=VERTEX_POINT('',#4256);
#1149=VERTEX_POINT('',#4258);
#1150=VERTEX_POINT('',#4267);
#1151=VERTEX_POINT('',#4268);
#1152=VERTEX_POINT('',#4270);
#1153=VERTEX_POINT('',#4272);
#1154=VERTEX_POINT('',#4276);
#1155=VERTEX_POINT('',#4278);
#1156=VERTEX_POINT('',#4282);
#1157=VERTEX_POINT('',#4284);
#1158=EDGE_CURVE('',#932,#933,#396,.T.);
#1159=EDGE_CURVE('',#932,#934,#397,.T.);
#1160=EDGE_CURVE('',#935,#934,#398,.T.);
#1161=EDGE_CURVE('',#935,#936,#399,.T.);
#1162=EDGE_CURVE('',#936,#937,#400,.T.);
#1163=EDGE_CURVE('',#937,#933,#401,.T.);
#1164=EDGE_CURVE('',#938,#939,#402,.T.);
#1165=EDGE_CURVE('',#939,#936,#403,.T.);
#1166=EDGE_CURVE('',#935,#938,#404,.T.);
#1167=EDGE_CURVE('',#940,#941,#405,.F.);
#1168=EDGE_CURVE('',#940,#933,#406,.T.);
#1169=EDGE_CURVE('',#937,#941,#407,.T.);
#1170=EDGE_CURVE('',#940,#942,#408,.T.);
#1171=EDGE_CURVE('',#943,#942,#409,.T.);
#1172=EDGE_CURVE('',#943,#944,#410,.T.);
#1173=EDGE_CURVE('',#933,#944,#411,.T.);
#1174=EDGE_CURVE('',#945,#932,#412,.T.);
#1175=EDGE_CURVE('',#945,#946,#413,.T.);
#1176=EDGE_CURVE('',#946,#934,#414,.T.);
#1177=EDGE_CURVE('',#947,#948,#130,.F.);
#1178=EDGE_CURVE('',#947,#949,#415,.T.);
#1179=EDGE_CURVE('',#949,#950,#416,.T.);
#1180=EDGE_CURVE('',#950,#948,#417,.T.);
#1181=EDGE_CURVE('',#951,#949,#107,.F.);
#1182=EDGE_CURVE('',#951,#950,#65,.T.);
#1183=EDGE_CURVE('',#952,#939,#418,.T.);
#1184=EDGE_CURVE('',#953,#952,#66,.T.);
#1185=EDGE_CURVE('',#954,#953,#419,.T.);
#1186=EDGE_CURVE('',#949,#954,#420,.T.);
#1187=EDGE_CURVE('',#947,#955,#131,.T.);
#1188=EDGE_CURVE('',#956,#955,#108,.T.);
#1189=EDGE_CURVE('',#956,#936,#421,.T.);
#1190=EDGE_CURVE('',#957,#958,#132,.T.);
#1191=EDGE_CURVE('',#958,#959,#422,.T.);
#1192=EDGE_CURVE('',#959,#960,#423,.T.);
#1193=EDGE_CURVE('',#960,#957,#424,.T.);
#1194=EDGE_CURVE('',#961,#960,#109,.T.);
#1195=EDGE_CURVE('',#959,#961,#67,.T.);
#1196=EDGE_CURVE('',#962,#951,#425,.T.);
#1197=EDGE_CURVE('',#963,#962,#68,.T.);
#1198=EDGE_CURVE('',#961,#963,#426,.T.);
#1199=EDGE_CURVE('',#948,#958,#69,.T.);
#1200=EDGE_CURVE('',#964,#965,#70,.T.);
#1201=EDGE_CURVE('',#965,#953,#427,.T.);
#1202=EDGE_CURVE('',#952,#964,#428,.T.);
#1203=EDGE_CURVE('',#965,#966,#429,.T.);
#1204=EDGE_CURVE('',#967,#966,#71,.T.);
#1205=EDGE_CURVE('',#968,#967,#72,.T.);
#1206=EDGE_CURVE('',#969,#968,#430,.T.);
#1207=EDGE_CURVE('',#970,#969,#431,.T.);
#1208=EDGE_CURVE('',#970,#971,#432,.T.);
#1209=EDGE_CURVE('',#972,#971,#73,.T.);
#1210=EDGE_CURVE('',#972,#973,#433,.T.);
#1211=EDGE_CURVE('',#974,#973,#434,.T.);
#1212=EDGE_CURVE('',#975,#974,#435,.T.);
#1213=EDGE_CURVE('',#976,#975,#74,.T.);
#1214=EDGE_CURVE('',#954,#976,#75,.T.);
#1215=EDGE_CURVE('',#937,#977,#436,.T.);
#1216=EDGE_CURVE('',#977,#978,#110,.F.);
#1217=EDGE_CURVE('',#978,#957,#133,.T.);
#1218=EDGE_CURVE('',#960,#966,#437,.T.);
#1219=EDGE_CURVE('',#964,#941,#438,.T.);
#1220=EDGE_CURVE('',#979,#955,#76,.T.);
#1221=EDGE_CURVE('',#978,#979,#77,.T.);
#1222=EDGE_CURVE('',#977,#956,#111,.T.);
#1223=EDGE_CURVE('',#980,#981,#439,.T.);
#1224=EDGE_CURVE('',#939,#980,#440,.T.);
#1225=EDGE_CURVE('',#982,#938,#441,.T.);
#1226=EDGE_CURVE('',#982,#981,#442,.T.);
#1227=EDGE_CURVE('',#983,#984,#443,.T.);
#1228=EDGE_CURVE('',#942,#983,#444,.T.);
#1229=EDGE_CURVE('',#941,#984,#445,.T.);
#1230=EDGE_CURVE('',#985,#962,#112,.T.);
#1231=EDGE_CURVE('',#949,#986,#113,.T.);
#1232=EDGE_CURVE('',#986,#987,#446,.T.);
#1233=EDGE_CURVE('',#987,#985,#114,.T.);
#1234=EDGE_CURVE('',#988,#989,#447,.T.);
#1235=EDGE_CURVE('',#989,#990,#448,.T.);
#1236=EDGE_CURVE('',#990,#991,#449,.T.);
#1237=EDGE_CURVE('',#991,#988,#450,.T.);
#1238=EDGE_CURVE('',#992,#943,#451,.T.);
#1239=EDGE_CURVE('',#992,#983,#452,.T.);
#1240=EDGE_CURVE('',#993,#994,#453,.T.);
#1241=EDGE_CURVE('',#944,#994,#454,.T.);
#1242=EDGE_CURVE('',#995,#992,#455,.T.);
#1243=EDGE_CURVE('',#996,#995,#456,.T.);
#1244=EDGE_CURVE('',#996,#997,#457,.T.);
#1245=EDGE_CURVE('',#997,#993,#458,.T.);
#1246=EDGE_CURVE('',#998,#935,#459,.T.);
#1247=EDGE_CURVE('',#999,#998,#460,.T.);
#1248=EDGE_CURVE('',#999,#1000,#461,.T.);
#1249=EDGE_CURVE('',#1001,#1000,#462,.T.);
#1250=EDGE_CURVE('',#1002,#1001,#463,.T.);
#1251=EDGE_CURVE('',#1003,#1002,#464,.T.);
#1252=EDGE_CURVE('',#1003,#982,#465,.T.);
#1253=EDGE_CURVE('',#997,#1004,#466,.T.);
#1254=EDGE_CURVE('',#1004,#1005,#467,.T.);
#1255=EDGE_CURVE('',#993,#1005,#468,.T.);
#1256=EDGE_CURVE('',#1006,#996,#469,.T.);
#1257=EDGE_CURVE('',#1007,#1006,#470,.T.);
#1258=EDGE_CURVE('',#1007,#989,#471,.T.);
#1259=EDGE_CURVE('',#988,#1004,#472,.T.);
#1260=EDGE_CURVE('',#1005,#991,#473,.T.);
#1261=EDGE_CURVE('',#1008,#990,#474,.T.);
#1262=EDGE_CURVE('',#1008,#1009,#475,.T.);
#1263=EDGE_CURVE('',#994,#1009,#476,.T.);
#1264=EDGE_CURVE('',#1010,#1011,#477,.T.);
#1265=EDGE_CURVE('',#1012,#1010,#478,.T.);
#1266=EDGE_CURVE('',#1013,#1012,#479,.T.);
#1267=EDGE_CURVE('',#1011,#1013,#480,.T.);
#1268=EDGE_CURVE('',#1014,#1015,#481,.T.);
#1269=EDGE_CURVE('',#1015,#1016,#482,.T.);
#1270=EDGE_CURVE('',#1016,#1017,#483,.T.);
#1271=EDGE_CURVE('',#1017,#1018,#484,.T.);
#1272=EDGE_CURVE('',#1018,#1019,#485,.T.);
#1273=EDGE_CURVE('',#1019,#1020,#486,.T.);
#1274=EDGE_CURVE('',#1020,#1003,#487,.T.);
#1275=EDGE_CURVE('',#1021,#1002,#488,.T.);
#1276=EDGE_CURVE('',#1022,#1021,#489,.T.);
#1277=EDGE_CURVE('',#999,#1022,#490,.T.);
#1278=EDGE_CURVE('',#1023,#998,#491,.T.);
#1279=EDGE_CURVE('',#1024,#1023,#492,.T.);
#1280=EDGE_CURVE('',#1025,#1024,#493,.T.);
#1281=EDGE_CURVE('',#1026,#1025,#494,.T.);
#1282=EDGE_CURVE('',#1027,#1026,#495,.T.);
#1283=EDGE_CURVE('',#1027,#1028,#496,.T.);
#1284=EDGE_CURVE('',#1028,#1029,#497,.T.);
#1285=EDGE_CURVE('',#1029,#1014,#498,.T.);
#1286=EDGE_CURVE('',#1024,#1030,#499,.T.);
#1287=EDGE_CURVE('',#1031,#1030,#500,.T.);
#1288=EDGE_CURVE('',#1025,#1031,#501,.T.);
#1289=EDGE_CURVE('',#1010,#1031,#502,.T.);
#1290=EDGE_CURVE('',#1032,#1011,#503,.T.);
#1291=EDGE_CURVE('',#1032,#1033,#504,.T.);
#1292=EDGE_CURVE('',#1026,#1033,#505,.T.);
#1293=EDGE_CURVE('',#1034,#1023,#506,.T.);
#1294=EDGE_CURVE('',#1035,#1034,#507,.T.);
#1295=EDGE_CURVE('',#1035,#1013,#508,.T.);
#1296=EDGE_CURVE('',#1030,#1012,#509,.T.);
#1297=EDGE_CURVE('',#1036,#1037,#510,.T.);
#1298=EDGE_CURVE('',#1037,#1027,#511,.T.);
#1299=EDGE_CURVE('',#1033,#1034,#512,.T.);
#1300=EDGE_CURVE('',#934,#1038,#513,.T.);
#1301=EDGE_CURVE('',#1038,#1039,#514,.T.);
#1302=EDGE_CURVE('',#1039,#932,#515,.T.);
#1303=EDGE_CURVE('',#1009,#1006,#516,.T.);
#1304=EDGE_CURVE('',#995,#1040,#517,.T.);
#1305=EDGE_CURVE('',#1040,#1041,#518,.T.);
#1306=EDGE_CURVE('',#1041,#1036,#519,.T.);
#1307=EDGE_CURVE('',#1042,#945,#520,.T.);
#1308=EDGE_CURVE('',#1042,#1039,#521,.T.);
#1309=EDGE_CURVE('',#1043,#1042,#522,.T.);
#1310=EDGE_CURVE('',#1043,#1038,#523,.T.);
#1311=EDGE_CURVE('',#946,#1043,#524,.T.);
#1312=EDGE_CURVE('',#1008,#1007,#525,.T.);
#1313=EDGE_CURVE('',#1032,#1035,#526,.T.);
#1314=EDGE_CURVE('',#1044,#1045,#527,.T.);
#1315=EDGE_CURVE('',#1045,#1041,#528,.T.);
#1316=EDGE_CURVE('',#1044,#1040,#529,.T.);
#1317=EDGE_CURVE('',#1046,#1047,#530,.T.);
#1318=EDGE_CURVE('',#1047,#1037,#531,.T.);
#1319=EDGE_CURVE('',#1046,#1036,#532,.T.);
#1320=EDGE_CURVE('',#1045,#1046,#533,.T.);
#1321=EDGE_CURVE('',#1047,#1044,#534,.T.);
#1322=EDGE_CURVE('',#1022,#1048,#535,.T.);
#1323=EDGE_CURVE('',#1000,#1048,#536,.T.);
#1324=EDGE_CURVE('',#1049,#1001,#537,.T.);
#1325=EDGE_CURVE('',#1021,#1049,#538,.T.);
#1326=EDGE_CURVE('',#1048,#1049,#539,.T.);
#1327=EDGE_CURVE('',#1017,#1050,#540,.T.);
#1328=EDGE_CURVE('',#1051,#1050,#541,.T.);
#1329=EDGE_CURVE('',#1018,#1051,#542,.T.);
#1330=EDGE_CURVE('',#1052,#1051,#543,.T.);
#1331=EDGE_CURVE('',#1019,#1052,#544,.T.);
#1332=EDGE_CURVE('',#1053,#1052,#545,.T.);
#1333=EDGE_CURVE('',#1020,#1053,#546,.T.);
#1334=EDGE_CURVE('',#1050,#1053,#547,.T.);
#1335=EDGE_CURVE('',#1016,#981,#548,.T.);
#1336=EDGE_CURVE('',#1015,#1054,#549,.T.);
#1337=EDGE_CURVE('',#1055,#1054,#550,.T.);
#1338=EDGE_CURVE('',#1028,#1055,#551,.T.);
#1339=EDGE_CURVE('',#980,#984,#552,.T.);
#1340=EDGE_CURVE('',#1056,#1055,#553,.T.);
#1341=EDGE_CURVE('',#1029,#1056,#554,.T.);
#1342=EDGE_CURVE('',#1057,#1056,#555,.T.);
#1343=EDGE_CURVE('',#1014,#1057,#556,.T.);
#1344=EDGE_CURVE('',#1054,#1057,#557,.T.);
#1345=EDGE_CURVE('',#971,#1058,#558,.T.);
#1346=EDGE_CURVE('',#1058,#1059,#78,.T.);
#1347=EDGE_CURVE('',#1060,#1059,#115,.T.);
#1348=EDGE_CURVE('',#963,#1060,#116,.T.);
#1349=EDGE_CURVE('',#987,#1061,#79,.T.);
#1350=EDGE_CURVE('',#1061,#972,#559,.T.);
#1351=EDGE_CURVE('',#1062,#976,#560,.T.);
#1352=EDGE_CURVE('',#1062,#1063,#117,.T.);
#1353=EDGE_CURVE('',#1063,#1064,#118,.T.);
#1354=EDGE_CURVE('',#1065,#1064,#561,.T.);
#1355=EDGE_CURVE('',#1065,#1066,#119,.T.);
#1356=EDGE_CURVE('',#1066,#1067,#120,.T.);
#1357=EDGE_CURVE('',#1068,#1067,#562,.T.);
#1358=EDGE_CURVE('',#1068,#986,#80,.T.);
#1359=EDGE_CURVE('',#1058,#1069,#563,.T.);
#1360=EDGE_CURVE('',#1070,#1069,#564,.T.);
#1361=EDGE_CURVE('',#1071,#1070,#565,.T.);
#1362=EDGE_CURVE('',#1072,#1071,#81,.T.);
#1363=EDGE_CURVE('',#1073,#1072,#82,.T.);
#1364=EDGE_CURVE('',#1059,#1073,#566,.T.);
#1365=EDGE_CURVE('',#1074,#1075,#567,.T.);
#1366=EDGE_CURVE('',#1076,#1074,#568,.T.);
#1367=EDGE_CURVE('',#1077,#1076,#569,.T.);
#1368=EDGE_CURVE('',#1077,#1075,#570,.T.);
#1369=EDGE_CURVE('',#1075,#1078,#571,.T.);
#1370=EDGE_CURVE('',#1079,#1077,#572,.T.);
#1371=EDGE_CURVE('',#1079,#1078,#573,.T.);
#1372=EDGE_CURVE('',#1078,#1080,#574,.T.);
#1373=EDGE_CURVE('',#1081,#1079,#575,.T.);
#1374=EDGE_CURVE('',#1081,#1082,#576,.T.);
#1375=EDGE_CURVE('',#1080,#1082,#29,.T.);
#1376=EDGE_CURVE('',#1082,#1083,#30,.T.);
#1377=EDGE_CURVE('',#1084,#1081,#577,.T.);
#1378=EDGE_CURVE('',#1084,#1085,#578,.T.);
#1379=EDGE_CURVE('',#1083,#1085,#31,.T.);
#1380=EDGE_CURVE('',#1076,#1086,#579,.T.);
#1381=EDGE_CURVE('',#1086,#1084,#580,.T.);
#1382=EDGE_CURVE('',#1087,#1087,#83,.T.);
#1383=EDGE_CURVE('',#1088,#1089,#32,.T.);
#1384=EDGE_CURVE('',#1085,#1088,#33,.T.);
#1385=EDGE_CURVE('',#1086,#1089,#581,.T.);
#1386=EDGE_CURVE('',#1090,#1074,#582,.T.);
#1387=EDGE_CURVE('',#1089,#1090,#34,.T.);
#1388=EDGE_CURVE('',#1091,#1092,#583,.T.);
#1389=EDGE_CURVE('',#1093,#1091,#584,.T.);
#1390=EDGE_CURVE('',#1094,#1093,#585,.T.);
#1391=EDGE_CURVE('',#1094,#1092,#586,.T.);
#1392=EDGE_CURVE('',#1092,#1095,#587,.T.);
#1393=EDGE_CURVE('',#1096,#1094,#588,.T.);
#1394=EDGE_CURVE('',#1096,#1095,#589,.T.);
#1395=EDGE_CURVE('',#1095,#1097,#590,.T.);
#1396=EDGE_CURVE('',#1098,#1096,#591,.T.);
#1397=EDGE_CURVE('',#1098,#1099,#592,.T.);
#1398=EDGE_CURVE('',#1097,#1099,#35,.T.);
#1399=EDGE_CURVE('',#1099,#1100,#36,.T.);
#1400=EDGE_CURVE('',#1101,#1098,#593,.T.);
#1401=EDGE_CURVE('',#1101,#1102,#594,.T.);
#1402=EDGE_CURVE('',#1100,#1102,#37,.T.);
#1403=EDGE_CURVE('',#1093,#1103,#595,.T.);
#1404=EDGE_CURVE('',#1103,#1101,#596,.T.);
#1405=EDGE_CURVE('',#1104,#1104,#84,.T.);
#1406=EDGE_CURVE('',#1105,#1091,#597,.T.);
#1407=EDGE_CURVE('',#1106,#1105,#38,.T.);
#1408=EDGE_CURVE('',#1103,#1106,#598,.T.);
#1409=EDGE_CURVE('',#1107,#1106,#39,.T.);
#1410=EDGE_CURVE('',#1102,#1107,#40,.T.);
#1411=EDGE_CURVE('',#1071,#1080,#599,.T.);
#1412=EDGE_CURVE('',#1070,#1108,#85,.T.);
#1413=EDGE_CURVE('',#1108,#1109,#600,.T.);
#1414=EDGE_CURVE('',#1109,#969,#86,.T.);
#1415=EDGE_CURVE('',#1105,#968,#601,.T.);
#1416=EDGE_CURVE('',#1090,#1097,#602,.T.);
#1417=EDGE_CURVE('',#1083,#1072,#603,.T.);
#1418=EDGE_CURVE('',#967,#1107,#604,.T.);
#1419=EDGE_CURVE('',#1110,#1110,#87,.T.);
#1420=EDGE_CURVE('',#1111,#1111,#88,.T.);
#1421=EDGE_CURVE('',#1110,#1066,#605,.T.);
#1422=EDGE_CURVE('',#1112,#1065,#121,.T.);
#1423=EDGE_CURVE('',#1113,#1112,#89,.T.);
#1424=EDGE_CURVE('',#1067,#1113,#122,.T.);
#1425=EDGE_CURVE('',#1114,#1114,#90,.T.);
#1426=EDGE_CURVE('',#1115,#1115,#91,.T.);
#1427=EDGE_CURVE('',#1114,#1063,#606,.T.);
#1428=EDGE_CURVE('',#1116,#1062,#123,.T.);
#1429=EDGE_CURVE('',#1117,#1116,#92,.T.);
#1430=EDGE_CURVE('',#1064,#1117,#124,.T.);
#1431=EDGE_CURVE('',#1117,#1112,#607,.T.);
#1432=EDGE_CURVE('',#975,#1116,#608,.T.);
#1433=EDGE_CURVE('',#974,#1118,#93,.T.);
#1434=EDGE_CURVE('',#1118,#1119,#609,.T.);
#1435=EDGE_CURVE('',#1119,#1120,#94,.T.);
#1436=EDGE_CURVE('',#1120,#1121,#610,.T.);
#1437=EDGE_CURVE('',#1113,#1121,#611,.T.);
#1438=EDGE_CURVE('',#1069,#1122,#95,.T.);
#1439=EDGE_CURVE('',#1123,#970,#96,.T.);
#1440=EDGE_CURVE('',#1122,#1123,#612,.T.);
#1441=EDGE_CURVE('',#1124,#1124,#97,.T.);
#1442=EDGE_CURVE('',#1125,#1125,#98,.T.);
#1443=EDGE_CURVE('',#1126,#1127,#99,.T.);
#1444=EDGE_CURVE('',#1128,#1126,#613,.T.);
#1445=EDGE_CURVE('',#973,#1128,#100,.T.);
#1446=EDGE_CURVE('',#1127,#1061,#614,.T.);
#1447=EDGE_CURVE('',#1129,#1129,#101,.T.);
#1448=EDGE_CURVE('',#1130,#1130,#102,.T.);
#1449=EDGE_CURVE('',#1121,#1068,#103,.T.);
#1450=EDGE_CURVE('',#1127,#1120,#615,.T.);
#1451=EDGE_CURVE('',#1119,#1126,#616,.T.);
#1452=EDGE_CURVE('',#1122,#1108,#617,.T.);
#1453=EDGE_CURVE('',#1118,#1128,#618,.T.);
#1454=EDGE_CURVE('',#1123,#1109,#619,.T.);
#1455=EDGE_CURVE('',#1087,#1124,#620,.T.);
#1456=EDGE_CURVE('',#1104,#1125,#621,.T.);
#1457=EDGE_CURVE('',#1073,#960,#125,.T.);
#1458=EDGE_CURVE('',#1100,#1088,#622,.T.);
#1459=EDGE_CURVE('',#1130,#1111,#623,.T.);
#1460=EDGE_CURVE('',#1129,#1115,#624,.T.);
#1461=EDGE_CURVE('',#1131,#1131,#104,.T.);
#1462=EDGE_CURVE('',#1131,#1132,#625,.T.);
#1463=EDGE_CURVE('',#1132,#1132,#105,.T.);
#1464=EDGE_CURVE('',#1133,#1133,#106,.T.);
#1465=EDGE_CURVE('',#1133,#1132,#626,.T.);
#1466=EDGE_CURVE('',#979,#1133,#627,.T.);
#1467=EDGE_CURVE('',#1134,#1135,#628,.T.);
#1468=EDGE_CURVE('',#1135,#1136,#629,.T.);
#1469=EDGE_CURVE('',#1136,#1137,#630,.T.);
#1470=EDGE_CURVE('',#1134,#1137,#631,.T.);
#1471=EDGE_CURVE('',#1135,#1138,#632,.T.);
#1472=EDGE_CURVE('',#1138,#1139,#633,.T.);
#1473=EDGE_CURVE('',#1139,#1136,#634,.T.);
#1474=EDGE_CURVE('',#1138,#1140,#635,.T.);
#1475=EDGE_CURVE('',#1140,#1141,#636,.T.);
#1476=EDGE_CURVE('',#1141,#1139,#637,.T.);
#1477=EDGE_CURVE('',#1140,#1134,#638,.T.);
#1478=EDGE_CURVE('',#1137,#1141,#639,.T.);
#1479=EDGE_CURVE('',#1142,#1143,#640,.T.);
#1480=EDGE_CURVE('',#1143,#1144,#641,.T.);
#1481=EDGE_CURVE('',#1144,#1145,#642,.T.);
#1482=EDGE_CURVE('',#1142,#1145,#643,.T.);
#1483=EDGE_CURVE('',#1143,#1146,#644,.T.);
#1484=EDGE_CURVE('',#1146,#1147,#645,.T.);
#1485=EDGE_CURVE('',#1147,#1144,#646,.T.);
#1486=EDGE_CURVE('',#1146,#1148,#647,.T.);
#1487=EDGE_CURVE('',#1148,#1149,#648,.T.);
#1488=EDGE_CURVE('',#1149,#1147,#649,.T.);
#1489=EDGE_CURVE('',#1148,#1142,#650,.T.);
#1490=EDGE_CURVE('',#1145,#1149,#651,.T.);
#1491=EDGE_CURVE('',#1150,#1151,#652,.T.);
#1492=EDGE_CURVE('',#1150,#1152,#653,.T.);
#1493=EDGE_CURVE('',#1152,#1153,#654,.T.);
#1494=EDGE_CURVE('',#1151,#1153,#655,.T.);
#1495=EDGE_CURVE('',#1154,#1150,#656,.T.);
#1496=EDGE_CURVE('',#1154,#1155,#657,.T.);
#1497=EDGE_CURVE('',#1155,#1152,#658,.T.);
#1498=EDGE_CURVE('',#1156,#1154,#659,.T.);
#1499=EDGE_CURVE('',#1156,#1157,#660,.T.);
#1500=EDGE_CURVE('',#1157,#1155,#661,.T.);
#1501=EDGE_CURVE('',#1151,#1156,#662,.T.);
#1502=EDGE_CURVE('',#1153,#1157,#663,.T.);
#1503=ORIENTED_EDGE('',*,*,#1158,.F.);
#1504=ORIENTED_EDGE('',*,*,#1159,.T.);
#1505=ORIENTED_EDGE('',*,*,#1160,.F.);
#1506=ORIENTED_EDGE('',*,*,#1161,.T.);
#1507=ORIENTED_EDGE('',*,*,#1162,.T.);
#1508=ORIENTED_EDGE('',*,*,#1163,.T.);
#1509=ORIENTED_EDGE('',*,*,#1164,.T.);
#1510=ORIENTED_EDGE('',*,*,#1165,.T.);
#1511=ORIENTED_EDGE('',*,*,#1161,.F.);
#1512=ORIENTED_EDGE('',*,*,#1166,.T.);
#1513=ORIENTED_EDGE('',*,*,#1167,.F.);
#1514=ORIENTED_EDGE('',*,*,#1168,.T.);
#1515=ORIENTED_EDGE('',*,*,#1163,.F.);
#1516=ORIENTED_EDGE('',*,*,#1169,.T.);
#1517=ORIENTED_EDGE('',*,*,#1168,.F.);
#1518=ORIENTED_EDGE('',*,*,#1170,.T.);
#1519=ORIENTED_EDGE('',*,*,#1171,.F.);
#1520=ORIENTED_EDGE('',*,*,#1172,.T.);
#1521=ORIENTED_EDGE('',*,*,#1173,.F.);
#1522=ORIENTED_EDGE('',*,*,#1159,.F.);
#1523=ORIENTED_EDGE('',*,*,#1174,.F.);
#1524=ORIENTED_EDGE('',*,*,#1175,.T.);
#1525=ORIENTED_EDGE('',*,*,#1176,.T.);
#1526=ORIENTED_EDGE('',*,*,#1177,.F.);
#1527=ORIENTED_EDGE('',*,*,#1178,.T.);
#1528=ORIENTED_EDGE('',*,*,#1179,.T.);
#1529=ORIENTED_EDGE('',*,*,#1180,.T.);
#1530=ORIENTED_EDGE('',*,*,#1181,.F.);
#1531=ORIENTED_EDGE('',*,*,#1182,.T.);
#1532=ORIENTED_EDGE('',*,*,#1179,.F.);
#1533=ORIENTED_EDGE('',*,*,#1165,.F.);
#1534=ORIENTED_EDGE('',*,*,#1183,.F.);
#1535=ORIENTED_EDGE('',*,*,#1184,.F.);
#1536=ORIENTED_EDGE('',*,*,#1185,.F.);
#1537=ORIENTED_EDGE('',*,*,#1186,.F.);
#1538=ORIENTED_EDGE('',*,*,#1178,.F.);
#1539=ORIENTED_EDGE('',*,*,#1187,.T.);
#1540=ORIENTED_EDGE('',*,*,#1188,.F.);
#1541=ORIENTED_EDGE('',*,*,#1189,.T.);
#1542=ORIENTED_EDGE('',*,*,#1190,.T.);
#1543=ORIENTED_EDGE('',*,*,#1191,.T.);
#1544=ORIENTED_EDGE('',*,*,#1192,.T.);
#1545=ORIENTED_EDGE('',*,*,#1193,.T.);
#1546=ORIENTED_EDGE('',*,*,#1194,.T.);
#1547=ORIENTED_EDGE('',*,*,#1192,.F.);
#1548=ORIENTED_EDGE('',*,*,#1195,.T.);
#1549=ORIENTED_EDGE('',*,*,#1196,.F.);
#1550=ORIENTED_EDGE('',*,*,#1197,.F.);
#1551=ORIENTED_EDGE('',*,*,#1198,.F.);
#1552=ORIENTED_EDGE('',*,*,#1195,.F.);
#1553=ORIENTED_EDGE('',*,*,#1191,.F.);
#1554=ORIENTED_EDGE('',*,*,#1199,.F.);
#1555=ORIENTED_EDGE('',*,*,#1180,.F.);
#1556=ORIENTED_EDGE('',*,*,#1182,.F.);
#1557=ORIENTED_EDGE('',*,*,#1200,.T.);
#1558=ORIENTED_EDGE('',*,*,#1201,.T.);
#1559=ORIENTED_EDGE('',*,*,#1184,.T.);
#1560=ORIENTED_EDGE('',*,*,#1202,.T.);
#1561=ORIENTED_EDGE('',*,*,#1201,.F.);
#1562=ORIENTED_EDGE('',*,*,#1203,.T.);
#1563=ORIENTED_EDGE('',*,*,#1204,.F.);
#1564=ORIENTED_EDGE('',*,*,#1205,.F.);
#1565=ORIENTED_EDGE('',*,*,#1206,.F.);
#1566=ORIENTED_EDGE('',*,*,#1207,.F.);
#1567=ORIENTED_EDGE('',*,*,#1208,.T.);
#1568=ORIENTED_EDGE('',*,*,#1209,.F.);
#1569=ORIENTED_EDGE('',*,*,#1210,.T.);
#1570=ORIENTED_EDGE('',*,*,#1211,.F.);
#1571=ORIENTED_EDGE('',*,*,#1212,.F.);
#1572=ORIENTED_EDGE('',*,*,#1213,.F.);
#1573=ORIENTED_EDGE('',*,*,#1214,.F.);
#1574=ORIENTED_EDGE('',*,*,#1185,.T.);
#1575=ORIENTED_EDGE('',*,*,#1169,.F.);
#1576=ORIENTED_EDGE('',*,*,#1215,.T.);
#1577=ORIENTED_EDGE('',*,*,#1216,.T.);
#1578=ORIENTED_EDGE('',*,*,#1217,.T.);
#1579=ORIENTED_EDGE('',*,*,#1193,.F.);
#1580=ORIENTED_EDGE('',*,*,#1218,.T.);
#1581=ORIENTED_EDGE('',*,*,#1203,.F.);
#1582=ORIENTED_EDGE('',*,*,#1200,.F.);
#1583=ORIENTED_EDGE('',*,*,#1219,.T.);
#1584=ORIENTED_EDGE('',*,*,#1188,.T.);
#1585=ORIENTED_EDGE('',*,*,#1220,.F.);
#1586=ORIENTED_EDGE('',*,*,#1221,.F.);
#1587=ORIENTED_EDGE('',*,*,#1216,.F.);
#1588=ORIENTED_EDGE('',*,*,#1222,.T.);
#1589=ORIENTED_EDGE('',*,*,#1162,.F.);
#1590=ORIENTED_EDGE('',*,*,#1189,.F.);
#1591=ORIENTED_EDGE('',*,*,#1222,.F.);
#1592=ORIENTED_EDGE('',*,*,#1215,.F.);
#1593=ORIENTED_EDGE('',*,*,#1223,.F.);
#1594=ORIENTED_EDGE('',*,*,#1224,.F.);
#1595=ORIENTED_EDGE('',*,*,#1164,.F.);
#1596=ORIENTED_EDGE('',*,*,#1225,.F.);
#1597=ORIENTED_EDGE('',*,*,#1226,.T.);
#1598=ORIENTED_EDGE('',*,*,#1227,.F.);
#1599=ORIENTED_EDGE('',*,*,#1228,.F.);
#1600=ORIENTED_EDGE('',*,*,#1170,.F.);
#1601=ORIENTED_EDGE('',*,*,#1167,.T.);
#1602=ORIENTED_EDGE('',*,*,#1229,.T.);
#1603=ORIENTED_EDGE('',*,*,#1230,.T.);
#1604=ORIENTED_EDGE('',*,*,#1196,.T.);
#1605=ORIENTED_EDGE('',*,*,#1181,.T.);
#1606=ORIENTED_EDGE('',*,*,#1231,.T.);
#1607=ORIENTED_EDGE('',*,*,#1232,.T.);
#1608=ORIENTED_EDGE('',*,*,#1233,.T.);
#1609=ORIENTED_EDGE('',*,*,#1234,.T.);
#1610=ORIENTED_EDGE('',*,*,#1235,.T.);
#1611=ORIENTED_EDGE('',*,*,#1236,.T.);
#1612=ORIENTED_EDGE('',*,*,#1237,.T.);
#1613=ORIENTED_EDGE('',*,*,#1238,.T.);
#1614=ORIENTED_EDGE('',*,*,#1171,.T.);
#1615=ORIENTED_EDGE('',*,*,#1228,.T.);
#1616=ORIENTED_EDGE('',*,*,#1239,.F.);
#1617=ORIENTED_EDGE('',*,*,#1240,.T.);
#1618=ORIENTED_EDGE('',*,*,#1241,.F.);
#1619=ORIENTED_EDGE('',*,*,#1172,.F.);
#1620=ORIENTED_EDGE('',*,*,#1238,.F.);
#1621=ORIENTED_EDGE('',*,*,#1242,.F.);
#1622=ORIENTED_EDGE('',*,*,#1243,.F.);
#1623=ORIENTED_EDGE('',*,*,#1244,.T.);
#1624=ORIENTED_EDGE('',*,*,#1245,.T.);
#1625=ORIENTED_EDGE('',*,*,#1166,.F.);
#1626=ORIENTED_EDGE('',*,*,#1246,.F.);
#1627=ORIENTED_EDGE('',*,*,#1247,.F.);
#1628=ORIENTED_EDGE('',*,*,#1248,.T.);
#1629=ORIENTED_EDGE('',*,*,#1249,.F.);
#1630=ORIENTED_EDGE('',*,*,#1250,.F.);
#1631=ORIENTED_EDGE('',*,*,#1251,.F.);
#1632=ORIENTED_EDGE('',*,*,#1252,.T.);
#1633=ORIENTED_EDGE('',*,*,#1225,.T.);
#1634=ORIENTED_EDGE('',*,*,#1245,.F.);
#1635=ORIENTED_EDGE('',*,*,#1253,.T.);
#1636=ORIENTED_EDGE('',*,*,#1254,.T.);
#1637=ORIENTED_EDGE('',*,*,#1255,.F.);
#1638=ORIENTED_EDGE('',*,*,#1244,.F.);
#1639=ORIENTED_EDGE('',*,*,#1256,.F.);
#1640=ORIENTED_EDGE('',*,*,#1257,.F.);
#1641=ORIENTED_EDGE('',*,*,#1258,.T.);
#1642=ORIENTED_EDGE('',*,*,#1234,.F.);
#1643=ORIENTED_EDGE('',*,*,#1259,.T.);
#1644=ORIENTED_EDGE('',*,*,#1253,.F.);
#1645=ORIENTED_EDGE('',*,*,#1240,.F.);
#1646=ORIENTED_EDGE('',*,*,#1255,.T.);
#1647=ORIENTED_EDGE('',*,*,#1260,.T.);
#1648=ORIENTED_EDGE('',*,*,#1236,.F.);
#1649=ORIENTED_EDGE('',*,*,#1261,.F.);
#1650=ORIENTED_EDGE('',*,*,#1262,.T.);
#1651=ORIENTED_EDGE('',*,*,#1263,.F.);
#1652=ORIENTED_EDGE('',*,*,#1260,.F.);
#1653=ORIENTED_EDGE('',*,*,#1254,.F.);
#1654=ORIENTED_EDGE('',*,*,#1259,.F.);
#1655=ORIENTED_EDGE('',*,*,#1237,.F.);
#1656=ORIENTED_EDGE('',*,*,#1264,.F.);
#1657=ORIENTED_EDGE('',*,*,#1265,.F.);
#1658=ORIENTED_EDGE('',*,*,#1266,.F.);
#1659=ORIENTED_EDGE('',*,*,#1267,.F.);
#1660=ORIENTED_EDGE('',*,*,#1268,.T.);
#1661=ORIENTED_EDGE('',*,*,#1269,.T.);
#1662=ORIENTED_EDGE('',*,*,#1270,.T.);
#1663=ORIENTED_EDGE('',*,*,#1271,.T.);
#1664=ORIENTED_EDGE('',*,*,#1272,.T.);
#1665=ORIENTED_EDGE('',*,*,#1273,.T.);
#1666=ORIENTED_EDGE('',*,*,#1274,.T.);
#1667=ORIENTED_EDGE('',*,*,#1251,.T.);
#1668=ORIENTED_EDGE('',*,*,#1275,.F.);
#1669=ORIENTED_EDGE('',*,*,#1276,.F.);
#1670=ORIENTED_EDGE('',*,*,#1277,.F.);
#1671=ORIENTED_EDGE('',*,*,#1247,.T.);
#1672=ORIENTED_EDGE('',*,*,#1278,.F.);
#1673=ORIENTED_EDGE('',*,*,#1279,.F.);
#1674=ORIENTED_EDGE('',*,*,#1280,.F.);
#1675=ORIENTED_EDGE('',*,*,#1281,.F.);
#1676=ORIENTED_EDGE('',*,*,#1282,.F.);
#1677=ORIENTED_EDGE('',*,*,#1283,.T.);
#1678=ORIENTED_EDGE('',*,*,#1284,.T.);
#1679=ORIENTED_EDGE('',*,*,#1285,.T.);
#1680=ORIENTED_EDGE('',*,*,#1280,.T.);
#1681=ORIENTED_EDGE('',*,*,#1286,.T.);
#1682=ORIENTED_EDGE('',*,*,#1287,.F.);
#1683=ORIENTED_EDGE('',*,*,#1288,.F.);
#1684=ORIENTED_EDGE('',*,*,#1281,.T.);
#1685=ORIENTED_EDGE('',*,*,#1288,.T.);
#1686=ORIENTED_EDGE('',*,*,#1289,.F.);
#1687=ORIENTED_EDGE('',*,*,#1264,.T.);
#1688=ORIENTED_EDGE('',*,*,#1290,.F.);
#1689=ORIENTED_EDGE('',*,*,#1291,.T.);
#1690=ORIENTED_EDGE('',*,*,#1292,.F.);
#1691=ORIENTED_EDGE('',*,*,#1279,.T.);
#1692=ORIENTED_EDGE('',*,*,#1293,.F.);
#1693=ORIENTED_EDGE('',*,*,#1294,.F.);
#1694=ORIENTED_EDGE('',*,*,#1295,.T.);
#1695=ORIENTED_EDGE('',*,*,#1266,.T.);
#1696=ORIENTED_EDGE('',*,*,#1296,.F.);
#1697=ORIENTED_EDGE('',*,*,#1286,.F.);
#1698=ORIENTED_EDGE('',*,*,#1296,.T.);
#1699=ORIENTED_EDGE('',*,*,#1265,.T.);
#1700=ORIENTED_EDGE('',*,*,#1289,.T.);
#1701=ORIENTED_EDGE('',*,*,#1287,.T.);
#1702=ORIENTED_EDGE('',*,*,#1297,.T.);
#1703=ORIENTED_EDGE('',*,*,#1298,.T.);
#1704=ORIENTED_EDGE('',*,*,#1282,.T.);
#1705=ORIENTED_EDGE('',*,*,#1292,.T.);
#1706=ORIENTED_EDGE('',*,*,#1299,.T.);
#1707=ORIENTED_EDGE('',*,*,#1293,.T.);
#1708=ORIENTED_EDGE('',*,*,#1278,.T.);
#1709=ORIENTED_EDGE('',*,*,#1246,.T.);
#1710=ORIENTED_EDGE('',*,*,#1160,.T.);
#1711=ORIENTED_EDGE('',*,*,#1300,.T.);
#1712=ORIENTED_EDGE('',*,*,#1301,.T.);
#1713=ORIENTED_EDGE('',*,*,#1302,.T.);
#1714=ORIENTED_EDGE('',*,*,#1158,.T.);
#1715=ORIENTED_EDGE('',*,*,#1173,.T.);
#1716=ORIENTED_EDGE('',*,*,#1241,.T.);
#1717=ORIENTED_EDGE('',*,*,#1263,.T.);
#1718=ORIENTED_EDGE('',*,*,#1303,.T.);
#1719=ORIENTED_EDGE('',*,*,#1256,.T.);
#1720=ORIENTED_EDGE('',*,*,#1243,.T.);
#1721=ORIENTED_EDGE('',*,*,#1304,.T.);
#1722=ORIENTED_EDGE('',*,*,#1305,.T.);
#1723=ORIENTED_EDGE('',*,*,#1306,.T.);
#1724=ORIENTED_EDGE('',*,*,#1307,.T.);
#1725=ORIENTED_EDGE('',*,*,#1174,.T.);
#1726=ORIENTED_EDGE('',*,*,#1302,.F.);
#1727=ORIENTED_EDGE('',*,*,#1308,.F.);
#1728=ORIENTED_EDGE('',*,*,#1309,.T.);
#1729=ORIENTED_EDGE('',*,*,#1308,.T.);
#1730=ORIENTED_EDGE('',*,*,#1301,.F.);
#1731=ORIENTED_EDGE('',*,*,#1310,.F.);
#1732=ORIENTED_EDGE('',*,*,#1311,.T.);
#1733=ORIENTED_EDGE('',*,*,#1310,.T.);
#1734=ORIENTED_EDGE('',*,*,#1300,.F.);
#1735=ORIENTED_EDGE('',*,*,#1176,.F.);
#1736=ORIENTED_EDGE('',*,*,#1175,.F.);
#1737=ORIENTED_EDGE('',*,*,#1307,.F.);
#1738=ORIENTED_EDGE('',*,*,#1309,.F.);
#1739=ORIENTED_EDGE('',*,*,#1311,.F.);
#1740=ORIENTED_EDGE('',*,*,#1312,.T.);
#1741=ORIENTED_EDGE('',*,*,#1257,.T.);
#1742=ORIENTED_EDGE('',*,*,#1303,.F.);
#1743=ORIENTED_EDGE('',*,*,#1262,.F.);
#1744=ORIENTED_EDGE('',*,*,#1258,.F.);
#1745=ORIENTED_EDGE('',*,*,#1312,.F.);
#1746=ORIENTED_EDGE('',*,*,#1261,.T.);
#1747=ORIENTED_EDGE('',*,*,#1235,.F.);
#1748=ORIENTED_EDGE('',*,*,#1313,.T.);
#1749=ORIENTED_EDGE('',*,*,#1294,.T.);
#1750=ORIENTED_EDGE('',*,*,#1299,.F.);
#1751=ORIENTED_EDGE('',*,*,#1291,.F.);
#1752=ORIENTED_EDGE('',*,*,#1295,.F.);
#1753=ORIENTED_EDGE('',*,*,#1313,.F.);
#1754=ORIENTED_EDGE('',*,*,#1290,.T.);
#1755=ORIENTED_EDGE('',*,*,#1267,.T.);
#1756=ORIENTED_EDGE('',*,*,#1314,.T.);
#1757=ORIENTED_EDGE('',*,*,#1315,.T.);
#1758=ORIENTED_EDGE('',*,*,#1305,.F.);
#1759=ORIENTED_EDGE('',*,*,#1316,.F.);
#1760=ORIENTED_EDGE('',*,*,#1317,.T.);
#1761=ORIENTED_EDGE('',*,*,#1318,.T.);
#1762=ORIENTED_EDGE('',*,*,#1297,.F.);
#1763=ORIENTED_EDGE('',*,*,#1319,.F.);
#1764=ORIENTED_EDGE('',*,*,#1320,.T.);
#1765=ORIENTED_EDGE('',*,*,#1319,.T.);
#1766=ORIENTED_EDGE('',*,*,#1306,.F.);
#1767=ORIENTED_EDGE('',*,*,#1315,.F.);
#1768=ORIENTED_EDGE('',*,*,#1320,.F.);
#1769=ORIENTED_EDGE('',*,*,#1314,.F.);
#1770=ORIENTED_EDGE('',*,*,#1321,.F.);
#1771=ORIENTED_EDGE('',*,*,#1317,.F.);
#1772=ORIENTED_EDGE('',*,*,#1277,.T.);
#1773=ORIENTED_EDGE('',*,*,#1322,.T.);
#1774=ORIENTED_EDGE('',*,*,#1323,.F.);
#1775=ORIENTED_EDGE('',*,*,#1248,.F.);
#1776=ORIENTED_EDGE('',*,*,#1275,.T.);
#1777=ORIENTED_EDGE('',*,*,#1250,.T.);
#1778=ORIENTED_EDGE('',*,*,#1324,.F.);
#1779=ORIENTED_EDGE('',*,*,#1325,.F.);
#1780=ORIENTED_EDGE('',*,*,#1276,.T.);
#1781=ORIENTED_EDGE('',*,*,#1325,.T.);
#1782=ORIENTED_EDGE('',*,*,#1326,.F.);
#1783=ORIENTED_EDGE('',*,*,#1322,.F.);
#1784=ORIENTED_EDGE('',*,*,#1326,.T.);
#1785=ORIENTED_EDGE('',*,*,#1324,.T.);
#1786=ORIENTED_EDGE('',*,*,#1249,.T.);
#1787=ORIENTED_EDGE('',*,*,#1323,.T.);
#1788=ORIENTED_EDGE('',*,*,#1271,.F.);
#1789=ORIENTED_EDGE('',*,*,#1327,.T.);
#1790=ORIENTED_EDGE('',*,*,#1328,.F.);
#1791=ORIENTED_EDGE('',*,*,#1329,.F.);
#1792=ORIENTED_EDGE('',*,*,#1272,.F.);
#1793=ORIENTED_EDGE('',*,*,#1329,.T.);
#1794=ORIENTED_EDGE('',*,*,#1330,.F.);
#1795=ORIENTED_EDGE('',*,*,#1331,.F.);
#1796=ORIENTED_EDGE('',*,*,#1273,.F.);
#1797=ORIENTED_EDGE('',*,*,#1331,.T.);
#1798=ORIENTED_EDGE('',*,*,#1332,.F.);
#1799=ORIENTED_EDGE('',*,*,#1333,.F.);
#1800=ORIENTED_EDGE('',*,*,#1333,.T.);
#1801=ORIENTED_EDGE('',*,*,#1334,.F.);
#1802=ORIENTED_EDGE('',*,*,#1327,.F.);
#1803=ORIENTED_EDGE('',*,*,#1270,.F.);
#1804=ORIENTED_EDGE('',*,*,#1335,.T.);
#1805=ORIENTED_EDGE('',*,*,#1226,.F.);
#1806=ORIENTED_EDGE('',*,*,#1252,.F.);
#1807=ORIENTED_EDGE('',*,*,#1274,.F.);
#1808=ORIENTED_EDGE('',*,*,#1334,.T.);
#1809=ORIENTED_EDGE('',*,*,#1332,.T.);
#1810=ORIENTED_EDGE('',*,*,#1330,.T.);
#1811=ORIENTED_EDGE('',*,*,#1328,.T.);
#1812=ORIENTED_EDGE('',*,*,#1335,.F.);
#1813=ORIENTED_EDGE('',*,*,#1269,.F.);
#1814=ORIENTED_EDGE('',*,*,#1336,.T.);
#1815=ORIENTED_EDGE('',*,*,#1337,.F.);
#1816=ORIENTED_EDGE('',*,*,#1338,.F.);
#1817=ORIENTED_EDGE('',*,*,#1283,.F.);
#1818=ORIENTED_EDGE('',*,*,#1298,.F.);
#1819=ORIENTED_EDGE('',*,*,#1318,.F.);
#1820=ORIENTED_EDGE('',*,*,#1321,.T.);
#1821=ORIENTED_EDGE('',*,*,#1316,.T.);
#1822=ORIENTED_EDGE('',*,*,#1304,.F.);
#1823=ORIENTED_EDGE('',*,*,#1242,.T.);
#1824=ORIENTED_EDGE('',*,*,#1239,.T.);
#1825=ORIENTED_EDGE('',*,*,#1227,.T.);
#1826=ORIENTED_EDGE('',*,*,#1339,.F.);
#1827=ORIENTED_EDGE('',*,*,#1223,.T.);
#1828=ORIENTED_EDGE('',*,*,#1284,.F.);
#1829=ORIENTED_EDGE('',*,*,#1338,.T.);
#1830=ORIENTED_EDGE('',*,*,#1340,.F.);
#1831=ORIENTED_EDGE('',*,*,#1341,.F.);
#1832=ORIENTED_EDGE('',*,*,#1285,.F.);
#1833=ORIENTED_EDGE('',*,*,#1341,.T.);
#1834=ORIENTED_EDGE('',*,*,#1342,.F.);
#1835=ORIENTED_EDGE('',*,*,#1343,.F.);
#1836=ORIENTED_EDGE('',*,*,#1268,.F.);
#1837=ORIENTED_EDGE('',*,*,#1343,.T.);
#1838=ORIENTED_EDGE('',*,*,#1344,.F.);
#1839=ORIENTED_EDGE('',*,*,#1336,.F.);
#1840=ORIENTED_EDGE('',*,*,#1344,.T.);
#1841=ORIENTED_EDGE('',*,*,#1342,.T.);
#1842=ORIENTED_EDGE('',*,*,#1340,.T.);
#1843=ORIENTED_EDGE('',*,*,#1337,.T.);
#1844=ORIENTED_EDGE('',*,*,#1202,.F.);
#1845=ORIENTED_EDGE('',*,*,#1183,.T.);
#1846=ORIENTED_EDGE('',*,*,#1224,.T.);
#1847=ORIENTED_EDGE('',*,*,#1339,.T.);
#1848=ORIENTED_EDGE('',*,*,#1229,.F.);
#1849=ORIENTED_EDGE('',*,*,#1219,.F.);
#1850=ORIENTED_EDGE('',*,*,#1209,.T.);
#1851=ORIENTED_EDGE('',*,*,#1345,.T.);
#1852=ORIENTED_EDGE('',*,*,#1346,.T.);
#1853=ORIENTED_EDGE('',*,*,#1347,.F.);
#1854=ORIENTED_EDGE('',*,*,#1348,.F.);
#1855=ORIENTED_EDGE('',*,*,#1197,.T.);
#1856=ORIENTED_EDGE('',*,*,#1230,.F.);
#1857=ORIENTED_EDGE('',*,*,#1233,.F.);
#1858=ORIENTED_EDGE('',*,*,#1349,.T.);
#1859=ORIENTED_EDGE('',*,*,#1350,.T.);
#1860=ORIENTED_EDGE('',*,*,#1186,.T.);
#1861=ORIENTED_EDGE('',*,*,#1214,.T.);
#1862=ORIENTED_EDGE('',*,*,#1351,.F.);
#1863=ORIENTED_EDGE('',*,*,#1352,.T.);
#1864=ORIENTED_EDGE('',*,*,#1353,.T.);
#1865=ORIENTED_EDGE('',*,*,#1354,.F.);
#1866=ORIENTED_EDGE('',*,*,#1355,.T.);
#1867=ORIENTED_EDGE('',*,*,#1356,.T.);
#1868=ORIENTED_EDGE('',*,*,#1357,.F.);
#1869=ORIENTED_EDGE('',*,*,#1358,.T.);
#1870=ORIENTED_EDGE('',*,*,#1231,.F.);
#1871=ORIENTED_EDGE('',*,*,#1359,.T.);
#1872=ORIENTED_EDGE('',*,*,#1360,.F.);
#1873=ORIENTED_EDGE('',*,*,#1361,.F.);
#1874=ORIENTED_EDGE('',*,*,#1362,.F.);
#1875=ORIENTED_EDGE('',*,*,#1363,.F.);
#1876=ORIENTED_EDGE('',*,*,#1364,.F.);
#1877=ORIENTED_EDGE('',*,*,#1346,.F.);
#1878=ORIENTED_EDGE('',*,*,#1365,.F.);
#1879=ORIENTED_EDGE('',*,*,#1366,.F.);
#1880=ORIENTED_EDGE('',*,*,#1367,.F.);
#1881=ORIENTED_EDGE('',*,*,#1368,.T.);
#1882=ORIENTED_EDGE('',*,*,#1369,.F.);
#1883=ORIENTED_EDGE('',*,*,#1368,.F.);
#1884=ORIENTED_EDGE('',*,*,#1370,.F.);
#1885=ORIENTED_EDGE('',*,*,#1371,.T.);
#1886=ORIENTED_EDGE('',*,*,#1372,.F.);
#1887=ORIENTED_EDGE('',*,*,#1371,.F.);
#1888=ORIENTED_EDGE('',*,*,#1373,.F.);
#1889=ORIENTED_EDGE('',*,*,#1374,.T.);
#1890=ORIENTED_EDGE('',*,*,#1375,.F.);
#1891=ORIENTED_EDGE('',*,*,#1376,.F.);
#1892=ORIENTED_EDGE('',*,*,#1374,.F.);
#1893=ORIENTED_EDGE('',*,*,#1377,.F.);
#1894=ORIENTED_EDGE('',*,*,#1378,.T.);
#1895=ORIENTED_EDGE('',*,*,#1379,.F.);
#1896=ORIENTED_EDGE('',*,*,#1367,.T.);
#1897=ORIENTED_EDGE('',*,*,#1380,.T.);
#1898=ORIENTED_EDGE('',*,*,#1381,.T.);
#1899=ORIENTED_EDGE('',*,*,#1377,.T.);
#1900=ORIENTED_EDGE('',*,*,#1373,.T.);
#1901=ORIENTED_EDGE('',*,*,#1370,.T.);
#1902=ORIENTED_EDGE('',*,*,#1382,.F.);
#1903=ORIENTED_EDGE('',*,*,#1383,.F.);
#1904=ORIENTED_EDGE('',*,*,#1384,.F.);
#1905=ORIENTED_EDGE('',*,*,#1378,.F.);
#1906=ORIENTED_EDGE('',*,*,#1381,.F.);
#1907=ORIENTED_EDGE('',*,*,#1385,.T.);
#1908=ORIENTED_EDGE('',*,*,#1386,.F.);
#1909=ORIENTED_EDGE('',*,*,#1387,.F.);
#1910=ORIENTED_EDGE('',*,*,#1385,.F.);
#1911=ORIENTED_EDGE('',*,*,#1380,.F.);
#1912=ORIENTED_EDGE('',*,*,#1366,.T.);
#1913=ORIENTED_EDGE('',*,*,#1388,.F.);
#1914=ORIENTED_EDGE('',*,*,#1389,.F.);
#1915=ORIENTED_EDGE('',*,*,#1390,.F.);
#1916=ORIENTED_EDGE('',*,*,#1391,.T.);
#1917=ORIENTED_EDGE('',*,*,#1392,.F.);
#1918=ORIENTED_EDGE('',*,*,#1391,.F.);
#1919=ORIENTED_EDGE('',*,*,#1393,.F.);
#1920=ORIENTED_EDGE('',*,*,#1394,.T.);
#1921=ORIENTED_EDGE('',*,*,#1395,.F.);
#1922=ORIENTED_EDGE('',*,*,#1394,.F.);
#1923=ORIENTED_EDGE('',*,*,#1396,.F.);
#1924=ORIENTED_EDGE('',*,*,#1397,.T.);
#1925=ORIENTED_EDGE('',*,*,#1398,.F.);
#1926=ORIENTED_EDGE('',*,*,#1399,.F.);
#1927=ORIENTED_EDGE('',*,*,#1397,.F.);
#1928=ORIENTED_EDGE('',*,*,#1400,.F.);
#1929=ORIENTED_EDGE('',*,*,#1401,.T.);
#1930=ORIENTED_EDGE('',*,*,#1402,.F.);
#1931=ORIENTED_EDGE('',*,*,#1403,.T.);
#1932=ORIENTED_EDGE('',*,*,#1404,.T.);
#1933=ORIENTED_EDGE('',*,*,#1400,.T.);
#1934=ORIENTED_EDGE('',*,*,#1396,.T.);
#1935=ORIENTED_EDGE('',*,*,#1393,.T.);
#1936=ORIENTED_EDGE('',*,*,#1390,.T.);
#1937=ORIENTED_EDGE('',*,*,#1405,.F.);
#1938=ORIENTED_EDGE('',*,*,#1406,.F.);
#1939=ORIENTED_EDGE('',*,*,#1407,.F.);
#1940=ORIENTED_EDGE('',*,*,#1408,.F.);
#1941=ORIENTED_EDGE('',*,*,#1403,.F.);
#1942=ORIENTED_EDGE('',*,*,#1389,.T.);
#1943=ORIENTED_EDGE('',*,*,#1409,.F.);
#1944=ORIENTED_EDGE('',*,*,#1410,.F.);
#1945=ORIENTED_EDGE('',*,*,#1401,.F.);
#1946=ORIENTED_EDGE('',*,*,#1404,.F.);
#1947=ORIENTED_EDGE('',*,*,#1408,.T.);
#1948=ORIENTED_EDGE('',*,*,#1386,.T.);
#1949=ORIENTED_EDGE('',*,*,#1365,.T.);
#1950=ORIENTED_EDGE('',*,*,#1369,.T.);
#1951=ORIENTED_EDGE('',*,*,#1372,.T.);
#1952=ORIENTED_EDGE('',*,*,#1411,.F.);
#1953=ORIENTED_EDGE('',*,*,#1361,.T.);
#1954=ORIENTED_EDGE('',*,*,#1412,.T.);
#1955=ORIENTED_EDGE('',*,*,#1413,.T.);
#1956=ORIENTED_EDGE('',*,*,#1414,.T.);
#1957=ORIENTED_EDGE('',*,*,#1206,.T.);
#1958=ORIENTED_EDGE('',*,*,#1415,.F.);
#1959=ORIENTED_EDGE('',*,*,#1406,.T.);
#1960=ORIENTED_EDGE('',*,*,#1388,.T.);
#1961=ORIENTED_EDGE('',*,*,#1392,.T.);
#1962=ORIENTED_EDGE('',*,*,#1395,.T.);
#1963=ORIENTED_EDGE('',*,*,#1416,.F.);
#1964=ORIENTED_EDGE('',*,*,#1375,.T.);
#1965=ORIENTED_EDGE('',*,*,#1376,.T.);
#1966=ORIENTED_EDGE('',*,*,#1417,.T.);
#1967=ORIENTED_EDGE('',*,*,#1362,.T.);
#1968=ORIENTED_EDGE('',*,*,#1411,.T.);
#1969=ORIENTED_EDGE('',*,*,#1407,.T.);
#1970=ORIENTED_EDGE('',*,*,#1415,.T.);
#1971=ORIENTED_EDGE('',*,*,#1205,.T.);
#1972=ORIENTED_EDGE('',*,*,#1418,.T.);
#1973=ORIENTED_EDGE('',*,*,#1409,.T.);
#1974=ORIENTED_EDGE('',*,*,#1419,.T.);
#1975=ORIENTED_EDGE('',*,*,#1420,.F.);
#1976=ORIENTED_EDGE('',*,*,#1419,.F.);
#1977=ORIENTED_EDGE('',*,*,#1421,.T.);
#1978=ORIENTED_EDGE('',*,*,#1355,.F.);
#1979=ORIENTED_EDGE('',*,*,#1422,.F.);
#1980=ORIENTED_EDGE('',*,*,#1423,.F.);
#1981=ORIENTED_EDGE('',*,*,#1424,.F.);
#1982=ORIENTED_EDGE('',*,*,#1356,.F.);
#1983=ORIENTED_EDGE('',*,*,#1421,.F.);
#1984=ORIENTED_EDGE('',*,*,#1425,.T.);
#1985=ORIENTED_EDGE('',*,*,#1426,.F.);
#1986=ORIENTED_EDGE('',*,*,#1425,.F.);
#1987=ORIENTED_EDGE('',*,*,#1427,.T.);
#1988=ORIENTED_EDGE('',*,*,#1352,.F.);
#1989=ORIENTED_EDGE('',*,*,#1428,.F.);
#1990=ORIENTED_EDGE('',*,*,#1429,.F.);
#1991=ORIENTED_EDGE('',*,*,#1430,.F.);
#1992=ORIENTED_EDGE('',*,*,#1353,.F.);
#1993=ORIENTED_EDGE('',*,*,#1427,.F.);
#1994=ORIENTED_EDGE('',*,*,#1423,.T.);
#1995=ORIENTED_EDGE('',*,*,#1431,.F.);
#1996=ORIENTED_EDGE('',*,*,#1429,.T.);
#1997=ORIENTED_EDGE('',*,*,#1432,.F.);
#1998=ORIENTED_EDGE('',*,*,#1212,.T.);
#1999=ORIENTED_EDGE('',*,*,#1433,.T.);
#2000=ORIENTED_EDGE('',*,*,#1434,.T.);
#2001=ORIENTED_EDGE('',*,*,#1435,.T.);
#2002=ORIENTED_EDGE('',*,*,#1436,.T.);
#2003=ORIENTED_EDGE('',*,*,#1437,.F.);
#2004=ORIENTED_EDGE('',*,*,#1428,.T.);
#2005=ORIENTED_EDGE('',*,*,#1351,.T.);
#2006=ORIENTED_EDGE('',*,*,#1213,.T.);
#2007=ORIENTED_EDGE('',*,*,#1432,.T.);
#2008=ORIENTED_EDGE('',*,*,#1422,.T.);
#2009=ORIENTED_EDGE('',*,*,#1354,.T.);
#2010=ORIENTED_EDGE('',*,*,#1430,.T.);
#2011=ORIENTED_EDGE('',*,*,#1431,.T.);
#2012=ORIENTED_EDGE('',*,*,#1438,.F.);
#2013=ORIENTED_EDGE('',*,*,#1359,.F.);
#2014=ORIENTED_EDGE('',*,*,#1345,.F.);
#2015=ORIENTED_EDGE('',*,*,#1208,.F.);
#2016=ORIENTED_EDGE('',*,*,#1439,.F.);
#2017=ORIENTED_EDGE('',*,*,#1440,.F.);
#2018=ORIENTED_EDGE('',*,*,#1441,.F.);
#2019=ORIENTED_EDGE('',*,*,#1442,.F.);
#2020=ORIENTED_EDGE('',*,*,#1443,.F.);
#2021=ORIENTED_EDGE('',*,*,#1444,.F.);
#2022=ORIENTED_EDGE('',*,*,#1445,.F.);
#2023=ORIENTED_EDGE('',*,*,#1210,.F.);
#2024=ORIENTED_EDGE('',*,*,#1350,.F.);
#2025=ORIENTED_EDGE('',*,*,#1446,.F.);
#2026=ORIENTED_EDGE('',*,*,#1447,.F.);
#2027=ORIENTED_EDGE('',*,*,#1448,.F.);
#2028=ORIENTED_EDGE('',*,*,#1446,.T.);
#2029=ORIENTED_EDGE('',*,*,#1349,.F.);
#2030=ORIENTED_EDGE('',*,*,#1232,.F.);
#2031=ORIENTED_EDGE('',*,*,#1358,.F.);
#2032=ORIENTED_EDGE('',*,*,#1449,.F.);
#2033=ORIENTED_EDGE('',*,*,#1436,.F.);
#2034=ORIENTED_EDGE('',*,*,#1450,.F.);
#2035=ORIENTED_EDGE('',*,*,#1443,.T.);
#2036=ORIENTED_EDGE('',*,*,#1450,.T.);
#2037=ORIENTED_EDGE('',*,*,#1435,.F.);
#2038=ORIENTED_EDGE('',*,*,#1451,.T.);
#2039=ORIENTED_EDGE('',*,*,#1438,.T.);
#2040=ORIENTED_EDGE('',*,*,#1452,.T.);
#2041=ORIENTED_EDGE('',*,*,#1412,.F.);
#2042=ORIENTED_EDGE('',*,*,#1360,.T.);
#2043=ORIENTED_EDGE('',*,*,#1444,.T.);
#2044=ORIENTED_EDGE('',*,*,#1451,.F.);
#2045=ORIENTED_EDGE('',*,*,#1434,.F.);
#2046=ORIENTED_EDGE('',*,*,#1453,.T.);
#2047=ORIENTED_EDGE('',*,*,#1440,.T.);
#2048=ORIENTED_EDGE('',*,*,#1454,.T.);
#2049=ORIENTED_EDGE('',*,*,#1413,.F.);
#2050=ORIENTED_EDGE('',*,*,#1452,.F.);
#2051=ORIENTED_EDGE('',*,*,#1445,.T.);
#2052=ORIENTED_EDGE('',*,*,#1453,.F.);
#2053=ORIENTED_EDGE('',*,*,#1433,.F.);
#2054=ORIENTED_EDGE('',*,*,#1211,.T.);
#2055=ORIENTED_EDGE('',*,*,#1382,.T.);
#2056=ORIENTED_EDGE('',*,*,#1455,.T.);
#2057=ORIENTED_EDGE('',*,*,#1441,.T.);
#2058=ORIENTED_EDGE('',*,*,#1455,.F.);
#2059=ORIENTED_EDGE('',*,*,#1405,.T.);
#2060=ORIENTED_EDGE('',*,*,#1456,.T.);
#2061=ORIENTED_EDGE('',*,*,#1442,.T.);
#2062=ORIENTED_EDGE('',*,*,#1456,.F.);
#2063=ORIENTED_EDGE('',*,*,#1218,.F.);
#2064=ORIENTED_EDGE('',*,*,#1457,.F.);
#2065=ORIENTED_EDGE('',*,*,#1363,.T.);
#2066=ORIENTED_EDGE('',*,*,#1417,.F.);
#2067=ORIENTED_EDGE('',*,*,#1379,.T.);
#2068=ORIENTED_EDGE('',*,*,#1384,.T.);
#2069=ORIENTED_EDGE('',*,*,#1458,.F.);
#2070=ORIENTED_EDGE('',*,*,#1402,.T.);
#2071=ORIENTED_EDGE('',*,*,#1410,.T.);
#2072=ORIENTED_EDGE('',*,*,#1418,.F.);
#2073=ORIENTED_EDGE('',*,*,#1204,.T.);
#2074=ORIENTED_EDGE('',*,*,#1424,.T.);
#2075=ORIENTED_EDGE('',*,*,#1437,.T.);
#2076=ORIENTED_EDGE('',*,*,#1449,.T.);
#2077=ORIENTED_EDGE('',*,*,#1357,.T.);
#2078=ORIENTED_EDGE('',*,*,#1387,.T.);
#2079=ORIENTED_EDGE('',*,*,#1416,.T.);
#2080=ORIENTED_EDGE('',*,*,#1398,.T.);
#2081=ORIENTED_EDGE('',*,*,#1399,.T.);
#2082=ORIENTED_EDGE('',*,*,#1458,.T.);
#2083=ORIENTED_EDGE('',*,*,#1383,.T.);
#2084=ORIENTED_EDGE('',*,*,#1448,.T.);
#2085=ORIENTED_EDGE('',*,*,#1459,.T.);
#2086=ORIENTED_EDGE('',*,*,#1420,.T.);
#2087=ORIENTED_EDGE('',*,*,#1459,.F.);
#2088=ORIENTED_EDGE('',*,*,#1447,.T.);
#2089=ORIENTED_EDGE('',*,*,#1460,.T.);
#2090=ORIENTED_EDGE('',*,*,#1426,.T.);
#2091=ORIENTED_EDGE('',*,*,#1460,.F.);
#2092=ORIENTED_EDGE('',*,*,#1439,.T.);
#2093=ORIENTED_EDGE('',*,*,#1207,.T.);
#2094=ORIENTED_EDGE('',*,*,#1414,.F.);
#2095=ORIENTED_EDGE('',*,*,#1454,.F.);
#2096=ORIENTED_EDGE('',*,*,#1461,.T.);
#2097=ORIENTED_EDGE('',*,*,#1462,.T.);
#2098=ORIENTED_EDGE('',*,*,#1463,.T.);
#2099=ORIENTED_EDGE('',*,*,#1462,.F.);
#2100=ORIENTED_EDGE('',*,*,#1464,.F.);
#2101=ORIENTED_EDGE('',*,*,#1465,.T.);
#2102=ORIENTED_EDGE('',*,*,#1463,.F.);
#2103=ORIENTED_EDGE('',*,*,#1465,.F.);
#2104=ORIENTED_EDGE('',*,*,#1461,.F.);
#2105=ORIENTED_EDGE('',*,*,#1221,.T.);
#2106=ORIENTED_EDGE('',*,*,#1466,.T.);
#2107=ORIENTED_EDGE('',*,*,#1464,.T.);
#2108=ORIENTED_EDGE('',*,*,#1466,.F.);
#2109=ORIENTED_EDGE('',*,*,#1220,.T.);
#2110=ORIENTED_EDGE('',*,*,#1187,.F.);
#2111=ORIENTED_EDGE('',*,*,#1177,.T.);
#2112=ORIENTED_EDGE('',*,*,#1199,.T.);
#2113=ORIENTED_EDGE('',*,*,#1190,.F.);
#2114=ORIENTED_EDGE('',*,*,#1217,.F.);
#2115=ORIENTED_EDGE('',*,*,#1348,.T.);
#2116=ORIENTED_EDGE('',*,*,#1347,.T.);
#2117=ORIENTED_EDGE('',*,*,#1364,.T.);
#2118=ORIENTED_EDGE('',*,*,#1457,.T.);
#2119=ORIENTED_EDGE('',*,*,#1194,.F.);
#2120=ORIENTED_EDGE('',*,*,#1198,.T.);
#2121=ORIENTED_EDGE('',*,*,#1467,.T.);
#2122=ORIENTED_EDGE('',*,*,#1468,.T.);
#2123=ORIENTED_EDGE('',*,*,#1469,.T.);
#2124=ORIENTED_EDGE('',*,*,#1470,.F.);
#2125=ORIENTED_EDGE('',*,*,#1471,.T.);
#2126=ORIENTED_EDGE('',*,*,#1472,.T.);
#2127=ORIENTED_EDGE('',*,*,#1473,.T.);
#2128=ORIENTED_EDGE('',*,*,#1468,.F.);
#2129=ORIENTED_EDGE('',*,*,#1474,.T.);
#2130=ORIENTED_EDGE('',*,*,#1475,.T.);
#2131=ORIENTED_EDGE('',*,*,#1476,.T.);
#2132=ORIENTED_EDGE('',*,*,#1472,.F.);
#2133=ORIENTED_EDGE('',*,*,#1477,.T.);
#2134=ORIENTED_EDGE('',*,*,#1470,.T.);
#2135=ORIENTED_EDGE('',*,*,#1478,.T.);
#2136=ORIENTED_EDGE('',*,*,#1475,.F.);
#2137=ORIENTED_EDGE('',*,*,#1477,.F.);
#2138=ORIENTED_EDGE('',*,*,#1474,.F.);
#2139=ORIENTED_EDGE('',*,*,#1471,.F.);
#2140=ORIENTED_EDGE('',*,*,#1467,.F.);
#2141=ORIENTED_EDGE('',*,*,#1478,.F.);
#2142=ORIENTED_EDGE('',*,*,#1469,.F.);
#2143=ORIENTED_EDGE('',*,*,#1473,.F.);
#2144=ORIENTED_EDGE('',*,*,#1476,.F.);
#2145=ORIENTED_EDGE('',*,*,#1479,.T.);
#2146=ORIENTED_EDGE('',*,*,#1480,.T.);
#2147=ORIENTED_EDGE('',*,*,#1481,.T.);
#2148=ORIENTED_EDGE('',*,*,#1482,.F.);
#2149=ORIENTED_EDGE('',*,*,#1483,.T.);
#2150=ORIENTED_EDGE('',*,*,#1484,.T.);
#2151=ORIENTED_EDGE('',*,*,#1485,.T.);
#2152=ORIENTED_EDGE('',*,*,#1480,.F.);
#2153=ORIENTED_EDGE('',*,*,#1486,.T.);
#2154=ORIENTED_EDGE('',*,*,#1487,.T.);
#2155=ORIENTED_EDGE('',*,*,#1488,.T.);
#2156=ORIENTED_EDGE('',*,*,#1484,.F.);
#2157=ORIENTED_EDGE('',*,*,#1489,.T.);
#2158=ORIENTED_EDGE('',*,*,#1482,.T.);
#2159=ORIENTED_EDGE('',*,*,#1490,.T.);
#2160=ORIENTED_EDGE('',*,*,#1487,.F.);
#2161=ORIENTED_EDGE('',*,*,#1489,.F.);
#2162=ORIENTED_EDGE('',*,*,#1486,.F.);
#2163=ORIENTED_EDGE('',*,*,#1483,.F.);
#2164=ORIENTED_EDGE('',*,*,#1479,.F.);
#2165=ORIENTED_EDGE('',*,*,#1490,.F.);
#2166=ORIENTED_EDGE('',*,*,#1481,.F.);
#2167=ORIENTED_EDGE('',*,*,#1485,.F.);
#2168=ORIENTED_EDGE('',*,*,#1488,.F.);
#2169=ORIENTED_EDGE('',*,*,#1491,.F.);
#2170=ORIENTED_EDGE('',*,*,#1492,.T.);
#2171=ORIENTED_EDGE('',*,*,#1493,.T.);
#2172=ORIENTED_EDGE('',*,*,#1494,.F.);
#2173=ORIENTED_EDGE('',*,*,#1495,.F.);
#2174=ORIENTED_EDGE('',*,*,#1496,.T.);
#2175=ORIENTED_EDGE('',*,*,#1497,.T.);
#2176=ORIENTED_EDGE('',*,*,#1492,.F.);
#2177=ORIENTED_EDGE('',*,*,#1498,.F.);
#2178=ORIENTED_EDGE('',*,*,#1499,.T.);
#2179=ORIENTED_EDGE('',*,*,#1500,.T.);
#2180=ORIENTED_EDGE('',*,*,#1496,.F.);
#2181=ORIENTED_EDGE('',*,*,#1501,.F.);
#2182=ORIENTED_EDGE('',*,*,#1494,.T.);
#2183=ORIENTED_EDGE('',*,*,#1502,.T.);
#2184=ORIENTED_EDGE('',*,*,#1499,.F.);
#2185=ORIENTED_EDGE('',*,*,#1501,.T.);
#2186=ORIENTED_EDGE('',*,*,#1498,.T.);
#2187=ORIENTED_EDGE('',*,*,#1495,.T.);
#2188=ORIENTED_EDGE('',*,*,#1491,.T.);
#2189=ORIENTED_EDGE('',*,*,#1502,.F.);
#2190=ORIENTED_EDGE('',*,*,#1493,.F.);
#2191=ORIENTED_EDGE('',*,*,#1497,.F.);
#2192=ORIENTED_EDGE('',*,*,#1500,.F.);
#2193=PLANE('',#2436);
#2194=PLANE('',#2437);
#2195=PLANE('',#2438);
#2196=PLANE('',#2439);
#2197=PLANE('',#2440);
#2198=PLANE('',#2441);
#2199=PLANE('',#2444);
#2200=PLANE('',#2446);
#2201=PLANE('',#2449);
#2202=PLANE('',#2454);
#2203=PLANE('',#2460);
#2204=PLANE('',#2463);
#2205=PLANE('',#2464);
#2206=PLANE('',#2465);
#2207=PLANE('',#2467);
#2208=PLANE('',#2468);
#2209=PLANE('',#2469);
#2210=PLANE('',#2470);
#2211=PLANE('',#2471);
#2212=PLANE('',#2472);
#2213=PLANE('',#2473);
#2214=PLANE('',#2474);
#2215=PLANE('',#2475);
#2216=PLANE('',#2476);
#2217=PLANE('',#2477);
#2218=PLANE('',#2478);
#2219=PLANE('',#2479);
#2220=PLANE('',#2480);
#2221=PLANE('',#2481);
#2222=PLANE('',#2482);
#2223=PLANE('',#2483);
#2224=PLANE('',#2484);
#2225=PLANE('',#2485);
#2226=PLANE('',#2486);
#2227=PLANE('',#2487);
#2228=PLANE('',#2488);
#2229=PLANE('',#2489);
#2230=PLANE('',#2490);
#2231=PLANE('',#2491);
#2232=PLANE('',#2492);
#2233=PLANE('',#2493);
#2234=PLANE('',#2494);
#2235=PLANE('',#2495);
#2236=PLANE('',#2496);
#2237=PLANE('',#2497);
#2238=PLANE('',#2498);
#2239=PLANE('',#2499);
#2240=PLANE('',#2500);
#2241=PLANE('',#2501);
#2242=PLANE('',#2502);
#2243=PLANE('',#2503);
#2244=PLANE('',#2504);
#2245=PLANE('',#2505);
#2246=PLANE('',#2506);
#2247=PLANE('',#2507);
#2248=PLANE('',#2508);
#2249=PLANE('',#2514);
#2250=PLANE('',#2517);
#2251=PLANE('',#2518);
#2252=PLANE('',#2519);
#2253=PLANE('',#2521);
#2254=PLANE('',#2524);
#2255=PLANE('',#2526);
#2256=PLANE('',#2529);
#2257=PLANE('',#2531);
#2258=PLANE('',#2532);
#2259=PLANE('',#2533);
#2260=PLANE('',#2535);
#2261=PLANE('',#2538);
#2262=PLANE('',#2540);
#2263=PLANE('',#2542);
#2264=PLANE('',#2545);
#2265=PLANE('',#2550);
#2266=PLANE('',#2555);
#2267=PLANE('',#2560);
#2268=PLANE('',#2565);
#2269=PLANE('',#2570);
#2270=PLANE('',#2575);
#2271=PLANE('',#2579);
#2272=PLANE('',#2580);
#2273=PLANE('',#2595);
#2274=PLANE('',#2598);
#2275=PLANE('',#2599);
#2276=PLANE('',#2600);
#2277=PLANE('',#2601);
#2278=PLANE('',#2602);
#2279=PLANE('',#2603);
#2280=PLANE('',#2604);
#2281=PLANE('',#2605);
#2282=PLANE('',#2606);
#2283=PLANE('',#2607);
#2284=PLANE('',#2608);
#2285=PLANE('',#2609);
#2286=PLANE('',#2610);
#2287=PLANE('',#2611);
#2288=PLANE('',#2612);
#2289=PLANE('',#2613);
#2290=PLANE('',#2614);
#2291=PLANE('',#2615);
#2292=ADVANCED_FACE('',(#134),#2193,.T.);
#2293=ADVANCED_FACE('',(#135),#2194,.T.);
#2294=ADVANCED_FACE('',(#136),#2195,.T.);
#2295=ADVANCED_FACE('',(#137),#2196,.T.);
#2296=ADVANCED_FACE('',(#138),#2197,.T.);
#2297=ADVANCED_FACE('',(#139),#2198,.T.);
#2298=ADVANCED_FACE('',(#140),#126,.T.);
#2299=ADVANCED_FACE('',(#141),#2199,.T.);
#2300=ADVANCED_FACE('',(#142),#2200,.T.);
#2301=ADVANCED_FACE('',(#143),#127,.T.);
#2302=ADVANCED_FACE('',(#144),#2201,.F.);
#2303=ADVANCED_FACE('',(#145),#42,.T.);
#2304=ADVANCED_FACE('',(#146),#2202,.T.);
#2305=ADVANCED_FACE('',(#147),#2203,.T.);
#2306=ADVANCED_FACE('',(#148),#41,.T.);
#2307=ADVANCED_FACE('',(#149),#2204,.T.);
#2308=ADVANCED_FACE('',(#150),#2205,.T.);
#2309=ADVANCED_FACE('',(#151),#2206,.T.);
#2310=ADVANCED_FACE('',(#152),#43,.F.);
#2311=ADVANCED_FACE('',(#153),#2207,.F.);
#2312=ADVANCED_FACE('',(#154),#2208,.F.);
#2313=ADVANCED_FACE('',(#155),#2209,.T.);
#2314=ADVANCED_FACE('',(#156),#2210,.T.);
#2315=ADVANCED_FACE('',(#157),#2211,.F.);
#2316=ADVANCED_FACE('',(#158),#2212,.F.);
#2317=ADVANCED_FACE('',(#159),#2213,.F.);
#2318=ADVANCED_FACE('',(#160),#2214,.F.);
#2319=ADVANCED_FACE('',(#161),#2215,.T.);
#2320=ADVANCED_FACE('',(#162),#2216,.F.);
#2321=ADVANCED_FACE('',(#163),#2217,.T.);
#2322=ADVANCED_FACE('',(#164),#2218,.T.);
#2323=ADVANCED_FACE('',(#165),#2219,.T.);
#2324=ADVANCED_FACE('',(#166),#2220,.T.);
#2325=ADVANCED_FACE('',(#167),#2221,.F.);
#2326=ADVANCED_FACE('',(#168),#2222,.T.);
#2327=ADVANCED_FACE('',(#169),#2223,.T.);
#2328=ADVANCED_FACE('',(#170),#2224,.T.);
#2329=ADVANCED_FACE('',(#171),#2225,.T.);
#2330=ADVANCED_FACE('',(#172),#2226,.T.);
#2331=ADVANCED_FACE('',(#173),#2227,.T.);
#2332=ADVANCED_FACE('',(#174),#2228,.T.);
#2333=ADVANCED_FACE('',(#175),#2229,.T.);
#2334=ADVANCED_FACE('',(#176),#2230,.T.);
#2335=ADVANCED_FACE('',(#177),#2231,.T.);
#2336=ADVANCED_FACE('',(#178),#2232,.T.);
#2337=ADVANCED_FACE('',(#179),#2233,.T.);
#2338=ADVANCED_FACE('',(#180),#2234,.T.);
#2339=ADVANCED_FACE('',(#181),#2235,.T.);
#2340=ADVANCED_FACE('',(#182),#2236,.T.);
#2341=ADVANCED_FACE('',(#183),#2237,.T.);
#2342=ADVANCED_FACE('',(#184),#2238,.T.);
#2343=ADVANCED_FACE('',(#185),#2239,.T.);
#2344=ADVANCED_FACE('',(#186),#2240,.T.);
#2345=ADVANCED_FACE('',(#187),#2241,.T.);
#2346=ADVANCED_FACE('',(#188),#2242,.T.);
#2347=ADVANCED_FACE('',(#189),#2243,.T.);
#2348=ADVANCED_FACE('',(#190),#2244,.T.);
#2349=ADVANCED_FACE('',(#191),#2245,.T.);
#2350=ADVANCED_FACE('',(#192),#2246,.T.);
#2351=ADVANCED_FACE('',(#193),#2247,.T.);
#2352=ADVANCED_FACE('',(#194),#2248,.T.);
#2353=ADVANCED_FACE('',(#195),#44,.F.);
#2354=ADVANCED_FACE('',(#196),#45,.T.);
#2355=ADVANCED_FACE('',(#197),#2249,.F.);
#2356=ADVANCED_FACE('',(#198),#2250,.F.);
#2357=ADVANCED_FACE('',(#199),#2251,.F.);
#2358=ADVANCED_FACE('',(#200),#2252,.F.);
#2359=ADVANCED_FACE('',(#201),#2253,.F.);
#2360=ADVANCED_FACE('',(#202,#21),#2254,.T.);
#2361=ADVANCED_FACE('',(#203),#2255,.F.);
#2362=ADVANCED_FACE('',(#204),#2256,.F.);
#2363=ADVANCED_FACE('',(#205),#2257,.F.);
#2364=ADVANCED_FACE('',(#206),#2258,.F.);
#2365=ADVANCED_FACE('',(#207),#2259,.F.);
#2366=ADVANCED_FACE('',(#208),#2260,.F.);
#2367=ADVANCED_FACE('',(#209,#22),#2261,.T.);
#2368=ADVANCED_FACE('',(#210),#2262,.F.);
#2369=ADVANCED_FACE('',(#211),#2263,.F.);
#2370=ADVANCED_FACE('',(#212),#2264,.T.);
#2371=ADVANCED_FACE('',(#213),#46,.F.);
#2372=ADVANCED_FACE('',(#214),#47,.F.);
#2373=ADVANCED_FACE('',(#215,#23),#2265,.F.);
#2374=ADVANCED_FACE('',(#216),#48,.F.);
#2375=ADVANCED_FACE('',(#217,#24),#2266,.F.);
#2376=ADVANCED_FACE('',(#218),#49,.F.);
#2377=ADVANCED_FACE('',(#219),#2267,.F.);
#2378=ADVANCED_FACE('',(#220),#50,.F.);
#2379=ADVANCED_FACE('',(#221),#51,.F.);
#2380=ADVANCED_FACE('',(#222,#25,#26),#2268,.F.);
#2381=ADVANCED_FACE('',(#223,#27,#28),#2269,.T.);
#2382=ADVANCED_FACE('',(#224),#2270,.F.);
#2383=ADVANCED_FACE('',(#225),#52,.T.);
#2384=ADVANCED_FACE('',(#226),#53,.T.);
#2385=ADVANCED_FACE('',(#227),#2271,.T.);
#2386=ADVANCED_FACE('',(#228),#2272,.T.);
#2387=ADVANCED_FACE('',(#229),#54,.T.);
#2388=ADVANCED_FACE('',(#230),#55,.F.);
#2389=ADVANCED_FACE('',(#231),#56,.F.);
#2390=ADVANCED_FACE('',(#232),#57,.T.);
#2391=ADVANCED_FACE('',(#233),#58,.F.);
#2392=ADVANCED_FACE('',(#234),#59,.F.);
#2393=ADVANCED_FACE('',(#235),#60,.F.);
#2394=ADVANCED_FACE('',(#236),#61,.F.);
#2395=ADVANCED_FACE('',(#237),#62,.T.);
#2396=ADVANCED_FACE('',(#238),#128,.T.);
#2397=ADVANCED_FACE('',(#239),#63,.T.);
#2398=ADVANCED_FACE('',(#240),#2273,.T.);
#2399=ADVANCED_FACE('',(#241),#129,.T.);
#2400=ADVANCED_FACE('',(#242),#64,.F.);
#2401=ADVANCED_FACE('',(#243),#2274,.F.);
#2402=ADVANCED_FACE('',(#244),#2275,.F.);
#2403=ADVANCED_FACE('',(#245),#2276,.F.);
#2404=ADVANCED_FACE('',(#246),#2277,.F.);
#2405=ADVANCED_FACE('',(#247),#2278,.F.);
#2406=ADVANCED_FACE('',(#248),#2279,.F.);
#2407=ADVANCED_FACE('',(#249),#2280,.F.);
#2408=ADVANCED_FACE('',(#250),#2281,.F.);
#2409=ADVANCED_FACE('',(#251),#2282,.F.);
#2410=ADVANCED_FACE('',(#252),#2283,.F.);
#2411=ADVANCED_FACE('',(#253),#2284,.F.);
#2412=ADVANCED_FACE('',(#254),#2285,.F.);
#2413=ADVANCED_FACE('',(#255),#2286,.F.);
#2414=ADVANCED_FACE('',(#256),#2287,.F.);
#2415=ADVANCED_FACE('',(#257),#2288,.F.);
#2416=ADVANCED_FACE('',(#258),#2289,.F.);
#2417=ADVANCED_FACE('',(#259),#2290,.F.);
#2418=ADVANCED_FACE('',(#260),#2291,.F.);
#2419=CLOSED_SHELL('',(#2292,#2293,#2294,#2295,#2296,#2297,#2298,#2299,
#2300,#2301,#2302,#2303,#2304,#2305,#2306,#2307,#2308,#2309,#2310,#2311,
#2312,#2313,#2314,#2315,#2316,#2317,#2318,#2319,#2320,#2321,#2322,#2323,
#2324,#2325,#2326,#2327,#2328,#2329,#2330,#2331,#2332,#2333,#2334,#2335,
#2336,#2337,#2338,#2339,#2340,#2341,#2342,#2343,#2344,#2345,#2346,#2347,
#2348,#2349,#2350,#2351,#2352,#2353,#2354,#2355,#2356,#2357,#2358,#2359,
#2360,#2361,#2362,#2363,#2364,#2365,#2366,#2367,#2368,#2369,#2370,#2371,
#2372,#2373,#2374,#2375,#2376,#2377,#2378,#2379,#2380,#2381,#2382,#2383,
#2384,#2385,#2386,#2387,#2388,#2389,#2390,#2391,#2392,#2393,#2394,#2395,
#2396,#2397,#2398,#2399,#2400));
#2420=CLOSED_SHELL('',(#2401,#2402,#2403,#2404,#2405,#2406));
#2421=CLOSED_SHELL('',(#2407,#2408,#2409,#2410,#2411,#2412));
#2422=CLOSED_SHELL('',(#2413,#2414,#2415,#2416,#2417,#2418));
#2423=DERIVED_UNIT_ELEMENT(#2425,1.);
#2424=DERIVED_UNIT_ELEMENT(#4297,-3.);
#2425=(
MASS_UNIT()
NAMED_UNIT(*)
SI_UNIT(.KILO.,.GRAM.)
);
#2426=DERIVED_UNIT((#2423,#2424));
#2427=MEASURE_REPRESENTATION_ITEM('density measure',
POSITIVE_RATIO_MEASURE(7850.),#2426);
#2428=PROPERTY_DEFINITION_REPRESENTATION(#2433,#2430);
#2429=PROPERTY_DEFINITION_REPRESENTATION(#2434,#2431);
#2430=REPRESENTATION('material name',(#2432),#4294);
#2431=REPRESENTATION('density',(#2427),#4294);
#2432=DESCRIPTIVE_REPRESENTATION_ITEM('Steel','Steel');
#2433=PROPERTY_DEFINITION('material property','material name',#4304);
#2434=PROPERTY_DEFINITION('material property','density of part',#4304);
#2435=AXIS2_PLACEMENT_3D('',#3246,#2616,#2617);
#2436=AXIS2_PLACEMENT_3D('',#3247,#2618,#2619);
#2437=AXIS2_PLACEMENT_3D('',#3260,#2626,#2627);
#2438=AXIS2_PLACEMENT_3D('',#3266,#2631,#2632);
#2439=AXIS2_PLACEMENT_3D('',#3272,#2636,#2637);
#2440=AXIS2_PLACEMENT_3D('',#3280,#2642,#2643);
#2441=AXIS2_PLACEMENT_3D('',#3286,#2647,#2648);
#2442=AXIS2_PLACEMENT_3D('',#3297,#2652,#2653);
#2443=AXIS2_PLACEMENT_3D('',#3313,#2654,#2655);
#2444=AXIS2_PLACEMENT_3D('',#3314,#2656,#2657);
#2445=AXIS2_PLACEMENT_3D('',#3318,#2659,#2660);
#2446=AXIS2_PLACEMENT_3D('',#3410,#2664,#2665);
#2447=AXIS2_PLACEMENT_3D('',#3421,#2669,#2670);
#2448=AXIS2_PLACEMENT_3D('',#3437,#2671,#2672);
#2449=AXIS2_PLACEMENT_3D('',#3438,#2673,#2674);
#2450=AXIS2_PLACEMENT_3D('',#3442,#2676,#2677);
#2451=AXIS2_PLACEMENT_3D('',#3444,#2679,#2680);
#2452=AXIS2_PLACEMENT_3D('',#3445,#2681,#2682);
#2453=AXIS2_PLACEMENT_3D('',#3448,#2683,#2684);
#2454=AXIS2_PLACEMENT_3D('',#3451,#2687,#2688);
#2455=AXIS2_PLACEMENT_3D('',#3455,#2690,#2691);
#2456=AXIS2_PLACEMENT_3D('',#3457,#2692,#2693);
#2457=AXIS2_PLACEMENT_3D('',#3465,#2697,#2698);
#2458=AXIS2_PLACEMENT_3D('',#3473,#2702,#2703);
#2459=AXIS2_PLACEMENT_3D('',#3474,#2704,#2705);
#2460=AXIS2_PLACEMENT_3D('',#3475,#2706,#2707);
#2461=AXIS2_PLACEMENT_3D('',#3598,#2711,#2712);
#2462=AXIS2_PLACEMENT_3D('',#3599,#2713,#2714);
#2463=AXIS2_PLACEMENT_3D('',#3604,#2715,#2716);
#2464=AXIS2_PLACEMENT_3D('',#3605,#2717,#2718);
#2465=AXIS2_PLACEMENT_3D('',#3613,#2723,#2724);
#2466=AXIS2_PLACEMENT_3D('',#3619,#2728,#2729);
#2467=AXIS2_PLACEMENT_3D('',#3654,#2731,#2732);
#2468=AXIS2_PLACEMENT_3D('',#3663,#2737,#2738);
#2469=AXIS2_PLACEMENT_3D('',#3667,#2741,#2742);
#2470=AXIS2_PLACEMENT_3D('',#3679,#2749,#2750);
#2471=AXIS2_PLACEMENT_3D('',#3693,#2758,#2759);
#2472=AXIS2_PLACEMENT_3D('',#3699,#2763,#2764);
#2473=AXIS2_PLACEMENT_3D('',#3706,#2769,#2770);
#2474=AXIS2_PLACEMENT_3D('',#3713,#2775,#2776);
#2475=AXIS2_PLACEMENT_3D('',#3714,#2777,#2778);
#2476=AXIS2_PLACEMENT_3D('',#3723,#2783,#2784);
#2477=AXIS2_PLACEMENT_3D('',#3758,#2803,#2804);
#2478=AXIS2_PLACEMENT_3D('',#3764,#2808,#2809);
#2479=AXIS2_PLACEMENT_3D('',#3771,#2814,#2815);
#2480=AXIS2_PLACEMENT_3D('',#3778,#2820,#2821);
#2481=AXIS2_PLACEMENT_3D('',#3779,#2822,#2823);
#2482=AXIS2_PLACEMENT_3D('',#3796,#2834,#2835);
#2483=AXIS2_PLACEMENT_3D('',#3800,#2838,#2839);
#2484=AXIS2_PLACEMENT_3D('',#3804,#2842,#2843);
#2485=AXIS2_PLACEMENT_3D('',#3806,#2845,#2846);
#2486=AXIS2_PLACEMENT_3D('',#3807,#2847,#2848);
#2487=AXIS2_PLACEMENT_3D('',#3809,#2850,#2851);
#2488=AXIS2_PLACEMENT_3D('',#3810,#2852,#2853);
#2489=AXIS2_PLACEMENT_3D('',#3812,#2855,#2856);
#2490=AXIS2_PLACEMENT_3D('',#3813,#2857,#2858);
#2491=AXIS2_PLACEMENT_3D('',#3819,#2862,#2863);
#2492=AXIS2_PLACEMENT_3D('',#3825,#2867,#2868);
#2493=AXIS2_PLACEMENT_3D('',#3827,#2870,#2871);
#2494=AXIS2_PLACEMENT_3D('',#3829,#2873,#2874);
#2495=AXIS2_PLACEMENT_3D('',#3833,#2877,#2878);
#2496=AXIS2_PLACEMENT_3D('',#3837,#2881,#2882);
#2497=AXIS2_PLACEMENT_3D('',#3839,#2884,#2885);
#2498=AXIS2_PLACEMENT_3D('',#3840,#2886,#2887);
#2499=AXIS2_PLACEMENT_3D('',#3846,#2891,#2892);
#2500=AXIS2_PLACEMENT_3D('',#3850,#2895,#2896);
#2501=AXIS2_PLACEMENT_3D('',#3854,#2899,#2900);
#2502=AXIS2_PLACEMENT_3D('',#3857,#2903,#2904);
#2503=AXIS2_PLACEMENT_3D('',#3858,#2905,#2906);
#2504=AXIS2_PLACEMENT_3D('',#3865,#2911,#2912);
#2505=AXIS2_PLACEMENT_3D('',#3869,#2915,#2916);
#2506=AXIS2_PLACEMENT_3D('',#3873,#2919,#2920);
#2507=AXIS2_PLACEMENT_3D('',#3875,#2922,#2923);
#2508=AXIS2_PLACEMENT_3D('',#3876,#2924,#2925);
#2509=AXIS2_PLACEMENT_3D('',#3877,#2926,#2927);
#2510=AXIS2_PLACEMENT_3D('',#3881,#2929,#2930);
#2511=AXIS2_PLACEMENT_3D('',#3904,#2931,#2932);
#2512=AXIS2_PLACEMENT_3D('',#3906,#2934,#2935);
#2513=AXIS2_PLACEMENT_3D('',#3957,#2939,#2940);
#2514=AXIS2_PLACEMENT_3D('',#3958,#2941,#2942);
#2515=AXIS2_PLACEMENT_3D('',#3966,#2946,#2947);
#2516=AXIS2_PLACEMENT_3D('',#3968,#2948,#2949);
#2517=AXIS2_PLACEMENT_3D('',#3970,#2951,#2952);
#2518=AXIS2_PLACEMENT_3D('',#3979,#2957,#2958);
#2519=AXIS2_PLACEMENT_3D('',#3985,#2962,#2963);
#2520=AXIS2_PLACEMENT_3D('',#3992,#2967,#2968);
#2521=AXIS2_PLACEMENT_3D('',#3993,#2969,#2970);
#2522=AXIS2_PLACEMENT_3D('',#3995,#2971,#2972);
#2523=AXIS2_PLACEMENT_3D('',#4000,#2975,#2976);
#2524=AXIS2_PLACEMENT_3D('',#4001,#2977,#2978);
#2525=AXIS2_PLACEMENT_3D('',#4006,#2981,#2982);
#2526=AXIS2_PLACEMENT_3D('',#4007,#2983,#2984);
#2527=AXIS2_PLACEMENT_3D('',#4010,#2985,#2986);
#2528=AXIS2_PLACEMENT_3D('',#4011,#2987,#2988);
#2529=AXIS2_PLACEMENT_3D('',#4013,#2990,#2991);
#2530=AXIS2_PLACEMENT_3D('',#4016,#2993,#2994);
#2531=AXIS2_PLACEMENT_3D('',#4017,#2995,#2996);
#2532=AXIS2_PLACEMENT_3D('',#4026,#3001,#3002);
#2533=AXIS2_PLACEMENT_3D('',#4032,#3006,#3007);
#2534=AXIS2_PLACEMENT_3D('',#4039,#3011,#3012);
#2535=AXIS2_PLACEMENT_3D('',#4040,#3013,#3014);
#2536=AXIS2_PLACEMENT_3D('',#4042,#3015,#3016);
#2537=AXIS2_PLACEMENT_3D('',#4047,#3019,#3020);
#2538=AXIS2_PLACEMENT_3D('',#4048,#3021,#3022);
#2539=AXIS2_PLACEMENT_3D('',#4053,#3025,#3026);
#2540=AXIS2_PLACEMENT_3D('',#4054,#3027,#3028);
#2541=AXIS2_PLACEMENT_3D('',#4058,#3030,#3031);
#2542=AXIS2_PLACEMENT_3D('',#4060,#3033,#3034);
#2543=AXIS2_PLACEMENT_3D('',#4062,#3035,#3036);
#2544=AXIS2_PLACEMENT_3D('',#4063,#3037,#3038);
#2545=AXIS2_PLACEMENT_3D('',#4064,#3039,#3040);
#2546=AXIS2_PLACEMENT_3D('',#4067,#3042,#3043);
#2547=AXIS2_PLACEMENT_3D('',#4070,#3045,#3046);
#2548=AXIS2_PLACEMENT_3D('',#4073,#3049,#3050);
#2549=AXIS2_PLACEMENT_3D('',#4075,#3052,#3053);
#2550=AXIS2_PLACEMENT_3D('',#4077,#3055,#3056);
#2551=AXIS2_PLACEMENT_3D('',#4079,#3057,#3058);
#2552=AXIS2_PLACEMENT_3D('',#4081,#3059,#3060);
#2553=AXIS2_PLACEMENT_3D('',#4082,#3061,#3062);
#2554=AXIS2_PLACEMENT_3D('',#4094,#3064,#3065);
#2555=AXIS2_PLACEMENT_3D('',#4103,#3066,#3067);
#2556=AXIS2_PLACEMENT_3D('',#4105,#3068,#3069);
#2557=AXIS2_PLACEMENT_3D('',#4107,#3070,#3071);
#2558=AXIS2_PLACEMENT_3D('',#4108,#3072,#3073);
#2559=AXIS2_PLACEMENT_3D('',#4120,#3075,#3076);
#2560=AXIS2_PLACEMENT_3D('',#4129,#3077,#3078);
#2561=AXIS2_PLACEMENT_3D('',#4133,#3081,#3082);
#2562=AXIS2_PLACEMENT_3D('',#4137,#3084,#3085);
#2563=AXIS2_PLACEMENT_3D('',#4141,#3088,#3089);
#2564=AXIS2_PLACEMENT_3D('',#4142,#3090,#3091);
#2565=AXIS2_PLACEMENT_3D('',#4143,#3092,#3093);
#2566=AXIS2_PLACEMENT_3D('',#4145,#3094,#3095);
#2567=AXIS2_PLACEMENT_3D('',#4147,#3096,#3097);
#2568=AXIS2_PLACEMENT_3D('',#4150,#3099,#3100);
#2569=AXIS2_PLACEMENT_3D('',#4152,#3101,#3102);
#2570=AXIS2_PLACEMENT_3D('',#4153,#3103,#3104);
#2571=AXIS2_PLACEMENT_3D('',#4156,#3105,#3106);
#2572=AXIS2_PLACEMENT_3D('',#4159,#3108,#3109);
#2573=AXIS2_PLACEMENT_3D('',#4162,#3111,#3112);
#2574=AXIS2_PLACEMENT_3D('',#4164,#3113,#3114);
#2575=AXIS2_PLACEMENT_3D('',#4165,#3115,#3116);
#2576=AXIS2_PLACEMENT_3D('',#4166,#3117,#3118);
#2577=AXIS2_PLACEMENT_3D('',#4168,#3120,#3121);
#2578=AXIS2_PLACEMENT_3D('',#4170,#3123,#3124);
#2579=AXIS2_PLACEMENT_3D('',#4172,#3126,#3127);
#2580=AXIS2_PLACEMENT_3D('',#4174,#3129,#3130);
#2581=AXIS2_PLACEMENT_3D('',#4176,#3132,#3133);
#2582=AXIS2_PLACEMENT_3D('',#4177,#3134,#3135);
#2583=AXIS2_PLACEMENT_3D('',#4179,#3137,#3138);
#2584=AXIS2_PLACEMENT_3D('',#4181,#3140,#3141);
#2585=AXIS2_PLACEMENT_3D('',#4193,#3143,#3144);
#2586=AXIS2_PLACEMENT_3D('',#4194,#3145,#3146);
#2587=AXIS2_PLACEMENT_3D('',#4195,#3147,#3148);
#2588=AXIS2_PLACEMENT_3D('',#4197,#3150,#3151);
#2589=AXIS2_PLACEMENT_3D('',#4199,#3153,#3154);
#2590=AXIS2_PLACEMENT_3D('',#4200,#3155,#3156);
#2591=AXIS2_PLACEMENT_3D('',#4202,#3157,#3158);
#2592=AXIS2_PLACEMENT_3D('',#4205,#3160,#3161);
#2593=AXIS2_PLACEMENT_3D('',#4206,#3162,#3163);
#2594=AXIS2_PLACEMENT_3D('',#4208,#3164,#3165);
#2595=AXIS2_PLACEMENT_3D('',#4210,#3167,#3168);
#2596=AXIS2_PLACEMENT_3D('',#4211,#3169,#3170);
#2597=AXIS2_PLACEMENT_3D('',#4213,#3172,#3173);
#2598=AXIS2_PLACEMENT_3D('',#4214,#3174,#3175);
#2599=AXIS2_PLACEMENT_3D('',#4223,#3180,#3181);
#2600=AXIS2_PLACEMENT_3D('',#4229,#3185,#3186);
#2601=AXIS2_PLACEMENT_3D('',#4235,#3190,#3191);
#2602=AXIS2_PLACEMENT_3D('',#4238,#3194,#3195);
#2603=AXIS2_PLACEMENT_3D('',#4239,#3196,#3197);
#2604=AXIS2_PLACEMENT_3D('',#4240,#3198,#3199);
#2605=AXIS2_PLACEMENT_3D('',#4249,#3204,#3205);
#2606=AXIS2_PLACEMENT_3D('',#4255,#3209,#3210);
#2607=AXIS2_PLACEMENT_3D('',#4261,#3214,#3215);
#2608=AXIS2_PLACEMENT_3D('',#4264,#3218,#3219);
#2609=AXIS2_PLACEMENT_3D('',#4265,#3220,#3221);
#2610=AXIS2_PLACEMENT_3D('',#4266,#3222,#3223);
#2611=AXIS2_PLACEMENT_3D('',#4275,#3228,#3229);
#2612=AXIS2_PLACEMENT_3D('',#4281,#3233,#3234);
#2613=AXIS2_PLACEMENT_3D('',#4287,#3238,#3239);
#2614=AXIS2_PLACEMENT_3D('',#4290,#3242,#3243);
#2615=AXIS2_PLACEMENT_3D('',#4291,#3244,#3245);
#2616=DIRECTION('axis',(0.,0.,1.));
#2617=DIRECTION('refdir',(1.,0.,0.));
#2618=DIRECTION('center_axis',(0.707106781186545,0.,-0.70710678118655));
#2619=DIRECTION('ref_axis',(-0.70710678118655,0.,-0.707106781186545));
#2620=DIRECTION('',(0.,1.,0.));
#2621=DIRECTION('',(0.,-1.,0.));
#2622=DIRECTION('',(0.,1.,0.));
#2623=DIRECTION('',(-0.577350269189627,0.577350269189626,-0.577350269189624));
#2624=DIRECTION('',(0.,1.,0.));
#2625=DIRECTION('',(0.577350269189627,0.577350269189626,0.577350269189624));
#2626=DIRECTION('center_axis',(0.,-0.70710678118655,-0.707106781186545));
#2627=DIRECTION('ref_axis',(-1.,0.,0.));
#2628=DIRECTION('',(0.0899688800009072,0.704239164145028,-0.704239164145033));
#2629=DIRECTION('',(1.,0.,0.));
#2630=DIRECTION('',(-1.,0.,0.));
#2631=DIRECTION('center_axis',(0.,0.70710678118655,-0.707106781186545));
#2632=DIRECTION('ref_axis',(-1.,0.,0.));
#2633=DIRECTION('',(-0.0899688800009072,0.704239164145028,0.704239164145033));
#2634=DIRECTION('',(1.,0.,0.));
#2635=DIRECTION('',(-1.,0.,0.));
#2636=DIRECTION('center_axis',(0.,0.,-1.));
#2637=DIRECTION('ref_axis',(6.12323399573677E-17,-1.,0.));
#2638=DIRECTION('',(-0.126723369183102,0.991938096709106,0.));
#2639=DIRECTION('',(-0.8,-0.6,0.));
#2640=DIRECTION('',(0.600000000000001,-0.799999999999999,4.03717463500057E-16));
#2641=DIRECTION('',(0.,1.,0.));
#2642=DIRECTION('center_axis',(0.,0.,-1.));
#2643=DIRECTION('ref_axis',(6.12323399573677E-17,-1.,0.));
#2644=DIRECTION('',(-1.,0.,0.));
#2645=DIRECTION('',(6.12323399573677E-17,-1.,0.));
#2646=DIRECTION('',(-1.,0.,0.));
#2647=DIRECTION('center_axis',(0.,-0.707106781186548,-0.707106781186548));
#2648=DIRECTION('ref_axis',(-1.,0.,0.));
#2649=DIRECTION('',(1.,0.,0.));
#2650=DIRECTION('',(0.,-0.707106781186547,0.707106781186547));
#2651=DIRECTION('',(-1.,0.,0.));
#2652=DIRECTION('center_axis',(0.,0.,1.));
#2653=DIRECTION('ref_axis',(1.,0.,0.));
#2654=DIRECTION('center_axis',(0.,0.,-1.));
#2655=DIRECTION('ref_axis',(1.,0.,0.));
#2656=DIRECTION('center_axis',(0.,-1.,0.));
#2657=DIRECTION('ref_axis',(1.,0.,0.));
#2658=DIRECTION('',(0.,0.,1.));
#2659=DIRECTION('center_axis',(0.,1.,0.));
#2660=DIRECTION('ref_axis',(-0.707106781186547,0.,-0.707106781186547));
#2661=DIRECTION('',(-1.,0.,0.));
#2662=DIRECTION('',(0.,0.,-1.));
#2663=DIRECTION('',(0.,0.,1.));
#2664=DIRECTION('center_axis',(0.,0.707106781186548,-0.707106781186548));
#2665=DIRECTION('ref_axis',(-1.,0.,0.));
#2666=DIRECTION('',(1.,0.,0.));
#2667=DIRECTION('',(0.,-0.707106781186547,-0.707106781186547));
#2668=DIRECTION('',(-1.,0.,0.));
#2669=DIRECTION('center_axis',(0.,0.,1.));
#2670=DIRECTION('ref_axis',(1.,0.,0.));
#2671=DIRECTION('center_axis',(0.,0.,-1.));
#2672=DIRECTION('ref_axis',(1.,0.,0.));
#2673=DIRECTION('center_axis',(0.,0.,1.));
#2674=DIRECTION('ref_axis',(1.,0.,0.));
#2675=DIRECTION('',(0.,-1.,0.));
#2676=DIRECTION('center_axis',(0.,0.,1.));
#2677=DIRECTION('ref_axis',(1.,0.,0.));
#2678=DIRECTION('',(0.,-1.,0.));
#2679=DIRECTION('center_axis',(0.,0.,1.));
#2680=DIRECTION('ref_axis',(1.,0.,0.));
#2681=DIRECTION('center_axis',(0.,1.,0.));
#2682=DIRECTION('ref_axis',(-0.707106781186547,0.,-0.707106781186547));
#2683=DIRECTION('center_axis',(0.,-1.,0.));
#2684=DIRECTION('ref_axis',(-0.707106781186547,0.,-0.707106781186547));
#2685=DIRECTION('',(0.,-1.,0.));
#2686=DIRECTION('',(0.,1.,0.));
#2687=DIRECTION('center_axis',(0.,0.,-1.));
#2688=DIRECTION('ref_axis',(-1.,0.,0.));
#2689=DIRECTION('',(1.,0.,0.));
#2690=DIRECTION('center_axis',(0.,0.,1.));
#2691=DIRECTION('ref_axis',(1.,0.,0.));
#2692=DIRECTION('center_axis',(0.,0.,-1.));
#2693=DIRECTION('ref_axis',(-0.520416499866533,-0.853912563829967,0.));
#2694=DIRECTION('',(-1.,0.,0.));
#2695=DIRECTION('',(0.,1.,0.));
#2696=DIRECTION('',(-1.,0.,0.));
#2697=DIRECTION('center_axis',(0.,0.,-1.));
#2698=DIRECTION('ref_axis',(1.,0.,0.));
#2699=DIRECTION('',(1.,0.,0.));
#2700=DIRECTION('',(0.,1.,0.));
#2701=DIRECTION('',(1.,0.,0.));
#2702=DIRECTION('center_axis',(0.,0.,-1.));
#2703=DIRECTION('ref_axis',(-0.520416499866533,0.853912563829967,0.));
#2704=DIRECTION('center_axis',(0.,0.,1.));
#2705=DIRECTION('ref_axis',(1.,0.,0.));
#2706=DIRECTION('center_axis',(0.,1.,0.));
#2707=DIRECTION('ref_axis',(-1.,0.,0.));
#2708=DIRECTION('',(0.,0.,-1.));
#2709=DIRECTION('',(0.,0.,-1.));
#2710=DIRECTION('',(0.,0.,1.));
#2711=DIRECTION('center_axis',(0.,0.,1.));
#2712=DIRECTION('ref_axis',(1.,0.,0.));
#2713=DIRECTION('center_axis',(0.,0.,1.));
#2714=DIRECTION('ref_axis',(1.,0.,0.));
#2715=DIRECTION('center_axis',(1.,0.,0.));
#2716=DIRECTION('ref_axis',(0.,0.,-1.));
#2717=DIRECTION('center_axis',(-0.991938096709106,0.126723369183102,0.));
#2718=DIRECTION('ref_axis',(0.126723369183102,0.991938096709106,0.));
#2719=DIRECTION('',(-0.126723369183102,-0.991938096709106,0.));
#2720=DIRECTION('',(0.,0.,1.));
#2721=DIRECTION('',(0.126723369183102,0.991938096709106,0.));
#2722=DIRECTION('',(4.89858719658941E-17,-3.67394039744206E-17,1.));
#2723=DIRECTION('center_axis',(-0.991938096709106,-0.126723369183102,0.));
#2724=DIRECTION('ref_axis',(-0.126723369183102,0.991938096709106,0.));
#2725=DIRECTION('',(0.126723369183102,-0.991938096709106,0.));
#2726=DIRECTION('',(4.89858719658941E-17,3.67394039744206E-17,1.));
#2727=DIRECTION('',(0.,0.,1.));
#2728=DIRECTION('center_axis',(0.,1.,0.));
#2729=DIRECTION('ref_axis',(-0.707106781186548,0.,0.707106781186547));
#2730=DIRECTION('',(0.,1.,0.));
#2731=DIRECTION('center_axis',(-0.0132001699532862,-0.999912873961129,0.));
#2732=DIRECTION('ref_axis',(-0.999912873961129,0.0132001699532862,0.));
#2733=DIRECTION('',(0.999912873961129,-0.0132001699532862,0.));
#2734=DIRECTION('',(0.,0.,-1.));
#2735=DIRECTION('',(-0.999912873961129,0.0132001699532862,0.));
#2736=DIRECTION('',(4.89858719658941E-17,3.67394039744206E-17,1.));
#2737=DIRECTION('center_axis',(0.6,-0.8,-6.16297582203915E-33));
#2738=DIRECTION('ref_axis',(4.89858719658941E-17,3.67394039744206E-17,1.));
#2739=DIRECTION('',(-4.89858719658941E-17,-3.67394039744206E-17,-1.));
#2740=DIRECTION('',(-0.8,-0.6,0.));
#2741=DIRECTION('center_axis',(0.799999999999999,0.600000000000001,-6.12323399573677E-17));
#2742=DIRECTION('ref_axis',(-0.600000000000001,0.799999999999999,9.8641943994429E-32));
#2743=DIRECTION('',(0.600000000000001,-0.799999999999999,-8.62816615085482E-32));
#2744=DIRECTION('',(0.,0.,1.));
#2745=DIRECTION('',(-0.600000000000001,0.799999999999999,9.8641943994429E-32));
#2746=DIRECTION('',(0.,0.,1.));
#2747=DIRECTION('',(-0.600000000000001,0.799999999999999,8.62816615085482E-32));
#2748=DIRECTION('',(-4.89858719658941E-17,-3.67394039744206E-17,-1.));
#2749=DIRECTION('center_axis',(0.,0.,-1.));
#2750=DIRECTION('ref_axis',(6.12323399573677E-17,-1.,0.));
#2751=DIRECTION('',(0.,1.,0.));
#2752=DIRECTION('',(0.600000000000001,0.799999999999999,4.03717463500057E-16));
#2753=DIRECTION('',(0.8,-0.6,0.));
#2754=DIRECTION('',(0.600000000000001,0.799999999999999,-8.62816615085482E-32));
#2755=DIRECTION('',(0.8,-0.6,0.));
#2756=DIRECTION('',(0.600000000000001,0.799999999999999,4.03717463500057E-16));
#2757=DIRECTION('',(-0.8,0.6,0.));
#2758=DIRECTION('center_axis',(0.6,-0.8,-6.16297582203915E-33));
#2759=DIRECTION('ref_axis',(-4.89858719658941E-17,-3.67394039744206E-17,
-1.));
#2760=DIRECTION('',(0.8,0.6,0.));
#2761=DIRECTION('',(-4.89858719658941E-17,-3.67394039744206E-17,-1.));
#2762=DIRECTION('',(0.8,0.6,0.));
#2763=DIRECTION('center_axis',(-5.17689969051289E-32,6.90253292068385E-32,
-1.));
#2764=DIRECTION('ref_axis',(-0.600000000000001,0.799999999999999,8.62816615085482E-32));
#2765=DIRECTION('',(-6.12323399573677E-17,1.,0.));
#2766=DIRECTION('',(-1.,0.,0.));
#2767=DIRECTION('',(-6.12323399573677E-17,1.,0.));
#2768=DIRECTION('',(-0.600000000000001,0.799999999999999,8.62816615085482E-32));
#2769=DIRECTION('center_axis',(5.17689969051289E-32,-6.90253292068385E-32,
1.));
#2770=DIRECTION('ref_axis',(0.600000000000001,-0.799999999999999,-8.62816615085482E-32));
#2771=DIRECTION('',(0.600000000000001,-0.799999999999999,-8.62816615085482E-32));
#2772=DIRECTION('',(0.,1.,0.));
#2773=DIRECTION('',(-1.,0.,0.));
#2774=DIRECTION('',(6.12323399573677E-17,-1.,0.));
#2775=DIRECTION('center_axis',(-0.8,-0.6,0.));
#2776=DIRECTION('ref_axis',(0.,0.,-1.));
#2777=DIRECTION('center_axis',(0.0132001699532862,-0.999912873961129,0.));
#2778=DIRECTION('ref_axis',(-0.999912873961129,-0.0132001699532862,0.));
#2779=DIRECTION('',(0.999912873961129,0.0132001699532862,0.));
#2780=DIRECTION('',(4.89858719658941E-17,-3.67394039744206E-17,1.));
#2781=DIRECTION('',(-0.999912873961129,-0.0132001699532862,0.));
#2782=DIRECTION('',(0.,0.,-1.));
#2783=DIRECTION('center_axis',(-0.799999999999999,0.600000000000001,6.12323399573677E-17));
#2784=DIRECTION('ref_axis',(-0.600000000000001,-0.799999999999999,9.8641943994429E-32));
#2785=DIRECTION('',(4.89858719658941E-17,-3.67394039744206E-17,1.));
#2786=DIRECTION('',(-0.600000000000001,-0.799999999999999,9.8641943994429E-32));
#2787=DIRECTION('',(-4.89858719658941E-17,3.67394039744206E-17,-1.));
#2788=DIRECTION('',(0.600000000000001,0.799999999999999,-8.62816615085482E-32));
#2789=DIRECTION('',(-4.89858719658941E-17,3.67394039744206E-17,-1.));
#2790=DIRECTION('',(-0.600000000000001,-0.799999999999999,8.62816615085482E-32));
#2791=DIRECTION('',(-4.89858719658941E-17,3.67394039744206E-17,-1.));
#2792=DIRECTION('',(-4.89858719658941E-17,3.67394039744206E-17,-1.));
#2793=DIRECTION('',(-0.600000000000001,-0.799999999999999,8.62816615085482E-32));
#2794=DIRECTION('',(4.89858719658941E-17,-3.67394039744206E-17,1.));
#2795=DIRECTION('',(0.,0.,-1.));
#2796=DIRECTION('',(0.600000000000001,0.799999999999999,-8.62816615085482E-32));
#2797=DIRECTION('',(-4.89858719658941E-17,3.67394039744206E-17,-1.));
#2798=DIRECTION('',(-0.600000000000001,-0.799999999999999,8.62816615085482E-32));
#2799=DIRECTION('',(0.,0.,-1.));
#2800=DIRECTION('',(-0.600000000000001,-0.799999999999999,9.8641943994429E-32));
#2801=DIRECTION('',(-4.89858719658941E-17,3.67394039744206E-17,-1.));
#2802=DIRECTION('',(-0.600000000000001,-0.799999999999999,8.62816615085482E-32));
#2803=DIRECTION('center_axis',(-0.6,-0.8,6.16297582203915E-33));
#2804=DIRECTION('ref_axis',(-4.89858719658941E-17,3.67394039744206E-17,
-1.));
#2805=DIRECTION('',(0.8,-0.6,0.));
#2806=DIRECTION('',(-4.89858719658941E-17,3.67394039744206E-17,-1.));
#2807=DIRECTION('',(0.8,-0.6,0.));
#2808=DIRECTION('center_axis',(5.17689969051289E-32,6.90253292068385E-32,
1.));
#2809=DIRECTION('ref_axis',(-0.600000000000001,-0.799999999999999,8.62816615085482E-32));
#2810=DIRECTION('',(-0.600000000000001,-0.799999999999999,8.62816615085482E-32));
#2811=DIRECTION('',(0.,-1.,0.));
#2812=DIRECTION('',(-1.,0.,0.));
#2813=DIRECTION('',(-6.12323399573677E-17,1.,0.));
#2814=DIRECTION('center_axis',(-5.17689969051289E-32,-6.90253292068385E-32,
-1.));
#2815=DIRECTION('ref_axis',(0.600000000000001,0.799999999999999,-8.62816615085482E-32));
#2816=DIRECTION('',(6.12323399573677E-17,-1.,0.));
#2817=DIRECTION('',(-1.,0.,0.));
#2818=DIRECTION('',(6.12323399573677E-17,-1.,0.));
#2819=DIRECTION('',(0.600000000000001,0.799999999999999,-8.62816615085482E-32));
#2820=DIRECTION('center_axis',(0.8,-0.6,0.));
#2821=DIRECTION('ref_axis',(0.,0.,-1.));
#2822=DIRECTION('center_axis',(-1.,0.,0.));
#2823=DIRECTION('ref_axis',(0.,-1.,0.));
#2824=DIRECTION('',(0.,0.,1.));
#2825=DIRECTION('',(0.,-1.,0.));
#2826=DIRECTION('',(0.,0.,-1.));
#2827=DIRECTION('',(0.,0.,1.));
#2828=DIRECTION('',(-6.12323399573677E-17,1.,0.));
#2829=DIRECTION('',(0.,0.,-1.));
#2830=DIRECTION('',(0.,0.,1.));
#2831=DIRECTION('',(0.,-1.,0.));
#2832=DIRECTION('',(0.,0.,-1.));
#2833=DIRECTION('',(6.12323399573677E-17,-1.,0.));
#2834=DIRECTION('center_axis',(0.,1.,0.));
#2835=DIRECTION('ref_axis',(0.,0.,-1.));
#2836=DIRECTION('',(0.,0.,-1.));
#2837=DIRECTION('',(-1.,0.,0.));
#2838=DIRECTION('center_axis',(0.,0.,1.));
#2839=DIRECTION('ref_axis',(-6.12323399573677E-17,1.,0.));
#2840=DIRECTION('',(-6.12323399573677E-17,1.,0.));
#2841=DIRECTION('',(-1.,0.,0.));
#2842=DIRECTION('center_axis',(0.,-1.,0.));
#2843=DIRECTION('ref_axis',(0.,0.,1.));
#2844=DIRECTION('',(0.,0.,1.));
#2845=DIRECTION('center_axis',(1.,6.12323399573677E-17,0.));
#2846=DIRECTION('ref_axis',(-6.12323399573677E-17,1.,0.));
#2847=DIRECTION('center_axis',(0.,-1.,0.));
#2848=DIRECTION('ref_axis',(0.,0.,1.));
#2849=DIRECTION('',(0.,0.,1.));
#2850=DIRECTION('center_axis',(1.,6.12323399573677E-17,0.));
#2851=DIRECTION('ref_axis',(-6.12323399573677E-17,1.,0.));
#2852=DIRECTION('center_axis',(0.,1.,0.));
#2853=DIRECTION('ref_axis',(0.,0.,-1.));
#2854=DIRECTION('',(0.,0.,-1.));
#2855=DIRECTION('center_axis',(1.,6.12323399573677E-17,0.));
#2856=DIRECTION('ref_axis',(-6.12323399573677E-17,1.,0.));
#2857=DIRECTION('center_axis',(0.,1.,0.));
#2858=DIRECTION('ref_axis',(0.,0.,-1.));
#2859=DIRECTION('',(0.,0.,-1.));
#2860=DIRECTION('',(-1.,0.,0.));
#2861=DIRECTION('',(-1.,0.,0.));
#2862=DIRECTION('center_axis',(0.,-1.,0.));
#2863=DIRECTION('ref_axis',(0.,0.,1.));
#2864=DIRECTION('',(0.,0.,1.));
#2865=DIRECTION('',(-1.,0.,0.));
#2866=DIRECTION('',(-1.,0.,0.));
#2867=DIRECTION('center_axis',(0.,0.,-1.));
#2868=DIRECTION('ref_axis',(6.12323399573677E-17,-1.,0.));
#2869=DIRECTION('',(6.12323399573677E-17,-1.,0.));
#2870=DIRECTION('center_axis',(1.,6.12323399573677E-17,0.));
#2871=DIRECTION('ref_axis',(-6.12323399573677E-17,1.,0.));
#2872=DIRECTION('',(-6.12323399573677E-17,1.,0.));
#2873=DIRECTION('center_axis',(0.6,0.8,-6.16297582203915E-33));
#2874=DIRECTION('ref_axis',(4.89858719658941E-17,-3.67394039744206E-17,
1.));
#2875=DIRECTION('',(0.8,-0.6,0.));
#2876=DIRECTION('',(4.89858719658941E-17,-3.67394039744206E-17,1.));
#2877=DIRECTION('center_axis',(-0.6,-0.8,6.16297582203915E-33));
#2878=DIRECTION('ref_axis',(-4.89858719658941E-17,3.67394039744206E-17,
-1.));
#2879=DIRECTION('',(-4.89858719658941E-17,3.67394039744206E-17,-1.));
#2880=DIRECTION('',(0.8,-0.6,0.));
#2881=DIRECTION('center_axis',(5.17689969051289E-32,6.90253292068385E-32,
1.));
#2882=DIRECTION('ref_axis',(-0.600000000000001,-0.799999999999999,8.62816615085482E-32));
#2883=DIRECTION('',(-0.600000000000001,-0.799999999999999,8.62816615085482E-32));
#2884=DIRECTION('center_axis',(0.8,-0.6,0.));
#2885=DIRECTION('ref_axis',(0.,0.,-1.));
#2886=DIRECTION('center_axis',(5.17689969051289E-32,6.90253292068385E-32,
1.));
#2887=DIRECTION('ref_axis',(-0.600000000000001,-0.799999999999999,8.62816615085482E-32));
#2888=DIRECTION('',(0.8,-0.6,0.));
#2889=DIRECTION('',(-0.600000000000001,-0.799999999999999,8.62816615085482E-32));
#2890=DIRECTION('',(0.8,-0.6,0.));
#2891=DIRECTION('center_axis',(0.6,0.8,-6.16297582203915E-33));
#2892=DIRECTION('ref_axis',(4.89858719658941E-17,-3.67394039744206E-17,
1.));
#2893=DIRECTION('',(4.89858719658941E-17,-3.67394039744206E-17,1.));
#2894=DIRECTION('',(0.8,-0.6,0.));
#2895=DIRECTION('center_axis',(-5.17689969051289E-32,-6.90253292068385E-32,
-1.));
#2896=DIRECTION('ref_axis',(0.600000000000001,0.799999999999999,-8.62816615085482E-32));
#2897=DIRECTION('',(0.600000000000001,0.799999999999999,-8.62816615085482E-32));
#2898=DIRECTION('',(0.8,-0.6,0.));
#2899=DIRECTION('center_axis',(-0.6,-0.8,6.16297582203915E-33));
#2900=DIRECTION('ref_axis',(-4.89858719658941E-17,3.67394039744206E-17,
-1.));
#2901=DIRECTION('',(-4.89858719658941E-17,3.67394039744206E-17,-1.));
#2902=DIRECTION('',(-0.8,0.6,0.));
#2903=DIRECTION('center_axis',(0.8,-0.6,0.));
#2904=DIRECTION('ref_axis',(0.,0.,-1.));
#2905=DIRECTION('center_axis',(5.17689969051289E-32,6.90253292068385E-32,
1.));
#2906=DIRECTION('ref_axis',(-0.600000000000001,-0.799999999999999,8.62816615085482E-32));
#2907=DIRECTION('',(0.8,-0.6,0.));
#2908=DIRECTION('',(-0.600000000000001,-0.799999999999999,8.62816615085482E-32));
#2909=DIRECTION('',(0.8,-0.6,0.));
#2910=DIRECTION('',(0.,1.,0.));
#2911=DIRECTION('center_axis',(0.6,0.8,-6.16297582203915E-33));
#2912=DIRECTION('ref_axis',(4.89858719658941E-17,-3.67394039744206E-17,
1.));
#2913=DIRECTION('',(4.89858719658941E-17,-3.67394039744206E-17,1.));
#2914=DIRECTION('',(0.8,-0.6,0.));
#2915=DIRECTION('center_axis',(-5.17689969051289E-32,-6.90253292068385E-32,
-1.));
#2916=DIRECTION('ref_axis',(0.600000000000001,0.799999999999999,-8.62816615085482E-32));
#2917=DIRECTION('',(0.600000000000001,0.799999999999999,-8.62816615085482E-32));
#2918=DIRECTION('',(0.8,-0.6,0.));
#2919=DIRECTION('center_axis',(-0.6,-0.8,6.16297582203915E-33));
#2920=DIRECTION('ref_axis',(-4.89858719658941E-17,3.67394039744206E-17,
-1.));
#2921=DIRECTION('',(-4.89858719658941E-17,3.67394039744206E-17,-1.));
#2922=DIRECTION('center_axis',(0.8,-0.6,0.));
#2923=DIRECTION('ref_axis',(0.,0.,-1.));
#2924=DIRECTION('center_axis',(-1.,0.,0.));
#2925=DIRECTION('ref_axis',(0.,-1.,0.));
#2926=DIRECTION('center_axis',(0.,0.,-1.));
#2927=DIRECTION('ref_axis',(-1.,-1.22464679914735E-16,0.));
#2928=DIRECTION('',(0.,0.,1.));
#2929=DIRECTION('center_axis',(0.,0.,1.));
#2930=DIRECTION('ref_axis',(1.,0.,0.));
#2931=DIRECTION('center_axis',(0.,0.,1.));
#2932=DIRECTION('ref_axis',(1.,0.,0.));
#2933=DIRECTION('',(0.,0.,-1.));
#2934=DIRECTION('center_axis',(0.,0.,-1.));
#2935=DIRECTION('ref_axis',(1.,0.,0.));
#2936=DIRECTION('',(0.,0.,-1.));
#2937=DIRECTION('',(0.,0.,-1.));
#2938=DIRECTION('',(0.,0.,-1.));
#2939=DIRECTION('center_axis',(0.,0.,-1.));
#2940=DIRECTION('ref_axis',(1.,0.,0.));
#2941=DIRECTION('center_axis',(0.,0.,-1.));
#2942=DIRECTION('ref_axis',(-1.,0.,0.));
#2943=DIRECTION('',(1.,0.,0.));
#2944=DIRECTION('',(0.,-1.,0.));
#2945=DIRECTION('',(1.,0.,0.));
#2946=DIRECTION('center_axis',(0.,0.,1.));
#2947=DIRECTION('ref_axis',(-0.520416499866533,-0.853912563829967,0.));
#2948=DIRECTION('center_axis',(0.,0.,-1.));
#2949=DIRECTION('ref_axis',(1.,0.,0.));
#2950=DIRECTION('',(0.,1.,0.));
#2951=DIRECTION('center_axis',(0.864886828925571,0.,-0.501966904438001));
#2952=DIRECTION('ref_axis',(-0.501966904438001,0.,-0.864886828925571));
#2953=DIRECTION('',(0.501966904438001,0.,0.864886828925571));
#2954=DIRECTION('',(0.,1.,0.));
#2955=DIRECTION('',(-0.501966904438001,0.,-0.864886828925571));
#2956=DIRECTION('',(0.,1.,0.));
#2957=DIRECTION('center_axis',(0.867159505565131,0.,0.498030513029109));
#2958=DIRECTION('ref_axis',(0.498030513029109,0.,-0.867159505565131));
#2959=DIRECTION('',(-0.498030513029109,0.,0.867159505565131));
#2960=DIRECTION('',(0.498030513029109,0.,-0.867159505565131));
#2961=DIRECTION('',(0.,1.,0.));
#2962=DIRECTION('center_axis',(0.00227267663955934,0.,0.999997417467111));
#2963=DIRECTION('ref_axis',(0.999997417467111,0.,-0.00227267663955934));
#2964=DIRECTION('',(-0.999997417467111,0.,0.00227267663955934));
#2965=DIRECTION('',(0.999997417467111,0.,-0.00227267663955934));
#2966=DIRECTION('',(0.,1.,0.));
#2967=DIRECTION('center_axis',(-0.00227267663955934,0.,-0.999997417467111));
#2968=DIRECTION('ref_axis',(-0.999997417467111,-1.56957374757752E-13,0.00227267663955934));
#2969=DIRECTION('center_axis',(-0.864886828925572,0.,0.501966904438001));
#2970=DIRECTION('ref_axis',(0.501966904438001,0.,0.864886828925572));
#2971=DIRECTION('center_axis',(0.864886828925572,0.,-0.501966904438001));
#2972=DIRECTION('ref_axis',(-0.501966904438,6.96619018633605E-17,-0.864886828925572));
#2973=DIRECTION('',(0.501966904438001,0.,0.864886828925572));
#2974=DIRECTION('',(0.,1.,0.));
#2975=DIRECTION('center_axis',(-0.864886828925572,0.,0.501966904438001));
#2976=DIRECTION('ref_axis',(0.501966904438001,0.,0.864886828925572));
#2977=DIRECTION('center_axis',(0.,1.,0.));
#2978=DIRECTION('ref_axis',(1.,0.,0.));
#2979=DIRECTION('',(-0.999997417467111,0.,0.0022726766395591));
#2980=DIRECTION('',(-0.49803051302911,0.,0.86715950556513));
#2981=DIRECTION('center_axis',(0.,1.,0.));
#2982=DIRECTION('ref_axis',(1.,0.,0.));
#2983=DIRECTION('center_axis',(-0.86715950556513,0.,-0.49803051302911));
#2984=DIRECTION('ref_axis',(-0.49803051302911,0.,0.86715950556513));
#2985=DIRECTION('center_axis',(0.86715950556513,0.,0.49803051302911));
#2986=DIRECTION('ref_axis',(-0.49803051302911,6.91156178163497E-17,0.86715950556513));
#2987=DIRECTION('center_axis',(-0.86715950556513,0.,-0.49803051302911));
#2988=DIRECTION('ref_axis',(0.49803051302911,0.,-0.86715950556513));
#2989=DIRECTION('',(0.,1.,0.));
#2990=DIRECTION('center_axis',(-0.0022726766395591,0.,-0.999997417467111));
#2991=DIRECTION('ref_axis',(-0.999997417467111,0.,0.0022726766395591));
#2992=DIRECTION('',(0.999997417467111,0.,-0.0022726766395591));
#2993=DIRECTION('center_axis',(0.0022726766395591,0.,0.999997417467111));
#2994=DIRECTION('ref_axis',(-0.999997417467111,-1.149077862948E-13,0.0022726766395591));
#2995=DIRECTION('center_axis',(0.867159505565131,0.,-0.498030513029109));
#2996=DIRECTION('ref_axis',(-0.498030513029109,0.,-0.867159505565131));
#2997=DIRECTION('',(0.498030513029109,0.,0.867159505565131));
#2998=DIRECTION('',(0.,1.,0.));
#2999=DIRECTION('',(-0.498030513029109,0.,-0.867159505565131));
#3000=DIRECTION('',(0.,1.,0.));
#3001=DIRECTION('center_axis',(0.864886828925571,0.,0.501966904438001));
#3002=DIRECTION('ref_axis',(0.501966904438001,0.,-0.864886828925571));
#3003=DIRECTION('',(-0.501966904438001,0.,0.864886828925571));
#3004=DIRECTION('',(0.501966904438001,0.,-0.864886828925571));
#3005=DIRECTION('',(0.,1.,0.));
#3006=DIRECTION('center_axis',(-0.0022726766395591,0.,0.999997417467111));
#3007=DIRECTION('ref_axis',(0.999997417467111,0.,0.0022726766395591));
#3008=DIRECTION('',(-0.999997417467111,0.,-0.0022726766395591));
#3009=DIRECTION('',(0.999997417467111,0.,0.0022726766395591));
#3010=DIRECTION('',(0.,1.,0.));
#3011=DIRECTION('center_axis',(0.0022726766395591,0.,-0.999997417467111));
#3012=DIRECTION('ref_axis',(-0.999997417467111,-1.149077862948E-13,-0.0022726766395591));
#3013=DIRECTION('center_axis',(-0.86715950556513,0.,0.49803051302911));
#3014=DIRECTION('ref_axis',(0.49803051302911,0.,0.86715950556513));
#3015=DIRECTION('center_axis',(0.86715950556513,0.,-0.49803051302911));
#3016=DIRECTION('ref_axis',(-0.49803051302911,-6.91156178163496E-17,-0.86715950556513));
#3017=DIRECTION('',(0.49803051302911,0.,0.86715950556513));
#3018=DIRECTION('',(0.,1.,0.));
#3019=DIRECTION('center_axis',(-0.86715950556513,0.,0.49803051302911));
#3020=DIRECTION('ref_axis',(0.49803051302911,0.,0.86715950556513));
#3021=DIRECTION('center_axis',(0.,1.,0.));
#3022=DIRECTION('ref_axis',(1.,0.,0.));
#3023=DIRECTION('',(-0.999997417467111,0.,-0.0022726766395591));
#3024=DIRECTION('',(-0.501966904438001,0.,0.864886828925572));
#3025=DIRECTION('center_axis',(0.,1.,0.));
#3026=DIRECTION('ref_axis',(1.,0.,0.));
#3027=DIRECTION('center_axis',(0.0022726766395591,0.,-0.999997417467111));
#3028=DIRECTION('ref_axis',(-0.999997417467111,0.,-0.0022726766395591));
#3029=DIRECTION('',(0.999997417467111,0.,0.0022726766395591));
#3030=DIRECTION('center_axis',(-0.0022726766395591,0.,0.999997417467111));
#3031=DIRECTION('ref_axis',(-0.999997417467111,-1.13797566137362E-13,-0.0022726766395591));
#3032=DIRECTION('',(0.,1.,0.));
#3033=DIRECTION('center_axis',(-0.864886828925572,0.,-0.501966904438001));
#3034=DIRECTION('ref_axis',(-0.501966904438001,0.,0.864886828925572));
#3035=DIRECTION('center_axis',(0.864886828925572,0.,0.501966904438001));
#3036=DIRECTION('ref_axis',(-0.501966904438,6.96619018633605E-17,0.864886828925572));
#3037=DIRECTION('center_axis',(-0.864886828925572,0.,-0.501966904438001));
#3038=DIRECTION('ref_axis',(0.501966904438001,0.,-0.864886828925572));
#3039=DIRECTION('center_axis',(0.,1.,0.));
#3040=DIRECTION('ref_axis',(1.,0.,0.));
#3041=DIRECTION('',(0.,0.,-1.));
#3042=DIRECTION('center_axis',(0.,1.,0.));
#3043=DIRECTION('ref_axis',(1.,0.,0.));
#3044=DIRECTION('',(-6.72862439166762E-17,0.,-1.));
#3045=DIRECTION('center_axis',(0.,1.,0.));
#3046=DIRECTION('ref_axis',(1.,0.,0.));
#3047=DIRECTION('',(0.,0.,-1.));
#3048=DIRECTION('',(0.,0.,-1.));
#3049=DIRECTION('center_axis',(0.,0.,-1.));
#3050=DIRECTION('ref_axis',(-0.520416499866533,-0.853912563829967,0.));
#3051=DIRECTION('',(0.,0.,1.));
#3052=DIRECTION('center_axis',(0.,0.,-1.));
#3053=DIRECTION('ref_axis',(-0.520416499866533,-0.853912563829967,0.));
#3054=DIRECTION('',(0.,0.,1.));
#3055=DIRECTION('center_axis',(0.,1.,0.));
#3056=DIRECTION('ref_axis',(1.,0.,0.));
#3057=DIRECTION('center_axis',(0.,-1.,0.));
#3058=DIRECTION('ref_axis',(1.,0.,0.));
#3059=DIRECTION('center_axis',(0.,-1.,0.));
#3060=DIRECTION('ref_axis',(1.,0.,0.));
#3061=DIRECTION('center_axis',(0.,-1.,0.));
#3062=DIRECTION('ref_axis',(1.,0.,0.));
#3063=DIRECTION('',(0.,-1.,0.));
#3064=DIRECTION('center_axis',(0.,1.,0.));
#3065=DIRECTION('ref_axis',(1.,0.,0.));
#3066=DIRECTION('center_axis',(0.,1.,0.));
#3067=DIRECTION('ref_axis',(1.,0.,0.));
#3068=DIRECTION('center_axis',(0.,-1.,0.));
#3069=DIRECTION('ref_axis',(1.,0.,0.));
#3070=DIRECTION('center_axis',(0.,-1.,0.));
#3071=DIRECTION('ref_axis',(1.,0.,0.));
#3072=DIRECTION('center_axis',(0.,-1.,0.));
#3073=DIRECTION('ref_axis',(1.,0.,0.));
#3074=DIRECTION('',(0.,-1.,0.));
#3075=DIRECTION('center_axis',(0.,1.,0.));
#3076=DIRECTION('ref_axis',(1.,0.,0.));
#3077=DIRECTION('center_axis',(0.,1.,0.));
#3078=DIRECTION('ref_axis',(1.,0.,0.));
#3079=DIRECTION('',(0.,0.,1.));
#3080=DIRECTION('',(0.,0.,1.));
#3081=DIRECTION('center_axis',(0.,-1.,0.));
#3082=DIRECTION('ref_axis',(1.,0.,0.));
#3083=DIRECTION('',(6.72862439166762E-17,0.,1.));
#3084=DIRECTION('center_axis',(0.,-1.,0.));
#3085=DIRECTION('ref_axis',(1.,0.,0.));
#3086=DIRECTION('',(-1.,0.,0.));
#3087=DIRECTION('',(0.,0.,1.));
#3088=DIRECTION('center_axis',(0.,0.,1.));
#3089=DIRECTION('ref_axis',(-0.520416499866533,0.853912563829967,0.));
#3090=DIRECTION('center_axis',(0.,0.,1.));
#3091=DIRECTION('ref_axis',(-0.520416499866533,0.853912563829967,0.));
#3092=DIRECTION('center_axis',(0.,1.,0.));
#3093=DIRECTION('ref_axis',(1.,0.,0.));
#3094=DIRECTION('center_axis',(0.,1.,0.));
#3095=DIRECTION('ref_axis',(1.,0.,0.));
#3096=DIRECTION('center_axis',(0.,1.,0.));
#3097=DIRECTION('ref_axis',(1.,0.,0.));
#3098=DIRECTION('',(-6.72862439166762E-17,0.,-1.));
#3099=DIRECTION('center_axis',(0.,-1.,0.));
#3100=DIRECTION('ref_axis',(1.,0.,0.));
#3101=DIRECTION('center_axis',(0.,-1.,0.));
#3102=DIRECTION('ref_axis',(1.,0.,0.));
#3103=DIRECTION('center_axis',(0.,1.,0.));
#3104=DIRECTION('ref_axis',(1.,0.,0.));
#3105=DIRECTION('center_axis',(0.,-1.,0.));
#3106=DIRECTION('ref_axis',(1.,0.,0.));
#3107=DIRECTION('',(6.72862439166762E-17,0.,1.));
#3108=DIRECTION('center_axis',(0.,-1.,0.));
#3109=DIRECTION('ref_axis',(1.,0.,0.));
#3110=DIRECTION('',(-1.,0.,0.));
#3111=DIRECTION('center_axis',(0.,1.,0.));
#3112=DIRECTION('ref_axis',(1.,0.,0.));
#3113=DIRECTION('center_axis',(0.,1.,0.));
#3114=DIRECTION('ref_axis',(1.,0.,0.));
#3115=DIRECTION('center_axis',(0.,0.,-1.));
#3116=DIRECTION('ref_axis',(-1.,0.,0.));
#3117=DIRECTION('center_axis',(0.,0.,1.));
#3118=DIRECTION('ref_axis',(-0.520416499866533,0.853912563829967,0.));
#3119=DIRECTION('',(0.,-1.,0.));
#3120=DIRECTION('center_axis',(0.,1.,0.));
#3121=DIRECTION('ref_axis',(1.,0.,0.));
#3122=DIRECTION('',(0.,1.,0.));
#3123=DIRECTION('center_axis',(0.,1.,0.));
#3124=DIRECTION('ref_axis',(1.,0.,0.));
#3125=DIRECTION('',(0.,1.,0.));
#3126=DIRECTION('center_axis',(1.,0.,-6.72862439166762E-17));
#3127=DIRECTION('ref_axis',(-6.72862439166762E-17,0.,-1.));
#3128=DIRECTION('',(0.,1.,0.));
#3129=DIRECTION('center_axis',(1.,0.,-6.72862439166762E-17));
#3130=DIRECTION('ref_axis',(-6.72862439166762E-17,0.,-1.));
#3131=DIRECTION('',(0.,1.,0.));
#3132=DIRECTION('center_axis',(0.,1.,0.));
#3133=DIRECTION('ref_axis',(1.,0.,0.));
#3134=DIRECTION('center_axis',(0.,1.,0.));
#3135=DIRECTION('ref_axis',(1.,0.,0.));
#3136=DIRECTION('',(0.,-1.,0.));
#3137=DIRECTION('center_axis',(0.,1.,0.));
#3138=DIRECTION('ref_axis',(1.,0.,0.));
#3139=DIRECTION('',(0.,-1.,0.));
#3140=DIRECTION('center_axis',(0.,0.,-1.));
#3141=DIRECTION('ref_axis',(1.,0.,0.));
#3142=DIRECTION('',(0.,0.,1.));
#3143=DIRECTION('center_axis',(0.,0.,1.));
#3144=DIRECTION('ref_axis',(-0.520416499866533,0.853912563829967,0.));
#3145=DIRECTION('center_axis',(0.,0.,-1.));
#3146=DIRECTION('ref_axis',(-0.520416499866533,-0.853912563829967,0.));
#3147=DIRECTION('center_axis',(0.,1.,0.));
#3148=DIRECTION('ref_axis',(1.,0.,0.));
#3149=DIRECTION('',(0.,-1.,0.));
#3150=DIRECTION('center_axis',(0.,1.,0.));
#3151=DIRECTION('ref_axis',(1.,0.,0.));
#3152=DIRECTION('',(0.,-1.,0.));
#3153=DIRECTION('center_axis',(0.,1.,0.));
#3154=DIRECTION('ref_axis',(1.,0.,0.));
#3155=DIRECTION('center_axis',(0.,0.,-1.));
#3156=DIRECTION('ref_axis',(1.,0.,0.));
#3157=DIRECTION('center_axis',(0.,0.,-1.));
#3158=DIRECTION('ref_axis',(1.,0.,0.));
#3159=DIRECTION('',(-0.707106781186546,-8.65956056235492E-17,-0.707106781186549));
#3160=DIRECTION('center_axis',(0.,0.,1.));
#3161=DIRECTION('ref_axis',(1.,0.,0.));
#3162=DIRECTION('center_axis',(0.,0.,-1.));
#3163=DIRECTION('ref_axis',(1.,0.,0.));
#3164=DIRECTION('center_axis',(0.,0.,-1.));
#3165=DIRECTION('ref_axis',(1.,0.,0.));
#3166=DIRECTION('',(0.,0.,1.));
#3167=DIRECTION('center_axis',(0.,0.,1.));
#3168=DIRECTION('ref_axis',(1.,0.,0.));
#3169=DIRECTION('center_axis',(0.,0.,1.));
#3170=DIRECTION('ref_axis',(1.,0.,0.));
#3171=DIRECTION('',(-0.707106781186546,8.65956056235492E-17,0.707106781186549));
#3172=DIRECTION('center_axis',(0.,1.,0.));
#3173=DIRECTION('ref_axis',(-0.707106781186548,0.,0.707106781186547));
#3174=DIRECTION('center_axis',(-5.17689969051289E-32,6.90253292068385E-32,
-1.));
#3175=DIRECTION('ref_axis',(-0.600000000000001,0.799999999999999,8.62816615085482E-32));
#3176=DIRECTION('',(0.600000000000001,-0.799999999999999,-8.62816615085482E-32));
#3177=DIRECTION('',(0.8,0.6,0.));
#3178=DIRECTION('',(-0.600000000000001,0.799999999999999,8.62816615085482E-32));
#3179=DIRECTION('',(0.8,0.6,0.));
#3180=DIRECTION('center_axis',(-0.6,0.8,6.16297582203915E-33));
#3181=DIRECTION('ref_axis',(4.89858719658941E-17,3.67394039744206E-17,1.));
#3182=DIRECTION('',(-4.89858719658941E-17,-3.67394039744206E-17,-1.));
#3183=DIRECTION('',(0.8,0.6,0.));
#3184=DIRECTION('',(4.89858719658941E-17,3.67394039744206E-17,1.));
#3185=DIRECTION('center_axis',(5.17689969051289E-32,-6.90253292068385E-32,
1.));
#3186=DIRECTION('ref_axis',(0.600000000000001,-0.799999999999999,-8.62816615085482E-32));
#3187=DIRECTION('',(-0.600000000000001,0.799999999999999,8.62816615085482E-32));
#3188=DIRECTION('',(0.8,0.6,0.));
#3189=DIRECTION('',(0.600000000000001,-0.799999999999999,-8.62816615085482E-32));
#3190=DIRECTION('center_axis',(0.6,-0.8,-6.16297582203915E-33));
#3191=DIRECTION('ref_axis',(-4.89858719658941E-17,-3.67394039744206E-17,
-1.));
#3192=DIRECTION('',(4.89858719658941E-17,3.67394039744206E-17,1.));
#3193=DIRECTION('',(-4.89858719658941E-17,-3.67394039744206E-17,-1.));
#3194=DIRECTION('center_axis',(0.799999999999999,0.600000000000001,-6.12323399573677E-17));
#3195=DIRECTION('ref_axis',(-0.600000000000001,0.799999999999999,8.62816615085482E-32));
#3196=DIRECTION('center_axis',(-0.8,-0.6,0.));
#3197=DIRECTION('ref_axis',(0.,0.,-1.));
#3198=DIRECTION('center_axis',(-5.17689969051289E-32,6.90253292068385E-32,
-1.));
#3199=DIRECTION('ref_axis',(-0.600000000000001,0.799999999999999,8.62816615085482E-32));
#3200=DIRECTION('',(0.600000000000001,-0.799999999999999,-8.62816615085482E-32));
#3201=DIRECTION('',(0.8,0.6,0.));
#3202=DIRECTION('',(-0.600000000000001,0.799999999999999,8.62816615085482E-32));
#3203=DIRECTION('',(0.8,0.6,0.));
#3204=DIRECTION('center_axis',(-0.6,0.8,6.16297582203915E-33));
#3205=DIRECTION('ref_axis',(4.89858719658941E-17,3.67394039744206E-17,1.));
#3206=DIRECTION('',(-4.89858719658941E-17,-3.67394039744206E-17,-1.));
#3207=DIRECTION('',(0.8,0.6,0.));
#3208=DIRECTION('',(4.89858719658941E-17,3.67394039744206E-17,1.));
#3209=DIRECTION('center_axis',(5.17689969051289E-32,-6.90253292068385E-32,
1.));
#3210=DIRECTION('ref_axis',(0.600000000000001,-0.799999999999999,-8.62816615085482E-32));
#3211=DIRECTION('',(-0.600000000000001,0.799999999999999,8.62816615085482E-32));
#3212=DIRECTION('',(0.8,0.6,0.));
#3213=DIRECTION('',(0.600000000000001,-0.799999999999999,-8.62816615085482E-32));
#3214=DIRECTION('center_axis',(0.6,-0.8,-6.16297582203915E-33));
#3215=DIRECTION('ref_axis',(-4.89858719658941E-17,-3.67394039744206E-17,
-1.));
#3216=DIRECTION('',(4.89858719658941E-17,3.67394039744206E-17,1.));
#3217=DIRECTION('',(-4.89858719658941E-17,-3.67394039744206E-17,-1.));
#3218=DIRECTION('center_axis',(0.799999999999999,0.600000000000001,-6.12323399573677E-17));
#3219=DIRECTION('ref_axis',(-0.600000000000001,0.799999999999999,8.62816615085482E-32));
#3220=DIRECTION('center_axis',(-0.8,-0.6,0.));
#3221=DIRECTION('ref_axis',(0.,0.,-1.));
#3222=DIRECTION('center_axis',(-0.6,0.8,6.16297582203915E-33));
#3223=DIRECTION('ref_axis',(4.89858719658941E-17,3.67394039744206E-17,1.));
#3224=DIRECTION('',(4.89858719658941E-17,3.67394039744206E-17,1.));
#3225=DIRECTION('',(0.8,0.6,0.));
#3226=DIRECTION('',(4.89858719658941E-17,3.67394039744206E-17,1.));
#3227=DIRECTION('',(0.8,0.6,0.));
#3228=DIRECTION('center_axis',(5.17689969051289E-32,-6.90253292068385E-32,
1.));
#3229=DIRECTION('ref_axis',(0.600000000000001,-0.799999999999999,-8.62816615085482E-32));
#3230=DIRECTION('',(0.600000000000001,-0.799999999999999,-8.62816615085482E-32));
#3231=DIRECTION('',(0.8,0.6,0.));
#3232=DIRECTION('',(0.600000000000001,-0.799999999999999,-8.62816615085482E-32));
#3233=DIRECTION('center_axis',(0.6,-0.8,-6.16297582203915E-33));
#3234=DIRECTION('ref_axis',(-4.89858719658941E-17,-3.67394039744206E-17,
-1.));
#3235=DIRECTION('',(-4.89858719658941E-17,-3.67394039744206E-17,-1.));
#3236=DIRECTION('',(0.8,0.6,0.));
#3237=DIRECTION('',(-4.89858719658941E-17,-3.67394039744206E-17,-1.));
#3238=DIRECTION('center_axis',(-5.17689969051289E-32,6.90253292068385E-32,
-1.));
#3239=DIRECTION('ref_axis',(-0.600000000000001,0.799999999999999,8.62816615085482E-32));
#3240=DIRECTION('',(-0.600000000000001,0.799999999999999,8.62816615085482E-32));
#3241=DIRECTION('',(-0.600000000000001,0.799999999999999,8.62816615085482E-32));
#3242=DIRECTION('center_axis',(0.799999999999999,0.600000000000001,-6.12323399573677E-17));
#3243=DIRECTION('ref_axis',(-0.600000000000001,0.799999999999999,8.62816615085482E-32));
#3244=DIRECTION('center_axis',(-0.8,-0.6,0.));
#3245=DIRECTION('ref_axis',(0.,0.,-1.));
#3246=CARTESIAN_POINT('',(0.,0.,0.));
#3247=CARTESIAN_POINT('Origin',(-103.5,0.992499999999998,126.5));
#3248=CARTESIAN_POINT('',(-102.,11.985,128.));
#3249=CARTESIAN_POINT('',(-102.,13.,128.));
#3250=CARTESIAN_POINT('',(-102.,-22.,128.));
#3251=CARTESIAN_POINT('',(-102.,-11.985,128.));
#3252=CARTESIAN_POINT('',(-102.,0.992499999999998,128.));
#3253=CARTESIAN_POINT('',(-102.,-13.,128.));
#3254=CARTESIAN_POINT('',(-102.,-22.,128.));
#3255=CARTESIAN_POINT('',(-105.,-10.,125.));
#3256=CARTESIAN_POINT('',(-102.,-13.,128.));
#3257=CARTESIAN_POINT('',(-105.,10.,125.));
#3258=CARTESIAN_POINT('',(-105.,0.992499999999998,125.));
#3259=CARTESIAN_POINT('',(-105.,10.,125.));
#3260=CARTESIAN_POINT('Origin',(-112.5,-11.5,126.5));
#3261=CARTESIAN_POINT('',(-125.383259911894,-13.,128.));
#3262=CARTESIAN_POINT('',(-125.,-10.,125.));
#3263=CARTESIAN_POINT('',(-127.995137104303,-33.4446938854079,148.444693885408));
#3264=CARTESIAN_POINT('',(-112.5,-10.,125.));
#3265=CARTESIAN_POINT('',(-112.5,-13.,128.));
#3266=CARTESIAN_POINT('Origin',(-50.,11.5,126.5));
#3267=CARTESIAN_POINT('',(-125.383259911894,13.,128.));
#3268=CARTESIAN_POINT('',(-125.,10.,125.));
#3269=CARTESIAN_POINT('',(-126.280450244949,20.0228346759834,135.022834675983));
#3270=CARTESIAN_POINT('',(-50.,13.,128.));
#3271=CARTESIAN_POINT('',(-50.,10.,125.));
#3272=CARTESIAN_POINT('Origin',(-100.,11.985,128.));
#3273=CARTESIAN_POINT('',(-130.8,55.4,128.));
#3274=CARTESIAN_POINT('',(-130.8,55.4,128.));
#3275=CARTESIAN_POINT('',(-128.4,57.2,128.));
#3276=CARTESIAN_POINT('',(-128.4,57.2,128.));
#3277=CARTESIAN_POINT('',(-102.,22.,128.));
#3278=CARTESIAN_POINT('',(-128.4,57.2,128.));
#3279=CARTESIAN_POINT('',(-102.,-22.,128.));
#3280=CARTESIAN_POINT('Origin',(-100.,11.985,128.));
#3281=CARTESIAN_POINT('',(-100.,11.985,128.));
#3282=CARTESIAN_POINT('',(-100.,11.985,128.));
#3283=CARTESIAN_POINT('',(-100.,-11.985,128.));
#3284=CARTESIAN_POINT('',(-100.,22.,128.));
#3285=CARTESIAN_POINT('',(-100.,-11.985,128.));
#3286=CARTESIAN_POINT('Origin',(-62.5,-10.5,-5.5));
#3287=CARTESIAN_POINT('',(-84.9131909658328,-10.,-6.));
#3288=CARTESIAN_POINT('',(-85.7977272426257,-11.,-5.));
#3289=CARTESIAN_POINT('Ctrl Pts',(-85.7977272426252,-10.9999999999994,-5.00000000000064));
#3290=CARTESIAN_POINT('Ctrl Pts',(-85.355459104229,-10.4974092568706,-5.50259074312939));
#3291=CARTESIAN_POINT('Ctrl Pts',(-84.9131909658328,-9.99999999999993,-6.00000000000007));
#3292=CARTESIAN_POINT('',(0.,-10.,-6.));
#3293=CARTESIAN_POINT('',(-62.5,-10.,-6.));
#3294=CARTESIAN_POINT('',(0.,-11.,-5.));
#3295=CARTESIAN_POINT('',(0.,-10.,-6.));
#3296=CARTESIAN_POINT('',(-62.5,-11.,-5.));
#3297=CARTESIAN_POINT('Origin',(0.,0.,-5.5));
#3298=CARTESIAN_POINT('',(1.,-10.9544511501033,-5.));
#3299=CARTESIAN_POINT('Ctrl Pts',(-5.55111512312578E-16,-10.,-6.));
#3300=CARTESIAN_POINT('Ctrl Pts',(-7.02917438084867E-16,-10.1255178104999,
-5.8744821895001));
#3301=CARTESIAN_POINT('Ctrl Pts',(0.024697431690993,-10.261672834619,-5.73843812591241));
#3302=CARTESIAN_POINT('Ctrl Pts',(0.134132006484963,-10.5188033893215,-5.48047867603977));
#3303=CARTESIAN_POINT('Ctrl Pts',(0.218572766274216,-10.6398193256693,-5.35847792426592));
#3304=CARTESIAN_POINT('Ctrl Pts',(0.376108425532864,-10.7776267095815,-5.21591011204772));
#3305=CARTESIAN_POINT('Ctrl Pts',(0.433619782312467,-10.8189907115589,-5.17250466473454));
#3306=CARTESIAN_POINT('Ctrl Pts',(0.562305722579127,-10.8878664243963,-5.09780333717076));
#3307=CARTESIAN_POINT('Ctrl Pts',(0.633624395385971,-10.9152269558058,-5.0666164717495));
#3308=CARTESIAN_POINT('Ctrl Pts',(0.76337603602264,-10.9471551422042,-5.02641563296143));
#3309=CARTESIAN_POINT('Ctrl Pts',(0.830948299235495,-10.9567540760957,-5.01199321346741));
#3310=CARTESIAN_POINT('Ctrl Pts',(0.933041684660852,-10.9587303561808,-5.00167202148887));
#3311=CARTESIAN_POINT('Ctrl Pts',(0.966891273031406,-10.9574735495385,-5.));
#3312=CARTESIAN_POINT('Ctrl Pts',(1.,-10.9544511501033,-5.));
#3313=CARTESIAN_POINT('Origin',(0.,0.,-5.));
#3314=CARTESIAN_POINT('Origin',(-125.,-10.,-40.));
#3315=CARTESIAN_POINT('',(-125.,-10.,-10.));
#3316=CARTESIAN_POINT('',(-125.,-10.,-40.));
#3317=CARTESIAN_POINT('',(-95.,-10.,-40.));
#3318=CARTESIAN_POINT('Origin',(-95.,-10.,-10.));
#3319=CARTESIAN_POINT('',(-1.11022302462516E-15,-10.,-40.));
#3320=CARTESIAN_POINT('',(0.,-10.,-40.));
#3321=CARTESIAN_POINT('',(0.,-10.,-5.));
#3322=CARTESIAN_POINT('',(-85.9200209497181,-10.,-5.));
#3323=CARTESIAN_POINT('Ctrl Pts',(-84.9131909658328,-10.,-6.));
#3324=CARTESIAN_POINT('Ctrl Pts',(-85.413679126431,-10.,-5.50294682155539));
#3325=CARTESIAN_POINT('Ctrl Pts',(-85.9200209497181,-10.,-5.));
#3326=CARTESIAN_POINT('',(-105.,-10.,14.9791139658267));
#3327=CARTESIAN_POINT('Ctrl Pts',(-105.,-10.,14.9791139658267));
#3328=CARTESIAN_POINT('Ctrl Pts',(-105.,-10.,14.5659657114404));
#3329=CARTESIAN_POINT('Ctrl Pts',(-104.98695691614,-9.99999973270386,14.1534915808906));
#3330=CARTESIAN_POINT('Ctrl Pts',(-104.961150431178,-9.99999930935974,13.7422524609371));
#3331=CARTESIAN_POINT('Ctrl Pts',(-104.935049710379,-9.99999888118881,13.3263245471961));
#3332=CARTESIAN_POINT('Ctrl Pts',(-104.895892841339,-9.99999829599708,12.9116594777635));
#3333=CARTESIAN_POINT('Ctrl Pts',(-104.843916003568,-9.99999769871768,12.4988311078313));
#3334=CARTESIAN_POINT('Ctrl Pts',(-104.791555817009,-9.99999709703311,12.0829579729157));
#3335=CARTESIAN_POINT('Ctrl Pts',(-104.726185787074,-9.99999648585301,11.6689482096473));
#3336=CARTESIAN_POINT('Ctrl Pts',(-104.647994613019,-9.99999600267487,11.2573896259104));
#3337=CARTESIAN_POINT('Ctrl Pts',(-104.569651477057,-9.99999551855769,10.8450311919579));
#3338=CARTESIAN_POINT('Ctrl Pts',(-104.47843719921,-9.99999516576412,10.4351329435174));
#3339=CARTESIAN_POINT('Ctrl Pts',(-104.374490309185,-9.99999502979695,10.0282952019454));
#3340=CARTESIAN_POINT('Ctrl Pts',(-104.270949567346,-9.99999489436104,9.62304708379513));
#3341=CARTESIAN_POINT('Ctrl Pts',(-104.154775364854,-9.99999497679378,9.22083508838362));
#3342=CARTESIAN_POINT('Ctrl Pts',(-104.026055870645,-9.99999526777803,8.82226933261064));
#3343=CARTESIAN_POINT('Ctrl Pts',(-103.89877953879,-9.99999555549986,8.42817217033321));
#3344=CARTESIAN_POINT('Ctrl Pts',(-103.759237451242,-9.99999604958342,8.03763948121981));
#3345=CARTESIAN_POINT('Ctrl Pts',(-103.607469767087,-9.99999661078179,7.65128477370849));
#3346=CARTESIAN_POINT('Ctrl Pts',(-103.57285548489,-9.99999673877662,7.56316726075893));
#3347=CARTESIAN_POINT('Ctrl Pts',(-103.537605073549,-9.99999686963556,7.47526719185386));
#3348=CARTESIAN_POINT('Ctrl Pts',(-103.501718691889,-9.9999970005374,7.38759205958667));
#3349=CARTESIAN_POINT('Ctrl Pts',(-103.384450026287,-9.99999742829531,7.10108934485594));
#3350=CARTESIAN_POINT('Ctrl Pts',(-103.260653890364,-9.99999791355733,6.81762978099788));
#3351=CARTESIAN_POINT('Ctrl Pts',(-103.130415675667,-9.99999835031628,6.53744087945908));
#3352=CARTESIAN_POINT('Ctrl Pts',(-102.95436099737,-9.99999894072254,6.15868440588852));
#3353=CARTESIAN_POINT('Ctrl Pts',(-102.766536445921,-9.99999944690007,5.78590371658993));
#3354=CARTESIAN_POINT('Ctrl Pts',(-102.567343427979,-9.99999988262843,5.41960893629347));
#3355=CARTESIAN_POINT('Ctrl Pts',(-102.367281626337,-10.0000003202572,5.05171655514814));
#3356=CARTESIAN_POINT('Ctrl Pts',(-102.155751716982,-10.0000006894102,4.69036629620837));
#3357=CARTESIAN_POINT('Ctrl Pts',(-101.933111167894,-10.0000009013686,4.33609387033792));
#3358=CARTESIAN_POINT('Ctrl Pts',(-101.710646902308,-10.0000011131592,3.98210195214791));
#3359=CARTESIAN_POINT('Ctrl Pts',(-101.47708929317,-10.0000011705216,3.63517618959233));
#3360=CARTESIAN_POINT('Ctrl Pts',(-101.232750113839,-10.0000008444515,3.29587701990445));
#3361=CARTESIAN_POINT('Ctrl Pts',(-101.11685390579,-10.0000006897882,3.13493890401061));
#3362=CARTESIAN_POINT('Ctrl Pts',(-100.9985313889,-10.0000004465813,2.97571707397757));
#3363=CARTESIAN_POINT('Ctrl Pts',(-100.877812588408,-10.0000000768162,2.81827385708807));
#3364=CARTESIAN_POINT('Ctrl Pts',(-100.62258815076,-9.99999929505672,2.48540643023957));
#3365=CARTESIAN_POINT('Ctrl Pts',(-100.356654848818,-9.99999796099165,2.16048666717791));
#3366=CARTESIAN_POINT('Ctrl Pts',(-100.080460623156,-9.99999660617671,1.84393716845178));
#3367=CARTESIAN_POINT('Ctrl Pts',(-99.808191860428,-9.99999527061733,1.53188668964862));
#3368=CARTESIAN_POINT('Ctrl Pts',(-99.5259513154035,-9.99999391627704,1.22796997752529));
#3369=CARTESIAN_POINT('Ctrl Pts',(-99.2341378616794,-9.99999284193135,0.932631160131337));
#3370=CARTESIAN_POINT('Ctrl Pts',(-98.9407668907597,-9.99999176185148,0.635716009361533));
#3371=CARTESIAN_POINT('Ctrl Pts',(-98.6386075314902,-9.99999104366568,0.348367988920904));
#3372=CARTESIAN_POINT('Ctrl Pts',(-98.3281965423216,-9.99999079565242,0.0709087053393942));
#3373=CARTESIAN_POINT('Ctrl Pts',(-98.0146245010354,-9.99999054511353,-0.209376068596917));
#3374=CARTESIAN_POINT('Ctrl Pts',(-97.6926315601742,-9.9999907764918,-0.479570075196094));
#3375=CARTESIAN_POINT('Ctrl Pts',(-97.3627285985393,-9.99999143167823,-0.739309774013474));
#3376=CARTESIAN_POINT('Ctrl Pts',(-97.032698668663,-9.99999208711682,-0.999149437658711));
#3377=CARTESIAN_POINT('Ctrl Pts',(-96.6947522076488,-9.99999316858467,-1.24852710033245));
#3378=CARTESIAN_POINT('Ctrl Pts',(-96.3493643598155,-9.99999441907536,-1.48704133560028));
#3379=CARTESIAN_POINT('Ctrl Pts',(-96.0066051364232,-9.99999566004901,-1.72374032359669));
#3380=CARTESIAN_POINT('Ctrl Pts',(-95.6565169196735,-9.99999706906213,-1.94974090654488));
#3381=CARTESIAN_POINT('Ctrl Pts',(-95.2995348295169,-9.99999817366856,-2.1646090840014));
#3382=CARTESIAN_POINT('Ctrl Pts',(-94.9606722671671,-9.99999922220789,-2.36857108430341));
#3383=CARTESIAN_POINT('Ctrl Pts',(-94.6155973982322,-9.99999999618515,-2.56250205299711));
#3384=CARTESIAN_POINT('Ctrl Pts',(-94.2646630207847,-9.99999988480082,-2.74599186453263));
#3385=CARTESIAN_POINT('Ctrl Pts',(-93.8930430347015,-9.99999976685101,-2.94029736889847));
#3386=CARTESIAN_POINT('Ctrl Pts',(-93.5148519712463,-9.99999865828452,-3.12289496748674));
#3387=CARTESIAN_POINT('Ctrl Pts',(-93.1306769240535,-9.99999731383582,-3.29357343518907));
#3388=CARTESIAN_POINT('Ctrl Pts',(-93.0334342873433,-9.9999969735281,-3.33677567945327));
#3389=CARTESIAN_POINT('Ctrl Pts',(-92.9358081995233,-9.99999661676145,-3.37921401029737));
#3390=CARTESIAN_POINT('Ctrl Pts',(-92.8378080830743,-9.99999625301079,-3.42088448049273));
#3391=CARTESIAN_POINT('Ctrl Pts',(-92.4547621238288,-9.99999483124491,-3.58375883010118));
#3392=CARTESIAN_POINT('Ctrl Pts',(-92.0671100117716,-9.99999336320221,-3.73443556520154));
#3393=CARTESIAN_POINT('Ctrl Pts',(-91.67548690574,-9.9999922595224,-3.87285832123974));
#3394=CARTESIAN_POINT('Ctrl Pts',(-91.2804787248305,-9.99999114630269,-4.01247756284474));
#3395=CARTESIAN_POINT('Ctrl Pts',(-90.881430111314,-9.99999040479498,-4.13963026150973));
#3396=CARTESIAN_POINT('Ctrl Pts',(-90.4789667812326,-9.99999021277379,-4.25421240467837));
#3397=CARTESIAN_POINT('Ctrl Pts',(-90.0750591956922,-9.99999002006354,-4.36920573036574));
#3398=CARTESIAN_POINT('Ctrl Pts',(-89.667711815133,-9.99999038167147,-4.47153828358107));
#3399=CARTESIAN_POINT('Ctrl Pts',(-89.2575387198179,-9.99999121892708,-4.56105599335837));
#3400=CARTESIAN_POINT('Ctrl Pts',(-88.8487435587546,-9.99999205337002,-4.65027297761308));
#3401=CARTESIAN_POINT('Ctrl Pts',(-88.4371410995158,-9.99999336088183,-4.72676118848598));
#3402=CARTESIAN_POINT('Ctrl Pts',(-88.0233290119044,-9.99999479668318,-4.79031757815198));
#3403=CARTESIAN_POINT('Ctrl Pts',(-87.6146052938872,-9.99999621482944,-4.85309245753739));
#3404=CARTESIAN_POINT('Ctrl Pts',(-87.2037254427924,-9.99999775834461,-4.90325162828926));
#3405=CARTESIAN_POINT('Ctrl Pts',(-86.7912631306873,-9.99999882868603,-4.94054904043306));
#3406=CARTESIAN_POINT('Ctrl Pts',(-86.5015621682158,-9.99999958046123,-4.96674560646745));
#3407=CARTESIAN_POINT('Ctrl Pts',(-86.2110804856133,-10.0000000933166,-4.98659613230615));
#3408=CARTESIAN_POINT('Ctrl Pts',(-85.9200182242034,-10.0000000786717,-5.));
#3409=CARTESIAN_POINT('',(-105.,-10.,-5.));
#3410=CARTESIAN_POINT('Origin',(0.,10.5,-5.5));
#3411=CARTESIAN_POINT('',(-84.9131909658328,10.,-6.));
#3412=CARTESIAN_POINT('',(-85.7977272426257,11.,-5.));
#3413=CARTESIAN_POINT('Ctrl Pts',(-84.9131909658328,9.99999999999993,-6.00000000000007));
#3414=CARTESIAN_POINT('Ctrl Pts',(-85.3554591042289,10.4974092568706,-5.50259074312939));
#3415=CARTESIAN_POINT('Ctrl Pts',(-85.7977272426251,10.9999999999994,-5.00000000000063));
#3416=CARTESIAN_POINT('',(-1.11022302462516E-15,11.,-5.));
#3417=CARTESIAN_POINT('',(0.,11.,-5.));
#3418=CARTESIAN_POINT('',(-1.11022302462516E-15,10.,-6.));
#3419=CARTESIAN_POINT('',(-1.11022302462516E-15,11.,-5.));
#3420=CARTESIAN_POINT('',(0.,10.,-6.));
#3421=CARTESIAN_POINT('Origin',(0.,0.,-5.5));
#3422=CARTESIAN_POINT('',(1.,10.9544511501033,-5.));
#3423=CARTESIAN_POINT('Ctrl Pts',(1.,10.9544511501033,-5.));
#3424=CARTESIAN_POINT('Ctrl Pts',(0.966891273031406,10.9574735495385,-5.));
#3425=CARTESIAN_POINT('Ctrl Pts',(0.933041684660853,10.9587303561808,-5.00167202148887));
#3426=CARTESIAN_POINT('Ctrl Pts',(0.830948299235495,10.9567540760957,-5.01199321346741));
#3427=CARTESIAN_POINT('Ctrl Pts',(0.76337603602264,10.9471551422042,-5.02641563296143));
#3428=CARTESIAN_POINT('Ctrl Pts',(0.633624395385971,10.9152269558058,-5.0666164717495));
#3429=CARTESIAN_POINT('Ctrl Pts',(0.562305722579127,10.8878664243963,-5.09780333717076));
#3430=CARTESIAN_POINT('Ctrl Pts',(0.433619782312467,10.8189907115589,-5.17250466473454));
#3431=CARTESIAN_POINT('Ctrl Pts',(0.376108425532864,10.7776267095815,-5.21591011204772));
#3432=CARTESIAN_POINT('Ctrl Pts',(0.218572766274216,10.6398193256693,-5.35847792426592));
#3433=CARTESIAN_POINT('Ctrl Pts',(0.134132006484963,10.5188033893215,-5.48047867603977));
#3434=CARTESIAN_POINT('Ctrl Pts',(0.0246974316909931,10.261672834619,-5.73843812591241));
#3435=CARTESIAN_POINT('Ctrl Pts',(-5.55111512312578E-16,10.1255178104999,
-5.8744821895001));
#3436=CARTESIAN_POINT('Ctrl Pts',(-5.55111512312578E-16,10.,-6.));
#3437=CARTESIAN_POINT('Origin',(0.,0.,-5.));
#3438=CARTESIAN_POINT('Origin',(0.,0.,-5.));
#3439=CARTESIAN_POINT('',(1.,-4.8479377058704,-5.));
#3440=CARTESIAN_POINT('',(1.,0.,-5.));
#3441=CARTESIAN_POINT('',(1.,4.84793770587041,-5.));
#3442=CARTESIAN_POINT('Origin',(0.,0.,-5.));
#3443=CARTESIAN_POINT('',(1.,0.,-5.));
#3444=CARTESIAN_POINT('Origin',(0.,0.,-5.));
#3445=CARTESIAN_POINT('Origin',(-95.,5.,-10.));
#3446=CARTESIAN_POINT('',(-125.,10.,-10.));
#3447=CARTESIAN_POINT('',(-95.,10.,-40.));
#3448=CARTESIAN_POINT('Origin',(-95.,10.,-10.));
#3449=CARTESIAN_POINT('',(-95.,5.,-40.));
#3450=CARTESIAN_POINT('',(-125.,5.,-10.));
#3451=CARTESIAN_POINT('Origin',(0.,0.,-40.));
#3452=CARTESIAN_POINT('',(-2.77555756156289E-15,10.,-40.));
#3453=CARTESIAN_POINT('',(-125.,10.,-40.));
#3454=CARTESIAN_POINT('',(8.88780375320898,4.58333333333333,-40.));
#3455=CARTESIAN_POINT('Origin',(0.,0.,-40.));
#3456=CARTESIAN_POINT('',(10.6653645038508,3.5,-40.));
#3457=CARTESIAN_POINT('Origin',(10.6653645038508,5.5,-40.));
#3458=CARTESIAN_POINT('',(11.95,3.5,-40.));
#3459=CARTESIAN_POINT('',(4.95,3.5,-40.));
#3460=CARTESIAN_POINT('',(11.95,0.5,-40.));
#3461=CARTESIAN_POINT('',(11.95,0.,-40.));
#3462=CARTESIAN_POINT('',(4.92468273089749,0.5,-40.));
#3463=CARTESIAN_POINT('',(2.475,0.5,-40.));
#3464=CARTESIAN_POINT('',(4.92468273089749,-0.5,-40.));
#3465=CARTESIAN_POINT('Origin',(0.,0.,-40.));
#3466=CARTESIAN_POINT('',(11.95,-0.5,-40.));
#3467=CARTESIAN_POINT('',(5.975,-0.5,-40.));
#3468=CARTESIAN_POINT('',(11.95,-3.5,-40.));
#3469=CARTESIAN_POINT('',(11.95,0.,-40.));
#3470=CARTESIAN_POINT('',(10.6653645038508,-3.5,-40.));
#3471=CARTESIAN_POINT('',(4.95,-3.5,-40.));
#3472=CARTESIAN_POINT('',(8.88780375320898,-4.58333333333333,-40.));
#3473=CARTESIAN_POINT('Origin',(10.6653645038508,-5.5,-40.));
#3474=CARTESIAN_POINT('Origin',(0.,0.,-40.));
#3475=CARTESIAN_POINT('Origin',(0.,10.,-40.));
#3476=CARTESIAN_POINT('',(-105.,10.,14.9791139658267));
#3477=CARTESIAN_POINT('',(-105.,10.,-5.));
#3478=CARTESIAN_POINT('',(-85.9200209497181,10.,-5.));
#3479=CARTESIAN_POINT('Ctrl Pts',(-85.9200182242034,10.0000000786717,-5.));
#3480=CARTESIAN_POINT('Ctrl Pts',(-86.3333333518713,10.0000000994678,-4.98096619857108));
#3481=CARTESIAN_POINT('Ctrl Pts',(-86.745426267727,9.99999906956476,-4.94893749952175));
#3482=CARTESIAN_POINT('Ctrl Pts',(-87.1557254949655,9.99999777497933,-4.90420385739147));
#3483=CARTESIAN_POINT('Ctrl Pts',(-87.5705573329871,9.9999964660925,-4.85897603887668));
#3484=CARTESIAN_POINT('Ctrl Pts',(-87.9835561372649,9.99999488634147,-4.80076096463843));
#3485=CARTESIAN_POINT('Ctrl Pts',(-88.3941356430926,9.9999935662046,-4.72980497273111));
#3486=CARTESIAN_POINT('Ctrl Pts',(-88.828928667202,9.99999216821397,-4.65466442172413));
#3487=CARTESIAN_POINT('Ctrl Pts',(-89.2610092988266,9.99999106348364,-4.56523627761587));
#3488=CARTESIAN_POINT('Ctrl Pts',(-89.6896770365805,9.99999055043626,-4.46175034236865));
#3489=CARTESIAN_POINT('Ctrl Pts',(-90.0973236322162,9.99999006254785,-4.36333918266545));
#3490=CARTESIAN_POINT('Ctrl Pts',(-90.5018843253214,9.99999010655753,-4.25221456709889));
#3491=CARTESIAN_POINT('Ctrl Pts',(-90.9027446305474,9.99999066531295,-4.12852229420409));
#3492=CARTESIAN_POINT('Ctrl Pts',(-91.3015718180942,9.99999122123443,-4.00545737438844));
#3493=CARTESIAN_POINT('Ctrl Pts',(-91.6967365706987,9.9999922857688,-3.86995178440672));
#3494=CARTESIAN_POINT('Ctrl Pts',(-92.087614136771,9.99999359093365,-3.72210155891651));
#3495=CARTESIAN_POINT('Ctrl Pts',(-92.4735852541379,9.99999487971557,-3.57610720751684));
#3496=CARTESIAN_POINT('Ctrl Pts',(-92.8553765917734,9.99999640199425,-3.41807597329421));
#3497=CARTESIAN_POINT('Ctrl Pts',(-93.2323603921714,9.99999766999622,-3.24805676943357));
#3498=CARTESIAN_POINT('Ctrl Pts',(-93.3004072775828,9.99999789887499,-3.21736771258115));
#3499=CARTESIAN_POINT('Ctrl Pts',(-93.3682974461071,9.99999811888385,-3.18628795866581));
#3500=CARTESIAN_POINT('Ctrl Pts',(-93.4360270955233,9.99999832638625,-3.15481764967948));
#3501=CARTESIAN_POINT('Ctrl Pts',(-93.7156756565094,9.99999918314169,-3.02488007141532));
#3502=CARTESIAN_POINT('Ctrl Pts',(-93.9919641106814,9.99999980423881,-2.88857542096325));
#3503=CARTESIAN_POINT('Ctrl Pts',(-94.2646630208727,9.99999988360824,-2.74599186449297));
#3504=CARTESIAN_POINT('Ctrl Pts',(-94.632116238986,9.99999999055604,-2.55386499959905));
#3505=CARTESIAN_POINT('Ctrl Pts',(-94.9930529981908,9.99999912424127,-2.35033964198891));
#3506=CARTESIAN_POINT('Ctrl Pts',(-95.3470774085027,9.99999799033651,-2.13590260119947));
#3507=CARTESIAN_POINT('Ctrl Pts',(-95.7044968696999,9.99999684555775,-1.91940913536145));
#3508=CARTESIAN_POINT('Ctrl Pts',(-96.0548711989663,9.99999542653981,-1.69179341921133));
#3509=CARTESIAN_POINT('Ctrl Pts',(-96.3977713300244,9.9999942019603,-1.45350795824192));
#3510=CARTESIAN_POINT('Ctrl Pts',(-96.7426081744101,9.99999297046432,-1.21387665168597));
#3511=CARTESIAN_POINT('Ctrl Pts',(-97.0798865912535,9.99999193391072,-0.963454414934519));
#3512=CARTESIAN_POINT('Ctrl Pts',(-97.4091418421379,9.99999133417466,-0.702657280905747));
#3513=CARTESIAN_POINT('Ctrl Pts',(-97.737753191378,9.99999073561146,-0.442370169733073));
#3514=CARTESIAN_POINT('Ctrl Pts',(-98.0583731311233,9.99999057020522,-0.171748333976322));
#3515=CARTESIAN_POINT('Ctrl Pts',(-98.3705051893242,9.99999087305624,0.108833289745598));
#3516=CARTESIAN_POINT('Ctrl Pts',(-98.6796157886556,9.99999117297565,0.386698864880689));
#3517=CARTESIAN_POINT('Ctrl Pts',(-98.9804023839826,9.99999193005467,0.674332728006508));
#3518=CARTESIAN_POINT('Ctrl Pts',(-99.2723434316026,9.99999300713069,0.971402984104969));
#3519=CARTESIAN_POINT('Ctrl Pts',(-99.412627748696,9.99999352469023,1.11415200259783));
#3520=CARTESIAN_POINT('Ctrl Pts',(-99.5508689924576,9.9999941137828,1.25908034796695));
#3521=CARTESIAN_POINT('Ctrl Pts',(-99.6870056531863,9.99999474703584,1.40615348615342));
#3522=CARTESIAN_POINT('Ctrl Pts',(-99.9729697174718,9.99999607722574,1.71509034502669));
#3523=CARTESIAN_POINT('Ctrl Pts',(-100.248778466358,9.99999752857901,2.03254715250536));
#3524=CARTESIAN_POINT('Ctrl Pts',(-100.514013375065,9.9999986939707,2.35806795520211));
#3525=CARTESIAN_POINT('Ctrl Pts',(-100.637590444241,9.99999923694482,2.50973316001819));
#3526=CARTESIAN_POINT('Ctrl Pts',(-100.7588717522,9.99999971456433,2.66314948710435));
#3527=CARTESIAN_POINT('Ctrl Pts',(-100.877812588634,10.0000000693802,2.81827385734423));
#3528=CARTESIAN_POINT('Ctrl Pts',(-101.132227338828,10.0000008283324,3.1500852779348));
#3529=CARTESIAN_POINT('Ctrl Pts',(-101.375936267693,10.0000010377965,3.48970926704463));
#3530=CARTESIAN_POINT('Ctrl Pts',(-101.608664272253,10.0000010168661,3.83655953111193));
#3531=CARTESIAN_POINT('Ctrl Pts',(-101.841992255917,10.0000009958818,4.18430398456059));
#3532=CARTESIAN_POINT('Ctrl Pts',(-102.064282921122,10.0000007408168,4.53931248979339));
#3533=CARTESIAN_POINT('Ctrl Pts',(-102.27521732899,10.0000004016704,4.90102601017132));
#3534=CARTESIAN_POINT('Ctrl Pts',(-102.485410458641,10.0000000637158,5.26146837542585));
#3535=CARTESIAN_POINT('Ctrl Pts',(-102.68432726542,9.99999963967125,5.62856920090417));
#3536=CARTESIAN_POINT('Ctrl Pts',(-102.871606721056,9.99999914621272,6.00179964144879));
#3537=CARTESIAN_POINT('Ctrl Pts',(-102.960513916292,9.9999989119531,6.1789833668758));
#3538=CARTESIAN_POINT('Ctrl Pts',(-103.04679773086,9.99999866037135,6.35754882447055));
#3539=CARTESIAN_POINT('Ctrl Pts',(-103.130415675172,9.99999838537405,6.53744087858328));
#3540=CARTESIAN_POINT('Ctrl Pts',(-103.3073042608,9.99999780363426,6.91799138457368));
#3541=CARTESIAN_POINT('Ctrl Pts',(-103.472266147052,9.99999712030294,7.30447794526215));
#3542=CARTESIAN_POINT('Ctrl Pts',(-103.625099585051,9.99999656394379,7.69632476656449));
#3543=CARTESIAN_POINT('Ctrl Pts',(-103.664373345263,9.99999642097562,7.7970180330453));
#3544=CARTESIAN_POINT('Ctrl Pts',(-103.702845950845,9.99999628613284,7.89806530565775));
#3545=CARTESIAN_POINT('Ctrl Pts',(-103.740513426242,9.99999616285097,7.99945689185489));
#3546=CARTESIAN_POINT('Ctrl Pts',(-103.885878081983,9.99999568708704,8.39074281869174));
#3547=CARTESIAN_POINT('Ctrl Pts',(-104.018834763663,9.99999530557374,8.78602226379709));
#3548=CARTESIAN_POINT('Ctrl Pts',(-104.139338087082,9.99999513487511,9.18467470870571));
#3549=CARTESIAN_POINT('Ctrl Pts',(-104.26074670401,9.99999496289409,9.58632207077109));
#3550=CARTESIAN_POINT('Ctrl Pts',(-104.36951431829,9.99999500226198,9.99139380110797));
#3551=CARTESIAN_POINT('Ctrl Pts',(-104.465547183425,9.99999524220505,10.3992788779651));
#3552=CARTESIAN_POINT('Ctrl Pts',(-104.561765598359,9.99999548261172,10.8079520495434));
#3553=CARTESIAN_POINT('Ctrl Pts',(-104.645200144845,9.99999592157658,11.219449975072));
#3554=CARTESIAN_POINT('Ctrl Pts',(-104.715706911408,9.99999645941051,11.6331739316823));
#3555=CARTESIAN_POINT('Ctrl Pts',(-104.785925996072,9.99999699504998,12.0452098106969));
#3556=CARTESIAN_POINT('Ctrl Pts',(-104.843322676562,9.99999762594916,12.4594541193944));
#3557=CARTESIAN_POINT('Ctrl Pts',(-104.887703950818,9.99999820758122,12.875323244465));
#3558=CARTESIAN_POINT('Ctrl Pts',(-104.931510396505,9.99999878167995,13.2858060110333));
#3559=CARTESIAN_POINT('Ctrl Pts',(-104.962636426413,9.99999930513417,13.6978722731513));
#3560=CARTESIAN_POINT('Ctrl Pts',(-104.980846056975,9.99999963443963,14.1109608387214));
#3561=CARTESIAN_POINT('Ctrl Pts',(-104.99358340221,9.99999986478353,14.3999096811758));
#3562=CARTESIAN_POINT('Ctrl Pts',(-105.,10.,14.6893587226282));
#3563=CARTESIAN_POINT('Ctrl Pts',(-105.,10.,14.9791139658267));
#3564=CARTESIAN_POINT('Ctrl Pts',(-85.9200209497181,10.,-4.99999999999999));
#3565=CARTESIAN_POINT('Ctrl Pts',(-85.4136791264289,10.,-5.50294682155754));
#3566=CARTESIAN_POINT('Ctrl Pts',(-84.9131909658328,10.,-6.));
#3567=CARTESIAN_POINT('',(0.,10.,-5.));
#3568=CARTESIAN_POINT('',(-125.,10.,-40.));
#3569=CARTESIAN_POINT('Ctrl Pts',(-85.9075272739288,10.1067679145799,-5.));
#3570=CARTESIAN_POINT('Ctrl Pts',(-86.6895242716441,3.45979343400016,-5.));
#3571=CARTESIAN_POINT('Ctrl Pts',(-86.6895242716441,-3.45979343400015,-5.));
#3572=CARTESIAN_POINT('Ctrl Pts',(-85.9075272739288,-10.1067679145799,-5.));
#3573=CARTESIAN_POINT('Ctrl Pts',(-88.8100666127917,10.1060633615133,-4.86815939913486));
#3574=CARTESIAN_POINT('Ctrl Pts',(-89.5127417204455,3.45836243734589,-4.75774630254866));
#3575=CARTESIAN_POINT('Ctrl Pts',(-89.5127417204455,-3.45836243734587,-4.75774630254866));
#3576=CARTESIAN_POINT('Ctrl Pts',(-88.8100666127917,-10.1060633615133,-4.86815939913486));
#3577=CARTESIAN_POINT('Ctrl Pts',(-94.556481030422,10.0977876304361,-3.31955020325585));
#3578=CARTESIAN_POINT('Ctrl Pts',(-95.0522429190803,3.44765040512983,-3.05813096108114));
#3579=CARTESIAN_POINT('Ctrl Pts',(-95.0522429190803,-3.44765040512983,-3.05813096108114));
#3580=CARTESIAN_POINT('Ctrl Pts',(-94.556481030422,-10.0977876304361,-3.31955020325585));
#3581=CARTESIAN_POINT('Ctrl Pts',(-100.245284962002,10.0722021705499,1.46816922486848));
#3582=CARTESIAN_POINT('Ctrl Pts',(-100.481415930257,3.41704100127866,1.72824007506348));
#3583=CARTESIAN_POINT('Ctrl Pts',(-100.481415930257,-3.41704100127865,1.72824007506349));
#3584=CARTESIAN_POINT('Ctrl Pts',(-100.245284962002,-10.0722021705499,1.46816922486848));
#3585=CARTESIAN_POINT('Ctrl Pts',(-104.032020373975,10.038794852509,7.71956616427161));
#3586=CARTESIAN_POINT('Ctrl Pts',(-104.082642840567,3.37764788999906,7.86973476451626));
#3587=CARTESIAN_POINT('Ctrl Pts',(-104.082642840567,-3.37764788999905,7.86973476451626));
#3588=CARTESIAN_POINT('Ctrl Pts',(-104.032020373975,-10.038794852509,7.71956616427161));
#3589=CARTESIAN_POINT('Ctrl Pts',(-105.,10.015526873666,12.0736233067001));
#3590=CARTESIAN_POINT('Ctrl Pts',(-104.999468229286,3.35039948684303,12.1128216987288));
#3591=CARTESIAN_POINT('Ctrl Pts',(-104.999468229286,-3.35039948684303,12.1128216987288));
#3592=CARTESIAN_POINT('Ctrl Pts',(-105.,-10.015526873666,12.0736233067001));
#3593=CARTESIAN_POINT('Ctrl Pts',(-105.,10.,14.9791139658267));
#3594=CARTESIAN_POINT('Ctrl Pts',(-105.,3.332216407534,14.9434814873166));
#3595=CARTESIAN_POINT('Ctrl Pts',(-105.,-3.332216407534,14.9434814873166));
#3596=CARTESIAN_POINT('Ctrl Pts',(-105.,-10.,14.9791139658267));
#3597=CARTESIAN_POINT('',(-86.5,1.05931948126246E-14,-5.));
#3598=CARTESIAN_POINT('Origin',(0.,0.,-5.));
#3599=CARTESIAN_POINT('Origin',(0.,0.,-5.));
#3600=CARTESIAN_POINT('Ctrl Pts',(-105.,10.,14.9791139658267));
#3601=CARTESIAN_POINT('Ctrl Pts',(-105.,3.332216407534,14.9434814873166));
#3602=CARTESIAN_POINT('Ctrl Pts',(-105.,-3.332216407534,14.9434814873166));
#3603=CARTESIAN_POINT('Ctrl Pts',(-105.,-10.,14.9791139658267));
#3604=CARTESIAN_POINT('Origin',(-105.,-10.,172.));
#3605=CARTESIAN_POINT('Origin',(-130.8,-55.4,172.));
#3606=CARTESIAN_POINT('',(-125.,-10.,172.));
#3607=CARTESIAN_POINT('',(-130.8,-55.4,172.));
#3608=CARTESIAN_POINT('',(-125.,-10.,172.));
#3609=CARTESIAN_POINT('',(-125.,-10.,-40.));
#3610=CARTESIAN_POINT('',(-130.8,-55.4,128.));
#3611=CARTESIAN_POINT('',(-125.,-10.,128.));
#3612=CARTESIAN_POINT('',(-130.8,-55.4,172.));
#3613=CARTESIAN_POINT('Origin',(-125.,10.,172.));
#3614=CARTESIAN_POINT('',(-130.8,55.4,172.));
#3615=CARTESIAN_POINT('',(-125.,10.,172.));
#3616=CARTESIAN_POINT('',(-130.8,55.4,172.));
#3617=CARTESIAN_POINT('',(-130.8,55.4,172.));
#3618=CARTESIAN_POINT('',(-125.,10.,-40.));
#3619=CARTESIAN_POINT('Origin',(1.,0.,-6.));
#3620=CARTESIAN_POINT('',(-1.11022302462516E-15,-4.95,-6.));
#3621=CARTESIAN_POINT('Ctrl Pts',(-6.50521303491303E-16,-4.95,-6.));
#3622=CARTESIAN_POINT('Ctrl Pts',(-8.10877524260159E-16,-4.95,-5.87440344067806));
#3623=CARTESIAN_POINT('Ctrl Pts',(0.0251093899284627,-4.95019951217058,
-5.74044191506993));
#3624=CARTESIAN_POINT('Ctrl Pts',(0.127189299726916,-4.94862895937741,-5.49405180295011));
#3625=CARTESIAN_POINT('Ctrl Pts',(0.204160944504378,-4.9465866400932,-5.38162549312253));
#3626=CARTESIAN_POINT('Ctrl Pts',(0.382375981622586,-4.9360230860622,-5.20341045600432));
#3627=CARTESIAN_POINT('Ctrl Pts',(0.495657473410158,-4.92669207851375,-5.12624209541696));
#3628=CARTESIAN_POINT('Ctrl Pts',(0.742470659449511,-4.89558050610848,-5.02455503359778));
#3629=CARTESIAN_POINT('Ctrl Pts',(0.875952691564244,-4.87352535075403,-5.));
#3630=CARTESIAN_POINT('Ctrl Pts',(1.,-4.8479377058704,-5.));
#3631=CARTESIAN_POINT('',(1.,-9.9498743710662,-7.));
#3632=CARTESIAN_POINT('Ctrl Pts',(-5.55111512312578E-16,-10.,-6.));
#3633=CARTESIAN_POINT('Ctrl Pts',(-5.37685087137748E-16,-10.,-6.12557062707802));
#3634=CARTESIAN_POINT('Ctrl Pts',(0.025097491014771,-10.0000987160762,-6.25950950107257));
#3635=CARTESIAN_POINT('Ctrl Pts',(0.127157568662234,-9.99932173544698,-6.50589146280895));
#3636=CARTESIAN_POINT('Ctrl Pts',(0.204120429944062,-9.99831096857967,-6.61833399231716));
#3637=CARTESIAN_POINT('Ctrl Pts',(0.38184697336466,-9.99310324440277,-6.79606053573776));
#3638=CARTESIAN_POINT('Ctrl Pts',(0.494495664953624,-9.98852946485562,-6.87307116786408));
#3639=CARTESIAN_POINT('Ctrl Pts',(0.740980158135819,-9.97327404811789,-6.97503672479782));
#3640=CARTESIAN_POINT('Ctrl Pts',(0.874804107649021,-9.96245703167899,-7.));
#3641=CARTESIAN_POINT('Ctrl Pts',(0.999999999999999,-9.9498743710662,-7.));
#3642=CARTESIAN_POINT('',(1.,-4.84793770587041,-7.));
#3643=CARTESIAN_POINT('',(1.,0.,-7.));
#3644=CARTESIAN_POINT('Ctrl Pts',(1.,-4.84793770587041,-7.));
#3645=CARTESIAN_POINT('Ctrl Pts',(0.875952691564244,-4.87352535075403,-7.));
#3646=CARTESIAN_POINT('Ctrl Pts',(0.742470659449511,-4.89558050610848,-6.97544496640221));
#3647=CARTESIAN_POINT('Ctrl Pts',(0.495657473410159,-4.92669207851375,-6.87375790458304));
#3648=CARTESIAN_POINT('Ctrl Pts',(0.382375981622587,-4.9360230860622,-6.79658954399568));
#3649=CARTESIAN_POINT('Ctrl Pts',(0.204160944504378,-4.9465866400932,-6.61837450687747));
#3650=CARTESIAN_POINT('Ctrl Pts',(0.127189299726918,-4.94862895937741,-6.50594819704989));
#3651=CARTESIAN_POINT('Ctrl Pts',(0.0251093899284636,-4.95019951217058,
-6.25955808493007));
#3652=CARTESIAN_POINT('Ctrl Pts',(-5.55111512312578E-16,-4.95,-6.12559655932194));
#3653=CARTESIAN_POINT('Ctrl Pts',(-5.55111512312578E-16,-4.95,-6.));
#3654=CARTESIAN_POINT('Origin',(-100.,23.1947194719472,161.985));
#3655=CARTESIAN_POINT('',(-100.4,23.2,161.985));
#3656=CARTESIAN_POINT('',(-100.,23.1947194719472,161.985));
#3657=CARTESIAN_POINT('',(-100.4,23.2,161.985));
#3658=CARTESIAN_POINT('',(-100.,23.1947194719472,138.015));
#3659=CARTESIAN_POINT('',(-100.,23.1947194719472,161.985));
#3660=CARTESIAN_POINT('',(-100.4,23.2,138.015));
#3661=CARTESIAN_POINT('',(-100.4,23.2,138.015));
#3662=CARTESIAN_POINT('',(-100.4,23.2,138.015));
#3663=CARTESIAN_POINT('Origin',(-128.4,57.2,128.));
#3664=CARTESIAN_POINT('',(-128.4,57.2,172.));
#3665=CARTESIAN_POINT('',(-128.4,57.2,172.));
#3666=CARTESIAN_POINT('',(-128.4,57.2,172.));
#3667=CARTESIAN_POINT('Origin',(-115.2,39.6,150.));
#3668=CARTESIAN_POINT('',(-103.191,23.588,138.015));
#3669=CARTESIAN_POINT('',(-102.,22.,138.015));
#3670=CARTESIAN_POINT('',(-103.191,23.588,138.015));
#3671=CARTESIAN_POINT('',(-102.,22.,128.));
#3672=CARTESIAN_POINT('',(-102.,22.,172.));
#3673=CARTESIAN_POINT('',(-102.,22.,172.));
#3674=CARTESIAN_POINT('',(-102.,22.,161.985));
#3675=CARTESIAN_POINT('',(-102.,22.,128.));
#3676=CARTESIAN_POINT('',(-103.191,23.588,161.985));
#3677=CARTESIAN_POINT('',(-102.,22.,161.985));
#3678=CARTESIAN_POINT('',(-103.191,23.588,161.985));
#3679=CARTESIAN_POINT('Origin',(-100.,11.985,128.));
#3680=CARTESIAN_POINT('',(-102.,-22.,128.));
#3681=CARTESIAN_POINT('',(-102.,-22.,128.));
#3682=CARTESIAN_POINT('',(-108.009,-30.012,128.));
#3683=CARTESIAN_POINT('',(-128.4,-57.2,128.));
#3684=CARTESIAN_POINT('',(-106.409,-31.212,128.));
#3685=CARTESIAN_POINT('',(-108.009,-30.012,128.));
#3686=CARTESIAN_POINT('',(-120.791,-50.3879999999999,128.));
#3687=CARTESIAN_POINT('',(-120.791,-50.388,128.));
#3688=CARTESIAN_POINT('',(-122.391,-49.1879999999999,128.));
#3689=CARTESIAN_POINT('',(-122.391,-49.1879999999999,128.));
#3690=CARTESIAN_POINT('',(-128.4,-57.2,128.));
#3691=CARTESIAN_POINT('',(-128.4,-57.2,128.));
#3692=CARTESIAN_POINT('',(-128.4,-57.2,128.));
#3693=CARTESIAN_POINT('Origin',(-103.191,23.588,161.985));
#3694=CARTESIAN_POINT('',(-101.591,24.788,161.985));
#3695=CARTESIAN_POINT('',(-103.191,23.588,161.985));
#3696=CARTESIAN_POINT('',(-101.591,24.788,138.015));
#3697=CARTESIAN_POINT('',(-101.591,24.788,161.985));
#3698=CARTESIAN_POINT('',(-103.191,23.588,138.015));
#3699=CARTESIAN_POINT('Origin',(-102.,22.,161.985));
#3700=CARTESIAN_POINT('',(-102.,20.015,161.985));
#3701=CARTESIAN_POINT('',(-102.,20.015,161.985));
#3702=CARTESIAN_POINT('',(-100.,20.015,161.985));
#3703=CARTESIAN_POINT('',(-100.,20.015,161.985));
#3704=CARTESIAN_POINT('',(-100.,20.015,161.985));
#3705=CARTESIAN_POINT('',(-100.4,23.2,161.985));
#3706=CARTESIAN_POINT('Origin',(-103.191,23.588,138.015));
#3707=CARTESIAN_POINT('',(-101.591,24.788,138.015));
#3708=CARTESIAN_POINT('',(-100.,20.015,138.015));
#3709=CARTESIAN_POINT('',(-100.,22.,138.015));
#3710=CARTESIAN_POINT('',(-102.,20.015,138.015));
#3711=CARTESIAN_POINT('',(-100.,20.015,138.015));
#3712=CARTESIAN_POINT('',(-102.,22.,138.015));
#3713=CARTESIAN_POINT('Origin',(-100.9955,23.994,150.));
#3714=CARTESIAN_POINT('Origin',(-100.,-23.1947194719472,161.985));
#3715=CARTESIAN_POINT('',(-100.4,-23.2,161.985));
#3716=CARTESIAN_POINT('',(-100.,-23.1947194719472,161.985));
#3717=CARTESIAN_POINT('',(-100.4,-23.2,161.985));
#3718=CARTESIAN_POINT('',(-100.4,-23.2,138.015));
#3719=CARTESIAN_POINT('',(-100.4,-23.2,138.015));
#3720=CARTESIAN_POINT('',(-100.,-23.1947194719472,138.015));
#3721=CARTESIAN_POINT('',(-100.4,-23.2,138.015));
#3722=CARTESIAN_POINT('',(-100.,-23.1947194719472,161.985));
#3723=CARTESIAN_POINT('Origin',(-115.2,-39.6,150.));
#3724=CARTESIAN_POINT('',(-122.391,-49.1879999999999,170.015));
#3725=CARTESIAN_POINT('',(-122.391,-49.1879999999999,172.));
#3726=CARTESIAN_POINT('',(-122.391,-49.1879999999999,170.015));
#3727=CARTESIAN_POINT('',(-128.4,-57.2,172.));
#3728=CARTESIAN_POINT('',(-102.,-22.,172.));
#3729=CARTESIAN_POINT('',(-128.4,-57.1999999999999,161.985));
#3730=CARTESIAN_POINT('',(-128.4,-57.2,172.));
#3731=CARTESIAN_POINT('',(-127.209,-55.6119999999999,161.985));
#3732=CARTESIAN_POINT('',(-128.4,-57.1999999999999,161.985));
#3733=CARTESIAN_POINT('',(-127.209,-55.6119999999999,138.015));
#3734=CARTESIAN_POINT('',(-127.209,-55.6119999999999,161.985));
#3735=CARTESIAN_POINT('',(-128.4,-57.1999999999999,138.015));
#3736=CARTESIAN_POINT('',(-127.209,-55.6119999999999,138.015));
#3737=CARTESIAN_POINT('',(-128.4,-57.2,172.));
#3738=CARTESIAN_POINT('',(-122.391,-49.1879999999999,129.985));
#3739=CARTESIAN_POINT('',(-122.391,-49.1879999999999,129.985));
#3740=CARTESIAN_POINT('',(-108.009,-30.012,129.985));
#3741=CARTESIAN_POINT('',(-108.009,-30.012,129.985));
#3742=CARTESIAN_POINT('',(-108.009,-30.012,128.));
#3743=CARTESIAN_POINT('',(-102.,-22.,138.015));
#3744=CARTESIAN_POINT('',(-102.,-22.,172.));
#3745=CARTESIAN_POINT('',(-103.191,-23.588,138.015));
#3746=CARTESIAN_POINT('',(-103.191,-23.588,138.015));
#3747=CARTESIAN_POINT('',(-103.191,-23.588,161.985));
#3748=CARTESIAN_POINT('',(-103.191,-23.588,161.985));
#3749=CARTESIAN_POINT('',(-102.,-22.,161.985));
#3750=CARTESIAN_POINT('',(-102.,-22.,161.985));
#3751=CARTESIAN_POINT('',(-102.,-22.,172.));
#3752=CARTESIAN_POINT('',(-102.,-22.,172.));
#3753=CARTESIAN_POINT('',(-108.009,-30.012,172.));
#3754=CARTESIAN_POINT('',(-102.,-22.,172.));
#3755=CARTESIAN_POINT('',(-108.009,-30.012,170.015));
#3756=CARTESIAN_POINT('',(-108.009,-30.012,172.));
#3757=CARTESIAN_POINT('',(-108.009,-30.012,170.015));
#3758=CARTESIAN_POINT('Origin',(-103.191,-23.588,161.985));
#3759=CARTESIAN_POINT('',(-101.591,-24.788,138.015));
#3760=CARTESIAN_POINT('',(-103.191,-23.588,138.015));
#3761=CARTESIAN_POINT('',(-101.591,-24.788,161.985));
#3762=CARTESIAN_POINT('',(-101.591,-24.788,161.985));
#3763=CARTESIAN_POINT('',(-103.191,-23.588,161.985));
#3764=CARTESIAN_POINT('Origin',(-102.,-22.,161.985));
#3765=CARTESIAN_POINT('',(-100.4,-23.2,161.985));
#3766=CARTESIAN_POINT('',(-100.,-20.015,161.985));
#3767=CARTESIAN_POINT('',(-100.,-22.,161.985));
#3768=CARTESIAN_POINT('',(-102.,-20.015,161.985));
#3769=CARTESIAN_POINT('',(-100.,-20.015,161.985));
#3770=CARTESIAN_POINT('',(-102.,-22.,161.985));
#3771=CARTESIAN_POINT('Origin',(-103.191,-23.588,138.015));
#3772=CARTESIAN_POINT('',(-102.,-20.015,138.015));
#3773=CARTESIAN_POINT('',(-102.,-20.015,138.015));
#3774=CARTESIAN_POINT('',(-100.,-20.015,138.015));
#3775=CARTESIAN_POINT('',(-100.,-20.015,138.015));
#3776=CARTESIAN_POINT('',(-100.,-20.015,138.015));
#3777=CARTESIAN_POINT('',(-101.591,-24.788,138.015));
#3778=CARTESIAN_POINT('Origin',(-100.9955,-23.994,150.));
#3779=CARTESIAN_POINT('Origin',(-102.,0.,150.));
#3780=CARTESIAN_POINT('',(-102.,-11.985,170.015));
#3781=CARTESIAN_POINT('',(-102.,-11.985,172.));
#3782=CARTESIAN_POINT('',(-102.,-11.985,170.015));
#3783=CARTESIAN_POINT('',(-102.,22.,172.));
#3784=CARTESIAN_POINT('',(-102.,-20.015,161.985));
#3785=CARTESIAN_POINT('',(-102.,-11.985,129.985));
#3786=CARTESIAN_POINT('',(-102.,-11.985,128.));
#3787=CARTESIAN_POINT('',(-102.,11.985,129.985));
#3788=CARTESIAN_POINT('',(-102.,-11.985,129.985));
#3789=CARTESIAN_POINT('',(-102.,11.985,129.985));
#3790=CARTESIAN_POINT('',(-102.,20.015,138.015));
#3791=CARTESIAN_POINT('',(-102.,11.985,172.));
#3792=CARTESIAN_POINT('',(-102.,22.,172.));
#3793=CARTESIAN_POINT('',(-102.,11.985,170.015));
#3794=CARTESIAN_POINT('',(-102.,11.985,172.));
#3795=CARTESIAN_POINT('',(-102.,11.985,170.015));
#3796=CARTESIAN_POINT('Origin',(-100.,11.985,129.985));
#3797=CARTESIAN_POINT('',(-100.,11.985,129.985));
#3798=CARTESIAN_POINT('',(-100.,11.985,129.985));
#3799=CARTESIAN_POINT('',(-100.,11.985,129.985));
#3800=CARTESIAN_POINT('Origin',(-100.,-11.985,129.985));
#3801=CARTESIAN_POINT('',(-100.,-11.985,129.985));
#3802=CARTESIAN_POINT('',(-100.,-11.985,129.985));
#3803=CARTESIAN_POINT('',(-100.,-11.985,129.985));
#3804=CARTESIAN_POINT('Origin',(-100.,-11.985,128.));
#3805=CARTESIAN_POINT('',(-100.,-11.985,128.));
#3806=CARTESIAN_POINT('Origin',(-100.,-3.90278794648645E-15,128.9925));
#3807=CARTESIAN_POINT('Origin',(-100.,20.015,138.015));
#3808=CARTESIAN_POINT('',(-100.,20.015,138.015));
#3809=CARTESIAN_POINT('Origin',(-100.,21.0075,150.));
#3810=CARTESIAN_POINT('Origin',(-100.,-20.015,161.985));
#3811=CARTESIAN_POINT('',(-100.,-20.015,161.985));
#3812=CARTESIAN_POINT('Origin',(-100.,-21.0075,150.));
#3813=CARTESIAN_POINT('Origin',(-100.,11.985,172.));
#3814=CARTESIAN_POINT('',(-100.,11.985,172.));
#3815=CARTESIAN_POINT('',(-100.,11.985,170.015));
#3816=CARTESIAN_POINT('',(-100.,11.985,172.));
#3817=CARTESIAN_POINT('',(-100.,11.985,170.015));
#3818=CARTESIAN_POINT('',(-100.,11.985,172.));
#3819=CARTESIAN_POINT('Origin',(-100.,-11.985,170.015));
#3820=CARTESIAN_POINT('',(-100.,-11.985,170.015));
#3821=CARTESIAN_POINT('',(-100.,-11.985,172.));
#3822=CARTESIAN_POINT('',(-100.,-11.985,170.015));
#3823=CARTESIAN_POINT('',(-100.,-11.985,172.));
#3824=CARTESIAN_POINT('',(-100.,-11.985,170.015));
#3825=CARTESIAN_POINT('Origin',(-100.,11.985,170.015));
#3826=CARTESIAN_POINT('',(-100.,11.985,170.015));
#3827=CARTESIAN_POINT('Origin',(-100.,5.38104152014173E-16,171.0075));
#3828=CARTESIAN_POINT('',(-100.,-11.985,172.));
#3829=CARTESIAN_POINT('Origin',(-108.009,-30.012,128.));
#3830=CARTESIAN_POINT('',(-106.409,-31.212,129.985));
#3831=CARTESIAN_POINT('',(-108.009,-30.012,129.985));
#3832=CARTESIAN_POINT('',(-106.409,-31.212,128.));
#3833=CARTESIAN_POINT('Origin',(-122.391,-49.1879999999999,129.985));
#3834=CARTESIAN_POINT('',(-120.791,-50.3879999999999,129.985));
#3835=CARTESIAN_POINT('',(-120.791,-50.388,129.985));
#3836=CARTESIAN_POINT('',(-122.391,-49.1879999999999,129.985));
#3837=CARTESIAN_POINT('Origin',(-108.009,-30.012,129.985));
#3838=CARTESIAN_POINT('',(-106.409,-31.212,129.985));
#3839=CARTESIAN_POINT('Origin',(-113.6,-40.8,128.9925));
#3840=CARTESIAN_POINT('Origin',(-127.209,-55.6119999999999,161.985));
#3841=CARTESIAN_POINT('',(-126.8,-58.3999999999999,161.985));
#3842=CARTESIAN_POINT('',(-128.4,-57.1999999999999,161.985));
#3843=CARTESIAN_POINT('',(-125.609,-56.8119999999999,161.985));
#3844=CARTESIAN_POINT('',(-126.8,-58.3999999999999,161.985));
#3845=CARTESIAN_POINT('',(-127.209,-55.6119999999999,161.985));
#3846=CARTESIAN_POINT('Origin',(-127.209,-55.6119999999999,138.015));
#3847=CARTESIAN_POINT('',(-125.609,-56.8119999999999,138.015));
#3848=CARTESIAN_POINT('',(-125.609,-56.8119999999999,161.985));
#3849=CARTESIAN_POINT('',(-127.209,-55.6119999999999,138.015));
#3850=CARTESIAN_POINT('Origin',(-128.4,-57.1999999999999,138.015));
#3851=CARTESIAN_POINT('',(-126.8,-58.3999999999999,138.015));
#3852=CARTESIAN_POINT('',(-125.609,-56.8119999999999,138.015));
#3853=CARTESIAN_POINT('',(-128.4,-57.1999999999999,138.015));
#3854=CARTESIAN_POINT('Origin',(-128.4,-57.1999999999999,161.985));
#3855=CARTESIAN_POINT('',(-126.8,-58.3999999999999,138.015));
#3856=CARTESIAN_POINT('',(-128.4,-57.2,172.));
#3857=CARTESIAN_POINT('Origin',(-126.2045,-57.6059999999999,150.));
#3858=CARTESIAN_POINT('Origin',(-108.009,-30.0119999999999,172.));
#3859=CARTESIAN_POINT('',(-120.791,-50.3879999999999,172.));
#3860=CARTESIAN_POINT('',(-122.391,-49.1879999999999,172.));
#3861=CARTESIAN_POINT('',(-106.409,-31.212,172.));
#3862=CARTESIAN_POINT('',(-120.791,-50.3879999999999,172.));
#3863=CARTESIAN_POINT('',(-108.009,-30.012,172.));
#3864=CARTESIAN_POINT('',(-125.,-10.,172.));
#3865=CARTESIAN_POINT('Origin',(-108.009,-30.012,170.015));
#3866=CARTESIAN_POINT('',(-106.409,-31.212,170.015));
#3867=CARTESIAN_POINT('',(-106.409,-31.212,172.));
#3868=CARTESIAN_POINT('',(-108.009,-30.012,170.015));
#3869=CARTESIAN_POINT('Origin',(-122.391,-49.188,170.015));
#3870=CARTESIAN_POINT('',(-120.791,-50.3879999999999,170.015));
#3871=CARTESIAN_POINT('',(-106.409,-31.212,170.015));
#3872=CARTESIAN_POINT('',(-122.391,-49.1879999999999,170.015));
#3873=CARTESIAN_POINT('Origin',(-122.391,-49.1879999999999,172.));
#3874=CARTESIAN_POINT('',(-120.791,-50.3879999999999,170.015));
#3875=CARTESIAN_POINT('Origin',(-113.6,-40.7999999999999,171.0075));
#3876=CARTESIAN_POINT('Origin',(-125.,10.,-40.));
#3877=CARTESIAN_POINT('Origin',(0.,0.,-5.));
#3878=CARTESIAN_POINT('',(4.92468273089749,0.5,-7.));
#3879=CARTESIAN_POINT('',(4.92468273089749,0.5,-5.));
#3880=CARTESIAN_POINT('',(1.,4.84793770587041,-7.));
#3881=CARTESIAN_POINT('Origin',(0.,0.,-7.));
#3882=CARTESIAN_POINT('',(-1.11022302462516E-15,4.95,-6.));
#3883=CARTESIAN_POINT('Ctrl Pts',(-5.55111512312578E-16,4.95,-6.));
#3884=CARTESIAN_POINT('Ctrl Pts',(-5.44653497914609E-16,4.95,-6.12559655932194));
#3885=CARTESIAN_POINT('Ctrl Pts',(0.0251093899284636,4.95019951217058,-6.25955808493007));
#3886=CARTESIAN_POINT('Ctrl Pts',(0.127189299726918,4.94862895937741,-6.50594819704989));
#3887=CARTESIAN_POINT('Ctrl Pts',(0.204160944504378,4.9465866400932,-6.61837450687747));
#3888=CARTESIAN_POINT('Ctrl Pts',(0.382375981622587,4.9360230860622,-6.79658954399568));
#3889=CARTESIAN_POINT('Ctrl Pts',(0.495657473410159,4.92669207851375,-6.87375790458304));
#3890=CARTESIAN_POINT('Ctrl Pts',(0.742470659449511,4.89558050610848,-6.97544496640221));
#3891=CARTESIAN_POINT('Ctrl Pts',(0.875952691564244,4.87352535075403,-7.));
#3892=CARTESIAN_POINT('Ctrl Pts',(1.,4.84793770587041,-7.));
#3893=CARTESIAN_POINT('Ctrl Pts',(1.,4.8479377058704,-5.));
#3894=CARTESIAN_POINT('Ctrl Pts',(0.875952691564243,4.87352535075403,-5.));
#3895=CARTESIAN_POINT('Ctrl Pts',(0.742470659449511,4.89558050610848,-5.02455503359778));
#3896=CARTESIAN_POINT('Ctrl Pts',(0.495657473410158,4.92669207851375,-5.12624209541696));
#3897=CARTESIAN_POINT('Ctrl Pts',(0.382375981622586,4.9360230860622,-5.20341045600432));
#3898=CARTESIAN_POINT('Ctrl Pts',(0.204160944504378,4.9465866400932,-5.38162549312253));
#3899=CARTESIAN_POINT('Ctrl Pts',(0.127189299726916,4.94862895937741,-5.49405180295011));
#3900=CARTESIAN_POINT('Ctrl Pts',(0.0251093899284627,4.95019951217058,-5.74044191506993));
#3901=CARTESIAN_POINT('Ctrl Pts',(-7.63172628670797E-16,4.95,-5.87440344067806));
#3902=CARTESIAN_POINT('Ctrl Pts',(-6.0281640790194E-16,4.95,-6.));
#3903=CARTESIAN_POINT('',(4.92468273089749,-0.5,-7.));
#3904=CARTESIAN_POINT('Origin',(0.,0.,-7.));
#3905=CARTESIAN_POINT('',(4.92468273089749,-0.5,-5.));
#3906=CARTESIAN_POINT('Origin',(0.,0.,-5.));
#3907=CARTESIAN_POINT('',(8.88780375320898,-4.58333333333333,-35.9471094560839));
#3908=CARTESIAN_POINT('',(8.88780375320898,-4.58333333333333,-5.));
#3909=CARTESIAN_POINT('',(7.7,-6.38043885637971,-33.));
#3910=CARTESIAN_POINT('Ctrl Pts',(8.88780375320898,-4.58333333333333,-35.9471094560839));
#3911=CARTESIAN_POINT('Ctrl Pts',(8.87463526538739,-4.60886910107546,-35.9334267291326));
#3912=CARTESIAN_POINT('Ctrl Pts',(8.86142202746327,-4.63422145970187,-35.9195139782105));
#3913=CARTESIAN_POINT('Ctrl Pts',(8.62545214098643,-5.08232804016233,-35.6675876137217));
#3914=CARTESIAN_POINT('Ctrl Pts',(8.39040791952943,-5.45281527266174,-35.3656405812834));
#3915=CARTESIAN_POINT('Ctrl Pts',(8.04788455483675,-5.94015594669228,-34.7086219034795));
#3916=CARTESIAN_POINT('Ctrl Pts',(7.92011145525898,-6.10667964579877,-34.3950612005464));
#3917=CARTESIAN_POINT('Ctrl Pts',(7.74560549782207,-6.32655454109928,-33.7136309778596));
#3918=CARTESIAN_POINT('Ctrl Pts',(7.7,-6.38043885637971,-33.3456453502826));
#3919=CARTESIAN_POINT('Ctrl Pts',(7.7,-6.38043885637971,-33.));
#3920=CARTESIAN_POINT('',(8.88780375320898,-4.58333333333333,-30.0528905439161));
#3921=CARTESIAN_POINT('Ctrl Pts',(7.7,-6.38043885637971,-33.));
#3922=CARTESIAN_POINT('Ctrl Pts',(7.7,-6.38043885637971,-32.6543546497174));
#3923=CARTESIAN_POINT('Ctrl Pts',(7.74560549782207,-6.32655454109928,-32.2863690221404));
#3924=CARTESIAN_POINT('Ctrl Pts',(7.92011145525898,-6.10667964579877,-31.6049387994536));
#3925=CARTESIAN_POINT('Ctrl Pts',(8.04788455483675,-5.94015594669228,-31.2913780965205));
#3926=CARTESIAN_POINT('Ctrl Pts',(8.39040791952943,-5.45281527266174,-30.6343594187166));
#3927=CARTESIAN_POINT('Ctrl Pts',(8.62545214098643,-5.08232804016233,-30.3324123862783));
#3928=CARTESIAN_POINT('Ctrl Pts',(8.86142202746327,-4.63422145970187,-30.0804860217895));
#3929=CARTESIAN_POINT('Ctrl Pts',(8.87463526538739,-4.60886910107546,-30.0665732708674));
#3930=CARTESIAN_POINT('Ctrl Pts',(8.88780375320898,-4.58333333333333,-30.0528905439161));
#3931=CARTESIAN_POINT('',(8.88780375320898,-4.58333333333333,-16.9471094560839));
#3932=CARTESIAN_POINT('',(8.88780375320898,-4.58333333333333,-5.));
#3933=CARTESIAN_POINT('',(7.7,-6.38043885637971,-14.));
#3934=CARTESIAN_POINT('Ctrl Pts',(8.88780375320898,-4.58333333333333,-16.9471094560839));
#3935=CARTESIAN_POINT('Ctrl Pts',(8.87463526538739,-4.60886910107546,-16.9334267291326));
#3936=CARTESIAN_POINT('Ctrl Pts',(8.86142202746327,-4.63422145970187,-16.9195139782105));
#3937=CARTESIAN_POINT('Ctrl Pts',(8.62545214098643,-5.08232804016233,-16.6675876137217));
#3938=CARTESIAN_POINT('Ctrl Pts',(8.39040791952943,-5.45281527266174,-16.3656405812834));
#3939=CARTESIAN_POINT('Ctrl Pts',(8.04788455483675,-5.94015594669228,-15.7086219034795));
#3940=CARTESIAN_POINT('Ctrl Pts',(7.92011145525898,-6.10667964579877,-15.3950612005464));
#3941=CARTESIAN_POINT('Ctrl Pts',(7.74560549782206,-6.32655454109928,-14.7136309778596));
#3942=CARTESIAN_POINT('Ctrl Pts',(7.7,-6.38043885637971,-14.3456453502826));
#3943=CARTESIAN_POINT('Ctrl Pts',(7.7,-6.38043885637971,-14.));
#3944=CARTESIAN_POINT('',(8.88780375320898,-4.58333333333333,-11.0528905439161));
#3945=CARTESIAN_POINT('Ctrl Pts',(7.7,-6.38043885637971,-14.));
#3946=CARTESIAN_POINT('Ctrl Pts',(7.7,-6.38043885637971,-13.6543546497174));
#3947=CARTESIAN_POINT('Ctrl Pts',(7.74560549782207,-6.32655454109928,-13.2863690221404));
#3948=CARTESIAN_POINT('Ctrl Pts',(7.92011145525898,-6.10667964579877,-12.6049387994536));
#3949=CARTESIAN_POINT('Ctrl Pts',(8.04788455483675,-5.94015594669228,-12.2913780965205));
#3950=CARTESIAN_POINT('Ctrl Pts',(8.39040791952943,-5.45281527266174,-11.6343594187166));
#3951=CARTESIAN_POINT('Ctrl Pts',(8.62545214098643,-5.08232804016233,-11.3324123862783));
#3952=CARTESIAN_POINT('Ctrl Pts',(8.86142202746327,-4.63422145970187,-11.0804860217895));
#3953=CARTESIAN_POINT('Ctrl Pts',(8.87463526538739,-4.60886910107546,-11.0665732708674));
#3954=CARTESIAN_POINT('Ctrl Pts',(8.88780375320898,-4.58333333333333,-11.0528905439161));
#3955=CARTESIAN_POINT('',(8.88780375320898,-4.58333333333333,-7.));
#3956=CARTESIAN_POINT('',(8.88780375320898,-4.58333333333333,-5.));
#3957=CARTESIAN_POINT('Origin',(0.,0.,-7.));
#3958=CARTESIAN_POINT('Origin',(10.,0.,-7.));
#3959=CARTESIAN_POINT('',(11.95,0.5,-7.));
#3960=CARTESIAN_POINT('',(7.475,0.5,-7.));
#3961=CARTESIAN_POINT('',(11.95,3.5,-7.));
#3962=CARTESIAN_POINT('',(11.95,0.,-7.));
#3963=CARTESIAN_POINT('',(10.6653645038508,3.5,-7.));
#3964=CARTESIAN_POINT('',(18.95,3.5,-7.));
#3965=CARTESIAN_POINT('',(8.88780375320898,4.58333333333333,-7.));
#3966=CARTESIAN_POINT('Origin',(10.6653645038508,5.5,-7.));
#3967=CARTESIAN_POINT('',(1.,9.9498743710662,-7.));
#3968=CARTESIAN_POINT('Origin',(0.,0.,-7.));
#3969=CARTESIAN_POINT('',(1.,0.,-7.));
#3970=CARTESIAN_POINT('Origin',(16.569084669834,0.,-14.010497712936));
#3971=CARTESIAN_POINT('',(14.2504510488328,3.5,-18.0054935227755));
#3972=CARTESIAN_POINT('',(16.569084669834,3.5,-14.010497712936));
#3973=CARTESIAN_POINT('',(13.9272395846101,3.5,-18.5623854929283));
#3974=CARTESIAN_POINT('',(14.2504510488328,2.5,-18.0054935227755));
#3975=CARTESIAN_POINT('',(14.2504510488328,0.,-18.0054935227755));
#3976=CARTESIAN_POINT('',(16.569084669834,2.5,-14.010497712936));
#3977=CARTESIAN_POINT('',(15.9894262645837,2.5,-15.0092466653958));
#3978=CARTESIAN_POINT('',(16.569084669834,0.,-14.010497712936));
#3979=CARTESIAN_POINT('Origin',(14.2686336210012,0.,-10.0050041901605));
#3980=CARTESIAN_POINT('',(14.2686336210012,3.5,-10.0050041901605));
#3981=CARTESIAN_POINT('',(16.8951378770241,3.5,-14.5782142092912));
#3982=CARTESIAN_POINT('',(14.2686336210012,2.5,-10.0050041901605));
#3983=CARTESIAN_POINT('',(14.8437463832094,2.5,-11.0063775708544));
#3984=CARTESIAN_POINT('',(14.2686336210012,0.,-10.0050041901605));
#3985=CARTESIAN_POINT('Origin',(9.64954895116717,0.,-9.99450647722451));
#3986=CARTESIAN_POINT('',(10.6653645038508,3.5,-9.9968151034633));
#3987=CARTESIAN_POINT('',(10.8151153047846,3.5,-9.99715543948926));
#3988=CARTESIAN_POINT('',(9.64954895116717,2.5,-9.99450647722451));
#3989=CARTESIAN_POINT('',(10.8043201186257,2.5,-9.9971309054585));
#3990=CARTESIAN_POINT('',(9.64954895116717,3.77717709472909,-9.99450647722451));
#3991=CARTESIAN_POINT('',(9.64954895116717,0.,-9.99450647722451));
#3992=CARTESIAN_POINT('Origin',(10.6653645038508,5.5,-9.9968151034633));
#3993=CARTESIAN_POINT('Origin',(7.33091533016599,0.,-13.989502287064));
#3994=CARTESIAN_POINT('',(8.88780375320898,4.58333333333333,-11.3069901945504));
#3995=CARTESIAN_POINT('Origin',(10.6653645038508,5.5,-8.24426062562313));
#3996=CARTESIAN_POINT('',(7.33091533016599,2.5,-13.989502287064));
#3997=CARTESIAN_POINT('',(7.91057373541629,2.5,-12.9907533346042));
#3998=CARTESIAN_POINT('',(7.33091533016599,6.80129990677791,-13.989502287064));
#3999=CARTESIAN_POINT('',(7.33091533016599,0.,-13.989502287064));
#4000=CARTESIAN_POINT('Origin',(0.,0.,-26.6206380391866));
#4001=CARTESIAN_POINT('Origin',(11.95,2.5,-14.));
#4002=CARTESIAN_POINT('',(9.63136637899881,2.5,-17.9949958098395));
#4003=CARTESIAN_POINT('',(13.0956798813743,2.5,-18.0028690945415));
#4004=CARTESIAN_POINT('',(9.05625361679061,2.5,-16.9936224291456));
#4005=CARTESIAN_POINT('',(9.35,2.5,-14.));
#4006=CARTESIAN_POINT('Origin',(11.95,2.5,-14.));
#4007=CARTESIAN_POINT('Origin',(9.63136637899881,0.,-17.9949958098395));
#4008=CARTESIAN_POINT('',(8.88780375320898,4.58333333333333,-16.7003213228991));
#4009=CARTESIAN_POINT('',(9.63136637899881,3.78802807330183,-17.9949958098395));
#4010=CARTESIAN_POINT('Origin',(10.6653645038508,5.5,-19.7953700424309));
#4011=CARTESIAN_POINT('Origin',(0.,0.,-1.22507772524005));
#4012=CARTESIAN_POINT('',(9.63136637899881,0.,-17.9949958098395));
#4013=CARTESIAN_POINT('Origin',(14.2504510488328,0.,-18.0054935227755));
#4014=CARTESIAN_POINT('',(10.6653645038508,3.5,-17.997345759292));
#4015=CARTESIAN_POINT('',(13.1064750675332,3.5,-18.0028936285723));
#4016=CARTESIAN_POINT('Origin',(10.6653645038508,5.5,-17.997345759292));
#4017=CARTESIAN_POINT('Origin',(16.569084669834,0.,-32.989502287064));
#4018=CARTESIAN_POINT('',(14.2686336210012,3.5,-36.9949958098395));
#4019=CARTESIAN_POINT('',(16.569084669834,3.5,-32.989502287064));
#4020=CARTESIAN_POINT('',(18.0453634014405,3.5,-30.4190390293211));
#4021=CARTESIAN_POINT('',(14.2686336210012,2.5,-36.9949958098395));
#4022=CARTESIAN_POINT('',(14.2686336210012,0.,-36.9949958098395));
#4023=CARTESIAN_POINT('',(16.569084669834,2.5,-32.989502287064));
#4024=CARTESIAN_POINT('',(15.9939719076258,2.5,-33.9908756677579));
#4025=CARTESIAN_POINT('',(16.569084669834,0.,-32.989502287064));
#4026=CARTESIAN_POINT('Origin',(14.2504510488328,0.,-28.9945064772245));
#4027=CARTESIAN_POINT('',(14.2504510488328,3.5,-28.9945064772245));
#4028=CARTESIAN_POINT('',(12.7679227741095,3.5,-26.440116602152));
#4029=CARTESIAN_POINT('',(14.2504510488328,2.5,-28.9945064772245));
#4030=CARTESIAN_POINT('',(14.8301094540831,2.5,-29.9932554296844));
#4031=CARTESIAN_POINT('',(14.2504510488328,0.,-28.9945064772245));
#4032=CARTESIAN_POINT('Origin',(9.63136637899881,0.,-29.0050041901605));
#4033=CARTESIAN_POINT('',(10.6653645038508,3.5,-29.002654240708));
#4034=CARTESIAN_POINT('',(10.7969327326162,3.5,-29.0023552278957));
#4035=CARTESIAN_POINT('',(9.63136637899881,2.5,-29.0050041901605));
#4036=CARTESIAN_POINT('',(10.7861375464573,2.5,-29.0023797619265));
#4037=CARTESIAN_POINT('',(9.63136637899881,3.78802807330183,-29.0050041901605));
#4038=CARTESIAN_POINT('',(9.63136637899881,0.,-29.0050041901605));
#4039=CARTESIAN_POINT('Origin',(10.6653645038508,5.5,-29.002654240708));
#4040=CARTESIAN_POINT('Origin',(7.33091533016599,0.,-33.010497712936));
#4041=CARTESIAN_POINT('',(8.88780375320898,4.58333333333333,-30.2996786771009));
#4042=CARTESIAN_POINT('Origin',(10.6653645038508,5.5,-27.204629957569));
#4043=CARTESIAN_POINT('',(7.33091533016599,2.5,-33.010497712936));
#4044=CARTESIAN_POINT('',(7.9060280923742,2.5,-32.0091243322421));
#4045=CARTESIAN_POINT('',(7.33091533016599,6.80129990677791,-33.010497712936));
#4046=CARTESIAN_POINT('',(7.33091533016599,0.,-33.010497712936));
#4047=CARTESIAN_POINT('Origin',(0.,0.,-45.77492227476));
#4048=CARTESIAN_POINT('Origin',(11.95,2.5,-33.));
#4049=CARTESIAN_POINT('',(9.64954895116717,2.5,-37.0054935227755));
#4050=CARTESIAN_POINT('',(13.1138624535427,2.5,-36.9976202380735));
#4051=CARTESIAN_POINT('',(9.06989054591688,2.5,-36.0067445703156));
#4052=CARTESIAN_POINT('',(9.35,2.5,-33.));
#4053=CARTESIAN_POINT('Origin',(11.95,2.5,-33.));
#4054=CARTESIAN_POINT('Origin',(14.2686336210012,0.,-36.9949958098395));
#4055=CARTESIAN_POINT('',(10.6653645038508,3.5,-37.0031848965367));
#4056=CARTESIAN_POINT('',(13.1246576397016,3.5,-36.9975957040427));
#4057=CARTESIAN_POINT('',(9.64954895116717,3.77717709472909,-37.0054935227755));
#4058=CARTESIAN_POINT('Origin',(10.6653645038508,5.5,-37.0031848965367));
#4059=CARTESIAN_POINT('',(9.64954895116717,0.,-37.0054935227755));
#4060=CARTESIAN_POINT('Origin',(9.64954895116717,0.,-37.0054935227755));
#4061=CARTESIAN_POINT('',(8.88780375320898,4.58333333333333,-35.6930098054496));
#4062=CARTESIAN_POINT('Origin',(10.6653645038508,5.5,-38.7557393743769));
#4063=CARTESIAN_POINT('Origin',(0.,0.,-20.3793619608134));
#4064=CARTESIAN_POINT('Origin',(11.95,3.5,-23.5));
#4065=CARTESIAN_POINT('',(10.6653645038508,3.5,-5.));
#4066=CARTESIAN_POINT('',(18.95,3.5,-14.));
#4067=CARTESIAN_POINT('Origin',(11.95,3.5,-14.));
#4068=CARTESIAN_POINT('',(18.95,3.5,-33.));
#4069=CARTESIAN_POINT('',(18.95,3.5,-40.));
#4070=CARTESIAN_POINT('Origin',(11.95,3.5,-33.));
#4071=CARTESIAN_POINT('',(10.6653645038508,3.5,-5.));
#4072=CARTESIAN_POINT('',(10.6653645038508,3.5,-5.));
#4073=CARTESIAN_POINT('Origin',(10.6653645038508,5.5,-5.));
#4074=CARTESIAN_POINT('',(8.88780375320898,4.58333333333333,-5.));
#4075=CARTESIAN_POINT('Origin',(10.6653645038508,5.5,-5.));
#4076=CARTESIAN_POINT('',(8.88780375320898,4.58333333333333,-5.));
#4077=CARTESIAN_POINT('Origin',(11.95,-2.5,-14.));
#4078=CARTESIAN_POINT('',(7.7,-2.5,-14.));
#4079=CARTESIAN_POINT('Origin',(11.95,-2.5,-14.));
#4080=CARTESIAN_POINT('',(9.35,-2.5,-14.));
#4081=CARTESIAN_POINT('Origin',(11.95,-2.5,-14.));
#4082=CARTESIAN_POINT('Origin',(11.95,0.,-14.));
#4083=CARTESIAN_POINT('',(7.7,0.,-14.));
#4084=CARTESIAN_POINT('',(10.6653645038508,-3.5,-18.0511987907326));
#4085=CARTESIAN_POINT('Ctrl Pts',(10.6653645038508,-3.5,-18.0511987907326));
#4086=CARTESIAN_POINT('Ctrl Pts',(10.3884256643478,-3.5,-17.9633814601435));
#4087=CARTESIAN_POINT('Ctrl Pts',(10.1068067152703,-3.56010335866637,-17.8403344040747));
#4088=CARTESIAN_POINT('Ctrl Pts',(9.60531085038997,-3.78201515067634,-17.5563973550301));
#4089=CARTESIAN_POINT('Ctrl Pts',(9.38484229229674,-3.94324180003139,-17.3960985527427));
#4090=CARTESIAN_POINT('Ctrl Pts',(9.08998436229815,-4.25510525944636,-17.1477444583699));
#4091=CARTESIAN_POINT('Ctrl Pts',(8.97722897488564,-4.40992377242075,-17.0400267984043));
#4092=CARTESIAN_POINT('Ctrl Pts',(8.88780375320898,-4.58333333333333,-16.9471094560839));
#4093=CARTESIAN_POINT('',(10.6653645038508,-3.5,-9.94880120926738));
#4094=CARTESIAN_POINT('Origin',(11.95,-3.5,-14.));
#4095=CARTESIAN_POINT('Ctrl Pts',(8.88780375320898,-4.58333333333333,-11.0528905439161));
#4096=CARTESIAN_POINT('Ctrl Pts',(8.97722897488564,-4.40992377242075,-10.9599732015957));
#4097=CARTESIAN_POINT('Ctrl Pts',(9.08998436229815,-4.25510525944636,-10.8522555416301));
#4098=CARTESIAN_POINT('Ctrl Pts',(9.38484229229674,-3.94324180003139,-10.6039014472573));
#4099=CARTESIAN_POINT('Ctrl Pts',(9.60531085038997,-3.78201515067634,-10.4436026449699));
#4100=CARTESIAN_POINT('Ctrl Pts',(10.1068067152703,-3.56010335866637,-10.1596655959252));
#4101=CARTESIAN_POINT('Ctrl Pts',(10.3884256643478,-3.5,-10.0366185398565));
#4102=CARTESIAN_POINT('Ctrl Pts',(10.6653645038508,-3.5,-9.94880120926738));
#4103=CARTESIAN_POINT('Origin',(11.95,-2.5,-33.));
#4104=CARTESIAN_POINT('',(7.7,-2.5,-33.));
#4105=CARTESIAN_POINT('Origin',(11.95,-2.5,-33.));
#4106=CARTESIAN_POINT('',(9.35,-2.5,-33.));
#4107=CARTESIAN_POINT('Origin',(11.95,-2.5,-33.));
#4108=CARTESIAN_POINT('Origin',(11.95,0.,-33.));
#4109=CARTESIAN_POINT('',(7.7,0.,-33.));
#4110=CARTESIAN_POINT('',(10.6653645038508,-3.5,-37.0511987907326));
#4111=CARTESIAN_POINT('Ctrl Pts',(10.6653645038508,-3.5,-37.0511987907326));
#4112=CARTESIAN_POINT('Ctrl Pts',(10.3884256643478,-3.5,-36.9633814601435));
#4113=CARTESIAN_POINT('Ctrl Pts',(10.1068067152703,-3.56010335866637,-36.8403344040747));
#4114=CARTESIAN_POINT('Ctrl Pts',(9.60531085038997,-3.78201515067634,-36.5563973550301));
#4115=CARTESIAN_POINT('Ctrl Pts',(9.38484229229674,-3.94324180003139,-36.3960985527427));
#4116=CARTESIAN_POINT('Ctrl Pts',(9.08998436229815,-4.25510525944636,-36.1477444583699));
#4117=CARTESIAN_POINT('Ctrl Pts',(8.97722897488564,-4.40992377242075,-36.0400267984043));
#4118=CARTESIAN_POINT('Ctrl Pts',(8.88780375320898,-4.58333333333333,-35.9471094560839));
#4119=CARTESIAN_POINT('',(10.6653645038508,-3.5,-28.9488012092674));
#4120=CARTESIAN_POINT('Origin',(11.95,-3.5,-33.));
#4121=CARTESIAN_POINT('Ctrl Pts',(8.88780375320898,-4.58333333333333,-30.0528905439161));
#4122=CARTESIAN_POINT('Ctrl Pts',(8.97722897488564,-4.40992377242074,-29.9599732015957));
#4123=CARTESIAN_POINT('Ctrl Pts',(9.08998436229816,-4.25510525944636,-29.8522555416301));
#4124=CARTESIAN_POINT('Ctrl Pts',(9.38484229229674,-3.94324180003139,-29.6039014472573));
#4125=CARTESIAN_POINT('Ctrl Pts',(9.60531085038997,-3.78201515067634,-29.4436026449699));
#4126=CARTESIAN_POINT('Ctrl Pts',(10.1068067152703,-3.56010335866637,-29.1596655959252));
#4127=CARTESIAN_POINT('Ctrl Pts',(10.3884256643478,-3.5,-29.0366185398565));
#4128=CARTESIAN_POINT('Ctrl Pts',(10.6653645038508,-3.5,-28.9488012092674));
#4129=CARTESIAN_POINT('Origin',(11.95,-3.5,-23.5));
#4130=CARTESIAN_POINT('',(10.6653645038508,-3.5,-5.));
#4131=CARTESIAN_POINT('',(10.6653645038508,-3.5,-5.));
#4132=CARTESIAN_POINT('',(18.95,-3.5,-33.));
#4133=CARTESIAN_POINT('Origin',(11.95,-3.5,-33.));
#4134=CARTESIAN_POINT('',(18.95,-3.5,-14.));
#4135=CARTESIAN_POINT('',(18.95,-3.5,-40.));
#4136=CARTESIAN_POINT('',(11.95,-3.5,-7.));
#4137=CARTESIAN_POINT('Origin',(11.95,-3.5,-14.));
#4138=CARTESIAN_POINT('',(10.6653645038508,-3.5,-7.));
#4139=CARTESIAN_POINT('',(18.95,-3.5,-7.));
#4140=CARTESIAN_POINT('',(10.6653645038508,-3.5,-5.));
#4141=CARTESIAN_POINT('Origin',(10.6653645038508,-5.5,-5.));
#4142=CARTESIAN_POINT('Origin',(10.6653645038508,-5.5,-5.));
#4143=CARTESIAN_POINT('Origin',(11.95,0.5,-23.5));
#4144=CARTESIAN_POINT('',(18.95,0.5,-14.));
#4145=CARTESIAN_POINT('Origin',(11.95,0.5,-14.));
#4146=CARTESIAN_POINT('',(18.95,0.5,-33.));
#4147=CARTESIAN_POINT('Origin',(11.95,0.5,-33.));
#4148=CARTESIAN_POINT('',(18.95,0.5,-18.75));
#4149=CARTESIAN_POINT('',(9.35,0.5,-14.));
#4150=CARTESIAN_POINT('Origin',(11.95,0.5,-14.));
#4151=CARTESIAN_POINT('',(9.35,0.5,-33.));
#4152=CARTESIAN_POINT('Origin',(11.95,0.5,-33.));
#4153=CARTESIAN_POINT('Origin',(11.95,-0.5,-23.5));
#4154=CARTESIAN_POINT('',(18.95,-0.5,-14.));
#4155=CARTESIAN_POINT('',(11.95,-0.5,-7.));
#4156=CARTESIAN_POINT('Origin',(11.95,-0.5,-14.));
#4157=CARTESIAN_POINT('',(18.95,-0.5,-33.));
#4158=CARTESIAN_POINT('',(18.95,-0.5,-18.75));
#4159=CARTESIAN_POINT('Origin',(11.95,-0.5,-33.));
#4160=CARTESIAN_POINT('',(10.975,-0.5,-7.));
#4161=CARTESIAN_POINT('',(9.35,-0.5,-33.));
#4162=CARTESIAN_POINT('Origin',(11.95,-0.5,-33.));
#4163=CARTESIAN_POINT('',(9.35,-0.5,-14.));
#4164=CARTESIAN_POINT('Origin',(11.95,-0.5,-14.));
#4165=CARTESIAN_POINT('Origin',(10.,0.,-7.));
#4166=CARTESIAN_POINT('Origin',(10.6653645038508,-5.5,-7.));
#4167=CARTESIAN_POINT('',(11.95,0.,-7.));
#4168=CARTESIAN_POINT('Origin',(11.95,0.,-14.));
#4169=CARTESIAN_POINT('',(18.95,0.,-14.));
#4170=CARTESIAN_POINT('Origin',(11.95,0.,-14.));
#4171=CARTESIAN_POINT('',(18.95,0.,-14.));
#4172=CARTESIAN_POINT('Origin',(18.95,0.,-14.));
#4173=CARTESIAN_POINT('',(18.95,0.,-33.));
#4174=CARTESIAN_POINT('Origin',(18.95,0.,-14.));
#4175=CARTESIAN_POINT('',(18.95,0.,-33.));
#4176=CARTESIAN_POINT('Origin',(11.95,0.,-33.));
#4177=CARTESIAN_POINT('Origin',(11.95,0.,-14.));
#4178=CARTESIAN_POINT('',(9.35,0.,-14.));
#4179=CARTESIAN_POINT('Origin',(11.95,0.,-33.));
#4180=CARTESIAN_POINT('',(9.35,0.,-33.));
#4181=CARTESIAN_POINT('Origin',(0.,0.,-5.));
#4182=CARTESIAN_POINT('Ctrl Pts',(1.,9.9498743710662,-7.));
#4183=CARTESIAN_POINT('Ctrl Pts',(0.874804107649022,9.96245703167899,-7.));
#4184=CARTESIAN_POINT('Ctrl Pts',(0.740980158135819,9.97327404811789,-6.97503672479782));
#4185=CARTESIAN_POINT('Ctrl Pts',(0.494495664953625,9.98852946485562,-6.87307116786408));
#4186=CARTESIAN_POINT('Ctrl Pts',(0.381846973364661,9.99310324440277,-6.79606053573776));
#4187=CARTESIAN_POINT('Ctrl Pts',(0.204120429944062,9.99831096857967,-6.61833399231716));
#4188=CARTESIAN_POINT('Ctrl Pts',(0.127157568662234,9.99932173544698,-6.50589146280895));
#4189=CARTESIAN_POINT('Ctrl Pts',(0.025097491014771,10.0000987160762,-6.25950950107257));
#4190=CARTESIAN_POINT('Ctrl Pts',(-5.55111512312578E-16,10.,-6.12557062707802));
#4191=CARTESIAN_POINT('Ctrl Pts',(-5.55111512312578E-16,10.,-6.));
#4192=CARTESIAN_POINT('',(8.88780375320898,4.58333333333333,-5.));
#4193=CARTESIAN_POINT('Origin',(10.6653645038508,-5.5,-5.));
#4194=CARTESIAN_POINT('Origin',(10.6653645038508,5.5,-5.));
#4195=CARTESIAN_POINT('Origin',(11.95,0.,-14.));
#4196=CARTESIAN_POINT('',(9.35,0.,-14.));
#4197=CARTESIAN_POINT('Origin',(11.95,0.,-33.));
#4198=CARTESIAN_POINT('',(9.35,0.,-33.));
#4199=CARTESIAN_POINT('Origin',(11.95,0.,-33.));
#4200=CARTESIAN_POINT('Origin',(0.,0.,-0.5));
#4201=CARTESIAN_POINT('',(-86.5,1.05931948126246E-14,0.));
#4202=CARTESIAN_POINT('Origin',(0.,0.,0.));
#4203=CARTESIAN_POINT('',(-87.5,-1.07156594925393E-14,-1.));
#4204=CARTESIAN_POINT('',(-87.,-1.0654427152582E-14,-0.5));
#4205=CARTESIAN_POINT('Origin',(0.,0.,-1.));
#4206=CARTESIAN_POINT('Origin',(0.,0.,0.));
#4207=CARTESIAN_POINT('',(-87.5,1.07156594925393E-14,-4.));
#4208=CARTESIAN_POINT('Origin',(0.,0.,-4.));
#4209=CARTESIAN_POINT('',(-87.5,1.07156594925393E-14,0.));
#4210=CARTESIAN_POINT('Origin',(0.,0.,0.));
#4211=CARTESIAN_POINT('Origin',(0.,0.,-4.5));
#4212=CARTESIAN_POINT('',(-87.,1.0654427152582E-14,-4.5));
#4213=CARTESIAN_POINT('Origin',(1.,0.,-6.));
#4214=CARTESIAN_POINT('Origin',(-127.209,55.6119999999999,161.985));
#4215=CARTESIAN_POINT('',(-128.4,57.1999999999999,161.985));
#4216=CARTESIAN_POINT('',(-127.209,55.6119999999999,161.985));
#4217=CARTESIAN_POINT('',(-128.4,57.1999999999999,161.985));
#4218=CARTESIAN_POINT('',(-125.609,56.8119999999999,161.985));
#4219=CARTESIAN_POINT('',(-127.209,55.6119999999999,161.985));
#4220=CARTESIAN_POINT('',(-126.8,58.3999999999999,161.985));
#4221=CARTESIAN_POINT('',(-126.8,58.3999999999999,161.985));
#4222=CARTESIAN_POINT('',(-128.4,57.1999999999999,161.985));
#4223=CARTESIAN_POINT('Origin',(-127.209,55.6119999999999,138.015));
#4224=CARTESIAN_POINT('',(-127.209,55.6119999999999,138.015));
#4225=CARTESIAN_POINT('',(-127.209,55.6119999999999,161.985));
#4226=CARTESIAN_POINT('',(-125.609,56.8119999999999,138.015));
#4227=CARTESIAN_POINT('',(-127.209,55.6119999999999,138.015));
#4228=CARTESIAN_POINT('',(-125.609,56.8119999999999,161.985));
#4229=CARTESIAN_POINT('Origin',(-128.4,57.1999999999999,138.015));
#4230=CARTESIAN_POINT('',(-128.4,57.1999999999999,138.015));
#4231=CARTESIAN_POINT('',(-127.209,55.6119999999999,138.015));
#4232=CARTESIAN_POINT('',(-126.8,58.3999999999999,138.015));
#4233=CARTESIAN_POINT('',(-128.4,57.1999999999999,138.015));
#4234=CARTESIAN_POINT('',(-125.609,56.8119999999999,138.015));
#4235=CARTESIAN_POINT('Origin',(-128.4,57.1999999999999,161.985));
#4236=CARTESIAN_POINT('',(-128.4,57.1999999999999,138.015));
#4237=CARTESIAN_POINT('',(-126.8,58.3999999999999,138.015));
#4238=CARTESIAN_POINT('Origin',(-127.8045,56.4059999999999,150.));
#4239=CARTESIAN_POINT('Origin',(-126.2045,57.6059999999999,150.));
#4240=CARTESIAN_POINT('Origin',(-108.009,30.0119999999999,172.));
#4241=CARTESIAN_POINT('',(-122.391,49.1879999999999,172.));
#4242=CARTESIAN_POINT('',(-108.009,30.012,172.));
#4243=CARTESIAN_POINT('',(-122.391,49.1879999999999,172.));
#4244=CARTESIAN_POINT('',(-106.409,31.212,172.));
#4245=CARTESIAN_POINT('',(-108.009,30.012,172.));
#4246=CARTESIAN_POINT('',(-120.791,50.3879999999999,172.));
#4247=CARTESIAN_POINT('',(-120.791,50.3879999999999,172.));
#4248=CARTESIAN_POINT('',(-122.391,49.1879999999999,172.));
#4249=CARTESIAN_POINT('Origin',(-108.009,30.012,170.015));
#4250=CARTESIAN_POINT('',(-108.009,30.012,170.015));
#4251=CARTESIAN_POINT('',(-108.009,30.012,172.));
#4252=CARTESIAN_POINT('',(-106.409,31.212,170.015));
#4253=CARTESIAN_POINT('',(-108.009,30.012,170.015));
#4254=CARTESIAN_POINT('',(-106.409,31.212,172.));
#4255=CARTESIAN_POINT('Origin',(-122.391,49.188,170.015));
#4256=CARTESIAN_POINT('',(-122.391,49.1879999999999,170.015));
#4257=CARTESIAN_POINT('',(-108.009,30.012,170.015));
#4258=CARTESIAN_POINT('',(-120.791,50.3879999999999,170.015));
#4259=CARTESIAN_POINT('',(-122.391,49.1879999999999,170.015));
#4260=CARTESIAN_POINT('',(-106.409,31.212,170.015));
#4261=CARTESIAN_POINT('Origin',(-122.391,49.1879999999999,172.));
#4262=CARTESIAN_POINT('',(-122.391,49.1879999999999,170.015));
#4263=CARTESIAN_POINT('',(-120.791,50.3879999999999,170.015));
#4264=CARTESIAN_POINT('Origin',(-115.2,39.5999999999999,171.0075));
#4265=CARTESIAN_POINT('Origin',(-113.6,40.7999999999999,171.0075));
#4266=CARTESIAN_POINT('Origin',(-108.009,30.012,128.));
#4267=CARTESIAN_POINT('',(-108.009,30.012,128.));
#4268=CARTESIAN_POINT('',(-108.009,30.012,129.985));
#4269=CARTESIAN_POINT('',(-108.009,30.012,128.));
#4270=CARTESIAN_POINT('',(-106.409,31.212,128.));
#4271=CARTESIAN_POINT('',(-108.009,30.012,128.));
#4272=CARTESIAN_POINT('',(-106.409,31.212,129.985));
#4273=CARTESIAN_POINT('',(-106.409,31.212,128.));
#4274=CARTESIAN_POINT('',(-108.009,30.012,129.985));
#4275=CARTESIAN_POINT('Origin',(-122.391,49.1879999999999,128.));
#4276=CARTESIAN_POINT('',(-122.391,49.1879999999999,128.));
#4277=CARTESIAN_POINT('',(-122.391,49.1879999999999,128.));
#4278=CARTESIAN_POINT('',(-120.791,50.3879999999999,128.));
#4279=CARTESIAN_POINT('',(-122.391,49.1879999999999,128.));
#4280=CARTESIAN_POINT('',(-120.791,50.388,128.));
#4281=CARTESIAN_POINT('Origin',(-122.391,49.1879999999999,129.985));
#4282=CARTESIAN_POINT('',(-122.391,49.1879999999999,129.985));
#4283=CARTESIAN_POINT('',(-122.391,49.1879999999999,129.985));
#4284=CARTESIAN_POINT('',(-120.791,50.3879999999999,129.985));
#4285=CARTESIAN_POINT('',(-122.391,49.1879999999999,129.985));
#4286=CARTESIAN_POINT('',(-120.791,50.388,129.985));
#4287=CARTESIAN_POINT('Origin',(-108.009,30.012,129.985));
#4288=CARTESIAN_POINT('',(-108.009,30.012,129.985));
#4289=CARTESIAN_POINT('',(-106.409,31.212,129.985));
#4290=CARTESIAN_POINT('Origin',(-115.2,39.6,128.9925));
#4291=CARTESIAN_POINT('Origin',(-113.6,40.8,128.9925));
#4292=UNCERTAINTY_MEASURE_WITH_UNIT(LENGTH_MEASURE(0.01),#4296,
'DISTANCE_ACCURACY_VALUE',
'Maximum model space distance between geometric entities at asserted c
onnectivities');
#4293=UNCERTAINTY_MEASURE_WITH_UNIT(LENGTH_MEASURE(0.01),#4296,
'DISTANCE_ACCURACY_VALUE',
'Maximum model space distance between geometric entities at asserted c
onnectivities');
#4294=(
GEOMETRIC_REPRESENTATION_CONTEXT(3)
GLOBAL_UNCERTAINTY_ASSIGNED_CONTEXT((#4292))
GLOBAL_UNIT_ASSIGNED_CONTEXT((#4296,#4298,#4299))
REPRESENTATION_CONTEXT('','3D')
);
#4295=(
GEOMETRIC_REPRESENTATION_CONTEXT(3)
GLOBAL_UNCERTAINTY_ASSIGNED_CONTEXT((#4293))
GLOBAL_UNIT_ASSIGNED_CONTEXT((#4296,#4298,#4299))
REPRESENTATION_CONTEXT('','3D')
);
#4296=(
LENGTH_UNIT()
NAMED_UNIT(*)
SI_UNIT(.MILLI.,.METRE.)
);
#4297=(
LENGTH_UNIT()
NAMED_UNIT(*)
SI_UNIT($,.METRE.)
);
#4298=(
NAMED_UNIT(*)
PLANE_ANGLE_UNIT()
SI_UNIT($,.RADIAN.)
);
#4299=(
NAMED_UNIT(*)
SI_UNIT($,.STERADIAN.)
SOLID_ANGLE_UNIT()
);
#4300=SHAPE_DEFINITION_REPRESENTATION(#4301,#4302);
#4301=PRODUCT_DEFINITION_SHAPE('',$,#4304);
#4302=SHAPE_REPRESENTATION('',(#2435),#4294);
#4303=PRODUCT_DEFINITION_CONTEXT('part definition',#4308,'design');
#4304=PRODUCT_DEFINITION('tripod_platform','tripod_platform v8',#4305,#4303);
#4305=PRODUCT_DEFINITION_FORMATION('',$,#4310);
#4306=PRODUCT_RELATED_PRODUCT_CATEGORY('tripod_platform v8',
'tripod_platform v8',(#4310));
#4307=APPLICATION_PROTOCOL_DEFINITION('international standard',
'automotive_design',2009,#4308);
#4308=APPLICATION_CONTEXT(
'Core Data for Automotive Mechanical Design Process');
#4309=PRODUCT_CONTEXT('part definition',#4308,'mechanical');
#4310=PRODUCT('tripod_platform','tripod_platform v8',$,(#4309));
#4311=PRESENTATION_STYLE_ASSIGNMENT((#4312));
#4312=SURFACE_STYLE_USAGE(.BOTH.,#4313);
#4313=SURFACE_SIDE_STYLE('',(#4314));
#4314=SURFACE_STYLE_FILL_AREA(#4315);
#4315=FILL_AREA_STYLE('Steel - Satin',(#4316));
#4316=FILL_AREA_STYLE_COLOUR('Steel - Satin',#4317);
#4317=COLOUR_RGB('Steel - Satin',0.627450980392157,0.627450980392157,0.627450980392157);
ENDSEC;
END-ISO-10303-21;
