ISO-10303-21;
HEADER;
/* Generated by software containing ST-Developer
 * from STEP Tools, Inc. (www.steptools.com) 
 */

FILE_DESCRIPTION(
/* description */ (''),
/* implementation_level */ '2;1');

FILE_NAME(
/* name */ 'tripod_platform v6.step',
/* time_stamp */ '2026-07-21T16:13:55-04:00',
/* author */ (''),
/* organization */ (''),
/* preprocessor_version */ 'ST-DEVELOPER v20.1',
/* originating_system */ 'Autodesk Translation Framework v15.8.0.0',
/* authorisation */ '');

FILE_SCHEMA (('AUTOMOTIVE_DESIGN { 1 0 10303 214 3 1 1 }'));
ENDSEC;

DATA;
#10=MECHANICAL_DESIGN_GEOMETRIC_PRESENTATION_REPRESENTATION('',(#13),#6691);
#11=SHAPE_REPRESENTATION_RELATIONSHIP('SRR','None',#6698,#12);
#12=ADVANCED_BREP_SHAPE_REPRESENTATION('',(#14),#6690);
#13=STYLED_ITEM('',(#6707),#14);
#14=MANIFOLD_SOLID_BREP('Body1',#3351);
#15=ELLIPSE('',#3428,2.82842712474619,2.);
#16=ELLIPSE('',#3429,3.33333333333333,2.);
#17=ELLIPSE('',#3431,2.82842712474621,2.);
#18=ELLIPSE('',#3444,3.33333333333333,2.);
#19=ELLIPSE('',#3445,2.82842712474617,2.);
#20=ELLIPSE('',#3454,2.82842712474621,2.);
#21=ELLIPSE('',#3456,3.33333333333333,2.);
#22=ELLIPSE('',#3458,3.33333333333333,2.);
#23=ELLIPSE('',#3522,19.9216321067939,10.);
#24=ELLIPSE('',#3523,20.0790910162878,10.);
#25=ELLIPSE('',#3524,20.0790910162878,10.);
#26=ELLIPSE('',#3525,19.9216321067939,10.);
#27=ELLIPSE('',#3606,2.00000516507912,2.);
#28=ELLIPSE('',#3608,3.98432642135877,2.);
#29=ELLIPSE('',#3612,4.01581820325755,2.);
#30=ELLIPSE('',#3614,2.00000516507912,2.);
#31=ELLIPSE('',#3618,2.00000516507912,2.);
#32=ELLIPSE('',#3620,4.01581820325756,2.);
#33=ELLIPSE('',#3624,2.00000516507912,2.);
#34=ELLIPSE('',#3626,3.98432642135877,2.);
#35=SPHERICAL_SURFACE('',#3408,2.);
#36=SPHERICAL_SURFACE('',#3411,2.);
#37=SPHERICAL_SURFACE('',#3424,1.99999999999999);
#38=SPHERICAL_SURFACE('',#3432,2.);
#39=SPHERICAL_SURFACE('',#3437,2.);
#40=SPHERICAL_SURFACE('',#3446,1.99999999999999);
#41=TOROIDAL_SURFACE('',#3399,20.,10.);
#42=TOROIDAL_SURFACE('',#3415,15.,5.);
#43=TOROIDAL_SURFACE('',#3529,12.,2.);
#44=TOROIDAL_SURFACE('',#3595,12.,2.);
#45=TOROIDAL_SURFACE('',#3655,3.95,1.);
#46=B_SPLINE_CURVE_WITH_KNOTS('',3,(#4737,#4738,#4739,#4740,#4741,#4742,
#4743,#4744,#4745,#4746,#4747,#4748),.UNSPECIFIED.,.F.,.F.,(4,1,1,1,1,1,
1,2,4),(-2.64316279367631,-2.37884651430868,-2.11453023494105,-1.85021395557342,
-1.58589767620579,-1.05726511747052,-0.528632558735262,0.,0.00210047728734349),
 .UNSPECIFIED.);
#47=B_SPLINE_CURVE_WITH_KNOTS('',3,(#4749,#4750,#4751,#4752,#4753,#4754,
#4755,#4756,#4757,#4758,#4759,#4760),.UNSPECIFIED.,.F.,.F.,(4,2,1,1,1,1,
1,1,4),(-0.00210047728734349,0.,0.528632558735262,1.05726511747052,1.58589767620579,
1.85021395557342,2.11453023494105,2.37884651430868,2.64316279367631),
 .UNSPECIFIED.);
#48=B_SPLINE_CURVE_WITH_KNOTS('',3,(#4838,#4839,#4840,#4841,#4842,#4843,
#4844,#4845,#4846,#4847,#4848,#4849),.UNSPECIFIED.,.F.,.F.,(4,1,1,1,1,1,
1,2,4),(1.66482984839606E-15,0.528632558734858,1.05726511746971,1.58589767620457,
1.850213955572,2.11453023493943,2.37884651430686,2.64316279367428,2.64526327096163),
 .UNSPECIFIED.);
#49=B_SPLINE_CURVE_WITH_KNOTS('',3,(#4850,#4851,#4852,#4853,#4854,#4855,
#4856,#4857,#4858,#4859,#4860,#4861),.UNSPECIFIED.,.F.,.F.,(4,2,1,1,1,1,
1,1,4),(-2.64526327096163,-2.64316279367428,-2.37884651430686,-2.11453023493943,
-1.850213955572,-1.58589767620457,-1.05726511746971,-0.528632558734858,
-1.66482984839606E-15),.UNSPECIFIED.);
#50=B_SPLINE_CURVE_WITH_KNOTS('',3,(#4865,#4866,#4867,#4868,#4869,#4870,
#4871,#4872,#4873,#4874,#4875,#4876),.UNSPECIFIED.,.F.,.F.,(4,1,1,1,1,1,
1,2,4),(3.07416226591352,3.34694491364657,3.48333623751309,3.61972756137961,
3.75611888524614,3.89251020911266,4.1652928568457,4.43807550457875,4.43990928968396),
 .UNSPECIFIED.);
#51=B_SPLINE_CURVE_WITH_KNOTS('',3,(#4879,#4880,#4881,#4882,#4883,#4884,
#4885,#4886),.UNSPECIFIED.,.F.,.F.,(4,2,1,1,4),(-0.00183378510521214,0.,
0.818347943199133,1.09113059093218,1.36391323866522),.UNSPECIFIED.);
#52=B_SPLINE_CURVE_WITH_KNOTS('',3,(#4912,#4913,#4914,#4915,#4916,#4917,
#4918,#4919,#4920,#4921,#4922,#4923,#4924,#4925,#4926,#4927,#4928,#4929),
 .UNSPECIFIED.,.F.,.F.,(4,2,2,2,2,2,2,2,4),(-0.00260453320459454,0.,0.0388918726262476,
0.444139304415052,0.744554813288045,1.04497032216104,1.45021775394941,1.48910962657458,
1.49171415977937),.UNSPECIFIED.);
#53=B_SPLINE_CURVE_WITH_KNOTS('',3,(#5475,#5476,#5477,#5478,#5479,#5480,
#5481,#5482,#5483,#5484),.UNSPECIFIED.,.F.,.F.,(4,2,2,2,4),(-0.49342626763858,
-0.467915964983358,-0.435788195337725,-0.38212191760418,-0.343492699298532),
 .UNSPECIFIED.);
#54=B_SPLINE_CURVE_WITH_KNOTS('',3,(#5486,#5487,#5488,#5489),
 .UNSPECIFIED.,.F.,.F.,(4,4),(1.45945531245393,1.47062890563334),
 .UNSPECIFIED.);
#55=B_SPLINE_CURVE_WITH_KNOTS('',3,(#5511,#5512,#5513,#5514,#5515,#5516,
#5517,#5518,#5519,#5520),.UNSPECIFIED.,.F.,.F.,(4,2,2,2,4),(2.19107782721509,
2.20073824481851,2.36309859249846,2.46679219758323,2.57048580266801),
 .UNSPECIFIED.);
#56=B_SPLINE_CURVE_WITH_KNOTS('',3,(#5522,#5523,#5524,#5525,#5526,#5527,
#5528,#5529,#5530,#5531),.UNSPECIFIED.,.F.,.F.,(4,2,2,2,4),(2.57048580266801,
2.67417940775279,2.77787301283756,2.94023336051751,2.94989377812093),
 .UNSPECIFIED.);
#57=B_SPLINE_CURVE_WITH_KNOTS('',3,(#5535,#5536,#5537,#5538,#5539,#5540,
#5541,#5542,#5543,#5544),.UNSPECIFIED.,.F.,.F.,(4,2,2,2,4),(2.19107782721509,
2.20073824481851,2.36309859249846,2.46679219758323,2.57048580266801),
 .UNSPECIFIED.);
#58=B_SPLINE_CURVE_WITH_KNOTS('',3,(#5546,#5547,#5548,#5549,#5550,#5551,
#5552,#5553,#5554,#5555),.UNSPECIFIED.,.F.,.F.,(4,2,2,2,4),(2.57048580266801,
2.67417940775279,2.77787301283756,2.94023336051751,2.94989377812093),
 .UNSPECIFIED.);
#59=B_SPLINE_CURVE_WITH_KNOTS('',3,(#5561,#5562,#5563,#5564),
 .UNSPECIFIED.,.F.,.F.,(4,4),(-1.47062890563334,-1.45945531245393),
 .UNSPECIFIED.);
#60=B_SPLINE_CURVE_WITH_KNOTS('',3,(#5566,#5567,#5568,#5569,#5570,#5571,
#5572,#5573),.UNSPECIFIED.,.F.,.F.,(4,2,2,4),(-0.637719872573252,-0.601153608187573,
-0.524010661714906,-0.497380941238814),.UNSPECIFIED.);
#61=B_SPLINE_CURVE_WITH_KNOTS('',3,(#5579,#5580,#5581,#5582,#5583,#5584,
#5585,#5586,#5587,#5588,#5589,#5590,#5591,#5592,#5593,#5594,#5595,#5596,
#5597,#5598,#5599,#5600,#5601,#5602,#5603,#5604,#5605,#5606,#5607,#5608,
#5609,#5610,#5611,#5612,#5613,#5614,#5615,#5616,#5617,#5618,#5619,#5620,
#5621,#5622,#5623,#5624,#5625,#5626,#5627,#5628,#5629,#5630,#5631,#5632,
#5633,#5634,#5635,#5636,#5637,#5638,#5639,#5640,#5641,#5642,#5643,#5644,
#5645,#5646,#5647,#5648,#5649,#5650,#5651,#5652,#5653,#5654,#5655,#5656,
#5657,#5658,#5659,#5660,#5661,#5662,#5663,#5664,#5665,#5666,#5667,#5668,
#5669,#5670,#5671,#5672),.UNSPECIFIED.,.F.,.F.,(4,3,3,3,3,3,3,3,3,3,3,3,
3,3,3,3,3,3,3,3,3,3,3,3,3,3,3,3,3,3,3,4),(0.,0.0260375023965891,0.0527400632032152,
0.0802217457389634,0.109205127821344,0.139485481839254,0.171498489598114,
0.206031785202451,0.244836463584956,0.294515335941539,0.338608127445193,
0.373889642508051,0.406143559650542,0.436458196722097,0.46536765776785,
0.493207737754556,0.522694885536047,0.552526455190044,0.583004732780006,
0.615252309959313,0.650078925897641,0.689370857310436,0.738842922568941,
0.777128712718793,0.811182357775677,0.84282700946041,0.872830167810639,
0.901609646283243,0.929009396624129,0.955780126181709,0.981718609348254,
1.),.UNSPECIFIED.);
#62=B_SPLINE_CURVE_WITH_KNOTS('',3,(#5673,#5674,#5675,#5676,#5677,#5678,
#5679,#5680,#5681,#5682),.UNSPECIFIED.,.F.,.F.,(4,2,2,2,4),(-0.343492699299168,
-0.327983904500157,-0.272214746218253,-0.208189255822151,-0.15105341903285),
 .UNSPECIFIED.);
#63=B_SPLINE_CURVE_WITH_KNOTS('',3,(#5687,#5688,#5689,#5690),
 .UNSPECIFIED.,.F.,.F.,(4,4),(0.,1.),.UNSPECIFIED.);
#64=B_SPLINE_CURVE_WITH_KNOTS('',3,(#5697,#5698,#5699,#5700),
 .UNSPECIFIED.,.F.,.F.,(4,4),(0.,1.),.UNSPECIFIED.);
#65=B_SPLINE_CURVE_WITH_KNOTS('',3,(#5776,#5777,#5778,#5779,#5780,#5781,
#5782,#5783,#5784,#5785,#5786,#5787,#5788,#5789,#5790,#5791,#5792,#5793,
#5794,#5795,#5796,#5797,#5798,#5799,#5800,#5801,#5802,#5803,#5804,#5805,
#5806,#5807,#5808,#5809,#5810,#5811,#5812,#5813,#5814,#5815,#5816,#5817,
#5818,#5819,#5820,#5821,#5822,#5823,#5824,#5825,#5826,#5827,#5828,#5829,
#5830,#5831,#5832,#5833,#5834,#5835,#5836,#5837,#5838,#5839,#5840,#5841,
#5842,#5843,#5844,#5845,#5846,#5847,#5848,#5849,#5850,#5851,#5852,#5853,
#5854,#5855,#5856,#5857,#5858,#5859,#5860,#5861,#5862,#5863,#5864,#5865,
#5866,#5867,#5868,#5869),.UNSPECIFIED.,.F.,.F.,(4,3,3,3,3,3,3,3,3,3,3,3,
3,3,3,3,3,3,3,3,3,3,3,3,3,3,3,3,3,3,3,4),(0.,0.0257662459509885,0.0521800806629839,
0.0793485221134369,0.108118880797392,0.138027082532112,0.169637586700344,
0.203727531854232,0.242001437695372,0.291645780015739,0.335917918764755,
0.371150854222687,0.403389185297084,0.433714965199438,0.462656289091516,
0.490997279066589,0.520629982670523,0.550590608753615,0.581076233289499,
0.613368057253855,0.648292477647827,0.68777112946099,0.737520901301968,
0.77612086984174,0.810494691980978,0.842455583099382,0.872764273113817,
0.901833766214987,0.929500236590206,0.956521736344408,0.982698868610348,
1.),.UNSPECIFIED.);
#66=B_SPLINE_CURVE_WITH_KNOTS('',3,(#5871,#5872,#5873,#5874),
 .UNSPECIFIED.,.F.,.F.,(4,4),(0.,1.),.UNSPECIFIED.);
#67=B_SPLINE_CURVE_WITH_KNOTS('',3,(#5875,#5876,#5877,#5878,#5879,#5880,
#5881,#5882,#5883,#5884,#5885,#5886,#5887,#5888,#5889,#5890,#5891,#5892,
#5893,#5894,#5895,#5896,#5897,#5898,#5899,#5900,#5901,#5902,#5903,#5904,
#5905,#5906,#5907,#5908,#5909,#5910,#5911,#5912,#5913,#5914,#5915,#5916,
#5917,#5918,#5919,#5920,#5921,#5922,#5923,#5924,#5925,#5926,#5927,#5928,
#5929,#5930,#5931,#5932,#5933,#5934,#5935,#5936,#5937,#5938),
 .UNSPECIFIED.,.F.,.F.,(4,3,3,3,3,3,3,3,3,3,3,3,3,3,3,3,3,3,3,3,3,4),(0.,
0.0390706953936054,0.0797730776680237,0.122614284923925,0.168488328205322,
0.219585100193144,0.290892608124186,0.348361763683621,0.396662549483611,
0.440894780449176,0.484197089754812,0.529718161742346,0.573490214464289,
0.620651259091549,0.674881273194729,0.756160954896047,0.810181966173988,
0.857636474630491,0.900370017974142,0.94134580285873,0.98034198873136,1.),
 .UNSPECIFIED.);
#68=B_SPLINE_CURVE_WITH_KNOTS('',3,(#5988,#5989,#5990,#5991,#5992,#5993,
#5994,#5995,#5996,#5997,#5998,#5999,#6000,#6001,#6002,#6003,#6004,#6005,
#6006,#6007,#6008,#6009,#6010,#6011,#6012,#6013,#6014,#6015,#6016,#6017,
#6018,#6019,#6020,#6021,#6022,#6023,#6024,#6025,#6026,#6027,#6028,#6029,
#6030,#6031,#6032,#6033,#6034,#6035,#6036,#6037,#6038,#6039,#6040,#6041,
#6042,#6043,#6044,#6045,#6046,#6047,#6048,#6049,#6050,#6051),
 .UNSPECIFIED.,.F.,.F.,(4,3,3,3,3,3,3,3,3,3,3,3,3,3,3,3,3,3,3,3,3,4),(0.,
0.0391145070596094,0.0798646204434345,0.122759497072047,0.168697490029883,
0.219891658785273,0.291770220301933,0.349089458912271,0.397368365240265,
0.44160244403048,0.485118541752387,0.530223039047021,0.574076556474006,
0.621345084848681,0.675823786411218,0.756867839808414,0.810827193387272,
0.858120395040454,0.900879511451307,0.941882191757267,0.980911638026439,
1.),.UNSPECIFIED.);
#69=B_SPLINE_CURVE_WITH_KNOTS('',3,(#6052,#6053,#6054,#6055),
 .UNSPECIFIED.,.F.,.F.,(4,4),(0.,1.),.UNSPECIFIED.);
#70=B_SPLINE_CURVE_WITH_KNOTS('',3,(#6097,#6098,#6099,#6100,#6101,#6102,
#6103,#6104,#6105,#6106),.UNSPECIFIED.,.F.,.F.,(4,2,2,2,4),(0.15105341903285,
0.208189255822151,0.272214746218253,0.327983904500157,0.343492699299168),
 .UNSPECIFIED.);
#71=B_SPLINE_CURVE_WITH_KNOTS('',3,(#6150,#6151,#6152,#6153,#6154,#6155,
#6156,#6157,#6158,#6159),.UNSPECIFIED.,.F.,.F.,(4,2,2,2,4),(0.343492699298532,
0.38212191760418,0.435788195337725,0.467915964983358,0.49342626763858),
 .UNSPECIFIED.);
#72=B_SPLINE_CURVE_WITH_KNOTS('',3,(#6272,#6273,#6274,#6275),
 .UNSPECIFIED.,.F.,.F.,(4,4),(-1.47062890563334,-1.45945531245393),
 .UNSPECIFIED.);
#73=B_SPLINE_CURVE_WITH_KNOTS('',3,(#6294,#6295,#6296,#6297),
 .UNSPECIFIED.,.F.,.F.,(4,4),(1.45945531245393,1.47062890563334),
 .UNSPECIFIED.);
#74=B_SPLINE_CURVE_WITH_KNOTS('',3,(#6342,#6343,#6344,#6345,#6346,#6347,
#6348,#6349,#6350,#6351,#6352),.UNSPECIFIED.,.F.,.F.,(4,2,1,2,2,4),(-0.831182809891748,
-0.814736002694162,-0.753825668516605,-0.692915334339048,-0.646165565165567,
-0.637719872564593),.UNSPECIFIED.);
#75=B_SPLINE_CURVE_WITH_KNOTS('',3,(#6355,#6356,#6357,#6358,#6359,#6360,
#6361,#6362,#6363,#6364,#6365),.UNSPECIFIED.,.F.,.F.,(4,2,2,1,2,4),(0.637719872564593,
0.646165565165567,0.692915334339048,0.753825668516605,0.814736002694162,
0.831182809891748),.UNSPECIFIED.);
#76=B_SPLINE_CURVE_WITH_KNOTS('',3,(#6398,#6399,#6400,#6401,#6402,#6403,
#6404,#6405),.UNSPECIFIED.,.F.,.F.,(4,2,2,4),(0.497380941238814,0.524010661714906,
0.601153608187573,0.637719872573252),.UNSPECIFIED.);
#77=B_SPLINE_CURVE_WITH_KNOTS('',3,(#6410,#6411,#6412,#6413,#6414,#6415,
#6416,#6417,#6418,#6419),.UNSPECIFIED.,.F.,.F.,(4,2,2,2,4),(0.15427950206054,
0.192277154712725,0.230274807364911,0.267953775161493,0.305632742958076),
 .UNSPECIFIED.);
#78=B_SPLINE_CURVE_WITH_KNOTS('',3,(#6420,#6421,#6422,#6423,#6424,#6425,
#6426,#6427,#6428,#6429,#6430,#6431,#6432,#6433),.UNSPECIFIED.,.F.,.F.,
(4,2,2,2,2,2,4),(-0.000696599584736006,0.,0.0509860769613176,0.0975880301375182,
0.14003738956901,0.172193840572512,0.200590941822259),.UNSPECIFIED.);
#79=B_SPLINE_CURVE_WITH_KNOTS('',3,(#6577,#6578,#6579,#6580,#6581,#6582,
#6583,#6584),.UNSPECIFIED.,.F.,.F.,(4,2,2,4),(0.940879551998752,1.02803820271074,
1.11519685342274,1.17679699914099),.UNSPECIFIED.);
#80=B_SPLINE_CURVE_WITH_KNOTS('',3,(#6587,#6588,#6589,#6590,#6591,#6592,
#6593,#6594),.UNSPECIFIED.,.F.,.F.,(4,2,2,4),(0.0968392181029558,0.158439363821211,
0.245598014533204,0.332756665245196),.UNSPECIFIED.);
#81=B_SPLINE_CURVE_WITH_KNOTS('',3,(#6603,#6604,#6605,#6606,#6607,#6608,
#6609,#6610),.UNSPECIFIED.,.F.,.F.,(4,2,2,4),(0.940879551998752,1.02803820271074,
1.11519685342274,1.17679699914099),.UNSPECIFIED.);
#82=B_SPLINE_CURVE_WITH_KNOTS('',3,(#6613,#6614,#6615,#6616,#6617,#6618,
#6619,#6620),.UNSPECIFIED.,.F.,.F.,(4,2,2,4),(0.0968392181029558,0.158439363821211,
0.245598014533204,0.332756665245196),.UNSPECIFIED.);
#83=B_SPLINE_CURVE_WITH_KNOTS('',3,(#6652,#6653,#6654,#6655,#6656,#6657,
#6658,#6659,#6660,#6661,#6662,#6663,#6664,#6665),.UNSPECIFIED.,.F.,.F.,
(4,2,2,2,2,2,4),(0.200590941831007,0.228988043082032,0.261144494086983,
0.303593853520385,0.350195806698683,0.401181883661935,0.401878483246755),
 .UNSPECIFIED.);
#84=B_SPLINE_CURVE_WITH_KNOTS('',3,(#6667,#6668,#6669,#6670,#6671,#6672,
#6673,#6674,#6675,#6676),.UNSPECIFIED.,.F.,.F.,(4,2,2,2,4),(0.305632742958076,
0.343311710754658,0.380990678551241,0.418988331203426,0.456985983855612),
 .UNSPECIFIED.);
#85=B_SPLINE_SURFACE_WITH_KNOTS('',3,3,((#4663,#4664,#4665,#4666,#4667,
#4668,#4669,#4670,#4671,#4672,#4673,#4674),(#4675,#4676,#4677,#4678,#4679,
#4680,#4681,#4682,#4683,#4684,#4685,#4686),(#4687,#4688,#4689,#4690,#4691,
#4692,#4693,#4694,#4695,#4696,#4697,#4698),(#4699,#4700,#4701,#4702,#4703,
#4704,#4705,#4706,#4707,#4708,#4709,#4710),(#4711,#4712,#4713,#4714,#4715,
#4716,#4717,#4718,#4719,#4720,#4721,#4722),(#4723,#4724,#4725,#4726,#4727,
#4728,#4729,#4730,#4731,#4732,#4733,#4734)),.UNSPECIFIED.,.F.,.F.,.F.,(4,
1,1,4),(4,2,1,1,1,1,1,1,4),(0.,0.285714285714286,0.571428571428571,1.),
(-0.00210047728734349,0.,0.528632558735262,1.05726511747052,1.58589767620579,
1.85021395557342,2.11453023494105,2.37884651430868,2.64316279367631),
 .UNSPECIFIED.);
#86=B_SPLINE_SURFACE_WITH_KNOTS('',3,3,((#4765,#4766,#4767,#4768,#4769,
#4770,#4771,#4772,#4773,#4774,#4775,#4776),(#4777,#4778,#4779,#4780,#4781,
#4782,#4783,#4784,#4785,#4786,#4787,#4788),(#4789,#4790,#4791,#4792,#4793,
#4794,#4795,#4796,#4797,#4798,#4799,#4800),(#4801,#4802,#4803,#4804,#4805,
#4806,#4807,#4808,#4809,#4810,#4811,#4812),(#4813,#4814,#4815,#4816,#4817,
#4818,#4819,#4820,#4821,#4822,#4823,#4824),(#4825,#4826,#4827,#4828,#4829,
#4830,#4831,#4832,#4833,#4834,#4835,#4836)),.UNSPECIFIED.,.F.,.F.,.F.,(4,
1,1,4),(4,1,1,1,1,1,1,2,4),(0.,0.285714285714286,0.571428571428571,1.),
(1.66482984839606E-15,0.528632558734858,1.05726511746971,1.58589767620457,
1.850213955572,2.11453023493943,2.37884651430686,2.64316279367428,2.64526327096163),
 .UNSPECIFIED.);
#87=B_SPLINE_SURFACE_WITH_KNOTS('',3,3,((#4936,#4937,#4938,#4939,#4940,
#4941,#4942,#4943,#4944,#4945,#4946,#4947),(#4948,#4949,#4950,#4951,#4952,
#4953,#4954,#4955,#4956,#4957,#4958,#4959),(#4960,#4961,#4962,#4963,#4964,
#4965,#4966,#4967,#4968,#4969,#4970,#4971),(#4972,#4973,#4974,#4975,#4976,
#4977,#4978,#4979,#4980,#4981,#4982,#4983),(#4984,#4985,#4986,#4987,#4988,
#4989,#4990,#4991,#4992,#4993,#4994,#4995),(#4996,#4997,#4998,#4999,#5000,
#5001,#5002,#5003,#5004,#5005,#5006,#5007)),.UNSPECIFIED.,.F.,.F.,.F.,(4,
1,1,4),(4,1,1,1,1,1,1,2,4),(0.,0.285714285714286,0.571428571428571,1.),
(3.07416226591352,3.34694491364657,3.48333623751309,3.61972756137961,3.75611888524614,
3.89251020911266,4.1652928568457,4.43807550457875,4.43990928968396),
 .UNSPECIFIED.);
#88=B_SPLINE_SURFACE_WITH_KNOTS('',3,3,((#5009,#5010,#5011,#5012,#5013,
#5014,#5015,#5016),(#5017,#5018,#5019,#5020,#5021,#5022,#5023,#5024),(#5025,
#5026,#5027,#5028,#5029,#5030,#5031,#5032),(#5033,#5034,#5035,#5036,#5037,
#5038,#5039,#5040),(#5041,#5042,#5043,#5044,#5045,#5046,#5047,#5048),(#5049,
#5050,#5051,#5052,#5053,#5054,#5055,#5056)),.UNSPECIFIED.,.F.,.F.,.F.,(4,
1,1,4),(4,2,1,1,4),(0.,0.285714285714286,0.571428571428571,1.),(-0.00183378510521214,
0.,0.818347943199133,1.09113059093218,1.36391323866522),.UNSPECIFIED.);
#89=B_SPLINE_SURFACE_WITH_KNOTS('',3,3,((#5727,#5728,#5729,#5730,#5731,
#5732,#5733,#5734,#5735,#5736,#5737,#5738),(#5739,#5740,#5741,#5742,#5743,
#5744,#5745,#5746,#5747,#5748,#5749,#5750),(#5751,#5752,#5753,#5754,#5755,
#5756,#5757,#5758,#5759,#5760,#5761,#5762),(#5763,#5764,#5765,#5766,#5767,
#5768,#5769,#5770,#5771,#5772,#5773,#5774)),.UNSPECIFIED.,.F.,.F.,.F.,(4,
4),(4,1,1,1,1,1,1,1,1,4),(0.,1.),(0.,0.0714285714285714,0.142857142857143,
0.285714285714286,0.428571428571429,0.571428571428571,0.714285714285714,
0.857142857142857,0.928571428571429,1.),.UNSPECIFIED.);
#90=B_SPLINE_SURFACE_WITH_KNOTS('',3,3,((#5939,#5940,#5941,#5942,#5943,
#5944,#5945,#5946,#5947,#5948,#5949,#5950),(#5951,#5952,#5953,#5954,#5955,
#5956,#5957,#5958,#5959,#5960,#5961,#5962),(#5963,#5964,#5965,#5966,#5967,
#5968,#5969,#5970,#5971,#5972,#5973,#5974),(#5975,#5976,#5977,#5978,#5979,
#5980,#5981,#5982,#5983,#5984,#5985,#5986)),.UNSPECIFIED.,.F.,.F.,.F.,(4,
4),(4,1,1,1,1,1,1,1,1,4),(0.,1.),(0.,0.0714285714285714,0.142857142857143,
0.285714285714286,0.428571428571429,0.571428571428571,0.714285714285714,
0.857142857142857,0.928571428571429,1.),.UNSPECIFIED.);
#91=B_SPLINE_SURFACE_WITH_KNOTS('',3,3,((#6056,#6057,#6058,#6059,#6060,
#6061,#6062,#6063,#6064,#6065),(#6066,#6067,#6068,#6069,#6070,#6071,#6072,
#6073,#6074,#6075),(#6076,#6077,#6078,#6079,#6080,#6081,#6082,#6083,#6084,
#6085),(#6086,#6087,#6088,#6089,#6090,#6091,#6092,#6093,#6094,#6095)),
 .UNSPECIFIED.,.F.,.F.,.F.,(4,4),(4,2,2,2,4),(0.,1.),(0.15105341903285,
0.208189255822151,0.272214746218253,0.327983904500157,0.343492699299168),
 .UNSPECIFIED.);
#92=B_SPLINE_SURFACE_WITH_KNOTS('',3,3,((#6108,#6109,#6110,#6111,#6112,
#6113,#6114,#6115,#6116,#6117),(#6118,#6119,#6120,#6121,#6122,#6123,#6124,
#6125,#6126,#6127),(#6128,#6129,#6130,#6131,#6132,#6133,#6134,#6135,#6136,
#6137),(#6138,#6139,#6140,#6141,#6142,#6143,#6144,#6145,#6146,#6147)),
 .UNSPECIFIED.,.F.,.F.,.F.,(4,4),(4,2,2,2,4),(0.,1.),(0.343492699298532,
0.38212191760418,0.435788195337725,0.467915964983358,0.49342626763858),
 .UNSPECIFIED.);
#93=B_SPLINE_SURFACE_WITH_KNOTS('',3,3,((#6256,#6257,#6258,#6259),(#6260,
#6261,#6262,#6263),(#6264,#6265,#6266,#6267),(#6268,#6269,#6270,#6271)),
 .UNSPECIFIED.,.F.,.F.,.F.,(4,4),(4,4),(0.,1.),(-1.47062890563334,-1.45945531245393),
 .UNSPECIFIED.);
#94=B_SPLINE_SURFACE_WITH_KNOTS('',3,3,((#6276,#6277,#6278,#6279),(#6280,
#6281,#6282,#6283),(#6284,#6285,#6286,#6287),(#6288,#6289,#6290,#6291)),
 .UNSPECIFIED.,.F.,.F.,.F.,(4,4),(4,4),(0.,1.),(1.45945531245393,1.47062890563334),
 .UNSPECIFIED.);
#95=B_SPLINE_SURFACE_WITH_KNOTS('',3,3,((#6298,#6299,#6300,#6301,#6302,
#6303,#6304,#6305,#6306,#6307,#6308),(#6309,#6310,#6311,#6312,#6313,#6314,
#6315,#6316,#6317,#6318,#6319),(#6320,#6321,#6322,#6323,#6324,#6325,#6326,
#6327,#6328,#6329,#6330),(#6331,#6332,#6333,#6334,#6335,#6336,#6337,#6338,
#6339,#6340,#6341)),.UNSPECIFIED.,.F.,.F.,.F.,(4,4),(4,2,1,2,2,4),(0.,1.),
(-0.831182809891748,-0.814736002694162,-0.753825668516605,-0.692915334339048,
-0.646165565165567,-0.637719872564593),.UNSPECIFIED.);
#96=B_SPLINE_SURFACE_WITH_KNOTS('',3,3,((#6366,#6367,#6368,#6369,#6370,
#6371,#6372,#6373),(#6374,#6375,#6376,#6377,#6378,#6379,#6380,#6381),(#6382,
#6383,#6384,#6385,#6386,#6387,#6388,#6389),(#6390,#6391,#6392,#6393,#6394,
#6395,#6396,#6397)),.UNSPECIFIED.,.F.,.F.,.F.,(4,4),(4,2,2,4),(0.,1.),(0.497380941238814,
0.524010661714906,0.601153608187573,0.637719872573252),.UNSPECIFIED.);
#97=CONICAL_SURFACE('',#3380,1.5,0.785398163397448);
#98=CONICAL_SURFACE('',#3383,10.5,0.785398163397448);
#99=CONICAL_SURFACE('',#3386,1.5,0.785398163397448);
#100=CONICAL_SURFACE('',#3390,9.5,0.785398163397448);
#101=CONICAL_SURFACE('',#3549,9.5,0.785398163397448);
#102=CONICAL_SURFACE('',#3551,2.5,0.785398163397448);
#103=CONICAL_SURFACE('',#3555,6.5,0.785398163397449);
#104=CONICAL_SURFACE('',#3559,6.5,0.785398163397447);
#105=CONICAL_SURFACE('',#3563,2.5,0.785398163397448);
#106=CONICAL_SURFACE('',#3566,9.5,0.785398163397448);
#107=CONICAL_SURFACE('',#3568,2.5,0.785398163397448);
#108=CONICAL_SURFACE('',#3572,6.5,0.785398163397447);
#109=CONICAL_SURFACE('',#3576,6.5,0.785398163397449);
#110=CONICAL_SURFACE('',#3580,2.5,0.785398163397448);
#111=CONICAL_SURFACE('',#3583,9.5,0.785398163397448);
#112=CONICAL_SURFACE('',#3658,39.5,0.785398163397449);
#113=CONICAL_SURFACE('',#3662,39.5,0.785398163397449);
#114=CYLINDRICAL_SURFACE('',#3375,1.4);
#115=CYLINDRICAL_SURFACE('',#3377,1.4);
#116=CYLINDRICAL_SURFACE('',#3394,2.);
#117=CYLINDRICAL_SURFACE('',#3402,10.);
#118=CYLINDRICAL_SURFACE('',#3404,2.);
#119=CYLINDRICAL_SURFACE('',#3406,2.);
#120=CYLINDRICAL_SURFACE('',#3413,2.);
#121=CYLINDRICAL_SURFACE('',#3420,2.);
#122=CYLINDRICAL_SURFACE('',#3427,2.);
#123=CYLINDRICAL_SURFACE('',#3430,2.);
#124=CYLINDRICAL_SURFACE('',#3435,2.);
#125=CYLINDRICAL_SURFACE('',#3441,2.);
#126=CYLINDRICAL_SURFACE('',#3443,2.);
#127=CYLINDRICAL_SURFACE('',#3450,2.);
#128=CYLINDRICAL_SURFACE('',#3451,2.);
#129=CYLINDRICAL_SURFACE('',#3453,2.);
#130=CYLINDRICAL_SURFACE('',#3455,2.);
#131=CYLINDRICAL_SURFACE('',#3457,2.);
#132=CYLINDRICAL_SURFACE('',#3459,2.);
#133=CYLINDRICAL_SURFACE('',#3519,10.);
#134=CYLINDRICAL_SURFACE('',#3535,1.6);
#135=CYLINDRICAL_SURFACE('',#3537,1.6);
#136=CYLINDRICAL_SURFACE('',#3539,3.25);
#137=CYLINDRICAL_SURFACE('',#3543,3.25);
#138=CYLINDRICAL_SURFACE('',#3585,1.);
#139=CYLINDRICAL_SURFACE('',#3588,7.);
#140=CYLINDRICAL_SURFACE('',#3591,7.);
#141=CYLINDRICAL_SURFACE('',#3596,7.);
#142=CYLINDRICAL_SURFACE('',#3599,7.);
#143=CYLINDRICAL_SURFACE('',#3628,2.);
#144=CYLINDRICAL_SURFACE('',#3629,2.);
#145=CYLINDRICAL_SURFACE('',#3633,4.25);
#146=CYLINDRICAL_SURFACE('',#3638,4.25);
#147=CYLINDRICAL_SURFACE('',#3641,2.);
#148=CYLINDRICAL_SURFACE('',#3642,2.);
#149=CYLINDRICAL_SURFACE('',#3649,2.6);
#150=CYLINDRICAL_SURFACE('',#3650,2.6);
#151=CYLINDRICAL_SURFACE('',#3651,2.);
#152=CYLINDRICAL_SURFACE('',#3652,2.);
#153=CYLINDRICAL_SURFACE('',#3653,2.6);
#154=CYLINDRICAL_SURFACE('',#3654,2.6);
#155=CYLINDRICAL_SURFACE('',#3657,4.95);
#156=CYLINDRICAL_SURFACE('',#3660,40.);
#157=CYLINDRICAL_SURFACE('',#3663,1.);
#158=LINE('',#4600,#478);
#159=LINE('',#4604,#479);
#160=LINE('',#4608,#480);
#161=LINE('',#4612,#481);
#162=LINE('',#4617,#482);
#163=LINE('',#4619,#483);
#164=LINE('',#4621,#484);
#165=LINE('',#4622,#485);
#166=LINE('',#4627,#486);
#167=LINE('',#4632,#487);
#168=LINE('',#4639,#488);
#169=LINE('',#4644,#489);
#170=LINE('',#4645,#490);
#171=LINE('',#4646,#491);
#172=LINE('',#4654,#492);
#173=LINE('',#4657,#493);
#174=LINE('',#4660,#494);
#175=LINE('',#4661,#495);
#176=LINE('',#4887,#496);
#177=LINE('',#4888,#497);
#178=LINE('',#4891,#498);
#179=LINE('',#4895,#499);
#180=LINE('',#4898,#500);
#181=LINE('',#4906,#501);
#182=LINE('',#4907,#502);
#183=LINE('',#5008,#503);
#184=LINE('',#5057,#504);
#185=LINE('',#5060,#505);
#186=LINE('',#5064,#506);
#187=LINE('',#5067,#507);
#188=LINE('',#5070,#508);
#189=LINE('',#5071,#509);
#190=LINE('',#5078,#510);
#191=LINE('',#5080,#511);
#192=LINE('',#5086,#512);
#193=LINE('',#5089,#513);
#194=LINE('',#5098,#514);
#195=LINE('',#5099,#515);
#196=LINE('',#5111,#516);
#197=LINE('',#5112,#517);
#198=LINE('',#5115,#518);
#199=LINE('',#5127,#519);
#200=LINE('',#5128,#520);
#201=LINE('',#5133,#521);
#202=LINE('',#5134,#522);
#203=LINE('',#5137,#523);
#204=LINE('',#5140,#524);
#205=LINE('',#5143,#525);
#206=LINE('',#5144,#526);
#207=LINE('',#5147,#527);
#208=LINE('',#5149,#528);
#209=LINE('',#5155,#529);
#210=LINE('',#5156,#530);
#211=LINE('',#5158,#531);
#212=LINE('',#5159,#532);
#213=LINE('',#5162,#533);
#214=LINE('',#5165,#534);
#215=LINE('',#5167,#535);
#216=LINE('',#5168,#536);
#217=LINE('',#5171,#537);
#218=LINE('',#5174,#538);
#219=LINE('',#5176,#539);
#220=LINE('',#5177,#540);
#221=LINE('',#5181,#541);
#222=LINE('',#5183,#542);
#223=LINE('',#5185,#543);
#224=LINE('',#5187,#544);
#225=LINE('',#5189,#545);
#226=LINE('',#5191,#546);
#227=LINE('',#5193,#547);
#228=LINE('',#5195,#548);
#229=LINE('',#5197,#549);
#230=LINE('',#5199,#550);
#231=LINE('',#5201,#551);
#232=LINE('',#5203,#552);
#233=LINE('',#5205,#553);
#234=LINE('',#5207,#554);
#235=LINE('',#5209,#555);
#236=LINE('',#5211,#556);
#237=LINE('',#5213,#557);
#238=LINE('',#5215,#558);
#239=LINE('',#5217,#559);
#240=LINE('',#5218,#560);
#241=LINE('',#5221,#561);
#242=LINE('',#5223,#562);
#243=LINE('',#5224,#563);
#244=LINE('',#5227,#564);
#245=LINE('',#5229,#565);
#246=LINE('',#5231,#566);
#247=LINE('',#5232,#567);
#248=LINE('',#5235,#568);
#249=LINE('',#5237,#569);
#250=LINE('',#5239,#570);
#251=LINE('',#5240,#571);
#252=LINE('',#5242,#572);
#253=LINE('',#5246,#573);
#254=LINE('',#5248,#574);
#255=LINE('',#5250,#575);
#256=LINE('',#5252,#576);
#257=LINE('',#5254,#577);
#258=LINE('',#5256,#578);
#259=LINE('',#5258,#579);
#260=LINE('',#5260,#580);
#261=LINE('',#5262,#581);
#262=LINE('',#5264,#582);
#263=LINE('',#5266,#583);
#264=LINE('',#5268,#584);
#265=LINE('',#5270,#585);
#266=LINE('',#5272,#586);
#267=LINE('',#5274,#587);
#268=LINE('',#5276,#588);
#269=LINE('',#5278,#589);
#270=LINE('',#5280,#590);
#271=LINE('',#5282,#591);
#272=LINE('',#5283,#592);
#273=LINE('',#5286,#593);
#274=LINE('',#5288,#594);
#275=LINE('',#5289,#595);
#276=LINE('',#5292,#596);
#277=LINE('',#5294,#597);
#278=LINE('',#5296,#598);
#279=LINE('',#5297,#599);
#280=LINE('',#5300,#600);
#281=LINE('',#5302,#601);
#282=LINE('',#5304,#602);
#283=LINE('',#5305,#603);
#284=LINE('',#5307,#604);
#285=LINE('',#5311,#605);
#286=LINE('',#5312,#606);
#287=LINE('',#5313,#607);
#288=LINE('',#5315,#608);
#289=LINE('',#5317,#609);
#290=LINE('',#5319,#610);
#291=LINE('',#5321,#611);
#292=LINE('',#5322,#612);
#293=LINE('',#5323,#613);
#294=LINE('',#5325,#614);
#295=LINE('',#5327,#615);
#296=LINE('',#5328,#616);
#297=LINE('',#5332,#617);
#298=LINE('',#5333,#618);
#299=LINE('',#5334,#619);
#300=LINE('',#5337,#620);
#301=LINE('',#5338,#621);
#302=LINE('',#5341,#622);
#303=LINE('',#5342,#623);
#304=LINE('',#5344,#624);
#305=LINE('',#5346,#625);
#306=LINE('',#5349,#626);
#307=LINE('',#5354,#627);
#308=LINE('',#5355,#628);
#309=LINE('',#5356,#629);
#310=LINE('',#5360,#630);
#311=LINE('',#5361,#631);
#312=LINE('',#5362,#632);
#313=LINE('',#5364,#633);
#314=LINE('',#5366,#634);
#315=LINE('',#5369,#635);
#316=LINE('',#5371,#636);
#317=LINE('',#5372,#637);
#318=LINE('',#5375,#638);
#319=LINE('',#5377,#639);
#320=LINE('',#5378,#640);
#321=LINE('',#5380,#641);
#322=LINE('',#5382,#642);
#323=LINE('',#5385,#643);
#324=LINE('',#5387,#644);
#325=LINE('',#5388,#645);
#326=LINE('',#5391,#646);
#327=LINE('',#5392,#647);
#328=LINE('',#5395,#648);
#329=LINE('',#5396,#649);
#330=LINE('',#5398,#650);
#331=LINE('',#5399,#651);
#332=LINE('',#5400,#652);
#333=LINE('',#5404,#653);
#334=LINE('',#5406,#654);
#335=LINE('',#5407,#655);
#336=LINE('',#5410,#656);
#337=LINE('',#5411,#657);
#338=LINE('',#5414,#658);
#339=LINE('',#5415,#659);
#340=LINE('',#5417,#660);
#341=LINE('',#5420,#661);
#342=LINE('',#5422,#662);
#343=LINE('',#5423,#663);
#344=LINE('',#5424,#664);
#345=LINE('',#5427,#665);
#346=LINE('',#5428,#666);
#347=LINE('',#5431,#667);
#348=LINE('',#5432,#668);
#349=LINE('',#5434,#669);
#350=LINE('',#5438,#670);
#351=LINE('',#5440,#671);
#352=LINE('',#5441,#672);
#353=LINE('',#5444,#673);
#354=LINE('',#5445,#674);
#355=LINE('',#5448,#675);
#356=LINE('',#5449,#676);
#357=LINE('',#5451,#677);
#358=LINE('',#5452,#678);
#359=LINE('',#5456,#679);
#360=LINE('',#5458,#680);
#361=LINE('',#5459,#681);
#362=LINE('',#5462,#682);
#363=LINE('',#5463,#683);
#364=LINE('',#5466,#684);
#365=LINE('',#5467,#685);
#366=LINE('',#5469,#686);
#367=LINE('',#5493,#687);
#368=LINE('',#5499,#688);
#369=LINE('',#5505,#689);
#370=LINE('',#5509,#690);
#371=LINE('',#5533,#691);
#372=LINE('',#5557,#692);
#373=LINE('',#5692,#693);
#374=LINE('',#5696,#694);
#375=LINE('',#5705,#695);
#376=LINE('',#5709,#696);
#377=LINE('',#5714,#697);
#378=LINE('',#5721,#698);
#379=LINE('',#6107,#699);
#380=LINE('',#6149,#700);
#381=LINE('',#6162,#701);
#382=LINE('',#6165,#702);
#383=LINE('',#6169,#703);
#384=LINE('',#6175,#704);
#385=LINE('',#6176,#705);
#386=LINE('',#6177,#706);
#387=LINE('',#6181,#707);
#388=LINE('',#6187,#708);
#389=LINE('',#6188,#709);
#390=LINE('',#6189,#710);
#391=LINE('',#6193,#711);
#392=LINE('',#6199,#712);
#393=LINE('',#6200,#713);
#394=LINE('',#6201,#714);
#395=LINE('',#6204,#715);
#396=LINE('',#6209,#716);
#397=LINE('',#6214,#717);
#398=LINE('',#6220,#718);
#399=LINE('',#6221,#719);
#400=LINE('',#6222,#720);
#401=LINE('',#6226,#721);
#402=LINE('',#6232,#722);
#403=LINE('',#6233,#723);
#404=LINE('',#6234,#724);
#405=LINE('',#6238,#725);
#406=LINE('',#6244,#726);
#407=LINE('',#6245,#727);
#408=LINE('',#6246,#728);
#409=LINE('',#6249,#729);
#410=LINE('',#6254,#730);
#411=LINE('',#6293,#731);
#412=LINE('',#6354,#732);
#413=LINE('',#6408,#733);
#414=LINE('',#6437,#734);
#415=LINE('',#6439,#735);
#416=LINE('',#6442,#736);
#417=LINE('',#6446,#737);
#418=LINE('',#6447,#738);
#419=LINE('',#6450,#739);
#420=LINE('',#6454,#740);
#421=LINE('',#6456,#741);
#422=LINE('',#6458,#742);
#423=LINE('',#6463,#743);
#424=LINE('',#6467,#744);
#425=LINE('',#6468,#745);
#426=LINE('',#6471,#746);
#427=LINE('',#6475,#747);
#428=LINE('',#6477,#748);
#429=LINE('',#6482,#749);
#430=LINE('',#6484,#750);
#431=LINE('',#6486,#751);
#432=LINE('',#6487,#752);
#433=LINE('',#6490,#753);
#434=LINE('',#6492,#754);
#435=LINE('',#6493,#755);
#436=LINE('',#6496,#756);
#437=LINE('',#6498,#757);
#438=LINE('',#6500,#758);
#439=LINE('',#6505,#759);
#440=LINE('',#6506,#760);
#441=LINE('',#6509,#761);
#442=LINE('',#6510,#762);
#443=LINE('',#6516,#763);
#444=LINE('',#6519,#764);
#445=LINE('',#6524,#765);
#446=LINE('',#6526,#766);
#447=LINE('',#6528,#767);
#448=LINE('',#6529,#768);
#449=LINE('',#6532,#769);
#450=LINE('',#6534,#770);
#451=LINE('',#6535,#771);
#452=LINE('',#6538,#772);
#453=LINE('',#6540,#773);
#454=LINE('',#6542,#774);
#455=LINE('',#6547,#775);
#456=LINE('',#6548,#776);
#457=LINE('',#6551,#777);
#458=LINE('',#6552,#778);
#459=LINE('',#6557,#779);
#460=LINE('',#6560,#780);
#461=LINE('',#6564,#781);
#462=LINE('',#6565,#782);
#463=LINE('',#6566,#783);
#464=LINE('',#6575,#784);
#465=LINE('',#6601,#785);
#466=LINE('',#6622,#786);
#467=LINE('',#6623,#787);
#468=LINE('',#6624,#788);
#469=LINE('',#6628,#789);
#470=LINE('',#6634,#790);
#471=LINE('',#6640,#791);
#472=LINE('',#6642,#792);
#473=LINE('',#6646,#793);
#474=LINE('',#6648,#794);
#475=LINE('',#6679,#795);
#476=LINE('',#6684,#796);
#477=LINE('',#6686,#797);
#478=VECTOR('',#3682,10.);
#479=VECTOR('',#3685,10.);
#480=VECTOR('',#3690,1.4);
#481=VECTOR('',#3695,1.4);
#482=VECTOR('',#3700,10.);
#483=VECTOR('',#3701,10.);
#484=VECTOR('',#3702,10.);
#485=VECTOR('',#3703,10.);
#486=VECTOR('',#3708,10.);
#487=VECTOR('',#3713,10.);
#488=VECTOR('',#3722,10.);
#489=VECTOR('',#3727,10.);
#490=VECTOR('',#3728,10.);
#491=VECTOR('',#3729,10.);
#492=VECTOR('',#3740,10.);
#493=VECTOR('',#3743,10.);
#494=VECTOR('',#3746,10.);
#495=VECTOR('',#3747,10.);
#496=VECTOR('',#3762,10.);
#497=VECTOR('',#3763,10.);
#498=VECTOR('',#3766,10.);
#499=VECTOR('',#3771,10.);
#500=VECTOR('',#3774,10.);
#501=VECTOR('',#3787,10.);
#502=VECTOR('',#3788,10.);
#503=VECTOR('',#3801,10.);
#504=VECTOR('',#3802,10.);
#505=VECTOR('',#3805,10.);
#506=VECTOR('',#3808,10.);
#507=VECTOR('',#3811,10.);
#508=VECTOR('',#3814,10.);
#509=VECTOR('',#3815,10.);
#510=VECTOR('',#3824,10.);
#511=VECTOR('',#3825,10.);
#512=VECTOR('',#3832,10.);
#513=VECTOR('',#3835,10.);
#514=VECTOR('',#3846,10.);
#515=VECTOR('',#3847,10.);
#516=VECTOR('',#3860,10.);
#517=VECTOR('',#3861,10.);
#518=VECTOR('',#3864,10.);
#519=VECTOR('',#3879,10.);
#520=VECTOR('',#3880,10.);
#521=VECTOR('',#3885,10.);
#522=VECTOR('',#3886,10.);
#523=VECTOR('',#3889,10.);
#524=VECTOR('',#3892,10.);
#525=VECTOR('',#3895,10.);
#526=VECTOR('',#3896,10.);
#527=VECTOR('',#3901,10.);
#528=VECTOR('',#3902,10.);
#529=VECTOR('',#3909,10.);
#530=VECTOR('',#3910,10.);
#531=VECTOR('',#3913,10.);
#532=VECTOR('',#3914,10.);
#533=VECTOR('',#3919,10.);
#534=VECTOR('',#3922,10.);
#535=VECTOR('',#3923,10.);
#536=VECTOR('',#3924,10.);
#537=VECTOR('',#3929,10.);
#538=VECTOR('',#3932,10.);
#539=VECTOR('',#3933,10.);
#540=VECTOR('',#3934,10.);
#541=VECTOR('',#3937,10.);
#542=VECTOR('',#3938,10.);
#543=VECTOR('',#3939,10.);
#544=VECTOR('',#3940,10.);
#545=VECTOR('',#3941,10.);
#546=VECTOR('',#3942,10.);
#547=VECTOR('',#3943,10.);
#548=VECTOR('',#3944,10.);
#549=VECTOR('',#3945,10.);
#550=VECTOR('',#3946,10.);
#551=VECTOR('',#3947,10.);
#552=VECTOR('',#3948,10.);
#553=VECTOR('',#3949,10.);
#554=VECTOR('',#3950,10.);
#555=VECTOR('',#3951,10.);
#556=VECTOR('',#3952,10.);
#557=VECTOR('',#3953,10.);
#558=VECTOR('',#3954,10.);
#559=VECTOR('',#3955,10.);
#560=VECTOR('',#3956,10.);
#561=VECTOR('',#3959,10.);
#562=VECTOR('',#3960,10.);
#563=VECTOR('',#3961,10.);
#564=VECTOR('',#3964,10.);
#565=VECTOR('',#3965,10.);
#566=VECTOR('',#3966,10.);
#567=VECTOR('',#3967,10.);
#568=VECTOR('',#3970,10.);
#569=VECTOR('',#3971,10.);
#570=VECTOR('',#3972,10.);
#571=VECTOR('',#3973,10.);
#572=VECTOR('',#3976,10.);
#573=VECTOR('',#3979,10.);
#574=VECTOR('',#3980,10.);
#575=VECTOR('',#3981,10.);
#576=VECTOR('',#3982,10.);
#577=VECTOR('',#3983,10.);
#578=VECTOR('',#3984,10.);
#579=VECTOR('',#3985,10.);
#580=VECTOR('',#3986,10.);
#581=VECTOR('',#3987,10.);
#582=VECTOR('',#3988,10.);
#583=VECTOR('',#3989,10.);
#584=VECTOR('',#3990,10.);
#585=VECTOR('',#3991,10.);
#586=VECTOR('',#3992,10.);
#587=VECTOR('',#3993,10.);
#588=VECTOR('',#3994,10.);
#589=VECTOR('',#3995,10.);
#590=VECTOR('',#3996,10.);
#591=VECTOR('',#3997,10.);
#592=VECTOR('',#3998,10.);
#593=VECTOR('',#4001,10.);
#594=VECTOR('',#4002,10.);
#595=VECTOR('',#4003,10.);
#596=VECTOR('',#4006,10.);
#597=VECTOR('',#4007,10.);
#598=VECTOR('',#4008,10.);
#599=VECTOR('',#4009,10.);
#600=VECTOR('',#4012,10.);
#601=VECTOR('',#4013,10.);
#602=VECTOR('',#4014,10.);
#603=VECTOR('',#4015,10.);
#604=VECTOR('',#4018,10.);
#605=VECTOR('',#4021,10.);
#606=VECTOR('',#4022,10.);
#607=VECTOR('',#4023,10.);
#608=VECTOR('',#4024,10.);
#609=VECTOR('',#4025,10.);
#610=VECTOR('',#4026,10.);
#611=VECTOR('',#4027,10.);
#612=VECTOR('',#4028,10.);
#613=VECTOR('',#4029,10.);
#614=VECTOR('',#4030,10.);
#615=VECTOR('',#4031,10.);
#616=VECTOR('',#4032,10.);
#617=VECTOR('',#4035,10.);
#618=VECTOR('',#4036,10.);
#619=VECTOR('',#4037,10.);
#620=VECTOR('',#4040,10.);
#621=VECTOR('',#4041,10.);
#622=VECTOR('',#4044,10.);
#623=VECTOR('',#4045,10.);
#624=VECTOR('',#4048,10.);
#625=VECTOR('',#4051,10.);
#626=VECTOR('',#4056,10.);
#627=VECTOR('',#4061,10.);
#628=VECTOR('',#4062,10.);
#629=VECTOR('',#4063,10.);
#630=VECTOR('',#4066,10.);
#631=VECTOR('',#4067,10.);
#632=VECTOR('',#4068,10.);
#633=VECTOR('',#4071,10.);
#634=VECTOR('',#4074,10.);
#635=VECTOR('',#4077,10.);
#636=VECTOR('',#4078,10.);
#637=VECTOR('',#4079,10.);
#638=VECTOR('',#4082,10.);
#639=VECTOR('',#4083,10.);
#640=VECTOR('',#4084,10.);
#641=VECTOR('',#4087,10.);
#642=VECTOR('',#4090,10.);
#643=VECTOR('',#4093,10.);
#644=VECTOR('',#4094,10.);
#645=VECTOR('',#4095,10.);
#646=VECTOR('',#4098,10.);
#647=VECTOR('',#4099,10.);
#648=VECTOR('',#4102,10.);
#649=VECTOR('',#4103,10.);
#650=VECTOR('',#4106,10.);
#651=VECTOR('',#4107,10.);
#652=VECTOR('',#4108,10.);
#653=VECTOR('',#4113,10.);
#654=VECTOR('',#4114,10.);
#655=VECTOR('',#4115,10.);
#656=VECTOR('',#4118,10.);
#657=VECTOR('',#4119,10.);
#658=VECTOR('',#4122,10.);
#659=VECTOR('',#4123,10.);
#660=VECTOR('',#4126,10.);
#661=VECTOR('',#4129,10.);
#662=VECTOR('',#4130,10.);
#663=VECTOR('',#4131,10.);
#664=VECTOR('',#4132,10.);
#665=VECTOR('',#4135,10.);
#666=VECTOR('',#4136,10.);
#667=VECTOR('',#4139,10.);
#668=VECTOR('',#4140,10.);
#669=VECTOR('',#4143,10.);
#670=VECTOR('',#4148,10.);
#671=VECTOR('',#4149,10.);
#672=VECTOR('',#4150,10.);
#673=VECTOR('',#4153,10.);
#674=VECTOR('',#4154,10.);
#675=VECTOR('',#4157,10.);
#676=VECTOR('',#4158,10.);
#677=VECTOR('',#4161,10.);
#678=VECTOR('',#4162,10.);
#679=VECTOR('',#4167,10.);
#680=VECTOR('',#4168,10.);
#681=VECTOR('',#4169,10.);
#682=VECTOR('',#4172,10.);
#683=VECTOR('',#4173,10.);
#684=VECTOR('',#4176,10.);
#685=VECTOR('',#4177,10.);
#686=VECTOR('',#4180,10.);
#687=VECTOR('',#4189,10.);
#688=VECTOR('',#4194,10.);
#689=VECTOR('',#4199,10.);
#690=VECTOR('',#4202,10.);
#691=VECTOR('',#4203,10.);
#692=VECTOR('',#4204,10.);
#693=VECTOR('',#4217,10.);
#694=VECTOR('',#4220,10.);
#695=VECTOR('',#4227,1.6);
#696=VECTOR('',#4232,1.6);
#697=VECTOR('',#4237,3.25);
#698=VECTOR('',#4246,3.25);
#699=VECTOR('',#4255,10.);
#700=VECTOR('',#4256,10.);
#701=VECTOR('',#4259,10.);
#702=VECTOR('',#4262,10.);
#703=VECTOR('',#4265,10.);
#704=VECTOR('',#4272,10.);
#705=VECTOR('',#4273,10.);
#706=VECTOR('',#4274,10.);
#707=VECTOR('',#4277,10.);
#708=VECTOR('',#4284,10.);
#709=VECTOR('',#4285,10.);
#710=VECTOR('',#4286,10.);
#711=VECTOR('',#4289,10.);
#712=VECTOR('',#4296,10.);
#713=VECTOR('',#4297,10.);
#714=VECTOR('',#4298,10.);
#715=VECTOR('',#4301,10.);
#716=VECTOR('',#4308,10.);
#717=VECTOR('',#4313,10.);
#718=VECTOR('',#4320,10.);
#719=VECTOR('',#4321,10.);
#720=VECTOR('',#4322,10.);
#721=VECTOR('',#4325,10.);
#722=VECTOR('',#4332,10.);
#723=VECTOR('',#4333,10.);
#724=VECTOR('',#4334,10.);
#725=VECTOR('',#4337,10.);
#726=VECTOR('',#4344,10.);
#727=VECTOR('',#4345,10.);
#728=VECTOR('',#4346,10.);
#729=VECTOR('',#4349,10.);
#730=VECTOR('',#4356,10.);
#731=VECTOR('',#4359,10.);
#732=VECTOR('',#4360,10.);
#733=VECTOR('',#4363,10.);
#734=VECTOR('',#4366,10.);
#735=VECTOR('',#4369,10.);
#736=VECTOR('',#4372,10.);
#737=VECTOR('',#4377,10.);
#738=VECTOR('',#4378,10.);
#739=VECTOR('',#4381,10.);
#740=VECTOR('',#4386,10.);
#741=VECTOR('',#4387,10.);
#742=VECTOR('',#4388,10.);
#743=VECTOR('',#4395,10.);
#744=VECTOR('',#4400,10.);
#745=VECTOR('',#4401,10.);
#746=VECTOR('',#4404,10.);
#747=VECTOR('',#4409,10.);
#748=VECTOR('',#4410,10.);
#749=VECTOR('',#4415,10.);
#750=VECTOR('',#4416,10.);
#751=VECTOR('',#4417,10.);
#752=VECTOR('',#4418,10.);
#753=VECTOR('',#4421,10.);
#754=VECTOR('',#4422,10.);
#755=VECTOR('',#4423,10.);
#756=VECTOR('',#4426,10.);
#757=VECTOR('',#4427,10.);
#758=VECTOR('',#4428,10.);
#759=VECTOR('',#4435,10.);
#760=VECTOR('',#4436,10.);
#761=VECTOR('',#4439,10.);
#762=VECTOR('',#4440,10.);
#763=VECTOR('',#4447,10.);
#764=VECTOR('',#4450,10.);
#765=VECTOR('',#4455,10.);
#766=VECTOR('',#4456,10.);
#767=VECTOR('',#4457,10.);
#768=VECTOR('',#4458,10.);
#769=VECTOR('',#4461,10.);
#770=VECTOR('',#4462,10.);
#771=VECTOR('',#4463,10.);
#772=VECTOR('',#4466,10.);
#773=VECTOR('',#4467,10.);
#774=VECTOR('',#4468,10.);
#775=VECTOR('',#4475,10.);
#776=VECTOR('',#4476,10.);
#777=VECTOR('',#4479,10.);
#778=VECTOR('',#4480,10.);
#779=VECTOR('',#4485,10.);
#780=VECTOR('',#4488,10.);
#781=VECTOR('',#4495,10.);
#782=VECTOR('',#4496,10.);
#783=VECTOR('',#4497,10.);
#784=VECTOR('',#4510,4.25);
#785=VECTOR('',#4521,4.25);
#786=VECTOR('',#4526,10.);
#787=VECTOR('',#4527,10.);
#788=VECTOR('',#4528,10.);
#789=VECTOR('',#4535,10.);
#790=VECTOR('',#4542,10.);
#791=VECTOR('',#4549,2.6);
#792=VECTOR('',#4552,2.6);
#793=VECTOR('',#4559,2.6);
#794=VECTOR('',#4562,2.6);
#795=VECTOR('',#4571,39.5);
#796=VECTOR('',#4578,40.);
#797=VECTOR('',#4581,39.5);
#798=FACE_BOUND('',#1001,.T.);
#799=FACE_BOUND('',#1003,.T.);
#800=FACE_BOUND('',#1016,.T.);
#801=FACE_BOUND('',#1017,.T.);
#802=FACE_BOUND('',#1113,.T.);
#803=FACE_BOUND('',#1116,.T.);
#804=FACE_BOUND('',#1118,.T.);
#805=FACE_BOUND('',#1119,.T.);
#806=FACE_BOUND('',#1161,.T.);
#807=FACE_BOUND('',#1169,.T.);
#808=FACE_BOUND('',#1176,.T.);
#809=FACE_BOUND('',#1179,.T.);
#810=FACE_BOUND('',#1185,.T.);
#811=FACE_BOUND('',#1186,.T.);
#812=FACE_BOUND('',#1188,.T.);
#813=FACE_BOUND('',#1189,.T.);
#814=FACE_OUTER_BOUND('',#1000,.T.);
#815=FACE_OUTER_BOUND('',#1002,.T.);
#816=FACE_OUTER_BOUND('',#1004,.T.);
#817=FACE_OUTER_BOUND('',#1005,.T.);
#818=FACE_OUTER_BOUND('',#1006,.T.);
#819=FACE_OUTER_BOUND('',#1007,.T.);
#820=FACE_OUTER_BOUND('',#1008,.T.);
#821=FACE_OUTER_BOUND('',#1009,.T.);
#822=FACE_OUTER_BOUND('',#1010,.T.);
#823=FACE_OUTER_BOUND('',#1011,.T.);
#824=FACE_OUTER_BOUND('',#1012,.T.);
#825=FACE_OUTER_BOUND('',#1013,.T.);
#826=FACE_OUTER_BOUND('',#1014,.T.);
#827=FACE_OUTER_BOUND('',#1015,.T.);
#828=FACE_OUTER_BOUND('',#1018,.T.);
#829=FACE_OUTER_BOUND('',#1019,.T.);
#830=FACE_OUTER_BOUND('',#1020,.T.);
#831=FACE_OUTER_BOUND('',#1021,.T.);
#832=FACE_OUTER_BOUND('',#1022,.T.);
#833=FACE_OUTER_BOUND('',#1023,.T.);
#834=FACE_OUTER_BOUND('',#1024,.T.);
#835=FACE_OUTER_BOUND('',#1025,.T.);
#836=FACE_OUTER_BOUND('',#1026,.T.);
#837=FACE_OUTER_BOUND('',#1027,.T.);
#838=FACE_OUTER_BOUND('',#1028,.T.);
#839=FACE_OUTER_BOUND('',#1029,.T.);
#840=FACE_OUTER_BOUND('',#1030,.T.);
#841=FACE_OUTER_BOUND('',#1031,.T.);
#842=FACE_OUTER_BOUND('',#1032,.T.);
#843=FACE_OUTER_BOUND('',#1033,.T.);
#844=FACE_OUTER_BOUND('',#1034,.T.);
#845=FACE_OUTER_BOUND('',#1035,.T.);
#846=FACE_OUTER_BOUND('',#1036,.T.);
#847=FACE_OUTER_BOUND('',#1037,.T.);
#848=FACE_OUTER_BOUND('',#1038,.T.);
#849=FACE_OUTER_BOUND('',#1039,.T.);
#850=FACE_OUTER_BOUND('',#1040,.T.);
#851=FACE_OUTER_BOUND('',#1041,.T.);
#852=FACE_OUTER_BOUND('',#1042,.T.);
#853=FACE_OUTER_BOUND('',#1043,.T.);
#854=FACE_OUTER_BOUND('',#1044,.T.);
#855=FACE_OUTER_BOUND('',#1045,.T.);
#856=FACE_OUTER_BOUND('',#1046,.T.);
#857=FACE_OUTER_BOUND('',#1047,.T.);
#858=FACE_OUTER_BOUND('',#1048,.T.);
#859=FACE_OUTER_BOUND('',#1049,.T.);
#860=FACE_OUTER_BOUND('',#1050,.T.);
#861=FACE_OUTER_BOUND('',#1051,.T.);
#862=FACE_OUTER_BOUND('',#1052,.T.);
#863=FACE_OUTER_BOUND('',#1053,.T.);
#864=FACE_OUTER_BOUND('',#1054,.T.);
#865=FACE_OUTER_BOUND('',#1055,.T.);
#866=FACE_OUTER_BOUND('',#1056,.T.);
#867=FACE_OUTER_BOUND('',#1057,.T.);
#868=FACE_OUTER_BOUND('',#1058,.T.);
#869=FACE_OUTER_BOUND('',#1059,.T.);
#870=FACE_OUTER_BOUND('',#1060,.T.);
#871=FACE_OUTER_BOUND('',#1061,.T.);
#872=FACE_OUTER_BOUND('',#1062,.T.);
#873=FACE_OUTER_BOUND('',#1063,.T.);
#874=FACE_OUTER_BOUND('',#1064,.T.);
#875=FACE_OUTER_BOUND('',#1065,.T.);
#876=FACE_OUTER_BOUND('',#1066,.T.);
#877=FACE_OUTER_BOUND('',#1067,.T.);
#878=FACE_OUTER_BOUND('',#1068,.T.);
#879=FACE_OUTER_BOUND('',#1069,.T.);
#880=FACE_OUTER_BOUND('',#1070,.T.);
#881=FACE_OUTER_BOUND('',#1071,.T.);
#882=FACE_OUTER_BOUND('',#1072,.T.);
#883=FACE_OUTER_BOUND('',#1073,.T.);
#884=FACE_OUTER_BOUND('',#1074,.T.);
#885=FACE_OUTER_BOUND('',#1075,.T.);
#886=FACE_OUTER_BOUND('',#1076,.T.);
#887=FACE_OUTER_BOUND('',#1077,.T.);
#888=FACE_OUTER_BOUND('',#1078,.T.);
#889=FACE_OUTER_BOUND('',#1079,.T.);
#890=FACE_OUTER_BOUND('',#1080,.T.);
#891=FACE_OUTER_BOUND('',#1081,.T.);
#892=FACE_OUTER_BOUND('',#1082,.T.);
#893=FACE_OUTER_BOUND('',#1083,.T.);
#894=FACE_OUTER_BOUND('',#1084,.T.);
#895=FACE_OUTER_BOUND('',#1085,.T.);
#896=FACE_OUTER_BOUND('',#1086,.T.);
#897=FACE_OUTER_BOUND('',#1087,.T.);
#898=FACE_OUTER_BOUND('',#1088,.T.);
#899=FACE_OUTER_BOUND('',#1089,.T.);
#900=FACE_OUTER_BOUND('',#1090,.T.);
#901=FACE_OUTER_BOUND('',#1091,.T.);
#902=FACE_OUTER_BOUND('',#1092,.T.);
#903=FACE_OUTER_BOUND('',#1093,.T.);
#904=FACE_OUTER_BOUND('',#1094,.T.);
#905=FACE_OUTER_BOUND('',#1095,.T.);
#906=FACE_OUTER_BOUND('',#1096,.T.);
#907=FACE_OUTER_BOUND('',#1097,.T.);
#908=FACE_OUTER_BOUND('',#1098,.T.);
#909=FACE_OUTER_BOUND('',#1099,.T.);
#910=FACE_OUTER_BOUND('',#1100,.T.);
#911=FACE_OUTER_BOUND('',#1101,.T.);
#912=FACE_OUTER_BOUND('',#1102,.T.);
#913=FACE_OUTER_BOUND('',#1103,.T.);
#914=FACE_OUTER_BOUND('',#1104,.T.);
#915=FACE_OUTER_BOUND('',#1105,.T.);
#916=FACE_OUTER_BOUND('',#1106,.T.);
#917=FACE_OUTER_BOUND('',#1107,.T.);
#918=FACE_OUTER_BOUND('',#1108,.T.);
#919=FACE_OUTER_BOUND('',#1109,.T.);
#920=FACE_OUTER_BOUND('',#1110,.T.);
#921=FACE_OUTER_BOUND('',#1111,.T.);
#922=FACE_OUTER_BOUND('',#1112,.T.);
#923=FACE_OUTER_BOUND('',#1114,.T.);
#924=FACE_OUTER_BOUND('',#1115,.T.);
#925=FACE_OUTER_BOUND('',#1117,.T.);
#926=FACE_OUTER_BOUND('',#1120,.T.);
#927=FACE_OUTER_BOUND('',#1121,.T.);
#928=FACE_OUTER_BOUND('',#1122,.T.);
#929=FACE_OUTER_BOUND('',#1123,.T.);
#930=FACE_OUTER_BOUND('',#1124,.T.);
#931=FACE_OUTER_BOUND('',#1125,.T.);
#932=FACE_OUTER_BOUND('',#1126,.T.);
#933=FACE_OUTER_BOUND('',#1127,.T.);
#934=FACE_OUTER_BOUND('',#1128,.T.);
#935=FACE_OUTER_BOUND('',#1129,.T.);
#936=FACE_OUTER_BOUND('',#1130,.T.);
#937=FACE_OUTER_BOUND('',#1131,.T.);
#938=FACE_OUTER_BOUND('',#1132,.T.);
#939=FACE_OUTER_BOUND('',#1133,.T.);
#940=FACE_OUTER_BOUND('',#1134,.T.);
#941=FACE_OUTER_BOUND('',#1135,.T.);
#942=FACE_OUTER_BOUND('',#1136,.T.);
#943=FACE_OUTER_BOUND('',#1137,.T.);
#944=FACE_OUTER_BOUND('',#1138,.T.);
#945=FACE_OUTER_BOUND('',#1139,.T.);
#946=FACE_OUTER_BOUND('',#1140,.T.);
#947=FACE_OUTER_BOUND('',#1141,.T.);
#948=FACE_OUTER_BOUND('',#1142,.T.);
#949=FACE_OUTER_BOUND('',#1143,.T.);
#950=FACE_OUTER_BOUND('',#1144,.T.);
#951=FACE_OUTER_BOUND('',#1145,.T.);
#952=FACE_OUTER_BOUND('',#1146,.T.);
#953=FACE_OUTER_BOUND('',#1147,.T.);
#954=FACE_OUTER_BOUND('',#1148,.T.);
#955=FACE_OUTER_BOUND('',#1149,.T.);
#956=FACE_OUTER_BOUND('',#1150,.T.);
#957=FACE_OUTER_BOUND('',#1151,.T.);
#958=FACE_OUTER_BOUND('',#1152,.T.);
#959=FACE_OUTER_BOUND('',#1153,.T.);
#960=FACE_OUTER_BOUND('',#1154,.T.);
#961=FACE_OUTER_BOUND('',#1155,.T.);
#962=FACE_OUTER_BOUND('',#1156,.T.);
#963=FACE_OUTER_BOUND('',#1157,.T.);
#964=FACE_OUTER_BOUND('',#1158,.T.);
#965=FACE_OUTER_BOUND('',#1159,.T.);
#966=FACE_OUTER_BOUND('',#1160,.T.);
#967=FACE_OUTER_BOUND('',#1162,.T.);
#968=FACE_OUTER_BOUND('',#1163,.T.);
#969=FACE_OUTER_BOUND('',#1164,.T.);
#970=FACE_OUTER_BOUND('',#1165,.T.);
#971=FACE_OUTER_BOUND('',#1166,.T.);
#972=FACE_OUTER_BOUND('',#1167,.T.);
#973=FACE_OUTER_BOUND('',#1168,.T.);
#974=FACE_OUTER_BOUND('',#1170,.T.);
#975=FACE_OUTER_BOUND('',#1171,.T.);
#976=FACE_OUTER_BOUND('',#1172,.T.);
#977=FACE_OUTER_BOUND('',#1173,.T.);
#978=FACE_OUTER_BOUND('',#1174,.T.);
#979=FACE_OUTER_BOUND('',#1175,.T.);
#980=FACE_OUTER_BOUND('',#1177,.T.);
#981=FACE_OUTER_BOUND('',#1178,.T.);
#982=FACE_OUTER_BOUND('',#1180,.T.);
#983=FACE_OUTER_BOUND('',#1181,.T.);
#984=FACE_OUTER_BOUND('',#1182,.T.);
#985=FACE_OUTER_BOUND('',#1183,.T.);
#986=FACE_OUTER_BOUND('',#1184,.T.);
#987=FACE_OUTER_BOUND('',#1187,.T.);
#988=FACE_OUTER_BOUND('',#1190,.T.);
#989=FACE_OUTER_BOUND('',#1191,.T.);
#990=FACE_OUTER_BOUND('',#1192,.T.);
#991=FACE_OUTER_BOUND('',#1193,.T.);
#992=FACE_OUTER_BOUND('',#1194,.T.);
#993=FACE_OUTER_BOUND('',#1195,.T.);
#994=FACE_OUTER_BOUND('',#1196,.T.);
#995=FACE_OUTER_BOUND('',#1197,.T.);
#996=FACE_OUTER_BOUND('',#1198,.T.);
#997=FACE_OUTER_BOUND('',#1199,.T.);
#998=FACE_OUTER_BOUND('',#1200,.T.);
#999=FACE_OUTER_BOUND('',#1201,.T.);
#1000=EDGE_LOOP('',(#2095));
#1001=EDGE_LOOP('',(#2096));
#1002=EDGE_LOOP('',(#2097));
#1003=EDGE_LOOP('',(#2098));
#1004=EDGE_LOOP('',(#2099,#2100,#2101,#2102,#2103));
#1005=EDGE_LOOP('',(#2104,#2105,#2106,#2107));
#1006=EDGE_LOOP('',(#2108,#2109,#2110,#2111));
#1007=EDGE_LOOP('',(#2112,#2113,#2114,#2115));
#1008=EDGE_LOOP('',(#2116,#2117,#2118,#2119));
#1009=EDGE_LOOP('',(#2120,#2121,#2122,#2123));
#1010=EDGE_LOOP('',(#2124,#2125,#2126,#2127));
#1011=EDGE_LOOP('',(#2128,#2129,#2130,#2131));
#1012=EDGE_LOOP('',(#2132,#2133,#2134,#2135,#2136));
#1013=EDGE_LOOP('',(#2137,#2138,#2139,#2140));
#1014=EDGE_LOOP('',(#2141,#2142,#2143,#2144));
#1015=EDGE_LOOP('',(#2145,#2146,#2147,#2148,#2149,#2150));
#1016=EDGE_LOOP('',(#2151));
#1017=EDGE_LOOP('',(#2152));
#1018=EDGE_LOOP('',(#2153,#2154,#2155));
#1019=EDGE_LOOP('',(#2156,#2157,#2158,#2159));
#1020=EDGE_LOOP('',(#2160,#2161,#2162));
#1021=EDGE_LOOP('',(#2163,#2164,#2165,#2166,#2167,#2168,#2169,#2170,#2171,
#2172,#2173,#2174));
#1022=EDGE_LOOP('',(#2175,#2176,#2177,#2178,#2179));
#1023=EDGE_LOOP('',(#2180,#2181,#2182,#2183,#2184));
#1024=EDGE_LOOP('',(#2185,#2186,#2187));
#1025=EDGE_LOOP('',(#2188,#2189,#2190));
#1026=EDGE_LOOP('',(#2191,#2192,#2193,#2194));
#1027=EDGE_LOOP('',(#2195,#2196,#2197,#2198));
#1028=EDGE_LOOP('',(#2199,#2200,#2201,#2202,#2203,#2204));
#1029=EDGE_LOOP('',(#2205,#2206,#2207));
#1030=EDGE_LOOP('',(#2208,#2209,#2210));
#1031=EDGE_LOOP('',(#2211,#2212,#2213,#2214,#2215,#2216));
#1032=EDGE_LOOP('',(#2217,#2218,#2219,#2220));
#1033=EDGE_LOOP('',(#2221,#2222,#2223));
#1034=EDGE_LOOP('',(#2224,#2225,#2226,#2227,#2228));
#1035=EDGE_LOOP('',(#2229,#2230,#2231,#2232));
#1036=EDGE_LOOP('',(#2233,#2234,#2235));
#1037=EDGE_LOOP('',(#2236,#2237,#2238,#2239));
#1038=EDGE_LOOP('',(#2240,#2241,#2242));
#1039=EDGE_LOOP('',(#2243,#2244,#2245,#2246));
#1040=EDGE_LOOP('',(#2247,#2248,#2249,#2250,#2251));
#1041=EDGE_LOOP('',(#2252,#2253,#2254));
#1042=EDGE_LOOP('',(#2255,#2256,#2257,#2258));
#1043=EDGE_LOOP('',(#2259,#2260,#2261,#2262));
#1044=EDGE_LOOP('',(#2263,#2264,#2265,#2266));
#1045=EDGE_LOOP('',(#2267,#2268,#2269,#2270,#2271));
#1046=EDGE_LOOP('',(#2272,#2273,#2274,#2275,#2276));
#1047=EDGE_LOOP('',(#2277,#2278,#2279,#2280));
#1048=EDGE_LOOP('',(#2281,#2282,#2283,#2284,#2285,#2286,#2287,#2288,#2289,
#2290,#2291));
#1049=EDGE_LOOP('',(#2292,#2293,#2294,#2295));
#1050=EDGE_LOOP('',(#2296,#2297,#2298,#2299));
#1051=EDGE_LOOP('',(#2300,#2301,#2302,#2303,#2304,#2305,#2306,#2307));
#1052=EDGE_LOOP('',(#2308,#2309,#2310,#2311));
#1053=EDGE_LOOP('',(#2312,#2313,#2314,#2315));
#1054=EDGE_LOOP('',(#2316,#2317,#2318,#2319,#2320,#2321,#2322,#2323));
#1055=EDGE_LOOP('',(#2324,#2325,#2326,#2327,#2328,#2329,#2330,#2331,#2332,
#2333,#2334,#2335,#2336,#2337,#2338,#2339,#2340,#2341,#2342,#2343));
#1056=EDGE_LOOP('',(#2344,#2345,#2346,#2347));
#1057=EDGE_LOOP('',(#2348,#2349,#2350,#2351,#2352,#2353));
#1058=EDGE_LOOP('',(#2354,#2355,#2356,#2357,#2358,#2359));
#1059=EDGE_LOOP('',(#2360,#2361,#2362,#2363));
#1060=EDGE_LOOP('',(#2364,#2365,#2366,#2367,#2368,#2369,#2370,#2371,#2372,
#2373,#2374,#2375,#2376,#2377,#2378,#2379,#2380,#2381,#2382,#2383));
#1061=EDGE_LOOP('',(#2384,#2385,#2386,#2387));
#1062=EDGE_LOOP('',(#2388,#2389,#2390,#2391,#2392,#2393));
#1063=EDGE_LOOP('',(#2394,#2395,#2396,#2397,#2398,#2399));
#1064=EDGE_LOOP('',(#2400,#2401,#2402,#2403));
#1065=EDGE_LOOP('',(#2404,#2405,#2406,#2407,#2408,#2409,#2410,#2411,#2412,
#2413,#2414,#2415,#2416,#2417,#2418,#2419,#2420,#2421,#2422,#2423));
#1066=EDGE_LOOP('',(#2424,#2425,#2426,#2427));
#1067=EDGE_LOOP('',(#2428,#2429,#2430,#2431));
#1068=EDGE_LOOP('',(#2432,#2433,#2434,#2435));
#1069=EDGE_LOOP('',(#2436,#2437,#2438,#2439));
#1070=EDGE_LOOP('',(#2440,#2441,#2442,#2443));
#1071=EDGE_LOOP('',(#2444,#2445,#2446,#2447));
#1072=EDGE_LOOP('',(#2448,#2449,#2450,#2451));
#1073=EDGE_LOOP('',(#2452,#2453,#2454,#2455));
#1074=EDGE_LOOP('',(#2456,#2457,#2458,#2459));
#1075=EDGE_LOOP('',(#2460,#2461,#2462,#2463));
#1076=EDGE_LOOP('',(#2464,#2465,#2466,#2467));
#1077=EDGE_LOOP('',(#2468,#2469,#2470,#2471));
#1078=EDGE_LOOP('',(#2472,#2473,#2474,#2475));
#1079=EDGE_LOOP('',(#2476,#2477,#2478,#2479));
#1080=EDGE_LOOP('',(#2480,#2481,#2482,#2483));
#1081=EDGE_LOOP('',(#2484,#2485,#2486,#2487));
#1082=EDGE_LOOP('',(#2488,#2489,#2490,#2491));
#1083=EDGE_LOOP('',(#2492,#2493,#2494,#2495));
#1084=EDGE_LOOP('',(#2496,#2497,#2498,#2499));
#1085=EDGE_LOOP('',(#2500,#2501,#2502,#2503,#2504,#2505,#2506,#2507));
#1086=EDGE_LOOP('',(#2508,#2509,#2510,#2511));
#1087=EDGE_LOOP('',(#2512,#2513,#2514,#2515));
#1088=EDGE_LOOP('',(#2516,#2517,#2518,#2519));
#1089=EDGE_LOOP('',(#2520,#2521,#2522,#2523));
#1090=EDGE_LOOP('',(#2524,#2525,#2526,#2527));
#1091=EDGE_LOOP('',(#2528,#2529,#2530,#2531,#2532,#2533,#2534,#2535,#2536,
#2537,#2538,#2539,#2540,#2541,#2542,#2543,#2544,#2545,#2546,#2547,#2548,
#2549));
#1092=EDGE_LOOP('',(#2550,#2551,#2552,#2553));
#1093=EDGE_LOOP('',(#2554,#2555,#2556,#2557));
#1094=EDGE_LOOP('',(#2558,#2559,#2560,#2561));
#1095=EDGE_LOOP('',(#2562,#2563,#2564,#2565));
#1096=EDGE_LOOP('',(#2566,#2567,#2568,#2569));
#1097=EDGE_LOOP('',(#2570,#2571,#2572,#2573));
#1098=EDGE_LOOP('',(#2574,#2575,#2576,#2577));
#1099=EDGE_LOOP('',(#2578,#2579,#2580,#2581,#2582,#2583,#2584,#2585));
#1100=EDGE_LOOP('',(#2586,#2587,#2588,#2589));
#1101=EDGE_LOOP('',(#2590,#2591,#2592,#2593));
#1102=EDGE_LOOP('',(#2594,#2595,#2596,#2597,#2598,#2599,#2600,#2601,#2602,
#2603,#2604,#2605,#2606,#2607,#2608,#2609,#2610,#2611,#2612,#2613,#2614,
#2615));
#1103=EDGE_LOOP('',(#2616,#2617,#2618,#2619));
#1104=EDGE_LOOP('',(#2620,#2621,#2622,#2623));
#1105=EDGE_LOOP('',(#2624,#2625,#2626,#2627));
#1106=EDGE_LOOP('',(#2628,#2629,#2630,#2631,#2632,#2633,#2634,#2635,#2636,
#2637,#2638,#2639,#2640,#2641,#2642,#2643,#2644,#2645,#2646,#2647,#2648,
#2649,#2650,#2651,#2652,#2653));
#1107=EDGE_LOOP('',(#2654,#2655,#2656,#2657,#2658));
#1108=EDGE_LOOP('',(#2659,#2660,#2661,#2662,#2663,#2664,#2665,#2666,#2667,
#2668));
#1109=EDGE_LOOP('',(#2669,#2670,#2671,#2672));
#1110=EDGE_LOOP('',(#2673,#2674,#2675,#2676));
#1111=EDGE_LOOP('',(#2677,#2678,#2679,#2680));
#1112=EDGE_LOOP('',(#2681));
#1113=EDGE_LOOP('',(#2682));
#1114=EDGE_LOOP('',(#2683,#2684,#2685,#2686));
#1115=EDGE_LOOP('',(#2687));
#1116=EDGE_LOOP('',(#2688));
#1117=EDGE_LOOP('',(#2689));
#1118=EDGE_LOOP('',(#2690));
#1119=EDGE_LOOP('',(#2691));
#1120=EDGE_LOOP('',(#2692,#2693,#2694,#2695));
#1121=EDGE_LOOP('',(#2696,#2697,#2698,#2699));
#1122=EDGE_LOOP('',(#2700,#2701,#2702,#2703));
#1123=EDGE_LOOP('',(#2704,#2705,#2706,#2707));
#1124=EDGE_LOOP('',(#2708,#2709,#2710,#2711));
#1125=EDGE_LOOP('',(#2712,#2713,#2714,#2715));
#1126=EDGE_LOOP('',(#2716,#2717,#2718,#2719));
#1127=EDGE_LOOP('',(#2720,#2721,#2722,#2723));
#1128=EDGE_LOOP('',(#2724,#2725,#2726,#2727));
#1129=EDGE_LOOP('',(#2728,#2729,#2730,#2731));
#1130=EDGE_LOOP('',(#2732,#2733,#2734,#2735));
#1131=EDGE_LOOP('',(#2736,#2737,#2738,#2739));
#1132=EDGE_LOOP('',(#2740,#2741,#2742,#2743));
#1133=EDGE_LOOP('',(#2744,#2745,#2746,#2747));
#1134=EDGE_LOOP('',(#2748,#2749,#2750,#2751));
#1135=EDGE_LOOP('',(#2752,#2753,#2754,#2755));
#1136=EDGE_LOOP('',(#2756,#2757,#2758,#2759));
#1137=EDGE_LOOP('',(#2760,#2761,#2762,#2763));
#1138=EDGE_LOOP('',(#2764,#2765,#2766,#2767));
#1139=EDGE_LOOP('',(#2768,#2769,#2770,#2771));
#1140=EDGE_LOOP('',(#2772,#2773,#2774,#2775));
#1141=EDGE_LOOP('',(#2776,#2777,#2778,#2779));
#1142=EDGE_LOOP('',(#2780,#2781,#2782,#2783));
#1143=EDGE_LOOP('',(#2784,#2785,#2786,#2787));
#1144=EDGE_LOOP('',(#2788,#2789,#2790,#2791));
#1145=EDGE_LOOP('',(#2792,#2793,#2794,#2795,#2796,#2797,#2798,#2799));
#1146=EDGE_LOOP('',(#2800,#2801,#2802,#2803,#2804,#2805,#2806));
#1147=EDGE_LOOP('',(#2807,#2808,#2809,#2810));
#1148=EDGE_LOOP('',(#2811,#2812,#2813,#2814));
#1149=EDGE_LOOP('',(#2815,#2816,#2817,#2818));
#1150=EDGE_LOOP('',(#2819,#2820,#2821,#2822,#2823,#2824,#2825,#2826,#2827,
#2828));
#1151=EDGE_LOOP('',(#2829,#2830,#2831,#2832,#2833));
#1152=EDGE_LOOP('',(#2834,#2835,#2836,#2837));
#1153=EDGE_LOOP('',(#2838,#2839,#2840,#2841));
#1154=EDGE_LOOP('',(#2842,#2843,#2844,#2845));
#1155=EDGE_LOOP('',(#2846,#2847,#2848,#2849,#2850,#2851,#2852));
#1156=EDGE_LOOP('',(#2853,#2854,#2855,#2856));
#1157=EDGE_LOOP('',(#2857,#2858,#2859,#2860));
#1158=EDGE_LOOP('',(#2861,#2862,#2863,#2864,#2865));
#1159=EDGE_LOOP('',(#2866,#2867,#2868,#2869,#2870));
#1160=EDGE_LOOP('',(#2871,#2872,#2873,#2874,#2875,#2876));
#1161=EDGE_LOOP('',(#2877));
#1162=EDGE_LOOP('',(#2878,#2879,#2880,#2881,#2882));
#1163=EDGE_LOOP('',(#2883,#2884,#2885,#2886,#2887));
#1164=EDGE_LOOP('',(#2888,#2889,#2890,#2891));
#1165=EDGE_LOOP('',(#2892,#2893,#2894,#2895));
#1166=EDGE_LOOP('',(#2896,#2897,#2898,#2899,#2900));
#1167=EDGE_LOOP('',(#2901,#2902,#2903,#2904,#2905));
#1168=EDGE_LOOP('',(#2906,#2907,#2908,#2909,#2910,#2911));
#1169=EDGE_LOOP('',(#2912));
#1170=EDGE_LOOP('',(#2913,#2914,#2915,#2916,#2917));
#1171=EDGE_LOOP('',(#2918,#2919,#2920,#2921,#2922));
#1172=EDGE_LOOP('',(#2923,#2924,#2925,#2926,#2927,#2928,#2929,#2930,#2931,
#2932,#2933,#2934,#2935,#2936,#2937,#2938));
#1173=EDGE_LOOP('',(#2939,#2940,#2941,#2942,#2943));
#1174=EDGE_LOOP('',(#2944,#2945,#2946,#2947,#2948));
#1175=EDGE_LOOP('',(#2949));
#1176=EDGE_LOOP('',(#2950));
#1177=EDGE_LOOP('',(#2951,#2952,#2953,#2954,#2955,#2956,#2957,#2958));
#1178=EDGE_LOOP('',(#2959));
#1179=EDGE_LOOP('',(#2960));
#1180=EDGE_LOOP('',(#2961,#2962,#2963,#2964,#2965,#2966,#2967,#2968));
#1181=EDGE_LOOP('',(#2969,#2970,#2971,#2972,#2973,#2974,#2975,#2976,#2977,
#2978));
#1182=EDGE_LOOP('',(#2979,#2980,#2981,#2982));
#1183=EDGE_LOOP('',(#2983,#2984,#2985,#2986));
#1184=EDGE_LOOP('',(#2987,#2988,#2989,#2990,#2991,#2992));
#1185=EDGE_LOOP('',(#2993));
#1186=EDGE_LOOP('',(#2994));
#1187=EDGE_LOOP('',(#2995,#2996,#2997,#2998,#2999,#3000));
#1188=EDGE_LOOP('',(#3001));
#1189=EDGE_LOOP('',(#3002));
#1190=EDGE_LOOP('',(#3003,#3004,#3005,#3006));
#1191=EDGE_LOOP('',(#3007,#3008,#3009,#3010));
#1192=EDGE_LOOP('',(#3011,#3012,#3013,#3014));
#1193=EDGE_LOOP('',(#3015,#3016,#3017,#3018,#3019,#3020));
#1194=EDGE_LOOP('',(#3021,#3022,#3023,#3024));
#1195=EDGE_LOOP('',(#3025,#3026,#3027,#3028));
#1196=EDGE_LOOP('',(#3029,#3030,#3031,#3032));
#1197=EDGE_LOOP('',(#3033,#3034,#3035,#3036,#3037,#3038,#3039,#3040));
#1198=EDGE_LOOP('',(#3041,#3042,#3043,#3044));
#1199=EDGE_LOOP('',(#3045,#3046,#3047,#3048));
#1200=EDGE_LOOP('',(#3049,#3050,#3051,#3052,#3053,#3054));
#1201=EDGE_LOOP('',(#3055,#3056,#3057,#3058,#3059,#3060,#3061,#3062));
#1202=CIRCLE('',#3366,1.6);
#1203=CIRCLE('',#3367,1.4);
#1204=CIRCLE('',#3369,1.6);
#1205=CIRCLE('',#3370,1.4);
#1206=CIRCLE('',#3372,39.);
#1207=CIRCLE('',#3373,20.);
#1208=CIRCLE('',#3374,39.);
#1209=CIRCLE('',#3376,1.4);
#1210=CIRCLE('',#3378,1.4);
#1211=CIRCLE('',#3381,2.);
#1212=CIRCLE('',#3382,1.);
#1213=CIRCLE('',#3384,11.);
#1214=CIRCLE('',#3385,10.);
#1215=CIRCLE('',#3387,2.);
#1216=CIRCLE('',#3388,1.);
#1217=CIRCLE('',#3391,9.);
#1218=CIRCLE('',#3392,10.);
#1219=CIRCLE('',#3393,10.);
#1220=CIRCLE('',#3395,2.);
#1221=CIRCLE('',#3398,10.);
#1222=CIRCLE('',#3400,9.99999999999999);
#1223=CIRCLE('',#3401,10.);
#1224=CIRCLE('',#3403,10.);
#1225=CIRCLE('',#3405,2.);
#1226=CIRCLE('',#3407,2.);
#1227=CIRCLE('',#3409,2.);
#1228=CIRCLE('',#3410,2.);
#1229=CIRCLE('',#3412,2.);
#1230=CIRCLE('',#3416,15.);
#1231=CIRCLE('',#3417,5.);
#1232=CIRCLE('',#3418,5.);
#1233=CIRCLE('',#3419,15.);
#1234=CIRCLE('',#3421,1.99999999999999);
#1235=CIRCLE('',#3422,1.99999999999999);
#1236=CIRCLE('',#3425,2.);
#1237=CIRCLE('',#3426,1.99999999999999);
#1238=CIRCLE('',#3433,2.);
#1239=CIRCLE('',#3434,2.);
#1240=CIRCLE('',#3436,2.);
#1241=CIRCLE('',#3438,2.);
#1242=CIRCLE('',#3439,2.);
#1243=CIRCLE('',#3440,1.99999999999999);
#1244=CIRCLE('',#3442,2.);
#1245=CIRCLE('',#3447,1.99999999999999);
#1246=CIRCLE('',#3448,1.99999999999999);
#1247=CIRCLE('',#3449,2.);
#1248=CIRCLE('',#3452,2.);
#1249=CIRCLE('',#3460,2.);
#1250=CIRCLE('',#3520,10.);
#1251=CIRCLE('',#3521,10.);
#1252=CIRCLE('',#3526,10.);
#1253=CIRCLE('',#3527,10.);
#1254=CIRCLE('',#3528,10.);
#1255=CIRCLE('',#3530,12.);
#1256=CIRCLE('',#3532,12.);
#1257=CIRCLE('',#3533,3.95);
#1258=CIRCLE('',#3534,39.);
#1259=CIRCLE('',#3536,1.6);
#1260=CIRCLE('',#3538,1.6);
#1261=CIRCLE('',#3540,3.25);
#1262=CIRCLE('',#3541,3.25);
#1263=CIRCLE('',#3544,3.25);
#1264=CIRCLE('',#3545,3.25);
#1265=CIRCLE('',#3548,39.);
#1266=CIRCLE('',#3550,9.);
#1267=CIRCLE('',#3552,2.);
#1268=CIRCLE('',#3553,3.);
#1269=CIRCLE('',#3556,6.);
#1270=CIRCLE('',#3557,7.);
#1271=CIRCLE('',#3560,6.);
#1272=CIRCLE('',#3561,7.);
#1273=CIRCLE('',#3564,2.);
#1274=CIRCLE('',#3565,3.);
#1275=CIRCLE('',#3567,9.);
#1276=CIRCLE('',#3569,2.);
#1277=CIRCLE('',#3570,3.);
#1278=CIRCLE('',#3573,6.);
#1279=CIRCLE('',#3574,7.);
#1280=CIRCLE('',#3577,6.);
#1281=CIRCLE('',#3578,7.);
#1282=CIRCLE('',#3581,2.);
#1283=CIRCLE('',#3582,3.);
#1284=CIRCLE('',#3584,9.);
#1285=CIRCLE('',#3587,4.95);
#1286=CIRCLE('',#3589,7.);
#1287=CIRCLE('',#3592,7.);
#1288=CIRCLE('',#3594,4.95);
#1289=CIRCLE('',#3597,7.);
#1290=CIRCLE('',#3600,7.);
#1291=CIRCLE('',#3602,4.95);
#1292=CIRCLE('',#3610,2.6);
#1293=CIRCLE('',#3622,2.6);
#1294=CIRCLE('',#3631,4.25);
#1295=CIRCLE('',#3632,2.6);
#1296=CIRCLE('',#3634,4.25);
#1297=CIRCLE('',#3636,4.25);
#1298=CIRCLE('',#3637,2.6);
#1299=CIRCLE('',#3639,4.25);
#1300=CIRCLE('',#3644,2.6);
#1301=CIRCLE('',#3645,2.6);
#1302=CIRCLE('',#3647,2.6);
#1303=CIRCLE('',#3648,2.6);
#1304=CIRCLE('',#3656,4.95);
#1305=CIRCLE('',#3659,40.);
#1306=CIRCLE('',#3661,40.);
#1307=VERTEX_POINT('',#4586);
#1308=VERTEX_POINT('',#4588);
#1309=VERTEX_POINT('',#4591);
#1310=VERTEX_POINT('',#4593);
#1311=VERTEX_POINT('',#4596);
#1312=VERTEX_POINT('',#4597);
#1313=VERTEX_POINT('',#4599);
#1314=VERTEX_POINT('',#4601);
#1315=VERTEX_POINT('',#4603);
#1316=VERTEX_POINT('',#4607);
#1317=VERTEX_POINT('',#4611);
#1318=VERTEX_POINT('',#4615);
#1319=VERTEX_POINT('',#4616);
#1320=VERTEX_POINT('',#4618);
#1321=VERTEX_POINT('',#4620);
#1322=VERTEX_POINT('',#4624);
#1323=VERTEX_POINT('',#4626);
#1324=VERTEX_POINT('',#4630);
#1325=VERTEX_POINT('',#4631);
#1326=VERTEX_POINT('',#4636);
#1327=VERTEX_POINT('',#4638);
#1328=VERTEX_POINT('',#4642);
#1329=VERTEX_POINT('',#4643);
#1330=VERTEX_POINT('',#4649);
#1331=VERTEX_POINT('',#4653);
#1332=VERTEX_POINT('',#4655);
#1333=VERTEX_POINT('',#4659);
#1334=VERTEX_POINT('',#4735);
#1335=VERTEX_POINT('',#4762);
#1336=VERTEX_POINT('',#4837);
#1337=VERTEX_POINT('',#4863);
#1338=VERTEX_POINT('',#4864);
#1339=VERTEX_POINT('',#4877);
#1340=VERTEX_POINT('',#4890);
#1341=VERTEX_POINT('',#4894);
#1342=VERTEX_POINT('',#4896);
#1343=VERTEX_POINT('',#4900);
#1344=VERTEX_POINT('',#4910);
#1345=VERTEX_POINT('',#4911);
#1346=VERTEX_POINT('',#4930);
#1347=VERTEX_POINT('',#4933);
#1348=VERTEX_POINT('',#5059);
#1349=VERTEX_POINT('',#5061);
#1350=VERTEX_POINT('',#5063);
#1351=VERTEX_POINT('',#5065);
#1352=VERTEX_POINT('',#5069);
#1353=VERTEX_POINT('',#5073);
#1354=VERTEX_POINT('',#5077);
#1355=VERTEX_POINT('',#5079);
#1356=VERTEX_POINT('',#5081);
#1357=VERTEX_POINT('',#5085);
#1358=VERTEX_POINT('',#5087);
#1359=VERTEX_POINT('',#5091);
#1360=VERTEX_POINT('',#5095);
#1361=VERTEX_POINT('',#5096);
#1362=VERTEX_POINT('',#5101);
#1363=VERTEX_POINT('',#5102);
#1364=VERTEX_POINT('',#5104);
#1365=VERTEX_POINT('',#5108);
#1366=VERTEX_POINT('',#5109);
#1367=VERTEX_POINT('',#5114);
#1368=VERTEX_POINT('',#5116);
#1369=VERTEX_POINT('',#5120);
#1370=VERTEX_POINT('',#5121);
#1371=VERTEX_POINT('',#5123);
#1372=VERTEX_POINT('',#5130);
#1373=VERTEX_POINT('',#5131);
#1374=VERTEX_POINT('',#5136);
#1375=VERTEX_POINT('',#5138);
#1376=VERTEX_POINT('',#5142);
#1377=VERTEX_POINT('',#5148);
#1378=VERTEX_POINT('',#5152);
#1379=VERTEX_POINT('',#5153);
#1380=VERTEX_POINT('',#5164);
#1381=VERTEX_POINT('',#5166);
#1382=VERTEX_POINT('',#5173);
#1383=VERTEX_POINT('',#5175);
#1384=VERTEX_POINT('',#5179);
#1385=VERTEX_POINT('',#5180);
#1386=VERTEX_POINT('',#5182);
#1387=VERTEX_POINT('',#5184);
#1388=VERTEX_POINT('',#5186);
#1389=VERTEX_POINT('',#5188);
#1390=VERTEX_POINT('',#5190);
#1391=VERTEX_POINT('',#5192);
#1392=VERTEX_POINT('',#5194);
#1393=VERTEX_POINT('',#5196);
#1394=VERTEX_POINT('',#5198);
#1395=VERTEX_POINT('',#5200);
#1396=VERTEX_POINT('',#5202);
#1397=VERTEX_POINT('',#5204);
#1398=VERTEX_POINT('',#5206);
#1399=VERTEX_POINT('',#5208);
#1400=VERTEX_POINT('',#5210);
#1401=VERTEX_POINT('',#5212);
#1402=VERTEX_POINT('',#5214);
#1403=VERTEX_POINT('',#5216);
#1404=VERTEX_POINT('',#5220);
#1405=VERTEX_POINT('',#5222);
#1406=VERTEX_POINT('',#5226);
#1407=VERTEX_POINT('',#5228);
#1408=VERTEX_POINT('',#5230);
#1409=VERTEX_POINT('',#5234);
#1410=VERTEX_POINT('',#5236);
#1411=VERTEX_POINT('',#5238);
#1412=VERTEX_POINT('',#5244);
#1413=VERTEX_POINT('',#5245);
#1414=VERTEX_POINT('',#5247);
#1415=VERTEX_POINT('',#5249);
#1416=VERTEX_POINT('',#5251);
#1417=VERTEX_POINT('',#5253);
#1418=VERTEX_POINT('',#5255);
#1419=VERTEX_POINT('',#5257);
#1420=VERTEX_POINT('',#5259);
#1421=VERTEX_POINT('',#5261);
#1422=VERTEX_POINT('',#5263);
#1423=VERTEX_POINT('',#5265);
#1424=VERTEX_POINT('',#5267);
#1425=VERTEX_POINT('',#5269);
#1426=VERTEX_POINT('',#5271);
#1427=VERTEX_POINT('',#5273);
#1428=VERTEX_POINT('',#5275);
#1429=VERTEX_POINT('',#5277);
#1430=VERTEX_POINT('',#5279);
#1431=VERTEX_POINT('',#5281);
#1432=VERTEX_POINT('',#5285);
#1433=VERTEX_POINT('',#5287);
#1434=VERTEX_POINT('',#5291);
#1435=VERTEX_POINT('',#5293);
#1436=VERTEX_POINT('',#5295);
#1437=VERTEX_POINT('',#5299);
#1438=VERTEX_POINT('',#5301);
#1439=VERTEX_POINT('',#5303);
#1440=VERTEX_POINT('',#5309);
#1441=VERTEX_POINT('',#5310);
#1442=VERTEX_POINT('',#5314);
#1443=VERTEX_POINT('',#5316);
#1444=VERTEX_POINT('',#5318);
#1445=VERTEX_POINT('',#5320);
#1446=VERTEX_POINT('',#5324);
#1447=VERTEX_POINT('',#5326);
#1448=VERTEX_POINT('',#5330);
#1449=VERTEX_POINT('',#5331);
#1450=VERTEX_POINT('',#5336);
#1451=VERTEX_POINT('',#5340);
#1452=VERTEX_POINT('',#5352);
#1453=VERTEX_POINT('',#5353);
#1454=VERTEX_POINT('',#5358);
#1455=VERTEX_POINT('',#5359);
#1456=VERTEX_POINT('',#5368);
#1457=VERTEX_POINT('',#5370);
#1458=VERTEX_POINT('',#5374);
#1459=VERTEX_POINT('',#5376);
#1460=VERTEX_POINT('',#5384);
#1461=VERTEX_POINT('',#5386);
#1462=VERTEX_POINT('',#5390);
#1463=VERTEX_POINT('',#5394);
#1464=VERTEX_POINT('',#5403);
#1465=VERTEX_POINT('',#5405);
#1466=VERTEX_POINT('',#5409);
#1467=VERTEX_POINT('',#5413);
#1468=VERTEX_POINT('',#5419);
#1469=VERTEX_POINT('',#5421);
#1470=VERTEX_POINT('',#5426);
#1471=VERTEX_POINT('',#5430);
#1472=VERTEX_POINT('',#5437);
#1473=VERTEX_POINT('',#5439);
#1474=VERTEX_POINT('',#5443);
#1475=VERTEX_POINT('',#5447);
#1476=VERTEX_POINT('',#5455);
#1477=VERTEX_POINT('',#5457);
#1478=VERTEX_POINT('',#5461);
#1479=VERTEX_POINT('',#5465);
#1480=VERTEX_POINT('',#5472);
#1481=VERTEX_POINT('',#5474);
#1482=VERTEX_POINT('',#5485);
#1483=VERTEX_POINT('',#5490);
#1484=VERTEX_POINT('',#5492);
#1485=VERTEX_POINT('',#5494);
#1486=VERTEX_POINT('',#5496);
#1487=VERTEX_POINT('',#5498);
#1488=VERTEX_POINT('',#5500);
#1489=VERTEX_POINT('',#5502);
#1490=VERTEX_POINT('',#5504);
#1491=VERTEX_POINT('',#5506);
#1492=VERTEX_POINT('',#5508);
#1493=VERTEX_POINT('',#5510);
#1494=VERTEX_POINT('',#5521);
#1495=VERTEX_POINT('',#5532);
#1496=VERTEX_POINT('',#5534);
#1497=VERTEX_POINT('',#5545);
#1498=VERTEX_POINT('',#5556);
#1499=VERTEX_POINT('',#5558);
#1500=VERTEX_POINT('',#5560);
#1501=VERTEX_POINT('',#5565);
#1502=VERTEX_POINT('',#5576);
#1503=VERTEX_POINT('',#5578);
#1504=VERTEX_POINT('',#5684);
#1505=VERTEX_POINT('',#5686);
#1506=VERTEX_POINT('',#5691);
#1507=VERTEX_POINT('',#5693);
#1508=VERTEX_POINT('',#5695);
#1509=VERTEX_POINT('',#5703);
#1510=VERTEX_POINT('',#5707);
#1511=VERTEX_POINT('',#5711);
#1512=VERTEX_POINT('',#5713);
#1513=VERTEX_POINT('',#5718);
#1514=VERTEX_POINT('',#5720);
#1515=VERTEX_POINT('',#5725);
#1516=VERTEX_POINT('',#5775);
#1517=VERTEX_POINT('',#5870);
#1518=VERTEX_POINT('',#5987);
#1519=VERTEX_POINT('',#6096);
#1520=VERTEX_POINT('',#6148);
#1521=VERTEX_POINT('',#6161);
#1522=VERTEX_POINT('',#6163);
#1523=VERTEX_POINT('',#6167);
#1524=VERTEX_POINT('',#6168);
#1525=VERTEX_POINT('',#6173);
#1526=VERTEX_POINT('',#6174);
#1527=VERTEX_POINT('',#6179);
#1528=VERTEX_POINT('',#6180);
#1529=VERTEX_POINT('',#6185);
#1530=VERTEX_POINT('',#6186);
#1531=VERTEX_POINT('',#6191);
#1532=VERTEX_POINT('',#6192);
#1533=VERTEX_POINT('',#6197);
#1534=VERTEX_POINT('',#6198);
#1535=VERTEX_POINT('',#6203);
#1536=VERTEX_POINT('',#6208);
#1537=VERTEX_POINT('',#6212);
#1538=VERTEX_POINT('',#6213);
#1539=VERTEX_POINT('',#6218);
#1540=VERTEX_POINT('',#6219);
#1541=VERTEX_POINT('',#6224);
#1542=VERTEX_POINT('',#6225);
#1543=VERTEX_POINT('',#6230);
#1544=VERTEX_POINT('',#6231);
#1545=VERTEX_POINT('',#6236);
#1546=VERTEX_POINT('',#6237);
#1547=VERTEX_POINT('',#6242);
#1548=VERTEX_POINT('',#6243);
#1549=VERTEX_POINT('',#6248);
#1550=VERTEX_POINT('',#6253);
#1551=VERTEX_POINT('',#6292);
#1552=VERTEX_POINT('',#6353);
#1553=VERTEX_POINT('',#6407);
#1554=VERTEX_POINT('',#6409);
#1555=VERTEX_POINT('',#6435);
#1556=VERTEX_POINT('',#6436);
#1557=VERTEX_POINT('',#6441);
#1558=VERTEX_POINT('',#6445);
#1559=VERTEX_POINT('',#6449);
#1560=VERTEX_POINT('',#6453);
#1561=VERTEX_POINT('',#6455);
#1562=VERTEX_POINT('',#6457);
#1563=VERTEX_POINT('',#6462);
#1564=VERTEX_POINT('',#6466);
#1565=VERTEX_POINT('',#6470);
#1566=VERTEX_POINT('',#6474);
#1567=VERTEX_POINT('',#6476);
#1568=VERTEX_POINT('',#6480);
#1569=VERTEX_POINT('',#6481);
#1570=VERTEX_POINT('',#6483);
#1571=VERTEX_POINT('',#6485);
#1572=VERTEX_POINT('',#6489);
#1573=VERTEX_POINT('',#6491);
#1574=VERTEX_POINT('',#6495);
#1575=VERTEX_POINT('',#6497);
#1576=VERTEX_POINT('',#6499);
#1577=VERTEX_POINT('',#6504);
#1578=VERTEX_POINT('',#6508);
#1579=VERTEX_POINT('',#6511);
#1580=VERTEX_POINT('',#6514);
#1581=VERTEX_POINT('',#6518);
#1582=VERTEX_POINT('',#6522);
#1583=VERTEX_POINT('',#6523);
#1584=VERTEX_POINT('',#6525);
#1585=VERTEX_POINT('',#6527);
#1586=VERTEX_POINT('',#6531);
#1587=VERTEX_POINT('',#6533);
#1588=VERTEX_POINT('',#6537);
#1589=VERTEX_POINT('',#6539);
#1590=VERTEX_POINT('',#6541);
#1591=VERTEX_POINT('',#6546);
#1592=VERTEX_POINT('',#6550);
#1593=VERTEX_POINT('',#6553);
#1594=VERTEX_POINT('',#6556);
#1595=VERTEX_POINT('',#6558);
#1596=VERTEX_POINT('',#6570);
#1597=VERTEX_POINT('',#6572);
#1598=VERTEX_POINT('',#6576);
#1599=VERTEX_POINT('',#6585);
#1600=VERTEX_POINT('',#6596);
#1601=VERTEX_POINT('',#6598);
#1602=VERTEX_POINT('',#6602);
#1603=VERTEX_POINT('',#6611);
#1604=VERTEX_POINT('',#6629);
#1605=VERTEX_POINT('',#6631);
#1606=VERTEX_POINT('',#6635);
#1607=VERTEX_POINT('',#6637);
#1608=VERTEX_POINT('',#6650);
#1609=VERTEX_POINT('',#6678);
#1610=VERTEX_POINT('',#6682);
#1611=EDGE_CURVE('',#1307,#1307,#1202,.T.);
#1612=EDGE_CURVE('',#1308,#1308,#1203,.T.);
#1613=EDGE_CURVE('',#1309,#1309,#1204,.T.);
#1614=EDGE_CURVE('',#1310,#1310,#1205,.T.);
#1615=EDGE_CURVE('',#1311,#1312,#1206,.T.);
#1616=EDGE_CURVE('',#1313,#1311,#158,.T.);
#1617=EDGE_CURVE('',#1314,#1313,#1207,.T.);
#1618=EDGE_CURVE('',#1315,#1314,#159,.T.);
#1619=EDGE_CURVE('',#1312,#1315,#1208,.T.);
#1620=EDGE_CURVE('',#1310,#1316,#160,.T.);
#1621=EDGE_CURVE('',#1316,#1316,#1209,.T.);
#1622=EDGE_CURVE('',#1308,#1317,#161,.T.);
#1623=EDGE_CURVE('',#1317,#1317,#1210,.T.);
#1624=EDGE_CURVE('',#1318,#1319,#162,.T.);
#1625=EDGE_CURVE('',#1319,#1320,#163,.T.);
#1626=EDGE_CURVE('',#1320,#1321,#164,.T.);
#1627=EDGE_CURVE('',#1321,#1318,#165,.T.);
#1628=EDGE_CURVE('',#1318,#1322,#1211,.T.);
#1629=EDGE_CURVE('',#1322,#1323,#166,.T.);
#1630=EDGE_CURVE('',#1323,#1319,#1212,.T.);
#1631=EDGE_CURVE('',#1324,#1325,#167,.T.);
#1632=EDGE_CURVE('',#1325,#1323,#1213,.T.);
#1633=EDGE_CURVE('',#1324,#1322,#1214,.T.);
#1634=EDGE_CURVE('',#1324,#1326,#1215,.T.);
#1635=EDGE_CURVE('',#1326,#1327,#168,.T.);
#1636=EDGE_CURVE('',#1327,#1325,#1216,.T.);
#1637=EDGE_CURVE('',#1328,#1329,#169,.T.);
#1638=EDGE_CURVE('',#1329,#1327,#170,.T.);
#1639=EDGE_CURVE('',#1326,#1328,#171,.T.);
#1640=EDGE_CURVE('',#1320,#1329,#1217,.T.);
#1641=EDGE_CURVE('',#1328,#1330,#1218,.T.);
#1642=EDGE_CURVE('',#1330,#1321,#1219,.T.);
#1643=EDGE_CURVE('',#1318,#1331,#172,.T.);
#1644=EDGE_CURVE('',#1332,#1331,#1220,.T.);
#1645=EDGE_CURVE('',#1332,#1322,#173,.T.);
#1646=EDGE_CURVE('',#1333,#1321,#174,.T.);
#1647=EDGE_CURVE('',#1331,#1333,#175,.T.);
#1648=EDGE_CURVE('',#1334,#1313,#1221,.T.);
#1649=EDGE_CURVE('',#1313,#1333,#46,.T.);
#1650=EDGE_CURVE('',#1333,#1334,#47,.T.);
#1651=EDGE_CURVE('',#1335,#1314,#1222,.T.);
#1652=EDGE_CURVE('',#1334,#1335,#1223,.T.);
#1653=EDGE_CURVE('',#1335,#1336,#48,.T.);
#1654=EDGE_CURVE('',#1336,#1314,#49,.T.);
#1655=EDGE_CURVE('',#1337,#1338,#50,.T.);
#1656=EDGE_CURVE('',#1339,#1337,#1224,.T.);
#1657=EDGE_CURVE('',#1338,#1339,#51,.T.);
#1658=EDGE_CURVE('',#1338,#1330,#176,.T.);
#1659=EDGE_CURVE('',#1336,#1328,#177,.T.);
#1660=EDGE_CURVE('',#1340,#1311,#178,.T.);
#1661=EDGE_CURVE('',#1340,#1331,#1225,.T.);
#1662=EDGE_CURVE('',#1336,#1341,#179,.T.);
#1663=EDGE_CURVE('',#1341,#1342,#1226,.T.);
#1664=EDGE_CURVE('',#1315,#1342,#180,.T.);
#1665=EDGE_CURVE('',#1341,#1343,#1227,.T.);
#1666=EDGE_CURVE('',#1343,#1342,#1228,.T.);
#1667=EDGE_CURVE('',#1332,#1340,#1229,.T.);
#1668=EDGE_CURVE('',#1343,#1324,#181,.T.);
#1669=EDGE_CURVE('',#1341,#1326,#182,.T.);
#1670=EDGE_CURVE('',#1344,#1345,#52,.T.);
#1671=EDGE_CURVE('',#1344,#1346,#1230,.T.);
#1672=EDGE_CURVE('',#1346,#1339,#1231,.T.);
#1673=EDGE_CURVE('',#1337,#1347,#1232,.T.);
#1674=EDGE_CURVE('',#1347,#1345,#1233,.T.);
#1675=EDGE_CURVE('',#1338,#1347,#183,.T.);
#1676=EDGE_CURVE('',#1346,#1338,#184,.T.);
#1677=EDGE_CURVE('',#1345,#1348,#185,.T.);
#1678=EDGE_CURVE('',#1348,#1349,#1234,.F.);
#1679=EDGE_CURVE('',#1349,#1350,#186,.T.);
#1680=EDGE_CURVE('',#1350,#1351,#1235,.F.);
#1681=EDGE_CURVE('',#1351,#1344,#187,.T.);
#1682=EDGE_CURVE('',#1347,#1352,#188,.T.);
#1683=EDGE_CURVE('',#1348,#1352,#189,.T.);
#1684=EDGE_CURVE('',#1353,#1350,#1236,.F.);
#1685=EDGE_CURVE('',#1351,#1353,#1237,.F.);
#1686=EDGE_CURVE('',#1354,#1351,#190,.T.);
#1687=EDGE_CURVE('',#1353,#1355,#191,.T.);
#1688=EDGE_CURVE('',#1355,#1356,#15,.T.);
#1689=EDGE_CURVE('',#1356,#1354,#16,.T.);
#1690=EDGE_CURVE('',#1355,#1357,#192,.T.);
#1691=EDGE_CURVE('',#1357,#1358,#17,.T.);
#1692=EDGE_CURVE('',#1358,#1356,#193,.T.);
#1693=EDGE_CURVE('',#1359,#1348,#1238,.F.);
#1694=EDGE_CURVE('',#1349,#1359,#1239,.F.);
#1695=EDGE_CURVE('',#1360,#1361,#1240,.T.);
#1696=EDGE_CURVE('',#1361,#1349,#194,.T.);
#1697=EDGE_CURVE('',#1359,#1360,#195,.T.);
#1698=EDGE_CURVE('',#1362,#1363,#1241,.F.);
#1699=EDGE_CURVE('',#1364,#1362,#1242,.F.);
#1700=EDGE_CURVE('',#1363,#1364,#1243,.F.);
#1701=EDGE_CURVE('',#1365,#1366,#1244,.T.);
#1702=EDGE_CURVE('',#1366,#1364,#196,.T.);
#1703=EDGE_CURVE('',#1362,#1365,#197,.T.);
#1704=EDGE_CURVE('',#1367,#1359,#198,.T.);
#1705=EDGE_CURVE('',#1352,#1368,#18,.T.);
#1706=EDGE_CURVE('',#1368,#1367,#19,.T.);
#1707=EDGE_CURVE('',#1369,#1370,#1245,.F.);
#1708=EDGE_CURVE('',#1371,#1369,#1246,.F.);
#1709=EDGE_CURVE('',#1370,#1371,#1247,.F.);
#1710=EDGE_CURVE('',#1364,#1371,#199,.T.);
#1711=EDGE_CURVE('',#1369,#1363,#200,.T.);
#1712=EDGE_CURVE('',#1372,#1373,#1248,.T.);
#1713=EDGE_CURVE('',#1373,#1370,#201,.T.);
#1714=EDGE_CURVE('',#1371,#1372,#202,.T.);
#1715=EDGE_CURVE('',#1368,#1374,#203,.T.);
#1716=EDGE_CURVE('',#1374,#1375,#20,.T.);
#1717=EDGE_CURVE('',#1375,#1367,#204,.T.);
#1718=EDGE_CURVE('',#1376,#1369,#205,.T.);
#1719=EDGE_CURVE('',#1370,#1375,#206,.T.);
#1720=EDGE_CURVE('',#1374,#1376,#21,.T.);
#1721=EDGE_CURVE('',#1357,#1362,#207,.T.);
#1722=EDGE_CURVE('',#1363,#1377,#208,.T.);
#1723=EDGE_CURVE('',#1377,#1358,#22,.T.);
#1724=EDGE_CURVE('',#1378,#1379,#1249,.T.);
#1725=EDGE_CURVE('',#1379,#1353,#209,.T.);
#1726=EDGE_CURVE('',#1350,#1378,#210,.T.);
#1727=EDGE_CURVE('',#1376,#1377,#211,.T.);
#1728=EDGE_CURVE('',#1354,#1346,#212,.T.);
#1729=EDGE_CURVE('',#1366,#1372,#213,.T.);
#1730=EDGE_CURVE('',#1379,#1380,#214,.T.);
#1731=EDGE_CURVE('',#1380,#1381,#215,.T.);
#1732=EDGE_CURVE('',#1381,#1365,#216,.T.);
#1733=EDGE_CURVE('',#1361,#1378,#217,.T.);
#1734=EDGE_CURVE('',#1382,#1373,#218,.T.);
#1735=EDGE_CURVE('',#1383,#1382,#219,.T.);
#1736=EDGE_CURVE('',#1360,#1383,#220,.T.);
#1737=EDGE_CURVE('',#1384,#1385,#221,.T.);
#1738=EDGE_CURVE('',#1386,#1385,#222,.T.);
#1739=EDGE_CURVE('',#1387,#1386,#223,.T.);
#1740=EDGE_CURVE('',#1388,#1387,#224,.T.);
#1741=EDGE_CURVE('',#1389,#1388,#225,.T.);
#1742=EDGE_CURVE('',#1390,#1389,#226,.T.);
#1743=EDGE_CURVE('',#1391,#1390,#227,.T.);
#1744=EDGE_CURVE('',#1392,#1391,#228,.T.);
#1745=EDGE_CURVE('',#1393,#1392,#229,.T.);
#1746=EDGE_CURVE('',#1394,#1393,#230,.T.);
#1747=EDGE_CURVE('',#1395,#1394,#231,.T.);
#1748=EDGE_CURVE('',#1396,#1395,#232,.T.);
#1749=EDGE_CURVE('',#1397,#1396,#233,.T.);
#1750=EDGE_CURVE('',#1397,#1398,#234,.T.);
#1751=EDGE_CURVE('',#1398,#1399,#235,.T.);
#1752=EDGE_CURVE('',#1399,#1400,#236,.T.);
#1753=EDGE_CURVE('',#1401,#1400,#237,.T.);
#1754=EDGE_CURVE('',#1402,#1401,#238,.T.);
#1755=EDGE_CURVE('',#1402,#1403,#239,.T.);
#1756=EDGE_CURVE('',#1403,#1384,#240,.T.);
#1757=EDGE_CURVE('',#1398,#1404,#241,.T.);
#1758=EDGE_CURVE('',#1404,#1405,#242,.T.);
#1759=EDGE_CURVE('',#1399,#1405,#243,.T.);
#1760=EDGE_CURVE('',#1406,#1397,#244,.T.);
#1761=EDGE_CURVE('',#1407,#1406,#245,.T.);
#1762=EDGE_CURVE('',#1407,#1408,#246,.T.);
#1763=EDGE_CURVE('',#1408,#1404,#247,.T.);
#1764=EDGE_CURVE('',#1409,#1405,#248,.T.);
#1765=EDGE_CURVE('',#1410,#1409,#249,.T.);
#1766=EDGE_CURVE('',#1410,#1411,#250,.T.);
#1767=EDGE_CURVE('',#1400,#1411,#251,.T.);
#1768=EDGE_CURVE('',#1408,#1409,#252,.T.);
#1769=EDGE_CURVE('',#1412,#1413,#253,.T.);
#1770=EDGE_CURVE('',#1413,#1414,#254,.T.);
#1771=EDGE_CURVE('',#1414,#1415,#255,.T.);
#1772=EDGE_CURVE('',#1415,#1416,#256,.T.);
#1773=EDGE_CURVE('',#1416,#1417,#257,.T.);
#1774=EDGE_CURVE('',#1417,#1418,#258,.T.);
#1775=EDGE_CURVE('',#1418,#1419,#259,.T.);
#1776=EDGE_CURVE('',#1419,#1420,#260,.T.);
#1777=EDGE_CURVE('',#1421,#1420,#261,.T.);
#1778=EDGE_CURVE('',#1422,#1421,#262,.T.);
#1779=EDGE_CURVE('',#1423,#1422,#263,.T.);
#1780=EDGE_CURVE('',#1423,#1424,#264,.T.);
#1781=EDGE_CURVE('',#1425,#1424,#265,.T.);
#1782=EDGE_CURVE('',#1426,#1425,#266,.T.);
#1783=EDGE_CURVE('',#1427,#1426,#267,.T.);
#1784=EDGE_CURVE('',#1428,#1427,#268,.T.);
#1785=EDGE_CURVE('',#1429,#1428,#269,.T.);
#1786=EDGE_CURVE('',#1429,#1430,#270,.T.);
#1787=EDGE_CURVE('',#1430,#1431,#271,.T.);
#1788=EDGE_CURVE('',#1431,#1412,#272,.T.);
#1789=EDGE_CURVE('',#1426,#1432,#273,.T.);
#1790=EDGE_CURVE('',#1433,#1432,#274,.T.);
#1791=EDGE_CURVE('',#1427,#1433,#275,.T.);
#1792=EDGE_CURVE('',#1433,#1434,#276,.T.);
#1793=EDGE_CURVE('',#1435,#1434,#277,.T.);
#1794=EDGE_CURVE('',#1435,#1436,#278,.T.);
#1795=EDGE_CURVE('',#1428,#1436,#279,.T.);
#1796=EDGE_CURVE('',#1437,#1425,#280,.T.);
#1797=EDGE_CURVE('',#1438,#1437,#281,.T.);
#1798=EDGE_CURVE('',#1438,#1439,#282,.T.);
#1799=EDGE_CURVE('',#1432,#1439,#283,.T.);
#1800=EDGE_CURVE('',#1434,#1439,#284,.T.);
#1801=EDGE_CURVE('',#1440,#1441,#285,.T.);
#1802=EDGE_CURVE('',#1441,#1429,#286,.T.);
#1803=EDGE_CURVE('',#1436,#1437,#287,.T.);
#1804=EDGE_CURVE('',#1424,#1442,#288,.T.);
#1805=EDGE_CURVE('',#1442,#1443,#289,.T.);
#1806=EDGE_CURVE('',#1443,#1444,#290,.T.);
#1807=EDGE_CURVE('',#1444,#1445,#291,.T.);
#1808=EDGE_CURVE('',#1445,#1401,#292,.T.);
#1809=EDGE_CURVE('',#1411,#1406,#293,.T.);
#1810=EDGE_CURVE('',#1396,#1446,#294,.T.);
#1811=EDGE_CURVE('',#1446,#1447,#295,.T.);
#1812=EDGE_CURVE('',#1447,#1440,#296,.T.);
#1813=EDGE_CURVE('',#1448,#1449,#297,.T.);
#1814=EDGE_CURVE('',#1449,#1445,#298,.T.);
#1815=EDGE_CURVE('',#1448,#1444,#299,.T.);
#1816=EDGE_CURVE('',#1450,#1448,#300,.T.);
#1817=EDGE_CURVE('',#1450,#1443,#301,.T.);
#1818=EDGE_CURVE('',#1451,#1450,#302,.T.);
#1819=EDGE_CURVE('',#1451,#1442,#303,.T.);
#1820=EDGE_CURVE('',#1449,#1451,#304,.T.);
#1821=EDGE_CURVE('',#1410,#1407,#305,.T.);
#1822=EDGE_CURVE('',#1435,#1438,#306,.T.);
#1823=EDGE_CURVE('',#1452,#1453,#307,.T.);
#1824=EDGE_CURVE('',#1453,#1447,#308,.T.);
#1825=EDGE_CURVE('',#1452,#1446,#309,.T.);
#1826=EDGE_CURVE('',#1454,#1455,#310,.T.);
#1827=EDGE_CURVE('',#1455,#1441,#311,.T.);
#1828=EDGE_CURVE('',#1454,#1440,#312,.T.);
#1829=EDGE_CURVE('',#1453,#1454,#313,.T.);
#1830=EDGE_CURVE('',#1455,#1452,#314,.T.);
#1831=EDGE_CURVE('',#1422,#1456,#315,.T.);
#1832=EDGE_CURVE('',#1457,#1456,#316,.T.);
#1833=EDGE_CURVE('',#1423,#1457,#317,.T.);
#1834=EDGE_CURVE('',#1420,#1458,#318,.T.);
#1835=EDGE_CURVE('',#1459,#1458,#319,.T.);
#1836=EDGE_CURVE('',#1421,#1459,#320,.T.);
#1837=EDGE_CURVE('',#1456,#1459,#321,.T.);
#1838=EDGE_CURVE('',#1458,#1457,#322,.T.);
#1839=EDGE_CURVE('',#1415,#1460,#323,.T.);
#1840=EDGE_CURVE('',#1461,#1460,#324,.T.);
#1841=EDGE_CURVE('',#1416,#1461,#325,.T.);
#1842=EDGE_CURVE('',#1462,#1461,#326,.T.);
#1843=EDGE_CURVE('',#1417,#1462,#327,.T.);
#1844=EDGE_CURVE('',#1463,#1462,#328,.T.);
#1845=EDGE_CURVE('',#1418,#1463,#329,.T.);
#1846=EDGE_CURVE('',#1460,#1463,#330,.T.);
#1847=EDGE_CURVE('',#1414,#1381,#331,.T.);
#1848=EDGE_CURVE('',#1419,#1380,#332,.T.);
#1849=EDGE_CURVE('',#1430,#1464,#333,.T.);
#1850=EDGE_CURVE('',#1465,#1464,#334,.T.);
#1851=EDGE_CURVE('',#1431,#1465,#335,.T.);
#1852=EDGE_CURVE('',#1466,#1465,#336,.T.);
#1853=EDGE_CURVE('',#1412,#1466,#337,.T.);
#1854=EDGE_CURVE('',#1467,#1466,#338,.T.);
#1855=EDGE_CURVE('',#1413,#1467,#339,.T.);
#1856=EDGE_CURVE('',#1464,#1467,#340,.T.);
#1857=EDGE_CURVE('',#1395,#1468,#341,.T.);
#1858=EDGE_CURVE('',#1468,#1469,#342,.T.);
#1859=EDGE_CURVE('',#1392,#1469,#343,.T.);
#1860=EDGE_CURVE('',#1391,#1382,#344,.T.);
#1861=EDGE_CURVE('',#1394,#1470,#345,.T.);
#1862=EDGE_CURVE('',#1470,#1468,#346,.T.);
#1863=EDGE_CURVE('',#1393,#1471,#347,.T.);
#1864=EDGE_CURVE('',#1471,#1470,#348,.T.);
#1865=EDGE_CURVE('',#1469,#1471,#349,.T.);
#1866=EDGE_CURVE('',#1389,#1472,#350,.T.);
#1867=EDGE_CURVE('',#1472,#1473,#351,.T.);
#1868=EDGE_CURVE('',#1390,#1473,#352,.T.);
#1869=EDGE_CURVE('',#1388,#1474,#353,.T.);
#1870=EDGE_CURVE('',#1474,#1472,#354,.T.);
#1871=EDGE_CURVE('',#1387,#1475,#355,.T.);
#1872=EDGE_CURVE('',#1475,#1474,#356,.T.);
#1873=EDGE_CURVE('',#1473,#1475,#357,.T.);
#1874=EDGE_CURVE('',#1386,#1383,#358,.T.);
#1875=EDGE_CURVE('',#1402,#1476,#359,.T.);
#1876=EDGE_CURVE('',#1476,#1477,#360,.T.);
#1877=EDGE_CURVE('',#1403,#1477,#361,.T.);
#1878=EDGE_CURVE('',#1385,#1478,#362,.T.);
#1879=EDGE_CURVE('',#1478,#1476,#363,.T.);
#1880=EDGE_CURVE('',#1384,#1479,#364,.T.);
#1881=EDGE_CURVE('',#1479,#1478,#365,.T.);
#1882=EDGE_CURVE('',#1477,#1479,#366,.T.);
#1883=EDGE_CURVE('',#1480,#1332,#1250,.T.);
#1884=EDGE_CURVE('',#1481,#1480,#53,.T.);
#1885=EDGE_CURVE('',#1482,#1481,#54,.T.);
#1886=EDGE_CURVE('',#1483,#1482,#1251,.T.);
#1887=EDGE_CURVE('',#1484,#1483,#367,.T.);
#1888=EDGE_CURVE('',#1484,#1485,#23,.T.);
#1889=EDGE_CURVE('',#1485,#1486,#24,.T.);
#1890=EDGE_CURVE('',#1487,#1486,#368,.T.);
#1891=EDGE_CURVE('',#1487,#1488,#25,.T.);
#1892=EDGE_CURVE('',#1488,#1489,#26,.T.);
#1893=EDGE_CURVE('',#1490,#1489,#369,.T.);
#1894=EDGE_CURVE('',#1491,#1490,#1252,.T.);
#1895=EDGE_CURVE('',#1492,#1491,#370,.T.);
#1896=EDGE_CURVE('',#1492,#1493,#55,.T.);
#1897=EDGE_CURVE('',#1493,#1494,#56,.T.);
#1898=EDGE_CURVE('',#1495,#1494,#371,.T.);
#1899=EDGE_CURVE('',#1495,#1496,#57,.T.);
#1900=EDGE_CURVE('',#1496,#1497,#58,.T.);
#1901=EDGE_CURVE('',#1498,#1497,#372,.T.);
#1902=EDGE_CURVE('',#1499,#1498,#1253,.T.);
#1903=EDGE_CURVE('',#1500,#1499,#59,.T.);
#1904=EDGE_CURVE('',#1501,#1500,#60,.T.);
#1905=EDGE_CURVE('',#1343,#1501,#1254,.T.);
#1906=EDGE_CURVE('',#1340,#1502,#1255,.T.);
#1907=EDGE_CURVE('',#1503,#1502,#61,.T.);
#1908=EDGE_CURVE('',#1480,#1503,#62,.T.);
#1909=EDGE_CURVE('',#1504,#1342,#1256,.T.);
#1910=EDGE_CURVE('',#1505,#1504,#63,.T.);
#1911=EDGE_CURVE('',#1506,#1505,#373,.T.);
#1912=EDGE_CURVE('',#1507,#1506,#1257,.T.);
#1913=EDGE_CURVE('',#1508,#1507,#374,.T.);
#1914=EDGE_CURVE('',#1502,#1508,#64,.T.);
#1915=EDGE_CURVE('',#1315,#1311,#1258,.T.);
#1916=EDGE_CURVE('',#1509,#1509,#1259,.T.);
#1917=EDGE_CURVE('',#1509,#1309,#375,.T.);
#1918=EDGE_CURVE('',#1510,#1510,#1260,.T.);
#1919=EDGE_CURVE('',#1510,#1307,#376,.T.);
#1920=EDGE_CURVE('',#1511,#1511,#1261,.T.);
#1921=EDGE_CURVE('',#1511,#1512,#377,.T.);
#1922=EDGE_CURVE('',#1512,#1512,#1262,.T.);
#1923=EDGE_CURVE('',#1513,#1513,#1263,.T.);
#1924=EDGE_CURVE('',#1513,#1514,#378,.T.);
#1925=EDGE_CURVE('',#1514,#1514,#1264,.T.);
#1926=EDGE_CURVE('',#1515,#1515,#1265,.T.);
#1927=EDGE_CURVE('',#1504,#1516,#65,.T.);
#1928=EDGE_CURVE('',#1517,#1516,#66,.T.);
#1929=EDGE_CURVE('',#1517,#1505,#67,.T.);
#1930=EDGE_CURVE('',#1508,#1518,#68,.T.);
#1931=EDGE_CURVE('',#1503,#1518,#69,.T.);
#1932=EDGE_CURVE('',#1518,#1519,#70,.T.);
#1933=EDGE_CURVE('',#1519,#1480,#379,.T.);
#1934=EDGE_CURVE('',#1520,#1481,#380,.T.);
#1935=EDGE_CURVE('',#1519,#1520,#71,.T.);
#1936=EDGE_CURVE('',#1482,#1521,#381,.T.);
#1937=EDGE_CURVE('',#1521,#1522,#1266,.T.);
#1938=EDGE_CURVE('',#1522,#1483,#382,.T.);
#1939=EDGE_CURVE('',#1523,#1524,#383,.T.);
#1940=EDGE_CURVE('',#1524,#1483,#1267,.T.);
#1941=EDGE_CURVE('',#1522,#1523,#1268,.T.);
#1942=EDGE_CURVE('',#1525,#1526,#384,.T.);
#1943=EDGE_CURVE('',#1526,#1524,#385,.T.);
#1944=EDGE_CURVE('',#1523,#1525,#386,.T.);
#1945=EDGE_CURVE('',#1527,#1528,#387,.T.);
#1946=EDGE_CURVE('',#1528,#1526,#1269,.T.);
#1947=EDGE_CURVE('',#1525,#1527,#1270,.T.);
#1948=EDGE_CURVE('',#1529,#1530,#388,.T.);
#1949=EDGE_CURVE('',#1530,#1528,#389,.T.);
#1950=EDGE_CURVE('',#1527,#1529,#390,.T.);
#1951=EDGE_CURVE('',#1531,#1532,#391,.T.);
#1952=EDGE_CURVE('',#1532,#1530,#1271,.T.);
#1953=EDGE_CURVE('',#1529,#1531,#1272,.T.);
#1954=EDGE_CURVE('',#1533,#1534,#392,.T.);
#1955=EDGE_CURVE('',#1534,#1532,#393,.T.);
#1956=EDGE_CURVE('',#1531,#1533,#394,.T.);
#1957=EDGE_CURVE('',#1535,#1490,#395,.T.);
#1958=EDGE_CURVE('',#1490,#1534,#1273,.T.);
#1959=EDGE_CURVE('',#1533,#1535,#1274,.T.);
#1960=EDGE_CURVE('',#1536,#1491,#396,.T.);
#1961=EDGE_CURVE('',#1535,#1536,#1275,.T.);
#1962=EDGE_CURVE('',#1537,#1538,#397,.T.);
#1963=EDGE_CURVE('',#1538,#1491,#1276,.T.);
#1964=EDGE_CURVE('',#1536,#1537,#1277,.T.);
#1965=EDGE_CURVE('',#1539,#1540,#398,.T.);
#1966=EDGE_CURVE('',#1540,#1538,#399,.T.);
#1967=EDGE_CURVE('',#1537,#1539,#400,.T.);
#1968=EDGE_CURVE('',#1541,#1542,#401,.T.);
#1969=EDGE_CURVE('',#1542,#1540,#1278,.T.);
#1970=EDGE_CURVE('',#1539,#1541,#1279,.T.);
#1971=EDGE_CURVE('',#1543,#1544,#402,.T.);
#1972=EDGE_CURVE('',#1544,#1542,#403,.T.);
#1973=EDGE_CURVE('',#1541,#1543,#404,.T.);
#1974=EDGE_CURVE('',#1545,#1546,#405,.T.);
#1975=EDGE_CURVE('',#1546,#1544,#1280,.T.);
#1976=EDGE_CURVE('',#1543,#1545,#1281,.T.);
#1977=EDGE_CURVE('',#1547,#1548,#406,.T.);
#1978=EDGE_CURVE('',#1548,#1546,#407,.T.);
#1979=EDGE_CURVE('',#1545,#1547,#408,.T.);
#1980=EDGE_CURVE('',#1549,#1498,#409,.T.);
#1981=EDGE_CURVE('',#1498,#1548,#1282,.T.);
#1982=EDGE_CURVE('',#1547,#1549,#1283,.T.);
#1983=EDGE_CURVE('',#1550,#1499,#410,.T.);
#1984=EDGE_CURVE('',#1549,#1550,#1284,.T.);
#1985=EDGE_CURVE('',#1520,#1521,#72,.T.);
#1986=EDGE_CURVE('',#1551,#1500,#411,.T.);
#1987=EDGE_CURVE('',#1550,#1551,#73,.T.);
#1988=EDGE_CURVE('',#1516,#1501,#74,.T.);
#1989=EDGE_CURVE('',#1501,#1552,#412,.T.);
#1990=EDGE_CURVE('',#1552,#1517,#75,.T.);
#1991=EDGE_CURVE('',#1551,#1552,#76,.T.);
#1992=EDGE_CURVE('',#1550,#1553,#413,.T.);
#1993=EDGE_CURVE('',#1553,#1554,#77,.T.);
#1994=EDGE_CURVE('',#1506,#1554,#78,.T.);
#1995=EDGE_CURVE('',#1555,#1556,#414,.T.);
#1996=EDGE_CURVE('',#1553,#1556,#1285,.T.);
#1997=EDGE_CURVE('',#1555,#1545,#415,.T.);
#1998=EDGE_CURVE('',#1543,#1557,#416,.T.);
#1999=EDGE_CURVE('',#1557,#1555,#1286,.T.);
#2000=EDGE_CURVE('',#1541,#1558,#417,.T.);
#2001=EDGE_CURVE('',#1558,#1557,#418,.T.);
#2002=EDGE_CURVE('',#1539,#1559,#419,.T.);
#2003=EDGE_CURVE('',#1559,#1558,#1287,.T.);
#2004=EDGE_CURVE('',#1560,#1559,#420,.T.);
#2005=EDGE_CURVE('',#1561,#1531,#421,.T.);
#2006=EDGE_CURVE('',#1561,#1562,#422,.T.);
#2007=EDGE_CURVE('',#1560,#1562,#1288,.T.);
#2008=EDGE_CURVE('',#1563,#1529,#423,.T.);
#2009=EDGE_CURVE('',#1563,#1561,#1289,.T.);
#2010=EDGE_CURVE('',#1564,#1527,#424,.T.);
#2011=EDGE_CURVE('',#1564,#1563,#425,.T.);
#2012=EDGE_CURVE('',#1525,#1565,#426,.T.);
#2013=EDGE_CURVE('',#1565,#1564,#1290,.T.);
#2014=EDGE_CURVE('',#1566,#1565,#427,.T.);
#2015=EDGE_CURVE('',#1567,#1521,#428,.T.);
#2016=EDGE_CURVE('',#1566,#1567,#1291,.T.);
#2017=EDGE_CURVE('',#1568,#1569,#429,.T.);
#2018=EDGE_CURVE('',#1570,#1568,#430,.T.);
#2019=EDGE_CURVE('',#1571,#1570,#431,.T.);
#2020=EDGE_CURVE('',#1571,#1569,#432,.T.);
#2021=EDGE_CURVE('',#1569,#1572,#433,.T.);
#2022=EDGE_CURVE('',#1573,#1571,#434,.T.);
#2023=EDGE_CURVE('',#1573,#1572,#435,.T.);
#2024=EDGE_CURVE('',#1572,#1574,#436,.T.);
#2025=EDGE_CURVE('',#1575,#1573,#437,.T.);
#2026=EDGE_CURVE('',#1575,#1576,#438,.T.);
#2027=EDGE_CURVE('',#1574,#1576,#27,.T.);
#2028=EDGE_CURVE('',#1576,#1484,#28,.T.);
#2029=EDGE_CURVE('',#1577,#1575,#439,.T.);
#2030=EDGE_CURVE('',#1577,#1485,#440,.T.);
#2031=EDGE_CURVE('',#1570,#1578,#441,.T.);
#2032=EDGE_CURVE('',#1578,#1577,#442,.T.);
#2033=EDGE_CURVE('',#1579,#1579,#1292,.T.);
#2034=EDGE_CURVE('',#1486,#1580,#29,.T.);
#2035=EDGE_CURVE('',#1578,#1580,#443,.T.);
#2036=EDGE_CURVE('',#1581,#1568,#444,.T.);
#2037=EDGE_CURVE('',#1580,#1581,#30,.T.);
#2038=EDGE_CURVE('',#1582,#1583,#445,.T.);
#2039=EDGE_CURVE('',#1584,#1582,#446,.T.);
#2040=EDGE_CURVE('',#1585,#1584,#447,.T.);
#2041=EDGE_CURVE('',#1585,#1583,#448,.T.);
#2042=EDGE_CURVE('',#1583,#1586,#449,.T.);
#2043=EDGE_CURVE('',#1587,#1585,#450,.T.);
#2044=EDGE_CURVE('',#1587,#1586,#451,.T.);
#2045=EDGE_CURVE('',#1586,#1588,#452,.T.);
#2046=EDGE_CURVE('',#1589,#1587,#453,.T.);
#2047=EDGE_CURVE('',#1589,#1590,#454,.T.);
#2048=EDGE_CURVE('',#1588,#1590,#31,.T.);
#2049=EDGE_CURVE('',#1590,#1487,#32,.T.);
#2050=EDGE_CURVE('',#1591,#1589,#455,.T.);
#2051=EDGE_CURVE('',#1591,#1488,#456,.T.);
#2052=EDGE_CURVE('',#1584,#1592,#457,.T.);
#2053=EDGE_CURVE('',#1592,#1591,#458,.T.);
#2054=EDGE_CURVE('',#1593,#1593,#1293,.T.);
#2055=EDGE_CURVE('',#1594,#1582,#459,.T.);
#2056=EDGE_CURVE('',#1595,#1594,#33,.T.);
#2057=EDGE_CURVE('',#1592,#1595,#460,.T.);
#2058=EDGE_CURVE('',#1489,#1595,#34,.T.);
#2059=EDGE_CURVE('',#1594,#1534,#461,.T.);
#2060=EDGE_CURVE('',#1581,#1588,#462,.T.);
#2061=EDGE_CURVE('',#1524,#1574,#463,.T.);
#2062=EDGE_CURVE('',#1596,#1596,#1294,.T.);
#2063=EDGE_CURVE('',#1597,#1597,#1295,.T.);
#2064=EDGE_CURVE('',#1596,#1496,#464,.T.);
#2065=EDGE_CURVE('',#1598,#1495,#79,.T.);
#2066=EDGE_CURVE('',#1599,#1598,#1296,.T.);
#2067=EDGE_CURVE('',#1497,#1599,#80,.T.);
#2068=EDGE_CURVE('',#1600,#1600,#1297,.T.);
#2069=EDGE_CURVE('',#1601,#1601,#1298,.T.);
#2070=EDGE_CURVE('',#1600,#1493,#465,.T.);
#2071=EDGE_CURVE('',#1602,#1492,#81,.T.);
#2072=EDGE_CURVE('',#1603,#1602,#1299,.T.);
#2073=EDGE_CURVE('',#1494,#1603,#82,.T.);
#2074=EDGE_CURVE('',#1599,#1548,#466,.T.);
#2075=EDGE_CURVE('',#1603,#1598,#467,.T.);
#2076=EDGE_CURVE('',#1538,#1602,#468,.T.);
#2077=EDGE_CURVE('',#1562,#1566,#469,.T.);
#2078=EDGE_CURVE('',#1604,#1604,#1300,.T.);
#2079=EDGE_CURVE('',#1605,#1605,#1301,.T.);
#2080=EDGE_CURVE('',#1556,#1560,#470,.T.);
#2081=EDGE_CURVE('',#1606,#1606,#1302,.T.);
#2082=EDGE_CURVE('',#1607,#1607,#1303,.T.);
#2083=EDGE_CURVE('',#1579,#1604,#471,.T.);
#2084=EDGE_CURVE('',#1593,#1605,#472,.T.);
#2085=EDGE_CURVE('',#1607,#1597,#473,.T.);
#2086=EDGE_CURVE('',#1606,#1601,#474,.T.);
#2087=EDGE_CURVE('',#1554,#1608,#1304,.T.);
#2088=EDGE_CURVE('',#1608,#1507,#83,.T.);
#2089=EDGE_CURVE('',#1608,#1567,#84,.T.);
#2090=EDGE_CURVE('',#1515,#1609,#475,.T.);
#2091=EDGE_CURVE('',#1609,#1609,#1305,.T.);
#2092=EDGE_CURVE('',#1610,#1610,#1306,.T.);
#2093=EDGE_CURVE('',#1610,#1609,#476,.T.);
#2094=EDGE_CURVE('',#1312,#1610,#477,.T.);
#2095=ORIENTED_EDGE('',*,*,#1611,.T.);
#2096=ORIENTED_EDGE('',*,*,#1612,.T.);
#2097=ORIENTED_EDGE('',*,*,#1613,.T.);
#2098=ORIENTED_EDGE('',*,*,#1614,.T.);
#2099=ORIENTED_EDGE('',*,*,#1615,.F.);
#2100=ORIENTED_EDGE('',*,*,#1616,.F.);
#2101=ORIENTED_EDGE('',*,*,#1617,.F.);
#2102=ORIENTED_EDGE('',*,*,#1618,.F.);
#2103=ORIENTED_EDGE('',*,*,#1619,.F.);
#2104=ORIENTED_EDGE('',*,*,#1614,.F.);
#2105=ORIENTED_EDGE('',*,*,#1620,.T.);
#2106=ORIENTED_EDGE('',*,*,#1621,.F.);
#2107=ORIENTED_EDGE('',*,*,#1620,.F.);
#2108=ORIENTED_EDGE('',*,*,#1612,.F.);
#2109=ORIENTED_EDGE('',*,*,#1622,.T.);
#2110=ORIENTED_EDGE('',*,*,#1623,.F.);
#2111=ORIENTED_EDGE('',*,*,#1622,.F.);
#2112=ORIENTED_EDGE('',*,*,#1624,.T.);
#2113=ORIENTED_EDGE('',*,*,#1625,.T.);
#2114=ORIENTED_EDGE('',*,*,#1626,.T.);
#2115=ORIENTED_EDGE('',*,*,#1627,.T.);
#2116=ORIENTED_EDGE('',*,*,#1624,.F.);
#2117=ORIENTED_EDGE('',*,*,#1628,.T.);
#2118=ORIENTED_EDGE('',*,*,#1629,.T.);
#2119=ORIENTED_EDGE('',*,*,#1630,.T.);
#2120=ORIENTED_EDGE('',*,*,#1631,.T.);
#2121=ORIENTED_EDGE('',*,*,#1632,.T.);
#2122=ORIENTED_EDGE('',*,*,#1629,.F.);
#2123=ORIENTED_EDGE('',*,*,#1633,.F.);
#2124=ORIENTED_EDGE('',*,*,#1631,.F.);
#2125=ORIENTED_EDGE('',*,*,#1634,.T.);
#2126=ORIENTED_EDGE('',*,*,#1635,.T.);
#2127=ORIENTED_EDGE('',*,*,#1636,.T.);
#2128=ORIENTED_EDGE('',*,*,#1637,.T.);
#2129=ORIENTED_EDGE('',*,*,#1638,.T.);
#2130=ORIENTED_EDGE('',*,*,#1635,.F.);
#2131=ORIENTED_EDGE('',*,*,#1639,.T.);
#2132=ORIENTED_EDGE('',*,*,#1626,.F.);
#2133=ORIENTED_EDGE('',*,*,#1640,.T.);
#2134=ORIENTED_EDGE('',*,*,#1637,.F.);
#2135=ORIENTED_EDGE('',*,*,#1641,.T.);
#2136=ORIENTED_EDGE('',*,*,#1642,.T.);
#2137=ORIENTED_EDGE('',*,*,#1628,.F.);
#2138=ORIENTED_EDGE('',*,*,#1643,.T.);
#2139=ORIENTED_EDGE('',*,*,#1644,.F.);
#2140=ORIENTED_EDGE('',*,*,#1645,.T.);
#2141=ORIENTED_EDGE('',*,*,#1627,.F.);
#2142=ORIENTED_EDGE('',*,*,#1646,.F.);
#2143=ORIENTED_EDGE('',*,*,#1647,.F.);
#2144=ORIENTED_EDGE('',*,*,#1643,.F.);
#2145=ORIENTED_EDGE('',*,*,#1625,.F.);
#2146=ORIENTED_EDGE('',*,*,#1630,.F.);
#2147=ORIENTED_EDGE('',*,*,#1632,.F.);
#2148=ORIENTED_EDGE('',*,*,#1636,.F.);
#2149=ORIENTED_EDGE('',*,*,#1638,.F.);
#2150=ORIENTED_EDGE('',*,*,#1640,.F.);
#2151=ORIENTED_EDGE('',*,*,#1621,.T.);
#2152=ORIENTED_EDGE('',*,*,#1623,.T.);
#2153=ORIENTED_EDGE('',*,*,#1648,.T.);
#2154=ORIENTED_EDGE('',*,*,#1649,.T.);
#2155=ORIENTED_EDGE('',*,*,#1650,.T.);
#2156=ORIENTED_EDGE('',*,*,#1651,.T.);
#2157=ORIENTED_EDGE('',*,*,#1617,.T.);
#2158=ORIENTED_EDGE('',*,*,#1648,.F.);
#2159=ORIENTED_EDGE('',*,*,#1652,.T.);
#2160=ORIENTED_EDGE('',*,*,#1653,.T.);
#2161=ORIENTED_EDGE('',*,*,#1654,.T.);
#2162=ORIENTED_EDGE('',*,*,#1651,.F.);
#2163=ORIENTED_EDGE('',*,*,#1655,.F.);
#2164=ORIENTED_EDGE('',*,*,#1656,.F.);
#2165=ORIENTED_EDGE('',*,*,#1657,.F.);
#2166=ORIENTED_EDGE('',*,*,#1658,.T.);
#2167=ORIENTED_EDGE('',*,*,#1641,.F.);
#2168=ORIENTED_EDGE('',*,*,#1659,.F.);
#2169=ORIENTED_EDGE('',*,*,#1653,.F.);
#2170=ORIENTED_EDGE('',*,*,#1652,.F.);
#2171=ORIENTED_EDGE('',*,*,#1650,.F.);
#2172=ORIENTED_EDGE('',*,*,#1646,.T.);
#2173=ORIENTED_EDGE('',*,*,#1642,.F.);
#2174=ORIENTED_EDGE('',*,*,#1658,.F.);
#2175=ORIENTED_EDGE('',*,*,#1649,.F.);
#2176=ORIENTED_EDGE('',*,*,#1616,.T.);
#2177=ORIENTED_EDGE('',*,*,#1660,.F.);
#2178=ORIENTED_EDGE('',*,*,#1661,.T.);
#2179=ORIENTED_EDGE('',*,*,#1647,.T.);
#2180=ORIENTED_EDGE('',*,*,#1654,.F.);
#2181=ORIENTED_EDGE('',*,*,#1662,.T.);
#2182=ORIENTED_EDGE('',*,*,#1663,.T.);
#2183=ORIENTED_EDGE('',*,*,#1664,.F.);
#2184=ORIENTED_EDGE('',*,*,#1618,.T.);
#2185=ORIENTED_EDGE('',*,*,#1663,.F.);
#2186=ORIENTED_EDGE('',*,*,#1665,.T.);
#2187=ORIENTED_EDGE('',*,*,#1666,.T.);
#2188=ORIENTED_EDGE('',*,*,#1667,.F.);
#2189=ORIENTED_EDGE('',*,*,#1644,.T.);
#2190=ORIENTED_EDGE('',*,*,#1661,.F.);
#2191=ORIENTED_EDGE('',*,*,#1634,.F.);
#2192=ORIENTED_EDGE('',*,*,#1668,.F.);
#2193=ORIENTED_EDGE('',*,*,#1665,.F.);
#2194=ORIENTED_EDGE('',*,*,#1669,.T.);
#2195=ORIENTED_EDGE('',*,*,#1639,.F.);
#2196=ORIENTED_EDGE('',*,*,#1669,.F.);
#2197=ORIENTED_EDGE('',*,*,#1662,.F.);
#2198=ORIENTED_EDGE('',*,*,#1659,.T.);
#2199=ORIENTED_EDGE('',*,*,#1670,.F.);
#2200=ORIENTED_EDGE('',*,*,#1671,.T.);
#2201=ORIENTED_EDGE('',*,*,#1672,.T.);
#2202=ORIENTED_EDGE('',*,*,#1656,.T.);
#2203=ORIENTED_EDGE('',*,*,#1673,.T.);
#2204=ORIENTED_EDGE('',*,*,#1674,.T.);
#2205=ORIENTED_EDGE('',*,*,#1673,.F.);
#2206=ORIENTED_EDGE('',*,*,#1655,.T.);
#2207=ORIENTED_EDGE('',*,*,#1675,.T.);
#2208=ORIENTED_EDGE('',*,*,#1672,.F.);
#2209=ORIENTED_EDGE('',*,*,#1676,.T.);
#2210=ORIENTED_EDGE('',*,*,#1657,.T.);
#2211=ORIENTED_EDGE('',*,*,#1670,.T.);
#2212=ORIENTED_EDGE('',*,*,#1677,.T.);
#2213=ORIENTED_EDGE('',*,*,#1678,.T.);
#2214=ORIENTED_EDGE('',*,*,#1679,.T.);
#2215=ORIENTED_EDGE('',*,*,#1680,.T.);
#2216=ORIENTED_EDGE('',*,*,#1681,.T.);
#2217=ORIENTED_EDGE('',*,*,#1674,.F.);
#2218=ORIENTED_EDGE('',*,*,#1682,.T.);
#2219=ORIENTED_EDGE('',*,*,#1683,.F.);
#2220=ORIENTED_EDGE('',*,*,#1677,.F.);
#2221=ORIENTED_EDGE('',*,*,#1684,.F.);
#2222=ORIENTED_EDGE('',*,*,#1685,.F.);
#2223=ORIENTED_EDGE('',*,*,#1680,.F.);
#2224=ORIENTED_EDGE('',*,*,#1686,.T.);
#2225=ORIENTED_EDGE('',*,*,#1685,.T.);
#2226=ORIENTED_EDGE('',*,*,#1687,.T.);
#2227=ORIENTED_EDGE('',*,*,#1688,.T.);
#2228=ORIENTED_EDGE('',*,*,#1689,.T.);
#2229=ORIENTED_EDGE('',*,*,#1690,.T.);
#2230=ORIENTED_EDGE('',*,*,#1691,.T.);
#2231=ORIENTED_EDGE('',*,*,#1692,.T.);
#2232=ORIENTED_EDGE('',*,*,#1688,.F.);
#2233=ORIENTED_EDGE('',*,*,#1693,.F.);
#2234=ORIENTED_EDGE('',*,*,#1694,.F.);
#2235=ORIENTED_EDGE('',*,*,#1678,.F.);
#2236=ORIENTED_EDGE('',*,*,#1695,.T.);
#2237=ORIENTED_EDGE('',*,*,#1696,.T.);
#2238=ORIENTED_EDGE('',*,*,#1694,.T.);
#2239=ORIENTED_EDGE('',*,*,#1697,.T.);
#2240=ORIENTED_EDGE('',*,*,#1698,.F.);
#2241=ORIENTED_EDGE('',*,*,#1699,.F.);
#2242=ORIENTED_EDGE('',*,*,#1700,.F.);
#2243=ORIENTED_EDGE('',*,*,#1701,.T.);
#2244=ORIENTED_EDGE('',*,*,#1702,.T.);
#2245=ORIENTED_EDGE('',*,*,#1699,.T.);
#2246=ORIENTED_EDGE('',*,*,#1703,.T.);
#2247=ORIENTED_EDGE('',*,*,#1704,.T.);
#2248=ORIENTED_EDGE('',*,*,#1693,.T.);
#2249=ORIENTED_EDGE('',*,*,#1683,.T.);
#2250=ORIENTED_EDGE('',*,*,#1705,.T.);
#2251=ORIENTED_EDGE('',*,*,#1706,.T.);
#2252=ORIENTED_EDGE('',*,*,#1707,.F.);
#2253=ORIENTED_EDGE('',*,*,#1708,.F.);
#2254=ORIENTED_EDGE('',*,*,#1709,.F.);
#2255=ORIENTED_EDGE('',*,*,#1700,.T.);
#2256=ORIENTED_EDGE('',*,*,#1710,.T.);
#2257=ORIENTED_EDGE('',*,*,#1708,.T.);
#2258=ORIENTED_EDGE('',*,*,#1711,.T.);
#2259=ORIENTED_EDGE('',*,*,#1712,.T.);
#2260=ORIENTED_EDGE('',*,*,#1713,.T.);
#2261=ORIENTED_EDGE('',*,*,#1709,.T.);
#2262=ORIENTED_EDGE('',*,*,#1714,.T.);
#2263=ORIENTED_EDGE('',*,*,#1715,.T.);
#2264=ORIENTED_EDGE('',*,*,#1716,.T.);
#2265=ORIENTED_EDGE('',*,*,#1717,.T.);
#2266=ORIENTED_EDGE('',*,*,#1706,.F.);
#2267=ORIENTED_EDGE('',*,*,#1718,.T.);
#2268=ORIENTED_EDGE('',*,*,#1707,.T.);
#2269=ORIENTED_EDGE('',*,*,#1719,.T.);
#2270=ORIENTED_EDGE('',*,*,#1716,.F.);
#2271=ORIENTED_EDGE('',*,*,#1720,.T.);
#2272=ORIENTED_EDGE('',*,*,#1721,.T.);
#2273=ORIENTED_EDGE('',*,*,#1698,.T.);
#2274=ORIENTED_EDGE('',*,*,#1722,.T.);
#2275=ORIENTED_EDGE('',*,*,#1723,.T.);
#2276=ORIENTED_EDGE('',*,*,#1691,.F.);
#2277=ORIENTED_EDGE('',*,*,#1724,.T.);
#2278=ORIENTED_EDGE('',*,*,#1725,.T.);
#2279=ORIENTED_EDGE('',*,*,#1684,.T.);
#2280=ORIENTED_EDGE('',*,*,#1726,.T.);
#2281=ORIENTED_EDGE('',*,*,#1692,.F.);
#2282=ORIENTED_EDGE('',*,*,#1723,.F.);
#2283=ORIENTED_EDGE('',*,*,#1727,.F.);
#2284=ORIENTED_EDGE('',*,*,#1720,.F.);
#2285=ORIENTED_EDGE('',*,*,#1715,.F.);
#2286=ORIENTED_EDGE('',*,*,#1705,.F.);
#2287=ORIENTED_EDGE('',*,*,#1682,.F.);
#2288=ORIENTED_EDGE('',*,*,#1675,.F.);
#2289=ORIENTED_EDGE('',*,*,#1676,.F.);
#2290=ORIENTED_EDGE('',*,*,#1728,.F.);
#2291=ORIENTED_EDGE('',*,*,#1689,.F.);
#2292=ORIENTED_EDGE('',*,*,#1722,.F.);
#2293=ORIENTED_EDGE('',*,*,#1711,.F.);
#2294=ORIENTED_EDGE('',*,*,#1718,.F.);
#2295=ORIENTED_EDGE('',*,*,#1727,.T.);
#2296=ORIENTED_EDGE('',*,*,#1714,.F.);
#2297=ORIENTED_EDGE('',*,*,#1710,.F.);
#2298=ORIENTED_EDGE('',*,*,#1702,.F.);
#2299=ORIENTED_EDGE('',*,*,#1729,.T.);
#2300=ORIENTED_EDGE('',*,*,#1703,.F.);
#2301=ORIENTED_EDGE('',*,*,#1721,.F.);
#2302=ORIENTED_EDGE('',*,*,#1690,.F.);
#2303=ORIENTED_EDGE('',*,*,#1687,.F.);
#2304=ORIENTED_EDGE('',*,*,#1725,.F.);
#2305=ORIENTED_EDGE('',*,*,#1730,.T.);
#2306=ORIENTED_EDGE('',*,*,#1731,.T.);
#2307=ORIENTED_EDGE('',*,*,#1732,.T.);
#2308=ORIENTED_EDGE('',*,*,#1671,.F.);
#2309=ORIENTED_EDGE('',*,*,#1681,.F.);
#2310=ORIENTED_EDGE('',*,*,#1686,.F.);
#2311=ORIENTED_EDGE('',*,*,#1728,.T.);
#2312=ORIENTED_EDGE('',*,*,#1696,.F.);
#2313=ORIENTED_EDGE('',*,*,#1733,.T.);
#2314=ORIENTED_EDGE('',*,*,#1726,.F.);
#2315=ORIENTED_EDGE('',*,*,#1679,.F.);
#2316=ORIENTED_EDGE('',*,*,#1713,.F.);
#2317=ORIENTED_EDGE('',*,*,#1734,.F.);
#2318=ORIENTED_EDGE('',*,*,#1735,.F.);
#2319=ORIENTED_EDGE('',*,*,#1736,.F.);
#2320=ORIENTED_EDGE('',*,*,#1697,.F.);
#2321=ORIENTED_EDGE('',*,*,#1704,.F.);
#2322=ORIENTED_EDGE('',*,*,#1717,.F.);
#2323=ORIENTED_EDGE('',*,*,#1719,.F.);
#2324=ORIENTED_EDGE('',*,*,#1737,.T.);
#2325=ORIENTED_EDGE('',*,*,#1738,.F.);
#2326=ORIENTED_EDGE('',*,*,#1739,.F.);
#2327=ORIENTED_EDGE('',*,*,#1740,.F.);
#2328=ORIENTED_EDGE('',*,*,#1741,.F.);
#2329=ORIENTED_EDGE('',*,*,#1742,.F.);
#2330=ORIENTED_EDGE('',*,*,#1743,.F.);
#2331=ORIENTED_EDGE('',*,*,#1744,.F.);
#2332=ORIENTED_EDGE('',*,*,#1745,.F.);
#2333=ORIENTED_EDGE('',*,*,#1746,.F.);
#2334=ORIENTED_EDGE('',*,*,#1747,.F.);
#2335=ORIENTED_EDGE('',*,*,#1748,.F.);
#2336=ORIENTED_EDGE('',*,*,#1749,.F.);
#2337=ORIENTED_EDGE('',*,*,#1750,.T.);
#2338=ORIENTED_EDGE('',*,*,#1751,.T.);
#2339=ORIENTED_EDGE('',*,*,#1752,.T.);
#2340=ORIENTED_EDGE('',*,*,#1753,.F.);
#2341=ORIENTED_EDGE('',*,*,#1754,.F.);
#2342=ORIENTED_EDGE('',*,*,#1755,.T.);
#2343=ORIENTED_EDGE('',*,*,#1756,.T.);
#2344=ORIENTED_EDGE('',*,*,#1751,.F.);
#2345=ORIENTED_EDGE('',*,*,#1757,.T.);
#2346=ORIENTED_EDGE('',*,*,#1758,.T.);
#2347=ORIENTED_EDGE('',*,*,#1759,.F.);
#2348=ORIENTED_EDGE('',*,*,#1750,.F.);
#2349=ORIENTED_EDGE('',*,*,#1760,.F.);
#2350=ORIENTED_EDGE('',*,*,#1761,.F.);
#2351=ORIENTED_EDGE('',*,*,#1762,.T.);
#2352=ORIENTED_EDGE('',*,*,#1763,.T.);
#2353=ORIENTED_EDGE('',*,*,#1757,.F.);
#2354=ORIENTED_EDGE('',*,*,#1752,.F.);
#2355=ORIENTED_EDGE('',*,*,#1759,.T.);
#2356=ORIENTED_EDGE('',*,*,#1764,.F.);
#2357=ORIENTED_EDGE('',*,*,#1765,.F.);
#2358=ORIENTED_EDGE('',*,*,#1766,.T.);
#2359=ORIENTED_EDGE('',*,*,#1767,.F.);
#2360=ORIENTED_EDGE('',*,*,#1764,.T.);
#2361=ORIENTED_EDGE('',*,*,#1758,.F.);
#2362=ORIENTED_EDGE('',*,*,#1763,.F.);
#2363=ORIENTED_EDGE('',*,*,#1768,.T.);
#2364=ORIENTED_EDGE('',*,*,#1769,.T.);
#2365=ORIENTED_EDGE('',*,*,#1770,.T.);
#2366=ORIENTED_EDGE('',*,*,#1771,.T.);
#2367=ORIENTED_EDGE('',*,*,#1772,.T.);
#2368=ORIENTED_EDGE('',*,*,#1773,.T.);
#2369=ORIENTED_EDGE('',*,*,#1774,.T.);
#2370=ORIENTED_EDGE('',*,*,#1775,.T.);
#2371=ORIENTED_EDGE('',*,*,#1776,.T.);
#2372=ORIENTED_EDGE('',*,*,#1777,.F.);
#2373=ORIENTED_EDGE('',*,*,#1778,.F.);
#2374=ORIENTED_EDGE('',*,*,#1779,.F.);
#2375=ORIENTED_EDGE('',*,*,#1780,.T.);
#2376=ORIENTED_EDGE('',*,*,#1781,.F.);
#2377=ORIENTED_EDGE('',*,*,#1782,.F.);
#2378=ORIENTED_EDGE('',*,*,#1783,.F.);
#2379=ORIENTED_EDGE('',*,*,#1784,.F.);
#2380=ORIENTED_EDGE('',*,*,#1785,.F.);
#2381=ORIENTED_EDGE('',*,*,#1786,.T.);
#2382=ORIENTED_EDGE('',*,*,#1787,.T.);
#2383=ORIENTED_EDGE('',*,*,#1788,.T.);
#2384=ORIENTED_EDGE('',*,*,#1783,.T.);
#2385=ORIENTED_EDGE('',*,*,#1789,.T.);
#2386=ORIENTED_EDGE('',*,*,#1790,.F.);
#2387=ORIENTED_EDGE('',*,*,#1791,.F.);
#2388=ORIENTED_EDGE('',*,*,#1784,.T.);
#2389=ORIENTED_EDGE('',*,*,#1791,.T.);
#2390=ORIENTED_EDGE('',*,*,#1792,.T.);
#2391=ORIENTED_EDGE('',*,*,#1793,.F.);
#2392=ORIENTED_EDGE('',*,*,#1794,.T.);
#2393=ORIENTED_EDGE('',*,*,#1795,.F.);
#2394=ORIENTED_EDGE('',*,*,#1782,.T.);
#2395=ORIENTED_EDGE('',*,*,#1796,.F.);
#2396=ORIENTED_EDGE('',*,*,#1797,.F.);
#2397=ORIENTED_EDGE('',*,*,#1798,.T.);
#2398=ORIENTED_EDGE('',*,*,#1799,.F.);
#2399=ORIENTED_EDGE('',*,*,#1789,.F.);
#2400=ORIENTED_EDGE('',*,*,#1799,.T.);
#2401=ORIENTED_EDGE('',*,*,#1800,.F.);
#2402=ORIENTED_EDGE('',*,*,#1792,.F.);
#2403=ORIENTED_EDGE('',*,*,#1790,.T.);
#2404=ORIENTED_EDGE('',*,*,#1801,.T.);
#2405=ORIENTED_EDGE('',*,*,#1802,.T.);
#2406=ORIENTED_EDGE('',*,*,#1785,.T.);
#2407=ORIENTED_EDGE('',*,*,#1795,.T.);
#2408=ORIENTED_EDGE('',*,*,#1803,.T.);
#2409=ORIENTED_EDGE('',*,*,#1796,.T.);
#2410=ORIENTED_EDGE('',*,*,#1781,.T.);
#2411=ORIENTED_EDGE('',*,*,#1804,.T.);
#2412=ORIENTED_EDGE('',*,*,#1805,.T.);
#2413=ORIENTED_EDGE('',*,*,#1806,.T.);
#2414=ORIENTED_EDGE('',*,*,#1807,.T.);
#2415=ORIENTED_EDGE('',*,*,#1808,.T.);
#2416=ORIENTED_EDGE('',*,*,#1753,.T.);
#2417=ORIENTED_EDGE('',*,*,#1767,.T.);
#2418=ORIENTED_EDGE('',*,*,#1809,.T.);
#2419=ORIENTED_EDGE('',*,*,#1760,.T.);
#2420=ORIENTED_EDGE('',*,*,#1749,.T.);
#2421=ORIENTED_EDGE('',*,*,#1810,.T.);
#2422=ORIENTED_EDGE('',*,*,#1811,.T.);
#2423=ORIENTED_EDGE('',*,*,#1812,.T.);
#2424=ORIENTED_EDGE('',*,*,#1813,.T.);
#2425=ORIENTED_EDGE('',*,*,#1814,.T.);
#2426=ORIENTED_EDGE('',*,*,#1807,.F.);
#2427=ORIENTED_EDGE('',*,*,#1815,.F.);
#2428=ORIENTED_EDGE('',*,*,#1816,.T.);
#2429=ORIENTED_EDGE('',*,*,#1815,.T.);
#2430=ORIENTED_EDGE('',*,*,#1806,.F.);
#2431=ORIENTED_EDGE('',*,*,#1817,.F.);
#2432=ORIENTED_EDGE('',*,*,#1818,.T.);
#2433=ORIENTED_EDGE('',*,*,#1817,.T.);
#2434=ORIENTED_EDGE('',*,*,#1805,.F.);
#2435=ORIENTED_EDGE('',*,*,#1819,.F.);
#2436=ORIENTED_EDGE('',*,*,#1820,.F.);
#2437=ORIENTED_EDGE('',*,*,#1813,.F.);
#2438=ORIENTED_EDGE('',*,*,#1816,.F.);
#2439=ORIENTED_EDGE('',*,*,#1818,.F.);
#2440=ORIENTED_EDGE('',*,*,#1821,.T.);
#2441=ORIENTED_EDGE('',*,*,#1761,.T.);
#2442=ORIENTED_EDGE('',*,*,#1809,.F.);
#2443=ORIENTED_EDGE('',*,*,#1766,.F.);
#2444=ORIENTED_EDGE('',*,*,#1762,.F.);
#2445=ORIENTED_EDGE('',*,*,#1821,.F.);
#2446=ORIENTED_EDGE('',*,*,#1765,.T.);
#2447=ORIENTED_EDGE('',*,*,#1768,.F.);
#2448=ORIENTED_EDGE('',*,*,#1822,.T.);
#2449=ORIENTED_EDGE('',*,*,#1797,.T.);
#2450=ORIENTED_EDGE('',*,*,#1803,.F.);
#2451=ORIENTED_EDGE('',*,*,#1794,.F.);
#2452=ORIENTED_EDGE('',*,*,#1798,.F.);
#2453=ORIENTED_EDGE('',*,*,#1822,.F.);
#2454=ORIENTED_EDGE('',*,*,#1793,.T.);
#2455=ORIENTED_EDGE('',*,*,#1800,.T.);
#2456=ORIENTED_EDGE('',*,*,#1823,.T.);
#2457=ORIENTED_EDGE('',*,*,#1824,.T.);
#2458=ORIENTED_EDGE('',*,*,#1811,.F.);
#2459=ORIENTED_EDGE('',*,*,#1825,.F.);
#2460=ORIENTED_EDGE('',*,*,#1826,.T.);
#2461=ORIENTED_EDGE('',*,*,#1827,.T.);
#2462=ORIENTED_EDGE('',*,*,#1801,.F.);
#2463=ORIENTED_EDGE('',*,*,#1828,.F.);
#2464=ORIENTED_EDGE('',*,*,#1829,.T.);
#2465=ORIENTED_EDGE('',*,*,#1828,.T.);
#2466=ORIENTED_EDGE('',*,*,#1812,.F.);
#2467=ORIENTED_EDGE('',*,*,#1824,.F.);
#2468=ORIENTED_EDGE('',*,*,#1829,.F.);
#2469=ORIENTED_EDGE('',*,*,#1823,.F.);
#2470=ORIENTED_EDGE('',*,*,#1830,.F.);
#2471=ORIENTED_EDGE('',*,*,#1826,.F.);
#2472=ORIENTED_EDGE('',*,*,#1779,.T.);
#2473=ORIENTED_EDGE('',*,*,#1831,.T.);
#2474=ORIENTED_EDGE('',*,*,#1832,.F.);
#2475=ORIENTED_EDGE('',*,*,#1833,.F.);
#2476=ORIENTED_EDGE('',*,*,#1777,.T.);
#2477=ORIENTED_EDGE('',*,*,#1834,.T.);
#2478=ORIENTED_EDGE('',*,*,#1835,.F.);
#2479=ORIENTED_EDGE('',*,*,#1836,.F.);
#2480=ORIENTED_EDGE('',*,*,#1778,.T.);
#2481=ORIENTED_EDGE('',*,*,#1836,.T.);
#2482=ORIENTED_EDGE('',*,*,#1837,.F.);
#2483=ORIENTED_EDGE('',*,*,#1831,.F.);
#2484=ORIENTED_EDGE('',*,*,#1837,.T.);
#2485=ORIENTED_EDGE('',*,*,#1835,.T.);
#2486=ORIENTED_EDGE('',*,*,#1838,.T.);
#2487=ORIENTED_EDGE('',*,*,#1832,.T.);
#2488=ORIENTED_EDGE('',*,*,#1772,.F.);
#2489=ORIENTED_EDGE('',*,*,#1839,.T.);
#2490=ORIENTED_EDGE('',*,*,#1840,.F.);
#2491=ORIENTED_EDGE('',*,*,#1841,.F.);
#2492=ORIENTED_EDGE('',*,*,#1773,.F.);
#2493=ORIENTED_EDGE('',*,*,#1841,.T.);
#2494=ORIENTED_EDGE('',*,*,#1842,.F.);
#2495=ORIENTED_EDGE('',*,*,#1843,.F.);
#2496=ORIENTED_EDGE('',*,*,#1774,.F.);
#2497=ORIENTED_EDGE('',*,*,#1843,.T.);
#2498=ORIENTED_EDGE('',*,*,#1844,.F.);
#2499=ORIENTED_EDGE('',*,*,#1845,.F.);
#2500=ORIENTED_EDGE('',*,*,#1845,.T.);
#2501=ORIENTED_EDGE('',*,*,#1846,.F.);
#2502=ORIENTED_EDGE('',*,*,#1839,.F.);
#2503=ORIENTED_EDGE('',*,*,#1771,.F.);
#2504=ORIENTED_EDGE('',*,*,#1847,.T.);
#2505=ORIENTED_EDGE('',*,*,#1731,.F.);
#2506=ORIENTED_EDGE('',*,*,#1848,.F.);
#2507=ORIENTED_EDGE('',*,*,#1775,.F.);
#2508=ORIENTED_EDGE('',*,*,#1846,.T.);
#2509=ORIENTED_EDGE('',*,*,#1844,.T.);
#2510=ORIENTED_EDGE('',*,*,#1842,.T.);
#2511=ORIENTED_EDGE('',*,*,#1840,.T.);
#2512=ORIENTED_EDGE('',*,*,#1787,.F.);
#2513=ORIENTED_EDGE('',*,*,#1849,.T.);
#2514=ORIENTED_EDGE('',*,*,#1850,.F.);
#2515=ORIENTED_EDGE('',*,*,#1851,.F.);
#2516=ORIENTED_EDGE('',*,*,#1788,.F.);
#2517=ORIENTED_EDGE('',*,*,#1851,.T.);
#2518=ORIENTED_EDGE('',*,*,#1852,.F.);
#2519=ORIENTED_EDGE('',*,*,#1853,.F.);
#2520=ORIENTED_EDGE('',*,*,#1769,.F.);
#2521=ORIENTED_EDGE('',*,*,#1853,.T.);
#2522=ORIENTED_EDGE('',*,*,#1854,.F.);
#2523=ORIENTED_EDGE('',*,*,#1855,.F.);
#2524=ORIENTED_EDGE('',*,*,#1854,.T.);
#2525=ORIENTED_EDGE('',*,*,#1852,.T.);
#2526=ORIENTED_EDGE('',*,*,#1850,.T.);
#2527=ORIENTED_EDGE('',*,*,#1856,.T.);
#2528=ORIENTED_EDGE('',*,*,#1857,.T.);
#2529=ORIENTED_EDGE('',*,*,#1858,.T.);
#2530=ORIENTED_EDGE('',*,*,#1859,.F.);
#2531=ORIENTED_EDGE('',*,*,#1744,.T.);
#2532=ORIENTED_EDGE('',*,*,#1860,.T.);
#2533=ORIENTED_EDGE('',*,*,#1734,.T.);
#2534=ORIENTED_EDGE('',*,*,#1712,.F.);
#2535=ORIENTED_EDGE('',*,*,#1729,.F.);
#2536=ORIENTED_EDGE('',*,*,#1701,.F.);
#2537=ORIENTED_EDGE('',*,*,#1732,.F.);
#2538=ORIENTED_EDGE('',*,*,#1847,.F.);
#2539=ORIENTED_EDGE('',*,*,#1770,.F.);
#2540=ORIENTED_EDGE('',*,*,#1855,.T.);
#2541=ORIENTED_EDGE('',*,*,#1856,.F.);
#2542=ORIENTED_EDGE('',*,*,#1849,.F.);
#2543=ORIENTED_EDGE('',*,*,#1786,.F.);
#2544=ORIENTED_EDGE('',*,*,#1802,.F.);
#2545=ORIENTED_EDGE('',*,*,#1827,.F.);
#2546=ORIENTED_EDGE('',*,*,#1830,.T.);
#2547=ORIENTED_EDGE('',*,*,#1825,.T.);
#2548=ORIENTED_EDGE('',*,*,#1810,.F.);
#2549=ORIENTED_EDGE('',*,*,#1748,.T.);
#2550=ORIENTED_EDGE('',*,*,#1747,.T.);
#2551=ORIENTED_EDGE('',*,*,#1861,.T.);
#2552=ORIENTED_EDGE('',*,*,#1862,.T.);
#2553=ORIENTED_EDGE('',*,*,#1857,.F.);
#2554=ORIENTED_EDGE('',*,*,#1746,.T.);
#2555=ORIENTED_EDGE('',*,*,#1863,.T.);
#2556=ORIENTED_EDGE('',*,*,#1864,.T.);
#2557=ORIENTED_EDGE('',*,*,#1861,.F.);
#2558=ORIENTED_EDGE('',*,*,#1745,.T.);
#2559=ORIENTED_EDGE('',*,*,#1859,.T.);
#2560=ORIENTED_EDGE('',*,*,#1865,.T.);
#2561=ORIENTED_EDGE('',*,*,#1863,.F.);
#2562=ORIENTED_EDGE('',*,*,#1865,.F.);
#2563=ORIENTED_EDGE('',*,*,#1858,.F.);
#2564=ORIENTED_EDGE('',*,*,#1862,.F.);
#2565=ORIENTED_EDGE('',*,*,#1864,.F.);
#2566=ORIENTED_EDGE('',*,*,#1742,.T.);
#2567=ORIENTED_EDGE('',*,*,#1866,.T.);
#2568=ORIENTED_EDGE('',*,*,#1867,.T.);
#2569=ORIENTED_EDGE('',*,*,#1868,.F.);
#2570=ORIENTED_EDGE('',*,*,#1741,.T.);
#2571=ORIENTED_EDGE('',*,*,#1869,.T.);
#2572=ORIENTED_EDGE('',*,*,#1870,.T.);
#2573=ORIENTED_EDGE('',*,*,#1866,.F.);
#2574=ORIENTED_EDGE('',*,*,#1740,.T.);
#2575=ORIENTED_EDGE('',*,*,#1871,.T.);
#2576=ORIENTED_EDGE('',*,*,#1872,.T.);
#2577=ORIENTED_EDGE('',*,*,#1869,.F.);
#2578=ORIENTED_EDGE('',*,*,#1868,.T.);
#2579=ORIENTED_EDGE('',*,*,#1873,.T.);
#2580=ORIENTED_EDGE('',*,*,#1871,.F.);
#2581=ORIENTED_EDGE('',*,*,#1739,.T.);
#2582=ORIENTED_EDGE('',*,*,#1874,.T.);
#2583=ORIENTED_EDGE('',*,*,#1735,.T.);
#2584=ORIENTED_EDGE('',*,*,#1860,.F.);
#2585=ORIENTED_EDGE('',*,*,#1743,.T.);
#2586=ORIENTED_EDGE('',*,*,#1873,.F.);
#2587=ORIENTED_EDGE('',*,*,#1867,.F.);
#2588=ORIENTED_EDGE('',*,*,#1870,.F.);
#2589=ORIENTED_EDGE('',*,*,#1872,.F.);
#2590=ORIENTED_EDGE('',*,*,#1755,.F.);
#2591=ORIENTED_EDGE('',*,*,#1875,.T.);
#2592=ORIENTED_EDGE('',*,*,#1876,.T.);
#2593=ORIENTED_EDGE('',*,*,#1877,.F.);
#2594=ORIENTED_EDGE('',*,*,#1878,.T.);
#2595=ORIENTED_EDGE('',*,*,#1879,.T.);
#2596=ORIENTED_EDGE('',*,*,#1875,.F.);
#2597=ORIENTED_EDGE('',*,*,#1754,.T.);
#2598=ORIENTED_EDGE('',*,*,#1808,.F.);
#2599=ORIENTED_EDGE('',*,*,#1814,.F.);
#2600=ORIENTED_EDGE('',*,*,#1820,.T.);
#2601=ORIENTED_EDGE('',*,*,#1819,.T.);
#2602=ORIENTED_EDGE('',*,*,#1804,.F.);
#2603=ORIENTED_EDGE('',*,*,#1780,.F.);
#2604=ORIENTED_EDGE('',*,*,#1833,.T.);
#2605=ORIENTED_EDGE('',*,*,#1838,.F.);
#2606=ORIENTED_EDGE('',*,*,#1834,.F.);
#2607=ORIENTED_EDGE('',*,*,#1776,.F.);
#2608=ORIENTED_EDGE('',*,*,#1848,.T.);
#2609=ORIENTED_EDGE('',*,*,#1730,.F.);
#2610=ORIENTED_EDGE('',*,*,#1724,.F.);
#2611=ORIENTED_EDGE('',*,*,#1733,.F.);
#2612=ORIENTED_EDGE('',*,*,#1695,.F.);
#2613=ORIENTED_EDGE('',*,*,#1736,.T.);
#2614=ORIENTED_EDGE('',*,*,#1874,.F.);
#2615=ORIENTED_EDGE('',*,*,#1738,.T.);
#2616=ORIENTED_EDGE('',*,*,#1737,.F.);
#2617=ORIENTED_EDGE('',*,*,#1880,.T.);
#2618=ORIENTED_EDGE('',*,*,#1881,.T.);
#2619=ORIENTED_EDGE('',*,*,#1878,.F.);
#2620=ORIENTED_EDGE('',*,*,#1756,.F.);
#2621=ORIENTED_EDGE('',*,*,#1877,.T.);
#2622=ORIENTED_EDGE('',*,*,#1882,.T.);
#2623=ORIENTED_EDGE('',*,*,#1880,.F.);
#2624=ORIENTED_EDGE('',*,*,#1882,.F.);
#2625=ORIENTED_EDGE('',*,*,#1876,.F.);
#2626=ORIENTED_EDGE('',*,*,#1879,.F.);
#2627=ORIENTED_EDGE('',*,*,#1881,.F.);
#2628=ORIENTED_EDGE('',*,*,#1668,.T.);
#2629=ORIENTED_EDGE('',*,*,#1633,.T.);
#2630=ORIENTED_EDGE('',*,*,#1645,.F.);
#2631=ORIENTED_EDGE('',*,*,#1883,.F.);
#2632=ORIENTED_EDGE('',*,*,#1884,.F.);
#2633=ORIENTED_EDGE('',*,*,#1885,.F.);
#2634=ORIENTED_EDGE('',*,*,#1886,.F.);
#2635=ORIENTED_EDGE('',*,*,#1887,.F.);
#2636=ORIENTED_EDGE('',*,*,#1888,.T.);
#2637=ORIENTED_EDGE('',*,*,#1889,.T.);
#2638=ORIENTED_EDGE('',*,*,#1890,.F.);
#2639=ORIENTED_EDGE('',*,*,#1891,.T.);
#2640=ORIENTED_EDGE('',*,*,#1892,.T.);
#2641=ORIENTED_EDGE('',*,*,#1893,.F.);
#2642=ORIENTED_EDGE('',*,*,#1894,.F.);
#2643=ORIENTED_EDGE('',*,*,#1895,.F.);
#2644=ORIENTED_EDGE('',*,*,#1896,.T.);
#2645=ORIENTED_EDGE('',*,*,#1897,.T.);
#2646=ORIENTED_EDGE('',*,*,#1898,.F.);
#2647=ORIENTED_EDGE('',*,*,#1899,.T.);
#2648=ORIENTED_EDGE('',*,*,#1900,.T.);
#2649=ORIENTED_EDGE('',*,*,#1901,.F.);
#2650=ORIENTED_EDGE('',*,*,#1902,.F.);
#2651=ORIENTED_EDGE('',*,*,#1903,.F.);
#2652=ORIENTED_EDGE('',*,*,#1904,.F.);
#2653=ORIENTED_EDGE('',*,*,#1905,.F.);
#2654=ORIENTED_EDGE('',*,*,#1667,.T.);
#2655=ORIENTED_EDGE('',*,*,#1906,.T.);
#2656=ORIENTED_EDGE('',*,*,#1907,.F.);
#2657=ORIENTED_EDGE('',*,*,#1908,.F.);
#2658=ORIENTED_EDGE('',*,*,#1883,.T.);
#2659=ORIENTED_EDGE('',*,*,#1664,.T.);
#2660=ORIENTED_EDGE('',*,*,#1909,.F.);
#2661=ORIENTED_EDGE('',*,*,#1910,.F.);
#2662=ORIENTED_EDGE('',*,*,#1911,.F.);
#2663=ORIENTED_EDGE('',*,*,#1912,.F.);
#2664=ORIENTED_EDGE('',*,*,#1913,.F.);
#2665=ORIENTED_EDGE('',*,*,#1914,.F.);
#2666=ORIENTED_EDGE('',*,*,#1906,.F.);
#2667=ORIENTED_EDGE('',*,*,#1660,.T.);
#2668=ORIENTED_EDGE('',*,*,#1915,.F.);
#2669=ORIENTED_EDGE('',*,*,#1916,.T.);
#2670=ORIENTED_EDGE('',*,*,#1917,.T.);
#2671=ORIENTED_EDGE('',*,*,#1613,.F.);
#2672=ORIENTED_EDGE('',*,*,#1917,.F.);
#2673=ORIENTED_EDGE('',*,*,#1918,.T.);
#2674=ORIENTED_EDGE('',*,*,#1919,.T.);
#2675=ORIENTED_EDGE('',*,*,#1611,.F.);
#2676=ORIENTED_EDGE('',*,*,#1919,.F.);
#2677=ORIENTED_EDGE('',*,*,#1920,.F.);
#2678=ORIENTED_EDGE('',*,*,#1921,.T.);
#2679=ORIENTED_EDGE('',*,*,#1922,.T.);
#2680=ORIENTED_EDGE('',*,*,#1921,.F.);
#2681=ORIENTED_EDGE('',*,*,#1922,.F.);
#2682=ORIENTED_EDGE('',*,*,#1916,.F.);
#2683=ORIENTED_EDGE('',*,*,#1923,.F.);
#2684=ORIENTED_EDGE('',*,*,#1924,.T.);
#2685=ORIENTED_EDGE('',*,*,#1925,.T.);
#2686=ORIENTED_EDGE('',*,*,#1924,.F.);
#2687=ORIENTED_EDGE('',*,*,#1925,.F.);
#2688=ORIENTED_EDGE('',*,*,#1918,.F.);
#2689=ORIENTED_EDGE('',*,*,#1926,.F.);
#2690=ORIENTED_EDGE('',*,*,#1920,.T.);
#2691=ORIENTED_EDGE('',*,*,#1923,.T.);
#2692=ORIENTED_EDGE('',*,*,#1910,.T.);
#2693=ORIENTED_EDGE('',*,*,#1927,.T.);
#2694=ORIENTED_EDGE('',*,*,#1928,.F.);
#2695=ORIENTED_EDGE('',*,*,#1929,.T.);
#2696=ORIENTED_EDGE('',*,*,#1914,.T.);
#2697=ORIENTED_EDGE('',*,*,#1930,.T.);
#2698=ORIENTED_EDGE('',*,*,#1931,.F.);
#2699=ORIENTED_EDGE('',*,*,#1907,.T.);
#2700=ORIENTED_EDGE('',*,*,#1931,.T.);
#2701=ORIENTED_EDGE('',*,*,#1932,.T.);
#2702=ORIENTED_EDGE('',*,*,#1933,.T.);
#2703=ORIENTED_EDGE('',*,*,#1908,.T.);
#2704=ORIENTED_EDGE('',*,*,#1934,.T.);
#2705=ORIENTED_EDGE('',*,*,#1884,.T.);
#2706=ORIENTED_EDGE('',*,*,#1933,.F.);
#2707=ORIENTED_EDGE('',*,*,#1935,.T.);
#2708=ORIENTED_EDGE('',*,*,#1936,.T.);
#2709=ORIENTED_EDGE('',*,*,#1937,.T.);
#2710=ORIENTED_EDGE('',*,*,#1938,.T.);
#2711=ORIENTED_EDGE('',*,*,#1886,.T.);
#2712=ORIENTED_EDGE('',*,*,#1939,.T.);
#2713=ORIENTED_EDGE('',*,*,#1940,.T.);
#2714=ORIENTED_EDGE('',*,*,#1938,.F.);
#2715=ORIENTED_EDGE('',*,*,#1941,.T.);
#2716=ORIENTED_EDGE('',*,*,#1942,.T.);
#2717=ORIENTED_EDGE('',*,*,#1943,.T.);
#2718=ORIENTED_EDGE('',*,*,#1939,.F.);
#2719=ORIENTED_EDGE('',*,*,#1944,.T.);
#2720=ORIENTED_EDGE('',*,*,#1945,.T.);
#2721=ORIENTED_EDGE('',*,*,#1946,.T.);
#2722=ORIENTED_EDGE('',*,*,#1942,.F.);
#2723=ORIENTED_EDGE('',*,*,#1947,.T.);
#2724=ORIENTED_EDGE('',*,*,#1948,.T.);
#2725=ORIENTED_EDGE('',*,*,#1949,.T.);
#2726=ORIENTED_EDGE('',*,*,#1945,.F.);
#2727=ORIENTED_EDGE('',*,*,#1950,.T.);
#2728=ORIENTED_EDGE('',*,*,#1951,.T.);
#2729=ORIENTED_EDGE('',*,*,#1952,.T.);
#2730=ORIENTED_EDGE('',*,*,#1948,.F.);
#2731=ORIENTED_EDGE('',*,*,#1953,.T.);
#2732=ORIENTED_EDGE('',*,*,#1954,.T.);
#2733=ORIENTED_EDGE('',*,*,#1955,.T.);
#2734=ORIENTED_EDGE('',*,*,#1951,.F.);
#2735=ORIENTED_EDGE('',*,*,#1956,.T.);
#2736=ORIENTED_EDGE('',*,*,#1957,.T.);
#2737=ORIENTED_EDGE('',*,*,#1958,.T.);
#2738=ORIENTED_EDGE('',*,*,#1954,.F.);
#2739=ORIENTED_EDGE('',*,*,#1959,.T.);
#2740=ORIENTED_EDGE('',*,*,#1960,.T.);
#2741=ORIENTED_EDGE('',*,*,#1894,.T.);
#2742=ORIENTED_EDGE('',*,*,#1957,.F.);
#2743=ORIENTED_EDGE('',*,*,#1961,.T.);
#2744=ORIENTED_EDGE('',*,*,#1962,.T.);
#2745=ORIENTED_EDGE('',*,*,#1963,.T.);
#2746=ORIENTED_EDGE('',*,*,#1960,.F.);
#2747=ORIENTED_EDGE('',*,*,#1964,.T.);
#2748=ORIENTED_EDGE('',*,*,#1965,.T.);
#2749=ORIENTED_EDGE('',*,*,#1966,.T.);
#2750=ORIENTED_EDGE('',*,*,#1962,.F.);
#2751=ORIENTED_EDGE('',*,*,#1967,.T.);
#2752=ORIENTED_EDGE('',*,*,#1968,.T.);
#2753=ORIENTED_EDGE('',*,*,#1969,.T.);
#2754=ORIENTED_EDGE('',*,*,#1965,.F.);
#2755=ORIENTED_EDGE('',*,*,#1970,.T.);
#2756=ORIENTED_EDGE('',*,*,#1971,.T.);
#2757=ORIENTED_EDGE('',*,*,#1972,.T.);
#2758=ORIENTED_EDGE('',*,*,#1968,.F.);
#2759=ORIENTED_EDGE('',*,*,#1973,.T.);
#2760=ORIENTED_EDGE('',*,*,#1974,.T.);
#2761=ORIENTED_EDGE('',*,*,#1975,.T.);
#2762=ORIENTED_EDGE('',*,*,#1971,.F.);
#2763=ORIENTED_EDGE('',*,*,#1976,.T.);
#2764=ORIENTED_EDGE('',*,*,#1977,.T.);
#2765=ORIENTED_EDGE('',*,*,#1978,.T.);
#2766=ORIENTED_EDGE('',*,*,#1974,.F.);
#2767=ORIENTED_EDGE('',*,*,#1979,.T.);
#2768=ORIENTED_EDGE('',*,*,#1980,.T.);
#2769=ORIENTED_EDGE('',*,*,#1981,.T.);
#2770=ORIENTED_EDGE('',*,*,#1977,.F.);
#2771=ORIENTED_EDGE('',*,*,#1982,.T.);
#2772=ORIENTED_EDGE('',*,*,#1983,.T.);
#2773=ORIENTED_EDGE('',*,*,#1902,.T.);
#2774=ORIENTED_EDGE('',*,*,#1980,.F.);
#2775=ORIENTED_EDGE('',*,*,#1984,.T.);
#2776=ORIENTED_EDGE('',*,*,#1936,.F.);
#2777=ORIENTED_EDGE('',*,*,#1885,.T.);
#2778=ORIENTED_EDGE('',*,*,#1934,.F.);
#2779=ORIENTED_EDGE('',*,*,#1985,.T.);
#2780=ORIENTED_EDGE('',*,*,#1986,.T.);
#2781=ORIENTED_EDGE('',*,*,#1903,.T.);
#2782=ORIENTED_EDGE('',*,*,#1983,.F.);
#2783=ORIENTED_EDGE('',*,*,#1987,.T.);
#2784=ORIENTED_EDGE('',*,*,#1928,.T.);
#2785=ORIENTED_EDGE('',*,*,#1988,.T.);
#2786=ORIENTED_EDGE('',*,*,#1989,.T.);
#2787=ORIENTED_EDGE('',*,*,#1990,.T.);
#2788=ORIENTED_EDGE('',*,*,#1989,.F.);
#2789=ORIENTED_EDGE('',*,*,#1904,.T.);
#2790=ORIENTED_EDGE('',*,*,#1986,.F.);
#2791=ORIENTED_EDGE('',*,*,#1991,.T.);
#2792=ORIENTED_EDGE('',*,*,#1929,.F.);
#2793=ORIENTED_EDGE('',*,*,#1990,.F.);
#2794=ORIENTED_EDGE('',*,*,#1991,.F.);
#2795=ORIENTED_EDGE('',*,*,#1987,.F.);
#2796=ORIENTED_EDGE('',*,*,#1992,.T.);
#2797=ORIENTED_EDGE('',*,*,#1993,.T.);
#2798=ORIENTED_EDGE('',*,*,#1994,.F.);
#2799=ORIENTED_EDGE('',*,*,#1911,.T.);
#2800=ORIENTED_EDGE('',*,*,#1995,.T.);
#2801=ORIENTED_EDGE('',*,*,#1996,.F.);
#2802=ORIENTED_EDGE('',*,*,#1992,.F.);
#2803=ORIENTED_EDGE('',*,*,#1984,.F.);
#2804=ORIENTED_EDGE('',*,*,#1982,.F.);
#2805=ORIENTED_EDGE('',*,*,#1979,.F.);
#2806=ORIENTED_EDGE('',*,*,#1997,.F.);
#2807=ORIENTED_EDGE('',*,*,#1976,.F.);
#2808=ORIENTED_EDGE('',*,*,#1998,.T.);
#2809=ORIENTED_EDGE('',*,*,#1999,.T.);
#2810=ORIENTED_EDGE('',*,*,#1997,.T.);
#2811=ORIENTED_EDGE('',*,*,#1973,.F.);
#2812=ORIENTED_EDGE('',*,*,#2000,.T.);
#2813=ORIENTED_EDGE('',*,*,#2001,.T.);
#2814=ORIENTED_EDGE('',*,*,#1998,.F.);
#2815=ORIENTED_EDGE('',*,*,#1970,.F.);
#2816=ORIENTED_EDGE('',*,*,#2002,.T.);
#2817=ORIENTED_EDGE('',*,*,#2003,.T.);
#2818=ORIENTED_EDGE('',*,*,#2000,.F.);
#2819=ORIENTED_EDGE('',*,*,#2004,.T.);
#2820=ORIENTED_EDGE('',*,*,#2002,.F.);
#2821=ORIENTED_EDGE('',*,*,#1967,.F.);
#2822=ORIENTED_EDGE('',*,*,#1964,.F.);
#2823=ORIENTED_EDGE('',*,*,#1961,.F.);
#2824=ORIENTED_EDGE('',*,*,#1959,.F.);
#2825=ORIENTED_EDGE('',*,*,#1956,.F.);
#2826=ORIENTED_EDGE('',*,*,#2005,.F.);
#2827=ORIENTED_EDGE('',*,*,#2006,.T.);
#2828=ORIENTED_EDGE('',*,*,#2007,.F.);
#2829=ORIENTED_EDGE('',*,*,#1666,.F.);
#2830=ORIENTED_EDGE('',*,*,#1905,.T.);
#2831=ORIENTED_EDGE('',*,*,#1988,.F.);
#2832=ORIENTED_EDGE('',*,*,#1927,.F.);
#2833=ORIENTED_EDGE('',*,*,#1909,.T.);
#2834=ORIENTED_EDGE('',*,*,#1953,.F.);
#2835=ORIENTED_EDGE('',*,*,#2008,.F.);
#2836=ORIENTED_EDGE('',*,*,#2009,.T.);
#2837=ORIENTED_EDGE('',*,*,#2005,.T.);
#2838=ORIENTED_EDGE('',*,*,#1950,.F.);
#2839=ORIENTED_EDGE('',*,*,#2010,.F.);
#2840=ORIENTED_EDGE('',*,*,#2011,.T.);
#2841=ORIENTED_EDGE('',*,*,#2008,.T.);
#2842=ORIENTED_EDGE('',*,*,#1947,.F.);
#2843=ORIENTED_EDGE('',*,*,#2012,.T.);
#2844=ORIENTED_EDGE('',*,*,#2013,.T.);
#2845=ORIENTED_EDGE('',*,*,#2010,.T.);
#2846=ORIENTED_EDGE('',*,*,#2014,.T.);
#2847=ORIENTED_EDGE('',*,*,#2012,.F.);
#2848=ORIENTED_EDGE('',*,*,#1944,.F.);
#2849=ORIENTED_EDGE('',*,*,#1941,.F.);
#2850=ORIENTED_EDGE('',*,*,#1937,.F.);
#2851=ORIENTED_EDGE('',*,*,#2015,.F.);
#2852=ORIENTED_EDGE('',*,*,#2016,.F.);
#2853=ORIENTED_EDGE('',*,*,#2017,.F.);
#2854=ORIENTED_EDGE('',*,*,#2018,.F.);
#2855=ORIENTED_EDGE('',*,*,#2019,.F.);
#2856=ORIENTED_EDGE('',*,*,#2020,.T.);
#2857=ORIENTED_EDGE('',*,*,#2021,.F.);
#2858=ORIENTED_EDGE('',*,*,#2020,.F.);
#2859=ORIENTED_EDGE('',*,*,#2022,.F.);
#2860=ORIENTED_EDGE('',*,*,#2023,.T.);
#2861=ORIENTED_EDGE('',*,*,#2024,.F.);
#2862=ORIENTED_EDGE('',*,*,#2023,.F.);
#2863=ORIENTED_EDGE('',*,*,#2025,.F.);
#2864=ORIENTED_EDGE('',*,*,#2026,.T.);
#2865=ORIENTED_EDGE('',*,*,#2027,.F.);
#2866=ORIENTED_EDGE('',*,*,#2028,.F.);
#2867=ORIENTED_EDGE('',*,*,#2026,.F.);
#2868=ORIENTED_EDGE('',*,*,#2029,.F.);
#2869=ORIENTED_EDGE('',*,*,#2030,.T.);
#2870=ORIENTED_EDGE('',*,*,#1888,.F.);
#2871=ORIENTED_EDGE('',*,*,#2019,.T.);
#2872=ORIENTED_EDGE('',*,*,#2031,.T.);
#2873=ORIENTED_EDGE('',*,*,#2032,.T.);
#2874=ORIENTED_EDGE('',*,*,#2029,.T.);
#2875=ORIENTED_EDGE('',*,*,#2025,.T.);
#2876=ORIENTED_EDGE('',*,*,#2022,.T.);
#2877=ORIENTED_EDGE('',*,*,#2033,.F.);
#2878=ORIENTED_EDGE('',*,*,#2034,.F.);
#2879=ORIENTED_EDGE('',*,*,#1889,.F.);
#2880=ORIENTED_EDGE('',*,*,#2030,.F.);
#2881=ORIENTED_EDGE('',*,*,#2032,.F.);
#2882=ORIENTED_EDGE('',*,*,#2035,.T.);
#2883=ORIENTED_EDGE('',*,*,#2036,.F.);
#2884=ORIENTED_EDGE('',*,*,#2037,.F.);
#2885=ORIENTED_EDGE('',*,*,#2035,.F.);
#2886=ORIENTED_EDGE('',*,*,#2031,.F.);
#2887=ORIENTED_EDGE('',*,*,#2018,.T.);
#2888=ORIENTED_EDGE('',*,*,#2038,.F.);
#2889=ORIENTED_EDGE('',*,*,#2039,.F.);
#2890=ORIENTED_EDGE('',*,*,#2040,.F.);
#2891=ORIENTED_EDGE('',*,*,#2041,.T.);
#2892=ORIENTED_EDGE('',*,*,#2042,.F.);
#2893=ORIENTED_EDGE('',*,*,#2041,.F.);
#2894=ORIENTED_EDGE('',*,*,#2043,.F.);
#2895=ORIENTED_EDGE('',*,*,#2044,.T.);
#2896=ORIENTED_EDGE('',*,*,#2045,.F.);
#2897=ORIENTED_EDGE('',*,*,#2044,.F.);
#2898=ORIENTED_EDGE('',*,*,#2046,.F.);
#2899=ORIENTED_EDGE('',*,*,#2047,.T.);
#2900=ORIENTED_EDGE('',*,*,#2048,.F.);
#2901=ORIENTED_EDGE('',*,*,#2049,.F.);
#2902=ORIENTED_EDGE('',*,*,#2047,.F.);
#2903=ORIENTED_EDGE('',*,*,#2050,.F.);
#2904=ORIENTED_EDGE('',*,*,#2051,.T.);
#2905=ORIENTED_EDGE('',*,*,#1891,.F.);
#2906=ORIENTED_EDGE('',*,*,#2052,.T.);
#2907=ORIENTED_EDGE('',*,*,#2053,.T.);
#2908=ORIENTED_EDGE('',*,*,#2050,.T.);
#2909=ORIENTED_EDGE('',*,*,#2046,.T.);
#2910=ORIENTED_EDGE('',*,*,#2043,.T.);
#2911=ORIENTED_EDGE('',*,*,#2040,.T.);
#2912=ORIENTED_EDGE('',*,*,#2054,.F.);
#2913=ORIENTED_EDGE('',*,*,#2055,.F.);
#2914=ORIENTED_EDGE('',*,*,#2056,.F.);
#2915=ORIENTED_EDGE('',*,*,#2057,.F.);
#2916=ORIENTED_EDGE('',*,*,#2052,.F.);
#2917=ORIENTED_EDGE('',*,*,#2039,.T.);
#2918=ORIENTED_EDGE('',*,*,#2058,.F.);
#2919=ORIENTED_EDGE('',*,*,#1892,.F.);
#2920=ORIENTED_EDGE('',*,*,#2051,.F.);
#2921=ORIENTED_EDGE('',*,*,#2053,.F.);
#2922=ORIENTED_EDGE('',*,*,#2057,.T.);
#2923=ORIENTED_EDGE('',*,*,#1955,.F.);
#2924=ORIENTED_EDGE('',*,*,#2059,.F.);
#2925=ORIENTED_EDGE('',*,*,#2055,.T.);
#2926=ORIENTED_EDGE('',*,*,#2038,.T.);
#2927=ORIENTED_EDGE('',*,*,#2042,.T.);
#2928=ORIENTED_EDGE('',*,*,#2045,.T.);
#2929=ORIENTED_EDGE('',*,*,#2060,.F.);
#2930=ORIENTED_EDGE('',*,*,#2036,.T.);
#2931=ORIENTED_EDGE('',*,*,#2017,.T.);
#2932=ORIENTED_EDGE('',*,*,#2021,.T.);
#2933=ORIENTED_EDGE('',*,*,#2024,.T.);
#2934=ORIENTED_EDGE('',*,*,#2061,.F.);
#2935=ORIENTED_EDGE('',*,*,#1943,.F.);
#2936=ORIENTED_EDGE('',*,*,#1946,.F.);
#2937=ORIENTED_EDGE('',*,*,#1949,.F.);
#2938=ORIENTED_EDGE('',*,*,#1952,.F.);
#2939=ORIENTED_EDGE('',*,*,#1940,.F.);
#2940=ORIENTED_EDGE('',*,*,#2061,.T.);
#2941=ORIENTED_EDGE('',*,*,#2027,.T.);
#2942=ORIENTED_EDGE('',*,*,#2028,.T.);
#2943=ORIENTED_EDGE('',*,*,#1887,.T.);
#2944=ORIENTED_EDGE('',*,*,#1958,.F.);
#2945=ORIENTED_EDGE('',*,*,#1893,.T.);
#2946=ORIENTED_EDGE('',*,*,#2058,.T.);
#2947=ORIENTED_EDGE('',*,*,#2056,.T.);
#2948=ORIENTED_EDGE('',*,*,#2059,.T.);
#2949=ORIENTED_EDGE('',*,*,#2062,.T.);
#2950=ORIENTED_EDGE('',*,*,#2063,.F.);
#2951=ORIENTED_EDGE('',*,*,#2062,.F.);
#2952=ORIENTED_EDGE('',*,*,#2064,.T.);
#2953=ORIENTED_EDGE('',*,*,#1899,.F.);
#2954=ORIENTED_EDGE('',*,*,#2065,.F.);
#2955=ORIENTED_EDGE('',*,*,#2066,.F.);
#2956=ORIENTED_EDGE('',*,*,#2067,.F.);
#2957=ORIENTED_EDGE('',*,*,#1900,.F.);
#2958=ORIENTED_EDGE('',*,*,#2064,.F.);
#2959=ORIENTED_EDGE('',*,*,#2068,.T.);
#2960=ORIENTED_EDGE('',*,*,#2069,.F.);
#2961=ORIENTED_EDGE('',*,*,#2068,.F.);
#2962=ORIENTED_EDGE('',*,*,#2070,.T.);
#2963=ORIENTED_EDGE('',*,*,#1896,.F.);
#2964=ORIENTED_EDGE('',*,*,#2071,.F.);
#2965=ORIENTED_EDGE('',*,*,#2072,.F.);
#2966=ORIENTED_EDGE('',*,*,#2073,.F.);
#2967=ORIENTED_EDGE('',*,*,#1897,.F.);
#2968=ORIENTED_EDGE('',*,*,#2070,.F.);
#2969=ORIENTED_EDGE('',*,*,#1978,.F.);
#2970=ORIENTED_EDGE('',*,*,#2074,.F.);
#2971=ORIENTED_EDGE('',*,*,#2066,.T.);
#2972=ORIENTED_EDGE('',*,*,#2075,.F.);
#2973=ORIENTED_EDGE('',*,*,#2072,.T.);
#2974=ORIENTED_EDGE('',*,*,#2076,.F.);
#2975=ORIENTED_EDGE('',*,*,#1966,.F.);
#2976=ORIENTED_EDGE('',*,*,#1969,.F.);
#2977=ORIENTED_EDGE('',*,*,#1972,.F.);
#2978=ORIENTED_EDGE('',*,*,#1975,.F.);
#2979=ORIENTED_EDGE('',*,*,#1963,.F.);
#2980=ORIENTED_EDGE('',*,*,#2076,.T.);
#2981=ORIENTED_EDGE('',*,*,#2071,.T.);
#2982=ORIENTED_EDGE('',*,*,#1895,.T.);
#2983=ORIENTED_EDGE('',*,*,#2065,.T.);
#2984=ORIENTED_EDGE('',*,*,#1898,.T.);
#2985=ORIENTED_EDGE('',*,*,#2073,.T.);
#2986=ORIENTED_EDGE('',*,*,#2075,.T.);
#2987=ORIENTED_EDGE('',*,*,#2013,.F.);
#2988=ORIENTED_EDGE('',*,*,#2014,.F.);
#2989=ORIENTED_EDGE('',*,*,#2077,.F.);
#2990=ORIENTED_EDGE('',*,*,#2006,.F.);
#2991=ORIENTED_EDGE('',*,*,#2009,.F.);
#2992=ORIENTED_EDGE('',*,*,#2011,.F.);
#2993=ORIENTED_EDGE('',*,*,#2078,.F.);
#2994=ORIENTED_EDGE('',*,*,#2079,.F.);
#2995=ORIENTED_EDGE('',*,*,#1999,.F.);
#2996=ORIENTED_EDGE('',*,*,#2001,.F.);
#2997=ORIENTED_EDGE('',*,*,#2003,.F.);
#2998=ORIENTED_EDGE('',*,*,#2004,.F.);
#2999=ORIENTED_EDGE('',*,*,#2080,.F.);
#3000=ORIENTED_EDGE('',*,*,#1995,.F.);
#3001=ORIENTED_EDGE('',*,*,#2081,.F.);
#3002=ORIENTED_EDGE('',*,*,#2082,.F.);
#3003=ORIENTED_EDGE('',*,*,#2033,.T.);
#3004=ORIENTED_EDGE('',*,*,#2083,.T.);
#3005=ORIENTED_EDGE('',*,*,#2078,.T.);
#3006=ORIENTED_EDGE('',*,*,#2083,.F.);
#3007=ORIENTED_EDGE('',*,*,#2054,.T.);
#3008=ORIENTED_EDGE('',*,*,#2084,.T.);
#3009=ORIENTED_EDGE('',*,*,#2079,.T.);
#3010=ORIENTED_EDGE('',*,*,#2084,.F.);
#3011=ORIENTED_EDGE('',*,*,#1981,.F.);
#3012=ORIENTED_EDGE('',*,*,#1901,.T.);
#3013=ORIENTED_EDGE('',*,*,#2067,.T.);
#3014=ORIENTED_EDGE('',*,*,#2074,.T.);
#3015=ORIENTED_EDGE('',*,*,#2037,.T.);
#3016=ORIENTED_EDGE('',*,*,#2060,.T.);
#3017=ORIENTED_EDGE('',*,*,#2048,.T.);
#3018=ORIENTED_EDGE('',*,*,#2049,.T.);
#3019=ORIENTED_EDGE('',*,*,#1890,.T.);
#3020=ORIENTED_EDGE('',*,*,#2034,.T.);
#3021=ORIENTED_EDGE('',*,*,#2082,.T.);
#3022=ORIENTED_EDGE('',*,*,#2085,.T.);
#3023=ORIENTED_EDGE('',*,*,#2063,.T.);
#3024=ORIENTED_EDGE('',*,*,#2085,.F.);
#3025=ORIENTED_EDGE('',*,*,#2081,.T.);
#3026=ORIENTED_EDGE('',*,*,#2086,.T.);
#3027=ORIENTED_EDGE('',*,*,#2069,.T.);
#3028=ORIENTED_EDGE('',*,*,#2086,.F.);
#3029=ORIENTED_EDGE('',*,*,#1994,.T.);
#3030=ORIENTED_EDGE('',*,*,#2087,.T.);
#3031=ORIENTED_EDGE('',*,*,#2088,.T.);
#3032=ORIENTED_EDGE('',*,*,#1912,.T.);
#3033=ORIENTED_EDGE('',*,*,#2080,.T.);
#3034=ORIENTED_EDGE('',*,*,#2007,.T.);
#3035=ORIENTED_EDGE('',*,*,#2077,.T.);
#3036=ORIENTED_EDGE('',*,*,#2016,.T.);
#3037=ORIENTED_EDGE('',*,*,#2089,.F.);
#3038=ORIENTED_EDGE('',*,*,#2087,.F.);
#3039=ORIENTED_EDGE('',*,*,#1993,.F.);
#3040=ORIENTED_EDGE('',*,*,#1996,.T.);
#3041=ORIENTED_EDGE('',*,*,#1926,.T.);
#3042=ORIENTED_EDGE('',*,*,#2090,.T.);
#3043=ORIENTED_EDGE('',*,*,#2091,.T.);
#3044=ORIENTED_EDGE('',*,*,#2090,.F.);
#3045=ORIENTED_EDGE('',*,*,#2092,.F.);
#3046=ORIENTED_EDGE('',*,*,#2093,.T.);
#3047=ORIENTED_EDGE('',*,*,#2091,.F.);
#3048=ORIENTED_EDGE('',*,*,#2093,.F.);
#3049=ORIENTED_EDGE('',*,*,#1615,.T.);
#3050=ORIENTED_EDGE('',*,*,#2094,.T.);
#3051=ORIENTED_EDGE('',*,*,#2092,.T.);
#3052=ORIENTED_EDGE('',*,*,#2094,.F.);
#3053=ORIENTED_EDGE('',*,*,#1619,.T.);
#3054=ORIENTED_EDGE('',*,*,#1915,.T.);
#3055=ORIENTED_EDGE('',*,*,#1930,.F.);
#3056=ORIENTED_EDGE('',*,*,#1913,.T.);
#3057=ORIENTED_EDGE('',*,*,#2088,.F.);
#3058=ORIENTED_EDGE('',*,*,#2089,.T.);
#3059=ORIENTED_EDGE('',*,*,#2015,.T.);
#3060=ORIENTED_EDGE('',*,*,#1985,.F.);
#3061=ORIENTED_EDGE('',*,*,#1935,.F.);
#3062=ORIENTED_EDGE('',*,*,#1932,.F.);
#3063=PLANE('',#3365);
#3064=PLANE('',#3368);
#3065=PLANE('',#3371);
#3066=PLANE('',#3379);
#3067=PLANE('',#3389);
#3068=PLANE('',#3396);
#3069=PLANE('',#3397);
#3070=PLANE('',#3414);
#3071=PLANE('',#3423);
#3072=PLANE('',#3461);
#3073=PLANE('',#3462);
#3074=PLANE('',#3463);
#3075=PLANE('',#3464);
#3076=PLANE('',#3465);
#3077=PLANE('',#3466);
#3078=PLANE('',#3467);
#3079=PLANE('',#3468);
#3080=PLANE('',#3469);
#3081=PLANE('',#3470);
#3082=PLANE('',#3471);
#3083=PLANE('',#3472);
#3084=PLANE('',#3473);
#3085=PLANE('',#3474);
#3086=PLANE('',#3475);
#3087=PLANE('',#3476);
#3088=PLANE('',#3477);
#3089=PLANE('',#3478);
#3090=PLANE('',#3479);
#3091=PLANE('',#3480);
#3092=PLANE('',#3481);
#3093=PLANE('',#3482);
#3094=PLANE('',#3483);
#3095=PLANE('',#3484);
#3096=PLANE('',#3485);
#3097=PLANE('',#3486);
#3098=PLANE('',#3487);
#3099=PLANE('',#3488);
#3100=PLANE('',#3489);
#3101=PLANE('',#3490);
#3102=PLANE('',#3491);
#3103=PLANE('',#3492);
#3104=PLANE('',#3493);
#3105=PLANE('',#3494);
#3106=PLANE('',#3495);
#3107=PLANE('',#3496);
#3108=PLANE('',#3497);
#3109=PLANE('',#3498);
#3110=PLANE('',#3499);
#3111=PLANE('',#3500);
#3112=PLANE('',#3501);
#3113=PLANE('',#3502);
#3114=PLANE('',#3503);
#3115=PLANE('',#3504);
#3116=PLANE('',#3505);
#3117=PLANE('',#3506);
#3118=PLANE('',#3507);
#3119=PLANE('',#3508);
#3120=PLANE('',#3509);
#3121=PLANE('',#3510);
#3122=PLANE('',#3511);
#3123=PLANE('',#3512);
#3124=PLANE('',#3513);
#3125=PLANE('',#3514);
#3126=PLANE('',#3515);
#3127=PLANE('',#3516);
#3128=PLANE('',#3517);
#3129=PLANE('',#3518);
#3130=PLANE('',#3531);
#3131=PLANE('',#3542);
#3132=PLANE('',#3546);
#3133=PLANE('',#3547);
#3134=PLANE('',#3554);
#3135=PLANE('',#3558);
#3136=PLANE('',#3562);
#3137=PLANE('',#3571);
#3138=PLANE('',#3575);
#3139=PLANE('',#3579);
#3140=PLANE('',#3586);
#3141=PLANE('',#3590);
#3142=PLANE('',#3593);
#3143=PLANE('',#3598);
#3144=PLANE('',#3601);
#3145=PLANE('',#3603);
#3146=PLANE('',#3604);
#3147=PLANE('',#3605);
#3148=PLANE('',#3607);
#3149=PLANE('',#3609);
#3150=PLANE('',#3611);
#3151=PLANE('',#3613);
#3152=PLANE('',#3615);
#3153=PLANE('',#3616);
#3154=PLANE('',#3617);
#3155=PLANE('',#3619);
#3156=PLANE('',#3621);
#3157=PLANE('',#3623);
#3158=PLANE('',#3625);
#3159=PLANE('',#3627);
#3160=PLANE('',#3630);
#3161=PLANE('',#3635);
#3162=PLANE('',#3640);
#3163=PLANE('',#3643);
#3164=PLANE('',#3646);
#3165=ADVANCED_FACE('',(#814,#798),#3063,.F.);
#3166=ADVANCED_FACE('',(#815,#799),#3064,.F.);
#3167=ADVANCED_FACE('',(#816),#3065,.F.);
#3168=ADVANCED_FACE('',(#817),#114,.F.);
#3169=ADVANCED_FACE('',(#818),#115,.F.);
#3170=ADVANCED_FACE('',(#819),#3066,.T.);
#3171=ADVANCED_FACE('',(#820),#97,.T.);
#3172=ADVANCED_FACE('',(#821),#98,.F.);
#3173=ADVANCED_FACE('',(#822),#99,.T.);
#3174=ADVANCED_FACE('',(#823),#3067,.T.);
#3175=ADVANCED_FACE('',(#824),#100,.T.);
#3176=ADVANCED_FACE('',(#825),#116,.T.);
#3177=ADVANCED_FACE('',(#826),#3068,.T.);
#3178=ADVANCED_FACE('',(#827,#800,#801),#3069,.T.);
#3179=ADVANCED_FACE('',(#828),#85,.T.);
#3180=ADVANCED_FACE('',(#829),#41,.F.);
#3181=ADVANCED_FACE('',(#830),#86,.T.);
#3182=ADVANCED_FACE('',(#831),#117,.T.);
#3183=ADVANCED_FACE('',(#832),#118,.T.);
#3184=ADVANCED_FACE('',(#833),#119,.T.);
#3185=ADVANCED_FACE('',(#834),#35,.T.);
#3186=ADVANCED_FACE('',(#835),#36,.T.);
#3187=ADVANCED_FACE('',(#836),#120,.T.);
#3188=ADVANCED_FACE('',(#837),#3070,.T.);
#3189=ADVANCED_FACE('',(#838),#42,.F.);
#3190=ADVANCED_FACE('',(#839),#87,.T.);
#3191=ADVANCED_FACE('',(#840),#88,.T.);
#3192=ADVANCED_FACE('',(#841),#121,.F.);
#3193=ADVANCED_FACE('',(#842),#3071,.F.);
#3194=ADVANCED_FACE('',(#843),#37,.F.);
#3195=ADVANCED_FACE('',(#844),#122,.F.);
#3196=ADVANCED_FACE('',(#845),#123,.F.);
#3197=ADVANCED_FACE('',(#846),#38,.F.);
#3198=ADVANCED_FACE('',(#847),#124,.F.);
#3199=ADVANCED_FACE('',(#848),#39,.F.);
#3200=ADVANCED_FACE('',(#849),#125,.F.);
#3201=ADVANCED_FACE('',(#850),#126,.F.);
#3202=ADVANCED_FACE('',(#851),#40,.F.);
#3203=ADVANCED_FACE('',(#852),#127,.F.);
#3204=ADVANCED_FACE('',(#853),#128,.F.);
#3205=ADVANCED_FACE('',(#854),#129,.F.);
#3206=ADVANCED_FACE('',(#855),#130,.F.);
#3207=ADVANCED_FACE('',(#856),#131,.F.);
#3208=ADVANCED_FACE('',(#857),#132,.F.);
#3209=ADVANCED_FACE('',(#858),#3072,.T.);
#3210=ADVANCED_FACE('',(#859),#3073,.T.);
#3211=ADVANCED_FACE('',(#860),#3074,.T.);
#3212=ADVANCED_FACE('',(#861),#3075,.T.);
#3213=ADVANCED_FACE('',(#862),#3076,.F.);
#3214=ADVANCED_FACE('',(#863),#3077,.T.);
#3215=ADVANCED_FACE('',(#864),#3078,.F.);
#3216=ADVANCED_FACE('',(#865),#3079,.T.);
#3217=ADVANCED_FACE('',(#866),#3080,.F.);
#3218=ADVANCED_FACE('',(#867),#3081,.F.);
#3219=ADVANCED_FACE('',(#868),#3082,.F.);
#3220=ADVANCED_FACE('',(#869),#3083,.F.);
#3221=ADVANCED_FACE('',(#870),#3084,.F.);
#3222=ADVANCED_FACE('',(#871),#3085,.T.);
#3223=ADVANCED_FACE('',(#872),#3086,.T.);
#3224=ADVANCED_FACE('',(#873),#3087,.T.);
#3225=ADVANCED_FACE('',(#874),#3088,.T.);
#3226=ADVANCED_FACE('',(#875),#3089,.F.);
#3227=ADVANCED_FACE('',(#876),#3090,.T.);
#3228=ADVANCED_FACE('',(#877),#3091,.T.);
#3229=ADVANCED_FACE('',(#878),#3092,.T.);
#3230=ADVANCED_FACE('',(#879),#3093,.T.);
#3231=ADVANCED_FACE('',(#880),#3094,.T.);
#3232=ADVANCED_FACE('',(#881),#3095,.T.);
#3233=ADVANCED_FACE('',(#882),#3096,.T.);
#3234=ADVANCED_FACE('',(#883),#3097,.T.);
#3235=ADVANCED_FACE('',(#884),#3098,.T.);
#3236=ADVANCED_FACE('',(#885),#3099,.T.);
#3237=ADVANCED_FACE('',(#886),#3100,.T.);
#3238=ADVANCED_FACE('',(#887),#3101,.T.);
#3239=ADVANCED_FACE('',(#888),#3102,.T.);
#3240=ADVANCED_FACE('',(#889),#3103,.T.);
#3241=ADVANCED_FACE('',(#890),#3104,.T.);
#3242=ADVANCED_FACE('',(#891),#3105,.T.);
#3243=ADVANCED_FACE('',(#892),#3106,.T.);
#3244=ADVANCED_FACE('',(#893),#3107,.T.);
#3245=ADVANCED_FACE('',(#894),#3108,.T.);
#3246=ADVANCED_FACE('',(#895),#3109,.T.);
#3247=ADVANCED_FACE('',(#896),#3110,.T.);
#3248=ADVANCED_FACE('',(#897),#3111,.T.);
#3249=ADVANCED_FACE('',(#898),#3112,.T.);
#3250=ADVANCED_FACE('',(#899),#3113,.T.);
#3251=ADVANCED_FACE('',(#900),#3114,.T.);
#3252=ADVANCED_FACE('',(#901),#3115,.F.);
#3253=ADVANCED_FACE('',(#902),#3116,.F.);
#3254=ADVANCED_FACE('',(#903),#3117,.F.);
#3255=ADVANCED_FACE('',(#904),#3118,.F.);
#3256=ADVANCED_FACE('',(#905),#3119,.F.);
#3257=ADVANCED_FACE('',(#906),#3120,.F.);
#3258=ADVANCED_FACE('',(#907),#3121,.F.);
#3259=ADVANCED_FACE('',(#908),#3122,.F.);
#3260=ADVANCED_FACE('',(#909),#3123,.F.);
#3261=ADVANCED_FACE('',(#910),#3124,.F.);
#3262=ADVANCED_FACE('',(#911),#3125,.F.);
#3263=ADVANCED_FACE('',(#912),#3126,.F.);
#3264=ADVANCED_FACE('',(#913),#3127,.F.);
#3265=ADVANCED_FACE('',(#914),#3128,.F.);
#3266=ADVANCED_FACE('',(#915),#3129,.F.);
#3267=ADVANCED_FACE('',(#916),#133,.T.);
#3268=ADVANCED_FACE('',(#917),#43,.F.);
#3269=ADVANCED_FACE('',(#918),#3130,.F.);
#3270=ADVANCED_FACE('',(#919),#134,.F.);
#3271=ADVANCED_FACE('',(#920),#135,.F.);
#3272=ADVANCED_FACE('',(#921),#136,.F.);
#3273=ADVANCED_FACE('',(#922,#802),#3131,.T.);
#3274=ADVANCED_FACE('',(#923),#137,.F.);
#3275=ADVANCED_FACE('',(#924,#803),#3132,.T.);
#3276=ADVANCED_FACE('',(#925,#804,#805),#3133,.T.);
#3277=ADVANCED_FACE('',(#926),#89,.T.);
#3278=ADVANCED_FACE('',(#927),#90,.T.);
#3279=ADVANCED_FACE('',(#928),#91,.T.);
#3280=ADVANCED_FACE('',(#929),#92,.T.);
#3281=ADVANCED_FACE('',(#930),#101,.T.);
#3282=ADVANCED_FACE('',(#931),#102,.F.);
#3283=ADVANCED_FACE('',(#932),#3134,.T.);
#3284=ADVANCED_FACE('',(#933),#103,.T.);
#3285=ADVANCED_FACE('',(#934),#3135,.T.);
#3286=ADVANCED_FACE('',(#935),#104,.T.);
#3287=ADVANCED_FACE('',(#936),#3136,.T.);
#3288=ADVANCED_FACE('',(#937),#105,.F.);
#3289=ADVANCED_FACE('',(#938),#106,.T.);
#3290=ADVANCED_FACE('',(#939),#107,.F.);
#3291=ADVANCED_FACE('',(#940),#3137,.T.);
#3292=ADVANCED_FACE('',(#941),#108,.T.);
#3293=ADVANCED_FACE('',(#942),#3138,.T.);
#3294=ADVANCED_FACE('',(#943),#109,.T.);
#3295=ADVANCED_FACE('',(#944),#3139,.T.);
#3296=ADVANCED_FACE('',(#945),#110,.F.);
#3297=ADVANCED_FACE('',(#946),#111,.T.);
#3298=ADVANCED_FACE('',(#947),#93,.T.);
#3299=ADVANCED_FACE('',(#948),#94,.T.);
#3300=ADVANCED_FACE('',(#949),#95,.T.);
#3301=ADVANCED_FACE('',(#950),#96,.T.);
#3302=ADVANCED_FACE('',(#951),#138,.F.);
#3303=ADVANCED_FACE('',(#952),#3140,.F.);
#3304=ADVANCED_FACE('',(#953),#139,.T.);
#3305=ADVANCED_FACE('',(#954),#3141,.T.);
#3306=ADVANCED_FACE('',(#955),#140,.T.);
#3307=ADVANCED_FACE('',(#956),#3142,.T.);
#3308=ADVANCED_FACE('',(#957),#44,.F.);
#3309=ADVANCED_FACE('',(#958),#141,.T.);
#3310=ADVANCED_FACE('',(#959),#3143,.T.);
#3311=ADVANCED_FACE('',(#960),#142,.T.);
#3312=ADVANCED_FACE('',(#961),#3144,.F.);
#3313=ADVANCED_FACE('',(#962),#3145,.F.);
#3314=ADVANCED_FACE('',(#963),#3146,.F.);
#3315=ADVANCED_FACE('',(#964),#3147,.F.);
#3316=ADVANCED_FACE('',(#965),#3148,.F.);
#3317=ADVANCED_FACE('',(#966,#806),#3149,.T.);
#3318=ADVANCED_FACE('',(#967),#3150,.F.);
#3319=ADVANCED_FACE('',(#968),#3151,.F.);
#3320=ADVANCED_FACE('',(#969),#3152,.F.);
#3321=ADVANCED_FACE('',(#970),#3153,.F.);
#3322=ADVANCED_FACE('',(#971),#3154,.F.);
#3323=ADVANCED_FACE('',(#972),#3155,.F.);
#3324=ADVANCED_FACE('',(#973,#807),#3156,.T.);
#3325=ADVANCED_FACE('',(#974),#3157,.F.);
#3326=ADVANCED_FACE('',(#975),#3158,.F.);
#3327=ADVANCED_FACE('',(#976),#3159,.T.);
#3328=ADVANCED_FACE('',(#977),#143,.F.);
#3329=ADVANCED_FACE('',(#978),#144,.F.);
#3330=ADVANCED_FACE('',(#979,#808),#3160,.F.);
#3331=ADVANCED_FACE('',(#980),#145,.F.);
#3332=ADVANCED_FACE('',(#981,#809),#3161,.F.);
#3333=ADVANCED_FACE('',(#982),#146,.F.);
#3334=ADVANCED_FACE('',(#983),#3162,.F.);
#3335=ADVANCED_FACE('',(#984),#147,.F.);
#3336=ADVANCED_FACE('',(#985),#148,.F.);
#3337=ADVANCED_FACE('',(#986,#810,#811),#3163,.F.);
#3338=ADVANCED_FACE('',(#987,#812,#813),#3164,.T.);
#3339=ADVANCED_FACE('',(#988),#149,.F.);
#3340=ADVANCED_FACE('',(#989),#150,.F.);
#3341=ADVANCED_FACE('',(#990),#151,.F.);
#3342=ADVANCED_FACE('',(#991),#152,.F.);
#3343=ADVANCED_FACE('',(#992),#153,.F.);
#3344=ADVANCED_FACE('',(#993),#154,.F.);
#3345=ADVANCED_FACE('',(#994),#45,.F.);
#3346=ADVANCED_FACE('',(#995),#155,.F.);
#3347=ADVANCED_FACE('',(#996),#112,.T.);
#3348=ADVANCED_FACE('',(#997),#156,.T.);
#3349=ADVANCED_FACE('',(#998),#113,.T.);
#3350=ADVANCED_FACE('',(#999),#157,.F.);
#3351=CLOSED_SHELL('',(#3165,#3166,#3167,#3168,#3169,#3170,#3171,#3172,
#3173,#3174,#3175,#3176,#3177,#3178,#3179,#3180,#3181,#3182,#3183,#3184,
#3185,#3186,#3187,#3188,#3189,#3190,#3191,#3192,#3193,#3194,#3195,#3196,
#3197,#3198,#3199,#3200,#3201,#3202,#3203,#3204,#3205,#3206,#3207,#3208,
#3209,#3210,#3211,#3212,#3213,#3214,#3215,#3216,#3217,#3218,#3219,#3220,
#3221,#3222,#3223,#3224,#3225,#3226,#3227,#3228,#3229,#3230,#3231,#3232,
#3233,#3234,#3235,#3236,#3237,#3238,#3239,#3240,#3241,#3242,#3243,#3244,
#3245,#3246,#3247,#3248,#3249,#3250,#3251,#3252,#3253,#3254,#3255,#3256,
#3257,#3258,#3259,#3260,#3261,#3262,#3263,#3264,#3265,#3266,#3267,#3268,
#3269,#3270,#3271,#3272,#3273,#3274,#3275,#3276,#3277,#3278,#3279,#3280,
#3281,#3282,#3283,#3284,#3285,#3286,#3287,#3288,#3289,#3290,#3291,#3292,
#3293,#3294,#3295,#3296,#3297,#3298,#3299,#3300,#3301,#3302,#3303,#3304,
#3305,#3306,#3307,#3308,#3309,#3310,#3311,#3312,#3313,#3314,#3315,#3316,
#3317,#3318,#3319,#3320,#3321,#3322,#3323,#3324,#3325,#3326,#3327,#3328,
#3329,#3330,#3331,#3332,#3333,#3334,#3335,#3336,#3337,#3338,#3339,#3340,
#3341,#3342,#3343,#3344,#3345,#3346,#3347,#3348,#3349,#3350));
#3352=DERIVED_UNIT_ELEMENT(#3354,1.);
#3353=DERIVED_UNIT_ELEMENT(#6693,-3.);
#3354=(
MASS_UNIT()
NAMED_UNIT(*)
SI_UNIT(.KILO.,.GRAM.)
);
#3355=DERIVED_UNIT((#3352,#3353));
#3356=MEASURE_REPRESENTATION_ITEM('density measure',
POSITIVE_RATIO_MEASURE(7850.),#3355);
#3357=PROPERTY_DEFINITION_REPRESENTATION(#3362,#3359);
#3358=PROPERTY_DEFINITION_REPRESENTATION(#3363,#3360);
#3359=REPRESENTATION('material name',(#3361),#6690);
#3360=REPRESENTATION('density',(#3356),#6690);
#3361=DESCRIPTIVE_REPRESENTATION_ITEM('Steel','Steel');
#3362=PROPERTY_DEFINITION('material property','material name',#6700);
#3363=PROPERTY_DEFINITION('material property','density of part',#6700);
#3364=AXIS2_PLACEMENT_3D('',#4584,#3664,#3665);
#3365=AXIS2_PLACEMENT_3D('',#4585,#3666,#3667);
#3366=AXIS2_PLACEMENT_3D('',#4587,#3668,#3669);
#3367=AXIS2_PLACEMENT_3D('',#4589,#3670,#3671);
#3368=AXIS2_PLACEMENT_3D('',#4590,#3672,#3673);
#3369=AXIS2_PLACEMENT_3D('',#4592,#3674,#3675);
#3370=AXIS2_PLACEMENT_3D('',#4594,#3676,#3677);
#3371=AXIS2_PLACEMENT_3D('',#4595,#3678,#3679);
#3372=AXIS2_PLACEMENT_3D('',#4598,#3680,#3681);
#3373=AXIS2_PLACEMENT_3D('',#4602,#3683,#3684);
#3374=AXIS2_PLACEMENT_3D('',#4605,#3686,#3687);
#3375=AXIS2_PLACEMENT_3D('',#4606,#3688,#3689);
#3376=AXIS2_PLACEMENT_3D('',#4609,#3691,#3692);
#3377=AXIS2_PLACEMENT_3D('',#4610,#3693,#3694);
#3378=AXIS2_PLACEMENT_3D('',#4613,#3696,#3697);
#3379=AXIS2_PLACEMENT_3D('',#4614,#3698,#3699);
#3380=AXIS2_PLACEMENT_3D('',#4623,#3704,#3705);
#3381=AXIS2_PLACEMENT_3D('',#4625,#3706,#3707);
#3382=AXIS2_PLACEMENT_3D('',#4628,#3709,#3710);
#3383=AXIS2_PLACEMENT_3D('',#4629,#3711,#3712);
#3384=AXIS2_PLACEMENT_3D('',#4633,#3714,#3715);
#3385=AXIS2_PLACEMENT_3D('',#4634,#3716,#3717);
#3386=AXIS2_PLACEMENT_3D('',#4635,#3718,#3719);
#3387=AXIS2_PLACEMENT_3D('',#4637,#3720,#3721);
#3388=AXIS2_PLACEMENT_3D('',#4640,#3723,#3724);
#3389=AXIS2_PLACEMENT_3D('',#4641,#3725,#3726);
#3390=AXIS2_PLACEMENT_3D('',#4647,#3730,#3731);
#3391=AXIS2_PLACEMENT_3D('',#4648,#3732,#3733);
#3392=AXIS2_PLACEMENT_3D('',#4650,#3734,#3735);
#3393=AXIS2_PLACEMENT_3D('',#4651,#3736,#3737);
#3394=AXIS2_PLACEMENT_3D('',#4652,#3738,#3739);
#3395=AXIS2_PLACEMENT_3D('',#4656,#3741,#3742);
#3396=AXIS2_PLACEMENT_3D('',#4658,#3744,#3745);
#3397=AXIS2_PLACEMENT_3D('',#4662,#3748,#3749);
#3398=AXIS2_PLACEMENT_3D('',#4736,#3750,#3751);
#3399=AXIS2_PLACEMENT_3D('',#4761,#3752,#3753);
#3400=AXIS2_PLACEMENT_3D('',#4763,#3754,#3755);
#3401=AXIS2_PLACEMENT_3D('',#4764,#3756,#3757);
#3402=AXIS2_PLACEMENT_3D('',#4862,#3758,#3759);
#3403=AXIS2_PLACEMENT_3D('',#4878,#3760,#3761);
#3404=AXIS2_PLACEMENT_3D('',#4889,#3764,#3765);
#3405=AXIS2_PLACEMENT_3D('',#4892,#3767,#3768);
#3406=AXIS2_PLACEMENT_3D('',#4893,#3769,#3770);
#3407=AXIS2_PLACEMENT_3D('',#4897,#3772,#3773);
#3408=AXIS2_PLACEMENT_3D('',#4899,#3775,#3776);
#3409=AXIS2_PLACEMENT_3D('',#4901,#3777,#3778);
#3410=AXIS2_PLACEMENT_3D('',#4902,#3779,#3780);
#3411=AXIS2_PLACEMENT_3D('',#4903,#3781,#3782);
#3412=AXIS2_PLACEMENT_3D('',#4904,#3783,#3784);
#3413=AXIS2_PLACEMENT_3D('',#4905,#3785,#3786);
#3414=AXIS2_PLACEMENT_3D('',#4908,#3789,#3790);
#3415=AXIS2_PLACEMENT_3D('',#4909,#3791,#3792);
#3416=AXIS2_PLACEMENT_3D('',#4931,#3793,#3794);
#3417=AXIS2_PLACEMENT_3D('',#4932,#3795,#3796);
#3418=AXIS2_PLACEMENT_3D('',#4934,#3797,#3798);
#3419=AXIS2_PLACEMENT_3D('',#4935,#3799,#3800);
#3420=AXIS2_PLACEMENT_3D('',#5058,#3803,#3804);
#3421=AXIS2_PLACEMENT_3D('',#5062,#3806,#3807);
#3422=AXIS2_PLACEMENT_3D('',#5066,#3809,#3810);
#3423=AXIS2_PLACEMENT_3D('',#5068,#3812,#3813);
#3424=AXIS2_PLACEMENT_3D('',#5072,#3816,#3817);
#3425=AXIS2_PLACEMENT_3D('',#5074,#3818,#3819);
#3426=AXIS2_PLACEMENT_3D('',#5075,#3820,#3821);
#3427=AXIS2_PLACEMENT_3D('',#5076,#3822,#3823);
#3428=AXIS2_PLACEMENT_3D('',#5082,#3826,#3827);
#3429=AXIS2_PLACEMENT_3D('',#5083,#3828,#3829);
#3430=AXIS2_PLACEMENT_3D('',#5084,#3830,#3831);
#3431=AXIS2_PLACEMENT_3D('',#5088,#3833,#3834);
#3432=AXIS2_PLACEMENT_3D('',#5090,#3836,#3837);
#3433=AXIS2_PLACEMENT_3D('',#5092,#3838,#3839);
#3434=AXIS2_PLACEMENT_3D('',#5093,#3840,#3841);
#3435=AXIS2_PLACEMENT_3D('',#5094,#3842,#3843);
#3436=AXIS2_PLACEMENT_3D('',#5097,#3844,#3845);
#3437=AXIS2_PLACEMENT_3D('',#5100,#3848,#3849);
#3438=AXIS2_PLACEMENT_3D('',#5103,#3850,#3851);
#3439=AXIS2_PLACEMENT_3D('',#5105,#3852,#3853);
#3440=AXIS2_PLACEMENT_3D('',#5106,#3854,#3855);
#3441=AXIS2_PLACEMENT_3D('',#5107,#3856,#3857);
#3442=AXIS2_PLACEMENT_3D('',#5110,#3858,#3859);
#3443=AXIS2_PLACEMENT_3D('',#5113,#3862,#3863);
#3444=AXIS2_PLACEMENT_3D('',#5117,#3865,#3866);
#3445=AXIS2_PLACEMENT_3D('',#5118,#3867,#3868);
#3446=AXIS2_PLACEMENT_3D('',#5119,#3869,#3870);
#3447=AXIS2_PLACEMENT_3D('',#5122,#3871,#3872);
#3448=AXIS2_PLACEMENT_3D('',#5124,#3873,#3874);
#3449=AXIS2_PLACEMENT_3D('',#5125,#3875,#3876);
#3450=AXIS2_PLACEMENT_3D('',#5126,#3877,#3878);
#3451=AXIS2_PLACEMENT_3D('',#5129,#3881,#3882);
#3452=AXIS2_PLACEMENT_3D('',#5132,#3883,#3884);
#3453=AXIS2_PLACEMENT_3D('',#5135,#3887,#3888);
#3454=AXIS2_PLACEMENT_3D('',#5139,#3890,#3891);
#3455=AXIS2_PLACEMENT_3D('',#5141,#3893,#3894);
#3456=AXIS2_PLACEMENT_3D('',#5145,#3897,#3898);
#3457=AXIS2_PLACEMENT_3D('',#5146,#3899,#3900);
#3458=AXIS2_PLACEMENT_3D('',#5150,#3903,#3904);
#3459=AXIS2_PLACEMENT_3D('',#5151,#3905,#3906);
#3460=AXIS2_PLACEMENT_3D('',#5154,#3907,#3908);
#3461=AXIS2_PLACEMENT_3D('',#5157,#3911,#3912);
#3462=AXIS2_PLACEMENT_3D('',#5160,#3915,#3916);
#3463=AXIS2_PLACEMENT_3D('',#5161,#3917,#3918);
#3464=AXIS2_PLACEMENT_3D('',#5163,#3920,#3921);
#3465=AXIS2_PLACEMENT_3D('',#5169,#3925,#3926);
#3466=AXIS2_PLACEMENT_3D('',#5170,#3927,#3928);
#3467=AXIS2_PLACEMENT_3D('',#5172,#3930,#3931);
#3468=AXIS2_PLACEMENT_3D('',#5178,#3935,#3936);
#3469=AXIS2_PLACEMENT_3D('',#5219,#3957,#3958);
#3470=AXIS2_PLACEMENT_3D('',#5225,#3962,#3963);
#3471=AXIS2_PLACEMENT_3D('',#5233,#3968,#3969);
#3472=AXIS2_PLACEMENT_3D('',#5241,#3974,#3975);
#3473=AXIS2_PLACEMENT_3D('',#5243,#3977,#3978);
#3474=AXIS2_PLACEMENT_3D('',#5284,#3999,#4000);
#3475=AXIS2_PLACEMENT_3D('',#5290,#4004,#4005);
#3476=AXIS2_PLACEMENT_3D('',#5298,#4010,#4011);
#3477=AXIS2_PLACEMENT_3D('',#5306,#4016,#4017);
#3478=AXIS2_PLACEMENT_3D('',#5308,#4019,#4020);
#3479=AXIS2_PLACEMENT_3D('',#5329,#4033,#4034);
#3480=AXIS2_PLACEMENT_3D('',#5335,#4038,#4039);
#3481=AXIS2_PLACEMENT_3D('',#5339,#4042,#4043);
#3482=AXIS2_PLACEMENT_3D('',#5343,#4046,#4047);
#3483=AXIS2_PLACEMENT_3D('',#5345,#4049,#4050);
#3484=AXIS2_PLACEMENT_3D('',#5347,#4052,#4053);
#3485=AXIS2_PLACEMENT_3D('',#5348,#4054,#4055);
#3486=AXIS2_PLACEMENT_3D('',#5350,#4057,#4058);
#3487=AXIS2_PLACEMENT_3D('',#5351,#4059,#4060);
#3488=AXIS2_PLACEMENT_3D('',#5357,#4064,#4065);
#3489=AXIS2_PLACEMENT_3D('',#5363,#4069,#4070);
#3490=AXIS2_PLACEMENT_3D('',#5365,#4072,#4073);
#3491=AXIS2_PLACEMENT_3D('',#5367,#4075,#4076);
#3492=AXIS2_PLACEMENT_3D('',#5373,#4080,#4081);
#3493=AXIS2_PLACEMENT_3D('',#5379,#4085,#4086);
#3494=AXIS2_PLACEMENT_3D('',#5381,#4088,#4089);
#3495=AXIS2_PLACEMENT_3D('',#5383,#4091,#4092);
#3496=AXIS2_PLACEMENT_3D('',#5389,#4096,#4097);
#3497=AXIS2_PLACEMENT_3D('',#5393,#4100,#4101);
#3498=AXIS2_PLACEMENT_3D('',#5397,#4104,#4105);
#3499=AXIS2_PLACEMENT_3D('',#5401,#4109,#4110);
#3500=AXIS2_PLACEMENT_3D('',#5402,#4111,#4112);
#3501=AXIS2_PLACEMENT_3D('',#5408,#4116,#4117);
#3502=AXIS2_PLACEMENT_3D('',#5412,#4120,#4121);
#3503=AXIS2_PLACEMENT_3D('',#5416,#4124,#4125);
#3504=AXIS2_PLACEMENT_3D('',#5418,#4127,#4128);
#3505=AXIS2_PLACEMENT_3D('',#5425,#4133,#4134);
#3506=AXIS2_PLACEMENT_3D('',#5429,#4137,#4138);
#3507=AXIS2_PLACEMENT_3D('',#5433,#4141,#4142);
#3508=AXIS2_PLACEMENT_3D('',#5435,#4144,#4145);
#3509=AXIS2_PLACEMENT_3D('',#5436,#4146,#4147);
#3510=AXIS2_PLACEMENT_3D('',#5442,#4151,#4152);
#3511=AXIS2_PLACEMENT_3D('',#5446,#4155,#4156);
#3512=AXIS2_PLACEMENT_3D('',#5450,#4159,#4160);
#3513=AXIS2_PLACEMENT_3D('',#5453,#4163,#4164);
#3514=AXIS2_PLACEMENT_3D('',#5454,#4165,#4166);
#3515=AXIS2_PLACEMENT_3D('',#5460,#4170,#4171);
#3516=AXIS2_PLACEMENT_3D('',#5464,#4174,#4175);
#3517=AXIS2_PLACEMENT_3D('',#5468,#4178,#4179);
#3518=AXIS2_PLACEMENT_3D('',#5470,#4181,#4182);
#3519=AXIS2_PLACEMENT_3D('',#5471,#4183,#4184);
#3520=AXIS2_PLACEMENT_3D('',#5473,#4185,#4186);
#3521=AXIS2_PLACEMENT_3D('',#5491,#4187,#4188);
#3522=AXIS2_PLACEMENT_3D('',#5495,#4190,#4191);
#3523=AXIS2_PLACEMENT_3D('',#5497,#4192,#4193);
#3524=AXIS2_PLACEMENT_3D('',#5501,#4195,#4196);
#3525=AXIS2_PLACEMENT_3D('',#5503,#4197,#4198);
#3526=AXIS2_PLACEMENT_3D('',#5507,#4200,#4201);
#3527=AXIS2_PLACEMENT_3D('',#5559,#4205,#4206);
#3528=AXIS2_PLACEMENT_3D('',#5574,#4207,#4208);
#3529=AXIS2_PLACEMENT_3D('',#5575,#4209,#4210);
#3530=AXIS2_PLACEMENT_3D('',#5577,#4211,#4212);
#3531=AXIS2_PLACEMENT_3D('',#5683,#4213,#4214);
#3532=AXIS2_PLACEMENT_3D('',#5685,#4215,#4216);
#3533=AXIS2_PLACEMENT_3D('',#5694,#4218,#4219);
#3534=AXIS2_PLACEMENT_3D('',#5701,#4221,#4222);
#3535=AXIS2_PLACEMENT_3D('',#5702,#4223,#4224);
#3536=AXIS2_PLACEMENT_3D('',#5704,#4225,#4226);
#3537=AXIS2_PLACEMENT_3D('',#5706,#4228,#4229);
#3538=AXIS2_PLACEMENT_3D('',#5708,#4230,#4231);
#3539=AXIS2_PLACEMENT_3D('',#5710,#4233,#4234);
#3540=AXIS2_PLACEMENT_3D('',#5712,#4235,#4236);
#3541=AXIS2_PLACEMENT_3D('',#5715,#4238,#4239);
#3542=AXIS2_PLACEMENT_3D('',#5716,#4240,#4241);
#3543=AXIS2_PLACEMENT_3D('',#5717,#4242,#4243);
#3544=AXIS2_PLACEMENT_3D('',#5719,#4244,#4245);
#3545=AXIS2_PLACEMENT_3D('',#5722,#4247,#4248);
#3546=AXIS2_PLACEMENT_3D('',#5723,#4249,#4250);
#3547=AXIS2_PLACEMENT_3D('',#5724,#4251,#4252);
#3548=AXIS2_PLACEMENT_3D('',#5726,#4253,#4254);
#3549=AXIS2_PLACEMENT_3D('',#6160,#4257,#4258);
#3550=AXIS2_PLACEMENT_3D('',#6164,#4260,#4261);
#3551=AXIS2_PLACEMENT_3D('',#6166,#4263,#4264);
#3552=AXIS2_PLACEMENT_3D('',#6170,#4266,#4267);
#3553=AXIS2_PLACEMENT_3D('',#6171,#4268,#4269);
#3554=AXIS2_PLACEMENT_3D('',#6172,#4270,#4271);
#3555=AXIS2_PLACEMENT_3D('',#6178,#4275,#4276);
#3556=AXIS2_PLACEMENT_3D('',#6182,#4278,#4279);
#3557=AXIS2_PLACEMENT_3D('',#6183,#4280,#4281);
#3558=AXIS2_PLACEMENT_3D('',#6184,#4282,#4283);
#3559=AXIS2_PLACEMENT_3D('',#6190,#4287,#4288);
#3560=AXIS2_PLACEMENT_3D('',#6194,#4290,#4291);
#3561=AXIS2_PLACEMENT_3D('',#6195,#4292,#4293);
#3562=AXIS2_PLACEMENT_3D('',#6196,#4294,#4295);
#3563=AXIS2_PLACEMENT_3D('',#6202,#4299,#4300);
#3564=AXIS2_PLACEMENT_3D('',#6205,#4302,#4303);
#3565=AXIS2_PLACEMENT_3D('',#6206,#4304,#4305);
#3566=AXIS2_PLACEMENT_3D('',#6207,#4306,#4307);
#3567=AXIS2_PLACEMENT_3D('',#6210,#4309,#4310);
#3568=AXIS2_PLACEMENT_3D('',#6211,#4311,#4312);
#3569=AXIS2_PLACEMENT_3D('',#6215,#4314,#4315);
#3570=AXIS2_PLACEMENT_3D('',#6216,#4316,#4317);
#3571=AXIS2_PLACEMENT_3D('',#6217,#4318,#4319);
#3572=AXIS2_PLACEMENT_3D('',#6223,#4323,#4324);
#3573=AXIS2_PLACEMENT_3D('',#6227,#4326,#4327);
#3574=AXIS2_PLACEMENT_3D('',#6228,#4328,#4329);
#3575=AXIS2_PLACEMENT_3D('',#6229,#4330,#4331);
#3576=AXIS2_PLACEMENT_3D('',#6235,#4335,#4336);
#3577=AXIS2_PLACEMENT_3D('',#6239,#4338,#4339);
#3578=AXIS2_PLACEMENT_3D('',#6240,#4340,#4341);
#3579=AXIS2_PLACEMENT_3D('',#6241,#4342,#4343);
#3580=AXIS2_PLACEMENT_3D('',#6247,#4347,#4348);
#3581=AXIS2_PLACEMENT_3D('',#6250,#4350,#4351);
#3582=AXIS2_PLACEMENT_3D('',#6251,#4352,#4353);
#3583=AXIS2_PLACEMENT_3D('',#6252,#4354,#4355);
#3584=AXIS2_PLACEMENT_3D('',#6255,#4357,#4358);
#3585=AXIS2_PLACEMENT_3D('',#6406,#4361,#4362);
#3586=AXIS2_PLACEMENT_3D('',#6434,#4364,#4365);
#3587=AXIS2_PLACEMENT_3D('',#6438,#4367,#4368);
#3588=AXIS2_PLACEMENT_3D('',#6440,#4370,#4371);
#3589=AXIS2_PLACEMENT_3D('',#6443,#4373,#4374);
#3590=AXIS2_PLACEMENT_3D('',#6444,#4375,#4376);
#3591=AXIS2_PLACEMENT_3D('',#6448,#4379,#4380);
#3592=AXIS2_PLACEMENT_3D('',#6451,#4382,#4383);
#3593=AXIS2_PLACEMENT_3D('',#6452,#4384,#4385);
#3594=AXIS2_PLACEMENT_3D('',#6459,#4389,#4390);
#3595=AXIS2_PLACEMENT_3D('',#6460,#4391,#4392);
#3596=AXIS2_PLACEMENT_3D('',#6461,#4393,#4394);
#3597=AXIS2_PLACEMENT_3D('',#6464,#4396,#4397);
#3598=AXIS2_PLACEMENT_3D('',#6465,#4398,#4399);
#3599=AXIS2_PLACEMENT_3D('',#6469,#4402,#4403);
#3600=AXIS2_PLACEMENT_3D('',#6472,#4405,#4406);
#3601=AXIS2_PLACEMENT_3D('',#6473,#4407,#4408);
#3602=AXIS2_PLACEMENT_3D('',#6478,#4411,#4412);
#3603=AXIS2_PLACEMENT_3D('',#6479,#4413,#4414);
#3604=AXIS2_PLACEMENT_3D('',#6488,#4419,#4420);
#3605=AXIS2_PLACEMENT_3D('',#6494,#4424,#4425);
#3606=AXIS2_PLACEMENT_3D('',#6501,#4429,#4430);
#3607=AXIS2_PLACEMENT_3D('',#6502,#4431,#4432);
#3608=AXIS2_PLACEMENT_3D('',#6503,#4433,#4434);
#3609=AXIS2_PLACEMENT_3D('',#6507,#4437,#4438);
#3610=AXIS2_PLACEMENT_3D('',#6512,#4441,#4442);
#3611=AXIS2_PLACEMENT_3D('',#6513,#4443,#4444);
#3612=AXIS2_PLACEMENT_3D('',#6515,#4445,#4446);
#3613=AXIS2_PLACEMENT_3D('',#6517,#4448,#4449);
#3614=AXIS2_PLACEMENT_3D('',#6520,#4451,#4452);
#3615=AXIS2_PLACEMENT_3D('',#6521,#4453,#4454);
#3616=AXIS2_PLACEMENT_3D('',#6530,#4459,#4460);
#3617=AXIS2_PLACEMENT_3D('',#6536,#4464,#4465);
#3618=AXIS2_PLACEMENT_3D('',#6543,#4469,#4470);
#3619=AXIS2_PLACEMENT_3D('',#6544,#4471,#4472);
#3620=AXIS2_PLACEMENT_3D('',#6545,#4473,#4474);
#3621=AXIS2_PLACEMENT_3D('',#6549,#4477,#4478);
#3622=AXIS2_PLACEMENT_3D('',#6554,#4481,#4482);
#3623=AXIS2_PLACEMENT_3D('',#6555,#4483,#4484);
#3624=AXIS2_PLACEMENT_3D('',#6559,#4486,#4487);
#3625=AXIS2_PLACEMENT_3D('',#6561,#4489,#4490);
#3626=AXIS2_PLACEMENT_3D('',#6562,#4491,#4492);
#3627=AXIS2_PLACEMENT_3D('',#6563,#4493,#4494);
#3628=AXIS2_PLACEMENT_3D('',#6567,#4498,#4499);
#3629=AXIS2_PLACEMENT_3D('',#6568,#4500,#4501);
#3630=AXIS2_PLACEMENT_3D('',#6569,#4502,#4503);
#3631=AXIS2_PLACEMENT_3D('',#6571,#4504,#4505);
#3632=AXIS2_PLACEMENT_3D('',#6573,#4506,#4507);
#3633=AXIS2_PLACEMENT_3D('',#6574,#4508,#4509);
#3634=AXIS2_PLACEMENT_3D('',#6586,#4511,#4512);
#3635=AXIS2_PLACEMENT_3D('',#6595,#4513,#4514);
#3636=AXIS2_PLACEMENT_3D('',#6597,#4515,#4516);
#3637=AXIS2_PLACEMENT_3D('',#6599,#4517,#4518);
#3638=AXIS2_PLACEMENT_3D('',#6600,#4519,#4520);
#3639=AXIS2_PLACEMENT_3D('',#6612,#4522,#4523);
#3640=AXIS2_PLACEMENT_3D('',#6621,#4524,#4525);
#3641=AXIS2_PLACEMENT_3D('',#6625,#4529,#4530);
#3642=AXIS2_PLACEMENT_3D('',#6626,#4531,#4532);
#3643=AXIS2_PLACEMENT_3D('',#6627,#4533,#4534);
#3644=AXIS2_PLACEMENT_3D('',#6630,#4536,#4537);
#3645=AXIS2_PLACEMENT_3D('',#6632,#4538,#4539);
#3646=AXIS2_PLACEMENT_3D('',#6633,#4540,#4541);
#3647=AXIS2_PLACEMENT_3D('',#6636,#4543,#4544);
#3648=AXIS2_PLACEMENT_3D('',#6638,#4545,#4546);
#3649=AXIS2_PLACEMENT_3D('',#6639,#4547,#4548);
#3650=AXIS2_PLACEMENT_3D('',#6641,#4550,#4551);
#3651=AXIS2_PLACEMENT_3D('',#6643,#4553,#4554);
#3652=AXIS2_PLACEMENT_3D('',#6644,#4555,#4556);
#3653=AXIS2_PLACEMENT_3D('',#6645,#4557,#4558);
#3654=AXIS2_PLACEMENT_3D('',#6647,#4560,#4561);
#3655=AXIS2_PLACEMENT_3D('',#6649,#4563,#4564);
#3656=AXIS2_PLACEMENT_3D('',#6651,#4565,#4566);
#3657=AXIS2_PLACEMENT_3D('',#6666,#4567,#4568);
#3658=AXIS2_PLACEMENT_3D('',#6677,#4569,#4570);
#3659=AXIS2_PLACEMENT_3D('',#6680,#4572,#4573);
#3660=AXIS2_PLACEMENT_3D('',#6681,#4574,#4575);
#3661=AXIS2_PLACEMENT_3D('',#6683,#4576,#4577);
#3662=AXIS2_PLACEMENT_3D('',#6685,#4579,#4580);
#3663=AXIS2_PLACEMENT_3D('',#6687,#4582,#4583);
#3664=DIRECTION('axis',(0.,0.,1.));
#3665=DIRECTION('refdir',(1.,0.,0.));
#3666=DIRECTION('center_axis',(0.,0.,-1.));
#3667=DIRECTION('ref_axis',(1.,0.,0.));
#3668=DIRECTION('center_axis',(0.,0.,1.));
#3669=DIRECTION('ref_axis',(-1.,0.,0.));
#3670=DIRECTION('center_axis',(0.,0.,-1.));
#3671=DIRECTION('ref_axis',(-1.,0.,0.));
#3672=DIRECTION('center_axis',(0.,0.,-1.));
#3673=DIRECTION('ref_axis',(1.,0.,0.));
#3674=DIRECTION('center_axis',(0.,0.,1.));
#3675=DIRECTION('ref_axis',(-1.,0.,0.));
#3676=DIRECTION('center_axis',(0.,0.,-1.));
#3677=DIRECTION('ref_axis',(-1.,0.,0.));
#3678=DIRECTION('center_axis',(0.,0.,-1.));
#3679=DIRECTION('ref_axis',(1.,0.,0.));
#3680=DIRECTION('center_axis',(0.,0.,1.));
#3681=DIRECTION('ref_axis',(1.,0.,0.));
#3682=DIRECTION('',(1.,0.,0.));
#3683=DIRECTION('center_axis',(0.,0.,1.));
#3684=DIRECTION('ref_axis',(1.,0.,0.));
#3685=DIRECTION('',(-1.,0.,0.));
#3686=DIRECTION('center_axis',(0.,0.,1.));
#3687=DIRECTION('ref_axis',(1.,0.,0.));
#3688=DIRECTION('center_axis',(0.,0.,-1.));
#3689=DIRECTION('ref_axis',(-1.,0.,0.));
#3690=DIRECTION('',(0.,0.,-1.));
#3691=DIRECTION('center_axis',(0.,0.,1.));
#3692=DIRECTION('ref_axis',(-1.,0.,0.));
#3693=DIRECTION('center_axis',(0.,0.,-1.));
#3694=DIRECTION('ref_axis',(-1.,0.,0.));
#3695=DIRECTION('',(0.,0.,-1.));
#3696=DIRECTION('center_axis',(0.,0.,1.));
#3697=DIRECTION('ref_axis',(-1.,0.,0.));
#3698=DIRECTION('center_axis',(0.,0.707106781186548,-0.707106781186547));
#3699=DIRECTION('ref_axis',(-1.,0.,0.));
#3700=DIRECTION('',(1.57009245868377E-15,-0.707106781186547,-0.707106781186548));
#3701=DIRECTION('',(-1.,0.,0.));
#3702=DIRECTION('',(0.,0.707106781186547,0.707106781186548));
#3703=DIRECTION('',(1.,0.,0.));
#3704=DIRECTION('center_axis',(0.,0.,1.));
#3705=DIRECTION('ref_axis',(0.912870929175276,0.408248290463864,0.));
#3706=DIRECTION('center_axis',(0.,0.,-1.));
#3707=DIRECTION('ref_axis',(0.912870929175276,0.408248290463864,0.));
#3708=DIRECTION('',(-0.52704627669473,0.471404520791031,-0.707106781186548));
#3709=DIRECTION('center_axis',(0.,0.,1.));
#3710=DIRECTION('ref_axis',(0.912870929175276,0.408248290463864,0.));
#3711=DIRECTION('center_axis',(0.,0.,-1.));
#3712=DIRECTION('ref_axis',(-1.,0.,0.));
#3713=DIRECTION('',(-0.52704627669473,-0.471404520791032,-0.707106781186547));
#3714=DIRECTION('center_axis',(0.,0.,-1.));
#3715=DIRECTION('ref_axis',(-1.,0.,0.));
#3716=DIRECTION('center_axis',(0.,0.,-1.));
#3717=DIRECTION('ref_axis',(1.,0.,0.));
#3718=DIRECTION('center_axis',(0.,0.,1.));
#3719=DIRECTION('ref_axis',(0.912870929175276,-0.408248290463864,0.));
#3720=DIRECTION('center_axis',(0.,0.,-1.));
#3721=DIRECTION('ref_axis',(0.912870929175276,-0.408248290463864,0.));
#3722=DIRECTION('',(0.,0.707106781186548,-0.707106781186547));
#3723=DIRECTION('center_axis',(0.,0.,1.));
#3724=DIRECTION('ref_axis',(0.912870929175276,-0.408248290463864,0.));
#3725=DIRECTION('center_axis',(0.,-0.707106781186548,-0.707106781186547));
#3726=DIRECTION('ref_axis',(-1.,0.,0.));
#3727=DIRECTION('',(0.,0.707106781186547,-0.707106781186548));
#3728=DIRECTION('',(1.,0.,0.));
#3729=DIRECTION('',(-1.,0.,0.));
#3730=DIRECTION('center_axis',(0.,0.,1.));
#3731=DIRECTION('ref_axis',(-1.,0.,0.));
#3732=DIRECTION('center_axis',(0.,0.,1.));
#3733=DIRECTION('ref_axis',(-1.,0.,0.));
#3734=DIRECTION('center_axis',(0.,0.,-1.));
#3735=DIRECTION('ref_axis',(-1.,0.,0.));
#3736=DIRECTION('center_axis',(0.,0.,-1.));
#3737=DIRECTION('ref_axis',(-1.,0.,0.));
#3738=DIRECTION('center_axis',(0.,0.,-1.));
#3739=DIRECTION('ref_axis',(0.912870929175276,0.408248290463864,0.));
#3740=DIRECTION('',(0.,0.,1.));
#3741=DIRECTION('center_axis',(0.,0.,1.));
#3742=DIRECTION('ref_axis',(0.912870929175276,0.408248290463864,0.));
#3743=DIRECTION('',(0.,0.,-1.));
#3744=DIRECTION('center_axis',(0.,1.,0.));
#3745=DIRECTION('ref_axis',(1.,0.,0.));
#3746=DIRECTION('',(0.,0.,-1.));
#3747=DIRECTION('',(-1.,0.,0.));
#3748=DIRECTION('center_axis',(0.,0.,-1.));
#3749=DIRECTION('ref_axis',(1.,0.,0.));
#3750=DIRECTION('center_axis',(0.399999999999052,-0.916515138991582,-1.5926476754631E-12));
#3751=DIRECTION('ref_axis',(-0.916515138991582,-0.399999999999052,-5.55111512312579E-17));
#3752=DIRECTION('center_axis',(0.,0.,-1.));
#3753=DIRECTION('ref_axis',(1.,-5.25249914422221E-14,0.));
#3754=DIRECTION('center_axis',(-0.4,-0.916515138991168,0.));
#3755=DIRECTION('ref_axis',(-0.916515138991168,0.4,0.));
#3756=DIRECTION('center_axis',(0.,0.,-1.));
#3757=DIRECTION('ref_axis',(1.,0.,0.));
#3758=DIRECTION('center_axis',(0.,0.,1.));
#3759=DIRECTION('ref_axis',(1.,0.,0.));
#3760=DIRECTION('center_axis',(0.,0.,1.));
#3761=DIRECTION('ref_axis',(1.,0.,0.));
#3762=DIRECTION('',(0.,0.,-1.));
#3763=DIRECTION('',(0.,0.,-1.));
#3764=DIRECTION('center_axis',(-1.,0.,0.));
#3765=DIRECTION('ref_axis',(0.,0.707106781186548,0.707106781186548));
#3766=DIRECTION('',(-1.,0.,0.));
#3767=DIRECTION('center_axis',(-1.,-1.11022302462516E-15,0.));
#3768=DIRECTION('ref_axis',(0.,0.,1.));
#3769=DIRECTION('center_axis',(1.,0.,0.));
#3770=DIRECTION('ref_axis',(0.,-0.707106781186548,0.707106781186548));
#3771=DIRECTION('',(1.,0.,0.));
#3772=DIRECTION('center_axis',(-1.,0.,0.));
#3773=DIRECTION('ref_axis',(0.,-1.,0.));
#3774=DIRECTION('',(1.,0.,0.));
#3775=DIRECTION('center_axis',(-0.154303349962093,-0.966091783079296,-0.207019667802707));
#3776=DIRECTION('ref_axis',(0.577350269189626,-0.258198889747162,0.774596669241483));
#3777=DIRECTION('center_axis',(0.,0.,1.));
#3778=DIRECTION('ref_axis',(0.912870929175276,-0.408248290463864,0.));
#3779=DIRECTION('center_axis',(0.666666666666667,-0.74535599249993,0.));
#3780=DIRECTION('ref_axis',(-0.74535599249993,-0.666666666666667,0.));
#3781=DIRECTION('center_axis',(0.154303349962093,-0.966091783079296,0.207019667802707));
#3782=DIRECTION('ref_axis',(0.577350269189626,0.258198889747162,0.774596669241483));
#3783=DIRECTION('center_axis',(-0.666666666666667,-0.74535599249993,0.));
#3784=DIRECTION('ref_axis',(-0.74535599249993,0.666666666666667,0.));
#3785=DIRECTION('center_axis',(0.,0.,-1.));
#3786=DIRECTION('ref_axis',(0.912870929175276,-0.408248290463864,0.));
#3787=DIRECTION('',(0.,0.,-1.));
#3788=DIRECTION('',(0.,0.,-1.));
#3789=DIRECTION('center_axis',(0.,-1.,0.));
#3790=DIRECTION('ref_axis',(-1.,0.,0.));
#3791=DIRECTION('center_axis',(0.,0.,-1.));
#3792=DIRECTION('ref_axis',(1.,1.22464679914735E-16,0.));
#3793=DIRECTION('center_axis',(0.,0.,-1.));
#3794=DIRECTION('ref_axis',(1.,0.,0.));
#3795=DIRECTION('center_axis',(-0.745355992499929,0.666666666666667,2.96059473233375E-16));
#3796=DIRECTION('ref_axis',(0.,-4.44089209850063E-16,1.));
#3797=DIRECTION('center_axis',(-0.745355992499929,-0.666666666666667,2.96059473233375E-16));
#3798=DIRECTION('ref_axis',(0.666666666666667,-0.745355992499929,0.));
#3799=DIRECTION('center_axis',(0.,0.,-1.));
#3800=DIRECTION('ref_axis',(1.,0.,0.));
#3801=DIRECTION('',(0.,1.,0.));
#3802=DIRECTION('',(0.,1.,0.));
#3803=DIRECTION('center_axis',(0.,1.,0.));
#3804=DIRECTION('ref_axis',(0.707106781186548,0.,0.707106781186548));
#3805=DIRECTION('',(0.,1.,0.));
#3806=DIRECTION('center_axis',(8.88178419700128E-15,-1.,0.));
#3807=DIRECTION('ref_axis',(0.,0.,1.));
#3808=DIRECTION('',(0.,-1.,0.));
#3809=DIRECTION('center_axis',(0.,1.,-4.44089209850064E-15));
#3810=DIRECTION('ref_axis',(1.,0.,0.));
#3811=DIRECTION('',(0.,1.,0.));
#3812=DIRECTION('center_axis',(0.,0.,1.));
#3813=DIRECTION('ref_axis',(1.,0.,0.));
#3814=DIRECTION('',(0.,1.,0.));
#3815=DIRECTION('',(-0.6,0.8,0.));
#3816=DIRECTION('center_axis',(0.442325868464688,-0.147441956154901,-0.884651736929384));
#3817=DIRECTION('ref_axis',(0.83925432741628,-0.279751442472102,0.466252404120156));
#3818=DIRECTION('center_axis',(0.,0.,-1.));
#3819=DIRECTION('ref_axis',(0.8,-0.6,0.));
#3820=DIRECTION('center_axis',(-0.600000000000006,-0.799999999999995,0.));
#3821=DIRECTION('ref_axis',(0.,0.,1.));
#3822=DIRECTION('center_axis',(0.6,0.8,0.));
#3823=DIRECTION('ref_axis',(0.565685424949239,-0.42426406871193,0.707106781186546));
#3824=DIRECTION('',(0.6,0.8,0.));
#3825=DIRECTION('',(-0.6,-0.8,0.));
#3826=DIRECTION('center_axis',(-0.424264068711928,-0.565685424949237,0.707106781186549));
#3827=DIRECTION('ref_axis',(-0.424264068711929,-0.565685424949239,-0.707106781186546));
#3828=DIRECTION('center_axis',(-1.,0.,0.));
#3829=DIRECTION('ref_axis',(0.,-1.,4.16333634234434E-17));
#3830=DIRECTION('center_axis',(0.,0.,-1.));
#3831=DIRECTION('ref_axis',(0.948683298050513,-0.316227766016841,0.));
#3832=DIRECTION('',(0.,0.,1.));
#3833=DIRECTION('center_axis',(0.42426406871193,0.565685424949244,0.707106781186542));
#3834=DIRECTION('ref_axis',(-0.424264068711923,-0.565685424949235,0.707106781186553));
#3835=DIRECTION('',(0.,0.,-1.));
#3836=DIRECTION('center_axis',(0.442325868464692,0.147441956154894,-0.884651736929383));
#3837=DIRECTION('ref_axis',(0.839254327416285,0.27975144247209,0.466252404120155));
#3838=DIRECTION('center_axis',(-0.6,0.8,9.76996261670141E-15));
#3839=DIRECTION('ref_axis',(0.8,0.6,0.));
#3840=DIRECTION('center_axis',(0.,0.,-1.));
#3841=DIRECTION('ref_axis',(1.,0.,0.));
#3842=DIRECTION('center_axis',(0.,0.,-1.));
#3843=DIRECTION('ref_axis',(0.948683298050514,0.316227766016837,0.));
#3844=DIRECTION('center_axis',(0.,0.,-1.));
#3845=DIRECTION('ref_axis',(0.948683298050514,0.316227766016837,0.));
#3846=DIRECTION('',(0.,0.,1.));
#3847=DIRECTION('',(0.,0.,-1.));
#3848=DIRECTION('center_axis',(-0.442325868464692,0.147441956154894,-0.884651736929383));
#3849=DIRECTION('ref_axis',(0.839254327416285,-0.27975144247209,-0.466252404120155));
#3850=DIRECTION('center_axis',(-0.6,-0.8,-7.99360577730116E-15));
#3851=DIRECTION('ref_axis',(0.8,-0.6,0.));
#3852=DIRECTION('center_axis',(0.,0.,1.));
#3853=DIRECTION('ref_axis',(1.,0.,0.));
#3854=DIRECTION('center_axis',(4.44089209850064E-15,1.,0.));
#3855=DIRECTION('ref_axis',(0.,0.,-1.));
#3856=DIRECTION('center_axis',(0.,0.,1.));
#3857=DIRECTION('ref_axis',(0.948683298050514,-0.316227766016837,0.));
#3858=DIRECTION('center_axis',(0.,0.,1.));
#3859=DIRECTION('ref_axis',(0.948683298050514,-0.316227766016837,0.));
#3860=DIRECTION('',(0.,0.,-1.));
#3861=DIRECTION('',(0.,0.,1.));
#3862=DIRECTION('center_axis',(-0.6,0.8,0.));
#3863=DIRECTION('ref_axis',(0.565685424949239,0.42426406871193,0.707106781186546));
#3864=DIRECTION('',(0.6,-0.8,0.));
#3865=DIRECTION('center_axis',(-1.,0.,0.));
#3866=DIRECTION('ref_axis',(0.,1.,4.16333634234434E-17));
#3867=DIRECTION('center_axis',(-0.424264068711931,0.565685424949241,0.707106781186543));
#3868=DIRECTION('ref_axis',(0.424264068711926,-0.565685424949235,0.707106781186552));
#3869=DIRECTION('center_axis',(-0.442325868464691,-0.147441956154896,-0.884651736929383));
#3870=DIRECTION('ref_axis',(0.839254327416283,0.279751442472092,-0.466252404120158));
#3871=DIRECTION('center_axis',(-0.600000000000008,0.799999999999994,0.));
#3872=DIRECTION('ref_axis',(0.,0.,-1.));
#3873=DIRECTION('center_axis',(0.,-1.,8.88178419700128E-15));
#3874=DIRECTION('ref_axis',(1.,0.,0.));
#3875=DIRECTION('center_axis',(0.,0.,1.));
#3876=DIRECTION('ref_axis',(0.8,0.6,0.));
#3877=DIRECTION('center_axis',(0.,-1.,0.));
#3878=DIRECTION('ref_axis',(0.707106781186548,0.,-0.707106781186548));
#3879=DIRECTION('',(0.,1.,0.));
#3880=DIRECTION('',(0.,-1.,0.));
#3881=DIRECTION('center_axis',(0.,0.,-1.));
#3882=DIRECTION('ref_axis',(0.948683298050514,0.316227766016837,0.));
#3883=DIRECTION('center_axis',(0.,0.,1.));
#3884=DIRECTION('ref_axis',(0.948683298050514,0.316227766016837,0.));
#3885=DIRECTION('',(0.,0.,-1.));
#3886=DIRECTION('',(0.,0.,1.));
#3887=DIRECTION('center_axis',(0.,0.,1.));
#3888=DIRECTION('ref_axis',(0.948683298050514,0.316227766016837,0.));
#3889=DIRECTION('',(0.,0.,1.));
#3890=DIRECTION('center_axis',(0.424264068711931,-0.565685424949241,0.707106781186543));
#3891=DIRECTION('ref_axis',(0.424264068711926,-0.565685424949235,-0.707106781186552));
#3892=DIRECTION('',(0.,0.,-1.));
#3893=DIRECTION('center_axis',(0.6,-0.8,0.));
#3894=DIRECTION('ref_axis',(0.565685424949239,0.42426406871193,-0.707106781186546));
#3895=DIRECTION('',(0.6,-0.8,0.));
#3896=DIRECTION('',(-0.6,0.8,0.));
#3897=DIRECTION('center_axis',(-1.,0.,0.));
#3898=DIRECTION('ref_axis',(0.,1.,-4.16333634234434E-17));
#3899=DIRECTION('center_axis',(-0.6,-0.8,0.));
#3900=DIRECTION('ref_axis',(0.565685424949239,-0.42426406871193,-0.707106781186546));
#3901=DIRECTION('',(0.6,0.8,0.));
#3902=DIRECTION('',(-0.6,-0.8,0.));
#3903=DIRECTION('center_axis',(-1.,0.,0.));
#3904=DIRECTION('ref_axis',(0.,-1.,-4.16333634234434E-17));
#3905=DIRECTION('center_axis',(0.,0.,1.));
#3906=DIRECTION('ref_axis',(0.948683298050514,-0.316227766016837,0.));
#3907=DIRECTION('center_axis',(0.,0.,-1.));
#3908=DIRECTION('ref_axis',(0.948683298050514,-0.316227766016837,0.));
#3909=DIRECTION('',(0.,0.,1.));
#3910=DIRECTION('',(0.,0.,-1.));
#3911=DIRECTION('center_axis',(-1.,0.,0.));
#3912=DIRECTION('ref_axis',(0.,-1.,0.));
#3913=DIRECTION('',(0.,-1.,0.));
#3914=DIRECTION('',(0.,1.,0.));
#3915=DIRECTION('center_axis',(0.,0.,1.));
#3916=DIRECTION('ref_axis',(1.,0.,0.));
#3917=DIRECTION('center_axis',(-1.,0.,0.));
#3918=DIRECTION('ref_axis',(0.,0.,1.));
#3919=DIRECTION('',(0.,1.,0.));
#3920=DIRECTION('center_axis',(-0.8,0.6,0.));
#3921=DIRECTION('ref_axis',(0.,0.,1.));
#3922=DIRECTION('',(-0.6,-0.8,0.));
#3923=DIRECTION('',(4.89858719658941E-17,-3.67394039744206E-17,1.));
#3924=DIRECTION('',(0.6,0.8,0.));
#3925=DIRECTION('center_axis',(0.,0.,1.));
#3926=DIRECTION('ref_axis',(1.,0.,0.));
#3927=DIRECTION('center_axis',(-1.,0.,0.));
#3928=DIRECTION('ref_axis',(0.,0.,1.));
#3929=DIRECTION('',(0.,-1.,0.));
#3930=DIRECTION('center_axis',(0.8,0.6,0.));
#3931=DIRECTION('ref_axis',(0.,0.,1.));
#3932=DIRECTION('',(0.6,-0.8,0.));
#3933=DIRECTION('',(4.89858719658941E-17,3.67394039744206E-17,1.));
#3934=DIRECTION('',(-0.6,0.8,0.));
#3935=DIRECTION('center_axis',(0.8,0.6,-6.12323399573677E-17));
#3936=DIRECTION('ref_axis',(-0.6,0.8,0.));
#3937=DIRECTION('',(-4.89858719658941E-17,-3.67394039744206E-17,-1.));
#3938=DIRECTION('',(0.6,-0.8,0.));
#3939=DIRECTION('',(-4.89858719658941E-17,-3.67394039744206E-17,-1.));
#3940=DIRECTION('',(-0.6,0.8,0.));
#3941=DIRECTION('',(-4.89858719658941E-17,-3.67394039744206E-17,-1.));
#3942=DIRECTION('',(0.6,-0.8,0.));
#3943=DIRECTION('',(-4.89858719658941E-17,-3.67394039744206E-17,-1.));
#3944=DIRECTION('',(-0.6,0.8,0.));
#3945=DIRECTION('',(4.89858719658941E-17,3.67394039744206E-17,1.));
#3946=DIRECTION('',(-0.6,0.8,0.));
#3947=DIRECTION('',(-4.89858719658941E-17,-3.67394039744206E-17,-1.));
#3948=DIRECTION('',(-0.6,0.8,0.));
#3949=DIRECTION('',(0.,0.,1.));
#3950=DIRECTION('',(-0.6,0.8,0.));
#3951=DIRECTION('',(-4.89858719658941E-17,-3.67394039744206E-17,-1.));
#3952=DIRECTION('',(0.6,-0.8,0.));
#3953=DIRECTION('',(0.,0.,1.));
#3954=DIRECTION('',(0.6,-0.8,0.));
#3955=DIRECTION('',(4.89858719658941E-17,3.67394039744206E-17,1.));
#3956=DIRECTION('',(-0.6,0.8,0.));
#3957=DIRECTION('center_axis',(0.6,-0.8,-6.16297582203915E-33));
#3958=DIRECTION('ref_axis',(-4.89858719658941E-17,-3.67394039744206E-17,
-1.));
#3959=DIRECTION('',(0.8,0.6,0.));
#3960=DIRECTION('',(-4.89858719658941E-17,-3.67394039744206E-17,-1.));
#3961=DIRECTION('',(0.8,0.6,0.));
#3962=DIRECTION('center_axis',(0.,0.,-1.));
#3963=DIRECTION('ref_axis',(-0.6,0.8,0.));
#3964=DIRECTION('',(0.,1.,0.));
#3965=DIRECTION('',(-1.,0.,0.));
#3966=DIRECTION('',(0.,1.,0.));
#3967=DIRECTION('',(-0.6,0.8,0.));
#3968=DIRECTION('center_axis',(0.,0.,1.));
#3969=DIRECTION('ref_axis',(0.6,-0.8,0.));
#3970=DIRECTION('',(-0.599999999999997,0.800000000000002,0.));
#3971=DIRECTION('',(0.,1.,0.));
#3972=DIRECTION('',(-1.,0.,0.));
#3973=DIRECTION('',(0.,-1.,0.));
#3974=DIRECTION('center_axis',(-0.8,-0.6,0.));
#3975=DIRECTION('ref_axis',(0.,0.,-1.));
#3976=DIRECTION('',(0.,0.,-1.));
#3977=DIRECTION('center_axis',(-0.8,0.6,6.12323399573677E-17));
#3978=DIRECTION('ref_axis',(-0.6,-0.8,0.));
#3979=DIRECTION('',(4.89858719658941E-17,-3.67394039744206E-17,1.));
#3980=DIRECTION('',(-0.6,-0.8,0.));
#3981=DIRECTION('',(-4.89858719658941E-17,3.67394039744206E-17,-1.));
#3982=DIRECTION('',(0.6,0.8,0.));
#3983=DIRECTION('',(-4.89858719658941E-17,3.67394039744206E-17,-1.));
#3984=DIRECTION('',(-0.6,-0.8,0.));
#3985=DIRECTION('',(-4.89858719658941E-17,3.67394039744206E-17,-1.));
#3986=DIRECTION('',(0.6,0.8,0.));
#3987=DIRECTION('',(-4.89858719658941E-17,3.67394039744206E-17,-1.));
#3988=DIRECTION('',(-0.6,-0.8,0.));
#3989=DIRECTION('',(4.89858719658941E-17,-3.67394039744206E-17,1.));
#3990=DIRECTION('',(0.6,0.8,0.));
#3991=DIRECTION('',(0.,0.,-1.));
#3992=DIRECTION('',(0.6,0.8,0.));
#3993=DIRECTION('',(-4.89858719658941E-17,3.67394039744206E-17,-1.));
#3994=DIRECTION('',(-0.6,-0.8,0.));
#3995=DIRECTION('',(0.,0.,-1.));
#3996=DIRECTION('',(-0.6,-0.8,0.));
#3997=DIRECTION('',(-4.89858719658941E-17,3.67394039744206E-17,-1.));
#3998=DIRECTION('',(-0.6,-0.8,0.));
#3999=DIRECTION('center_axis',(-0.6,-0.8,6.16297582203915E-33));
#4000=DIRECTION('ref_axis',(-4.89858719658941E-17,3.67394039744206E-17,
-1.));
#4001=DIRECTION('',(0.8,-0.6,0.));
#4002=DIRECTION('',(-4.89858719658941E-17,3.67394039744206E-17,-1.));
#4003=DIRECTION('',(0.8,-0.6,0.));
#4004=DIRECTION('center_axis',(0.,0.,1.));
#4005=DIRECTION('ref_axis',(-0.6,-0.8,0.));
#4006=DIRECTION('',(0.599999999999997,0.800000000000002,0.));
#4007=DIRECTION('',(0.,-1.,0.));
#4008=DIRECTION('',(-1.,0.,0.));
#4009=DIRECTION('',(0.,1.,0.));
#4010=DIRECTION('center_axis',(0.,0.,-1.));
#4011=DIRECTION('ref_axis',(0.6,0.8,0.));
#4012=DIRECTION('',(0.,-1.,0.));
#4013=DIRECTION('',(-1.,0.,0.));
#4014=DIRECTION('',(0.,-1.,0.));
#4015=DIRECTION('',(0.6,0.8,0.));
#4016=DIRECTION('center_axis',(0.8,-0.6,0.));
#4017=DIRECTION('ref_axis',(0.,0.,-1.));
#4018=DIRECTION('',(0.,0.,-1.));
#4019=DIRECTION('center_axis',(-1.,0.,0.));
#4020=DIRECTION('ref_axis',(0.,-1.,0.));
#4021=DIRECTION('',(0.,0.,1.));
#4022=DIRECTION('',(0.,-1.,0.));
#4023=DIRECTION('',(0.,0.,-1.));
#4024=DIRECTION('',(0.,1.,0.));
#4025=DIRECTION('',(0.,0.,1.));
#4026=DIRECTION('',(0.,1.,0.));
#4027=DIRECTION('',(0.,0.,-1.));
#4028=DIRECTION('',(0.,1.,0.));
#4029=DIRECTION('',(0.,0.,1.));
#4030=DIRECTION('',(0.,-1.,0.));
#4031=DIRECTION('',(0.,0.,-1.));
#4032=DIRECTION('',(0.,-1.,0.));
#4033=DIRECTION('center_axis',(0.,1.,0.));
#4034=DIRECTION('ref_axis',(0.,0.,-1.));
#4035=DIRECTION('',(0.,0.,-1.));
#4036=DIRECTION('',(-1.,0.,0.));
#4037=DIRECTION('',(-1.,0.,0.));
#4038=DIRECTION('center_axis',(0.,0.,1.));
#4039=DIRECTION('ref_axis',(0.,1.,0.));
#4040=DIRECTION('',(0.,1.,0.));
#4041=DIRECTION('',(-1.,0.,0.));
#4042=DIRECTION('center_axis',(0.,-1.,0.));
#4043=DIRECTION('ref_axis',(0.,0.,1.));
#4044=DIRECTION('',(0.,0.,1.));
#4045=DIRECTION('',(-1.,0.,0.));
#4046=DIRECTION('center_axis',(1.,0.,0.));
#4047=DIRECTION('ref_axis',(0.,1.,0.));
#4048=DIRECTION('',(0.,-1.,0.));
#4049=DIRECTION('center_axis',(0.,-1.,0.));
#4050=DIRECTION('ref_axis',(0.,0.,1.));
#4051=DIRECTION('',(0.,0.,1.));
#4052=DIRECTION('center_axis',(1.,0.,0.));
#4053=DIRECTION('ref_axis',(0.,1.,0.));
#4054=DIRECTION('center_axis',(0.,1.,0.));
#4055=DIRECTION('ref_axis',(0.,0.,-1.));
#4056=DIRECTION('',(0.,0.,-1.));
#4057=DIRECTION('center_axis',(1.,0.,0.));
#4058=DIRECTION('ref_axis',(0.,1.,0.));
#4059=DIRECTION('center_axis',(0.,1.,0.));
#4060=DIRECTION('ref_axis',(0.,0.,-1.));
#4061=DIRECTION('',(0.,0.,-1.));
#4062=DIRECTION('',(-1.,0.,0.));
#4063=DIRECTION('',(-1.,0.,0.));
#4064=DIRECTION('center_axis',(0.,-1.,0.));
#4065=DIRECTION('ref_axis',(0.,0.,1.));
#4066=DIRECTION('',(0.,0.,1.));
#4067=DIRECTION('',(-1.,0.,0.));
#4068=DIRECTION('',(-1.,0.,0.));
#4069=DIRECTION('center_axis',(0.,0.,-1.));
#4070=DIRECTION('ref_axis',(0.,-1.,0.));
#4071=DIRECTION('',(0.,-1.,0.));
#4072=DIRECTION('center_axis',(1.,0.,0.));
#4073=DIRECTION('ref_axis',(0.,1.,0.));
#4074=DIRECTION('',(0.,1.,0.));
#4075=DIRECTION('center_axis',(0.6,0.8,-6.16297582203915E-33));
#4076=DIRECTION('ref_axis',(4.89858719658941E-17,-3.67394039744206E-17,
1.));
#4077=DIRECTION('',(0.8,-0.6,0.));
#4078=DIRECTION('',(4.89858719658941E-17,-3.67394039744206E-17,1.));
#4079=DIRECTION('',(0.8,-0.6,0.));
#4080=DIRECTION('center_axis',(-0.6,-0.8,6.16297582203915E-33));
#4081=DIRECTION('ref_axis',(-4.89858719658941E-17,3.67394039744206E-17,
-1.));
#4082=DIRECTION('',(0.8,-0.6,0.));
#4083=DIRECTION('',(-4.89858719658941E-17,3.67394039744206E-17,-1.));
#4084=DIRECTION('',(0.8,-0.6,0.));
#4085=DIRECTION('center_axis',(0.,0.,1.));
#4086=DIRECTION('ref_axis',(-0.6,-0.8,0.));
#4087=DIRECTION('',(-0.6,-0.8,0.));
#4088=DIRECTION('center_axis',(0.8,-0.6,0.));
#4089=DIRECTION('ref_axis',(0.,0.,-1.));
#4090=DIRECTION('',(0.6,0.8,0.));
#4091=DIRECTION('center_axis',(0.,0.,1.));
#4092=DIRECTION('ref_axis',(-0.6,-0.8,0.));
#4093=DIRECTION('',(0.8,-0.6,0.));
#4094=DIRECTION('',(-0.6,-0.8,0.));
#4095=DIRECTION('',(0.8,-0.6,0.));
#4096=DIRECTION('center_axis',(0.6,0.8,-6.16297582203915E-33));
#4097=DIRECTION('ref_axis',(4.89858719658941E-17,-3.67394039744206E-17,
1.));
#4098=DIRECTION('',(4.89858719658941E-17,-3.67394039744206E-17,1.));
#4099=DIRECTION('',(0.8,-0.6,0.));
#4100=DIRECTION('center_axis',(0.,0.,-1.));
#4101=DIRECTION('ref_axis',(0.6,0.8,0.));
#4102=DIRECTION('',(0.6,0.8,0.));
#4103=DIRECTION('',(0.8,-0.6,0.));
#4104=DIRECTION('center_axis',(-0.6,-0.8,6.16297582203915E-33));
#4105=DIRECTION('ref_axis',(-4.89858719658941E-17,3.67394039744206E-17,
-1.));
#4106=DIRECTION('',(-4.89858719658941E-17,3.67394039744206E-17,-1.));
#4107=DIRECTION('',(-0.8,0.6,0.));
#4108=DIRECTION('',(-0.8,0.6,0.));
#4109=DIRECTION('center_axis',(0.8,-0.6,0.));
#4110=DIRECTION('ref_axis',(0.,0.,-1.));
#4111=DIRECTION('center_axis',(0.6,0.8,-6.16297582203915E-33));
#4112=DIRECTION('ref_axis',(4.89858719658941E-17,-3.67394039744206E-17,
1.));
#4113=DIRECTION('',(0.8,-0.6,0.));
#4114=DIRECTION('',(4.89858719658941E-17,-3.67394039744206E-17,1.));
#4115=DIRECTION('',(0.8,-0.6,0.));
#4116=DIRECTION('center_axis',(0.,0.,-1.));
#4117=DIRECTION('ref_axis',(0.6,0.8,0.));
#4118=DIRECTION('',(0.6,0.8,0.));
#4119=DIRECTION('',(0.8,-0.6,0.));
#4120=DIRECTION('center_axis',(-0.6,-0.8,6.16297582203915E-33));
#4121=DIRECTION('ref_axis',(-4.89858719658941E-17,3.67394039744206E-17,
-1.));
#4122=DIRECTION('',(-4.89858719658941E-17,3.67394039744206E-17,-1.));
#4123=DIRECTION('',(0.8,-0.6,0.));
#4124=DIRECTION('center_axis',(0.8,-0.6,0.));
#4125=DIRECTION('ref_axis',(0.,0.,-1.));
#4126=DIRECTION('',(-0.6,-0.8,0.));
#4127=DIRECTION('center_axis',(0.,0.,-1.));
#4128=DIRECTION('ref_axis',(-0.6,0.8,0.));
#4129=DIRECTION('',(0.8,0.6,0.));
#4130=DIRECTION('',(-0.6,0.8,0.));
#4131=DIRECTION('',(0.8,0.6,0.));
#4132=DIRECTION('',(-0.8,-0.6,0.));
#4133=DIRECTION('center_axis',(-0.6,0.8,6.16297582203915E-33));
#4134=DIRECTION('ref_axis',(4.89858719658941E-17,3.67394039744206E-17,1.));
#4135=DIRECTION('',(0.8,0.6,0.));
#4136=DIRECTION('',(4.89858719658941E-17,3.67394039744206E-17,1.));
#4137=DIRECTION('center_axis',(0.,0.,1.));
#4138=DIRECTION('ref_axis',(0.6,-0.8,0.));
#4139=DIRECTION('',(0.8,0.6,0.));
#4140=DIRECTION('',(0.6,-0.8,0.));
#4141=DIRECTION('center_axis',(0.6,-0.8,-6.16297582203915E-33));
#4142=DIRECTION('ref_axis',(-4.89858719658941E-17,-3.67394039744206E-17,
-1.));
#4143=DIRECTION('',(-4.89858719658941E-17,-3.67394039744206E-17,-1.));
#4144=DIRECTION('center_axis',(-0.8,-0.6,0.));
#4145=DIRECTION('ref_axis',(0.,0.,-1.));
#4146=DIRECTION('center_axis',(0.,0.,-1.));
#4147=DIRECTION('ref_axis',(-0.6,0.8,0.));
#4148=DIRECTION('',(0.8,0.6,0.));
#4149=DIRECTION('',(-0.6,0.8,0.));
#4150=DIRECTION('',(0.8,0.6,0.));
#4151=DIRECTION('center_axis',(-0.6,0.8,6.16297582203915E-33));
#4152=DIRECTION('ref_axis',(4.89858719658941E-17,3.67394039744206E-17,1.));
#4153=DIRECTION('',(0.8,0.6,0.));
#4154=DIRECTION('',(4.89858719658941E-17,3.67394039744206E-17,1.));
#4155=DIRECTION('center_axis',(0.,0.,1.));
#4156=DIRECTION('ref_axis',(0.6,-0.8,0.));
#4157=DIRECTION('',(0.8,0.6,0.));
#4158=DIRECTION('',(0.6,-0.8,0.));
#4159=DIRECTION('center_axis',(0.6,-0.8,-6.16297582203915E-33));
#4160=DIRECTION('ref_axis',(-4.89858719658941E-17,-3.67394039744206E-17,
-1.));
#4161=DIRECTION('',(-4.89858719658941E-17,-3.67394039744206E-17,-1.));
#4162=DIRECTION('',(-0.8,-0.6,0.));
#4163=DIRECTION('center_axis',(-0.8,-0.6,0.));
#4164=DIRECTION('ref_axis',(0.,0.,-1.));
#4165=DIRECTION('center_axis',(-0.6,0.8,6.16297582203915E-33));
#4166=DIRECTION('ref_axis',(4.89858719658941E-17,3.67394039744206E-17,1.));
#4167=DIRECTION('',(0.8,0.6,0.));
#4168=DIRECTION('',(4.89858719658941E-17,3.67394039744206E-17,1.));
#4169=DIRECTION('',(0.8,0.6,0.));
#4170=DIRECTION('center_axis',(0.,0.,1.));
#4171=DIRECTION('ref_axis',(0.6,-0.8,0.));
#4172=DIRECTION('',(0.8,0.6,0.));
#4173=DIRECTION('',(0.6,-0.8,0.));
#4174=DIRECTION('center_axis',(0.6,-0.8,-6.16297582203915E-33));
#4175=DIRECTION('ref_axis',(-4.89858719658941E-17,-3.67394039744206E-17,
-1.));
#4176=DIRECTION('',(0.8,0.6,0.));
#4177=DIRECTION('',(-4.89858719658941E-17,-3.67394039744206E-17,-1.));
#4178=DIRECTION('center_axis',(0.,0.,-1.));
#4179=DIRECTION('ref_axis',(-0.6,0.8,0.));
#4180=DIRECTION('',(-0.6,0.8,0.));
#4181=DIRECTION('center_axis',(-0.8,-0.6,0.));
#4182=DIRECTION('ref_axis',(0.,0.,-1.));
#4183=DIRECTION('center_axis',(0.,0.,-1.));
#4184=DIRECTION('ref_axis',(-1.,-1.22464679914735E-16,0.));
#4185=DIRECTION('center_axis',(0.,0.,1.));
#4186=DIRECTION('ref_axis',(-1.,-1.22464679914735E-16,0.));
#4187=DIRECTION('center_axis',(0.,0.,1.));
#4188=DIRECTION('ref_axis',(1.,0.,0.));
#4189=DIRECTION('',(0.,0.,1.));
#4190=DIRECTION('center_axis',(-0.864886828925572,0.,0.501966904438001));
#4191=DIRECTION('ref_axis',(0.501966904438001,0.,0.864886828925572));
#4192=DIRECTION('center_axis',(-0.86715950556513,0.,-0.49803051302911));
#4193=DIRECTION('ref_axis',(0.49803051302911,0.,-0.86715950556513));
#4194=DIRECTION('',(0.,0.,1.));
#4195=DIRECTION('center_axis',(-0.86715950556513,0.,0.49803051302911));
#4196=DIRECTION('ref_axis',(0.49803051302911,0.,0.86715950556513));
#4197=DIRECTION('center_axis',(-0.864886828925572,0.,-0.501966904438001));
#4198=DIRECTION('ref_axis',(0.501966904438001,0.,-0.864886828925572));
#4199=DIRECTION('',(0.,0.,1.));
#4200=DIRECTION('center_axis',(0.,0.,-1.));
#4201=DIRECTION('ref_axis',(-1.,0.,0.));
#4202=DIRECTION('',(0.,0.,-1.));
#4203=DIRECTION('',(0.,0.,-1.));
#4204=DIRECTION('',(0.,0.,-1.));
#4205=DIRECTION('center_axis',(0.,0.,1.));
#4206=DIRECTION('ref_axis',(1.,0.,0.));
#4207=DIRECTION('center_axis',(0.,0.,1.));
#4208=DIRECTION('ref_axis',(-1.,-1.22464679914735E-16,0.));
#4209=DIRECTION('center_axis',(0.,0.,1.));
#4210=DIRECTION('ref_axis',(1.,0.,0.));
#4211=DIRECTION('center_axis',(0.,0.,-1.));
#4212=DIRECTION('ref_axis',(-1.,-1.22464679914735E-16,0.));
#4213=DIRECTION('center_axis',(0.,0.,1.));
#4214=DIRECTION('ref_axis',(1.,0.,0.));
#4215=DIRECTION('center_axis',(0.,0.,-1.));
#4216=DIRECTION('ref_axis',(-1.,-1.22464679914735E-16,0.));
#4217=DIRECTION('',(0.,-1.,0.));
#4218=DIRECTION('center_axis',(0.,0.,1.));
#4219=DIRECTION('ref_axis',(-1.,1.22464679914735E-16,0.));
#4220=DIRECTION('',(0.,-1.,0.));
#4221=DIRECTION('center_axis',(0.,0.,1.));
#4222=DIRECTION('ref_axis',(1.,0.,0.));
#4223=DIRECTION('center_axis',(0.,0.,-1.));
#4224=DIRECTION('ref_axis',(-1.,0.,0.));
#4225=DIRECTION('center_axis',(0.,0.,1.));
#4226=DIRECTION('ref_axis',(-1.,0.,0.));
#4227=DIRECTION('',(0.,0.,-1.));
#4228=DIRECTION('center_axis',(0.,0.,-1.));
#4229=DIRECTION('ref_axis',(-1.,0.,0.));
#4230=DIRECTION('center_axis',(0.,0.,1.));
#4231=DIRECTION('ref_axis',(-1.,0.,0.));
#4232=DIRECTION('',(0.,0.,-1.));
#4233=DIRECTION('center_axis',(0.,0.,-1.));
#4234=DIRECTION('ref_axis',(-1.,0.,0.));
#4235=DIRECTION('center_axis',(0.,0.,-1.));
#4236=DIRECTION('ref_axis',(-1.,0.,0.));
#4237=DIRECTION('',(0.,0.,-1.));
#4238=DIRECTION('center_axis',(0.,0.,-1.));
#4239=DIRECTION('ref_axis',(-1.,0.,0.));
#4240=DIRECTION('center_axis',(0.,0.,1.));
#4241=DIRECTION('ref_axis',(-1.,0.,0.));
#4242=DIRECTION('center_axis',(0.,0.,-1.));
#4243=DIRECTION('ref_axis',(-1.,0.,0.));
#4244=DIRECTION('center_axis',(0.,0.,-1.));
#4245=DIRECTION('ref_axis',(-1.,0.,0.));
#4246=DIRECTION('',(0.,0.,-1.));
#4247=DIRECTION('center_axis',(0.,0.,-1.));
#4248=DIRECTION('ref_axis',(-1.,0.,0.));
#4249=DIRECTION('center_axis',(0.,0.,1.));
#4250=DIRECTION('ref_axis',(-1.,0.,0.));
#4251=DIRECTION('center_axis',(0.,0.,1.));
#4252=DIRECTION('ref_axis',(1.,0.,0.));
#4253=DIRECTION('center_axis',(0.,0.,-1.));
#4254=DIRECTION('ref_axis',(1.,0.,0.));
#4255=DIRECTION('',(-0.567548307377748,0.649728618626022,-0.505709047705274));
#4256=DIRECTION('',(0.0705332390920085,0.701796867949857,-0.708876729988339));
#4257=DIRECTION('center_axis',(0.,0.,-1.));
#4258=DIRECTION('ref_axis',(1.,0.,0.));
#4259=DIRECTION('',(-0.0785674201318393,-0.702728368926307,0.707106781186547));
#4260=DIRECTION('center_axis',(0.,0.,-1.));
#4261=DIRECTION('ref_axis',(1.,0.,0.));
#4262=DIRECTION('',(0.628462630374932,0.324090608043834,-0.707106781186547));
#4263=DIRECTION('center_axis',(0.,0.,1.));
#4264=DIRECTION('ref_axis',(-0.520416499866533,-0.853912563829967,0.));
#4265=DIRECTION('',(0.,0.707106781186547,-0.707106781186547));
#4266=DIRECTION('center_axis',(0.,0.,-1.));
#4267=DIRECTION('ref_axis',(-0.520416499866533,-0.853912563829967,0.));
#4268=DIRECTION('center_axis',(0.,0.,1.));
#4269=DIRECTION('ref_axis',(-0.520416499866533,-0.853912563829966,0.));
#4270=DIRECTION('center_axis',(0.,0.707106781186547,0.707106781186549));
#4271=DIRECTION('ref_axis',(1.,0.,0.));
#4272=DIRECTION('',(0.,0.707106781186548,-0.707106781186547));
#4273=DIRECTION('',(-1.,0.,0.));
#4274=DIRECTION('',(1.,0.,0.));
#4275=DIRECTION('center_axis',(0.,-1.,0.));
#4276=DIRECTION('ref_axis',(1.,0.,0.));
#4277=DIRECTION('',(-0.707106781186548,0.707106781186547,0.));
#4278=DIRECTION('center_axis',(0.,-1.,0.));
#4279=DIRECTION('ref_axis',(1.,0.,0.));
#4280=DIRECTION('center_axis',(0.,1.,0.));
#4281=DIRECTION('ref_axis',(1.,0.,0.));
#4282=DIRECTION('center_axis',(0.707106781186547,0.707106781186548,-4.75785593540538E-17));
#4283=DIRECTION('ref_axis',(-6.72862439166762E-17,0.,-1.));
#4284=DIRECTION('',(-0.707106781186547,0.707106781186548,0.));
#4285=DIRECTION('',(6.72862439166762E-17,0.,1.));
#4286=DIRECTION('',(-6.72862439166762E-17,0.,-1.));
#4287=DIRECTION('center_axis',(0.,-1.,0.));
#4288=DIRECTION('ref_axis',(1.,0.,0.));
#4289=DIRECTION('',(0.,0.707106781186547,0.707106781186548));
#4290=DIRECTION('center_axis',(0.,-1.,0.));
#4291=DIRECTION('ref_axis',(1.,0.,0.));
#4292=DIRECTION('center_axis',(0.,1.,0.));
#4293=DIRECTION('ref_axis',(1.,0.,0.));
#4294=DIRECTION('center_axis',(0.,0.707106781186548,-0.707106781186547));
#4295=DIRECTION('ref_axis',(-1.,0.,0.));
#4296=DIRECTION('',(0.,0.707106781186547,0.707106781186548));
#4297=DIRECTION('',(1.,0.,0.));
#4298=DIRECTION('',(-1.,0.,0.));
#4299=DIRECTION('center_axis',(0.,0.,-1.));
#4300=DIRECTION('ref_axis',(-0.520416499866533,-0.853912563829967,0.));
#4301=DIRECTION('',(0.628462630374931,0.324090608043834,0.707106781186548));
#4302=DIRECTION('center_axis',(0.,0.,1.));
#4303=DIRECTION('ref_axis',(-0.520416499866533,-0.853912563829967,0.));
#4304=DIRECTION('center_axis',(0.,0.,-1.));
#4305=DIRECTION('ref_axis',(-0.520416499866533,-0.853912563829966,0.));
#4306=DIRECTION('center_axis',(0.,0.,1.));
#4307=DIRECTION('ref_axis',(-1.,0.,0.));
#4308=DIRECTION('',(0.628462630374931,-0.324090608043834,0.707106781186548));
#4309=DIRECTION('center_axis',(0.,0.,1.));
#4310=DIRECTION('ref_axis',(-1.,0.,0.));
#4311=DIRECTION('center_axis',(0.,0.,-1.));
#4312=DIRECTION('ref_axis',(-0.520416499866533,0.853912563829967,0.));
#4313=DIRECTION('',(0.,-0.707106781186547,0.707106781186548));
#4314=DIRECTION('center_axis',(0.,0.,1.));
#4315=DIRECTION('ref_axis',(-0.520416499866533,0.853912563829967,0.));
#4316=DIRECTION('center_axis',(0.,0.,-1.));
#4317=DIRECTION('ref_axis',(-0.520416499866533,0.853912563829966,0.));
#4318=DIRECTION('center_axis',(0.,-0.707106781186548,-0.707106781186547));
#4319=DIRECTION('ref_axis',(-1.,0.,0.));
#4320=DIRECTION('',(0.,-0.707106781186547,0.707106781186548));
#4321=DIRECTION('',(-1.,0.,0.));
#4322=DIRECTION('',(1.,0.,0.));
#4323=DIRECTION('center_axis',(0.,1.,0.));
#4324=DIRECTION('ref_axis',(1.,0.,0.));
#4325=DIRECTION('',(-0.707106781186547,-0.707106781186548,0.));
#4326=DIRECTION('center_axis',(0.,1.,0.));
#4327=DIRECTION('ref_axis',(1.,0.,0.));
#4328=DIRECTION('center_axis',(0.,-1.,0.));
#4329=DIRECTION('ref_axis',(1.,0.,0.));
#4330=DIRECTION('center_axis',(0.707106781186547,-0.707106781186548,-4.75785593540538E-17));
#4331=DIRECTION('ref_axis',(-6.72862439166762E-17,0.,-1.));
#4332=DIRECTION('',(-0.707106781186548,-0.707106781186547,0.));
#4333=DIRECTION('',(-6.72862439166762E-17,0.,-1.));
#4334=DIRECTION('',(6.72862439166762E-17,0.,1.));
#4335=DIRECTION('center_axis',(0.,1.,0.));
#4336=DIRECTION('ref_axis',(1.,0.,0.));
#4337=DIRECTION('',(0.,-0.707106781186547,-0.707106781186548));
#4338=DIRECTION('center_axis',(0.,1.,0.));
#4339=DIRECTION('ref_axis',(1.,0.,0.));
#4340=DIRECTION('center_axis',(0.,-1.,0.));
#4341=DIRECTION('ref_axis',(1.,0.,0.));
#4342=DIRECTION('center_axis',(0.,-0.707106781186547,0.707106781186549));
#4343=DIRECTION('ref_axis',(1.,0.,0.));
#4344=DIRECTION('',(0.,-0.707106781186549,-0.707106781186547));
#4345=DIRECTION('',(1.,0.,0.));
#4346=DIRECTION('',(-1.,0.,0.));
#4347=DIRECTION('center_axis',(0.,0.,1.));
#4348=DIRECTION('ref_axis',(-0.520416499866533,0.853912563829967,0.));
#4349=DIRECTION('',(0.628462630374931,-0.324090608043834,-0.707106781186548));
#4350=DIRECTION('center_axis',(0.,0.,-1.));
#4351=DIRECTION('ref_axis',(-0.520416499866533,0.853912563829967,0.));
#4352=DIRECTION('center_axis',(0.,0.,1.));
#4353=DIRECTION('ref_axis',(-0.520416499866533,0.853912563829966,0.));
#4354=DIRECTION('center_axis',(0.,0.,-1.));
#4355=DIRECTION('ref_axis',(1.,0.,0.));
#4356=DIRECTION('',(0.0785674201318393,-0.702728368926307,-0.707106781186547));
#4357=DIRECTION('center_axis',(0.,0.,-1.));
#4358=DIRECTION('ref_axis',(1.,0.,0.));
#4359=DIRECTION('',(0.0705332390920081,-0.701796867949858,-0.708876729988338));
#4360=DIRECTION('',(0.56754831672344,0.649728612319449,0.505709045319374));
#4361=DIRECTION('center_axis',(0.,1.,0.));
#4362=DIRECTION('ref_axis',(-0.707106781186548,0.,0.707106781186547));
#4363=DIRECTION('',(0.,1.,0.));
#4364=DIRECTION('center_axis',(0.,0.,-1.));
#4365=DIRECTION('ref_axis',(-1.,0.,0.));
#4366=DIRECTION('',(-1.,0.,0.));
#4367=DIRECTION('center_axis',(0.,0.,1.));
#4368=DIRECTION('ref_axis',(1.,0.,0.));
#4369=DIRECTION('',(0.,-1.,0.));
#4370=DIRECTION('center_axis',(0.,1.,0.));
#4371=DIRECTION('ref_axis',(1.,0.,0.));
#4372=DIRECTION('',(0.,1.,0.));
#4373=DIRECTION('center_axis',(0.,-1.,0.));
#4374=DIRECTION('ref_axis',(1.,0.,0.));
#4375=DIRECTION('center_axis',(1.,0.,-6.72862439166762E-17));
#4376=DIRECTION('ref_axis',(-6.72862439166762E-17,0.,-1.));
#4377=DIRECTION('',(0.,1.,0.));
#4378=DIRECTION('',(6.72862439166762E-17,0.,1.));
#4379=DIRECTION('center_axis',(0.,1.,0.));
#4380=DIRECTION('ref_axis',(1.,0.,0.));
#4381=DIRECTION('',(0.,1.,0.));
#4382=DIRECTION('center_axis',(0.,-1.,0.));
#4383=DIRECTION('ref_axis',(1.,0.,0.));
#4384=DIRECTION('center_axis',(0.,0.,-1.));
#4385=DIRECTION('ref_axis',(-1.,0.,0.));
#4386=DIRECTION('',(1.,0.,0.));
#4387=DIRECTION('',(0.,1.,0.));
#4388=DIRECTION('',(-1.,0.,0.));
#4389=DIRECTION('center_axis',(0.,0.,-1.));
#4390=DIRECTION('ref_axis',(1.,0.,0.));
#4391=DIRECTION('center_axis',(0.,0.,1.));
#4392=DIRECTION('ref_axis',(1.,0.,0.));
#4393=DIRECTION('center_axis',(0.,1.,0.));
#4394=DIRECTION('ref_axis',(1.,0.,0.));
#4395=DIRECTION('',(0.,1.,0.));
#4396=DIRECTION('center_axis',(0.,1.,0.));
#4397=DIRECTION('ref_axis',(1.,0.,0.));
#4398=DIRECTION('center_axis',(1.,0.,-6.72862439166762E-17));
#4399=DIRECTION('ref_axis',(-6.72862439166762E-17,0.,-1.));
#4400=DIRECTION('',(0.,1.,0.));
#4401=DIRECTION('',(-6.72862439166762E-17,0.,-1.));
#4402=DIRECTION('center_axis',(0.,1.,0.));
#4403=DIRECTION('ref_axis',(1.,0.,0.));
#4404=DIRECTION('',(0.,-1.,0.));
#4405=DIRECTION('center_axis',(0.,1.,0.));
#4406=DIRECTION('ref_axis',(1.,0.,0.));
#4407=DIRECTION('center_axis',(0.,0.,-1.));
#4408=DIRECTION('ref_axis',(-1.,0.,0.));
#4409=DIRECTION('',(1.,0.,0.));
#4410=DIRECTION('',(0.,1.,0.));
#4411=DIRECTION('center_axis',(0.,0.,1.));
#4412=DIRECTION('ref_axis',(1.,0.,0.));
#4413=DIRECTION('center_axis',(0.864886828925571,0.,-0.501966904438001));
#4414=DIRECTION('ref_axis',(-0.501966904438001,0.,-0.864886828925571));
#4415=DIRECTION('',(0.501966904438001,0.,0.864886828925571));
#4416=DIRECTION('',(0.,1.,0.));
#4417=DIRECTION('',(-0.501966904438001,0.,-0.864886828925571));
#4418=DIRECTION('',(0.,1.,0.));
#4419=DIRECTION('center_axis',(0.867159505565131,0.,0.498030513029109));
#4420=DIRECTION('ref_axis',(0.498030513029109,0.,-0.867159505565131));
#4421=DIRECTION('',(-0.498030513029109,0.,0.867159505565131));
#4422=DIRECTION('',(0.498030513029109,0.,-0.867159505565131));
#4423=DIRECTION('',(0.,1.,0.));
#4424=DIRECTION('center_axis',(0.00227267663955934,0.,0.999997417467111));
#4425=DIRECTION('ref_axis',(0.999997417467111,0.,-0.00227267663955934));
#4426=DIRECTION('',(-0.999997417467111,0.,0.00227267663955934));
#4427=DIRECTION('',(0.999997417467111,0.,-0.00227267663955934));
#4428=DIRECTION('',(0.,1.,0.));
#4429=DIRECTION('center_axis',(-0.00227267663955934,0.,-0.999997417467111));
#4430=DIRECTION('ref_axis',(-0.999997417467111,-1.56957374757752E-13,0.00227267663955934));
#4431=DIRECTION('center_axis',(-0.864886828925572,0.,0.501966904438001));
#4432=DIRECTION('ref_axis',(0.501966904438001,0.,0.864886828925572));
#4433=DIRECTION('center_axis',(0.864886828925572,0.,-0.501966904438001));
#4434=DIRECTION('ref_axis',(-0.501966904438,6.96619018633605E-17,-0.864886828925572));
#4435=DIRECTION('',(0.501966904438001,0.,0.864886828925572));
#4436=DIRECTION('',(0.,1.,0.));
#4437=DIRECTION('center_axis',(0.,1.,0.));
#4438=DIRECTION('ref_axis',(1.,0.,0.));
#4439=DIRECTION('',(-0.999997417467111,0.,0.0022726766395591));
#4440=DIRECTION('',(-0.49803051302911,0.,0.86715950556513));
#4441=DIRECTION('center_axis',(0.,1.,0.));
#4442=DIRECTION('ref_axis',(1.,0.,0.));
#4443=DIRECTION('center_axis',(-0.86715950556513,0.,-0.49803051302911));
#4444=DIRECTION('ref_axis',(-0.49803051302911,0.,0.86715950556513));
#4445=DIRECTION('center_axis',(0.86715950556513,0.,0.49803051302911));
#4446=DIRECTION('ref_axis',(-0.49803051302911,6.91156178163497E-17,0.86715950556513));
#4447=DIRECTION('',(0.,1.,0.));
#4448=DIRECTION('center_axis',(-0.0022726766395591,0.,-0.999997417467111));
#4449=DIRECTION('ref_axis',(-0.999997417467111,0.,0.0022726766395591));
#4450=DIRECTION('',(0.999997417467111,0.,-0.0022726766395591));
#4451=DIRECTION('center_axis',(0.0022726766395591,0.,0.999997417467111));
#4452=DIRECTION('ref_axis',(-0.999997417467111,-1.149077862948E-13,0.0022726766395591));
#4453=DIRECTION('center_axis',(0.867159505565131,0.,-0.498030513029109));
#4454=DIRECTION('ref_axis',(-0.498030513029109,0.,-0.867159505565131));
#4455=DIRECTION('',(0.498030513029109,0.,0.867159505565131));
#4456=DIRECTION('',(0.,1.,0.));
#4457=DIRECTION('',(-0.498030513029109,0.,-0.867159505565131));
#4458=DIRECTION('',(0.,1.,0.));
#4459=DIRECTION('center_axis',(0.864886828925571,0.,0.501966904438001));
#4460=DIRECTION('ref_axis',(0.501966904438001,0.,-0.864886828925571));
#4461=DIRECTION('',(-0.501966904438001,0.,0.864886828925571));
#4462=DIRECTION('',(0.501966904438001,0.,-0.864886828925571));
#4463=DIRECTION('',(0.,1.,0.));
#4464=DIRECTION('center_axis',(-0.0022726766395591,0.,0.999997417467111));
#4465=DIRECTION('ref_axis',(0.999997417467111,0.,0.0022726766395591));
#4466=DIRECTION('',(-0.999997417467111,0.,-0.0022726766395591));
#4467=DIRECTION('',(0.999997417467111,0.,0.0022726766395591));
#4468=DIRECTION('',(0.,1.,0.));
#4469=DIRECTION('center_axis',(0.0022726766395591,0.,-0.999997417467111));
#4470=DIRECTION('ref_axis',(-0.999997417467111,-1.149077862948E-13,-0.0022726766395591));
#4471=DIRECTION('center_axis',(-0.86715950556513,0.,0.49803051302911));
#4472=DIRECTION('ref_axis',(0.49803051302911,0.,0.86715950556513));
#4473=DIRECTION('center_axis',(0.86715950556513,0.,-0.49803051302911));
#4474=DIRECTION('ref_axis',(-0.49803051302911,-6.91156178163496E-17,-0.86715950556513));
#4475=DIRECTION('',(0.49803051302911,0.,0.86715950556513));
#4476=DIRECTION('',(0.,1.,0.));
#4477=DIRECTION('center_axis',(0.,1.,0.));
#4478=DIRECTION('ref_axis',(1.,0.,0.));
#4479=DIRECTION('',(-0.999997417467111,0.,-0.0022726766395591));
#4480=DIRECTION('',(-0.501966904438001,0.,0.864886828925572));
#4481=DIRECTION('center_axis',(0.,1.,0.));
#4482=DIRECTION('ref_axis',(1.,0.,0.));
#4483=DIRECTION('center_axis',(0.0022726766395591,0.,-0.999997417467111));
#4484=DIRECTION('ref_axis',(-0.999997417467111,0.,-0.0022726766395591));
#4485=DIRECTION('',(0.999997417467111,0.,0.0022726766395591));
#4486=DIRECTION('center_axis',(-0.0022726766395591,0.,0.999997417467111));
#4487=DIRECTION('ref_axis',(-0.999997417467111,-1.13797566137362E-13,-0.0022726766395591));
#4488=DIRECTION('',(0.,1.,0.));
#4489=DIRECTION('center_axis',(-0.864886828925572,0.,-0.501966904438001));
#4490=DIRECTION('ref_axis',(-0.501966904438001,0.,0.864886828925572));
#4491=DIRECTION('center_axis',(0.864886828925572,0.,0.501966904438001));
#4492=DIRECTION('ref_axis',(-0.501966904438,6.96619018633605E-17,0.864886828925572));
#4493=DIRECTION('center_axis',(0.,1.,0.));
#4494=DIRECTION('ref_axis',(1.,0.,0.));
#4495=DIRECTION('',(0.,0.,-1.));
#4496=DIRECTION('',(0.,0.,-1.));
#4497=DIRECTION('',(0.,0.,-1.));
#4498=DIRECTION('center_axis',(0.,0.,-1.));
#4499=DIRECTION('ref_axis',(-0.520416499866533,-0.853912563829967,0.));
#4500=DIRECTION('center_axis',(0.,0.,-1.));
#4501=DIRECTION('ref_axis',(-0.520416499866533,-0.853912563829967,0.));
#4502=DIRECTION('center_axis',(0.,1.,0.));
#4503=DIRECTION('ref_axis',(1.,0.,0.));
#4504=DIRECTION('center_axis',(0.,-1.,0.));
#4505=DIRECTION('ref_axis',(1.,0.,0.));
#4506=DIRECTION('center_axis',(0.,-1.,0.));
#4507=DIRECTION('ref_axis',(1.,0.,0.));
#4508=DIRECTION('center_axis',(0.,-1.,0.));
#4509=DIRECTION('ref_axis',(1.,0.,0.));
#4510=DIRECTION('',(0.,-1.,0.));
#4511=DIRECTION('center_axis',(0.,1.,0.));
#4512=DIRECTION('ref_axis',(1.,0.,0.));
#4513=DIRECTION('center_axis',(0.,1.,0.));
#4514=DIRECTION('ref_axis',(1.,0.,0.));
#4515=DIRECTION('center_axis',(0.,-1.,0.));
#4516=DIRECTION('ref_axis',(1.,0.,0.));
#4517=DIRECTION('center_axis',(0.,-1.,0.));
#4518=DIRECTION('ref_axis',(1.,0.,0.));
#4519=DIRECTION('center_axis',(0.,-1.,0.));
#4520=DIRECTION('ref_axis',(1.,0.,0.));
#4521=DIRECTION('',(0.,-1.,0.));
#4522=DIRECTION('center_axis',(0.,1.,0.));
#4523=DIRECTION('ref_axis',(1.,0.,0.));
#4524=DIRECTION('center_axis',(0.,1.,0.));
#4525=DIRECTION('ref_axis',(1.,0.,0.));
#4526=DIRECTION('',(0.,0.,1.));
#4527=DIRECTION('',(0.,0.,1.));
#4528=DIRECTION('',(0.,0.,1.));
#4529=DIRECTION('center_axis',(0.,0.,1.));
#4530=DIRECTION('ref_axis',(-0.520416499866533,0.853912563829967,0.));
#4531=DIRECTION('center_axis',(0.,0.,1.));
#4532=DIRECTION('ref_axis',(-0.520416499866533,0.853912563829967,0.));
#4533=DIRECTION('center_axis',(0.,1.,0.));
#4534=DIRECTION('ref_axis',(1.,0.,0.));
#4535=DIRECTION('',(0.,0.,1.));
#4536=DIRECTION('center_axis',(0.,-1.,0.));
#4537=DIRECTION('ref_axis',(1.,0.,0.));
#4538=DIRECTION('center_axis',(0.,-1.,0.));
#4539=DIRECTION('ref_axis',(1.,0.,0.));
#4540=DIRECTION('center_axis',(0.,1.,0.));
#4541=DIRECTION('ref_axis',(1.,0.,0.));
#4542=DIRECTION('',(0.,0.,-1.));
#4543=DIRECTION('center_axis',(0.,1.,0.));
#4544=DIRECTION('ref_axis',(1.,0.,0.));
#4545=DIRECTION('center_axis',(0.,1.,0.));
#4546=DIRECTION('ref_axis',(1.,0.,0.));
#4547=DIRECTION('center_axis',(0.,1.,0.));
#4548=DIRECTION('ref_axis',(1.,0.,0.));
#4549=DIRECTION('',(0.,-1.,0.));
#4550=DIRECTION('center_axis',(0.,1.,0.));
#4551=DIRECTION('ref_axis',(1.,0.,0.));
#4552=DIRECTION('',(0.,-1.,0.));
#4553=DIRECTION('center_axis',(0.,0.,1.));
#4554=DIRECTION('ref_axis',(-0.520416499866533,0.853912563829967,0.));
#4555=DIRECTION('center_axis',(0.,0.,-1.));
#4556=DIRECTION('ref_axis',(-0.520416499866533,-0.853912563829967,0.));
#4557=DIRECTION('center_axis',(0.,1.,0.));
#4558=DIRECTION('ref_axis',(1.,0.,0.));
#4559=DIRECTION('',(0.,-1.,0.));
#4560=DIRECTION('center_axis',(0.,1.,0.));
#4561=DIRECTION('ref_axis',(1.,0.,0.));
#4562=DIRECTION('',(0.,-1.,0.));
#4563=DIRECTION('center_axis',(0.,0.,-1.));
#4564=DIRECTION('ref_axis',(-1.,0.,0.));
#4565=DIRECTION('center_axis',(0.,0.,-1.));
#4566=DIRECTION('ref_axis',(-1.,1.22464679914735E-16,0.));
#4567=DIRECTION('center_axis',(0.,0.,-1.));
#4568=DIRECTION('ref_axis',(-1.,-1.22464679914735E-16,0.));
#4569=DIRECTION('center_axis',(0.,0.,-1.));
#4570=DIRECTION('ref_axis',(1.,0.,0.));
#4571=DIRECTION('',(-0.707106781186548,-8.65956056235494E-17,-0.707106781186547));
#4572=DIRECTION('center_axis',(0.,0.,1.));
#4573=DIRECTION('ref_axis',(1.,0.,0.));
#4574=DIRECTION('center_axis',(0.,0.,-1.));
#4575=DIRECTION('ref_axis',(1.,0.,0.));
#4576=DIRECTION('center_axis',(0.,0.,-1.));
#4577=DIRECTION('ref_axis',(1.,0.,0.));
#4578=DIRECTION('',(0.,0.,1.));
#4579=DIRECTION('center_axis',(0.,0.,1.));
#4580=DIRECTION('ref_axis',(1.,0.,0.));
#4581=DIRECTION('',(-0.707106781186548,8.65956056235494E-17,0.707106781186547));
#4582=DIRECTION('center_axis',(0.,1.,0.));
#4583=DIRECTION('ref_axis',(-0.707106781186548,0.,0.707106781186547));
#4584=CARTESIAN_POINT('',(0.,0.,0.));
#4585=CARTESIAN_POINT('Origin',(-45.,0.,-5.));
#4586=CARTESIAN_POINT('',(-13.4,1.95943487863577E-16,-5.));
#4587=CARTESIAN_POINT('Origin',(-15.,0.,-5.));
#4588=CARTESIAN_POINT('',(-13.6,1.71450551880629E-16,-5.));
#4589=CARTESIAN_POINT('Origin',(-15.,0.,-5.));
#4590=CARTESIAN_POINT('Origin',(-45.,0.,-5.));
#4591=CARTESIAN_POINT('',(-23.4,1.95943487863577E-16,-5.));
#4592=CARTESIAN_POINT('Origin',(-25.,0.,-5.));
#4593=CARTESIAN_POINT('',(-23.6,1.7145055188063E-16,-5.));
#4594=CARTESIAN_POINT('Origin',(-25.,0.,-5.));
#4595=CARTESIAN_POINT('Origin',(-45.,0.,-5.));
#4596=CARTESIAN_POINT('',(-38.1706693679846,8.,-5.));
#4597=CARTESIAN_POINT('',(-39.,4.77612251667468E-15,-5.00000000000001));
#4598=CARTESIAN_POINT('Origin',(0.,0.,-5.));
#4599=CARTESIAN_POINT('',(-61.6696972201684,7.99999999999842,-5.));
#4600=CARTESIAN_POINT('',(-62.5,8.,-5.));
#4601=CARTESIAN_POINT('',(-61.6696972201766,-8.,-5.));
#4602=CARTESIAN_POINT('Origin',(-80.,0.,-5.));
#4603=CARTESIAN_POINT('',(-38.1706693679846,-8.,-5.));
#4604=CARTESIAN_POINT('',(-22.5,-8.,-5.));
#4605=CARTESIAN_POINT('Origin',(0.,0.,-5.));
#4606=CARTESIAN_POINT('Origin',(-25.,0.,-5.));
#4607=CARTESIAN_POINT('',(-23.6,1.7145055188063E-16,-15.));
#4608=CARTESIAN_POINT('',(-23.6,-1.7145055188063E-16,-5.));
#4609=CARTESIAN_POINT('Origin',(-25.,0.,-15.));
#4610=CARTESIAN_POINT('Origin',(-15.,0.,-5.));
#4611=CARTESIAN_POINT('',(-13.6,1.71450551880629E-16,-15.));
#4612=CARTESIAN_POINT('',(-13.6,-1.71450551880629E-16,-5.));
#4613=CARTESIAN_POINT('Origin',(-15.,0.,-15.));
#4614=CARTESIAN_POINT('Origin',(-62.5,9.5,-14.5));
#4615=CARTESIAN_POINT('',(-8.94427190999916,10.,-14.));
#4616=CARTESIAN_POINT('',(-8.94427190999916,9.,-15.));
#4617=CARTESIAN_POINT('',(-8.94427190999916,10.,-14.));
#4618=CARTESIAN_POINT('',(-80.,9.,-15.));
#4619=CARTESIAN_POINT('',(-62.5,9.,-15.));
#4620=CARTESIAN_POINT('',(-80.,10.,-14.));
#4621=CARTESIAN_POINT('',(-80.,9.,-15.));
#4622=CARTESIAN_POINT('',(-62.5,10.,-14.));
#4623=CARTESIAN_POINT('Origin',(-8.94427190999916,8.,-14.5));
#4624=CARTESIAN_POINT('',(-7.4535599249993,6.66666666666667,-14.));
#4625=CARTESIAN_POINT('Origin',(-8.94427190999916,8.,-14.));
#4626=CARTESIAN_POINT('',(-8.19891591749923,7.33333333333333,-15.));
#4627=CARTESIAN_POINT('',(-7.4535599249993,6.66666666666667,-14.));
#4628=CARTESIAN_POINT('Origin',(-8.94427190999916,8.,-15.));
#4629=CARTESIAN_POINT('Origin',(0.,0.,-14.5));
#4630=CARTESIAN_POINT('',(-7.4535599249993,-6.66666666666667,-14.));
#4631=CARTESIAN_POINT('',(-8.19891591749923,-7.33333333333333,-15.));
#4632=CARTESIAN_POINT('',(-7.4535599249993,-6.66666666666667,-14.));
#4633=CARTESIAN_POINT('Origin',(0.,0.,-15.));
#4634=CARTESIAN_POINT('Origin',(0.,0.,-14.));
#4635=CARTESIAN_POINT('Origin',(-8.94427190999916,-8.,-14.5));
#4636=CARTESIAN_POINT('',(-8.94427190999916,-10.,-14.));
#4637=CARTESIAN_POINT('Origin',(-8.94427190999916,-8.,-14.));
#4638=CARTESIAN_POINT('',(-8.94427190999916,-9.,-15.));
#4639=CARTESIAN_POINT('',(-8.94427190999916,-10.,-14.));
#4640=CARTESIAN_POINT('Origin',(-8.94427190999916,-8.,-15.));
#4641=CARTESIAN_POINT('Origin',(-22.5,-9.5,-14.5));
#4642=CARTESIAN_POINT('',(-80.,-10.,-14.));
#4643=CARTESIAN_POINT('',(-80.,-9.,-15.));
#4644=CARTESIAN_POINT('',(-80.,-10.,-14.));
#4645=CARTESIAN_POINT('',(-22.5,-9.,-15.));
#4646=CARTESIAN_POINT('',(-22.5,-10.,-14.));
#4647=CARTESIAN_POINT('Origin',(-80.,0.,-14.5));
#4648=CARTESIAN_POINT('Origin',(-80.,0.,-15.));
#4649=CARTESIAN_POINT('',(-90.,-1.22464679914735E-15,-14.));
#4650=CARTESIAN_POINT('Origin',(-80.,0.,-14.));
#4651=CARTESIAN_POINT('Origin',(-80.,0.,-14.));
#4652=CARTESIAN_POINT('Origin',(-8.94427190999916,8.,-5.));
#4653=CARTESIAN_POINT('',(-8.94427190999916,10.,-7.));
#4654=CARTESIAN_POINT('',(-8.94427190999916,10.,-5.));
#4655=CARTESIAN_POINT('',(-7.4535599249993,6.66666666666667,-7.));
#4656=CARTESIAN_POINT('Origin',(-8.94427190999916,8.,-7.));
#4657=CARTESIAN_POINT('',(-7.4535599249993,6.66666666666667,-5.));
#4658=CARTESIAN_POINT('Origin',(-80.,10.,-5.));
#4659=CARTESIAN_POINT('',(-80.,10.,-7.));
#4660=CARTESIAN_POINT('',(-80.,10.,-5.));
#4661=CARTESIAN_POINT('',(-62.5,10.,-7.));
#4662=CARTESIAN_POINT('Origin',(-45.,0.,-15.));
#4663=CARTESIAN_POINT('Ctrl Pts',(-80.,10.,-7.));
#4664=CARTESIAN_POINT('Ctrl Pts',(-79.994464756928,10.,-6.99928540319207));
#4665=CARTESIAN_POINT('Ctrl Pts',(-79.9889296963189,9.9999995975988,-6.99857083350369));
#4666=CARTESIAN_POINT('Ctrl Pts',(-78.5902589966388,9.99981309560764,-6.81800194834978));
#4667=CARTESIAN_POINT('Ctrl Pts',(-75.7872836531801,9.95073141467788,-6.45611337780289));
#4668=CARTESIAN_POINT('Ctrl Pts',(-71.687917216686,9.72785865119151,-5.93912465468725));
#4669=CARTESIAN_POINT('Ctrl Pts',(-68.4122666167778,9.40564857639072,-5.54990320867543));
#4670=CARTESIAN_POINT('Ctrl Pts',(-66.0004660926721,9.05872428719449,-5.29231997223164));
#4671=CARTESIAN_POINT('Ctrl Pts',(-64.3215683546812,8.7506175503316,-5.13482329694154));
#4672=CARTESIAN_POINT('Ctrl Pts',(-62.8438022310589,8.39836536824787,-5.02777485491464));
#4673=CARTESIAN_POINT('Ctrl Pts',(-62.022118925991,8.13458326195371,-4.99999999999979));
#4674=CARTESIAN_POINT('Ctrl Pts',(-61.6696972201684,7.99999999999684,-5.));
#4675=CARTESIAN_POINT('Ctrl Pts',(-80.,10.,-7.));
#4676=CARTESIAN_POINT('Ctrl Pts',(-79.9947296584898,9.99999970667257,-6.99894215855617));
#4677=CARTESIAN_POINT('Ctrl Pts',(-79.989455560681,9.99999925357159,-6.99789323553882));
#4678=CARTESIAN_POINT('Ctrl Pts',(-78.6574612112705,9.99983365225959,-6.73113359177072));
#4679=CARTESIAN_POINT('Ctrl Pts',(-75.9877693266232,9.90276020431813,-6.19757599350115));
#4680=CARTESIAN_POINT('Ctrl Pts',(-72.1077813886494,9.48111490433801,-5.49440427420107));
#4681=CARTESIAN_POINT('Ctrl Pts',(-69.052080311857,8.92721653937319,-5.07284674375576));
#4682=CARTESIAN_POINT('Ctrl Pts',(-66.8491394194416,8.42076894336856,-4.89433165472165));
#4683=CARTESIAN_POINT('Ctrl Pts',(-65.3442136312343,8.03505937636345,-4.84721712985583));
#4684=CARTESIAN_POINT('Ctrl Pts',(-64.0488460459433,7.68110048556086,-4.88781746128523));
#4685=CARTESIAN_POINT('Ctrl Pts',(-63.3436948067337,7.48566239984056,-4.95998421735818));
#4686=CARTESIAN_POINT('Ctrl Pts',(-63.040800661864,7.40160139931425,-5.00000000000095));
#4687=CARTESIAN_POINT('Ctrl Pts',(-80.,10.,-7.));
#4688=CARTESIAN_POINT('Ctrl Pts',(-79.995253394249,10.0000007026867,-6.99826453522022));
#4689=CARTESIAN_POINT('Ctrl Pts',(-79.9905132758887,9.99999752549497,-6.99652925801571));
#4690=CARTESIAN_POINT('Ctrl Pts',(-78.7915117979903,9.99974463737048,-6.55795183580987));
#4691=CARTESIAN_POINT('Ctrl Pts',(-76.3893860758978,9.82899265459015,-5.67941796490184));
#4692=CARTESIAN_POINT('Ctrl Pts',(-72.9467751482949,9.09553341498399,-4.55434976437071));
#4693=CARTESIAN_POINT('Ctrl Pts',(-70.3315139963257,8.15680206834843,-3.9440555562837));
#4694=CARTESIAN_POINT('Ctrl Pts',(-68.5455260460481,7.35489448916971,-3.77237232397659));
#4695=CARTESIAN_POINT('Ctrl Pts',(-67.387085539946,6.7970904459987,-3.81460206691893));
#4696=CARTESIAN_POINT('Ctrl Pts',(-66.4560823968347,6.37424726113892,-4.01735585707163));
#4697=CARTESIAN_POINT('Ctrl Pts',(-65.9816891619216,6.23667566817176,-4.21973144524934));
#4698=CARTESIAN_POINT('Ctrl Pts',(-65.7781356340071,6.20693047433604,-4.31572681077059));
#4699=CARTESIAN_POINT('Ctrl Pts',(-80.,10.,-6.99999999999999));
#4700=CARTESIAN_POINT('Ctrl Pts',(-79.9961802757366,10.0000003867099,-6.99706802446677));
#4701=CARTESIAN_POINT('Ctrl Pts',(-79.9923540620982,9.99999739585356,-6.99415273201261));
#4702=CARTESIAN_POINT('Ctrl Pts',(-79.0267115288665,9.99955404979049,-6.25431548283024));
#4703=CARTESIAN_POINT('Ctrl Pts',(-77.0911277269495,9.77722026447045,-4.77348045795401));
#4704=CARTESIAN_POINT('Ctrl Pts',(-74.3749796575756,8.81202651564712,-2.7774366385117));
#4705=CARTESIAN_POINT('Ctrl Pts',(-72.4154866590233,7.54878472271596,-1.50417636570542));
#4706=CARTESIAN_POINT('Ctrl Pts',(-71.1865598157711,6.42386516815647,-0.894139003583782));
#4707=CARTESIAN_POINT('Ctrl Pts',(-70.4588919555372,5.60333568855,-0.672249526677522));
#4708=CARTESIAN_POINT('Ctrl Pts',(-69.9485540220901,4.91980442779688,-0.704406846619796));
#4709=CARTESIAN_POINT('Ctrl Pts',(-69.7287374363798,4.62413524150957,-0.86930584987385));
#4710=CARTESIAN_POINT('Ctrl Pts',(-69.6330523404343,4.52450689291142,-0.970343873824307));
#4711=CARTESIAN_POINT('Ctrl Pts',(-80.,10.,-6.99999999999999));
#4712=CARTESIAN_POINT('Ctrl Pts',(-79.9968338060664,10.000000528408,-6.9962248570763));
#4713=CARTESIAN_POINT('Ctrl Pts',(-79.9936773006036,9.99999762450652,-6.99244388088617));
#4714=CARTESIAN_POINT('Ctrl Pts',(-79.1942204767117,9.99956579560214,-6.03810665858688));
#4715=CARTESIAN_POINT('Ctrl Pts',(-77.5931769719178,9.80858693466138,-4.12501709382105));
#4716=CARTESIAN_POINT('Ctrl Pts',(-75.3209325568216,8.96564296854261,-1.43872337259002));
#4717=CARTESIAN_POINT('Ctrl Pts',(-73.6328314425454,7.81571904231011,0.498549844239728));
#4718=CARTESIAN_POINT('Ctrl Pts',(-72.5096809512512,6.69462435325161,1.69243533862407));
#4719=CARTESIAN_POINT('Ctrl Pts',(-71.7963227805556,5.78504268371685,2.36493052757173));
#4720=CARTESIAN_POINT('Ctrl Pts',(-71.2364478913588,4.86491833125447,2.75337525549581));
#4721=CARTESIAN_POINT('Ctrl Pts',(-70.9559286711558,4.27657484943709,2.79386955562489));
#4722=CARTESIAN_POINT('Ctrl Pts',(-70.8348486100855,3.9999999999935,2.75600524743496));
#4723=CARTESIAN_POINT('Ctrl Pts',(-80.,10.,-6.99999999999999));
#4724=CARTESIAN_POINT('Ctrl Pts',(-79.9972323784645,10.,-6.99571241915281));
#4725=CARTESIAN_POINT('Ctrl Pts',(-79.9944648481594,9.99999879279638,-6.99142500102213));
#4726=CARTESIAN_POINT('Ctrl Pts',(-79.2951294983196,9.99943928682343,-5.90801169009794));
#4727=CARTESIAN_POINT('Ctrl Pts',(-77.89364182659,9.85219424403362,-3.73668026681736));
#4728=CARTESIAN_POINT('Ctrl Pts',(-75.843958608343,9.18357595357463,-0.634747928123357));
#4729=CARTESIAN_POINT('Ctrl Pts',(-74.2061333083889,8.21694572917217,1.70058074794745));
#4730=CARTESIAN_POINT('Ctrl Pts',(-73.0002330463361,7.17617286158349,3.2460801666102));
#4731=CARTESIAN_POINT('Ctrl Pts',(-72.1607841773406,6.25185265099483,4.19106021835077));
#4732=CARTESIAN_POINT('Ctrl Pts',(-71.4219011155295,5.19509610474357,4.83335087051219));
#4733=CARTESIAN_POINT('Ctrl Pts',(-71.0110594629955,4.40374978586112,5.00000000000128));
#4734=CARTESIAN_POINT('Ctrl Pts',(-70.8348486100842,3.99999999999052,5.));
#4735=CARTESIAN_POINT('',(-70.8348486100842,3.99999999999052,5.));
#4736=CARTESIAN_POINT('Origin',(-61.6696972201684,7.99999999998104,5.));
#4737=CARTESIAN_POINT('Ctrl Pts',(-61.6696972201684,7.99999999999684,-5.));
#4738=CARTESIAN_POINT('Ctrl Pts',(-62.022118925991,8.13458326195371,-4.99999999999979));
#4739=CARTESIAN_POINT('Ctrl Pts',(-62.8438022310589,8.39836536824787,-5.02777485491464));
#4740=CARTESIAN_POINT('Ctrl Pts',(-64.3215683546812,8.7506175503316,-5.13482329694154));
#4741=CARTESIAN_POINT('Ctrl Pts',(-66.0004660926721,9.05872428719449,-5.29231997223164));
#4742=CARTESIAN_POINT('Ctrl Pts',(-68.4122666167778,9.40564857639072,-5.54990320867543));
#4743=CARTESIAN_POINT('Ctrl Pts',(-71.687917216686,9.72785865119151,-5.93912465468725));
#4744=CARTESIAN_POINT('Ctrl Pts',(-75.7872836531801,9.95073141467788,-6.45611337780289));
#4745=CARTESIAN_POINT('Ctrl Pts',(-78.5902589966388,9.99981309560764,-6.81800194834978));
#4746=CARTESIAN_POINT('Ctrl Pts',(-79.9889296963189,9.9999995975988,-6.99857083350369));
#4747=CARTESIAN_POINT('Ctrl Pts',(-79.994464756928,10.,-6.99928540319207));
#4748=CARTESIAN_POINT('Ctrl Pts',(-80.,10.,-7.));
#4749=CARTESIAN_POINT('Ctrl Pts',(-80.,10.,-6.99999999999999));
#4750=CARTESIAN_POINT('Ctrl Pts',(-79.9972323784645,10.,-6.99571241915281));
#4751=CARTESIAN_POINT('Ctrl Pts',(-79.9944648481594,9.99999879279638,-6.99142500102213));
#4752=CARTESIAN_POINT('Ctrl Pts',(-79.2951294983196,9.99943928682343,-5.90801169009794));
#4753=CARTESIAN_POINT('Ctrl Pts',(-77.89364182659,9.85219424403362,-3.73668026681736));
#4754=CARTESIAN_POINT('Ctrl Pts',(-75.843958608343,9.18357595357463,-0.634747928123357));
#4755=CARTESIAN_POINT('Ctrl Pts',(-74.2061333083889,8.21694572917217,1.70058074794745));
#4756=CARTESIAN_POINT('Ctrl Pts',(-73.0002330463361,7.17617286158349,3.2460801666102));
#4757=CARTESIAN_POINT('Ctrl Pts',(-72.1607841773406,6.25185265099483,4.19106021835077));
#4758=CARTESIAN_POINT('Ctrl Pts',(-71.4219011155295,5.19509610474357,4.83335087051219));
#4759=CARTESIAN_POINT('Ctrl Pts',(-71.0110594629955,4.40374978586112,5.00000000000128));
#4760=CARTESIAN_POINT('Ctrl Pts',(-70.8348486100842,3.99999999999052,5.));
#4761=CARTESIAN_POINT('Origin',(-80.,0.,5.));
#4762=CARTESIAN_POINT('',(-70.8348486100883,-4.,5.));
#4763=CARTESIAN_POINT('Origin',(-61.6696972201766,-8.,5.));
#4764=CARTESIAN_POINT('Origin',(-80.,0.,5.));
#4765=CARTESIAN_POINT('Ctrl Pts',(-61.6696972201766,-8.,-5.));
#4766=CARTESIAN_POINT('Ctrl Pts',(-62.3745406318231,-8.26916652391341,-5.));
#4767=CARTESIAN_POINT('Ctrl Pts',(-64.2342598354037,-8.77595632992856,-5.11092975140732));
#4768=CARTESIAN_POINT('Ctrl Pts',(-67.7624417796432,-9.34108011541787,-5.47292298878267));
#4769=CARTESIAN_POINT('Ctrl Pts',(-71.0271195794799,-9.66312481606288,-5.86055865452436));
#4770=CARTESIAN_POINT('Ctrl Pts',(-73.7399817465609,-9.8392427656854,-6.19797308205995));
#4771=CARTESIAN_POINT('Ctrl Pts',(-75.7982191945714,-9.93192335122317,-6.45908923177522));
#4772=CARTESIAN_POINT('Ctrl Pts',(-77.8904181826586,-9.98761423386502,-6.72765549775009));
#4773=CARTESIAN_POINT('Ctrl Pts',(-79.2867865783133,-9.99989623628237,-6.90792541356037));
#4774=CARTESIAN_POINT('Ctrl Pts',(-79.9889299154034,-9.99999965102256,-6.99857085358201));
#4775=CARTESIAN_POINT('Ctrl Pts',(-79.9944647569281,-10.,-6.99928540319207));
#4776=CARTESIAN_POINT('Ctrl Pts',(-80.,-10.,-7.));
#4777=CARTESIAN_POINT('Ctrl Pts',(-63.0408006618712,-7.40160139931623,-5.));
#4778=CARTESIAN_POINT('Ctrl Pts',(-63.6457333037915,-7.57021909911309,-4.91923380333489));
#4779=CARTESIAN_POINT('Ctrl Pts',(-65.2488845392695,-8.0206767865707,-4.80052936583065));
#4780=CARTESIAN_POINT('Ctrl Pts',(-68.4458549106392,-8.81839464052859,-4.98870872117232));
#4781=CARTESIAN_POINT('Ctrl Pts',(-71.4910650860299,-9.36963574937611,-5.40929862092795));
#4782=CARTESIAN_POINT('Ctrl Pts',(-74.0500250688633,-9.69229630590071,-5.84643293471811));
#4783=CARTESIAN_POINT('Ctrl Pts',(-76.0012844520469,-9.86801333133464,-6.20917837388476));
#4784=CARTESIAN_POINT('Ctrl Pts',(-77.9908592489442,-9.97582160192583,-6.59793688486029));
#4785=CARTESIAN_POINT('Ctrl Pts',(-79.3207487565671,-9.99980548105425,-6.86407959085314));
#4786=CARTESIAN_POINT('Ctrl Pts',(-79.9894570643244,-9.99999927526727,-6.99789031207134));
#4787=CARTESIAN_POINT('Ctrl Pts',(-79.9947283399316,-10.,-6.99894511899786));
#4788=CARTESIAN_POINT('Ctrl Pts',(-80.,-10.,-7.));
#4789=CARTESIAN_POINT('Ctrl Pts',(-65.776215707012,-6.2077683991754,-4.31517251153695));
#4790=CARTESIAN_POINT('Ctrl Pts',(-66.1824615246695,-6.2680447429867,-4.12125676103587));
#4791=CARTESIAN_POINT('Ctrl Pts',(-67.2755561681526,-6.73011811004276,-3.72517211256732));
#4792=CARTESIAN_POINT('Ctrl Pts',(-69.8120843175121,-7.97492676210621,-3.82220570210343));
#4793=CARTESIAN_POINT('Ctrl Pts',(-72.4187879318705,-8.90645572730552,-4.4308392499233));
#4794=CARTESIAN_POINT('Ctrl Pts',(-74.6700625098046,-9.46322887162448,-5.11774134857601));
#4795=CARTESIAN_POINT('Ctrl Pts',(-76.4073913335722,-9.76906061814944,-5.70291076487193));
#4796=CARTESIAN_POINT('Ctrl Pts',(-78.191731335652,-9.95765006581402,-6.33856262798415));
#4797=CARTESIAN_POINT('Ctrl Pts',(-79.3886719141846,-9.9996638344337,-6.77639400441688));
#4798=CARTESIAN_POINT('Ctrl Pts',(-79.9905113686117,-9.99999870433343,-6.99652919626359));
#4799=CARTESIAN_POINT('Ctrl Pts',(-79.9952555059385,-10.,-6.99826455060943));
#4800=CARTESIAN_POINT('Ctrl Pts',(-80.,-10.,-7.));
#4801=CARTESIAN_POINT('Ctrl Pts',(-69.6342865373651,-4.52396824521401,-0.970787458316961));
#4802=CARTESIAN_POINT('Ctrl Pts',(-69.823837244116,-4.72500502043342,-0.767968572745345));
#4803=CARTESIAN_POINT('Ctrl Pts',(-70.3475026470272,-5.53724650078279,-0.538997726823008));
#4804=CARTESIAN_POINT('Ctrl Pts',(-72.0273619608961,-7.3025204106291,-1.25151213755019));
#4805=CARTESIAN_POINT('Ctrl Pts',(-73.9794008698114,-8.55728672571284,-2.5207792248517));
#4806=CARTESIAN_POINT('Ctrl Pts',(-75.7349692314407,-9.29550322823738,-3.77704693665513));
#4807=CARTESIAN_POINT('Ctrl Pts',(-77.1132424636191,-9.69772019889809,-4.80039327110251));
#4808=CARTESIAN_POINT('Ctrl Pts',(-78.5434174359418,-9.94461913112403,-5.88468510212671));
#4809=CARTESIAN_POINT('Ctrl Pts',(-79.5075531116613,-9.99954869778678,-6.62294045085325));
#4810=CARTESIAN_POINT('Ctrl Pts',(-79.992356316774,-9.99999837335947,-6.99414726351089));
#4811=CARTESIAN_POINT('Ctrl Pts',(-79.9961780464507,-10.,-6.99707355592968));
#4812=CARTESIAN_POINT('Ctrl Pts',(-80.,-10.,-7.));
#4813=CARTESIAN_POINT('Ctrl Pts',(-70.8348486100883,-4.,2.75600524743586));
#4814=CARTESIAN_POINT('Ctrl Pts',(-71.0747799599112,-4.5532269145432,2.83339158947546));
#4815=CARTESIAN_POINT('Ctrl Pts',(-71.7196764013585,-5.79616077170093,2.50557449654394));
#4816=CARTESIAN_POINT('Ctrl Pts',(-73.2962912644285,-7.58877809834568,0.882355889174373));
#4817=CARTESIAN_POINT('Ctrl Pts',(-74.979524189327,-8.73465595150973,-1.04716105216401));
#4818=CARTESIAN_POINT('Ctrl Pts',(-76.4579735601897,-9.38777642297933,-2.78364322554317));
#4819=CARTESIAN_POINT('Ctrl Pts',(-77.6076472407565,-9.73876322725375,-4.14663190936319));
#4820=CARTESIAN_POINT('Ctrl Pts',(-78.7943713768374,-9.95234042344128,-5.56041792373455));
#4821=CARTESIAN_POINT('Ctrl Pts',(-79.592435001918,-9.99962171577928,-6.51331759386145));
#4822=CARTESIAN_POINT('Ctrl Pts',(-79.9936743154013,-9.99999853596235,-6.99244595364296));
#4823=CARTESIAN_POINT('Ctrl Pts',(-79.9968370039593,-10.,-6.99622284544415));
#4824=CARTESIAN_POINT('Ctrl Pts',(-80.,-10.,-6.99999999999999));
#4825=CARTESIAN_POINT('Ctrl Pts',(-70.8348486100883,-4.,5.));
#4826=CARTESIAN_POINT('Ctrl Pts',(-71.1872703159115,-4.80749957174011,5.));
#4827=CARTESIAN_POINT('Ctrl Pts',(-72.1171299177018,-6.32786898978571,4.3344214915561));
#4828=CARTESIAN_POINT('Ctrl Pts',(-73.8812208898215,-8.02324034625362,2.16246206730396));
#4829=CARTESIAN_POINT('Ctrl Pts',(-75.5135597897398,-8.98937444818866,-0.163351927146141));
#4830=CARTESIAN_POINT('Ctrl Pts',(-76.8699908732802,-9.51772829705623,-2.18783849235963));
#4831=CARTESIAN_POINT('Ctrl Pts',(-77.8991095972851,-9.79577005366957,-3.75453539065115));
#4832=CARTESIAN_POINT('Ctrl Pts',(-78.9452090913291,-9.96284270159507,-5.36593298650047));
#4833=CARTESIAN_POINT('Ctrl Pts',(-79.6433932891552,-9.99968870884728,-6.44755248136186));
#4834=CARTESIAN_POINT('Ctrl Pts',(-79.9944649577017,-9.99999895306766,-6.99142512149203));
#4835=CARTESIAN_POINT('Ctrl Pts',(-79.9972323784645,-10.,-6.99571241915283));
#4836=CARTESIAN_POINT('Ctrl Pts',(-80.,-10.,-6.99999999999999));
#4837=CARTESIAN_POINT('',(-80.,-10.,-7.));
#4838=CARTESIAN_POINT('Ctrl Pts',(-70.8348486100883,-4.,5.));
#4839=CARTESIAN_POINT('Ctrl Pts',(-71.1872703159115,-4.80749957174011,5.));
#4840=CARTESIAN_POINT('Ctrl Pts',(-72.1171299177018,-6.32786898978571,4.3344214915561));
#4841=CARTESIAN_POINT('Ctrl Pts',(-73.8812208898215,-8.02324034625362,2.16246206730396));
#4842=CARTESIAN_POINT('Ctrl Pts',(-75.5135597897398,-8.98937444818866,-0.163351927146141));
#4843=CARTESIAN_POINT('Ctrl Pts',(-76.8699908732802,-9.51772829705623,-2.18783849235963));
#4844=CARTESIAN_POINT('Ctrl Pts',(-77.8991095972851,-9.79577005366957,-3.75453539065115));
#4845=CARTESIAN_POINT('Ctrl Pts',(-78.9452090913291,-9.96284270159507,-5.36593298650047));
#4846=CARTESIAN_POINT('Ctrl Pts',(-79.6433932891552,-9.99968870884728,-6.44755248136186));
#4847=CARTESIAN_POINT('Ctrl Pts',(-79.9944649577017,-9.99999895306766,-6.99142512149203));
#4848=CARTESIAN_POINT('Ctrl Pts',(-79.9972323784645,-10.,-6.99571241915283));
#4849=CARTESIAN_POINT('Ctrl Pts',(-80.,-10.,-6.99999999999999));
#4850=CARTESIAN_POINT('Ctrl Pts',(-80.,-10.,-7.));
#4851=CARTESIAN_POINT('Ctrl Pts',(-79.9944647569281,-10.,-6.99928540319207));
#4852=CARTESIAN_POINT('Ctrl Pts',(-79.9889299154034,-9.99999965102256,-6.99857085358201));
#4853=CARTESIAN_POINT('Ctrl Pts',(-79.2867865783133,-9.99989623628237,-6.90792541356037));
#4854=CARTESIAN_POINT('Ctrl Pts',(-77.8904181826586,-9.98761423386502,-6.72765549775009));
#4855=CARTESIAN_POINT('Ctrl Pts',(-75.7982191945714,-9.93192335122317,-6.45908923177522));
#4856=CARTESIAN_POINT('Ctrl Pts',(-73.7399817465609,-9.8392427656854,-6.19797308205995));
#4857=CARTESIAN_POINT('Ctrl Pts',(-71.0271195794799,-9.66312481606288,-5.86055865452436));
#4858=CARTESIAN_POINT('Ctrl Pts',(-67.7624417796432,-9.34108011541787,-5.47292298878267));
#4859=CARTESIAN_POINT('Ctrl Pts',(-64.2342598354037,-8.77595632992856,-5.11092975140732));
#4860=CARTESIAN_POINT('Ctrl Pts',(-62.3745406318231,-8.26916652391341,-5.));
#4861=CARTESIAN_POINT('Ctrl Pts',(-61.6696972201766,-8.,-5.));
#4862=CARTESIAN_POINT('Origin',(-80.,0.,120.));
#4863=CARTESIAN_POINT('',(-86.6666666666667,7.4535599249993,105.));
#4864=CARTESIAN_POINT('',(-90.,0.,110.));
#4865=CARTESIAN_POINT('Ctrl Pts',(-86.6666666666667,7.4535599249993,105.));
#4866=CARTESIAN_POINT('Ctrl Pts',(-87.1184892914174,7.04943748391331,105.));
#4867=CARTESIAN_POINT('Ctrl Pts',(-87.7432345488493,6.37606946343066,105.206282854846));
#4868=CARTESIAN_POINT('Ctrl Pts',(-88.4151625107465,5.42481388637471,105.716998519803));
#4869=CARTESIAN_POINT('Ctrl Pts',(-88.8495032718927,4.68281170971957,106.193877325785));
#4870=CARTESIAN_POINT('Ctrl Pts',(-89.2106758814547,3.92294856830681,106.74063515448));
#4871=CARTESIAN_POINT('Ctrl Pts',(-89.5967275532303,2.90148294658,107.531536795994));
#4872=CARTESIAN_POINT('Ctrl Pts',(-89.9155205345424,1.59255980540465,108.620775868672));
#4873=CARTESIAN_POINT('Ctrl Pts',(-89.999428800918,0.535573118916974,109.536175939707));
#4874=CARTESIAN_POINT('Ctrl Pts',(-89.9999981769469,0.00705816986402042,
109.993887466538));
#4875=CARTESIAN_POINT('Ctrl Pts',(-90.,0.003529120330809,109.996943692137));
#4876=CARTESIAN_POINT('Ctrl Pts',(-90.,-3.06161700021553E-16,110.));
#4877=CARTESIAN_POINT('',(-86.6666666666667,-7.4535599249993,105.));
#4878=CARTESIAN_POINT('Origin',(-80.,0.,105.));
#4879=CARTESIAN_POINT('Ctrl Pts',(-90.,0.,110.));
#4880=CARTESIAN_POINT('Ctrl Pts',(-90.,-0.00352912033082226,109.996943692137));
#4881=CARTESIAN_POINT('Ctrl Pts',(-90.0000007865986,-0.00705510342057466,
109.993883878573));
#4882=CARTESIAN_POINT('Ctrl Pts',(-89.9966321927606,-1.58749990108806,108.629156239865));
#4883=CARTESIAN_POINT('Ctrl Pts',(-89.507819740857,-3.71282818200148,106.760999144104));
#4884=CARTESIAN_POINT('Ctrl Pts',(-87.9493414689232,-6.15555251666324,105.269916417355));
#4885=CARTESIAN_POINT('Ctrl Pts',(-87.1184892914172,-7.04943748391345,105.));
#4886=CARTESIAN_POINT('Ctrl Pts',(-86.6666666666667,-7.4535599249993,105.));
#4887=CARTESIAN_POINT('',(-90.,-1.22464679914735E-15,120.));
#4888=CARTESIAN_POINT('',(-80.,-10.,-5.));
#4889=CARTESIAN_POINT('Origin',(-62.5,8.,-7.));
#4890=CARTESIAN_POINT('',(-8.94427190999916,8.,-5.));
#4891=CARTESIAN_POINT('',(-62.5,8.,-5.));
#4892=CARTESIAN_POINT('Origin',(-8.94427190999916,8.,-7.));
#4893=CARTESIAN_POINT('Origin',(-22.5,-8.,-7.));
#4894=CARTESIAN_POINT('',(-8.94427190999916,-10.,-7.));
#4895=CARTESIAN_POINT('',(-22.5,-10.,-7.));
#4896=CARTESIAN_POINT('',(-8.94427190999916,-8.,-5.));
#4897=CARTESIAN_POINT('Origin',(-8.94427190999916,-8.,-7.));
#4898=CARTESIAN_POINT('',(-22.5,-8.,-5.));
#4899=CARTESIAN_POINT('Origin',(-8.94427190999916,-8.,-7.));
#4900=CARTESIAN_POINT('',(-7.4535599249993,-6.66666666666667,-7.));
#4901=CARTESIAN_POINT('Origin',(-8.94427190999916,-8.,-7.));
#4902=CARTESIAN_POINT('Origin',(-8.94427190999916,-8.,-7.));
#4903=CARTESIAN_POINT('Origin',(-8.94427190999916,8.,-7.));
#4904=CARTESIAN_POINT('Origin',(-8.94427190999916,8.,-7.));
#4905=CARTESIAN_POINT('Origin',(-8.94427190999916,-8.,-5.));
#4906=CARTESIAN_POINT('',(-7.4535599249993,-6.66666666666667,-5.));
#4907=CARTESIAN_POINT('',(-8.94427190999916,-10.,-5.));
#4908=CARTESIAN_POINT('Origin',(0.,-10.,-5.));
#4909=CARTESIAN_POINT('Origin',(-80.,0.,105.));
#4910=CARTESIAN_POINT('',(-67.,-7.48331477354787,110.));
#4911=CARTESIAN_POINT('',(-67.,7.48331477354787,110.));
#4912=CARTESIAN_POINT('Ctrl Pts',(-67.,-7.48331477354787,110.));
#4913=CARTESIAN_POINT('Ctrl Pts',(-66.9982662087342,-7.47480788070865,110.));
#4914=CARTESIAN_POINT('Ctrl Pts',(-66.9965350804985,-7.46630045221769,109.999997745483));
#4915=CARTESIAN_POINT('Ctrl Pts',(-66.9689965546515,-7.33074817037569,109.999926236192));
#4916=CARTESIAN_POINT('Ctrl Pts',(-66.943780966762,-7.20358204464469,109.999361363369));
#4917=CARTESIAN_POINT('Ctrl Pts',(-66.6627852475717,-5.75003993711076,109.987996348205));
#4918=CARTESIAN_POINT('Ctrl Pts',(-66.4738247164098,-4.41841637246572,109.933356826016));
#4919=CARTESIAN_POINT('Ctrl Pts',(-66.2736459977866,-2.03654456442162,109.865610933072));
#4920=CARTESIAN_POINT('Ctrl Pts',(-66.2307692307692,-1.02291514377121,109.846153846154));
#4921=CARTESIAN_POINT('Ctrl Pts',(-66.2307692307692,1.0229151437712,109.846153846154));
#4922=CARTESIAN_POINT('Ctrl Pts',(-66.2736459977866,2.0365445644216,109.865610933072));
#4923=CARTESIAN_POINT('Ctrl Pts',(-66.4738247164096,4.41841637246436,109.933356826016));
#4924=CARTESIAN_POINT('Ctrl Pts',(-66.6627852475713,5.75003993710895,109.987996348205));
#4925=CARTESIAN_POINT('Ctrl Pts',(-66.9437809667614,7.20358204464145,109.999361363369));
#4926=CARTESIAN_POINT('Ctrl Pts',(-66.9689965546504,7.33074817037051,109.999926236192));
#4927=CARTESIAN_POINT('Ctrl Pts',(-66.9965350804987,7.46630045221892,109.999997745483));
#4928=CARTESIAN_POINT('Ctrl Pts',(-66.9982662087339,7.47480788070742,110.));
#4929=CARTESIAN_POINT('Ctrl Pts',(-67.,7.48331477354787,110.));
#4930=CARTESIAN_POINT('',(-90.,-11.1803398874989,110.));
#4931=CARTESIAN_POINT('Origin',(-80.,0.,110.));
#4932=CARTESIAN_POINT('Origin',(-90.,-11.1803398874989,105.));
#4933=CARTESIAN_POINT('',(-90.,11.1803398874989,110.));
#4934=CARTESIAN_POINT('Origin',(-90.,11.1803398874989,105.));
#4935=CARTESIAN_POINT('Origin',(-80.,0.,110.));
#4936=CARTESIAN_POINT('Ctrl Pts',(-90.,11.1803398874989,110.));
#4937=CARTESIAN_POINT('Ctrl Pts',(-90.,10.5741562258692,110.));
#4938=CARTESIAN_POINT('Ctrl Pts',(-90.,9.56410419513706,110.));
#4939=CARTESIAN_POINT('Ctrl Pts',(-90.,8.13722082955221,110.));
#4940=CARTESIAN_POINT('Ctrl Pts',(-90.,7.0242175645653,110.));
#4941=CARTESIAN_POINT('Ctrl Pts',(-90.,5.88442285244629,110.));
#4942=CARTESIAN_POINT('Ctrl Pts',(-90.,4.35222441984365,110.));
#4943=CARTESIAN_POINT('Ctrl Pts',(-90.,2.38883970810166,110.));
#4944=CARTESIAN_POINT('Ctrl Pts',(-90.,0.803359678306817,110.000000000001));
#4945=CARTESIAN_POINT('Ctrl Pts',(-90.,0.0105872547964525,110.));
#4946=CARTESIAN_POINT('Ctrl Pts',(-90.,0.00529368049888526,110.));
#4947=CARTESIAN_POINT('Ctrl Pts',(-90.,0.,110.));
#4948=CARTESIAN_POINT('Ctrl Pts',(-89.5013344994302,10.6228149088449,110.));
#4949=CARTESIAN_POINT('Ctrl Pts',(-89.4961571490344,10.0790137291935,109.932222419297));
#4950=CARTESIAN_POINT('Ctrl Pts',(-89.5397618968054,9.15417899135632,109.839104938071));
#4951=CARTESIAN_POINT('Ctrl Pts',(-89.6364237697852,7.81779202649125,109.774223754869));
#4952=CARTESIAN_POINT('Ctrl Pts',(-89.7165691210172,6.76454897003284,109.752010905791));
#4953=CARTESIAN_POINT('Ctrl Pts',(-89.7950745644145,5.67733812362946,109.755231146376));
#4954=CARTESIAN_POINT('Ctrl Pts',(-89.8885741675026,4.20761216431152,109.786921096892));
#4955=CARTESIAN_POINT('Ctrl Pts',(-89.975620730518,2.31304828062767,109.868526066779));
#4956=CARTESIAN_POINT('Ctrl Pts',(-89.9998421972755,0.777861784629582,109.95581447591));
#4957=CARTESIAN_POINT('Ctrl Pts',(-89.9999994547707,0.0102511255758952,
109.999417908689));
#4958=CARTESIAN_POINT('Ctrl Pts',(-90.,0.00512562714954467,109.999708923061));
#4959=CARTESIAN_POINT('Ctrl Pts',(-90.,-2.91582571449098E-17,110.));
#4960=CARTESIAN_POINT('Ctrl Pts',(-88.5061779598211,9.51019607343523,109.657609211295));
#4961=CARTESIAN_POINT('Ctrl Pts',(-88.5369858204303,9.09063460391815,109.494843254958));
#4962=CARTESIAN_POINT('Ctrl Pts',(-88.7052937820493,8.33540124352239,109.290262429263));
#4963=CARTESIAN_POINT('Ctrl Pts',(-89.00187528446,7.17960621943853,109.178487454128));
#4964=CARTESIAN_POINT('Ctrl Pts',(-89.2334849078454,6.24564845226156,109.163371294543));
#4965=CARTESIAN_POINT('Ctrl Pts',(-89.4520530805952,5.26349085988443,109.211749906376));
#4966=CARTESIAN_POINT('Ctrl Pts',(-89.7061469866713,3.91858670415138,109.342327963851));
#4967=CARTESIAN_POINT('Ctrl Pts',(-89.9364838322573,2.16160698330803,109.605873704808));
#4968=CARTESIAN_POINT('Ctrl Pts',(-89.9996014393292,0.726881542472494,109.867473517713));
#4969=CARTESIAN_POINT('Ctrl Pts',(-89.9999985045459,0.00957879601627685,
109.998253587942));
#4970=CARTESIAN_POINT('Ctrl Pts',(-90.,0.00478952045086346,109.999126769182));
#4971=CARTESIAN_POINT('Ctrl Pts',(-90.,-8.74747714347294E-17,110.));
#4972=CARTESIAN_POINT('Ctrl Pts',(-87.1042815631593,7.94282825326135,107.984915801807));
#4973=CARTESIAN_POINT('Ctrl Pts',(-87.3086472889234,7.65481500841995,107.81470423487));
#4974=CARTESIAN_POINT('Ctrl Pts',(-87.7355257196387,7.09489712589861,107.674278021881));
#4975=CARTESIAN_POINT('Ctrl Pts',(-88.3182556581674,6.17081925217836,107.735481509521));
#4976=CARTESIAN_POINT('Ctrl Pts',(-88.7370128022468,5.40123371716838,107.883079835087));
#4977=CARTESIAN_POINT('Ctrl Pts',(-89.1116360458603,4.57364539162832,108.117836133609));
#4978=CARTESIAN_POINT('Ctrl Pts',(-89.532567508903,3.42308270053537,108.516621132061));
#4979=CARTESIAN_POINT('Ctrl Pts',(-89.9000883639441,1.89591280515974,109.146232056944));
#4980=CARTESIAN_POINT('Ctrl Pts',(-89.9993295103491,0.637590296191931,109.712874888109));
#4981=CARTESIAN_POINT('Ctrl Pts',(-89.9999978474372,0.00840256682428051,
109.996216033879));
#4982=CARTESIAN_POINT('Ctrl Pts',(-90.,0.00420133372817139,109.998107999895));
#4983=CARTESIAN_POINT('Ctrl Pts',(-90.,-1.89528671441914E-16,110.));
#4984=CARTESIAN_POINT('Ctrl Pts',(-86.6666666666667,7.45355992499929,106.121997376282));
#4985=CARTESIAN_POINT('Ctrl Pts',(-87.0345107791851,7.12635521011129,106.056997029361));
#4986=CARTESIAN_POINT('Ctrl Pts',(-87.6057540201252,6.53960419165366,106.132449288148));
#4987=CARTESIAN_POINT('Ctrl Pts',(-88.2771269255376,5.64142409109075,106.473790468198));
#4988=CARTESIAN_POINT('Ctrl Pts',(-88.7299461438921,4.91337869294281,106.826972202261));
#4989=CARTESIAN_POINT('Ctrl Pts',(-89.1187797788343,4.14545184540187,107.256627732083));
#4990=CARTESIAN_POINT('Ctrl Pts',(-89.5437062255728,3.09055862081499,107.900548613005));
#4991=CARTESIAN_POINT('Ctrl Pts',(-89.9040537935004,1.7071997068859,108.817528920857));
#4992=CARTESIAN_POINT('Ctrl Pts',(-89.9994408802414,0.573926315584466,109.602405704666));
#4993=CARTESIAN_POINT('Ctrl Pts',(-89.9999974882968,0.00756187577633615,
109.994760827267));
#4994=CARTESIAN_POINT('Ctrl Pts',(-90.,0.00378120035481989,109.997380307546));
#4995=CARTESIAN_POINT('Ctrl Pts',(-90.,-2.62424314304188E-16,110.));
#4996=CARTESIAN_POINT('Ctrl Pts',(-86.6666666666667,7.4535599249993,105.));
#4997=CARTESIAN_POINT('Ctrl Pts',(-87.1184892914174,7.04943748391331,105.));
#4998=CARTESIAN_POINT('Ctrl Pts',(-87.7432345488493,6.37606946343066,105.206282854846));
#4999=CARTESIAN_POINT('Ctrl Pts',(-88.4151625107465,5.42481388637471,105.716998519803));
#5000=CARTESIAN_POINT('Ctrl Pts',(-88.8495032718927,4.68281170971957,106.193877325785));
#5001=CARTESIAN_POINT('Ctrl Pts',(-89.2106758814547,3.92294856830681,106.74063515448));
#5002=CARTESIAN_POINT('Ctrl Pts',(-89.5967275532303,2.90148294658,107.531536795994));
#5003=CARTESIAN_POINT('Ctrl Pts',(-89.9155205345424,1.59255980540465,108.620775868672));
#5004=CARTESIAN_POINT('Ctrl Pts',(-89.999428800918,0.535573118916974,109.536175939707));
#5005=CARTESIAN_POINT('Ctrl Pts',(-89.9999981769469,0.00705816986402042,
109.993887466538));
#5006=CARTESIAN_POINT('Ctrl Pts',(-90.,0.003529120330809,109.996943692137));
#5007=CARTESIAN_POINT('Ctrl Pts',(-90.,-3.06161700021553E-16,110.));
#5008=CARTESIAN_POINT('',(-90.,54.3333333333333,110.));
#5009=CARTESIAN_POINT('Ctrl Pts',(-90.,0.,110.));
#5010=CARTESIAN_POINT('Ctrl Pts',(-90.,-0.00529368049889636,110.));
#5011=CARTESIAN_POINT('Ctrl Pts',(-90.,-0.0105826551301004,110.));
#5012=CARTESIAN_POINT('Ctrl Pts',(-90.0000000000039,-2.38124985158207,110.000000000001));
#5013=CARTESIAN_POINT('Ctrl Pts',(-89.9999999999993,-5.56924227301107,110.));
#5014=CARTESIAN_POINT('Ctrl Pts',(-90.0000000000011,-9.23332877498156,110.));
#5015=CARTESIAN_POINT('Ctrl Pts',(-90.,-10.5741562258702,110.));
#5016=CARTESIAN_POINT('Ctrl Pts',(-90.,-11.180339887499,110.));
#5017=CARTESIAN_POINT('Ctrl Pts',(-90.,0.,110.));
#5018=CARTESIAN_POINT('Ctrl Pts',(-90.0003701621452,-0.00504767441955768,
109.999691792174));
#5019=CARTESIAN_POINT('Ctrl Pts',(-89.9996551972019,-0.0103190221611723,
109.999433793008));
#5020=CARTESIAN_POINT('Ctrl Pts',(-90.0060504925243,-2.30441308672398,109.868907836578));
#5021=CARTESIAN_POINT('Ctrl Pts',(-89.8323787699221,-5.39602703189761,109.693723735737));
#5022=CARTESIAN_POINT('Ctrl Pts',(-89.5520946641777,-8.85149121883589,109.808853322816));
#5023=CARTESIAN_POINT('Ctrl Pts',(-89.4974770167638,-10.0792926371601,109.93123319068));
#5024=CARTESIAN_POINT('Ctrl Pts',(-89.5013344994302,-10.6228149088449,110.));
#5025=CARTESIAN_POINT('Ctrl Pts',(-90.,0.,110.));
#5026=CARTESIAN_POINT('Ctrl Pts',(-90.000827599056,-0.00461179927441325,
109.999101850624));
#5027=CARTESIAN_POINT('Ctrl Pts',(-89.9992292432239,-0.00974020644130552,
109.998275212246));
#5028=CARTESIAN_POINT('Ctrl Pts',(-90.0129612334003,-2.15140328882021,109.608367518682));
#5029=CARTESIAN_POINT('Ctrl Pts',(-89.5727147818698,-5.04920030997352,109.073936444209));
#5030=CARTESIAN_POINT('Ctrl Pts',(-88.7559520979848,-8.08858071510759,109.222977016544));
#5031=CARTESIAN_POINT('Ctrl Pts',(-88.5388763540003,-9.09054843629396,109.49189646743));
#5032=CARTESIAN_POINT('Ctrl Pts',(-88.5059265623712,-9.50991500254162,109.657721491796));
#5033=CARTESIAN_POINT('Ctrl Pts',(-90.,0.,110.));
#5034=CARTESIAN_POINT('Ctrl Pts',(-90.0007591748134,-0.00392845651091859,
109.998262257445));
#5035=CARTESIAN_POINT('Ctrl Pts',(-89.999291920884,-0.00865255313122569,
109.99607121958));
#5036=CARTESIAN_POINT('Ctrl Pts',(-90.0111295366642,-1.88529162645978,109.153381999076));
#5037=CARTESIAN_POINT('Ctrl Pts',(-89.3614127440151,-4.43433927052842,107.989261135111));
#5038=CARTESIAN_POINT('Ctrl Pts',(-87.8710968555442,-6.91247648557767,107.626057201933));
#5039=CARTESIAN_POINT('Ctrl Pts',(-87.3116572317213,-7.65587678728517,107.812628696489));
#5040=CARTESIAN_POINT('Ctrl Pts',(-87.1040705140217,-7.9425922931522,107.984974138762));
#5041=CARTESIAN_POINT('Ctrl Pts',(-90.,0.,110.));
#5042=CARTESIAN_POINT('Ctrl Pts',(-90.0004311513788,-0.00369250605412583,
109.997379475659));
#5043=CARTESIAN_POINT('Ctrl Pts',(-89.9995996582616,-0.0076416249679291,
109.994757730345));
#5044=CARTESIAN_POINT('Ctrl Pts',(-90.0038065033136,-1.69937299348668,108.825519789142));
#5045=CARTESIAN_POINT('Ctrl Pts',(-89.4096029429232,-3.98333404091809,107.221246824016));
#5046=CARTESIAN_POINT('Ctrl Pts',(-87.7919383702442,-6.3469615089693,106.154205514433));
#5047=CARTESIAN_POINT('Ctrl Pts',(-87.0351694261393,-7.12560925594326,106.055832797882));
#5048=CARTESIAN_POINT('Ctrl Pts',(-86.6666666666667,-7.4535599249993,106.121997376282));
#5049=CARTESIAN_POINT('Ctrl Pts',(-90.,0.,110.));
#5050=CARTESIAN_POINT('Ctrl Pts',(-90.,-0.00352912033082226,109.996943692137));
#5051=CARTESIAN_POINT('Ctrl Pts',(-90.0000007865986,-0.00705510342057466,
109.993883878573));
#5052=CARTESIAN_POINT('Ctrl Pts',(-89.9966321927606,-1.58749990108806,108.629156239865));
#5053=CARTESIAN_POINT('Ctrl Pts',(-89.507819740857,-3.71282818200148,106.760999144104));
#5054=CARTESIAN_POINT('Ctrl Pts',(-87.9493414689232,-6.15555251666324,105.269916417355));
#5055=CARTESIAN_POINT('Ctrl Pts',(-87.1184892914172,-7.04943748391345,105.));
#5056=CARTESIAN_POINT('Ctrl Pts',(-86.6666666666667,-7.4535599249993,105.));
#5057=CARTESIAN_POINT('',(-90.,54.3333333333333,110.));
#5058=CARTESIAN_POINT('Origin',(-67.,-2.22044604925031E-15,108.));
#5059=CARTESIAN_POINT('',(-67.,20.3333333333333,110.));
#5060=CARTESIAN_POINT('',(-67.,-2.22044604925031E-15,110.));
#5061=CARTESIAN_POINT('',(-65.,20.3333333333333,108.));
#5062=CARTESIAN_POINT('Origin',(-67.,20.3333333333333,108.));
#5063=CARTESIAN_POINT('',(-65.,-20.3333333333333,108.));
#5064=CARTESIAN_POINT('',(-65.,-2.22044604925031E-15,108.));
#5065=CARTESIAN_POINT('',(-67.,-20.3333333333333,110.));
#5066=CARTESIAN_POINT('Origin',(-67.,-20.3333333333333,108.));
#5067=CARTESIAN_POINT('',(-67.,-2.22044604925031E-15,110.));
#5068=CARTESIAN_POINT('Origin',(-77.5,0.,110.));
#5069=CARTESIAN_POINT('',(-90.,51.,110.));
#5070=CARTESIAN_POINT('',(-90.,54.3333333333333,110.));
#5071=CARTESIAN_POINT('',(-70.11,24.48,110.));
#5072=CARTESIAN_POINT('Origin',(-67.,-20.3333333333333,108.));
#5073=CARTESIAN_POINT('',(-65.4,-21.5333333333333,108.));
#5074=CARTESIAN_POINT('Origin',(-67.,-20.3333333333333,108.));
#5075=CARTESIAN_POINT('Origin',(-67.,-20.3333333333333,108.));
#5076=CARTESIAN_POINT('Origin',(-70.11,-24.48,108.));
#5077=CARTESIAN_POINT('',(-90.,-51.,110.));
#5078=CARTESIAN_POINT('',(-70.11,-24.48,110.));
#5079=CARTESIAN_POINT('',(-90.4,-54.8666666666667,108.));
#5080=CARTESIAN_POINT('',(-68.51,-25.68,108.));
#5081=CARTESIAN_POINT('',(-90.,-53.6666666666667,109.2));
#5082=CARTESIAN_POINT('Origin',(-92.,-53.6666666666667,108.));
#5083=CARTESIAN_POINT('Origin',(-90.,-51.,108.));
#5084=CARTESIAN_POINT('Origin',(-92.,-53.6666666666667,120.));
#5085=CARTESIAN_POINT('',(-90.4,-54.8666666666666,132.));
#5086=CARTESIAN_POINT('',(-90.4,-54.8666666666667,120.));
#5087=CARTESIAN_POINT('',(-90.,-53.6666666666667,130.8));
#5088=CARTESIAN_POINT('Origin',(-92.,-53.6666666666667,132.));
#5089=CARTESIAN_POINT('',(-90.,-53.6666666666667,120.));
#5090=CARTESIAN_POINT('Origin',(-67.,20.3333333333333,108.));
#5091=CARTESIAN_POINT('',(-65.4,21.5333333333333,108.));
#5092=CARTESIAN_POINT('Origin',(-67.,20.3333333333333,108.));
#5093=CARTESIAN_POINT('Origin',(-67.,20.3333333333333,108.));
#5094=CARTESIAN_POINT('Origin',(-67.,20.3333333333333,120.));
#5095=CARTESIAN_POINT('',(-65.4,21.5333333333333,98.));
#5096=CARTESIAN_POINT('',(-65.,20.3333333333333,98.));
#5097=CARTESIAN_POINT('Origin',(-67.,20.3333333333333,98.));
#5098=CARTESIAN_POINT('',(-65.,20.3333333333333,120.));
#5099=CARTESIAN_POINT('',(-65.4,21.5333333333333,120.));
#5100=CARTESIAN_POINT('Origin',(-67.,-20.3333333333333,132.));
#5101=CARTESIAN_POINT('',(-65.4,-21.5333333333333,132.));
#5102=CARTESIAN_POINT('',(-67.,-20.3333333333333,130.));
#5103=CARTESIAN_POINT('Origin',(-67.,-20.3333333333333,132.));
#5104=CARTESIAN_POINT('',(-65.,-20.3333333333333,132.));
#5105=CARTESIAN_POINT('Origin',(-67.,-20.3333333333333,132.));
#5106=CARTESIAN_POINT('Origin',(-67.,-20.3333333333333,132.));
#5107=CARTESIAN_POINT('Origin',(-67.,-20.3333333333333,120.));
#5108=CARTESIAN_POINT('',(-65.4,-21.5333333333333,142.));
#5109=CARTESIAN_POINT('',(-65.,-20.3333333333333,142.));
#5110=CARTESIAN_POINT('Origin',(-67.,-20.3333333333333,142.));
#5111=CARTESIAN_POINT('',(-65.,-20.3333333333333,120.));
#5112=CARTESIAN_POINT('',(-65.4,-21.5333333333333,120.));
#5113=CARTESIAN_POINT('Origin',(-70.11,24.48,108.));
#5114=CARTESIAN_POINT('',(-90.4,54.8666666666666,108.));
#5115=CARTESIAN_POINT('',(-68.51,25.68,108.));
#5116=CARTESIAN_POINT('',(-90.,53.6666666666666,109.2));
#5117=CARTESIAN_POINT('Origin',(-90.,51.,108.));
#5118=CARTESIAN_POINT('Origin',(-92.,53.6666666666666,108.));
#5119=CARTESIAN_POINT('Origin',(-67.,20.3333333333333,132.));
#5120=CARTESIAN_POINT('',(-67.,20.3333333333333,130.));
#5121=CARTESIAN_POINT('',(-65.4,21.5333333333333,132.));
#5122=CARTESIAN_POINT('Origin',(-67.,20.3333333333333,132.));
#5123=CARTESIAN_POINT('',(-65.,20.3333333333333,132.));
#5124=CARTESIAN_POINT('Origin',(-67.,20.3333333333333,132.));
#5125=CARTESIAN_POINT('Origin',(-67.,20.3333333333333,132.));
#5126=CARTESIAN_POINT('Origin',(-67.,-2.22044604925031E-15,132.));
#5127=CARTESIAN_POINT('',(-65.,-2.22044604925031E-15,132.));
#5128=CARTESIAN_POINT('',(-67.,-2.22044604925031E-15,130.));
#5129=CARTESIAN_POINT('Origin',(-67.,20.3333333333333,120.));
#5130=CARTESIAN_POINT('',(-65.,20.3333333333333,142.));
#5131=CARTESIAN_POINT('',(-65.4,21.5333333333333,142.));
#5132=CARTESIAN_POINT('Origin',(-67.,20.3333333333333,142.));
#5133=CARTESIAN_POINT('',(-65.4,21.5333333333333,120.));
#5134=CARTESIAN_POINT('',(-65.,20.3333333333333,120.));
#5135=CARTESIAN_POINT('Origin',(-92.,53.6666666666666,120.));
#5136=CARTESIAN_POINT('',(-90.,53.6666666666666,130.8));
#5137=CARTESIAN_POINT('',(-90.,53.6666666666666,120.));
#5138=CARTESIAN_POINT('',(-90.4,54.8666666666666,132.));
#5139=CARTESIAN_POINT('Origin',(-92.,53.6666666666666,132.));
#5140=CARTESIAN_POINT('',(-90.4,54.8666666666666,120.));
#5141=CARTESIAN_POINT('Origin',(-70.56,25.08,132.));
#5142=CARTESIAN_POINT('',(-90.,51.,130.));
#5143=CARTESIAN_POINT('',(-70.56,25.08,130.));
#5144=CARTESIAN_POINT('',(-68.96,26.28,132.));
#5145=CARTESIAN_POINT('Origin',(-90.,51.,132.));
#5146=CARTESIAN_POINT('Origin',(-70.56,-25.08,132.));
#5147=CARTESIAN_POINT('',(-68.96,-26.28,132.));
#5148=CARTESIAN_POINT('',(-90.,-51.,130.));
#5149=CARTESIAN_POINT('',(-70.56,-25.08,130.));
#5150=CARTESIAN_POINT('Origin',(-90.,-51.,132.));
#5151=CARTESIAN_POINT('Origin',(-67.,-20.3333333333333,120.));
#5152=CARTESIAN_POINT('',(-65.,-20.3333333333333,98.));
#5153=CARTESIAN_POINT('',(-65.4,-21.5333333333333,98.));
#5154=CARTESIAN_POINT('Origin',(-67.,-20.3333333333333,98.));
#5155=CARTESIAN_POINT('',(-65.4,-21.5333333333333,120.));
#5156=CARTESIAN_POINT('',(-65.,-20.3333333333333,120.));
#5157=CARTESIAN_POINT('Origin',(-90.,54.3333333333333,120.));
#5158=CARTESIAN_POINT('',(-90.,54.3333333333333,130.));
#5159=CARTESIAN_POINT('',(-90.,54.3333333333333,110.));
#5160=CARTESIAN_POINT('Origin',(-80.,0.,130.));
#5161=CARTESIAN_POINT('Origin',(-65.,-4.44089209850063E-15,120.));
#5162=CARTESIAN_POINT('',(-65.,22.,142.));
#5163=CARTESIAN_POINT('Origin',(-77.6,-37.8,120.));
#5164=CARTESIAN_POINT('',(-90.8,-55.4,98.));
#5165=CARTESIAN_POINT('',(-90.8,-55.4,98.));
#5166=CARTESIAN_POINT('',(-90.8,-55.4,142.));
#5167=CARTESIAN_POINT('',(-90.8,-55.4,142.));
#5168=CARTESIAN_POINT('',(-64.4,-20.2,142.));
#5169=CARTESIAN_POINT('Origin',(-77.5,0.,110.));
#5170=CARTESIAN_POINT('Origin',(-65.,-4.44089209850063E-15,120.));
#5171=CARTESIAN_POINT('',(-65.,-22.,98.));
#5172=CARTESIAN_POINT('Origin',(-77.6,37.8,120.));
#5173=CARTESIAN_POINT('',(-90.8,55.4,142.));
#5174=CARTESIAN_POINT('',(-64.4,20.2,142.));
#5175=CARTESIAN_POINT('',(-90.8,55.4,98.));
#5176=CARTESIAN_POINT('',(-90.8,55.4,142.));
#5177=CARTESIAN_POINT('',(-90.8,55.4,98.));
#5178=CARTESIAN_POINT('Origin',(-75.2,39.6,120.));
#5179=CARTESIAN_POINT('',(-82.391,49.188,99.985));
#5180=CARTESIAN_POINT('',(-82.391,49.188,98.));
#5181=CARTESIAN_POINT('',(-82.391,49.188,99.985));
#5182=CARTESIAN_POINT('',(-88.4,57.2,98.));
#5183=CARTESIAN_POINT('',(-88.4,57.2,98.));
#5184=CARTESIAN_POINT('',(-88.4,57.2,108.015));
#5185=CARTESIAN_POINT('',(-88.4,57.2,142.));
#5186=CARTESIAN_POINT('',(-87.209,55.612,108.015));
#5187=CARTESIAN_POINT('',(-87.209,55.612,108.015));
#5188=CARTESIAN_POINT('',(-87.209,55.612,131.985));
#5189=CARTESIAN_POINT('',(-87.209,55.612,131.985));
#5190=CARTESIAN_POINT('',(-88.4,57.2,131.985));
#5191=CARTESIAN_POINT('',(-88.4,57.2,131.985));
#5192=CARTESIAN_POINT('',(-88.4,57.2,142.));
#5193=CARTESIAN_POINT('',(-88.4,57.2,142.));
#5194=CARTESIAN_POINT('',(-82.391,49.188,142.));
#5195=CARTESIAN_POINT('',(-62.,22.,142.));
#5196=CARTESIAN_POINT('',(-82.391,49.188,140.015));
#5197=CARTESIAN_POINT('',(-82.391,49.188,140.015));
#5198=CARTESIAN_POINT('',(-68.009,30.012,140.015));
#5199=CARTESIAN_POINT('',(-68.009,30.012,140.015));
#5200=CARTESIAN_POINT('',(-68.009,30.012,142.));
#5201=CARTESIAN_POINT('',(-68.009,30.012,142.));
#5202=CARTESIAN_POINT('',(-62.,22.,142.));
#5203=CARTESIAN_POINT('',(-62.,22.,142.));
#5204=CARTESIAN_POINT('',(-62.,22.,131.985));
#5205=CARTESIAN_POINT('',(-62.,22.,98.));
#5206=CARTESIAN_POINT('',(-63.191,23.588,131.985));
#5207=CARTESIAN_POINT('',(-62.,22.,131.985));
#5208=CARTESIAN_POINT('',(-63.191,23.588,108.015));
#5209=CARTESIAN_POINT('',(-63.191,23.588,131.985));
#5210=CARTESIAN_POINT('',(-62.,22.,108.015));
#5211=CARTESIAN_POINT('',(-63.191,23.588,108.015));
#5212=CARTESIAN_POINT('',(-62.,22.,98.));
#5213=CARTESIAN_POINT('',(-62.,22.,98.));
#5214=CARTESIAN_POINT('',(-68.009,30.012,98.));
#5215=CARTESIAN_POINT('',(-88.4,57.2,98.));
#5216=CARTESIAN_POINT('',(-68.009,30.012,99.985));
#5217=CARTESIAN_POINT('',(-68.009,30.012,98.));
#5218=CARTESIAN_POINT('',(-68.009,30.012,99.985));
#5219=CARTESIAN_POINT('Origin',(-63.191,23.588,131.985));
#5220=CARTESIAN_POINT('',(-61.591,24.788,131.985));
#5221=CARTESIAN_POINT('',(-63.191,23.588,131.985));
#5222=CARTESIAN_POINT('',(-61.591,24.788,108.015));
#5223=CARTESIAN_POINT('',(-61.591,24.788,131.985));
#5224=CARTESIAN_POINT('',(-63.191,23.588,108.015));
#5225=CARTESIAN_POINT('Origin',(-62.,22.,131.985));
#5226=CARTESIAN_POINT('',(-62.,20.015,131.985));
#5227=CARTESIAN_POINT('',(-62.,20.015,131.985));
#5228=CARTESIAN_POINT('',(-60.,20.015,131.985));
#5229=CARTESIAN_POINT('',(-60.,20.015,131.985));
#5230=CARTESIAN_POINT('',(-60.,22.6666666666667,131.985));
#5231=CARTESIAN_POINT('',(-60.,20.015,131.985));
#5232=CARTESIAN_POINT('',(-60.4,23.2,131.985));
#5233=CARTESIAN_POINT('Origin',(-63.191,23.588,108.015));
#5234=CARTESIAN_POINT('',(-60.,22.6666666666667,108.015));
#5235=CARTESIAN_POINT('',(-60.4,23.2,108.015));
#5236=CARTESIAN_POINT('',(-60.,20.015,108.015));
#5237=CARTESIAN_POINT('',(-60.,22.,108.015));
#5238=CARTESIAN_POINT('',(-62.,20.015,108.015));
#5239=CARTESIAN_POINT('',(-60.,20.015,108.015));
#5240=CARTESIAN_POINT('',(-62.,22.,108.015));
#5241=CARTESIAN_POINT('Origin',(-60.9955,23.994,120.));
#5242=CARTESIAN_POINT('',(-60.,22.6666666666667,131.985));
#5243=CARTESIAN_POINT('Origin',(-75.2,-39.6,120.));
#5244=CARTESIAN_POINT('',(-82.391,-49.188,140.015));
#5245=CARTESIAN_POINT('',(-82.391,-49.188,142.));
#5246=CARTESIAN_POINT('',(-82.391,-49.188,140.015));
#5247=CARTESIAN_POINT('',(-88.4,-57.2,142.));
#5248=CARTESIAN_POINT('',(-62.,-22.,142.));
#5249=CARTESIAN_POINT('',(-88.4,-57.2,131.985));
#5250=CARTESIAN_POINT('',(-88.4,-57.2,142.));
#5251=CARTESIAN_POINT('',(-87.209,-55.612,131.985));
#5252=CARTESIAN_POINT('',(-88.4,-57.2,131.985));
#5253=CARTESIAN_POINT('',(-87.209,-55.612,108.015));
#5254=CARTESIAN_POINT('',(-87.209,-55.612,131.985));
#5255=CARTESIAN_POINT('',(-88.4,-57.2,108.015));
#5256=CARTESIAN_POINT('',(-87.209,-55.612,108.015));
#5257=CARTESIAN_POINT('',(-88.4,-57.2,98.));
#5258=CARTESIAN_POINT('',(-88.4,-57.2,142.));
#5259=CARTESIAN_POINT('',(-82.391,-49.188,98.));
#5260=CARTESIAN_POINT('',(-88.4,-57.2,98.));
#5261=CARTESIAN_POINT('',(-82.391,-49.188,99.985));
#5262=CARTESIAN_POINT('',(-82.391,-49.188,99.985));
#5263=CARTESIAN_POINT('',(-68.009,-30.012,99.985));
#5264=CARTESIAN_POINT('',(-68.009,-30.012,99.985));
#5265=CARTESIAN_POINT('',(-68.009,-30.012,98.));
#5266=CARTESIAN_POINT('',(-68.009,-30.012,98.));
#5267=CARTESIAN_POINT('',(-62.,-22.,98.));
#5268=CARTESIAN_POINT('',(-88.4,-57.2,98.));
#5269=CARTESIAN_POINT('',(-62.,-22.,108.015));
#5270=CARTESIAN_POINT('',(-62.,-22.,142.));
#5271=CARTESIAN_POINT('',(-63.191,-23.588,108.015));
#5272=CARTESIAN_POINT('',(-63.191,-23.588,108.015));
#5273=CARTESIAN_POINT('',(-63.191,-23.588,131.985));
#5274=CARTESIAN_POINT('',(-63.191,-23.588,131.985));
#5275=CARTESIAN_POINT('',(-62.,-22.,131.985));
#5276=CARTESIAN_POINT('',(-62.,-22.,131.985));
#5277=CARTESIAN_POINT('',(-62.,-22.,142.));
#5278=CARTESIAN_POINT('',(-62.,-22.,142.));
#5279=CARTESIAN_POINT('',(-68.009,-30.012,142.));
#5280=CARTESIAN_POINT('',(-62.,-22.,142.));
#5281=CARTESIAN_POINT('',(-68.009,-30.012,140.015));
#5282=CARTESIAN_POINT('',(-68.009,-30.012,142.));
#5283=CARTESIAN_POINT('',(-68.009,-30.012,140.015));
#5284=CARTESIAN_POINT('Origin',(-63.191,-23.588,131.985));
#5285=CARTESIAN_POINT('',(-61.591,-24.788,108.015));
#5286=CARTESIAN_POINT('',(-63.191,-23.588,108.015));
#5287=CARTESIAN_POINT('',(-61.591,-24.788,131.985));
#5288=CARTESIAN_POINT('',(-61.591,-24.788,131.985));
#5289=CARTESIAN_POINT('',(-63.191,-23.588,131.985));
#5290=CARTESIAN_POINT('Origin',(-62.,-22.,131.985));
#5291=CARTESIAN_POINT('',(-60.,-22.6666666666667,131.985));
#5292=CARTESIAN_POINT('',(-60.4,-23.2,131.985));
#5293=CARTESIAN_POINT('',(-60.,-20.015,131.985));
#5294=CARTESIAN_POINT('',(-60.,-22.,131.985));
#5295=CARTESIAN_POINT('',(-62.,-20.015,131.985));
#5296=CARTESIAN_POINT('',(-60.,-20.015,131.985));
#5297=CARTESIAN_POINT('',(-62.,-22.,131.985));
#5298=CARTESIAN_POINT('Origin',(-63.191,-23.588,108.015));
#5299=CARTESIAN_POINT('',(-62.,-20.015,108.015));
#5300=CARTESIAN_POINT('',(-62.,-20.015,108.015));
#5301=CARTESIAN_POINT('',(-60.,-20.015,108.015));
#5302=CARTESIAN_POINT('',(-60.,-20.015,108.015));
#5303=CARTESIAN_POINT('',(-60.,-22.6666666666667,108.015));
#5304=CARTESIAN_POINT('',(-60.,-20.015,108.015));
#5305=CARTESIAN_POINT('',(-61.591,-24.788,108.015));
#5306=CARTESIAN_POINT('Origin',(-60.9955,-23.994,120.));
#5307=CARTESIAN_POINT('',(-60.,-22.6666666666667,131.985));
#5308=CARTESIAN_POINT('Origin',(-62.,-4.44089209850063E-15,120.));
#5309=CARTESIAN_POINT('',(-62.,-11.985,140.015));
#5310=CARTESIAN_POINT('',(-62.,-11.985,142.));
#5311=CARTESIAN_POINT('',(-62.,-11.985,140.015));
#5312=CARTESIAN_POINT('',(-62.,22.,142.));
#5313=CARTESIAN_POINT('',(-62.,-20.015,131.985));
#5314=CARTESIAN_POINT('',(-62.,-11.985,98.));
#5315=CARTESIAN_POINT('',(-62.,-22.,98.));
#5316=CARTESIAN_POINT('',(-62.,-11.985,99.985));
#5317=CARTESIAN_POINT('',(-62.,-11.985,98.));
#5318=CARTESIAN_POINT('',(-62.,11.985,99.985));
#5319=CARTESIAN_POINT('',(-62.,-11.985,99.985));
#5320=CARTESIAN_POINT('',(-62.,11.985,98.));
#5321=CARTESIAN_POINT('',(-62.,11.985,99.985));
#5322=CARTESIAN_POINT('',(-62.,-22.,98.));
#5323=CARTESIAN_POINT('',(-62.,20.015,108.015));
#5324=CARTESIAN_POINT('',(-62.,11.985,142.));
#5325=CARTESIAN_POINT('',(-62.,22.,142.));
#5326=CARTESIAN_POINT('',(-62.,11.985,140.015));
#5327=CARTESIAN_POINT('',(-62.,11.985,142.));
#5328=CARTESIAN_POINT('',(-62.,11.985,140.015));
#5329=CARTESIAN_POINT('Origin',(-60.,11.985,99.985));
#5330=CARTESIAN_POINT('',(-60.,11.985,99.985));
#5331=CARTESIAN_POINT('',(-60.,11.985,98.));
#5332=CARTESIAN_POINT('',(-60.,11.985,99.985));
#5333=CARTESIAN_POINT('',(-60.,11.985,98.));
#5334=CARTESIAN_POINT('',(-60.,11.985,99.985));
#5335=CARTESIAN_POINT('Origin',(-60.,-11.985,99.985));
#5336=CARTESIAN_POINT('',(-60.,-11.985,99.985));
#5337=CARTESIAN_POINT('',(-60.,-11.985,99.985));
#5338=CARTESIAN_POINT('',(-60.,-11.985,99.985));
#5339=CARTESIAN_POINT('Origin',(-60.,-11.985,98.));
#5340=CARTESIAN_POINT('',(-60.,-11.985,98.));
#5341=CARTESIAN_POINT('',(-60.,-11.985,98.));
#5342=CARTESIAN_POINT('',(-60.,-11.985,98.));
#5343=CARTESIAN_POINT('Origin',(-60.,-3.67394039744206E-15,98.9925));
#5344=CARTESIAN_POINT('',(-60.,22.,98.));
#5345=CARTESIAN_POINT('Origin',(-60.,20.015,108.015));
#5346=CARTESIAN_POINT('',(-60.,20.015,108.015));
#5347=CARTESIAN_POINT('Origin',(-60.,21.0075,120.));
#5348=CARTESIAN_POINT('Origin',(-60.,-20.015,131.985));
#5349=CARTESIAN_POINT('',(-60.,-20.015,131.985));
#5350=CARTESIAN_POINT('Origin',(-60.,-21.0075,120.));
#5351=CARTESIAN_POINT('Origin',(-60.,11.985,142.));
#5352=CARTESIAN_POINT('',(-60.,11.985,142.));
#5353=CARTESIAN_POINT('',(-60.,11.985,140.015));
#5354=CARTESIAN_POINT('',(-60.,11.985,142.));
#5355=CARTESIAN_POINT('',(-60.,11.985,140.015));
#5356=CARTESIAN_POINT('',(-60.,11.985,142.));
#5357=CARTESIAN_POINT('Origin',(-60.,-11.985,140.015));
#5358=CARTESIAN_POINT('',(-60.,-11.985,140.015));
#5359=CARTESIAN_POINT('',(-60.,-11.985,142.));
#5360=CARTESIAN_POINT('',(-60.,-11.985,140.015));
#5361=CARTESIAN_POINT('',(-60.,-11.985,142.));
#5362=CARTESIAN_POINT('',(-60.,-11.985,140.015));
#5363=CARTESIAN_POINT('Origin',(-60.,11.985,140.015));
#5364=CARTESIAN_POINT('',(-60.,11.985,140.015));
#5365=CARTESIAN_POINT('Origin',(-60.,7.66951701058567E-16,141.0075));
#5366=CARTESIAN_POINT('',(-60.,-11.985,142.));
#5367=CARTESIAN_POINT('Origin',(-68.009,-30.012,98.));
#5368=CARTESIAN_POINT('',(-66.409,-31.212,99.985));
#5369=CARTESIAN_POINT('',(-68.009,-30.012,99.985));
#5370=CARTESIAN_POINT('',(-66.409,-31.212,98.));
#5371=CARTESIAN_POINT('',(-66.409,-31.212,98.));
#5372=CARTESIAN_POINT('',(-68.009,-30.012,98.));
#5373=CARTESIAN_POINT('Origin',(-82.391,-49.188,99.985));
#5374=CARTESIAN_POINT('',(-80.791,-50.388,98.));
#5375=CARTESIAN_POINT('',(-82.391,-49.188,98.));
#5376=CARTESIAN_POINT('',(-80.791,-50.388,99.985));
#5377=CARTESIAN_POINT('',(-80.791,-50.388,99.985));
#5378=CARTESIAN_POINT('',(-82.391,-49.188,99.985));
#5379=CARTESIAN_POINT('Origin',(-68.009,-30.012,99.985));
#5380=CARTESIAN_POINT('',(-66.409,-31.212,99.985));
#5381=CARTESIAN_POINT('Origin',(-73.6,-40.8,98.9925));
#5382=CARTESIAN_POINT('',(-80.791,-50.388,98.));
#5383=CARTESIAN_POINT('Origin',(-87.209,-55.612,131.985));
#5384=CARTESIAN_POINT('',(-86.8,-58.4,131.985));
#5385=CARTESIAN_POINT('',(-88.4,-57.2,131.985));
#5386=CARTESIAN_POINT('',(-85.609,-56.812,131.985));
#5387=CARTESIAN_POINT('',(-86.8,-58.4,131.985));
#5388=CARTESIAN_POINT('',(-87.209,-55.612,131.985));
#5389=CARTESIAN_POINT('Origin',(-87.209,-55.612,108.015));
#5390=CARTESIAN_POINT('',(-85.609,-56.812,108.015));
#5391=CARTESIAN_POINT('',(-85.609,-56.812,131.985));
#5392=CARTESIAN_POINT('',(-87.209,-55.612,108.015));
#5393=CARTESIAN_POINT('Origin',(-88.4,-57.2,108.015));
#5394=CARTESIAN_POINT('',(-86.8,-58.4,108.015));
#5395=CARTESIAN_POINT('',(-85.609,-56.812,108.015));
#5396=CARTESIAN_POINT('',(-88.4,-57.2,108.015));
#5397=CARTESIAN_POINT('Origin',(-88.4,-57.2,131.985));
#5398=CARTESIAN_POINT('',(-86.8,-58.4,108.015));
#5399=CARTESIAN_POINT('',(-88.4,-57.2,142.));
#5400=CARTESIAN_POINT('',(-88.4,-57.2,98.));
#5401=CARTESIAN_POINT('Origin',(-86.2045,-57.606,120.));
#5402=CARTESIAN_POINT('Origin',(-68.009,-30.012,140.015));
#5403=CARTESIAN_POINT('',(-66.409,-31.212,142.));
#5404=CARTESIAN_POINT('',(-68.009,-30.012,142.));
#5405=CARTESIAN_POINT('',(-66.409,-31.212,140.015));
#5406=CARTESIAN_POINT('',(-66.409,-31.212,142.));
#5407=CARTESIAN_POINT('',(-68.009,-30.012,140.015));
#5408=CARTESIAN_POINT('Origin',(-82.391,-49.188,140.015));
#5409=CARTESIAN_POINT('',(-80.791,-50.388,140.015));
#5410=CARTESIAN_POINT('',(-66.409,-31.212,140.015));
#5411=CARTESIAN_POINT('',(-82.391,-49.188,140.015));
#5412=CARTESIAN_POINT('Origin',(-82.391,-49.188,142.));
#5413=CARTESIAN_POINT('',(-80.791,-50.388,142.));
#5414=CARTESIAN_POINT('',(-80.791,-50.388,140.015));
#5415=CARTESIAN_POINT('',(-82.391,-49.188,142.));
#5416=CARTESIAN_POINT('Origin',(-73.6,-40.8,141.0075));
#5417=CARTESIAN_POINT('',(-80.791,-50.388,142.));
#5418=CARTESIAN_POINT('Origin',(-68.009,30.012,142.));
#5419=CARTESIAN_POINT('',(-66.409,31.212,142.));
#5420=CARTESIAN_POINT('',(-68.009,30.012,142.));
#5421=CARTESIAN_POINT('',(-80.791,50.388,142.));
#5422=CARTESIAN_POINT('',(-80.791,50.388,142.));
#5423=CARTESIAN_POINT('',(-82.391,49.188,142.));
#5424=CARTESIAN_POINT('',(-88.4,57.2,142.));
#5425=CARTESIAN_POINT('Origin',(-68.009,30.012,140.015));
#5426=CARTESIAN_POINT('',(-66.409,31.212,140.015));
#5427=CARTESIAN_POINT('',(-68.009,30.012,140.015));
#5428=CARTESIAN_POINT('',(-66.409,31.212,142.));
#5429=CARTESIAN_POINT('Origin',(-82.391,49.188,140.015));
#5430=CARTESIAN_POINT('',(-80.791,50.388,140.015));
#5431=CARTESIAN_POINT('',(-82.391,49.188,140.015));
#5432=CARTESIAN_POINT('',(-66.409,31.212,140.015));
#5433=CARTESIAN_POINT('Origin',(-82.391,49.188,142.));
#5434=CARTESIAN_POINT('',(-80.791,50.388,140.015));
#5435=CARTESIAN_POINT('Origin',(-73.6,40.8,141.0075));
#5436=CARTESIAN_POINT('Origin',(-87.209,55.612,131.985));
#5437=CARTESIAN_POINT('',(-85.609,56.812,131.985));
#5438=CARTESIAN_POINT('',(-87.209,55.612,131.985));
#5439=CARTESIAN_POINT('',(-86.8,58.4,131.985));
#5440=CARTESIAN_POINT('',(-86.8,58.4,131.985));
#5441=CARTESIAN_POINT('',(-88.4,57.2,131.985));
#5442=CARTESIAN_POINT('Origin',(-87.209,55.612,108.015));
#5443=CARTESIAN_POINT('',(-85.609,56.812,108.015));
#5444=CARTESIAN_POINT('',(-87.209,55.612,108.015));
#5445=CARTESIAN_POINT('',(-85.609,56.812,131.985));
#5446=CARTESIAN_POINT('Origin',(-88.4,57.2,108.015));
#5447=CARTESIAN_POINT('',(-86.8,58.4,108.015));
#5448=CARTESIAN_POINT('',(-88.4,57.2,108.015));
#5449=CARTESIAN_POINT('',(-85.609,56.812,108.015));
#5450=CARTESIAN_POINT('Origin',(-88.4,57.2,131.985));
#5451=CARTESIAN_POINT('',(-86.8,58.4,108.015));
#5452=CARTESIAN_POINT('',(-88.4,57.2,98.));
#5453=CARTESIAN_POINT('Origin',(-86.2045,57.606,120.));
#5454=CARTESIAN_POINT('Origin',(-68.009,30.012,98.));
#5455=CARTESIAN_POINT('',(-66.409,31.212,98.));
#5456=CARTESIAN_POINT('',(-68.009,30.012,98.));
#5457=CARTESIAN_POINT('',(-66.409,31.212,99.985));
#5458=CARTESIAN_POINT('',(-66.409,31.212,98.));
#5459=CARTESIAN_POINT('',(-68.009,30.012,99.985));
#5460=CARTESIAN_POINT('Origin',(-82.391,49.188,98.));
#5461=CARTESIAN_POINT('',(-80.791,50.388,98.));
#5462=CARTESIAN_POINT('',(-82.391,49.188,98.));
#5463=CARTESIAN_POINT('',(-80.791,50.388,98.));
#5464=CARTESIAN_POINT('Origin',(-82.391,49.188,99.985));
#5465=CARTESIAN_POINT('',(-80.791,50.388,99.985));
#5466=CARTESIAN_POINT('',(-82.391,49.188,99.985));
#5467=CARTESIAN_POINT('',(-80.791,50.388,99.985));
#5468=CARTESIAN_POINT('Origin',(-68.009,30.012,99.985));
#5469=CARTESIAN_POINT('',(-66.409,31.212,99.985));
#5470=CARTESIAN_POINT('Origin',(-73.6,40.8,98.9925));
#5471=CARTESIAN_POINT('Origin',(0.,0.,-5.));
#5472=CARTESIAN_POINT('',(-0.727596465243194,9.97349504355246,-6.99999999861937));
#5473=CARTESIAN_POINT('Origin',(0.,0.,-7.));
#5474=CARTESIAN_POINT('',(1.,9.9498743710662,-8.));
#5475=CARTESIAN_POINT('Ctrl Pts',(1.,9.9498743710662,-8.));
#5476=CARTESIAN_POINT('Ctrl Pts',(0.882392006962796,9.96169441910411,-8.));
#5477=CARTESIAN_POINT('Ctrl Pts',(0.764456180177673,9.9714193754112,-7.98955227884968));
#5478=CARTESIAN_POINT('Ctrl Pts',(0.501484846109079,9.98849886120771,-7.94245521579495));
#5479=CARTESIAN_POINT('Ctrl Pts',(0.358006196988877,9.99453605377856,-7.89990812537781));
#5480=CARTESIAN_POINT('Ctrl Pts',(-0.0092554828921629,10.0026394904234,
-7.744490264041));
#5481=CARTESIAN_POINT('Ctrl Pts',(-0.218501266645792,9.999229609335,-7.60600210933356));
#5482=CARTESIAN_POINT('Ctrl Pts',(-0.5267119014475,9.98694875552629,-7.30351746627354));
#5483=CARTESIAN_POINT('Ctrl Pts',(-0.637781385882521,9.98004732376415,-7.15988771682282));
#5484=CARTESIAN_POINT('Ctrl Pts',(-0.727596464654416,9.97349504359542,-6.99999999828687));
#5485=CARTESIAN_POINT('',(1.11111111111111,9.93807989999907,-8.));
#5486=CARTESIAN_POINT('Ctrl Pts',(1.11111111111111,9.93807989999907,-8.));
#5487=CARTESIAN_POINT('Ctrl Pts',(1.07409642384878,9.94221826784329,-8.));
#5488=CARTESIAN_POINT('Ctrl Pts',(1.03705861613616,9.9461498400064,-8.));
#5489=CARTESIAN_POINT('Ctrl Pts',(1.,9.9498743710662,-8.));
#5490=CARTESIAN_POINT('',(8.88780375320898,4.58333333333333,-8.));
#5491=CARTESIAN_POINT('Origin',(0.,0.,-8.));
#5492=CARTESIAN_POINT('',(8.88780375320898,4.58333333333333,-11.3069901945504));
#5493=CARTESIAN_POINT('',(8.88780375320898,4.58333333333333,-5.));
#5494=CARTESIAN_POINT('',(7.33091533016599,6.80129990677791,-13.989502287064));
#5495=CARTESIAN_POINT('Origin',(0.,0.,-26.6206380391866));
#5496=CARTESIAN_POINT('',(8.88780375320898,4.58333333333333,-16.7003213228991));
#5497=CARTESIAN_POINT('Origin',(0.,0.,-1.22507772524005));
#5498=CARTESIAN_POINT('',(8.88780375320898,4.58333333333333,-30.2996786771009));
#5499=CARTESIAN_POINT('',(8.88780375320898,4.58333333333333,-5.));
#5500=CARTESIAN_POINT('',(7.33091533016599,6.80129990677791,-33.010497712936));
#5501=CARTESIAN_POINT('Origin',(0.,0.,-45.77492227476));
#5502=CARTESIAN_POINT('',(8.88780375320898,4.58333333333333,-35.6930098054496));
#5503=CARTESIAN_POINT('Origin',(0.,0.,-20.3793619608134));
#5504=CARTESIAN_POINT('',(8.88780375320898,4.58333333333333,-39.));
#5505=CARTESIAN_POINT('',(8.88780375320898,4.58333333333333,-5.));
#5506=CARTESIAN_POINT('',(8.88780375320898,-4.58333333333333,-39.));
#5507=CARTESIAN_POINT('Origin',(0.,0.,-39.));
#5508=CARTESIAN_POINT('',(8.88780375320898,-4.58333333333333,-35.9471094560839));
#5509=CARTESIAN_POINT('',(8.88780375320898,-4.58333333333333,-5.));
#5510=CARTESIAN_POINT('',(7.7,-6.38043885637971,-33.));
#5511=CARTESIAN_POINT('Ctrl Pts',(8.88780375320898,-4.58333333333333,-35.9471094560839));
#5512=CARTESIAN_POINT('Ctrl Pts',(8.87463526538739,-4.60886910107546,-35.9334267291326));
#5513=CARTESIAN_POINT('Ctrl Pts',(8.86142202746327,-4.63422145970187,-35.9195139782105));
#5514=CARTESIAN_POINT('Ctrl Pts',(8.62545214098643,-5.08232804016233,-35.6675876137217));
#5515=CARTESIAN_POINT('Ctrl Pts',(8.39040791952943,-5.45281527266174,-35.3656405812834));
#5516=CARTESIAN_POINT('Ctrl Pts',(8.04788455483675,-5.94015594669228,-34.7086219034795));
#5517=CARTESIAN_POINT('Ctrl Pts',(7.92011145525898,-6.10667964579877,-34.3950612005464));
#5518=CARTESIAN_POINT('Ctrl Pts',(7.74560549782207,-6.32655454109928,-33.7136309778596));
#5519=CARTESIAN_POINT('Ctrl Pts',(7.7,-6.38043885637971,-33.3456453502826));
#5520=CARTESIAN_POINT('Ctrl Pts',(7.7,-6.38043885637971,-33.));
#5521=CARTESIAN_POINT('',(8.88780375320898,-4.58333333333333,-30.0528905439161));
#5522=CARTESIAN_POINT('Ctrl Pts',(7.7,-6.38043885637971,-33.));
#5523=CARTESIAN_POINT('Ctrl Pts',(7.7,-6.38043885637971,-32.6543546497174));
#5524=CARTESIAN_POINT('Ctrl Pts',(7.74560549782207,-6.32655454109928,-32.2863690221404));
#5525=CARTESIAN_POINT('Ctrl Pts',(7.92011145525898,-6.10667964579877,-31.6049387994536));
#5526=CARTESIAN_POINT('Ctrl Pts',(8.04788455483675,-5.94015594669228,-31.2913780965205));
#5527=CARTESIAN_POINT('Ctrl Pts',(8.39040791952943,-5.45281527266174,-30.6343594187166));
#5528=CARTESIAN_POINT('Ctrl Pts',(8.62545214098643,-5.08232804016233,-30.3324123862783));
#5529=CARTESIAN_POINT('Ctrl Pts',(8.86142202746327,-4.63422145970187,-30.0804860217895));
#5530=CARTESIAN_POINT('Ctrl Pts',(8.87463526538739,-4.60886910107546,-30.0665732708674));
#5531=CARTESIAN_POINT('Ctrl Pts',(8.88780375320898,-4.58333333333333,-30.0528905439161));
#5532=CARTESIAN_POINT('',(8.88780375320898,-4.58333333333333,-16.9471094560839));
#5533=CARTESIAN_POINT('',(8.88780375320898,-4.58333333333333,-5.));
#5534=CARTESIAN_POINT('',(7.7,-6.38043885637971,-14.));
#5535=CARTESIAN_POINT('Ctrl Pts',(8.88780375320898,-4.58333333333333,-16.9471094560839));
#5536=CARTESIAN_POINT('Ctrl Pts',(8.87463526538739,-4.60886910107546,-16.9334267291326));
#5537=CARTESIAN_POINT('Ctrl Pts',(8.86142202746327,-4.63422145970187,-16.9195139782105));
#5538=CARTESIAN_POINT('Ctrl Pts',(8.62545214098643,-5.08232804016233,-16.6675876137217));
#5539=CARTESIAN_POINT('Ctrl Pts',(8.39040791952943,-5.45281527266174,-16.3656405812834));
#5540=CARTESIAN_POINT('Ctrl Pts',(8.04788455483675,-5.94015594669228,-15.7086219034795));
#5541=CARTESIAN_POINT('Ctrl Pts',(7.92011145525898,-6.10667964579877,-15.3950612005464));
#5542=CARTESIAN_POINT('Ctrl Pts',(7.74560549782206,-6.32655454109928,-14.7136309778596));
#5543=CARTESIAN_POINT('Ctrl Pts',(7.7,-6.38043885637971,-14.3456453502826));
#5544=CARTESIAN_POINT('Ctrl Pts',(7.7,-6.38043885637971,-14.));
#5545=CARTESIAN_POINT('',(8.88780375320898,-4.58333333333333,-11.0528905439161));
#5546=CARTESIAN_POINT('Ctrl Pts',(7.7,-6.38043885637971,-14.));
#5547=CARTESIAN_POINT('Ctrl Pts',(7.7,-6.38043885637971,-13.6543546497174));
#5548=CARTESIAN_POINT('Ctrl Pts',(7.74560549782207,-6.32655454109928,-13.2863690221404));
#5549=CARTESIAN_POINT('Ctrl Pts',(7.92011145525898,-6.10667964579877,-12.6049387994536));
#5550=CARTESIAN_POINT('Ctrl Pts',(8.04788455483675,-5.94015594669228,-12.2913780965205));
#5551=CARTESIAN_POINT('Ctrl Pts',(8.39040791952943,-5.45281527266174,-11.6343594187166));
#5552=CARTESIAN_POINT('Ctrl Pts',(8.62545214098643,-5.08232804016233,-11.3324123862783));
#5553=CARTESIAN_POINT('Ctrl Pts',(8.86142202746327,-4.63422145970187,-11.0804860217895));
#5554=CARTESIAN_POINT('Ctrl Pts',(8.87463526538739,-4.60886910107546,-11.0665732708674));
#5555=CARTESIAN_POINT('Ctrl Pts',(8.88780375320898,-4.58333333333333,-11.0528905439161));
#5556=CARTESIAN_POINT('',(8.88780375320898,-4.58333333333333,-8.));
#5557=CARTESIAN_POINT('',(8.88780375320898,-4.58333333333333,-5.));
#5558=CARTESIAN_POINT('',(1.11111111111111,-9.93807989999907,-8.));
#5559=CARTESIAN_POINT('Origin',(0.,0.,-8.));
#5560=CARTESIAN_POINT('',(1.,-9.9498743710662,-8.));
#5561=CARTESIAN_POINT('Ctrl Pts',(1.,-9.9498743710662,-8.));
#5562=CARTESIAN_POINT('Ctrl Pts',(1.03705861613616,-9.9461498400064,-8.));
#5563=CARTESIAN_POINT('Ctrl Pts',(1.07409642384878,-9.94221826784329,-8.));
#5564=CARTESIAN_POINT('Ctrl Pts',(1.11111111111111,-9.93807989999907,-8.));
#5565=CARTESIAN_POINT('',(-0.727596486305769,-9.97349504201589,-6.9999999798717));
#5566=CARTESIAN_POINT('Ctrl Pts',(-0.727596477721963,-9.9734950426421,-6.99999997502418));
#5567=CARTESIAN_POINT('Ctrl Pts',(-0.636544530433845,-9.98013755620964,
-7.16208955734143));
#5568=CARTESIAN_POINT('Ctrl Pts',(-0.52368412643662,-9.98709331116488,-7.30723832410875));
#5569=CARTESIAN_POINT('Ctrl Pts',(-0.117510534090155,-10.0032432243763,
-7.70362623139407));
#5570=CARTESIAN_POINT('Ctrl Pts',(0.233672187012772,-10.0044207215667,-7.88628511960997));
#5571=CARTESIAN_POINT('Ctrl Pts',(0.737527233907943,-9.97358534901742,-7.98702154030027));
#5572=CARTESIAN_POINT('Ctrl Pts',(0.868939679517265,-9.96304642888271,-8.));
#5573=CARTESIAN_POINT('Ctrl Pts',(1.,-9.9498743710662,-8.));
#5574=CARTESIAN_POINT('Origin',(0.,0.,-7.));
#5575=CARTESIAN_POINT('Origin',(0.,0.,-7.));
#5576=CARTESIAN_POINT('',(-0.206727841393331,11.998219184512,-5.));
#5577=CARTESIAN_POINT('Origin',(0.,0.,-5.));
#5578=CARTESIAN_POINT('',(-0.691718964803311,11.186080663688,-5.16373741764336));
#5579=CARTESIAN_POINT('Ctrl Pts',(-0.691718964803311,11.186080663688,-5.16373741764336));
#5580=CARTESIAN_POINT('Ctrl Pts',(-0.690602460324844,11.1883069091743,-5.16280811807119));
#5581=CARTESIAN_POINT('Ctrl Pts',(-0.689483253897485,11.1905381590077,-5.16188092786415));
#5582=CARTESIAN_POINT('Ctrl Pts',(-0.688270072708065,11.192928769263,-5.16089306271158));
#5583=CARTESIAN_POINT('Ctrl Pts',(-0.687025904047549,11.195380441268,-5.15987996518389));
#5584=CARTESIAN_POINT('Ctrl Pts',(-0.685682967268737,11.1979996024989,-5.15880310227505));
#5585=CARTESIAN_POINT('Ctrl Pts',(-0.684168368262852,11.2009090537882,-5.15761545342561));
#5586=CARTESIAN_POINT('Ctrl Pts',(-0.682609576604249,11.2039033964382,-5.15639315160666));
#5587=CARTESIAN_POINT('Ctrl Pts',(-0.680869041028608,11.2072050786501,-5.15505354958983));
#5588=CARTESIAN_POINT('Ctrl Pts',(-0.678892881086546,11.2109042026257,-5.15356636288015));
#5589=CARTESIAN_POINT('Ctrl Pts',(-0.676808736544734,11.2148054602513,-5.15199791085475));
#5590=CARTESIAN_POINT('Ctrl Pts',(-0.674462527530279,11.2191487629799,-5.1502653097076));
#5591=CARTESIAN_POINT('Ctrl Pts',(-0.671818492347685,11.2239927966017,-5.14835579722019));
#5592=CARTESIAN_POINT('Ctrl Pts',(-0.669056139729994,11.2290535949766,-5.14636083631618));
#5593=CARTESIAN_POINT('Ctrl Pts',(-0.665968816745777,11.2346607671194,-5.14417291076201));
#5594=CARTESIAN_POINT('Ctrl Pts',(-0.662543912182058,11.2408328643944,-5.14180057016386));
#5595=CARTESIAN_POINT('Ctrl Pts',(-0.65892303323504,11.2473581314977,-5.13929248330562));
#5596=CARTESIAN_POINT('Ctrl Pts',(-0.654924960409208,11.2545146180665,-5.13657851331138));
#5597=CARTESIAN_POINT('Ctrl Pts',(-0.650563852419528,11.2622741760647,-5.13369118498037));
#5598=CARTESIAN_POINT('Ctrl Pts',(-0.645859407510619,11.270644620733,-5.13057654597136));
#5599=CARTESIAN_POINT('Ctrl Pts',(-0.640732682686244,11.2797165479414,-5.12726060185575));
#5600=CARTESIAN_POINT('Ctrl Pts',(-0.635232196762975,11.289401502924,-5.12380440364042));
#5601=CARTESIAN_POINT('Ctrl Pts',(-0.629051362195505,11.3002843786145,-5.11992071232671));
#5602=CARTESIAN_POINT('Ctrl Pts',(-0.622398876436393,11.3119407829566,-5.11586075863373));
#5603=CARTESIAN_POINT('Ctrl Pts',(-0.615377795770196,11.324186232206,-5.11172573926608));
#5604=CARTESIAN_POINT('Ctrl Pts',(-0.606389205096076,11.339863210745,-5.10643196779521));
#5605=CARTESIAN_POINT('Ctrl Pts',(-0.596797576049285,11.3565034870037,-5.10101813969098));
#5606=CARTESIAN_POINT('Ctrl Pts',(-0.58686418760509,11.373644560066,-5.09568799241007));
#5607=CARTESIAN_POINT('Ctrl Pts',(-0.578047747037541,11.3888582258525,-5.0909571871081));
#5608=CARTESIAN_POINT('Ctrl Pts',(-0.568964757122159,11.4044616864067,-5.08629324628464));
#5609=CARTESIAN_POINT('Ctrl Pts',(-0.559795804924513,11.4201394244948,-5.0818040603894));
#5610=CARTESIAN_POINT('Ctrl Pts',(-0.55245912892737,11.4326842041208,-5.07821197029073));
#5611=CARTESIAN_POINT('Ctrl Pts',(-0.545067846862248,11.4452758730135,-5.0747311575727));
#5612=CARTESIAN_POINT('Ctrl Pts',(-0.537697770900244,11.4577842604614,-5.07139493167931));
#5613=CARTESIAN_POINT('Ctrl Pts',(-0.530960140189408,11.4692192708801,-5.06834499594548));
#5614=CARTESIAN_POINT('Ctrl Pts',(-0.524240526737957,11.4805842158567,-5.06541567000527));
#5615=CARTESIAN_POINT('Ctrl Pts',(-0.517576640041187,11.4918162544301,-5.06261675679422));
#5616=CARTESIAN_POINT('Ctrl Pts',(-0.511313422280502,11.5023729620517,-5.05998612939436));
#5617=CARTESIAN_POINT('Ctrl Pts',(-0.505099639309944,11.5128119530973,-5.05747052563624));
#5618=CARTESIAN_POINT('Ctrl Pts',(-0.498944442852668,11.5231202582459,-5.05506636970944));
#5619=CARTESIAN_POINT('Ctrl Pts',(-0.493074558552535,11.5329507419635,-5.05277365375346));
#5620=CARTESIAN_POINT('Ctrl Pts',(-0.487258116702936,11.5426621437106,-5.05058214465578));
#5621=CARTESIAN_POINT('Ctrl Pts',(-0.481479638800748,11.5522838630868,-5.04848002556116));
#5622=CARTESIAN_POINT('Ctrl Pts',(-0.475914910812782,11.5615496683752,-5.04645566531303));
#5623=CARTESIAN_POINT('Ctrl Pts',(-0.47038552691175,11.5707321163119,-5.04451407228253));
#5624=CARTESIAN_POINT('Ctrl Pts',(-0.464853267048988,11.5798990986022,-5.04263839516965));
#5625=CARTESIAN_POINT('Ctrl Pts',(-0.45899370902269,11.5896084155882,-5.04065174972021));
#5626=CARTESIAN_POINT('Ctrl Pts',(-0.453127003379528,11.5993071618973,-5.03873750977881));
#5627=CARTESIAN_POINT('Ctrl Pts',(-0.44719318536025,11.6090998278646,-5.03687642045908));
#5628=CARTESIAN_POINT('Ctrl Pts',(-0.441190057934432,11.6190068761511,-5.03499359285957));
#5629=CARTESIAN_POINT('Ctrl Pts',(-0.435118218067908,11.6290100509348,-5.03316541631448));
#5630=CARTESIAN_POINT('Ctrl Pts',(-0.428947199148212,11.6391622235442,-5.03138729756305));
#5631=CARTESIAN_POINT('Ctrl Pts',(-0.422642400915035,11.6495344814749,-5.02957063161075));
#5632=CARTESIAN_POINT('Ctrl Pts',(-0.416234289158597,11.6600618557631,-5.02780653966324));
#5633=CARTESIAN_POINT('Ctrl Pts',(-0.409720771270527,11.6707481321887,-5.02610132241318));
#5634=CARTESIAN_POINT('Ctrl Pts',(-0.402829136066263,11.6820547594342,-5.02429711531137));
#5635=CARTESIAN_POINT('Ctrl Pts',(-0.395819628074384,11.6935389874582,-5.02255915894614));
#5636=CARTESIAN_POINT('Ctrl Pts',(-0.388721041612452,11.7051520620781,-5.02090216152636));
#5637=CARTESIAN_POINT('Ctrl Pts',(-0.381054737162972,11.7176939063041,-5.01911264374557));
#5638=CARTESIAN_POINT('Ctrl Pts',(-0.373284735392259,11.7303855772604,-5.01741802147465));
#5639=CARTESIAN_POINT('Ctrl Pts',(-0.365480410586418,11.743110801096,-5.01583847103064));
#5640=CARTESIAN_POINT('Ctrl Pts',(-0.356675449589423,11.7574675971467,-5.01405639757799));
#5641=CARTESIAN_POINT('Ctrl Pts',(-0.347827208491648,11.7718661981461,-5.01242155344981));
#5642=CARTESIAN_POINT('Ctrl Pts',(-0.339071603049662,11.7860824211605,-5.01095456100418));
#5643=CARTESIAN_POINT('Ctrl Pts',(-0.328047510615697,11.8039819208138,-5.00910748595862));
#5644=CARTESIAN_POINT('Ctrl Pts',(-0.317172127916142,11.8215886068201,-5.00752848720838));
#5645=CARTESIAN_POINT('Ctrl Pts',(-0.306755761646038,11.8384025450306,-5.00622099125325));
#5646=CARTESIAN_POINT('Ctrl Pts',(-0.298694670784816,11.8514146339046,-5.00520913707862));
#5647=CARTESIAN_POINT('Ctrl Pts',(-0.29091013400454,11.8639495944125,-5.00435880198168));
#5648=CARTESIAN_POINT('Ctrl Pts',(-0.283539303875084,11.8757924554327,-5.00365289851205));
#5649=CARTESIAN_POINT('Ctrl Pts',(-0.276983251824946,11.886326196125,-5.00302502623608));
#5650=CARTESIAN_POINT('Ctrl Pts',(-0.270755041962033,11.8963116669155,-5.00251098644736));
#5651=CARTESIAN_POINT('Ctrl Pts',(-0.264933201056092,11.9056292578773,-5.00209065032346));
#5652=CARTESIAN_POINT('Ctrl Pts',(-0.259523203761391,11.9142877119146,-5.00170004925245));
#5653=CARTESIAN_POINT('Ctrl Pts',(-0.254464436367243,11.9223690233356,-5.00139010641883));
#5654=CARTESIAN_POINT('Ctrl Pts',(-0.249797693877311,11.9298137568183,-5.00114179539105));
#5655=CARTESIAN_POINT('Ctrl Pts',(-0.245373027892673,11.9368723119188,-5.00090636492525));
#5656=CARTESIAN_POINT('Ctrl Pts',(-0.241300993717516,11.9433583295929,-5.00072618235827));
#5657=CARTESIAN_POINT('Ctrl Pts',(-0.237591830964408,11.9492601580116,-5.00058519356551));
#5658=CARTESIAN_POINT('Ctrl Pts',(-0.234033946545762,11.9549212801489,-5.00044995500567));
#5659=CARTESIAN_POINT('Ctrl Pts',(-0.230810103027235,11.9600446685343,-5.00035069669869));
#5660=CARTESIAN_POINT('Ctrl Pts',(-0.227903378077725,11.9646605876528,-5.00027506542519));
#5661=CARTESIAN_POINT('Ctrl Pts',(-0.225136005555599,11.9690552132038,-5.0002030600199));
#5662=CARTESIAN_POINT('Ctrl Pts',(-0.222656128989541,11.9729897852268,-5.00015245023912));
#5663=CARTESIAN_POINT('Ctrl Pts',(-0.220423654871346,11.9765299411335,-5.00011494123788));
#5664=CARTESIAN_POINT('Ctrl Pts',(-0.218242432045629,11.979988825072,-5.00007829333725));
#5665=CARTESIAN_POINT('Ctrl Pts',(-0.216297503438764,11.9830710033103,-5.00005415400343));
#5666=CARTESIAN_POINT('Ctrl Pts',(-0.214525119452388,11.9858785257846,-5.00003722148549));
#5667=CARTESIAN_POINT('Ctrl Pts',(-0.212807835203696,11.9885987682151,-5.00002081536437));
#5668=CARTESIAN_POINT('Ctrl Pts',(-0.211252585706155,11.9910610788861,-5.00001118957941));
#5669=CARTESIAN_POINT('Ctrl Pts',(-0.209775180658001,11.9933989749394,-5.00000568009934));
#5670=CARTESIAN_POINT('Ctrl Pts',(-0.208733908558057,11.9950467193653,-5.00000179702889));
#5671=CARTESIAN_POINT('Ctrl Pts',(-0.207730771953125,11.9966334907188,-5.));
#5672=CARTESIAN_POINT('Ctrl Pts',(-0.206727841393331,11.998219184512,-5.));
#5673=CARTESIAN_POINT('Ctrl Pts',(-0.72759646464998,9.97349504359574,-6.99999999829477));
#5674=CARTESIAN_POINT('Ctrl Pts',(-0.763655274213346,9.97086444502465,-6.93580854100155));
#5675=CARTESIAN_POINT('Ctrl Pts',(-0.79611828398337,9.97144540399766,-6.86974239244615));
#5676=CARTESIAN_POINT('Ctrl Pts',(-0.928504072630067,9.99100684290729,-6.56088979037669));
#5677=CARTESIAN_POINT('Ctrl Pts',(-0.979973511844297,10.0567320338875,-6.31892947341137));
#5678=CARTESIAN_POINT('Ctrl Pts',(-1.01138911309784,10.282955784553,-5.86264307575598));
#5679=CARTESIAN_POINT('Ctrl Pts',(-0.98053731863575,10.4534357727371,-5.65510980577731));
#5680=CARTESIAN_POINT('Ctrl Pts',(-0.863122424407044,10.8173428543657,-5.34800862426454));
#5681=CARTESIAN_POINT('Ctrl Pts',(-0.784341945136932,11.0013957870262,-5.24083025305706));
#5682=CARTESIAN_POINT('Ctrl Pts',(-0.691718964803311,11.186080663688,-5.16373741764336));
#5683=CARTESIAN_POINT('Origin',(0.,0.,-5.));
#5684=CARTESIAN_POINT('',(-0.206727841393328,-11.998219184512,-5.));
#5685=CARTESIAN_POINT('Origin',(0.,0.,-5.));
#5686=CARTESIAN_POINT('',(1.,-10.3102422312614,-5.));
#5687=CARTESIAN_POINT('Ctrl Pts',(1.,-10.3102422312614,-5.));
#5688=CARTESIAN_POINT('Ctrl Pts',(0.597757386202224,-10.8729012156783,-5.));
#5689=CARTESIAN_POINT('Ctrl Pts',(0.195514772404448,-11.4355602000952,-5.));
#5690=CARTESIAN_POINT('Ctrl Pts',(-0.206727841393328,-11.998219184512,-5.));
#5691=CARTESIAN_POINT('',(1.,-3.8213217608571,-5.));
#5692=CARTESIAN_POINT('',(1.,0.,-5.));
#5693=CARTESIAN_POINT('',(0.999999999999999,3.8213217608571,-5.));
#5694=CARTESIAN_POINT('Origin',(0.,0.,-5.));
#5695=CARTESIAN_POINT('',(1.,10.3102422312614,-5.));
#5696=CARTESIAN_POINT('',(1.,0.,-5.));
#5697=CARTESIAN_POINT('Ctrl Pts',(-0.206727841393331,11.998219184512,-5.));
#5698=CARTESIAN_POINT('Ctrl Pts',(0.195514772404446,11.4355602000952,-5.));
#5699=CARTESIAN_POINT('Ctrl Pts',(0.597757386202223,10.8729012156783,-5.));
#5700=CARTESIAN_POINT('Ctrl Pts',(1.,10.3102422312614,-5.));
#5701=CARTESIAN_POINT('Origin',(0.,0.,-5.));
#5702=CARTESIAN_POINT('Origin',(-25.,0.,0.));
#5703=CARTESIAN_POINT('',(-23.4,1.95943487863577E-16,-2.));
#5704=CARTESIAN_POINT('Origin',(-25.,0.,-2.));
#5705=CARTESIAN_POINT('',(-23.4,-1.95943487863577E-16,0.));
#5706=CARTESIAN_POINT('Origin',(-15.,0.,0.));
#5707=CARTESIAN_POINT('',(-13.4,1.95943487863577E-16,-2.));
#5708=CARTESIAN_POINT('Origin',(-15.,0.,-2.));
#5709=CARTESIAN_POINT('',(-13.4,-1.95943487863577E-16,0.));
#5710=CARTESIAN_POINT('Origin',(-25.,0.,0.));
#5711=CARTESIAN_POINT('',(-21.75,3.9801020972289E-16,0.));
#5712=CARTESIAN_POINT('Origin',(-25.,0.,0.));
#5713=CARTESIAN_POINT('',(-21.75,3.9801020972289E-16,-2.));
#5714=CARTESIAN_POINT('',(-21.75,-3.9801020972289E-16,0.));
#5715=CARTESIAN_POINT('Origin',(-25.,0.,-2.));
#5716=CARTESIAN_POINT('Origin',(-25.,0.,-2.));
#5717=CARTESIAN_POINT('Origin',(-15.,0.,0.));
#5718=CARTESIAN_POINT('',(-11.75,3.9801020972289E-16,0.));
#5719=CARTESIAN_POINT('Origin',(-15.,0.,0.));
#5720=CARTESIAN_POINT('',(-11.75,3.9801020972289E-16,-2.));
#5721=CARTESIAN_POINT('',(-11.75,-3.9801020972289E-16,0.));
#5722=CARTESIAN_POINT('Origin',(-15.,0.,-2.));
#5723=CARTESIAN_POINT('Origin',(-15.,0.,-2.));
#5724=CARTESIAN_POINT('Origin',(0.,0.,0.));
#5725=CARTESIAN_POINT('',(-39.,4.77612251667468E-15,0.));
#5726=CARTESIAN_POINT('Origin',(0.,0.,0.));
#5727=CARTESIAN_POINT('Ctrl Pts',(-0.692112648801867,-11.1852955177001,
-5.16406534510783));
#5728=CARTESIAN_POINT('Ctrl Pts',(-0.689055862948909,-11.1913931013849,
-5.16151716723287));
#5729=CARTESIAN_POINT('Ctrl Pts',(-0.682630805210168,-11.2041326349195,
-5.15623985867402));
#5730=CARTESIAN_POINT('Ctrl Pts',(-0.65772609881218,-11.2498990748361,-5.137930200517));
#5731=CARTESIAN_POINT('Ctrl Pts',(-0.595696268159799,-11.3589540767649,
-5.09802464620222));
#5732=CARTESIAN_POINT('Ctrl Pts',(-0.501596065201254,-11.5190730720379,
-5.05411469999393));
#5733=CARTESIAN_POINT('Ctrl Pts',(-0.420489244208106,-11.6528155498869,
-5.02727935915067));
#5734=CARTESIAN_POINT('Ctrl Pts',(-0.320082033476457,-11.8170169759627,
-5.00579223021183));
#5735=CARTESIAN_POINT('Ctrl Pts',(-0.248754451648575,-11.9314207802836,
-5.0007431887465));
#5736=CARTESIAN_POINT('Ctrl Pts',(-0.218793874419173,-11.9790518779592,
-5.00004420377271));
#5737=CARTESIAN_POINT('Ctrl Pts',(-0.210632506323975,-11.9920240153099,
-5.));
#5738=CARTESIAN_POINT('Ctrl Pts',(-0.206727841393328,-11.998219184512,-5.));
#5739=CARTESIAN_POINT('Ctrl Pts',(-0.170990310316136,-10.8461772633561,
-5.11215101334049));
#5740=CARTESIAN_POINT('Ctrl Pts',(-0.168509728533785,-10.8507096705795,
-5.11089042536811));
#5741=CARTESIAN_POINT('Ctrl Pts',(-0.164146379142622,-10.8587260397963,
-5.10834518900575));
#5742=CARTESIAN_POINT('Ctrl Pts',(-0.146482257101977,-10.8896026794424,
-5.09600627958161));
#5743=CARTESIAN_POINT('Ctrl Pts',(-0.0984186736367599,-10.9715163360738,
-5.06423264701815));
#5744=CARTESIAN_POINT('Ctrl Pts',(-0.0259332401918228,-11.0908359293789,
-5.03029317603826));
#5745=CARTESIAN_POINT('Ctrl Pts',(0.0316961426333826,-11.1809430220352,
-5.01276290902486));
#5746=CARTESIAN_POINT('Ctrl Pts',(0.109760930658349,-11.3040737652646,-4.99904392471831));
#5747=CARTESIAN_POINT('Ctrl Pts',(0.165914311392743,-11.3908905934671,-4.99846196549106));
#5748=CARTESIAN_POINT('Ctrl Pts',(0.187300481885693,-11.423134824994,-4.99969637114665));
#5749=CARTESIAN_POINT('Ctrl Pts',(0.192613211346412,-11.4310917535692,-5.));
#5750=CARTESIAN_POINT('Ctrl Pts',(0.195514772404448,-11.4355602000952,-5.));
#5751=CARTESIAN_POINT('Ctrl Pts',(0.350132028169596,-10.5070590090121,-5.06023668157314));
#5752=CARTESIAN_POINT('Ctrl Pts',(0.351827895499739,-10.5097662280099,-5.05986909724244));
#5753=CARTESIAN_POINT('Ctrl Pts',(0.356193543828668,-10.5168183579755,-5.0589686148205));
#5754=CARTESIAN_POINT('Ctrl Pts',(0.371192595367598,-10.540042313573,-5.05465288018156));
#5755=CARTESIAN_POINT('Ctrl Pts',(0.402869127124176,-10.5869386031016,-5.04359814045199));
#5756=CARTESIAN_POINT('Ctrl Pts',(0.450137518348234,-10.6561226523496,-5.0289869223864));
#5757=CARTESIAN_POINT('Ctrl Pts',(0.494753796856202,-10.7229723571355,-5.01855838402815));
#5758=CARTESIAN_POINT('Ctrl Pts',(0.542543947182218,-10.7924209214744,-5.00754491762809));
#5759=CARTESIAN_POINT('Ctrl Pts',(0.575368418781325,-10.8396305460835,-5.00156753345859));
#5760=CARTESIAN_POINT('Ctrl Pts',(0.591132803789474,-10.8630300277918,-5.00003258443895));
#5761=CARTESIAN_POINT('Ctrl Pts',(0.595858929016799,-10.8701594918284,-5.));
#5762=CARTESIAN_POINT('Ctrl Pts',(0.597757386202224,-10.8729012156783,-5.));
#5763=CARTESIAN_POINT('Ctrl Pts',(0.871254366655328,-10.167940754668,-5.00832234980581));
#5764=CARTESIAN_POINT('Ctrl Pts',(0.872170833764816,-10.1689296006696,-5.008203368463));
#5765=CARTESIAN_POINT('Ctrl Pts',(0.87409432577708,-10.1710064100483,-5.00795523508766));
#5766=CARTESIAN_POINT('Ctrl Pts',(0.881419276239798,-10.1789836618895,-5.00703680608095));
#5767=CARTESIAN_POINT('Ctrl Pts',(0.899316500558736,-10.1985536063782,-5.00496574582559));
#5768=CARTESIAN_POINT('Ctrl Pts',(0.92528947283884,-10.2269944042663,-5.00269683899659));
#5769=CARTESIAN_POINT('Ctrl Pts',(0.946527440946691,-10.2504458887605,-5.00134165594427));
#5770=CARTESIAN_POINT('Ctrl Pts',(0.972259568697791,-10.2791320697043,-5.00027408480721));
#5771=CARTESIAN_POINT('Ctrl Pts',(0.990001349786795,-10.2989779213654,-5.00003368600132));
#5772=CARTESIAN_POINT('Ctrl Pts',(0.997222677579766,-10.3070953833242,-5.00000177438641));
#5773=CARTESIAN_POINT('Ctrl Pts',(0.999104646687185,-10.3092272300876,-5.));
#5774=CARTESIAN_POINT('Ctrl Pts',(1.,-10.3102422312614,-5.));
#5775=CARTESIAN_POINT('',(-0.692112648801867,-11.1852955177001,-5.16406534510783));
#5776=CARTESIAN_POINT('Ctrl Pts',(-0.206727841393328,-11.9982191845121,
-5.));
#5777=CARTESIAN_POINT('Ctrl Pts',(-0.208136361190757,-11.9959844169649,
-5.));
#5778=CARTESIAN_POINT('Ctrl Pts',(-0.209546468540293,-11.9937456763162,
-5.00000348002674));
#5779=CARTESIAN_POINT('Ctrl Pts',(-0.211060377436973,-11.9913412774204,
-5.00001156487113));
#5780=CARTESIAN_POINT('Ctrl Pts',(-0.21261233574095,-11.9888764482351,-5.00001985291371));
#5781=CARTESIAN_POINT('Ctrl Pts',(-0.214273304358342,-11.986237648917,-5.00003297760024));
#5782=CARTESIAN_POINT('Ctrl Pts',(-0.216123888961867,-11.9832966593078,
-5.00005442496892));
#5783=CARTESIAN_POINT('Ctrl Pts',(-0.218027342208931,-11.9802716496915,
-5.00007648505927));
#5784=CARTESIAN_POINT('Ctrl Pts',(-0.220131316448363,-11.9769270757622,
-5.00010733526156));
#5785=CARTESIAN_POINT('Ctrl Pts',(-0.222493879387219,-11.9731694805376,
-5.00015331272777));
#5786=CARTESIAN_POINT('Ctrl Pts',(-0.224995744769828,-11.9691903283807,
-5.00020200113695));
#5787=CARTESIAN_POINT('Ctrl Pts',(-0.227787605888814,-11.9647479929169,
-5.00026764357955));
#5788=CARTESIAN_POINT('Ctrl Pts',(-0.230905967441141,-11.9597818289205,
-5.0003608300926));
#5789=CARTESIAN_POINT('Ctrl Pts',(-0.234147657522705,-11.9546192573904,
-5.00045770205245));
#5790=CARTESIAN_POINT('Ctrl Pts',(-0.237742023661076,-11.948890833539,-5.0005843927393));
#5791=CARTESIAN_POINT('Ctrl Pts',(-0.241697256461002,-11.9425794665994,
-5.00075570585573));
#5792=CARTESIAN_POINT('Ctrl Pts',(-0.245877611536086,-11.9359088719336,
-5.00093676969998));
#5793=CARTESIAN_POINT('Ctrl Pts',(-0.250460893380633,-11.9285873259709,
-5.00116781475347));
#5794=CARTESIAN_POINT('Ctrl Pts',(-0.255423407797563,-11.920647109311,-5.00146806960609));
#5795=CARTESIAN_POINT('Ctrl Pts',(-0.260775168193354,-11.9120840839001,
-5.00179187562334));
#5796=CARTESIAN_POINT('Ctrl Pts',(-0.266567699512336,-11.9028018737909,
-5.00219644781593));
#5797=CARTESIAN_POINT('Ctrl Pts',(-0.272737106131684,-11.8928960058959,
-5.00270463788175));
#5798=CARTESIAN_POINT('Ctrl Pts',(-0.27966370243387,-11.8817743612768,-5.00327519963069));
#5799=CARTESIAN_POINT('Ctrl Pts',(-0.287064831593527,-11.8698672223304,
-5.00397693218596));
#5800=CARTESIAN_POINT('Ctrl Pts',(-0.294814684115046,-11.8573694908986,
-5.00483373030554));
#5801=CARTESIAN_POINT('Ctrl Pts',(-0.304866867790982,-11.8411589254025,
-5.00594506655966));
#5802=CARTESIAN_POINT('Ctrl Pts',(-0.315503835067283,-11.8239571658385,
-5.00731938638397));
#5803=CARTESIAN_POINT('Ctrl Pts',(-0.326411546893753,-11.8062655411317,
-5.00897146903364));
#5804=CARTESIAN_POINT('Ctrl Pts',(-0.336138893633477,-11.7904883945907,
-5.01044477352055));
#5805=CARTESIAN_POINT('Ctrl Pts',(-0.34607871100288,-11.774326640813,-5.01213809329739));
#5806=CARTESIAN_POINT('Ctrl Pts',(-0.356021620722639,-11.7581235210154,
-5.01403083167293));
#5807=CARTESIAN_POINT('Ctrl Pts',(-0.363934450468821,-11.7452286510096,
-5.01553712278305));
#5808=CARTESIAN_POINT('Ctrl Pts',(-0.371849081305303,-11.7323081131585,
-5.01716884687238));
#5809=CARTESIAN_POINT('Ctrl Pts',(-0.379682393713993,-11.7195007539774,
-5.01890640968719));
#5810=CARTESIAN_POINT('Ctrl Pts',(-0.386849917951139,-11.7077819493957,
-5.02049628928587));
#5811=CARTESIAN_POINT('Ctrl Pts',(-0.393949180706401,-11.6961583103168,
-5.02217437893975));
#5812=CARTESIAN_POINT('Ctrl Pts',(-0.400939819398891,-11.6846981054969,
-5.02392461454105));
#5813=CARTESIAN_POINT('Ctrl Pts',(-0.407515735809579,-11.6739177816581,
-5.02557101675399));
#5814=CARTESIAN_POINT('Ctrl Pts',(-0.41399541608779,-11.663282343003,-5.0272809605926));
#5815=CARTESIAN_POINT('Ctrl Pts',(-0.420368911332827,-11.652808674962,-5.02904489371558));
#5816=CARTESIAN_POINT('Ctrl Pts',(-0.426451438832702,-11.6428131589328,
-5.03072829839637));
#5817=CARTESIAN_POINT('Ctrl Pts',(-0.432437167536625,-11.6329651736037,
-5.03246063731237));
#5818=CARTESIAN_POINT('Ctrl Pts',(-0.438341143435826,-11.6232385902818,
-5.03424096725774));
#5819=CARTESIAN_POINT('Ctrl Pts',(-0.444122652339713,-11.6137137668341,
-5.0359843675708));
#5820=CARTESIAN_POINT('Ctrl Pts',(-0.449825619229969,-11.6043056442968,
-5.03777354324595));
#5821=CARTESIAN_POINT('Ctrl Pts',(-0.455489259758981,-11.5949459450431,
-5.03961836769234));
#5822=CARTESIAN_POINT('Ctrl Pts',(-0.46141103529551,-11.5851596533839,-5.04154727476543));
#5823=CARTESIAN_POINT('Ctrl Pts',(-0.467293199790566,-11.5754205249013,
-5.04353797711895));
#5824=CARTESIAN_POINT('Ctrl Pts',(-0.473197717467437,-11.5656197759989,
-5.04561352588781));
#5825=CARTESIAN_POINT('Ctrl Pts',(-0.479167575927947,-11.5557105697002,
-5.04771204316831));
#5826=CARTESIAN_POINT('Ctrl Pts',(-0.48516048574525,-11.5457379526072,-5.04989763527757));
#5827=CARTESIAN_POINT('Ctrl Pts',(-0.49120742970381,-11.5356453977367,-5.05218743752036));
#5828=CARTESIAN_POINT('Ctrl Pts',(-0.497360333938819,-11.5253759915656,
-5.05451736384572));
#5829=CARTESIAN_POINT('Ctrl Pts',(-0.503568850883512,-11.5149829160346,
-5.05695532257441));
#5830=CARTESIAN_POINT('Ctrl Pts',(-0.509834777795326,-11.5044597351302,
-5.05950957673675));
#5831=CARTESIAN_POINT('Ctrl Pts',(-0.516471945702832,-11.4933130812406,
-5.06221516427271));
#5832=CARTESIAN_POINT('Ctrl Pts',(-0.523173293214937,-11.4820207917168,
-5.0650514499784));
#5833=CARTESIAN_POINT('Ctrl Pts',(-0.529910807878157,-11.4706281234788,
-5.06801447280092));
#5834=CARTESIAN_POINT('Ctrl Pts',(-0.537197599567861,-11.458306666029,-5.07121905656197));
#5835=CARTESIAN_POINT('Ctrl Pts',(-0.544526352544087,-11.4458683265531,
-5.07457215891748));
#5836=CARTESIAN_POINT('Ctrl Pts',(-0.55183180237429,-11.4334238689035,-5.07804896323978));
#5837=CARTESIAN_POINT('Ctrl Pts',(-0.560089901060871,-11.419356622976,-5.08197915150672));
#5838=CARTESIAN_POINT('Ctrl Pts',(-0.568317593620583,-11.4052825825165,
-5.08606779610066));
#5839=CARTESIAN_POINT('Ctrl Pts',(-0.576391415513134,-11.3914157726179,
-5.09024852739175));
#5840=CARTESIAN_POINT('Ctrl Pts',(-0.58656579530047,-11.373941249124,-5.09551695522067));
#5841=CARTESIAN_POINT('Ctrl Pts',(-0.596493492987602,-11.3567997655814,
-5.10093212838378));
#5842=CARTESIAN_POINT('Ctrl Pts',(-0.605906160990104,-11.340463448428,-5.10630368740539));
#5843=CARTESIAN_POINT('Ctrl Pts',(-0.613209283704581,-11.3277883887274,
-5.11047138509668));
#5844=CARTESIAN_POINT('Ctrl Pts',(-0.62020128183531,-11.3156001060692,-5.11461084111259));
#5845=CARTESIAN_POINT('Ctrl Pts',(-0.626769261105025,-11.3040994336734,
-5.11862117154299));
#5846=CARTESIAN_POINT('Ctrl Pts',(-0.632618140256281,-11.293857920989,-5.12219242794938));
#5847=CARTESIAN_POINT('Ctrl Pts',(-0.638130434113192,-11.2841623078309,
-5.12566056807147));
#5848=CARTESIAN_POINT('Ctrl Pts',(-0.643245226240955,-11.2751222721894,
-5.1289587213057));
#5849=CARTESIAN_POINT('Ctrl Pts',(-0.648000976521694,-11.2667168177807,
-5.13202535486144));
#5850=CARTESIAN_POINT('Ctrl Pts',(-0.652412875624679,-11.2588784780017,
-5.13494460530347));
#5851=CARTESIAN_POINT('Ctrl Pts',(-0.656452722721582,-11.2516595922217,
-5.13767428185319));
#5852=CARTESIAN_POINT('Ctrl Pts',(-0.660283732092132,-11.2448138828657,
-5.14026284923947));
#5853=CARTESIAN_POINT('Ctrl Pts',(-0.663780015240535,-11.2385254830423,
-5.14268066185173));
#5854=CARTESIAN_POINT('Ctrl Pts',(-0.666939312132126,-11.2328014678088,
-5.14490736863015));
#5855=CARTESIAN_POINT('Ctrl Pts',(-0.669969438447413,-11.2273114838715,
-5.14704303458281));
#5856=CARTESIAN_POINT('Ctrl Pts',(-0.67268945006556,-11.2223408765413,-5.14900272730633));
#5857=CARTESIAN_POINT('Ctrl Pts',(-0.675119861414335,-11.2178572115493,
-5.15078643679929));
#5858=CARTESIAN_POINT('Ctrl Pts',(-0.677432970327053,-11.2135899481251,
-5.15248405655734));
#5859=CARTESIAN_POINT('Ctrl Pts',(-0.679483715606965,-11.2097638255989,
-5.15402221704727));
#5860=CARTESIAN_POINT('Ctrl Pts',(-0.681311694953237,-11.2063133408427,
-5.15541903406507));
#5861=CARTESIAN_POINT('Ctrl Pts',(-0.683097059793279,-11.2029432950173,
-5.15678328798655));
#5862=CARTESIAN_POINT('Ctrl Pts',(-0.684669813828211,-11.1999317619993,
-5.15801263442945));
#5863=CARTESIAN_POINT('Ctrl Pts',(-0.686089522077448,-11.1971789434342,
-5.15914270547357));
#5864=CARTESIAN_POINT('Ctrl Pts',(-0.687464867300969,-11.1945121449094,
-5.16023746407175));
#5865=CARTESIAN_POINT('Ctrl Pts',(-0.688696529263702,-11.1920882334702,
-5.16123903025247));
#5866=CARTESIAN_POINT('Ctrl Pts',(-0.689861318470769,-11.1897777700946,
-5.16219827341464));
#5867=CARTESIAN_POINT('Ctrl Pts',(-0.690631157233396,-11.1882507261836,
-5.16283226157708));
#5868=CARTESIAN_POINT('Ctrl Pts',(-0.691372246850459,-11.186772449051,-5.16344813606476));
#5869=CARTESIAN_POINT('Ctrl Pts',(-0.692112648801867,-11.1852955177001,
-5.16406534510783));
#5870=CARTESIAN_POINT('',(0.871254366655328,-10.167940754668,-5.00832234980581));
#5871=CARTESIAN_POINT('Ctrl Pts',(0.871254366655331,-10.167940754668,-5.00832234980581));
#5872=CARTESIAN_POINT('Ctrl Pts',(0.350132028169598,-10.5070590090121,-5.06023668157314));
#5873=CARTESIAN_POINT('Ctrl Pts',(-0.170990310316135,-10.8461772633561,
-5.11215101334049));
#5874=CARTESIAN_POINT('Ctrl Pts',(-0.692112648801868,-11.1852955177001,
-5.16406534510782));
#5875=CARTESIAN_POINT('Ctrl Pts',(0.871254366655328,-10.167940754668,-5.00832234980581));
#5876=CARTESIAN_POINT('Ctrl Pts',(0.87175566475715,-10.1684816432809,-5.00825726823257));
#5877=CARTESIAN_POINT('Ctrl Pts',(0.872260101023748,-10.1690259310309,-5.00819211848504));
#5878=CARTESIAN_POINT('Ctrl Pts',(0.872851604501271,-10.1696659064891,-5.00811629435599));
#5879=CARTESIAN_POINT('Ctrl Pts',(0.873467810596817,-10.1703326088726,-5.00803730362764));
#5880=CARTESIAN_POINT('Ctrl Pts',(0.874178348872038,-10.1711029833535,-5.007946742919));
#5881=CARTESIAN_POINT('Ctrl Pts',(0.875039175692335,-10.1720385257083,-5.00783832346318));
#5882=CARTESIAN_POINT('Ctrl Pts',(0.875945237159969,-10.1730232288553,-5.00772420679193));
#5883=CARTESIAN_POINT('Ctrl Pts',(0.877017593525042,-10.1741906896086,-5.00759033137195));
#5884=CARTESIAN_POINT('Ctrl Pts',(0.878281970134742,-10.1755691223388,-5.00743528109965));
#5885=CARTESIAN_POINT('Ctrl Pts',(0.879635855121476,-10.1770451377636,-5.00726925443146));
#5886=CARTESIAN_POINT('Ctrl Pts',(0.881209629869218,-10.1787627384207,-5.00707901757169));
#5887=CARTESIAN_POINT('Ctrl Pts',(0.882994334583095,-10.1807120029412,-5.00686875275201));
#5888=CARTESIAN_POINT('Ctrl Pts',(0.884982226717895,-10.1828831899051,-5.00663454942526));
#5889=CARTESIAN_POINT('Ctrl Pts',(0.887231376026875,-10.1853412972447,-5.00637565608528));
#5890=CARTESIAN_POINT('Ctrl Pts',(0.889685993792528,-10.1880251034672,-5.00610321459698));
#5891=CARTESIAN_POINT('Ctrl Pts',(0.893111507166126,-10.1917704581355,-5.0057230120356));
#5892=CARTESIAN_POINT('Ctrl Pts',(0.896936129952016,-10.1959541212292,-5.00531715201685));
#5893=CARTESIAN_POINT('Ctrl Pts',(0.900932513500148,-10.2003278636956,-5.00491928311388));
#5894=CARTESIAN_POINT('Ctrl Pts',(0.904153335464994,-10.2038528120983,-5.00459862697905));
#5895=CARTESIAN_POINT('Ctrl Pts',(0.907482308051047,-10.2074975184876,-5.00428337643933));
#5896=CARTESIAN_POINT('Ctrl Pts',(0.910803347838133,-10.2111360868866,-5.00398596533828));
#5897=CARTESIAN_POINT('Ctrl Pts',(0.91359456392314,-10.2141941745016,-5.00373600186229));
#5898=CARTESIAN_POINT('Ctrl Pts',(0.916379498305629,-10.2172472055522,-5.00349855672422));
#5899=CARTESIAN_POINT('Ctrl Pts',(0.919111820771293,-10.2202454896668,-5.00327681753605));
#5900=CARTESIAN_POINT('Ctrl Pts',(0.921613989553269,-10.2229912171588,-5.00307375626442));
#5901=CARTESIAN_POINT('Ctrl Pts',(0.924071670494916,-10.2256906417957,-5.00288380632717));
#5902=CARTESIAN_POINT('Ctrl Pts',(0.92647655560902,-10.2283355596303,-5.00270651103856));
#5903=CARTESIAN_POINT('Ctrl Pts',(0.92883088132993,-10.2309248717148,-5.0025329431389));
#5904=CARTESIAN_POINT('Ctrl Pts',(0.931134093185044,-10.2334613882676,-5.00237146169508));
#5905=CARTESIAN_POINT('Ctrl Pts',(0.933412348078299,-10.2359745622082,-5.00221942060814));
#5906=CARTESIAN_POINT('Ctrl Pts',(0.935807338245447,-10.2386165084162,-5.0020595891032));
#5907=CARTESIAN_POINT('Ctrl Pts',(0.938178907636023,-10.241237270966,-5.00190983606911));
#5908=CARTESIAN_POINT('Ctrl Pts',(0.940587692232296,-10.2439038390089,-5.00176647136769));
#5909=CARTESIAN_POINT('Ctrl Pts',(0.942903926049742,-10.2464679516685,-5.00162861505203));
#5910=CARTESIAN_POINT('Ctrl Pts',(0.94525468990044,-10.2490745307412,-5.00149675530081));
#5911=CARTESIAN_POINT('Ctrl Pts',(0.947655277196634,-10.2517399464705,-5.00137092471997));
#5912=CARTESIAN_POINT('Ctrl Pts',(0.95024172671333,-10.2546117284032,-5.00123535187682));
#5913=CARTESIAN_POINT('Ctrl Pts',(0.952885678223853,-10.2575514290163,-5.00110689461845));
#5914=CARTESIAN_POINT('Ctrl Pts',(0.955565433549738,-10.2605340241518,-5.00098770312654));
#5915=CARTESIAN_POINT('Ctrl Pts',(0.958646857429645,-10.2639636805035,-5.00085064602066));
#5916=CARTESIAN_POINT('Ctrl Pts',(0.961775106485791,-10.267449468464,-5.0007260362734));
#5917=CARTESIAN_POINT('Ctrl Pts',(0.964871107598663,-10.2709021431165,-5.00061721001477));
#5918=CARTESIAN_POINT('Ctrl Pts',(0.969511379026997,-10.2760769951134,-5.000454101747));
#5919=CARTESIAN_POINT('Ctrl Pts',(0.974075297982663,-10.2811730573548,-5.00032750633719));
#5920=CARTESIAN_POINT('Ctrl Pts',(0.978219765213826,-10.2858051042865,-5.00023721744973));
#5921=CARTESIAN_POINT('Ctrl Pts',(0.980974307386598,-10.2888837071341,-5.00017720863934));
#5922=CARTESIAN_POINT('Ctrl Pts',(0.983541550744621,-10.2917551196835,-5.00013280799315));
#5923=CARTESIAN_POINT('Ctrl Pts',(0.985839624803321,-10.2943274661121,-5.0001002631392));
#5924=CARTESIAN_POINT('Ctrl Pts',(0.98785835737186,-10.2965871319803,-5.0000716742622));
#5925=CARTESIAN_POINT('Ctrl Pts',(0.989668882441556,-10.2986154646848,-5.00005212552159));
#5926=CARTESIAN_POINT('Ctrl Pts',(0.991244786475072,-10.3003826794007,-5.00003832761644));
#5927=CARTESIAN_POINT('Ctrl Pts',(0.992663913245364,-10.3019740844981,-5.00002590238231));
#5928=CARTESIAN_POINT('Ctrl Pts',(0.993892647230392,-10.3033535945134,-5.00001810088184));
#5929=CARTESIAN_POINT('Ctrl Pts',(0.994940642311678,-10.3045317777149,-5.00001279863201));
#5930=CARTESIAN_POINT('Ctrl Pts',(0.995945530220587,-10.3056614987172,-5.00000771447957));
#5931=CARTESIAN_POINT('Ctrl Pts',(0.996783976424322,-10.3066058178984,-5.00000491817346));
#5932=CARTESIAN_POINT('Ctrl Pts',(0.997495651728328,-10.3074088469331,-5.00000313588505));
#5933=CARTESIAN_POINT('Ctrl Pts',(0.99817294497638,-10.308173080482,-5.00000143970156));
#5934=CARTESIAN_POINT('Ctrl Pts',(0.998735300479264,-10.3088092121463,-5.00000066812473));
#5935=CARTESIAN_POINT('Ctrl Pts',(0.999248346017495,-10.3093903640464,-5.00000028249189));
#5936=CARTESIAN_POINT('Ctrl Pts',(0.99950697272024,-10.3096833232255,-5.00000008809405));
#5937=CARTESIAN_POINT('Ctrl Pts',(0.999753587882822,-10.3099628905982,-5.));
#5938=CARTESIAN_POINT('Ctrl Pts',(1.,-10.3102422312614,-5.));
#5939=CARTESIAN_POINT('Ctrl Pts',(0.871840691237804,10.1685734498362,-5.00824640581564));
#5940=CARTESIAN_POINT('Ctrl Pts',(0.872752878764219,10.1695578806341,-5.00812852842802));
#5941=CARTESIAN_POINT('Ctrl Pts',(0.874667401799575,10.171625425524,-5.00788269486547));
#5942=CARTESIAN_POINT('Ctrl Pts',(0.881958772583703,10.1795673819994,-5.00697270157869));
#5943=CARTESIAN_POINT('Ctrl Pts',(0.899774546881854,10.1990510882073,-5.00492056639889));
#5944=CARTESIAN_POINT('Ctrl Pts',(0.925629051021323,10.227366397431,-5.00267235533902));
#5945=CARTESIAN_POINT('Ctrl Pts',(0.946770192115189,10.2507136840437,-5.00132949622827));
#5946=CARTESIAN_POINT('Ctrl Pts',(0.972385651239124,10.2792719365576,-5.00027159676118));
#5947=CARTESIAN_POINT('Ctrl Pts',(0.990046981125156,10.2990290129628,-5.00003337856774));
#5948=CARTESIAN_POINT('Ctrl Pts',(0.997235434373516,10.3071098298332,-5.00000175812183));
#5949=CARTESIAN_POINT('Ctrl Pts',(0.999108761679138,10.3092318949742,-5.));
#5950=CARTESIAN_POINT('Ctrl Pts',(1.,10.3102422312614,-5.));
#5951=CARTESIAN_POINT('Ctrl Pts',(0.350654139224099,10.5077425211201,-5.06007674309155));
#5952=CARTESIAN_POINT('Ctrl Pts',(0.352349198683756,10.5104499208589,-5.05971118734504));
#5953=CARTESIAN_POINT('Ctrl Pts',(0.356671511257781,10.5174998951355,-5.05850494869173));
#5954=CARTESIAN_POINT('Ctrl Pts',(0.371691099150015,10.5406955537792,-5.05411947632866));
#5955=CARTESIAN_POINT('Ctrl Pts',(0.40373207825963,10.587502798005,-5.04530459336642));
#5956=CARTESIAN_POINT('Ctrl Pts',(0.451125905544185,10.6565459249313,-5.03272093843665));
#5957=CARTESIAN_POINT('Ctrl Pts',(0.495425074935002,10.7232703165304,-5.02044361591967));
#5958=CARTESIAN_POINT('Ctrl Pts',(0.542971557515994,10.7925705508308,-5.00948180159949));
#5959=CARTESIAN_POINT('Ctrl Pts',(0.57551533272366,10.8396803243602,-5.00320802902826));
#5960=CARTESIAN_POINT('Ctrl Pts',(0.591150311653394,10.8630410519639,-5.00049241245367));
#5961=CARTESIAN_POINT('Ctrl Pts',(0.595857019304019,10.8701624643811,-5.));
#5962=CARTESIAN_POINT('Ctrl Pts',(0.597757386202223,10.8729012156783,-5.));
#5963=CARTESIAN_POINT('Ctrl Pts',(-0.170532412789606,10.8469115924041,-5.11190708036746));
#5964=CARTESIAN_POINT('Ctrl Pts',(-0.168048932830139,10.8514492438258,-5.11064760023113));
#5965=CARTESIAN_POINT('Ctrl Pts',(-0.163704270996133,10.8599981690411,-5.10962634644432));
#5966=CARTESIAN_POINT('Ctrl Pts',(-0.145932761516381,10.8907181685607,-5.10294199700684));
#5967=CARTESIAN_POINT('Ctrl Pts',(-0.0973683035220207,10.9672895522253,
-5.07785771831639));
#5968=CARTESIAN_POINT('Ctrl Pts',(-0.0246542800324501,11.081111117725,-5.04764670566121));
#5969=CARTESIAN_POINT('Ctrl Pts',(0.0326769879869918,11.1720951654684,-5.03506223433583));
#5970=CARTESIAN_POINT('Ctrl Pts',(0.11035644746132,11.2959400962216,-5.01153775467504));
#5971=CARTESIAN_POINT('Ctrl Pts',(0.16609260490414,11.3872556583212,-4.9995172133979));
#5972=CARTESIAN_POINT('Ctrl Pts',(0.187311920031452,11.4225323483754,-4.99904847968022));
#5973=CARTESIAN_POINT('Ctrl Pts',(0.1926052769289,11.4310930337881,-5.));
#5974=CARTESIAN_POINT('Ctrl Pts',(0.195514772404446,11.4355602000952,-5.));
#5975=CARTESIAN_POINT('Ctrl Pts',(-0.691718964803311,11.186080663688,-5.16373741764336));
#5976=CARTESIAN_POINT('Ctrl Pts',(-0.688656062737061,11.1921879136199,-5.16118807401362));
#5977=CARTESIAN_POINT('Ctrl Pts',(-0.682219502765763,11.2049460856385,-5.15590918117459));
#5978=CARTESIAN_POINT('Ctrl Pts',(-0.657323383251894,11.2507217134766,-5.13761739331105));
#5979=CARTESIAN_POINT('Ctrl Pts',(-0.595387707562623,11.3597152923526,-5.0977838430217));
#5980=CARTESIAN_POINT('Ctrl Pts',(-0.501462504772137,11.519709335708,-5.05396568878772));
#5981=CARTESIAN_POINT('Ctrl Pts',(-0.420477115238766,11.6533273157884,-5.02719638938187));
#5982=CARTESIAN_POINT('Ctrl Pts',(-0.320147831430676,11.8172663667428,-5.00577743499587));
#5983=CARTESIAN_POINT('Ctrl Pts',(-0.248831253138149,11.9314747783765,-5.00074234381079));
#5984=CARTESIAN_POINT('Ctrl Pts',(-0.218835310557044,11.9790521147039,-5.00004420495601));
#5985=CARTESIAN_POINT('Ctrl Pts',(-0.210646465446219,11.992023603195,-5.));
#5986=CARTESIAN_POINT('Ctrl Pts',(-0.206727841393331,11.998219184512,-5.));
#5987=CARTESIAN_POINT('',(0.871840691237804,10.1685734498362,-5.00824640581564));
#5988=CARTESIAN_POINT('Ctrl Pts',(1.,10.3102422312614,-5.));
#5989=CARTESIAN_POINT('Ctrl Pts',(0.999511955133696,10.3096889679797,-5.));
#5990=CARTESIAN_POINT('Ctrl Pts',(0.999020831984417,10.3091322673577,-5.00000031252409));
#5991=CARTESIAN_POINT('Ctrl Pts',(0.998443145991901,10.3084790619585,-5.00000121189794));
#5992=CARTESIAN_POINT('Ctrl Pts',(0.997841303569104,10.3077985422209,-5.00000214887986));
#5993=CARTESIAN_POINT('Ctrl Pts',(0.997145665836721,10.3070134546719,-5.00000371657619));
#5994=CARTESIAN_POINT('Ctrl Pts',(0.996300636151014,10.3060618948944,-5.00000684266985));
#5995=CARTESIAN_POINT('Ctrl Pts',(0.99541113079493,10.3050602525462,-5.00001013329633));
#5996=CARTESIAN_POINT('Ctrl Pts',(0.994356297387534,10.3038743803534,-5.00001515000031));
#5997=CARTESIAN_POINT('Ctrl Pts',(0.993110691332126,10.3024760760247,-5.00002373156855));
#5998=CARTESIAN_POINT('Ctrl Pts',(0.991776717517562,10.3009785709739,-5.00003292194402));
#5999=CARTESIAN_POINT('Ctrl Pts',(0.990224227283742,10.299237741043,-5.00004623162609));
#6000=CARTESIAN_POINT('Ctrl Pts',(0.98846235211932,10.2972640439911,-5.00006656087448));
#6001=CARTESIAN_POINT('Ctrl Pts',(0.986498885091578,10.2950645186432,-5.00008921617363));
#6002=CARTESIAN_POINT('Ctrl Pts',(0.984275826178969,10.2925762891011,-5.00012068621479));
#6003=CARTESIAN_POINT('Ctrl Pts',(0.981848927578271,10.289861984094,-5.00016474428537));
#6004=CARTESIAN_POINT('Ctrl Pts',(0.978441469568775,10.2860509965505,-5.00022660349342));
#6005=CARTESIAN_POINT('Ctrl Pts',(0.974633329715299,10.2817956010187,-5.00031385994686));
#6006=CARTESIAN_POINT('Ctrl Pts',(0.970654268387391,10.2773536088883,-5.00043067872402));
#6007=CARTESIAN_POINT('Ctrl Pts',(0.967481183661054,10.2738113620561,-5.00052383533736));
#6008=CARTESIAN_POINT('Ctrl Pts',(0.964202740785347,10.2701541762706,-5.00063556441134));
#6009=CARTESIAN_POINT('Ctrl Pts',(0.960931269285863,10.2665084059993,-5.00076347430632));
#6010=CARTESIAN_POINT('Ctrl Pts',(0.958175770959168,10.263437642924,-5.00087121038215));
#6011=CARTESIAN_POINT('Ctrl Pts',(0.95542586122896,10.2603757014443,-5.00099026391982));
#6012=CARTESIAN_POINT('Ctrl Pts',(0.952725805497221,10.25737275644,-5.00111804975057));
#6013=CARTESIAN_POINT('Ctrl Pts',(0.950251961596029,10.2546213994598,-5.00123512962945));
#6014=CARTESIAN_POINT('Ctrl Pts',(0.947820315774501,10.2519199607851,-5.00135943690216));
#6015=CARTESIAN_POINT('Ctrl Pts',(0.945437720585387,10.2492767781026,-5.00148963066722));
#6016=CARTESIAN_POINT('Ctrl Pts',(0.94309379825408,10.246676497978,-5.00161771120508));
#6017=CARTESIAN_POINT('Ctrl Pts',(0.940797879880066,10.2441331987046,-5.00175138022151));
#6018=CARTESIAN_POINT('Ctrl Pts',(0.938522298462492,10.2416166762625,-5.00189154286036));
#6019=CARTESIAN_POINT('Ctrl Pts',(0.936163655080712,10.2390082971654,-5.00203682163525));
#6020=CARTESIAN_POINT('Ctrl Pts',(0.933822475893155,10.2364238553761,-5.0021892784343));
#6021=CARTESIAN_POINT('Ctrl Pts',(0.931440465728432,10.2337987182704,-5.002352973111));
#6022=CARTESIAN_POINT('Ctrl Pts',(0.929124520966037,10.2312463897284,-5.00251212769176));
#6023=CARTESIAN_POINT('Ctrl Pts',(0.926769945195527,10.2286555385708,-5.00268200261465));
#6024=CARTESIAN_POINT('Ctrl Pts',(0.924362563112931,10.2260097849999,-5.00286461393592));
#6025=CARTESIAN_POINT('Ctrl Pts',(0.921767710636859,10.2231579983001,-5.00306144577354));
#6026=CARTESIAN_POINT('Ctrl Pts',(0.919111862490111,10.2202428046995,-5.0032731494235));
#6027=CARTESIAN_POINT('Ctrl Pts',(0.916418460363077,10.2172888205182,-5.00349905858955));
#6028=CARTESIAN_POINT('Ctrl Pts',(0.913314216255804,10.2138842460969,-5.00375942713624));
#6029=CARTESIAN_POINT('Ctrl Pts',(0.910160638163753,10.2104287245123,-5.00403879971088));
#6030=CARTESIAN_POINT('Ctrl Pts',(0.907039976889231,10.2070110084069,-5.00433015808289));
#6031=CARTESIAN_POINT('Ctrl Pts',(0.902397593137178,10.2019267175078,-5.00476359101689));
#6032=CARTESIAN_POINT('Ctrl Pts',(0.897832285702764,10.1969305622585,-5.00522407720025));
#6033=CARTESIAN_POINT('Ctrl Pts',(0.893687167060306,10.1923962341657,-5.00566726818819));
#6034=CARTESIAN_POINT('Ctrl Pts',(0.890927335671338,10.1893772660545,-5.00596234596649));
#6035=CARTESIAN_POINT('Ctrl Pts',(0.888355656346608,10.1865651636696,-5.00624907034691));
#6036=CARTESIAN_POINT('Ctrl Pts',(0.886053497010159,10.18404906902,-5.00651311309289));
#6037=CARTESIAN_POINT('Ctrl Pts',(0.884035747009182,10.1818438133276,-5.00674453593253));
#6038=CARTESIAN_POINT('Ctrl Pts',(0.882225495165883,10.179866466596,-5.00695836486175));
#6039=CARTESIAN_POINT('Ctrl Pts',(0.88064842008169,10.1781452908714,-5.00714794638325));
#6040=CARTESIAN_POINT('Ctrl Pts',(0.879222542053634,10.1765891273934,-5.00731935237954));
#6041=CARTESIAN_POINT('Ctrl Pts',(0.877987416252011,10.1752425348912,-5.00747087779366));
#6042=CARTESIAN_POINT('Ctrl Pts',(0.876932939622622,10.174094476337,-5.00760164316436));
#6043=CARTESIAN_POINT('Ctrl Pts',(0.875921778219999,10.1729935771179,-5.00772703702514));
#6044=CARTESIAN_POINT('Ctrl Pts',(0.875076994110035,10.1720755297837,-5.00783329662954));
#6045=CARTESIAN_POINT('Ctrl Pts',(0.874358387733913,10.1712961755352,-5.00792430466865));
#6046=CARTESIAN_POINT('Ctrl Pts',(0.87367436393995,10.1705543273307,-5.00801093299017));
#6047=CARTESIAN_POINT('Ctrl Pts',(0.873104787000494,10.169938277753,-5.00808373275112));
#6048=CARTESIAN_POINT('Ctrl Pts',(0.872583414611362,10.1693751926154,-5.00815071015406));
#6049=CARTESIAN_POINT('Ctrl Pts',(0.872328423935395,10.169099801239,-5.00818346718839));
#6050=CARTESIAN_POINT('Ctrl Pts',(0.872084461557492,10.1688365262359,-5.00821490460823));
#6051=CARTESIAN_POINT('Ctrl Pts',(0.871840691237804,10.1685734498362,-5.00824640581564));
#6052=CARTESIAN_POINT('Ctrl Pts',(-0.691718964803311,11.186080663688,-5.16373741764336));
#6053=CARTESIAN_POINT('Ctrl Pts',(-0.170532412789606,10.8469115924041,-5.11190708036746));
#6054=CARTESIAN_POINT('Ctrl Pts',(0.350654139224099,10.5077425211201,-5.06007674309155));
#6055=CARTESIAN_POINT('Ctrl Pts',(0.871840691237804,10.1685734498362,-5.00824640581564));
#6056=CARTESIAN_POINT('Ctrl Pts',(-0.691718964803311,11.186080663688,-5.16373741764336));
#6057=CARTESIAN_POINT('Ctrl Pts',(-0.784341945136932,11.0013957870262,-5.24083025305706));
#6058=CARTESIAN_POINT('Ctrl Pts',(-0.863122424407044,10.8173428543657,-5.34800862426454));
#6059=CARTESIAN_POINT('Ctrl Pts',(-0.98053731863575,10.4534357727371,-5.65510980577731));
#6060=CARTESIAN_POINT('Ctrl Pts',(-1.01138911309784,10.282955784553,-5.86264307575598));
#6061=CARTESIAN_POINT('Ctrl Pts',(-0.979973511844297,10.0567320338875,-6.31892947341137));
#6062=CARTESIAN_POINT('Ctrl Pts',(-0.928504072630067,9.99100684290729,-6.56088979037669));
#6063=CARTESIAN_POINT('Ctrl Pts',(-0.79611828398337,9.97144540399766,-6.86974239244615));
#6064=CARTESIAN_POINT('Ctrl Pts',(-0.763655274213346,9.97086444502465,-6.93580854100155));
#6065=CARTESIAN_POINT('Ctrl Pts',(-0.72759646464998,9.97349504359574,-6.99999999829477));
#6066=CARTESIAN_POINT('Ctrl Pts',(-0.170532412789606,10.8469115924041,-5.11190708036746));
#6067=CARTESIAN_POINT('Ctrl Pts',(-0.278179482508639,10.6741202765369,-5.16922018921982));
#6068=CARTESIAN_POINT('Ctrl Pts',(-0.378676835426106,10.5036463088505,-5.25661641376971));
#6069=CARTESIAN_POINT('Ctrl Pts',(-0.553034298053576,10.1661966166897,-5.52365363135258));
#6070=CARTESIAN_POINT('Ctrl Pts',(-0.619274542516861,10.0077935640816,-5.71238355013619));
#6071=CARTESIAN_POINT('Ctrl Pts',(-0.650088788596774,9.78904225420268,-6.13589485790997));
#6072=CARTESIAN_POINT('Ctrl Pts',(-0.625139859115871,9.72011656372982,-6.36280352289758));
#6073=CARTESIAN_POINT('Ctrl Pts',(-0.523858738981559,9.68410818618439,-6.64923632826878));
#6074=CARTESIAN_POINT('Ctrl Pts',(-0.498202588675536,9.67938284324252,-6.71031961227309));
#6075=CARTESIAN_POINT('Ctrl Pts',(-0.468829209985308,9.67725860192218,-6.76942765710408));
#6076=CARTESIAN_POINT('Ctrl Pts',(0.350654139224099,10.5077425211201,-5.06007674309155));
#6077=CARTESIAN_POINT('Ctrl Pts',(0.227769115229368,10.3470177446029,-5.09767776795363));
#6078=CARTESIAN_POINT('Ctrl Pts',(0.10572528254467,10.1899641292779,-5.16513236386771));
#6079=CARTESIAN_POINT('Ctrl Pts',(-0.125469306240588,9.87895042200476,-5.39230049561429));
#6080=CARTESIAN_POINT('Ctrl Pts',(-0.227249354595919,9.73269482764432,-5.56224034909797));
#6081=CARTESIAN_POINT('Ctrl Pts',(-0.320056505255514,9.52126659641171,-5.95274619690855));
#6082=CARTESIAN_POINT('Ctrl Pts',(-0.321191329173164,9.44896106770865,-6.1646877819287));
#6083=CARTESIAN_POINT('Ctrl Pts',(-0.251752397362881,9.39683870258639,-6.42873425212556));
#6084=CARTESIAN_POINT('Ctrl Pts',(-0.232610374708236,9.38783617505492,-6.48482214576847));
#6085=CARTESIAN_POINT('Ctrl Pts',(-0.210061955320636,9.38102216024862,-6.53885531591339));
#6086=CARTESIAN_POINT('Ctrl Pts',(0.871840691237804,10.1685734498362,-5.00824640581564));
#6087=CARTESIAN_POINT('Ctrl Pts',(0.733931577857661,10.0197422341136,-5.0260677041164));
#6088=CARTESIAN_POINT('Ctrl Pts',(0.590170871525608,9.87626758376264,-5.07374015337288));
#6089=CARTESIAN_POINT('Ctrl Pts',(0.302033714341586,9.59171126595735,-5.26084432118957));
#6090=CARTESIAN_POINT('Ctrl Pts',(0.164865215985064,9.4575326071729,-5.41198082347818));
#6091=CARTESIAN_POINT('Ctrl Pts',(0.00982821799200792,9.2535768167269,-5.76971158140715));
#6092=CARTESIAN_POINT('Ctrl Pts',(-0.0178271156589684,9.17807078853118,
-5.9666015144496));
#6093=CARTESIAN_POINT('Ctrl Pts',(0.0205071476389306,9.10950148477311,-6.20822818794819));
#6094=CARTESIAN_POINT('Ctrl Pts',(0.032842310829573,9.09635457327279,-6.25933321704002));
#6095=CARTESIAN_POINT('Ctrl Pts',(0.0487052993440351,9.08478571857507,-6.3082829747227));
#6096=CARTESIAN_POINT('',(0.048705299342083,9.08478571857649,-6.30828297471668));
#6097=CARTESIAN_POINT('Ctrl Pts',(0.871840691237804,10.1685734498362,-5.00824640581564));
#6098=CARTESIAN_POINT('Ctrl Pts',(0.733931577857661,10.0197422341136,-5.0260677041164));
#6099=CARTESIAN_POINT('Ctrl Pts',(0.590170871525608,9.87626758376264,-5.07374015337288));
#6100=CARTESIAN_POINT('Ctrl Pts',(0.302033714341586,9.59171126595735,-5.26084432118957));
#6101=CARTESIAN_POINT('Ctrl Pts',(0.164865215985064,9.4575326071729,-5.41198082347818));
#6102=CARTESIAN_POINT('Ctrl Pts',(0.00982821799200792,9.2535768167269,-5.76971158140715));
#6103=CARTESIAN_POINT('Ctrl Pts',(-0.0178271156589684,9.17807078853118,
-5.9666015144496));
#6104=CARTESIAN_POINT('Ctrl Pts',(0.0205071476389306,9.10950148477311,-6.20822818794819));
#6105=CARTESIAN_POINT('Ctrl Pts',(0.032842310829573,9.09635457327279,-6.25933321704002));
#6106=CARTESIAN_POINT('Ctrl Pts',(0.0487052993440351,9.08478571857507,-6.3082829747227));
#6107=CARTESIAN_POINT('',(0.048705299342083,9.08478571857649,-6.30828297471668));
#6108=CARTESIAN_POINT('Ctrl Pts',(-0.727596464654416,9.97349504359542,-6.99999999828687));
#6109=CARTESIAN_POINT('Ctrl Pts',(-0.637781385882521,9.98004732376415,-7.15988771682282));
#6110=CARTESIAN_POINT('Ctrl Pts',(-0.5267119014475,9.98694875552629,-7.30351746627354));
#6111=CARTESIAN_POINT('Ctrl Pts',(-0.218501266645792,9.999229609335,-7.60600210933356));
#6112=CARTESIAN_POINT('Ctrl Pts',(-0.0092554828921629,10.0026394904234,
-7.744490264041));
#6113=CARTESIAN_POINT('Ctrl Pts',(0.358006196988877,9.99453605377856,-7.89990812537781));
#6114=CARTESIAN_POINT('Ctrl Pts',(0.501484846109079,9.98849886120771,-7.94245521579495));
#6115=CARTESIAN_POINT('Ctrl Pts',(0.764456180177673,9.9714193754112,-7.98955227884968));
#6116=CARTESIAN_POINT('Ctrl Pts',(0.882392006962796,9.96169441910411,-8.));
#6117=CARTESIAN_POINT('Ctrl Pts',(1.,9.9498743710662,-8.));
#6118=CARTESIAN_POINT('Ctrl Pts',(-0.468829209988917,9.67725860192244,-6.76942765709681));
#6119=CARTESIAN_POINT('Ctrl Pts',(-0.395763064843401,9.67203003951114,-6.91678232795499));
#6120=CARTESIAN_POINT('Ctrl Pts',(-0.301436427425986,9.67024407490446,-7.04830501180914));
#6121=CARTESIAN_POINT('Ctrl Pts',(-0.0389365344448773,9.66745633802256,
-7.32066934800364));
#6122=CARTESIAN_POINT('Ctrl Pts',(0.138474934511483,9.66663305214403,-7.44089652604567));
#6123=CARTESIAN_POINT('Ctrl Pts',(0.442453049661826,9.65639820918306,-7.57473215287478));
#6124=CARTESIAN_POINT('Ctrl Pts',(0.560133679685,9.6507184676831,-7.611289383059));
#6125=CARTESIAN_POINT('Ctrl Pts',(0.77464487206084,9.63595459722005,-7.65311685604215));
#6126=CARTESIAN_POINT('Ctrl Pts',(0.870654936946893,9.62788002716617,-7.66321730851224));
#6127=CARTESIAN_POINT('Ctrl Pts',(0.966667085411314,9.6182160584873,-7.66499585445403));
#6128=CARTESIAN_POINT('Ctrl Pts',(-0.210061955323417,9.38102216024947,-6.53885531590674));
#6129=CARTESIAN_POINT('Ctrl Pts',(-0.153801579690389,9.36398736502776,-6.67331214296552));
#6130=CARTESIAN_POINT('Ctrl Pts',(-0.0760059433331305,9.35357528657377,
-6.79314400148977));
#6131=CARTESIAN_POINT('Ctrl Pts',(0.140393916904487,9.33562683175855,-7.03515906974026));
#6132=CARTESIAN_POINT('Ctrl Pts',(0.285946283841015,9.33056700962571,-7.13713365098188));
#6133=CARTESIAN_POINT('Ctrl Pts',(0.527029715061921,9.31829143178265,-7.24962343512046));
#6134=CARTESIAN_POINT('Ctrl Pts',(0.618663224576865,9.31291482071729,-7.28008514389335));
#6135=CARTESIAN_POINT('Ctrl Pts',(0.784905121265204,9.30050528153732,-7.31670003952339));
#6136=CARTESIAN_POINT('Ctrl Pts',(0.858844642180258,9.29405662096015,-7.32645430703814));
#6137=CARTESIAN_POINT('Ctrl Pts',(0.933334170822629,9.2865577459084,-7.32999170890805));
#6138=CARTESIAN_POINT('Ctrl Pts',(0.0487052993420829,9.08478571857649,-6.30828297471668));
#6139=CARTESIAN_POINT('Ctrl Pts',(0.0882167413487319,9.05597008077475,-6.43020675409769));
#6140=CARTESIAN_POINT('Ctrl Pts',(0.149269530688384,9.03687060595194,-6.53793154702537));
#6141=CARTESIAN_POINT('Ctrl Pts',(0.319958649105401,9.0038535604461,-6.74982630841034));
#6142=CARTESIAN_POINT('Ctrl Pts',(0.433676701244661,8.99456057134632,-6.83353991298655));
#6143=CARTESIAN_POINT('Ctrl Pts',(0.61147656773487,8.98015358718714,-6.92444746261743));
#6144=CARTESIAN_POINT('Ctrl Pts',(0.677312058152786,8.97513442719268,-6.9489193111574));
#6145=CARTESIAN_POINT('Ctrl Pts',(0.79509381314837,8.96504050334617,-6.98026461671586));
#6146=CARTESIAN_POINT('Ctrl Pts',(0.847107572164355,8.9602422290222,-6.98967161555039));
#6147=CARTESIAN_POINT('Ctrl Pts',(0.900001256233943,8.95489943332949,-6.99498756336208));
#6148=CARTESIAN_POINT('',(0.900001256233943,8.95489943332949,-6.99498756336208));
#6149=CARTESIAN_POINT('',(0.900001256233943,8.95489943332949,-6.99498756336208));
#6150=CARTESIAN_POINT('Ctrl Pts',(0.0487052993420829,9.08478571857649,-6.30828297471668));
#6151=CARTESIAN_POINT('Ctrl Pts',(0.0882167413487319,9.05597008077475,-6.43020675409769));
#6152=CARTESIAN_POINT('Ctrl Pts',(0.149269530688384,9.03687060595194,-6.53793154702537));
#6153=CARTESIAN_POINT('Ctrl Pts',(0.319958649105401,9.0038535604461,-6.74982630841034));
#6154=CARTESIAN_POINT('Ctrl Pts',(0.433676701244661,8.99456057134632,-6.83353991298655));
#6155=CARTESIAN_POINT('Ctrl Pts',(0.61147656773487,8.98015358718714,-6.92444746261743));
#6156=CARTESIAN_POINT('Ctrl Pts',(0.677312058152786,8.97513442719268,-6.9489193111574));
#6157=CARTESIAN_POINT('Ctrl Pts',(0.79509381314837,8.96504050334617,-6.98026461671586));
#6158=CARTESIAN_POINT('Ctrl Pts',(0.847107572164355,8.9602422290222,-6.98967161555039));
#6159=CARTESIAN_POINT('Ctrl Pts',(0.900001256233943,8.95489943332949,-6.99498756336208));
#6160=CARTESIAN_POINT('Origin',(0.,0.,-7.5));
#6161=CARTESIAN_POINT('',(1.,8.94427190999916,-7.));
#6162=CARTESIAN_POINT('',(1.11111111111111,9.93807989999907,-8.));
#6163=CARTESIAN_POINT('',(7.99902337788808,4.125,-7.));
#6164=CARTESIAN_POINT('Origin',(0.,0.,-7.));
#6165=CARTESIAN_POINT('',(7.99902337788808,4.125,-7.));
#6166=CARTESIAN_POINT('Origin',(10.6653645038508,5.5,-7.5));
#6167=CARTESIAN_POINT('',(10.6653645038508,2.5,-7.));
#6168=CARTESIAN_POINT('',(10.6653645038508,3.5,-8.));
#6169=CARTESIAN_POINT('',(10.6653645038508,2.5,-7.));
#6170=CARTESIAN_POINT('Origin',(10.6653645038508,5.5,-8.));
#6171=CARTESIAN_POINT('Origin',(10.6653645038508,5.5,-7.));
#6172=CARTESIAN_POINT('Origin',(10.975,3.,-7.5));
#6173=CARTESIAN_POINT('',(11.95,2.5,-7.));
#6174=CARTESIAN_POINT('',(11.95,3.5,-8.));
#6175=CARTESIAN_POINT('',(11.95,2.5,-7.));
#6176=CARTESIAN_POINT('',(10.975,3.5,-8.));
#6177=CARTESIAN_POINT('',(10.975,2.5,-7.));
#6178=CARTESIAN_POINT('Origin',(11.95,3.,-14.));
#6179=CARTESIAN_POINT('',(18.95,2.5,-14.));
#6180=CARTESIAN_POINT('',(17.95,3.5,-14.));
#6181=CARTESIAN_POINT('',(18.95,2.5,-14.));
#6182=CARTESIAN_POINT('Origin',(11.95,3.5,-14.));
#6183=CARTESIAN_POINT('Origin',(11.95,2.5,-14.));
#6184=CARTESIAN_POINT('Origin',(18.45,3.,-18.75));
#6185=CARTESIAN_POINT('',(18.95,2.5,-33.));
#6186=CARTESIAN_POINT('',(17.95,3.5,-33.));
#6187=CARTESIAN_POINT('',(18.95,2.5,-33.));
#6188=CARTESIAN_POINT('',(17.95,3.5,-18.75));
#6189=CARTESIAN_POINT('',(18.95,2.5,-18.75));
#6190=CARTESIAN_POINT('Origin',(11.95,3.,-33.));
#6191=CARTESIAN_POINT('',(11.95,2.5,-40.));
#6192=CARTESIAN_POINT('',(11.95,3.5,-39.));
#6193=CARTESIAN_POINT('',(11.95,2.5,-40.));
#6194=CARTESIAN_POINT('Origin',(11.95,3.5,-33.));
#6195=CARTESIAN_POINT('Origin',(11.95,2.5,-33.));
#6196=CARTESIAN_POINT('Origin',(5.975,3.,-39.5));
#6197=CARTESIAN_POINT('',(10.6653645038508,2.5,-40.));
#6198=CARTESIAN_POINT('',(10.6653645038508,3.5,-39.));
#6199=CARTESIAN_POINT('',(10.6653645038508,2.5,-40.));
#6200=CARTESIAN_POINT('',(5.975,3.5,-39.));
#6201=CARTESIAN_POINT('',(5.975,2.5,-40.));
#6202=CARTESIAN_POINT('Origin',(10.6653645038508,5.5,-39.5));
#6203=CARTESIAN_POINT('',(7.99902337788808,4.125,-40.));
#6204=CARTESIAN_POINT('',(7.99902337788808,4.125,-40.));
#6205=CARTESIAN_POINT('Origin',(10.6653645038508,5.5,-39.));
#6206=CARTESIAN_POINT('Origin',(10.6653645038508,5.5,-40.));
#6207=CARTESIAN_POINT('Origin',(0.,0.,-39.5));
#6208=CARTESIAN_POINT('',(7.99902337788808,-4.125,-40.));
#6209=CARTESIAN_POINT('',(7.99902337788808,-4.125,-40.));
#6210=CARTESIAN_POINT('Origin',(0.,0.,-40.));
#6211=CARTESIAN_POINT('Origin',(10.6653645038508,-5.5,-39.5));
#6212=CARTESIAN_POINT('',(10.6653645038508,-2.5,-40.));
#6213=CARTESIAN_POINT('',(10.6653645038508,-3.5,-39.));
#6214=CARTESIAN_POINT('',(10.6653645038508,-2.5,-40.));
#6215=CARTESIAN_POINT('Origin',(10.6653645038508,-5.5,-39.));
#6216=CARTESIAN_POINT('Origin',(10.6653645038508,-5.5,-40.));
#6217=CARTESIAN_POINT('Origin',(5.975,-3.,-39.5));
#6218=CARTESIAN_POINT('',(11.95,-2.5,-40.));
#6219=CARTESIAN_POINT('',(11.95,-3.5,-39.));
#6220=CARTESIAN_POINT('',(11.95,-2.5,-40.));
#6221=CARTESIAN_POINT('',(5.975,-3.5,-39.));
#6222=CARTESIAN_POINT('',(5.975,-2.5,-40.));
#6223=CARTESIAN_POINT('Origin',(11.95,-3.,-33.));
#6224=CARTESIAN_POINT('',(18.95,-2.5,-33.));
#6225=CARTESIAN_POINT('',(17.95,-3.5,-33.));
#6226=CARTESIAN_POINT('',(18.95,-2.5,-33.));
#6227=CARTESIAN_POINT('Origin',(11.95,-3.5,-33.));
#6228=CARTESIAN_POINT('Origin',(11.95,-2.5,-33.));
#6229=CARTESIAN_POINT('Origin',(18.45,-3.,-18.75));
#6230=CARTESIAN_POINT('',(18.95,-2.5,-14.));
#6231=CARTESIAN_POINT('',(17.95,-3.5,-14.));
#6232=CARTESIAN_POINT('',(18.95,-2.5,-14.));
#6233=CARTESIAN_POINT('',(17.95,-3.5,-18.75));
#6234=CARTESIAN_POINT('',(18.95,-2.5,-18.75));
#6235=CARTESIAN_POINT('Origin',(11.95,-3.,-14.));
#6236=CARTESIAN_POINT('',(11.95,-2.5,-7.));
#6237=CARTESIAN_POINT('',(11.95,-3.5,-8.));
#6238=CARTESIAN_POINT('',(11.95,-2.5,-7.));
#6239=CARTESIAN_POINT('Origin',(11.95,-3.5,-14.));
#6240=CARTESIAN_POINT('Origin',(11.95,-2.5,-14.));
#6241=CARTESIAN_POINT('Origin',(10.975,-3.,-7.5));
#6242=CARTESIAN_POINT('',(10.6653645038508,-2.5,-7.));
#6243=CARTESIAN_POINT('',(10.6653645038508,-3.5,-8.));
#6244=CARTESIAN_POINT('',(10.6653645038508,-2.5,-7.));
#6245=CARTESIAN_POINT('',(10.975,-3.5,-8.));
#6246=CARTESIAN_POINT('',(10.975,-2.5,-7.));
#6247=CARTESIAN_POINT('Origin',(10.6653645038508,-5.5,-7.5));
#6248=CARTESIAN_POINT('',(7.99902337788808,-4.125,-7.));
#6249=CARTESIAN_POINT('',(7.99902337788808,-4.125,-7.));
#6250=CARTESIAN_POINT('Origin',(10.6653645038508,-5.5,-8.));
#6251=CARTESIAN_POINT('Origin',(10.6653645038508,-5.5,-7.));
#6252=CARTESIAN_POINT('Origin',(0.,0.,-7.5));
#6253=CARTESIAN_POINT('',(1.,-8.94427190999916,-7.));
#6254=CARTESIAN_POINT('',(1.,-8.94427190999916,-7.));
#6255=CARTESIAN_POINT('Origin',(0.,0.,-7.));
#6256=CARTESIAN_POINT('Ctrl Pts',(1.,9.9498743710662,-8.));
#6257=CARTESIAN_POINT('Ctrl Pts',(1.03705861613616,9.9461498400064,-8.));
#6258=CARTESIAN_POINT('Ctrl Pts',(1.07409642384878,9.94221826784329,-8.));
#6259=CARTESIAN_POINT('Ctrl Pts',(1.11111111111111,9.93807989999907,-8.));
#6260=CARTESIAN_POINT('Ctrl Pts',(0.966667085411315,9.6182160584873,-7.66499585445403));
#6261=CARTESIAN_POINT('Ctrl Pts',(1.00248986981926,9.61461010455788,-7.66611314486754));
#6262=CARTESIAN_POINT('Ctrl Pts',(1.03829320972048,9.61081099224851,-7.66666666666667));
#6263=CARTESIAN_POINT('Ctrl Pts',(1.07407407407407,9.6068105699991,-7.66666666666667));
#6264=CARTESIAN_POINT('Ctrl Pts',(0.933334170822629,9.28655774590839,-7.32999170890805));
#6265=CARTESIAN_POINT('Ctrl Pts',(0.967921123502352,9.28307036910937,-7.33222628973509));
#6266=CARTESIAN_POINT('Ctrl Pts',(1.00248999559219,9.27940371665374,-7.33333333333333));
#6267=CARTESIAN_POINT('Ctrl Pts',(1.03703703703704,9.27554123999913,-7.33333333333333));
#6268=CARTESIAN_POINT('Ctrl Pts',(0.900001256233943,8.95489943332949,-6.99498756336208));
#6269=CARTESIAN_POINT('Ctrl Pts',(0.933352377185449,8.95153063366085,-6.99833943460263));
#6270=CARTESIAN_POINT('Ctrl Pts',(0.9666867814639,8.94799644105896,-7.));
#6271=CARTESIAN_POINT('Ctrl Pts',(1.,8.94427190999916,-7.));
#6272=CARTESIAN_POINT('Ctrl Pts',(0.900001256233943,8.95489943332949,-6.99498756336208));
#6273=CARTESIAN_POINT('Ctrl Pts',(0.933352377185449,8.95153063366085,-6.99833943460263));
#6274=CARTESIAN_POINT('Ctrl Pts',(0.9666867814639,8.94799644105896,-7.));
#6275=CARTESIAN_POINT('Ctrl Pts',(1.,8.94427190999916,-7.));
#6276=CARTESIAN_POINT('Ctrl Pts',(1.11111111111111,-9.93807989999907,-8.));
#6277=CARTESIAN_POINT('Ctrl Pts',(1.07409642384878,-9.94221826784329,-8.));
#6278=CARTESIAN_POINT('Ctrl Pts',(1.03705861613616,-9.9461498400064,-8.));
#6279=CARTESIAN_POINT('Ctrl Pts',(1.,-9.9498743710662,-8.));
#6280=CARTESIAN_POINT('Ctrl Pts',(1.07407407407407,-9.6068105699991,-7.66666666666667));
#6281=CARTESIAN_POINT('Ctrl Pts',(1.03829320972048,-9.61081099224851,-7.66666666666667));
#6282=CARTESIAN_POINT('Ctrl Pts',(1.00248986981926,-9.61461010455788,-7.66611314486754));
#6283=CARTESIAN_POINT('Ctrl Pts',(0.966667085411315,-9.6182160584873,-7.66499585445403));
#6284=CARTESIAN_POINT('Ctrl Pts',(1.03703703703704,-9.27554123999913,-7.33333333333333));
#6285=CARTESIAN_POINT('Ctrl Pts',(1.00248999559219,-9.27940371665374,-7.33333333333333));
#6286=CARTESIAN_POINT('Ctrl Pts',(0.967921123502352,-9.28307036910937,-7.33222628973509));
#6287=CARTESIAN_POINT('Ctrl Pts',(0.933334170822629,-9.28655774590839,-7.32999170890805));
#6288=CARTESIAN_POINT('Ctrl Pts',(1.,-8.94427190999916,-7.));
#6289=CARTESIAN_POINT('Ctrl Pts',(0.9666867814639,-8.94799644105896,-7.));
#6290=CARTESIAN_POINT('Ctrl Pts',(0.933352377185449,-8.95153063366085,-6.99833943460263));
#6291=CARTESIAN_POINT('Ctrl Pts',(0.900001256233943,-8.95489943332949,-6.99498756336208));
#6292=CARTESIAN_POINT('',(0.900001256233943,-8.95489943332949,-6.99498756336208));
#6293=CARTESIAN_POINT('',(0.900001256233943,-8.95489943332949,-6.99498756336208));
#6294=CARTESIAN_POINT('Ctrl Pts',(1.,-8.94427190999916,-7.));
#6295=CARTESIAN_POINT('Ctrl Pts',(0.9666867814639,-8.94799644105896,-7.));
#6296=CARTESIAN_POINT('Ctrl Pts',(0.933352377185449,-8.95153063366085,-6.99833943460263));
#6297=CARTESIAN_POINT('Ctrl Pts',(0.900001256233943,-8.95489943332949,-6.99498756336208));
#6298=CARTESIAN_POINT('Ctrl Pts',(0.871254366655331,-10.167940754668,-5.00832234980581));
#6299=CARTESIAN_POINT('Ctrl Pts',(0.836498647807706,-10.1304401687141,-5.01283454894079));
#6300=CARTESIAN_POINT('Ctrl Pts',(0.801315818796379,-10.0931980445571,-5.01920897613474));
#6301=CARTESIAN_POINT('Ctrl Pts',(0.63532657621686,-9.91982213304522,-5.05976311177213));
#6302=CARTESIAN_POINT('Ctrl Pts',(0.350497794106082,-9.64210294401715,-5.18004519916877));
#6303=CARTESIAN_POINT('Ctrl Pts',(0.10244619378621,-9.38998949886048,-5.50696837322369));
#6304=CARTESIAN_POINT('Ctrl Pts',(-0.00663492040541729,-9.21071148007037,
-5.8773024028537));
#6305=CARTESIAN_POINT('Ctrl Pts',(-0.01299771496157,-9.15014017153223,-6.05491334181511));
#6306=CARTESIAN_POINT('Ctrl Pts',(0.0314010346812292,-9.09882056074946,
-6.25044472957706));
#6307=CARTESIAN_POINT('Ctrl Pts',(0.0394536791746532,-9.09153291242664,
-6.27973447052924));
#6308=CARTESIAN_POINT('Ctrl Pts',(0.0487052936218658,-9.08478572274824,
-6.30828295706532));
#6309=CARTESIAN_POINT('Ctrl Pts',(0.350132028169598,-10.5070590090121,-5.06023668157314));
#6310=CARTESIAN_POINT('Ctrl Pts',(0.319147945557473,-10.4665683647279,-5.06970206538155));
#6311=CARTESIAN_POINT('Ctrl Pts',(0.288270753070661,-10.4261645194718,-5.08112794066751));
#6312=CARTESIAN_POINT('Ctrl Pts',(0.143830300423291,-10.2380001329392,-5.14503067037368));
#6313=CARTESIAN_POINT('Ctrl Pts',(-0.0928394833688642,-9.93306388842768,
-5.3042848463725));
#6314=CARTESIAN_POINT('Ctrl Pts',(-0.270534879230627,-9.66045847984538,
-5.66712408732562));
#6315=CARTESIAN_POINT('Ctrl Pts',(-0.321456796599162,-9.4801352661666,-6.06878404365169));
#6316=CARTESIAN_POINT('Ctrl Pts',(-0.305127457441456,-9.42542125244058,
-6.26068851783773));
#6317=CARTESIAN_POINT('Ctrl Pts',(-0.23524652325885,-9.38973377196178,-6.47511097600583));
#6318=CARTESIAN_POINT('Ctrl Pts',(-0.223210553431356,-9.38499675658997,
-6.50735147409365));
#6319=CARTESIAN_POINT('Ctrl Pts',(-0.210061963471182,-9.38102216271443,
-6.53885529642333));
#6320=CARTESIAN_POINT('Ctrl Pts',(-0.170990310316135,-10.8461772633561,
-5.11215101334049));
#6321=CARTESIAN_POINT('Ctrl Pts',(-0.198092217624256,-10.8026288047288,
-5.12664625699139));
#6322=CARTESIAN_POINT('Ctrl Pts',(-0.224890400218329,-10.759202897549,-5.1429690689394));
#6323=CARTESIAN_POINT('Ctrl Pts',(-0.347366692234118,-10.5559546707092,
-5.23041550414172));
#6324=CARTESIAN_POINT('Ctrl Pts',(-0.536265128690102,-10.2241241289484,
-5.42859903457782));
#6325=CARTESIAN_POINT('Ctrl Pts',(-0.643481518936335,-9.93079844234182,
-5.82709729414179));
#6326=CARTESIAN_POINT('Ctrl Pts',(-0.636194058904984,-9.74963342331838,
-6.26067131554665));
#6327=CARTESIAN_POINT('Ctrl Pts',(-0.59777449038855,-9.70092192507735,-6.46635059522977));
#6328=CARTESIAN_POINT('Ctrl Pts',(-0.501794289993143,-9.68060726140153,
-6.69980917246917));
#6329=CARTESIAN_POINT('Ctrl Pts',(-0.485962469765473,-9.67849698076871,
-6.73494521836452));
#6330=CARTESIAN_POINT('Ctrl Pts',(-0.468829220564229,-9.67725860268063,
-6.76942763578133));
#6331=CARTESIAN_POINT('Ctrl Pts',(-0.692112648801868,-11.1852955177001,
-5.16406534510782));
#6332=CARTESIAN_POINT('Ctrl Pts',(-0.715442919874489,-11.1387570007425,
-5.18351377343215));
#6333=CARTESIAN_POINT('Ctrl Pts',(-0.737935465944047,-11.0921693724637,
-5.20488803347218));
#6334=CARTESIAN_POINT('Ctrl Pts',(-0.838862968027688,-10.8741326706032,
-5.31568306274326));
#6335=CARTESIAN_POINT('Ctrl Pts',(-0.979602406165048,-10.515085073359,-5.55283868178155));
#6336=CARTESIAN_POINT('Ctrl Pts',(-1.01646259195317,-10.2012674233267,-5.98725300824372));
#6337=CARTESIAN_POINT('Ctrl Pts',(-0.95101593509873,-10.0190572094146,-6.45215295634463));
#6338=CARTESIAN_POINT('Ctrl Pts',(-0.889904232868436,-9.9762030059857,-6.67212577125239));
#6339=CARTESIAN_POINT('Ctrl Pts',(-0.768441847933223,-9.97152047261384,
-6.92447541889794));
#6340=CARTESIAN_POINT('Ctrl Pts',(-0.748626702371482,-9.97196082493203,
-6.96256222192893));
#6341=CARTESIAN_POINT('Ctrl Pts',(-0.727596477657277,-9.97349504264682,
-6.99999997513934));
#6342=CARTESIAN_POINT('Ctrl Pts',(-0.692112648801868,-11.1852955177001,
-5.16406534510782));
#6343=CARTESIAN_POINT('Ctrl Pts',(-0.715442919874489,-11.1387570007425,
-5.18351377343215));
#6344=CARTESIAN_POINT('Ctrl Pts',(-0.737935465944047,-11.0921693724637,
-5.20488803347218));
#6345=CARTESIAN_POINT('Ctrl Pts',(-0.838862968027688,-10.8741326706032,
-5.31568306274326));
#6346=CARTESIAN_POINT('Ctrl Pts',(-0.979602406165048,-10.515085073359,-5.55283868178155));
#6347=CARTESIAN_POINT('Ctrl Pts',(-1.01646259195317,-10.2012674233267,-5.98725300824372));
#6348=CARTESIAN_POINT('Ctrl Pts',(-0.95101593509873,-10.0190572094146,-6.45215295634463));
#6349=CARTESIAN_POINT('Ctrl Pts',(-0.889904232868436,-9.9762030059857,-6.67212577125239));
#6350=CARTESIAN_POINT('Ctrl Pts',(-0.768441847933223,-9.97152047261384,
-6.92447541889794));
#6351=CARTESIAN_POINT('Ctrl Pts',(-0.748626702371482,-9.97196082493203,
-6.96256222192893));
#6352=CARTESIAN_POINT('Ctrl Pts',(-0.727596477657277,-9.97349504264682,
-6.99999997513934));
#6353=CARTESIAN_POINT('',(0.0487052935934086,-9.08478572276899,-6.30828295697751));
#6354=CARTESIAN_POINT('',(-0.727596486305769,-9.97349504201589,-6.9999999798717));
#6355=CARTESIAN_POINT('Ctrl Pts',(0.0487052936218658,-9.08478572274824,
-6.30828295706532));
#6356=CARTESIAN_POINT('Ctrl Pts',(0.0394536791746532,-9.09153291242664,
-6.27973447052924));
#6357=CARTESIAN_POINT('Ctrl Pts',(0.0314010346812292,-9.09882056074946,
-6.25044472957706));
#6358=CARTESIAN_POINT('Ctrl Pts',(-0.01299771496157,-9.15014017153223,-6.05491334181511));
#6359=CARTESIAN_POINT('Ctrl Pts',(-0.00663492040541729,-9.21071148007037,
-5.8773024028537));
#6360=CARTESIAN_POINT('Ctrl Pts',(0.10244619378621,-9.38998949886048,-5.50696837322369));
#6361=CARTESIAN_POINT('Ctrl Pts',(0.350497794106082,-9.64210294401715,-5.18004519916877));
#6362=CARTESIAN_POINT('Ctrl Pts',(0.63532657621686,-9.91982213304522,-5.05976311177213));
#6363=CARTESIAN_POINT('Ctrl Pts',(0.801315818796379,-10.0931980445571,-5.01920897613474));
#6364=CARTESIAN_POINT('Ctrl Pts',(0.836498647807706,-10.1304401687141,-5.01283454894079));
#6365=CARTESIAN_POINT('Ctrl Pts',(0.871254366655331,-10.167940754668,-5.00832234980581));
#6366=CARTESIAN_POINT('Ctrl Pts',(1.,-9.9498743710662,-8.));
#6367=CARTESIAN_POINT('Ctrl Pts',(0.868939679517265,-9.96304642888271,-8.));
#6368=CARTESIAN_POINT('Ctrl Pts',(0.737527233907943,-9.97358534901742,-7.98702154030027));
#6369=CARTESIAN_POINT('Ctrl Pts',(0.233672187012772,-10.0044207215667,-7.88628511960997));
#6370=CARTESIAN_POINT('Ctrl Pts',(-0.117510534090155,-10.0032432243763,
-7.70362623139407));
#6371=CARTESIAN_POINT('Ctrl Pts',(-0.52368412643662,-9.98709331116488,-7.30723832410875));
#6372=CARTESIAN_POINT('Ctrl Pts',(-0.636544530433845,-9.98013755620964,
-7.16208955734143));
#6373=CARTESIAN_POINT('Ctrl Pts',(-0.727596477721963,-9.9734950426421,-6.99999997502418));
#6374=CARTESIAN_POINT('Ctrl Pts',(0.966667085411315,-9.6182160584873,-7.66499585445403));
#6375=CARTESIAN_POINT('Ctrl Pts',(0.859840597801872,-9.6290036541463,-7.66300150282797));
#6376=CARTESIAN_POINT('Ctrl Pts',(0.752498763991173,-9.63772589174842,-7.65071651206066));
#6377=CARTESIAN_POINT('Ctrl Pts',(0.342251506685848,-9.664837809887,-7.56192300453199));
#6378=CARTESIAN_POINT('Ctrl Pts',(0.0478282842541606,-9.66677750668192,
-7.40860160094314));
#6379=CARTESIAN_POINT('Ctrl Pts',(-0.299135282537469,-9.67013289922697,
-7.05165766247698));
#6380=CARTESIAN_POINT('Ctrl Pts',(-0.394559025597417,-9.67198179941598,
-6.91884617174895));
#6381=CARTESIAN_POINT('Ctrl Pts',(-0.468829220616839,-9.6772586026844,-6.76942763567529));
#6382=CARTESIAN_POINT('Ctrl Pts',(0.933334170822629,-9.28655774590839,-7.32999170890805));
#6383=CARTESIAN_POINT('Ctrl Pts',(0.850156528037711,-9.2948961275035,-7.32606205991241));
#6384=CARTESIAN_POINT('Ctrl Pts',(0.76800219438422,-9.30192624807872,-7.31436394415215));
#6385=CARTESIAN_POINT('Ctrl Pts',(0.449235636381249,-9.32507503845911,-7.23774047132836));
#6386=CARTESIAN_POINT('Ctrl Pts',(0.211574597955986,-9.33006911703745,-7.11297138141743));
#6387=CARTESIAN_POINT('Ctrl Pts',(-0.0739061640188599,-9.35327527289471,
-6.79627721684301));
#6388=CARTESIAN_POINT('Ctrl Pts',(-0.15322464732826,-9.36372901193717,-6.67512917254097));
#6389=CARTESIAN_POINT('Ctrl Pts',(-0.210061963511715,-9.3810221627267,-6.5388552963264));
#6390=CARTESIAN_POINT('Ctrl Pts',(0.900001256233943,-8.95489943332949,-6.99498756336208));
#6391=CARTESIAN_POINT('Ctrl Pts',(0.841057446322318,-8.96085335276709,-6.98906356274037));
#6392=CARTESIAN_POINT('Ctrl Pts',(0.78297372446745,-8.96606679080972,-6.97805891591254));
#6393=CARTESIAN_POINT('Ctrl Pts',(0.557814956054325,-8.98549212677946,-6.91337835625038));
#6394=CARTESIAN_POINT('Ctrl Pts',(0.376913416300301,-8.99360339934308,-6.8179467509665));
#6395=CARTESIAN_POINT('Ctrl Pts',(0.150642679880291,-9.03631486095681,-6.54069655521125));
#6396=CARTESIAN_POINT('Ctrl Pts',(0.0887608575081682,-9.0555732551435,-6.43188578694849));
#6397=CARTESIAN_POINT('Ctrl Pts',(0.0487052935934089,-9.08478572276899,
-6.30828295697751));
#6398=CARTESIAN_POINT('Ctrl Pts',(0.900001256233943,-8.95489943332949,-6.99498756336208));
#6399=CARTESIAN_POINT('Ctrl Pts',(0.841057446322318,-8.96085335276709,-6.98906356274037));
#6400=CARTESIAN_POINT('Ctrl Pts',(0.78297372446745,-8.96606679080972,-6.97805891591254));
#6401=CARTESIAN_POINT('Ctrl Pts',(0.557814956054325,-8.98549212677946,-6.91337835625038));
#6402=CARTESIAN_POINT('Ctrl Pts',(0.376913416300301,-8.99360339934308,-6.8179467509665));
#6403=CARTESIAN_POINT('Ctrl Pts',(0.150642679880291,-9.03631486095681,-6.54069655521125));
#6404=CARTESIAN_POINT('Ctrl Pts',(0.0887608575081682,-9.0555732551435,-6.43188578694849));
#6405=CARTESIAN_POINT('Ctrl Pts',(0.0487052935934089,-9.08478572276899,
-6.30828295697751));
#6406=CARTESIAN_POINT('Origin',(1.,0.,-6.));
#6407=CARTESIAN_POINT('',(1.,-4.84793770587041,-7.));
#6408=CARTESIAN_POINT('',(1.,0.,-7.));
#6409=CARTESIAN_POINT('',(-1.11022302462516E-15,-4.95,-6.));
#6410=CARTESIAN_POINT('Ctrl Pts',(1.,-4.84793770587041,-7.));
#6411=CARTESIAN_POINT('Ctrl Pts',(0.875952691564244,-4.87352535075403,-7.));
#6412=CARTESIAN_POINT('Ctrl Pts',(0.742470659449511,-4.89558050610848,-6.97544496640221));
#6413=CARTESIAN_POINT('Ctrl Pts',(0.495657473410159,-4.92669207851375,-6.87375790458304));
#6414=CARTESIAN_POINT('Ctrl Pts',(0.382375981622587,-4.9360230860622,-6.79658954399568));
#6415=CARTESIAN_POINT('Ctrl Pts',(0.204160944504378,-4.9465866400932,-6.61837450687747));
#6416=CARTESIAN_POINT('Ctrl Pts',(0.127189299726918,-4.94862895937741,-6.50594819704989));
#6417=CARTESIAN_POINT('Ctrl Pts',(0.0251093899284636,-4.95019951217058,
-6.25955808493007));
#6418=CARTESIAN_POINT('Ctrl Pts',(-5.55111512312578E-16,-4.95,-6.12559655932194));
#6419=CARTESIAN_POINT('Ctrl Pts',(-5.55111512312578E-16,-4.95,-6.));
#6420=CARTESIAN_POINT('Ctrl Pts',(1.,-3.8213217608571,-5.));
#6421=CARTESIAN_POINT('Ctrl Pts',(0.99858107507105,-3.82315978414795,-5.));
#6422=CARTESIAN_POINT('Ctrl Pts',(0.997161506990867,-3.82499731443788,-5.0000030200212));
#6423=CARTESIAN_POINT('Ctrl Pts',(0.891792764997491,-3.96129150079225,-5.00045175738804));
#6424=CARTESIAN_POINT('Ctrl Pts',(0.783690791015818,-4.09387855395574,-5.01709466798924));
#6425=CARTESIAN_POINT('Ctrl Pts',(0.578067237811473,-4.33507799154506,-5.08745221731003));
#6426=CARTESIAN_POINT('Ctrl Pts',(0.47919808126758,-4.44618860295731,-5.13831521489235));
#6427=CARTESIAN_POINT('Ctrl Pts',(0.302320642919605,-4.63874452208562,-5.27567960182956));
#6428=CARTESIAN_POINT('Ctrl Pts',(0.222545310017109,-4.72270404550867,-5.35922880720689));
#6429=CARTESIAN_POINT('Ctrl Pts',(0.106777286487909,-4.84231999668459,-5.54089833288225));
#6430=CARTESIAN_POINT('Ctrl Pts',(0.0654174950643348,-4.88422461582649,
-5.62986763040833));
#6431=CARTESIAN_POINT('Ctrl Pts',(0.0131168306070494,-4.93692761074292,
-5.81505365054778));
#6432=CARTESIAN_POINT('Ctrl Pts',(-3.0310008278897E-16,-4.95,-5.90651499562888));
#6433=CARTESIAN_POINT('Ctrl Pts',(-3.0310008278897E-16,-4.95,-6.));
#6434=CARTESIAN_POINT('Origin',(10.,0.,-7.));
#6435=CARTESIAN_POINT('',(11.95,-0.5,-7.));
#6436=CARTESIAN_POINT('',(4.92468273089749,-0.5,-7.));
#6437=CARTESIAN_POINT('',(10.975,-0.5,-7.));
#6438=CARTESIAN_POINT('Origin',(0.,0.,-7.));
#6439=CARTESIAN_POINT('',(11.95,0.,-7.));
#6440=CARTESIAN_POINT('Origin',(11.95,0.,-14.));
#6441=CARTESIAN_POINT('',(18.95,-0.5,-14.));
#6442=CARTESIAN_POINT('',(18.95,0.,-14.));
#6443=CARTESIAN_POINT('Origin',(11.95,-0.5,-14.));
#6444=CARTESIAN_POINT('Origin',(18.95,0.,-14.));
#6445=CARTESIAN_POINT('',(18.95,-0.5,-33.));
#6446=CARTESIAN_POINT('',(18.95,0.,-33.));
#6447=CARTESIAN_POINT('',(18.95,-0.5,-18.75));
#6448=CARTESIAN_POINT('Origin',(11.95,0.,-33.));
#6449=CARTESIAN_POINT('',(11.95,-0.5,-40.));
#6450=CARTESIAN_POINT('',(11.95,0.,-40.));
#6451=CARTESIAN_POINT('Origin',(11.95,-0.5,-33.));
#6452=CARTESIAN_POINT('Origin',(0.,0.,-40.));
#6453=CARTESIAN_POINT('',(4.92468273089749,-0.5,-40.));
#6454=CARTESIAN_POINT('',(5.975,-0.5,-40.));
#6455=CARTESIAN_POINT('',(11.95,0.5,-40.));
#6456=CARTESIAN_POINT('',(11.95,0.,-40.));
#6457=CARTESIAN_POINT('',(4.92468273089749,0.5,-40.));
#6458=CARTESIAN_POINT('',(2.475,0.5,-40.));
#6459=CARTESIAN_POINT('Origin',(0.,0.,-40.));
#6460=CARTESIAN_POINT('Origin',(0.,0.,-7.));
#6461=CARTESIAN_POINT('Origin',(11.95,0.,-33.));
#6462=CARTESIAN_POINT('',(18.95,0.5,-33.));
#6463=CARTESIAN_POINT('',(18.95,0.,-33.));
#6464=CARTESIAN_POINT('Origin',(11.95,0.5,-33.));
#6465=CARTESIAN_POINT('Origin',(18.95,0.,-14.));
#6466=CARTESIAN_POINT('',(18.95,0.5,-14.));
#6467=CARTESIAN_POINT('',(18.95,0.,-14.));
#6468=CARTESIAN_POINT('',(18.95,0.5,-18.75));
#6469=CARTESIAN_POINT('Origin',(11.95,0.,-14.));
#6470=CARTESIAN_POINT('',(11.95,0.5,-7.));
#6471=CARTESIAN_POINT('',(11.95,0.,-7.));
#6472=CARTESIAN_POINT('Origin',(11.95,0.5,-14.));
#6473=CARTESIAN_POINT('Origin',(10.,0.,-7.));
#6474=CARTESIAN_POINT('',(4.92468273089749,0.5,-7.));
#6475=CARTESIAN_POINT('',(7.475,0.5,-7.));
#6476=CARTESIAN_POINT('',(1.,4.84793770587041,-7.));
#6477=CARTESIAN_POINT('',(1.,0.,-7.));
#6478=CARTESIAN_POINT('Origin',(0.,0.,-7.));
#6479=CARTESIAN_POINT('Origin',(16.569084669834,0.,-14.010497712936));
#6480=CARTESIAN_POINT('',(14.2504510488328,3.5,-18.0054935227755));
#6481=CARTESIAN_POINT('',(16.569084669834,3.5,-14.010497712936));
#6482=CARTESIAN_POINT('',(13.9272395846101,3.5,-18.5623854929283));
#6483=CARTESIAN_POINT('',(14.2504510488328,2.5,-18.0054935227755));
#6484=CARTESIAN_POINT('',(14.2504510488328,0.,-18.0054935227755));
#6485=CARTESIAN_POINT('',(16.569084669834,2.5,-14.010497712936));
#6486=CARTESIAN_POINT('',(15.9894262645837,2.5,-15.0092466653958));
#6487=CARTESIAN_POINT('',(16.569084669834,0.,-14.010497712936));
#6488=CARTESIAN_POINT('Origin',(14.2686336210012,0.,-10.0050041901605));
#6489=CARTESIAN_POINT('',(14.2686336210012,3.5,-10.0050041901605));
#6490=CARTESIAN_POINT('',(16.8951378770241,3.5,-14.5782142092912));
#6491=CARTESIAN_POINT('',(14.2686336210012,2.5,-10.0050041901605));
#6492=CARTESIAN_POINT('',(14.8437463832094,2.5,-11.0063775708544));
#6493=CARTESIAN_POINT('',(14.2686336210012,0.,-10.0050041901605));
#6494=CARTESIAN_POINT('Origin',(9.64954895116717,0.,-9.99450647722451));
#6495=CARTESIAN_POINT('',(10.6653645038508,3.5,-9.9968151034633));
#6496=CARTESIAN_POINT('',(10.8151153047846,3.5,-9.99715543948926));
#6497=CARTESIAN_POINT('',(9.64954895116717,2.5,-9.99450647722451));
#6498=CARTESIAN_POINT('',(10.8043201186257,2.5,-9.9971309054585));
#6499=CARTESIAN_POINT('',(9.64954895116717,3.77717709472909,-9.99450647722451));
#6500=CARTESIAN_POINT('',(9.64954895116717,0.,-9.99450647722451));
#6501=CARTESIAN_POINT('Origin',(10.6653645038508,5.5,-9.9968151034633));
#6502=CARTESIAN_POINT('Origin',(7.33091533016599,0.,-13.989502287064));
#6503=CARTESIAN_POINT('Origin',(10.6653645038508,5.5,-8.24426062562313));
#6504=CARTESIAN_POINT('',(7.33091533016599,2.5,-13.989502287064));
#6505=CARTESIAN_POINT('',(7.91057373541629,2.5,-12.9907533346042));
#6506=CARTESIAN_POINT('',(7.33091533016599,0.,-13.989502287064));
#6507=CARTESIAN_POINT('Origin',(11.95,2.5,-14.));
#6508=CARTESIAN_POINT('',(9.63136637899881,2.5,-17.9949958098395));
#6509=CARTESIAN_POINT('',(13.0956798813743,2.5,-18.0028690945415));
#6510=CARTESIAN_POINT('',(9.05625361679061,2.5,-16.9936224291456));
#6511=CARTESIAN_POINT('',(9.35,2.5,-14.));
#6512=CARTESIAN_POINT('Origin',(11.95,2.5,-14.));
#6513=CARTESIAN_POINT('Origin',(9.63136637899881,0.,-17.9949958098395));
#6514=CARTESIAN_POINT('',(9.63136637899881,3.78802807330183,-17.9949958098395));
#6515=CARTESIAN_POINT('Origin',(10.6653645038508,5.5,-19.7953700424309));
#6516=CARTESIAN_POINT('',(9.63136637899881,0.,-17.9949958098395));
#6517=CARTESIAN_POINT('Origin',(14.2504510488328,0.,-18.0054935227755));
#6518=CARTESIAN_POINT('',(10.6653645038508,3.5,-17.997345759292));
#6519=CARTESIAN_POINT('',(13.1064750675332,3.5,-18.0028936285723));
#6520=CARTESIAN_POINT('Origin',(10.6653645038508,5.5,-17.997345759292));
#6521=CARTESIAN_POINT('Origin',(16.569084669834,0.,-32.989502287064));
#6522=CARTESIAN_POINT('',(14.2686336210012,3.5,-36.9949958098395));
#6523=CARTESIAN_POINT('',(16.569084669834,3.5,-32.989502287064));
#6524=CARTESIAN_POINT('',(18.0453634014405,3.5,-30.4190390293211));
#6525=CARTESIAN_POINT('',(14.2686336210012,2.5,-36.9949958098395));
#6526=CARTESIAN_POINT('',(14.2686336210012,0.,-36.9949958098395));
#6527=CARTESIAN_POINT('',(16.569084669834,2.5,-32.989502287064));
#6528=CARTESIAN_POINT('',(15.9939719076258,2.5,-33.9908756677579));
#6529=CARTESIAN_POINT('',(16.569084669834,0.,-32.989502287064));
#6530=CARTESIAN_POINT('Origin',(14.2504510488328,0.,-28.9945064772245));
#6531=CARTESIAN_POINT('',(14.2504510488328,3.5,-28.9945064772245));
#6532=CARTESIAN_POINT('',(12.7679227741095,3.5,-26.440116602152));
#6533=CARTESIAN_POINT('',(14.2504510488328,2.5,-28.9945064772245));
#6534=CARTESIAN_POINT('',(14.8301094540831,2.5,-29.9932554296844));
#6535=CARTESIAN_POINT('',(14.2504510488328,0.,-28.9945064772245));
#6536=CARTESIAN_POINT('Origin',(9.63136637899881,0.,-29.0050041901605));
#6537=CARTESIAN_POINT('',(10.6653645038508,3.5,-29.002654240708));
#6538=CARTESIAN_POINT('',(10.7969327326162,3.5,-29.0023552278957));
#6539=CARTESIAN_POINT('',(9.63136637899881,2.5,-29.0050041901605));
#6540=CARTESIAN_POINT('',(10.7861375464573,2.5,-29.0023797619265));
#6541=CARTESIAN_POINT('',(9.63136637899881,3.78802807330183,-29.0050041901605));
#6542=CARTESIAN_POINT('',(9.63136637899881,0.,-29.0050041901605));
#6543=CARTESIAN_POINT('Origin',(10.6653645038508,5.5,-29.002654240708));
#6544=CARTESIAN_POINT('Origin',(7.33091533016599,0.,-33.010497712936));
#6545=CARTESIAN_POINT('Origin',(10.6653645038508,5.5,-27.204629957569));
#6546=CARTESIAN_POINT('',(7.33091533016599,2.5,-33.010497712936));
#6547=CARTESIAN_POINT('',(7.9060280923742,2.5,-32.0091243322421));
#6548=CARTESIAN_POINT('',(7.33091533016599,0.,-33.010497712936));
#6549=CARTESIAN_POINT('Origin',(11.95,2.5,-33.));
#6550=CARTESIAN_POINT('',(9.64954895116717,2.5,-37.0054935227755));
#6551=CARTESIAN_POINT('',(13.1138624535427,2.5,-36.9976202380735));
#6552=CARTESIAN_POINT('',(9.06989054591688,2.5,-36.0067445703156));
#6553=CARTESIAN_POINT('',(9.35,2.5,-33.));
#6554=CARTESIAN_POINT('Origin',(11.95,2.5,-33.));
#6555=CARTESIAN_POINT('Origin',(14.2686336210012,0.,-36.9949958098395));
#6556=CARTESIAN_POINT('',(10.6653645038508,3.5,-37.0031848965367));
#6557=CARTESIAN_POINT('',(13.1246576397016,3.5,-36.9975957040427));
#6558=CARTESIAN_POINT('',(9.64954895116717,3.77717709472909,-37.0054935227755));
#6559=CARTESIAN_POINT('Origin',(10.6653645038508,5.5,-37.0031848965367));
#6560=CARTESIAN_POINT('',(9.64954895116717,0.,-37.0054935227755));
#6561=CARTESIAN_POINT('Origin',(9.64954895116717,0.,-37.0054935227755));
#6562=CARTESIAN_POINT('Origin',(10.6653645038508,5.5,-38.7557393743769));
#6563=CARTESIAN_POINT('Origin',(11.95,3.5,-23.5));
#6564=CARTESIAN_POINT('',(10.6653645038508,3.5,-5.));
#6565=CARTESIAN_POINT('',(10.6653645038508,3.5,-5.));
#6566=CARTESIAN_POINT('',(10.6653645038508,3.5,-5.));
#6567=CARTESIAN_POINT('Origin',(10.6653645038508,5.5,-5.));
#6568=CARTESIAN_POINT('Origin',(10.6653645038508,5.5,-5.));
#6569=CARTESIAN_POINT('Origin',(11.95,-2.5,-14.));
#6570=CARTESIAN_POINT('',(7.7,-2.5,-14.));
#6571=CARTESIAN_POINT('Origin',(11.95,-2.5,-14.));
#6572=CARTESIAN_POINT('',(9.35,-2.5,-14.));
#6573=CARTESIAN_POINT('Origin',(11.95,-2.5,-14.));
#6574=CARTESIAN_POINT('Origin',(11.95,0.,-14.));
#6575=CARTESIAN_POINT('',(7.7,0.,-14.));
#6576=CARTESIAN_POINT('',(10.6653645038508,-3.5,-18.0511987907326));
#6577=CARTESIAN_POINT('Ctrl Pts',(10.6653645038508,-3.5,-18.0511987907326));
#6578=CARTESIAN_POINT('Ctrl Pts',(10.3884256643478,-3.5,-17.9633814601435));
#6579=CARTESIAN_POINT('Ctrl Pts',(10.1068067152703,-3.56010335866637,-17.8403344040747));
#6580=CARTESIAN_POINT('Ctrl Pts',(9.60531085038997,-3.78201515067634,-17.5563973550301));
#6581=CARTESIAN_POINT('Ctrl Pts',(9.38484229229674,-3.94324180003139,-17.3960985527427));
#6582=CARTESIAN_POINT('Ctrl Pts',(9.08998436229815,-4.25510525944636,-17.1477444583699));
#6583=CARTESIAN_POINT('Ctrl Pts',(8.97722897488564,-4.40992377242075,-17.0400267984043));
#6584=CARTESIAN_POINT('Ctrl Pts',(8.88780375320898,-4.58333333333333,-16.9471094560839));
#6585=CARTESIAN_POINT('',(10.6653645038508,-3.5,-9.94880120926738));
#6586=CARTESIAN_POINT('Origin',(11.95,-3.5,-14.));
#6587=CARTESIAN_POINT('Ctrl Pts',(8.88780375320898,-4.58333333333333,-11.0528905439161));
#6588=CARTESIAN_POINT('Ctrl Pts',(8.97722897488564,-4.40992377242075,-10.9599732015957));
#6589=CARTESIAN_POINT('Ctrl Pts',(9.08998436229815,-4.25510525944636,-10.8522555416301));
#6590=CARTESIAN_POINT('Ctrl Pts',(9.38484229229674,-3.94324180003139,-10.6039014472573));
#6591=CARTESIAN_POINT('Ctrl Pts',(9.60531085038997,-3.78201515067634,-10.4436026449699));
#6592=CARTESIAN_POINT('Ctrl Pts',(10.1068067152703,-3.56010335866637,-10.1596655959252));
#6593=CARTESIAN_POINT('Ctrl Pts',(10.3884256643478,-3.5,-10.0366185398565));
#6594=CARTESIAN_POINT('Ctrl Pts',(10.6653645038508,-3.5,-9.94880120926738));
#6595=CARTESIAN_POINT('Origin',(11.95,-2.5,-33.));
#6596=CARTESIAN_POINT('',(7.7,-2.5,-33.));
#6597=CARTESIAN_POINT('Origin',(11.95,-2.5,-33.));
#6598=CARTESIAN_POINT('',(9.35,-2.5,-33.));
#6599=CARTESIAN_POINT('Origin',(11.95,-2.5,-33.));
#6600=CARTESIAN_POINT('Origin',(11.95,0.,-33.));
#6601=CARTESIAN_POINT('',(7.7,0.,-33.));
#6602=CARTESIAN_POINT('',(10.6653645038508,-3.5,-37.0511987907326));
#6603=CARTESIAN_POINT('Ctrl Pts',(10.6653645038508,-3.5,-37.0511987907326));
#6604=CARTESIAN_POINT('Ctrl Pts',(10.3884256643478,-3.5,-36.9633814601435));
#6605=CARTESIAN_POINT('Ctrl Pts',(10.1068067152703,-3.56010335866637,-36.8403344040747));
#6606=CARTESIAN_POINT('Ctrl Pts',(9.60531085038997,-3.78201515067634,-36.5563973550301));
#6607=CARTESIAN_POINT('Ctrl Pts',(9.38484229229674,-3.94324180003139,-36.3960985527427));
#6608=CARTESIAN_POINT('Ctrl Pts',(9.08998436229815,-4.25510525944636,-36.1477444583699));
#6609=CARTESIAN_POINT('Ctrl Pts',(8.97722897488564,-4.40992377242075,-36.0400267984043));
#6610=CARTESIAN_POINT('Ctrl Pts',(8.88780375320898,-4.58333333333333,-35.9471094560839));
#6611=CARTESIAN_POINT('',(10.6653645038508,-3.5,-28.9488012092674));
#6612=CARTESIAN_POINT('Origin',(11.95,-3.5,-33.));
#6613=CARTESIAN_POINT('Ctrl Pts',(8.88780375320898,-4.58333333333333,-30.0528905439161));
#6614=CARTESIAN_POINT('Ctrl Pts',(8.97722897488564,-4.40992377242074,-29.9599732015957));
#6615=CARTESIAN_POINT('Ctrl Pts',(9.08998436229816,-4.25510525944636,-29.8522555416301));
#6616=CARTESIAN_POINT('Ctrl Pts',(9.38484229229674,-3.94324180003139,-29.6039014472573));
#6617=CARTESIAN_POINT('Ctrl Pts',(9.60531085038997,-3.78201515067634,-29.4436026449699));
#6618=CARTESIAN_POINT('Ctrl Pts',(10.1068067152703,-3.56010335866637,-29.1596655959252));
#6619=CARTESIAN_POINT('Ctrl Pts',(10.3884256643478,-3.5,-29.0366185398565));
#6620=CARTESIAN_POINT('Ctrl Pts',(10.6653645038508,-3.5,-28.9488012092674));
#6621=CARTESIAN_POINT('Origin',(11.95,-3.5,-23.5));
#6622=CARTESIAN_POINT('',(10.6653645038508,-3.5,-5.));
#6623=CARTESIAN_POINT('',(10.6653645038508,-3.5,-5.));
#6624=CARTESIAN_POINT('',(10.6653645038508,-3.5,-5.));
#6625=CARTESIAN_POINT('Origin',(10.6653645038508,-5.5,-5.));
#6626=CARTESIAN_POINT('Origin',(10.6653645038508,-5.5,-5.));
#6627=CARTESIAN_POINT('Origin',(11.95,0.5,-23.5));
#6628=CARTESIAN_POINT('',(4.92468273089749,0.5,-5.));
#6629=CARTESIAN_POINT('',(9.35,0.5,-14.));
#6630=CARTESIAN_POINT('Origin',(11.95,0.5,-14.));
#6631=CARTESIAN_POINT('',(9.35,0.5,-33.));
#6632=CARTESIAN_POINT('Origin',(11.95,0.5,-33.));
#6633=CARTESIAN_POINT('Origin',(11.95,-0.5,-23.5));
#6634=CARTESIAN_POINT('',(4.92468273089749,-0.5,-5.));
#6635=CARTESIAN_POINT('',(9.35,-0.5,-33.));
#6636=CARTESIAN_POINT('Origin',(11.95,-0.5,-33.));
#6637=CARTESIAN_POINT('',(9.35,-0.5,-14.));
#6638=CARTESIAN_POINT('Origin',(11.95,-0.5,-14.));
#6639=CARTESIAN_POINT('Origin',(11.95,0.,-14.));
#6640=CARTESIAN_POINT('',(9.35,0.,-14.));
#6641=CARTESIAN_POINT('Origin',(11.95,0.,-33.));
#6642=CARTESIAN_POINT('',(9.35,0.,-33.));
#6643=CARTESIAN_POINT('Origin',(10.6653645038508,-5.5,-5.));
#6644=CARTESIAN_POINT('Origin',(10.6653645038508,5.5,-5.));
#6645=CARTESIAN_POINT('Origin',(11.95,0.,-14.));
#6646=CARTESIAN_POINT('',(9.35,0.,-14.));
#6647=CARTESIAN_POINT('Origin',(11.95,0.,-33.));
#6648=CARTESIAN_POINT('',(9.35,0.,-33.));
#6649=CARTESIAN_POINT('Origin',(0.,0.,-6.));
#6650=CARTESIAN_POINT('',(-1.11022302462516E-15,4.95,-6.));
#6651=CARTESIAN_POINT('Origin',(0.,0.,-6.));
#6652=CARTESIAN_POINT('Ctrl Pts',(-3.0310008278897E-16,4.95,-6.));
#6653=CARTESIAN_POINT('Ctrl Pts',(-3.0310008278897E-16,4.95,-5.90651499562888));
#6654=CARTESIAN_POINT('Ctrl Pts',(0.0131168306070557,4.93692761074292,-5.81505365054777));
#6655=CARTESIAN_POINT('Ctrl Pts',(0.0654174950643368,4.88422461582649,-5.62986763040833));
#6656=CARTESIAN_POINT('Ctrl Pts',(0.106777286487904,4.8423199966846,-5.54089833288226));
#6657=CARTESIAN_POINT('Ctrl Pts',(0.222545310017109,4.72270404550867,-5.35922880720689));
#6658=CARTESIAN_POINT('Ctrl Pts',(0.302320642919607,4.63874452208562,-5.27567960182956));
#6659=CARTESIAN_POINT('Ctrl Pts',(0.479198081267581,4.44618860295731,-5.13831521489235));
#6660=CARTESIAN_POINT('Ctrl Pts',(0.578067237811472,4.33507799154506,-5.08745221731003));
#6661=CARTESIAN_POINT('Ctrl Pts',(0.783690791015061,4.09387855395663,-5.0170946679895));
#6662=CARTESIAN_POINT('Ctrl Pts',(0.891792764992204,3.96129150079896,-5.00045175738807));
#6663=CARTESIAN_POINT('Ctrl Pts',(0.997161506991061,3.82499731443764,-5.0000030200212));
#6664=CARTESIAN_POINT('Ctrl Pts',(0.998581075070862,3.8231597841482,-5.));
#6665=CARTESIAN_POINT('Ctrl Pts',(1.,3.8213217608571,-5.));
#6666=CARTESIAN_POINT('Origin',(0.,0.,-5.));
#6667=CARTESIAN_POINT('Ctrl Pts',(-5.55111512312578E-16,4.95,-6.));
#6668=CARTESIAN_POINT('Ctrl Pts',(-5.44653497914609E-16,4.95,-6.12559655932194));
#6669=CARTESIAN_POINT('Ctrl Pts',(0.0251093899284636,4.95019951217058,-6.25955808493007));
#6670=CARTESIAN_POINT('Ctrl Pts',(0.127189299726918,4.94862895937741,-6.50594819704989));
#6671=CARTESIAN_POINT('Ctrl Pts',(0.204160944504378,4.9465866400932,-6.61837450687747));
#6672=CARTESIAN_POINT('Ctrl Pts',(0.382375981622587,4.9360230860622,-6.79658954399568));
#6673=CARTESIAN_POINT('Ctrl Pts',(0.495657473410159,4.92669207851375,-6.87375790458304));
#6674=CARTESIAN_POINT('Ctrl Pts',(0.742470659449511,4.89558050610848,-6.97544496640221));
#6675=CARTESIAN_POINT('Ctrl Pts',(0.875952691564244,4.87352535075403,-7.));
#6676=CARTESIAN_POINT('Ctrl Pts',(1.,4.84793770587041,-7.));
#6677=CARTESIAN_POINT('Origin',(0.,0.,-0.5));
#6678=CARTESIAN_POINT('',(-40.,-4.89858719658941E-15,-1.));
#6679=CARTESIAN_POINT('',(-39.5,-4.83735485663204E-15,-0.5));
#6680=CARTESIAN_POINT('Origin',(0.,0.,-1.));
#6681=CARTESIAN_POINT('Origin',(0.,0.,0.));
#6682=CARTESIAN_POINT('',(-40.,4.89858719658941E-15,-4.));
#6683=CARTESIAN_POINT('Origin',(0.,0.,-4.));
#6684=CARTESIAN_POINT('',(-40.,4.89858719658941E-15,0.));
#6685=CARTESIAN_POINT('Origin',(0.,0.,-4.5));
#6686=CARTESIAN_POINT('',(-39.5,4.83735485663204E-15,-4.5));
#6687=CARTESIAN_POINT('Origin',(1.,0.,-6.));
#6688=UNCERTAINTY_MEASURE_WITH_UNIT(LENGTH_MEASURE(0.01),#6692,
'DISTANCE_ACCURACY_VALUE',
'Maximum model space distance between geometric entities at asserted c
onnectivities');
#6689=UNCERTAINTY_MEASURE_WITH_UNIT(LENGTH_MEASURE(0.01),#6692,
'DISTANCE_ACCURACY_VALUE',
'Maximum model space distance between geometric entities at asserted c
onnectivities');
#6690=(
GEOMETRIC_REPRESENTATION_CONTEXT(3)
GLOBAL_UNCERTAINTY_ASSIGNED_CONTEXT((#6688))
GLOBAL_UNIT_ASSIGNED_CONTEXT((#6692,#6694,#6695))
REPRESENTATION_CONTEXT('','3D')
);
#6691=(
GEOMETRIC_REPRESENTATION_CONTEXT(3)
GLOBAL_UNCERTAINTY_ASSIGNED_CONTEXT((#6689))
GLOBAL_UNIT_ASSIGNED_CONTEXT((#6692,#6694,#6695))
REPRESENTATION_CONTEXT('','3D')
);
#6692=(
LENGTH_UNIT()
NAMED_UNIT(*)
SI_UNIT(.MILLI.,.METRE.)
);
#6693=(
LENGTH_UNIT()
NAMED_UNIT(*)
SI_UNIT($,.METRE.)
);
#6694=(
NAMED_UNIT(*)
PLANE_ANGLE_UNIT()
SI_UNIT($,.RADIAN.)
);
#6695=(
NAMED_UNIT(*)
SI_UNIT($,.STERADIAN.)
SOLID_ANGLE_UNIT()
);
#6696=SHAPE_DEFINITION_REPRESENTATION(#6697,#6698);
#6697=PRODUCT_DEFINITION_SHAPE('',$,#6700);
#6698=SHAPE_REPRESENTATION('',(#3364),#6690);
#6699=PRODUCT_DEFINITION_CONTEXT('part definition',#6704,'design');
#6700=PRODUCT_DEFINITION('tripod_platform','tripod_platform v6',#6701,#6699);
#6701=PRODUCT_DEFINITION_FORMATION('',$,#6706);
#6702=PRODUCT_RELATED_PRODUCT_CATEGORY('tripod_platform v6',
'tripod_platform v6',(#6706));
#6703=APPLICATION_PROTOCOL_DEFINITION('international standard',
'automotive_design',2009,#6704);
#6704=APPLICATION_CONTEXT(
'Core Data for Automotive Mechanical Design Process');
#6705=PRODUCT_CONTEXT('part definition',#6704,'mechanical');
#6706=PRODUCT('tripod_platform','tripod_platform v6',$,(#6705));
#6707=PRESENTATION_STYLE_ASSIGNMENT((#6708));
#6708=SURFACE_STYLE_USAGE(.BOTH.,#6709);
#6709=SURFACE_SIDE_STYLE('',(#6710));
#6710=SURFACE_STYLE_FILL_AREA(#6711);
#6711=FILL_AREA_STYLE('Steel - Satin',(#6712));
#6712=FILL_AREA_STYLE_COLOUR('Steel - Satin',#6713);
#6713=COLOUR_RGB('Steel - Satin',0.627450980392157,0.627450980392157,0.627450980392157);
ENDSEC;
END-ISO-10303-21;
