# WaveFront *.obj file (generated by Autodesk ATF)

mtllib pipette_holder_4_tag.mtl

g Body3

v -9.300000 0.000000 129.830995
v -8.796100 -3.019705 129.830995
v -7.339007 -5.712178 129.830995
v -5.086618 -7.785648 129.830995
v -2.283015 -9.015422 129.830995
v 0.767988 -9.268236 129.830995
v 3.735767 -8.516692 129.830995
v 6.298719 -6.842232 129.830995
v 8.179106 -4.426311 129.830995
v 9.173160 -1.530730 129.830995
v 9.173160 1.530730 129.830995
v 8.179106 4.426311 129.830995
v 6.298719 6.842232 129.830995
v 3.735767 8.516692 129.830995
v 0.767988 9.268236 129.830995
v -2.283015 9.015422 129.830995
v -5.086618 7.785648 129.830995
v -7.339007 5.712178 129.830995
v -8.796100 3.019705 129.830995
v -9.300000 0.000000 122.180995
v -8.796100 3.019705 122.180995
v -7.339007 5.712178 122.180995
v -5.086618 7.785648 122.180995
v -2.283015 9.015422 122.180995
v 0.767988 9.268236 122.180995
v 3.735767 8.516692 122.180995
v 6.298719 6.842232 122.180995
v 8.179106 4.426311 122.180995
v 9.173160 1.530730 122.180995
v 9.173160 -1.530730 122.180995
v 8.179106 -4.426311 122.180995
v 6.298719 -6.842232 122.180995
v 3.735767 -8.516692 122.180995
v 0.767988 -9.268236 122.180995
v -2.283015 -9.015422 122.180995
v -5.086618 -7.785648 122.180995
v -7.339007 -5.712178 122.180995
v -8.796100 -3.019705 122.180995
vt 0.930000 -0.000000 0.000000
vt 0.879610 0.301971 0.000000
vt 0.879610 -0.301971 0.000000
vt 0.733901 0.571218 0.000000
vt 0.733901 -0.571218 0.000000
vt 0.508662 0.778565 0.000000
vt 0.508662 -0.778565 0.000000
vt 0.228302 0.901542 0.000000
vt 0.228302 -0.901542 0.000000
vt -0.076799 0.926824 0.000000
vt -0.076799 -0.926824 0.000000
vt -0.373577 0.851669 0.000000
vt -0.629872 0.684223 0.000000
vt -0.817911 0.442631 0.000000
vt -0.917316 0.153073 0.000000
vt -0.917316 -0.153073 0.000000
vt -0.817911 -0.442631 0.000000
vt -0.629872 -0.684223 0.000000
vt -0.373577 -0.851669 0.000000
vt -0.930000 -0.000000 0.000000
vt -0.879610 -0.301971 0.000000
vt -0.879610 0.301971 0.000000
vt -0.733901 0.571218 0.000000
vt -0.733901 -0.571218 0.000000
vt -0.508662 0.778565 0.000000
vt -0.508662 -0.778565 0.000000
vt -0.228302 0.901542 0.000000
vt -0.228302 -0.901542 0.000000
vt 0.076799 0.926824 0.000000
vt 0.076799 -0.926824 0.000000
vt 0.373577 0.851669 0.000000
vt 0.629872 0.684223 0.000000
vt 0.817911 0.442631 0.000000
vt 0.917316 0.153073 0.000000
vt 0.917316 -0.153073 0.000000
vt 0.817911 -0.442631 0.000000
vt 0.629872 -0.684223 0.000000
vt 0.373577 -0.851669 0.000000
vt -0.765000 2.614136 0.000000
vt -0.000000 2.614136 0.000000
vt -0.765000 2.921681 0.000000
vt -0.000000 2.921681 0.000000
vt -0.765000 -2.921681 0.000000
vt -0.000000 -2.921681 0.000000
vt -0.765000 -2.614136 0.000000
vt -0.000000 -2.614136 0.000000
vt -0.765000 -2.306590 0.000000
vt -0.000000 -2.306590 0.000000
vt -0.765000 -1.999045 0.000000
vt -0.000000 -1.999045 0.000000
vt -0.765000 -1.691500 0.000000
vt -0.000000 -1.691500 0.000000
vt -0.765000 -1.383954 0.000000
vt -0.000000 -1.383954 0.000000
vt -0.765000 -1.076409 0.000000
vt -0.000000 -1.076409 0.000000
vt -0.765000 -0.768863 0.000000
vt -0.000000 -0.768863 0.000000
vt -0.765000 -0.461318 0.000000
vt -0.000000 -0.461318 0.000000
vt -0.765000 -0.153773 0.000000
vt -0.000000 -0.153773 0.000000
vt -0.765000 0.153773 0.000000
vt 0.000000 0.153773 0.000000
vt -0.765000 0.461318 0.000000
vt -0.000000 0.461318 0.000000
vt -0.765000 0.768863 0.000000
vt 0.000000 0.768863 0.000000
vt -0.765000 1.076409 0.000000
vt 0.000000 1.076409 0.000000
vt -0.765000 1.383954 0.000000
vt 0.000000 1.383954 0.000000
vt -0.765000 1.691500 0.000000
vt -0.000000 1.691500 0.000000
vt -0.765000 1.999045 0.000000
vt -0.000000 1.999045 0.000000
vt -0.765000 2.306590 0.000000
vt -0.000000 2.306590 0.000000
vn 0.000000 -0.000000 0.100000
vn 0.000000 -0.000000 0.100000
vn 0.000000 -0.000000 0.100000
vn 0.000000 -0.000000 0.100000
vn 0.000000 -0.000000 0.100000
vn 0.000000 -0.000000 0.100000
vn 0.000000 -0.000000 0.100000
vn 0.000000 -0.000000 0.100000
vn 0.000000 -0.000000 0.100000
vn 0.000000 -0.000000 0.100000
vn 0.000000 -0.000000 0.100000
vn 0.000000 -0.000000 0.100000
vn 0.000000 -0.000000 0.100000
vn 0.000000 -0.000000 0.100000
vn 0.000000 -0.000000 0.100000
vn 0.000000 -0.000000 0.100000
vn 0.000000 -0.000000 0.100000
vn 0.000000 -0.000000 0.100000
vn 0.000000 -0.000000 0.100000
vn -0.000000 0.000000 -0.100000
vn -0.000000 0.000000 -0.100000
vn -0.000000 0.000000 -0.100000
vn -0.000000 0.000000 -0.100000
vn -0.000000 0.000000 -0.100000
vn -0.000000 0.000000 -0.100000
vn -0.000000 0.000000 -0.100000
vn -0.000000 0.000000 -0.100000
vn -0.000000 0.000000 -0.100000
vn -0.000000 0.000000 -0.100000
vn -0.000000 0.000000 -0.100000
vn -0.000000 0.000000 -0.100000
vn -0.000000 0.000000 -0.100000
vn -0.000000 0.000000 -0.100000
vn -0.000000 0.000000 -0.100000
vn -0.000000 0.000000 -0.100000
vn -0.000000 0.000000 -0.100000
vn -0.000000 0.000000 -0.100000
vn -0.000000 0.000000 -0.100000
vn -0.094582 -0.032470 0.000000
vn -0.094582 -0.032470 0.000000
vn -0.100000 0.000000 0.000000
vn -0.100000 0.000000 0.000000
vn -0.094582 0.032470 0.000000
vn -0.094582 0.032470 0.000000
vn -0.078914 0.061421 0.000000
vn -0.078914 0.061421 0.000000
vn -0.054695 0.083717 0.000000
vn -0.054695 0.083717 0.000000
vn -0.024549 0.096940 0.000000
vn -0.024549 0.096940 0.000000
vn 0.008258 0.099658 0.000000
vn 0.008258 0.099658 0.000000
vn 0.040170 0.091577 0.000000
vn 0.040170 0.091577 0.000000
vn 0.067728 0.073572 0.000000
vn 0.067728 0.073572 0.000000
vn 0.087947 0.047595 0.000000
vn 0.087947 0.047595 0.000000
vn 0.098636 0.016459 0.000000
vn 0.098636 0.016459 0.000000
vn 0.098636 -0.016459 0.000000
vn 0.098636 -0.016459 0.000000
vn 0.087947 -0.047595 0.000000
vn 0.087947 -0.047595 0.000000
vn 0.067728 -0.073572 0.000000
vn 0.067728 -0.073572 0.000000
vn 0.040170 -0.091577 0.000000
vn 0.040170 -0.091577 0.000000
vn 0.008258 -0.099658 0.000000
vn 0.008258 -0.099658 0.000000
vn -0.024549 -0.096940 0.000000
vn -0.024549 -0.096940 0.000000
vn -0.054695 -0.083717 0.000000
vn -0.054695 -0.083717 0.000000
vn -0.078914 -0.061421 0.000000
vn -0.078914 -0.061421 0.000000
usemtl Plastic_-_Matte_(Green)
f 1/1/1 2/2/2 19/3/3
f 19/3/3 2/2/2 3/4/4
f 19/3/3 3/4/4 18/5/5
f 18/5/5 3/4/4 4/6/6
f 18/5/5 4/6/6 17/7/7
f 17/7/7 4/6/6 5/8/8
f 17/7/7 5/8/8 16/9/9
f 16/9/9 5/8/8 6/10/10
f 16/9/9 6/10/10 15/11/11
f 15/11/11 6/10/10 7/12/12
f 15/11/11 7/12/12 8/13/13
f 8/13/13 9/14/14 15/11/11
f 15/11/11 9/14/14 10/15/15
f 15/11/11 10/15/15 11/16/16
f 11/16/16 12/17/17 15/11/11
f 15/11/11 12/17/17 13/18/18
f 15/11/11 13/18/18 14/19/19
f 20/20/20 21/21/21 38/22/22
f 38/22/22 21/21/21 37/23/23
f 37/23/23 21/21/21 22/24/24
f 37/23/23 22/24/24 36/25/25
f 36/25/25 22/24/24 23/26/26
f 36/25/25 23/26/26 35/27/27
f 35/27/27 23/26/26 24/28/28
f 35/27/27 24/28/28 34/29/29
f 34/29/29 24/28/28 25/30/30
f 34/29/29 25/30/30 33/31/31
f 33/31/31 25/30/30 32/32/32
f 32/32/32 25/30/30 31/33/33
f 31/33/33 25/30/30 30/34/34
f 30/34/34 25/30/30 29/35/35
f 29/35/35 25/30/30 28/36/36
f 28/36/36 25/30/30 27/37/37
f 27/37/37 25/30/30 26/38/38
f 38/39/39 2/40/40 20/41/41
f 20/41/41 2/40/40 1/42/42
f 20/43/41 1/44/42 21/45/43
f 21/45/43 1/44/42 19/46/44
f 21/45/43 19/46/44 22/47/45
f 22/47/45 19/46/44 18/48/46
f 22/47/45 18/48/46 23/49/47
f 23/49/47 18/48/46 17/50/48
f 23/49/47 17/50/48 24/51/49
f 24/51/49 17/50/48 16/52/50
f 24/51/49 16/52/50 25/53/51
f 25/53/51 16/52/50 15/54/52
f 25/53/51 15/54/52 26/55/53
f 26/55/53 15/54/52 14/56/54
f 26/55/53 14/56/54 27/57/55
f 27/57/55 14/56/54 13/58/56
f 27/57/55 13/58/56 28/59/57
f 28/59/57 13/58/56 12/60/58
f 28/59/57 12/60/58 29/61/59
f 29/61/59 12/60/58 11/62/60
f 29/61/59 11/62/60 30/63/61
f 30/63/61 11/62/60 10/64/62
f 30/63/61 10/64/62 31/65/63
f 31/65/63 10/64/62 9/66/64
f 31/65/63 9/66/64 32/67/65
f 32/67/65 9/66/64 8/68/66
f 32/67/65 8/68/66 33/69/67
f 33/69/67 8/68/66 7/70/68
f 33/69/67 7/70/68 34/71/69
f 34/71/69 7/70/68 6/72/70
f 34/71/69 6/72/70 35/73/71
f 35/73/71 6/72/70 5/74/72
f 35/73/71 5/74/72 36/75/73
f 36/75/73 5/74/72 4/76/74
f 36/75/73 4/76/74 37/77/75
f 37/77/75 4/76/74 3/78/76
f 37/77/75 3/78/76 38/39/39
f 38/39/39 3/78/76 2/40/40
g Body4

v -9.414875 -9.433419 100.230995
v -5.876219 -11.286688 100.230995
v -1.997292 -12.240951 100.230995
v 1.997292 -12.240951 100.230995
v 5.876219 -11.286688 100.230995
v 9.414875 -9.433419 100.230995
v 6.016063 -17.260000 100.230995
v -6.016063 -17.260000 100.230995
v 3.481781 -26.861545 117.385446
v 12.011782 -7.219166 119.435500
v 9.067480 -9.666249 119.180100
v 5.640876 -11.373736 119.001892
v 1.914232 -12.250806 118.910353
v -1.914232 -12.250806 118.910353
v -5.640876 -11.373736 119.001892
v -9.067480 -9.666249 119.180100
v -12.011782 -7.219166 119.435500
v -3.481781 -26.861545 117.385446
v -12.011782 -7.219166 113.430995
v -3.481781 -26.861545 113.430995
v 12.011782 -7.219166 113.430995
v 11.197537 -8.016143 113.430995
v 10.330540 -8.755388 113.430995
v 9.414875 -9.433419 113.430995
v -9.414875 -9.433419 113.430995
v -10.330540 -8.755388 113.430995
v -11.197537 -8.016143 113.430995
v 3.481781 -26.861545 113.430995
v 6.016063 -17.260000 113.430995
v -6.016063 -17.260000 113.430995
vt 0.941488 -1.303848 0.000000
vt 0.587622 -1.489175 0.000000
vt 0.601606 -2.086507 0.000000
vt 0.199729 -1.584602 0.000000
vt -0.199729 -1.584602 0.000000
vt -0.601606 -2.086507 0.000000
vt -0.587622 -1.489175 0.000000
vt -0.941488 -1.303848 0.000000
vt -1.252367 -1.201178 0.000000
vt -1.498405 -0.906748 0.000000
vt -3.227274 -0.348178 0.000000
vt -1.670081 -0.564088 0.000000
vt -1.758264 -0.191423 0.000000
vt -1.758264 0.191423 0.000000
vt -3.227274 0.348178 0.000000
vt -1.670081 0.564088 0.000000
vt -1.498405 0.906748 0.000000
vt -1.252367 1.201178 0.000000
vt -0.000000 0.600450 0.000000
vt -0.000000 0.000000 0.000000
vt 2.141457 0.395445 0.000000
vt 2.141457 0.000000 0.000000
vt 1.894911 0.355360 0.000000
vt 1.320000 0.199579 0.000000
vt 1.920450 -0.028340 0.000000
vt 1.320000 0.085620 0.000000
vt 1.320000 -0.028340 0.000000
vt 1.877090 0.739060 0.000000
vt 0.000000 0.713967 0.000000
vt 0.000000 0.313539 0.000000
vt 1.320000 0.313539 0.000000
vt 0.000000 1.114396 0.000000
vt 1.867936 1.122760 0.000000
vt 1.867936 1.506460 0.000000
vt 0.000000 1.514824 0.000000
vt 1.877090 1.890160 0.000000
vt 0.000000 1.915253 0.000000
vt 1.894911 2.273860 0.000000
vt -0.000000 2.315681 0.000000
vt 1.320000 2.315681 0.000000
vt 1.320000 2.429641 0.000000
vt 1.920450 2.657560 0.000000
vt 1.320000 2.543600 0.000000
vt 1.320000 2.657560 0.000000
vt 2.141457 0.600450 0.000000
vt 0.000000 0.395445 0.000000
vt 2.141457 0.000000 0.000000
vt 0.000000 0.000000 0.000000
vt 0.696356 0.395445 0.000000
vt 0.000000 0.395445 0.000000
vt 0.696356 0.000000 0.000000
vt 0.000000 0.000000 0.000000
vt -0.941488 0.760694 0.000000
vt -1.033054 0.828497 0.000000
vt -0.601606 -0.021964 0.000000
vt -1.119754 0.902421 0.000000
vt -1.201178 0.982119 0.000000
vt -0.348178 -0.982119 0.000000
vt 0.348178 -0.982119 0.000000
vt 0.601606 -0.021964 0.000000
vt 1.201178 0.982119 0.000000
vt 1.119754 0.902421 0.000000
vt 1.033054 0.828497 0.000000
vt 0.941488 0.760694 0.000000
vt 0.853272 1.320000 0.000000
vt 0.000000 1.320000 0.000000
vt 0.853272 0.000000 0.000000
vt 0.000000 0.000000 0.000000
vt 1.203213 1.320000 0.000000
vt 0.000000 1.320000 0.000000
vt 1.203213 0.000000 0.000000
vt 0.000000 0.000000 0.000000
vt 0.853272 1.320000 0.000000
vt 0.000000 1.320000 0.000000
vt 0.853272 0.000000 0.000000
vt 0.000000 0.000000 0.000000
vn 0.000000 0.000000 -0.100000
vn 0.000000 0.000000 -0.100000
vn 0.000000 0.000000 -0.100000
vn 0.000000 0.000000 -0.100000
vn 0.000000 0.000000 -0.100000
vn 0.000000 0.000000 -0.100000
vn 0.000000 0.000000 -0.100000
vn 0.000000 0.000000 -0.100000
vn -0.000000 -0.010381 0.099460
vn -0.000000 -0.010381 0.099460
vn -0.000000 -0.010381 0.099460
vn -0.000000 -0.010381 0.099460
vn -0.000000 -0.010381 0.099460
vn -0.000000 -0.010381 0.099460
vn -0.000000 -0.010381 0.099460
vn -0.000000 -0.010381 0.099460
vn -0.000000 -0.010381 0.099460
vn -0.000000 -0.010381 0.099460
vn -0.091724 -0.039833 0.000000
vn -0.091724 -0.039833 0.000000
vn -0.091724 -0.039833 0.000000
vn -0.091724 -0.039833 0.000000
vn 0.054623 0.083763 0.000000
vn 0.062232 0.078276 0.000000
vn 0.072360 0.069022 0.000000
vn 0.067455 0.073823 0.000000
vn 0.072360 0.069022 0.000000
vn 0.033981 0.094049 0.000000
vn 0.035399 0.093525 0.000000
vn 0.056716 0.082361 0.000000
vn 0.056716 0.082361 0.000000
vn 0.012032 0.099274 0.000000
vn 0.011532 0.099333 0.000000
vn -0.011532 0.099333 0.000000
vn -0.012032 0.099274 0.000000
vn -0.033981 0.094049 0.000000
vn -0.035399 0.093525 0.000000
vn -0.054623 0.083763 0.000000
vn -0.056716 0.082361 0.000000
vn -0.056716 0.082361 0.000000
vn -0.062232 0.078276 0.000000
vn -0.072360 0.069022 0.000000
vn -0.067455 0.073823 0.000000
vn -0.072360 0.069022 0.000000
vn 0.091724 -0.039833 0.000000
vn 0.091724 -0.039833 0.000000
vn 0.091724 -0.039833 0.000000
vn 0.091724 -0.039833 0.000000
vn -0.000000 -0.100000 0.000000
vn -0.000000 -0.100000 0.000000
vn -0.000000 -0.100000 0.000000
vn -0.000000 -0.100000 0.000000
vn 0.000000 0.000000 -0.100000
vn 0.000000 0.000000 -0.100000
vn 0.000000 0.000000 -0.100000
vn 0.000000 0.000000 -0.100000
vn 0.000000 0.000000 -0.100000
vn 0.000000 0.000000 -0.100000
vn 0.000000 0.000000 -0.100000
vn 0.000000 0.000000 -0.100000
vn 0.000000 0.000000 -0.100000
vn 0.000000 0.000000 -0.100000
vn 0.000000 0.000000 -0.100000
vn 0.000000 0.000000 -0.100000
vn 0.091724 -0.039833 0.000000
vn 0.091724 -0.039833 0.000000
vn 0.091724 -0.039833 0.000000
vn 0.091724 -0.039833 0.000000
vn -0.000000 -0.100000 0.000000
vn -0.000000 -0.100000 0.000000
vn -0.000000 -0.100000 0.000000
vn -0.000000 -0.100000 0.000000
vn -0.091724 -0.039833 0.000000
vn -0.091724 -0.039833 0.000000
vn -0.091724 -0.039833 0.000000
vn -0.091724 -0.039833 0.000000
usemtl Plastic_-_Matte_(White)
f 39/79/77 40/80/78 46/81/79
f 46/81/79 40/80/78 41/82/80
f 46/81/79 41/82/80 42/83/81
f 46/81/79 42/83/81 45/84/82
f 45/84/82 42/83/81 43/85/83
f 45/84/82 43/85/83 44/86/84
f 48/87/85 49/88/86 47/89/87
f 47/89/87 49/88/86 50/90/88
f 47/89/87 50/90/88 51/91/89
f 51/91/89 52/92/90 47/89/87
f 47/89/87 52/92/90 56/93/91
f 56/93/91 52/92/90 53/94/92
f 56/93/91 53/94/92 54/95/93
f 54/95/93 55/96/94 56/93/91
f 55/97/95 57/98/96 56/99/97
f 56/99/97 57/98/96 58/100/98
f 54/101/99 64/102/100 55/103/101
f 55/103/101 64/102/100 65/104/102
f 55/103/101 65/104/102 57/105/103
f 53/106/104 40/107/105 54/101/99
f 54/101/99 40/107/105 39/108/106
f 54/101/99 39/108/106 63/109/107
f 40/107/105 53/106/104 41/110/108
f 41/110/108 53/106/104 52/111/109
f 41/110/108 52/111/109 51/112/110
f 41/110/108 51/112/110 42/113/111
f 42/113/111 51/112/110 50/114/112
f 42/113/111 50/114/112 43/115/113
f 43/115/113 50/114/112 49/116/114
f 43/115/113 49/116/114 44/117/115
f 44/117/115 49/116/114 62/118/116
f 62/118/116 49/116/114 61/119/117
f 61/119/117 49/116/114 48/120/118
f 61/119/117 48/120/118 60/121/119
f 60/121/119 48/120/118 59/122/120
f 63/109/107 64/102/100 54/101/99
f 48/123/121 47/124/122 59/125/123
f 59/125/123 47/124/122 66/126/124
f 47/127/125 56/128/126 66/129/127
f 66/129/127 56/128/126 58/130/128
f 62/131/129 61/132/130 67/133/131
f 67/133/131 61/132/130 60/134/132
f 67/133/131 60/134/132 59/135/133
f 59/135/133 66/136/134 67/133/131
f 67/133/131 66/136/134 58/137/135
f 67/133/131 58/137/135 68/138/136
f 68/138/136 58/137/135 57/139/137
f 68/138/136 57/139/137 65/140/138
f 65/140/138 64/141/139 68/138/136
f 68/138/136 64/141/139 63/142/140
f 62/143/141 67/144/142 44/145/143
f 44/145/143 67/144/142 45/146/144
f 67/147/145 68/148/146 45/149/147
f 45/149/147 68/148/146 46/150/148
f 68/151/149 63/152/150 46/153/151
f 46/153/151 63/152/150 39/154/152
g Body5

v 7.810474 7.603058 120.982479
v 9.777676 4.817369 120.691740
v 10.787772 1.560122 120.351785
v 10.741885 -1.849841 119.995890
v 9.644507 -5.078728 119.658895
v 7.603058 -7.810474 119.373785
v 4.817369 -9.777676 119.168471
v 1.560122 -10.787772 119.063048
v -1.849841 -10.741885 119.067837
v -5.078728 -9.644507 119.182369
v -7.810474 -7.603058 119.395433
v -9.777676 -4.817369 119.686173
v -10.787772 -1.560122 120.026128
v -10.741885 1.849841 120.382022
v -9.644507 5.078728 120.719018
v -7.603058 7.810474 121.004127
v -4.817369 9.777676 121.209442
v -1.560122 10.787772 121.314865
v 1.849841 10.741885 121.310075
v 5.078728 9.644507 121.195543
v -12.130000 -5.942742 119.568719
v -11.350894 -7.736819 119.381473
v -7.993768 -10.195868 119.124824
v -4.128176 -11.736781 118.964001
v 0.000000 -12.261545 118.909232
v 4.128176 -11.736781 118.964001
v 7.993768 -10.195868 119.124824
v 11.350894 -7.736819 119.381473
v 12.130000 -5.942742 119.568719
v 12.130000 4.086943 120.615506
v 11.573367 5.467831 120.759628
v 10.860150 6.774742 120.896029
v 10.000000 7.989994 121.022863
v 10.000000 17.724961 122.038892
v -10.000000 17.724961 122.038892
v -10.000000 7.989994 121.022863
v -10.860150 6.774742 120.896029
v -11.573367 5.467831 120.759628
v -12.130000 4.086943 120.615506
v 12.130000 -5.942742 0.000000
v 12.130000 4.086943 0.000000
v -11.350894 -7.736819 100.230995
v -7.993768 -10.195868 100.230995
v -4.128176 -11.736781 100.230995
v 0.000000 -12.261545 100.230995
v 4.128176 -11.736781 100.230995
v 7.993768 -10.195868 100.230995
v 11.350894 -7.736819 100.230995
v -12.130000 -5.942742 0.000000
v -6.563911 -18.760000 0.000000
v -6.563911 -18.760000 100.230995
v -12.130000 4.086943 0.000000
v 6.563911 -18.760000 100.230995
v 6.563911 -18.760000 0.000000
v -10.000000 7.989994 110.830968
v -9.477350 8.603351 112.393278
v -8.726182 9.364369 113.750493
v -7.680820 10.238988 114.927900
v -6.462202 11.046902 115.792522
v -5.021464 11.771966 116.439202
v -3.409425 12.336808 116.875638
v -1.703780 12.683134 117.118480
v 0.000000 12.800000 117.193938
v 1.703780 12.683134 117.118480
v 3.409425 12.336808 116.875638
v 5.021464 11.771966 116.439202
v 6.462202 11.046902 115.792522
v 7.680820 10.238988 114.927900
v 8.726182 9.364369 113.750493
v 9.477350 8.603351 112.393278
v 10.000000 7.989994 110.830968
v 10.551051 7.246746 0.000000
v 8.168573 9.854665 0.000000
v 5.164008 11.712089 0.000000
v 1.766171 12.677564 0.000000
v -1.766171 12.677564 0.000000
v -5.164008 11.712089 0.000000
v -8.168573 9.854665 0.000000
v -10.551051 7.246746 0.000000
v -10.551051 7.246746 60.511432
v -8.168573 9.854665 60.511432
v -5.164008 11.712089 60.511432
v -1.766171 12.677564 60.511432
v 1.766171 12.677564 60.511432
v 5.164008 11.712089 60.511432
v 8.168573 9.854665 60.511432
v 10.551051 7.246746 60.511432
v -5.400000 0.000000 118.230995
v -4.933145 2.196378 118.230995
v -3.613305 4.012982 118.230995
v -1.668692 5.135705 118.230995
v 0.564454 5.370418 118.230995
v 2.700000 4.676537 118.230995
v 4.368692 3.174040 118.230995
v 5.281997 1.122723 118.230995
v 5.281997 -1.122723 118.230995
v 4.368692 -3.174040 118.230995
v 2.700000 -4.676537 118.230995
v 0.564454 -5.370418 118.230995
v -1.668692 -5.135705 118.230995
v -3.613305 -4.012982 118.230995
v -4.933145 -2.196378 118.230995
v 7.810474 7.603058 118.230995
v 5.078728 9.644507 118.230995
v 1.849841 10.741885 118.230995
v -1.560122 10.787772 118.230995
v -4.817369 9.777676 118.230995
v -7.603058 7.810474 118.230995
v -9.644507 5.078728 118.230995
v -10.741885 1.849841 118.230995
v -10.787772 -1.560122 118.230995
v -9.777676 -4.817369 118.230995
v -7.810474 -7.603058 118.230995
v -5.078728 -9.644507 118.230995
v -1.849841 -10.741885 118.230995
v 1.560122 -10.787772 118.230995
v 4.817369 -9.777676 118.230995
v 7.603058 -7.810474 118.230995
v 9.644507 -5.078728 118.230995
v 10.741885 -1.849841 118.230995
v 10.787772 1.560122 118.230995
v 9.777676 4.817369 118.230995
v 10.000000 33.923441 105.219295
v -10.000000 33.923441 105.219295
v -10.000000 33.968904 109.051082
v -10.000000 33.029676 112.766255
v -10.000000 31.168644 116.116064
v -10.000000 28.510414 118.876221
v -10.000000 25.232968 120.861921
v -10.000000 21.555747 121.940210
v 10.000000 21.555747 121.940210
v 10.000000 25.232968 120.861921
v 10.000000 28.510414 118.876221
v 10.000000 31.168644 116.116064
v 10.000000 33.029676 112.766255
v 10.000000 33.968904 109.051082
v 10.000000 30.938455 105.430995
v -10.000000 30.938455 105.430995
v -10.000000 31.200449 104.584035
v -10.000000 31.894911 104.032939
v -10.000000 32.779246 103.970221
v -10.000000 33.544535 104.417788
v 10.000000 33.544535 104.417788
v 10.000000 32.779246 103.970221
v 10.000000 31.894911 104.032939
v 10.000000 31.200449 104.584035
v 10.000000 30.921328 105.430995
v -10.000000 30.921328 105.430995
v 10.000000 9.533156 114.003413
v 10.000000 11.944537 116.578484
v 10.000000 15.008946 118.326384
v 10.000000 18.452914 119.091129
v 10.000000 21.969102 118.804473
v 10.000000 25.243726 117.491998
v 10.000000 27.984558 115.270829
v 10.000000 29.947007 112.339182
v 10.000000 30.955942 108.958679
v -10.000000 30.955942 108.958679
v -10.000000 29.947007 112.339182
v -10.000000 27.984558 115.270829
v -10.000000 25.243726 117.491998
v -10.000000 21.969102 118.804473
v -10.000000 18.452914 119.091129
v -10.000000 15.008946 118.326384
v -10.000000 11.944537 116.578484
v -10.000000 9.533156 114.003413
v -5.400000 0.000000 122.180995
v -4.933145 2.196378 122.180995
v -3.613305 4.012982 122.180995
v -1.668692 5.135705 122.180995
v 0.564454 5.370418 122.180995
v 2.700000 4.676537 122.180995
v 4.368692 3.174040 122.180995
v 5.281997 1.122723 122.180995
v 5.281997 -1.122723 122.180995
v 4.368692 -3.174040 122.180995
v 2.700000 -4.676537 122.180995
v 0.564454 -5.370418 122.180995
v -1.668692 -5.135705 122.180995
v -3.613305 -4.012982 122.180995
v -4.933145 -2.196378 122.180995
vt -2.818134 -0.977768 0.000000
vt -2.499148 -1.000000 0.000000
vt -2.538052 -0.781047 0.000000
vt -1.520364 -1.000000 0.000000
vt -2.332798 -0.507873 0.000000
vt -2.222464 -0.184984 0.000000
vt -2.217851 0.156012 0.000000
vt -1.520364 1.000000 0.000000
vt -2.319409 0.481737 0.000000
vt -2.517198 0.760306 0.000000
vt -2.499148 1.000000 0.000000
vt -2.791856 0.964451 0.000000
vt -2.621333 1.086015 0.000000
vt -2.752734 1.157337 0.000000
vt -3.145628 -1.078777 0.000000
vt -2.891573 -1.213000 0.000000
vt -2.752734 -1.157337 0.000000
vt -2.621333 -1.086015 0.000000
vt -3.488476 -1.074188 0.000000
vt -3.899989 -1.213000 0.000000
vt -3.813119 -0.964451 0.000000
vt -4.080372 -1.135089 0.000000
vt -4.087777 -0.760306 0.000000
vt -4.327612 -0.799377 0.000000
vt -4.285566 -0.481737 0.000000
vt -4.482540 -0.412818 0.000000
vt -4.387124 -0.156012 0.000000
vt -4.535302 -0.000000 0.000000
vt -4.382510 0.184984 0.000000
vt -4.482540 0.412818 0.000000
vt -4.272177 0.507873 0.000000
vt -4.327612 0.799377 0.000000
vt -4.066923 0.781047 0.000000
vt -4.080372 1.135089 0.000000
vt -3.786841 0.977768 0.000000
vt -3.899989 1.213000 0.000000
vt -3.459347 1.078777 0.000000
vt -2.891573 1.213000 0.000000
vt -3.116499 1.074188 0.000000
vt 0.100420 0.000000 0.000000
vt 1.103388 0.000000 0.000000
vt 0.100420 11.956872 0.000000
vt 1.103388 12.061551 0.000000
vt -1.915048 -3.843565 0.000000
vt 0.000000 -3.843565 0.000000
vt -1.889383 -3.426315 0.000000
vt 0.000000 -3.426315 0.000000
vt -1.873301 -3.009064 0.000000
vt -0.000000 -3.009064 0.000000
vt -1.867824 -2.591814 0.000000
vt -0.000000 -2.591814 0.000000
vt -0.000000 -2.174563 0.000000
vt -1.873301 -2.174563 0.000000
vt -0.000000 -1.757313 0.000000
vt -1.889383 -1.757313 0.000000
vt -0.000000 -1.340063 0.000000
vt -1.915048 -1.340063 0.000000
vt 0.103485 11.938147 0.000000
vt -0.092110 11.956872 0.000000
vt 0.103485 10.023100 0.000000
vt -0.092110 0.000000 0.000000
vt 1.305257 0.000000 0.000000
vt 1.305257 10.023100 0.000000
vt 1.002968 0.000000 0.000000
vt 1.002968 11.956872 0.000000
vt 0.000000 0.000000 0.000000
vt 0.000000 12.061551 0.000000
vt -0.017371 10.023100 0.000000
vt -0.017371 0.000000 0.000000
vt 1.184402 10.023100 0.000000
vt 1.379996 0.000000 0.000000
vt 1.379996 11.956872 0.000000
vt 1.184402 11.938147 0.000000
vt -0.000000 3.250896 0.000000
vt -0.000000 3.605261 0.000000
vt -6.051143 3.250896 0.000000
vt -12.061551 3.605261 0.000000
vt -12.075963 3.456291 0.000000
vt -12.089603 3.307321 0.000000
vt -11.083097 3.158352 0.000000
vt -11.239328 3.077754 0.000000
vt -12.102286 3.158352 0.000000
vt -6.051143 2.896531 0.000000
vt -11.375049 2.970793 0.000000
vt -11.492790 2.834427 0.000000
vt -11.579252 2.688125 0.000000
vt -6.051143 2.542166 0.000000
vt -0.000000 2.542166 0.000000
vt -0.000000 2.187802 0.000000
vt -6.051143 2.187802 0.000000
vt -0.000000 1.833437 0.000000
vt -6.051143 1.833437 0.000000
vt -0.000000 1.479072 0.000000
vt -6.051143 1.479072 0.000000
vt -0.000000 1.124707 0.000000
vt -6.051143 1.124707 0.000000
vt -0.000000 0.770343 0.000000
vt -6.051143 0.770343 0.000000
vt -0.000000 0.415978 0.000000
vt -12.075963 0.564948 0.000000
vt -12.061551 0.415978 0.000000
vt -11.643920 2.526705 0.000000
vt -11.687564 2.355748 0.000000
vt -11.711848 2.181544 0.000000
vt -11.719394 2.010619 0.000000
vt -11.711848 1.839695 0.000000
vt -11.687564 1.665490 0.000000
vt -11.643920 1.494533 0.000000
vt -11.579252 1.333114 0.000000
vt -11.492790 1.186812 0.000000
vt -11.375049 1.050446 0.000000
vt -11.239328 0.943484 0.000000
vt -11.083097 0.862887 0.000000
vt -12.102286 0.862887 0.000000
vt -12.089603 0.713917 0.000000
vt -0.000000 2.896531 0.000000
vt 0.493315 -0.219638 0.000000
vt 1.074188 -0.184984 0.000000
vt 0.540000 0.000000 0.000000
vt 1.078777 0.156012 0.000000
vt 0.493315 0.219638 0.000000
vt 0.977768 0.481737 0.000000
vt 0.781047 0.760306 0.000000
vt 0.964451 -0.507873 0.000000
vt 0.361331 -0.401298 0.000000
vt 0.760306 -0.781047 0.000000
vt 0.481737 -0.977768 0.000000
vt 0.166869 -0.513571 0.000000
vt 0.156012 -1.078777 0.000000
vt -0.056445 -0.537042 0.000000
vt -0.184984 -1.074188 0.000000
vt -0.270000 -0.467654 0.000000
vt -0.507873 -0.964451 0.000000
vt -0.781047 -0.760306 0.000000
vt -0.436869 -0.317404 0.000000
vt -0.977768 -0.481737 0.000000
vt -0.528200 -0.112272 0.000000
vt -1.078777 -0.156012 0.000000
vt -0.528200 0.112272 0.000000
vt -1.074188 0.184984 0.000000
vt -0.964451 0.507873 0.000000
vt -0.436869 0.317404 0.000000
vt -0.760306 0.781047 0.000000
vt -0.270000 0.467654 0.000000
vt -0.481737 0.977768 0.000000
vt -0.056445 0.537042 0.000000
vt -0.156012 1.078777 0.000000
vt 0.184984 1.074188 0.000000
vt 0.166869 0.513571 0.000000
vt 0.507873 0.964451 0.000000
vt 0.361331 0.401298 0.000000
vt 0.296455 1.183851 0.000000
vt 0.000000 1.183851 0.000000
vt 0.275148 0.841417 0.000000
vt 0.000000 0.841417 0.000000
vt 0.246074 0.498983 0.000000
vt 0.000000 0.498983 0.000000
vt 0.212079 0.156550 0.000000
vt 0.000000 0.156550 0.000000
vt 0.176490 -0.185884 0.000000
vt 0.000000 -0.185884 0.000000
vt 0.142790 -0.528317 0.000000
vt 0.000000 -0.528317 0.000000
vt 0.114279 -0.870751 0.000000
vt 0.000000 -0.870751 0.000000
vt 0.093748 -1.213185 0.000000
vt 0.000000 -1.213185 0.000000
vt 0.083205 -1.555618 0.000000
vt 0.000000 -1.555618 0.000000
vt 0.000000 -1.898052 0.000000
vt 0.000000 1.526284 0.000000
vt 0.307908 1.526284 0.000000
vt 0.000000 1.868718 0.000000
vt 0.308387 1.868718 0.000000
vt 0.297845 2.211151 0.000000
vt 0.000000 2.211151 0.000000
vt 0.277313 2.553585 0.000000
vt 0.000000 2.553585 0.000000
vt 0.248802 2.896019 0.000000
vt 0.000000 2.896019 0.000000
vt 0.215103 3.238452 0.000000
vt 0.000000 3.238452 0.000000
vt 0.179513 3.580886 0.000000
vt 0.000000 3.580886 0.000000
vt 0.000000 -3.267786 0.000000
vt 0.179513 -3.267786 0.000000
vt 0.145518 -2.925353 0.000000
vt 0.000000 -2.925353 0.000000
vt 0.116444 -2.582919 0.000000
vt 0.000000 -2.582919 0.000000
vt 0.095137 -2.240485 0.000000
vt 0.000000 -2.240485 0.000000
vt 0.083684 -1.898052 0.000000
vt 1.000000 -4.442824 0.000000
vt -1.000000 -4.442824 0.000000
vt 1.000000 -4.827107 0.000000
vt -1.000000 -4.827107 0.000000
vt 1.000000 -5.211390 0.000000
vt -1.000000 -5.211390 0.000000
vt 1.000000 -5.595673 0.000000
vt -1.000000 -5.595673 0.000000
vt 1.000000 -5.979956 0.000000
vt -1.000000 -5.979956 0.000000
vt 1.000000 -6.364239 0.000000
vt -1.000000 -6.364239 0.000000
vt 1.000000 -6.748522 0.000000
vt -1.000000 -6.748522 0.000000
vt 1.000000 -7.132805 0.000000
vt -1.000000 -7.132805 0.000000
vt 1.000000 0.000000 0.000000
vt -1.000000 0.000000 0.000000
vt 1.000000 -0.090000 0.000000
vt -1.000000 -0.090000 0.000000
vt 1.000000 -0.179999 0.000000
vt -1.000000 -0.179999 0.000000
vt 1.000000 -0.269999 0.000000
vt -1.000000 -0.269999 0.000000
vt 1.000000 -0.359998 0.000000
vt -1.000000 -0.359998 0.000000
vt 1.000000 -0.449998 0.000000
vt -1.000000 -0.449998 0.000000
vt 0.001713 1.000000 0.000000
vt -0.000000 1.000000 0.000000
vt 0.001713 -1.000000 0.000000
vt -0.000000 -1.000000 0.000000
vt -1.284737 -0.219397 0.000000
vt -1.130421 0.097847 0.000000
vt -1.284737 0.799792 0.000000
vt -0.889283 0.355354 0.000000
vt -0.582842 0.530144 0.000000
vt -0.311241 0.901395 0.000000
vt -0.238445 0.606619 0.000000
vt 0.071838 0.891527 0.000000
vt 0.113174 0.577953 0.000000
vt 0.439560 0.783698 0.000000
vt 0.440636 0.446706 0.000000
vt 0.767305 0.585128 0.000000
vt 0.714719 0.224589 0.000000
vt 1.033128 0.309112 0.000000
vt 0.910964 -0.068576 0.000000
vt 1.219231 -0.025869 0.000000
vt 1.011858 -0.406626 0.000000
vt 1.313154 -0.397386 0.000000
vt 1.010109 -0.759395 0.000000
vt 1.308607 -0.780565 0.000000
vt 1.036308 -0.844091 0.000000
vt 1.270717 -0.860715 0.000000
vt 1.105754 -0.899200 0.000000
vt 1.194188 -0.905472 0.000000
vt 1.008396 -0.759395 0.000000
vt 1.284737 -0.219397 0.000000
vt 1.284737 0.799792 0.000000
vt 1.130421 0.097847 0.000000
vt 0.889283 0.355354 0.000000
vt 0.582842 0.530144 0.000000
vt 0.311241 0.901395 0.000000
vt 0.238445 0.606619 0.000000
vt -0.071838 0.891527 0.000000
vt -0.113174 0.577953 0.000000
vt -0.439560 0.783698 0.000000
vt -0.440636 0.446706 0.000000
vt -0.767305 0.585128 0.000000
vt -0.714719 0.224589 0.000000
vt -1.033128 0.309112 0.000000
vt -0.910964 -0.068576 0.000000
vt -1.219231 -0.025869 0.000000
vt -1.011858 -0.406626 0.000000
vt -1.313154 -0.397386 0.000000
vt -1.010109 -0.759395 0.000000
vt -1.308607 -0.780565 0.000000
vt -1.036308 -0.844091 0.000000
vt -1.270717 -0.860715 0.000000
vt -1.105754 -0.899200 0.000000
vt -1.194188 -0.905472 0.000000
vt -1.008396 -0.759395 0.000000
vt -1.000000 0.357596 0.000000
vt -0.947735 0.525579 0.000000
vt -1.000000 0.711706 0.000000
vt -0.872618 0.681298 0.000000
vt -0.768082 0.828067 0.000000
vt -0.646220 0.946454 0.000000
vt -1.000000 1.065817 0.000000
vt -0.502146 1.043639 0.000000
vt -0.340943 1.115031 0.000000
vt -0.170378 1.157328 0.000000
vt -1.000000 1.419927 0.000000
vt -0.000000 1.171237 0.000000
vt 1.000000 1.419927 0.000000
vt 0.170378 1.157328 0.000000
vt 1.000000 1.065817 0.000000
vt 0.340943 1.115031 0.000000
vt 0.502146 1.043639 0.000000
vt 0.646220 0.946454 0.000000
vt 1.000000 0.711706 0.000000
vt 0.768082 0.828067 0.000000
vt 0.872618 0.681298 0.000000
vt 0.947735 0.525579 0.000000
vt 1.000000 0.357596 0.000000
vt -1.000000 1.774038 0.000000
vt 1.000000 1.774038 0.000000
vt -1.000000 2.128148 0.000000
vt 1.000000 2.128148 0.000000
vt -1.000000 2.482259 0.000000
vt 1.000000 2.482259 0.000000
vt -1.000000 2.836369 0.000000
vt 1.000000 2.836369 0.000000
vt -1.000000 3.190480 0.000000
vt 1.000000 3.190480 0.000000
vt -1.000000 3.544590 0.000000
vt 1.000000 3.544590 0.000000
vt -1.000000 3.898701 0.000000
vt 1.000000 3.898701 0.000000
vt -0.000000 -1.470265 0.000000
vt -0.395000 -1.470265 0.000000
vt -0.000000 -1.696460 0.000000
vt -0.395000 -1.696460 0.000000
vt -0.000000 1.696460 0.000000
vt -0.395000 1.696460 0.000000
vt -0.000000 1.470265 0.000000
vt -0.395000 1.470265 0.000000
vt -0.395000 1.244071 0.000000
vt -0.000000 -1.244071 0.000000
vt -0.395000 -1.244071 0.000000
vt -0.000000 -1.017876 0.000000
vt -0.395000 -1.017876 0.000000
vt -0.000000 -0.791681 0.000000
vt -0.395000 -0.791681 0.000000
vt -0.000000 -0.565487 0.000000
vt -0.395000 -0.565487 0.000000
vt -0.000000 -0.339292 0.000000
vt -0.395000 -0.339292 0.000000
vt -0.000000 -0.113097 0.000000
vt -0.395000 -0.113097 0.000000
vt -0.000000 0.113097 0.000000
vt -0.395000 0.113097 0.000000
vt -0.000000 0.339292 0.000000
vt -0.395000 0.339292 0.000000
vt -0.000000 0.565487 0.000000
vt -0.395000 0.565487 0.000000
vt -0.000000 0.791681 0.000000
vt -0.395000 0.791681 0.000000
vt -0.000000 1.017876 0.000000
vt -0.395000 1.017876 0.000000
vt -0.000000 1.244071 0.000000
vt -0.540000 -1.090507 0.000000
vt -0.493315 -1.310144 0.000000
vt -0.493315 -0.870869 0.000000
vt -0.361331 -0.689208 0.000000
vt -0.361331 -1.491805 0.000000
vt -0.166869 -0.576936 0.000000
vt -0.166869 -1.604077 0.000000
vt 0.056445 -0.553465 0.000000
vt 0.056445 -1.627548 0.000000
vt 0.270000 -0.622853 0.000000
vt 0.270000 -1.558160 0.000000
vt 0.436869 -0.773102 0.000000
vt 0.436869 -1.407911 0.000000
vt 0.528200 -0.978234 0.000000
vt 0.528200 -1.202779 0.000000
vt 1.356391 10.023100 0.000000
vt 0.043609 10.023100 0.000000
vt 1.356391 0.000000 0.000000
vt 0.043609 0.000000 0.000000
vt -1.135089 -0.773682 0.000000
vt -0.656391 -1.876000 0.000000
vt -0.799377 -1.019587 0.000000
vt -0.412818 -1.173678 0.000000
vt 0.000000 -1.226155 0.000000
vt 0.656391 -1.876000 0.000000
vt 0.412818 -1.173678 0.000000
vt 0.799377 -1.019587 0.000000
vt 1.135089 -0.773682 0.000000
vt 1.213000 -0.356889 0.000000
vt 1.055105 -0.040909 0.000000
vt 1.213000 -1.359858 0.000000
vt 0.816857 0.219883 0.000000
vt 0.516401 0.405625 0.000000
vt 0.176617 0.502173 0.000000
vt -0.176617 0.502173 0.000000
vt -1.213000 -1.359858 0.000000
vt -0.516401 0.405625 0.000000
vt -0.816857 0.219883 0.000000
vt -1.055105 -0.040909 0.000000
vt -1.213000 -0.356889 0.000000
vt -0.656391 -2.641584 0.000000
vt 0.656391 -2.641584 0.000000
vn -0.000000 -0.010381 0.099460
vn -0.000000 -0.010381 0.099460
vn -0.000000 -0.010381 0.099460
vn -0.000000 -0.010381 0.099460
vn -0.000000 -0.010381 0.099460
vn -0.000000 -0.010381 0.099460
vn -0.000000 -0.010381 0.099460
vn -0.000000 -0.010381 0.099460
vn -0.000000 -0.010381 0.099460
vn -0.000000 -0.010381 0.099460
vn -0.000000 -0.010381 0.099460
vn -0.000000 -0.010381 0.099460
vn -0.000000 -0.010381 0.099460
vn -0.000000 -0.010381 0.099460
vn -0.000000 -0.010381 0.099460
vn -0.000000 -0.010381 0.099460
vn -0.000000 -0.010381 0.099460
vn -0.000000 -0.010381 0.099460
vn -0.000000 -0.010381 0.099460
vn -0.000000 -0.010381 0.099460
vn -0.000000 -0.010381 0.099460
vn -0.000000 -0.010381 0.099460
vn -0.000000 -0.010381 0.099460
vn -0.000000 -0.010381 0.099460
vn -0.000000 -0.010381 0.099460
vn -0.000000 -0.010381 0.099460
vn -0.000000 -0.010381 0.099460
vn -0.000000 -0.010381 0.099460
vn -0.000000 -0.010381 0.099460
vn -0.000000 -0.010381 0.099460
vn -0.000000 -0.010381 0.099460
vn -0.000000 -0.010381 0.099460
vn -0.000000 -0.010381 0.099460
vn -0.000000 -0.010381 0.099460
vn -0.000000 -0.010381 0.099460
vn -0.000000 -0.010381 0.099460
vn -0.000000 -0.010381 0.099460
vn -0.000000 -0.010381 0.099460
vn -0.000000 -0.010381 0.099460
vn 0.100000 -0.000000 0.000000
vn 0.100000 -0.000000 0.000000
vn 0.100000 -0.000000 0.000000
vn 0.100000 -0.000000 0.000000
vn -0.068793 -0.072577 0.000000
vn -0.068793 -0.072577 0.000000
vn -0.048447 -0.087481 0.000000
vn -0.048447 -0.087481 0.000000
vn -0.025019 -0.096820 0.000000
vn -0.025019 -0.096820 0.000000
vn 0.000000 -0.100000 0.000000
vn 0.000000 -0.100000 0.000000
vn 0.025019 -0.096820 0.000000
vn 0.025019 -0.096820 0.000000
vn 0.048447 -0.087481 0.000000
vn 0.048447 -0.087481 0.000000
vn 0.068793 -0.072577 0.000000
vn 0.068793 -0.072577 0.000000
vn -0.091724 -0.039833 0.000000
vn -0.091724 -0.039833 0.000000
vn -0.091724 -0.039833 0.000000
vn -0.091724 -0.039833 0.000000
vn -0.091724 -0.039833 0.000000
vn -0.091724 -0.039833 0.000000
vn -0.100000 0.000000 0.000000
vn -0.100000 0.000000 0.000000
vn -0.100000 0.000000 0.000000
vn -0.100000 0.000000 0.000000
vn 0.091724 -0.039833 0.000000
vn 0.091724 -0.039833 0.000000
vn 0.091724 -0.039833 0.000000
vn 0.091724 -0.039833 0.000000
vn 0.091724 -0.039833 0.000000
vn 0.091724 -0.039833 0.000000
vn -0.082430 0.056615 -0.000000
vn -0.094766 0.031929 -0.000000
vn -0.082430 0.056615 -0.000000
vn -0.094766 0.031929 -0.000000
vn -0.090417 0.042717 -0.000000
vn -0.084845 0.052928 -0.000000
vn -0.078125 0.062422 -0.000000
vn -0.074042 0.067214 -0.000000
vn -0.078125 0.062422 -0.000000
vn -0.063817 0.076990 -0.000000
vn -0.068174 0.073160 -0.000000
vn -0.060008 0.079994 -0.000000
vn -0.050493 0.086316 -0.000000
vn -0.040344 0.091501 -0.000000
vn -0.040344 0.091501 -0.000000
vn -0.013798 0.099043 -0.000000
vn -0.013798 0.099043 -0.000000
vn 0.013798 0.099043 0.000000
vn 0.013798 0.099043 0.000000
vn 0.040344 0.091501 0.000000
vn 0.040344 0.091501 0.000000
vn 0.063817 0.076990 0.000000
vn 0.063817 0.076990 0.000000
vn 0.082430 0.056615 0.000000
vn 0.082430 0.056615 0.000000
vn 0.094766 0.031929 0.000000
vn 0.090417 0.042717 0.000000
vn 0.094766 0.031929 0.000000
vn -0.039236 0.091981 -0.000000
vn -0.026638 0.096387 -0.000000
vn -0.013314 0.099110 -0.000000
vn 0.000000 0.100000 0.000000
vn 0.013314 0.099110 0.000000
vn 0.026638 0.096387 0.000000
vn 0.039236 0.091981 0.000000
vn 0.050493 0.086316 0.000000
vn 0.060008 0.079994 0.000000
vn 0.068174 0.073160 0.000000
vn 0.074042 0.067214 0.000000
vn 0.078125 0.062422 0.000000
vn 0.078125 0.062422 0.000000
vn 0.084845 0.052928 0.000000
vn -0.063817 0.076990 -0.000000
vn 0.000000 -0.000000 0.100000
vn 0.000000 -0.000000 0.100000
vn 0.000000 -0.000000 0.100000
vn 0.000000 -0.000000 0.100000
vn 0.000000 -0.000000 0.100000
vn 0.000000 -0.000000 0.100000
vn 0.000000 -0.000000 0.100000
vn 0.000000 -0.000000 0.100000
vn 0.000000 -0.000000 0.100000
vn 0.000000 -0.000000 0.100000
vn 0.000000 -0.000000 0.100000
vn 0.000000 -0.000000 0.100000
vn 0.000000 -0.000000 0.100000
vn 0.000000 -0.000000 0.100000
vn 0.000000 -0.000000 0.100000
vn 0.000000 -0.000000 0.100000
vn 0.000000 -0.000000 0.100000
vn 0.000000 -0.000000 0.100000
vn 0.000000 -0.000000 0.100000
vn 0.000000 -0.000000 0.100000
vn 0.000000 -0.000000 0.100000
vn 0.000000 -0.000000 0.100000
vn 0.000000 -0.000000 0.100000
vn 0.000000 -0.000000 0.100000
vn 0.000000 -0.000000 0.100000
vn 0.000000 -0.000000 0.100000
vn 0.000000 -0.000000 0.100000
vn 0.000000 -0.000000 0.100000
vn 0.000000 -0.000000 0.100000
vn 0.000000 -0.000000 0.100000
vn 0.000000 -0.000000 0.100000
vn 0.000000 -0.000000 0.100000
vn 0.000000 -0.000000 0.100000
vn 0.000000 -0.000000 0.100000
vn 0.000000 -0.000000 0.100000
vn -0.046594 -0.088482 0.000000
vn -0.046594 -0.088482 0.000000
vn -0.071656 -0.069753 0.000000
vn -0.071656 -0.069753 0.000000
vn -0.089703 -0.044196 0.000000
vn -0.089703 -0.044196 0.000000
vn -0.098970 -0.014313 0.000000
vn -0.098970 -0.014313 0.000000
vn -0.098549 0.016971 0.000000
vn -0.098549 0.016971 0.000000
vn -0.088482 0.046594 0.000000
vn -0.088482 0.046594 0.000000
vn -0.069753 0.071656 0.000000
vn -0.069753 0.071656 0.000000
vn -0.044196 0.089703 0.000000
vn -0.044196 0.089703 0.000000
vn -0.014313 0.098970 0.000000
vn -0.014313 0.098970 0.000000
vn 0.016971 0.098549 0.000000
vn -0.016971 -0.098549 0.000000
vn -0.016971 -0.098549 0.000000
vn 0.014313 -0.098970 0.000000
vn 0.014313 -0.098970 0.000000
vn 0.044196 -0.089703 0.000000
vn 0.044196 -0.089703 0.000000
vn 0.069753 -0.071656 0.000000
vn 0.069753 -0.071656 0.000000
vn 0.088482 -0.046594 0.000000
vn 0.088482 -0.046594 0.000000
vn 0.098549 -0.016971 0.000000
vn 0.098549 -0.016971 0.000000
vn 0.098970 0.014313 0.000000
vn 0.098970 0.014313 0.000000
vn 0.089703 0.044196 0.000000
vn 0.089703 0.044196 0.000000
vn 0.071656 0.069753 0.000000
vn 0.071656 0.069753 0.000000
vn 0.046594 0.088482 0.000000
vn 0.046594 0.088482 0.000000
vn 0.016971 0.098549 0.000000
vn 0.000000 0.098999 -0.014113
vn 0.000000 0.098999 -0.014113
vn 0.000000 0.099306 0.011761
vn 0.000000 0.099306 0.011761
vn 0.000000 0.092964 0.036847
vn 0.000000 0.092964 0.036847
vn 0.000000 0.080397 0.059466
vn 0.000000 0.080397 0.059466
vn 0.000000 0.062448 0.078104
vn 0.000000 0.062448 0.078104
vn 0.000000 0.040317 0.091512
vn 0.000000 0.040317 0.091512
vn 0.000000 0.015487 0.098793
vn 0.000000 0.015487 0.098793
vn -0.000000 -0.010380 0.099460
vn -0.000000 -0.010380 0.099460
vn -0.000000 -0.100000 0.000000
vn -0.000000 -0.100000 0.000000
vn -0.000000 -0.082534 -0.056464
vn -0.000000 -0.082534 -0.056464
vn -0.000000 -0.036236 -0.093204
vn -0.000000 -0.036236 -0.093204
vn 0.000000 0.022719 -0.097385
vn 0.000000 0.022719 -0.097385
vn 0.000000 0.073739 -0.067547
vn 0.000000 0.073739 -0.067547
vn -0.000000 0.000000 -0.100000
vn -0.000000 0.000000 -0.100000
vn -0.000000 0.000000 -0.100000
vn -0.000000 0.000000 -0.100000
vn 0.100000 -0.000000 0.000000
vn 0.100000 -0.000000 0.000000
vn 0.100000 -0.000000 0.000000
vn 0.100000 -0.000000 0.000000
vn 0.100000 -0.000000 0.000000
vn 0.100000 -0.000000 0.000000
vn 0.100000 -0.000000 0.000000
vn 0.100000 -0.000000 0.000000
vn 0.100000 -0.000000 0.000000
vn 0.100000 -0.000000 0.000000
vn 0.100000 -0.000000 0.000000
vn 0.100000 -0.000000 0.000000
vn 0.100000 -0.000000 0.000000
vn 0.100000 -0.000000 0.000000
vn 0.100000 -0.000000 0.000000
vn 0.100000 -0.000000 0.000000
vn 0.100000 -0.000000 0.000000
vn 0.100000 -0.000000 0.000000
vn 0.100000 -0.000000 0.000000
vn 0.100000 -0.000000 0.000000
vn 0.100000 -0.000000 0.000000
vn 0.100000 -0.000000 0.000000
vn 0.100000 -0.000000 0.000000
vn 0.100000 -0.000000 0.000000
vn 0.100000 -0.000000 0.000000
vn -0.100000 0.000000 0.000000
vn -0.100000 0.000000 0.000000
vn -0.100000 0.000000 0.000000
vn -0.100000 0.000000 0.000000
vn -0.100000 0.000000 0.000000
vn -0.100000 0.000000 0.000000
vn -0.100000 0.000000 0.000000
vn -0.100000 0.000000 0.000000
vn -0.100000 0.000000 0.000000
vn -0.100000 0.000000 0.000000
vn -0.100000 0.000000 0.000000
vn -0.100000 0.000000 0.000000
vn -0.100000 0.000000 0.000000
vn -0.100000 0.000000 0.000000
vn -0.100000 0.000000 0.000000
vn -0.100000 0.000000 0.000000
vn -0.100000 0.000000 0.000000
vn -0.100000 0.000000 0.000000
vn -0.100000 0.000000 0.000000
vn -0.100000 0.000000 0.000000
vn -0.100000 0.000000 0.000000
vn -0.100000 0.000000 0.000000
vn -0.100000 0.000000 0.000000
vn -0.100000 0.000000 0.000000
vn -0.100000 0.000000 0.000000
vn 0.000000 0.095450 -0.029820
vn 0.000000 0.090259 -0.043050
vn 0.000000 0.082383 -0.056683
vn 0.000000 0.083815 -0.054543
vn 0.000000 0.076408 -0.064513
vn 0.000000 0.069568 -0.071836
vn 0.000000 0.061964 -0.078488
vn 0.000000 0.063427 -0.077311
vn 0.000000 0.058641 -0.081002
vn 0.000000 0.055702 -0.083050
vn 0.000000 0.036016 -0.093289
vn 0.000000 0.054720 -0.083700
vn 0.000000 0.036016 -0.093289
vn 0.000000 0.055702 -0.083050
vn 0.000000 0.061964 -0.078488
vn 0.000000 0.058641 -0.081002
vn 0.000000 0.063427 -0.077311
vn 0.000000 0.069568 -0.071836
vn 0.000000 0.082383 -0.056683
vn 0.000000 0.076408 -0.064513
vn 0.000000 0.083815 -0.054543
vn 0.000000 0.090259 -0.043050
vn 0.000000 0.095450 -0.029820
vn 0.000000 0.006853 -0.099765
vn 0.000000 0.006853 -0.099765
vn -0.000000 -0.022921 -0.097338
vn -0.000000 -0.022921 -0.097338
vn -0.000000 -0.050650 -0.086224
vn -0.000000 -0.050650 -0.086224
vn -0.000000 -0.073859 -0.067415
vn -0.000000 -0.073859 -0.067415
vn -0.000000 -0.090477 -0.042591
vn -0.000000 -0.090477 -0.042591
vn -0.000000 -0.099020 -0.013966
vn -0.000000 -0.099020 -0.013966
vn -0.000000 -0.098727 0.015906
vn -0.000000 -0.098727 0.015906
vn -0.091355 -0.040674 0.000000
vn -0.091355 -0.040674 0.000000
vn -0.100000 0.000000 -0.000000
vn -0.100000 0.000000 -0.000000
vn -0.091355 0.040674 -0.000000
vn -0.091355 0.040674 -0.000000
vn -0.066913 0.074314 -0.000000
vn -0.066913 -0.074314 0.000000
vn -0.066913 -0.074314 0.000000
vn -0.030902 -0.095106 0.000000
vn -0.030902 -0.095106 0.000000
vn 0.010453 -0.099452 0.000000
vn 0.010453 -0.099452 0.000000
vn 0.050000 -0.086603 0.000000
vn 0.050000 -0.086603 0.000000
vn 0.080902 -0.058779 0.000000
vn 0.080902 -0.058779 0.000000
vn 0.097815 -0.020791 0.000000
vn 0.097815 -0.020791 0.000000
vn 0.097815 0.020791 0.000000
vn 0.097815 0.020791 0.000000
vn 0.080902 0.058779 0.000000
vn 0.080902 0.058779 0.000000
vn 0.050000 0.086603 0.000000
vn 0.050000 0.086603 0.000000
vn 0.010453 0.099452 0.000000
vn 0.010453 0.099452 0.000000
vn -0.030902 0.095106 -0.000000
vn -0.030902 0.095106 -0.000000
vn -0.066913 0.074314 -0.000000
vn 0.000000 0.000000 0.100000
vn 0.000000 0.000000 0.100000
vn 0.000000 0.000000 0.100000
vn 0.000000 0.000000 0.100000
vn 0.000000 0.000000 0.100000
vn 0.000000 0.000000 0.100000
vn 0.000000 0.000000 0.100000
vn 0.000000 0.000000 0.100000
vn 0.000000 0.000000 0.100000
vn 0.000000 0.000000 0.100000
vn 0.000000 0.000000 0.100000
vn 0.000000 0.000000 0.100000
vn 0.000000 0.000000 0.100000
vn 0.000000 0.000000 0.100000
vn 0.000000 0.000000 0.100000
vn -0.000000 -0.100000 0.000000
vn -0.000000 -0.100000 0.000000
vn -0.000000 -0.100000 0.000000
vn -0.000000 -0.100000 0.000000
vn 0.000000 0.000000 0.100000
vn 0.000000 0.000000 0.100000
vn 0.000000 0.000000 0.100000
vn 0.000000 0.000000 0.100000
vn 0.000000 0.000000 0.100000
vn 0.000000 0.000000 0.100000
vn 0.000000 0.000000 0.100000
vn 0.000000 0.000000 0.100000
vn 0.000000 0.000000 0.100000
vn 0.000000 0.000000 -0.100000
vn 0.000000 0.000000 -0.100000
vn 0.000000 0.000000 -0.100000
vn 0.000000 0.000000 -0.100000
vn 0.000000 0.000000 -0.100000
vn 0.000000 0.000000 -0.100000
vn 0.000000 0.000000 -0.100000
vn 0.000000 0.000000 -0.100000
vn 0.000000 0.000000 -0.100000
vn 0.000000 0.000000 -0.100000
vn 0.000000 0.000000 -0.100000
vn 0.000000 0.000000 -0.100000
vn 0.000000 0.000000 -0.100000
vn 0.000000 0.000000 -0.100000
usemtl Plastic_-_Matte_(Blue)
f 70/155/153 101/156/154 69/157/155
f 69/157/155 101/156/154 102/158/156
f 69/157/155 102/158/156 88/159/157
f 88/159/157 102/158/156 87/160/158
f 87/160/158 102/158/156 86/161/159
f 86/161/159 102/158/156 103/162/160
f 86/161/159 103/162/160 85/163/161
f 85/163/161 103/162/160 84/164/162
f 84/164/162 103/162/160 104/165/163
f 84/164/162 104/165/163 83/166/164
f 83/166/164 104/165/163 105/167/165
f 83/166/164 105/167/165 106/168/166
f 71/169/167 98/170/168 70/155/153
f 70/155/153 98/170/168 99/171/169
f 70/155/153 99/171/169 100/172/170
f 71/169/167 72/173/171 98/170/168
f 98/170/168 72/173/171 97/174/172
f 97/174/172 72/173/171 73/175/173
f 97/174/172 73/175/173 96/176/174
f 96/176/174 73/175/173 74/177/175
f 96/176/174 74/177/175 95/178/176
f 95/178/176 74/177/175 75/179/177
f 95/178/176 75/179/177 94/180/178
f 94/180/178 75/179/177 76/181/179
f 94/180/178 76/181/179 93/182/180
f 93/182/180 76/181/179 77/183/181
f 93/182/180 77/183/181 92/184/182
f 92/184/182 77/183/181 78/185/183
f 92/184/182 78/185/183 91/186/184
f 91/186/184 78/185/183 79/187/185
f 91/186/184 79/187/185 90/188/186
f 90/188/186 79/187/185 80/189/187
f 90/188/186 80/189/187 89/190/188
f 89/190/188 80/189/187 81/191/189
f 89/190/188 81/191/189 107/192/190
f 107/192/190 81/191/189 82/193/191
f 107/192/190 82/193/191 83/166/164
f 100/172/170 101/156/154 70/155/153
f 106/168/166 107/192/190 83/166/164
f 108/194/192 109/195/193 97/196/194
f 97/196/194 109/195/193 98/197/195
f 90/198/196 110/199/197 91/200/198
f 91/200/198 110/199/197 111/201/199
f 91/200/198 111/201/199 92/202/200
f 92/202/200 111/201/199 112/203/201
f 92/202/200 112/203/201 93/204/202
f 93/204/202 112/203/201 113/205/203
f 93/204/202 113/205/203 114/206/204
f 93/204/202 114/206/204 94/207/205
f 94/207/205 114/206/204 115/208/206
f 94/207/205 115/208/206 95/209/207
f 95/209/207 115/208/206 116/210/208
f 95/209/207 116/210/208 96/211/209
f 90/212/210 89/213/211 110/214/212
f 110/214/212 89/213/211 117/215/213
f 110/214/212 117/215/213 118/216/214
f 118/216/214 119/217/215 110/214/212
f 117/218/216 89/219/217 120/220/218
f 120/220/218 89/219/217 107/221/219
f 121/222/220 122/223/221 116/224/222
f 116/224/222 122/223/221 108/225/223
f 116/224/222 108/225/223 97/226/224
f 97/226/224 96/227/225 116/224/222
f 147/228/226 120/229/227 148/230/228
f 148/230/228 120/229/227 107/231/229
f 148/230/228 107/231/229 106/232/230
f 106/232/230 105/233/231 148/230/228
f 148/230/228 105/233/231 123/234/232
f 148/230/228 123/234/232 124/235/233
f 105/233/231 104/236/234 123/234/232
f 148/230/228 124/235/233 149/237/235
f 149/237/235 124/235/233 125/238/236
f 149/237/235 125/238/236 126/239/237
f 126/239/237 127/240/238 149/237/235
f 149/237/235 127/240/238 150/241/239
f 149/237/235 150/241/239 145/242/240
f 145/242/240 150/241/239 144/243/241
f 144/243/241 150/241/239 151/244/242
f 144/243/241 151/244/242 143/245/243
f 143/245/243 151/244/242 152/246/244
f 143/245/243 152/246/244 142/247/245
f 142/247/245 152/246/244 153/248/246
f 142/247/245 153/248/246 141/249/247
f 141/249/247 153/248/246 154/250/248
f 141/249/247 154/250/248 140/251/249
f 140/251/249 154/250/248 155/252/250
f 140/251/249 155/252/250 109/253/251
f 109/253/251 155/252/250 99/254/252
f 109/253/251 99/254/252 98/255/253
f 127/240/238 128/256/254 150/241/239
f 150/241/239 128/256/254 129/257/255
f 150/241/239 129/257/255 151/244/242
f 151/244/242 129/257/255 130/258/256
f 151/244/242 130/258/256 131/259/257
f 151/244/242 131/259/257 152/246/244
f 152/246/244 131/259/257 132/260/258
f 152/246/244 132/260/258 133/261/259
f 152/246/244 133/261/259 153/248/246
f 153/248/246 133/261/259 134/262/260
f 153/248/246 134/262/260 135/263/261
f 153/248/246 135/263/261 154/250/248
f 154/250/248 135/263/261 136/264/262
f 154/250/248 136/264/262 137/265/263
f 137/265/263 138/266/264 154/250/248
f 154/250/248 138/266/264 155/252/250
f 138/266/264 139/267/265 155/252/250
f 155/252/250 139/267/265 101/268/266
f 155/252/250 101/268/266 100/269/267
f 100/269/267 99/254/252 155/252/250
f 145/242/240 146/270/268 149/237/235
f 149/237/235 146/270/268 148/230/228
f 146/270/268 147/228/226 148/230/228
f 157/271/269 178/272/270 156/273/271
f 156/273/271 178/272/270 179/274/272
f 156/273/271 179/274/272 170/275/273
f 170/275/273 179/274/272 180/276/274
f 170/275/273 180/276/274 181/277/275
f 178/272/270 157/271/269 177/278/276
f 177/278/276 157/271/269 158/279/277
f 177/278/276 158/279/277 176/280/278
f 176/280/278 158/279/277 175/281/279
f 175/281/279 158/279/277 159/282/280
f 175/281/279 159/282/280 174/283/281
f 174/283/281 159/282/280 160/284/282
f 174/283/281 160/284/282 173/285/283
f 173/285/283 160/284/282 161/286/284
f 173/285/283 161/286/284 172/287/285
f 172/287/285 161/286/284 171/288/286
f 171/288/286 161/286/284 162/289/287
f 171/288/286 162/289/287 190/290/288
f 190/290/288 162/289/287 163/291/289
f 190/290/288 163/291/289 189/292/290
f 189/292/290 163/291/289 164/293/291
f 189/292/290 164/293/291 188/294/292
f 188/294/292 164/293/291 187/295/293
f 187/295/293 164/293/291 165/296/294
f 187/295/293 165/296/294 186/297/295
f 186/297/295 165/296/294 166/298/296
f 186/297/295 166/298/296 185/299/297
f 185/299/297 166/298/296 167/300/298
f 185/299/297 167/300/298 184/301/299
f 184/301/299 167/300/298 183/302/300
f 183/302/300 167/300/298 168/303/301
f 183/302/300 168/303/301 182/304/302
f 182/304/302 168/303/301 169/305/303
f 182/304/302 169/305/303 181/277/275
f 181/277/275 169/305/303 170/275/273
f 88/306/304 172/307/305 69/308/306
f 69/308/306 172/307/305 171/309/307
f 69/308/306 171/309/307 70/310/308
f 70/310/308 171/309/307 190/311/309
f 70/310/308 190/311/309 71/312/310
f 71/312/310 190/311/309 189/313/311
f 71/312/310 189/313/311 72/314/312
f 72/314/312 189/313/311 188/315/313
f 72/314/312 188/315/313 73/316/314
f 73/316/314 188/315/313 187/317/315
f 73/316/314 187/317/315 74/318/316
f 74/318/316 187/317/315 186/319/317
f 74/318/316 186/319/317 75/320/318
f 75/320/318 186/319/317 185/321/319
f 75/320/318 185/321/319 76/322/320
f 76/322/320 185/321/319 184/323/321
f 76/322/320 184/323/321 183/324/322
f 172/307/305 88/306/304 173/325/323
f 173/325/323 88/306/304 87/326/324
f 173/325/323 87/326/324 174/327/325
f 174/327/325 87/326/324 86/328/326
f 174/327/325 86/328/326 85/329/327
f 174/327/325 85/329/327 175/330/328
f 175/330/328 85/329/327 84/331/329
f 175/330/328 84/331/329 176/332/330
f 176/332/330 84/331/329 83/333/331
f 176/332/330 83/333/331 177/334/332
f 177/334/332 83/333/331 82/335/333
f 177/334/332 82/335/333 178/336/334
f 178/336/334 82/335/333 81/337/335
f 178/336/334 81/337/335 179/338/336
f 179/339/336 81/340/335 80/341/337
f 179/339/336 80/341/337 180/342/338
f 180/342/338 80/341/337 79/343/339
f 180/342/338 79/343/339 181/344/340
f 181/344/340 79/343/339 78/345/341
f 181/344/340 78/345/341 182/346/342
f 182/346/342 78/345/341 77/347/343
f 182/346/342 77/347/343 183/324/322
f 183/324/322 77/347/343 76/322/320
f 191/348/344 192/349/345 204/350/346
f 204/350/346 192/349/345 193/351/347
f 204/350/346 193/351/347 203/352/348
f 203/352/348 193/351/347 194/353/349
f 203/352/348 194/353/349 202/354/350
f 202/354/350 194/353/349 195/355/351
f 202/354/350 195/355/351 201/356/352
f 201/356/352 195/355/351 196/357/353
f 201/356/352 196/357/353 200/358/354
f 200/358/354 196/357/353 197/359/355
f 200/358/354 197/359/355 199/360/356
f 199/360/356 197/359/355 198/361/357
f 199/360/356 198/361/357 102/362/358
f 102/362/358 198/361/357 103/363/359
f 205/364/360 206/365/361 214/366/362
f 214/366/362 206/365/361 207/367/363
f 214/366/362 207/367/363 213/368/364
f 213/368/364 207/367/363 208/369/365
f 213/368/364 208/369/365 212/370/366
f 212/370/366 208/369/365 209/371/367
f 212/370/366 209/371/367 211/372/368
f 211/372/368 209/371/367 210/373/369
f 211/372/368 210/373/369 191/374/344
f 191/374/344 210/373/369 192/375/345
f 216/376/370 206/377/371 215/378/372
f 215/378/372 206/377/371 205/379/373
f 139/380/374 217/381/375 101/382/376
f 101/382/376 217/381/375 218/383/377
f 101/382/376 218/383/377 219/384/378
f 101/382/376 219/384/378 102/385/379
f 102/385/379 219/384/378 220/386/380
f 102/385/379 220/386/380 199/387/381
f 199/387/381 220/386/380 221/388/382
f 199/387/381 221/388/382 200/389/383
f 200/389/383 221/388/382 222/390/384
f 200/389/383 222/390/384 201/391/385
f 201/391/385 222/390/384 223/392/386
f 201/391/385 223/392/386 202/393/387
f 202/393/387 223/392/386 224/394/388
f 202/393/387 224/394/388 203/395/389
f 203/395/389 224/394/388 225/396/390
f 203/395/389 225/396/390 204/397/391
f 204/397/391 225/396/390 205/398/392
f 204/397/391 205/398/392 191/399/393
f 191/399/393 205/398/392 214/400/394
f 191/399/393 214/400/394 211/401/395
f 211/401/395 214/400/394 213/402/396
f 211/401/395 213/402/396 212/403/397
f 225/396/390 215/404/398 205/398/392
f 123/405/399 104/406/400 234/407/401
f 234/407/401 104/406/400 233/408/402
f 233/408/402 104/406/400 232/409/403
f 232/409/403 104/406/400 103/410/404
f 232/409/403 103/410/404 231/411/405
f 231/411/405 103/410/404 198/412/406
f 231/411/405 198/412/406 230/413/407
f 230/413/407 198/412/406 197/414/408
f 230/413/407 197/414/408 229/415/409
f 229/415/409 197/414/408 196/416/410
f 229/415/409 196/416/410 228/417/411
f 228/417/411 196/416/410 195/418/412
f 228/417/411 195/418/412 227/419/413
f 227/419/413 195/418/412 194/420/414
f 227/419/413 194/420/414 226/421/415
f 226/421/415 194/420/414 193/422/416
f 226/421/415 193/422/416 206/423/417
f 206/423/417 193/422/416 192/424/418
f 206/423/417 192/424/418 207/425/419
f 207/425/419 192/424/418 210/426/420
f 207/425/419 210/426/420 208/427/421
f 208/427/421 210/426/420 209/428/422
f 206/423/417 216/429/423 226/421/415
f 139/430/424 138/431/425 217/432/426
f 217/432/426 138/431/425 137/433/427
f 217/432/426 137/433/427 136/434/428
f 136/434/428 135/435/429 217/432/426
f 217/432/426 135/435/429 218/436/430
f 218/436/430 135/435/429 134/437/431
f 218/436/430 134/437/431 133/438/432
f 133/438/432 132/439/433 218/436/430
f 218/436/430 132/439/433 219/440/434
f 219/440/434 132/439/433 131/441/435
f 219/440/434 131/441/435 232/442/436
f 232/442/436 131/441/435 130/443/437
f 232/442/436 130/443/437 233/444/438
f 233/444/438 130/443/437 129/445/439
f 233/444/438 129/445/439 128/446/440
f 128/446/440 127/447/441 233/444/438
f 233/444/438 127/447/441 234/448/442
f 234/448/442 127/447/441 126/449/443
f 234/448/442 126/449/443 125/450/444
f 125/450/444 124/451/445 234/448/442
f 234/448/442 124/451/445 123/452/446
f 219/440/434 232/442/436 220/453/447
f 220/453/447 232/442/436 231/454/448
f 220/453/447 231/454/448 221/455/449
f 221/455/449 231/454/448 230/456/450
f 221/455/449 230/456/450 222/457/451
f 222/457/451 230/456/450 229/458/452
f 222/457/451 229/458/452 223/459/453
f 223/459/453 229/458/452 228/460/454
f 223/459/453 228/460/454 224/461/455
f 224/461/455 228/460/454 227/462/456
f 224/461/455 227/462/456 225/463/457
f 225/463/457 227/462/456 226/464/458
f 225/463/457 226/464/458 215/465/459
f 215/465/459 226/464/458 216/466/460
f 170/467/461 249/468/462 156/469/463
f 156/469/463 249/468/462 235/470/464
f 156/471/463 235/472/464 157/473/465
f 157/473/465 235/472/464 236/474/466
f 157/473/465 236/474/466 237/475/467
f 170/467/461 169/476/468 249/468/462
f 249/468/462 169/476/468 248/477/469
f 248/477/469 169/476/468 168/478/470
f 248/477/469 168/478/470 247/479/471
f 247/479/471 168/478/470 167/480/472
f 247/479/471 167/480/472 246/481/473
f 246/481/473 167/480/472 166/482/474
f 246/481/473 166/482/474 245/483/475
f 245/483/475 166/482/474 165/484/476
f 245/483/475 165/484/476 244/485/477
f 244/485/477 165/484/476 164/486/478
f 244/485/477 164/486/478 243/487/479
f 243/487/479 164/486/478 163/488/480
f 243/487/479 163/488/480 242/489/481
f 242/489/481 163/488/480 162/490/482
f 242/489/481 162/490/482 241/491/483
f 241/491/483 162/490/482 161/492/484
f 241/491/483 161/492/484 240/493/485
f 240/493/485 161/492/484 160/494/486
f 240/493/485 160/494/486 239/495/487
f 239/495/487 160/494/486 159/496/488
f 239/495/487 159/496/488 238/497/489
f 238/497/489 159/496/488 158/498/490
f 238/497/489 158/498/490 237/475/467
f 237/475/467 158/498/490 157/473/465
f 235/499/491 249/500/492 236/501/493
f 236/501/493 249/500/492 237/502/494
f 237/502/494 249/500/492 248/503/495
f 237/502/494 248/503/495 238/504/496
f 238/504/496 248/503/495 247/505/497
f 238/504/496 247/505/497 239/506/498
f 239/506/498 247/505/497 246/507/499
f 239/506/498 246/507/499 240/508/500
f 240/508/500 246/507/499 245/509/501
f 240/508/500 245/509/501 241/510/502
f 241/510/502 245/509/501 244/511/503
f 241/510/502 244/511/503 242/512/504
f 242/512/504 244/511/503 243/513/505
f 121/514/506 119/515/507 122/516/508
f 122/516/508 119/515/507 118/517/509
f 110/518/510 119/519/511 111/520/512
f 111/520/512 119/519/511 112/521/513
f 112/521/513 119/519/511 113/522/514
f 113/522/514 119/519/511 121/523/515
f 113/522/514 121/523/515 114/524/516
f 114/524/516 121/523/515 115/525/517
f 115/525/517 121/523/515 116/526/518
f 120/527/519 147/528/520 117/529/521
f 117/529/521 147/528/520 146/530/522
f 117/529/521 146/530/522 145/531/523
f 145/531/523 144/532/524 117/529/521
f 117/529/521 144/532/524 143/533/525
f 117/529/521 143/533/525 108/534/526
f 108/534/526 143/533/525 142/535/527
f 108/534/526 142/535/527 141/536/528
f 141/536/528 140/537/529 108/534/526
f 108/534/526 140/537/529 109/538/530
f 122/539/531 118/540/532 108/534/526
f 108/534/526 118/540/532 117/529/521
g Body6

v -4.450000 -12.350000 -13.200000
v 4.450000 -12.350000 -13.200000
v 4.450000 -12.350000 0.000000
v -4.450000 -12.350000 0.000000
v -4.450000 -7.883839 -13.200000
v -4.450000 -10.116920 -13.200000
v -4.450000 -6.946942 0.000000
v -4.450000 -6.946942 -13.200000
v 4.450000 -6.946942 -13.200000
v 6.526720 -5.046229 -13.200000
v 7.843442 -2.557913 -13.200000
v 8.246842 0.228257 -13.200000
v 7.689946 2.987848 -13.200000
v 6.237601 5.399521 -13.200000
v 4.058925 7.182453 -13.200000
v 1.407611 8.129030 -13.200000
v -1.407611 8.129030 -13.200000
v -4.058925 7.182453 -13.200000
v -6.237601 5.399521 -13.200000
v -7.689946 2.987848 -13.200000
v -8.246842 0.228257 -13.200000
v -7.843442 -2.557913 -13.200000
v -6.526720 -5.046229 -13.200000
v -6.526720 -5.046229 0.000000
v -7.843442 -2.557913 0.000000
v -8.246842 0.228257 0.000000
v -7.689946 2.987848 0.000000
v -6.237601 5.399521 0.000000
v -4.058925 7.182453 0.000000
v -1.407611 8.129030 0.000000
v 1.407611 8.129030 0.000000
v 4.058925 7.182453 0.000000
v 6.237601 5.399521 0.000000
v 7.689946 2.987848 0.000000
v 8.246842 0.228257 0.000000
v 7.843442 -2.557913 0.000000
v 6.526720 -5.046229 0.000000
v 4.450000 -6.946942 0.000000
v 4.450000 -7.694438 -13.200000
v 4.450000 -10.022219 -13.200000
v -3.922860 -10.589095 -14.625000
v -3.395720 -8.828190 -16.050000
v -2.868579 -7.067285 -17.475000
v -2.341439 -5.306379 -18.900000
v -0.838090 -5.739129 -18.900000
v 0.726231 -5.754354 -18.900000
v 2.237718 -5.350946 -18.900000
v 2.790788 -7.100709 -17.475000
v 3.343859 -8.850473 -16.050000
v 3.896929 -10.600236 -14.625000
v 0.179227 -10.710811 -14.625000
v 0.139317 -9.071622 -16.050000
v 0.099408 -7.432433 -17.475000
v -4.534249 -6.028920 -14.625000
v -4.618498 -5.110898 -16.050000
v -4.702746 -4.192877 -17.475000
v -4.786995 -3.274855 -18.900000
v -4.102561 -4.099877 -18.900000
v -3.277987 -4.784851 -18.900000
v -4.259150 -8.385703 -14.625000
v -4.068299 -7.082389 -16.050000
v -3.877449 -5.779075 -17.475000
v 4.518088 -6.052057 -14.625000
v 4.586175 -5.157173 -16.050000
v 4.654263 -4.262288 -17.475000
v 4.722350 -3.367404 -18.900000
v 5.656392 -1.282663 -18.900000
v 5.712958 1.001057 -18.900000
v 4.883271 3.129483 -18.900000
v 3.296041 4.772433 -18.900000
v 1.197496 5.675033 -18.900000
v -1.086816 5.697265 -18.900000
v -3.202531 4.835679 -18.900000
v -4.821437 3.223934 -18.900000
v -5.692392 1.112059 -18.900000
v -5.680285 -1.172330 -18.900000
v 6.160597 -4.951920 -13.912500
v 7.329484 -2.989607 -13.912500
v 7.883211 -0.771535 -13.912500
v 7.784125 1.514379 -13.912500
v 7.031613 3.676982 -13.912500
v 5.691148 5.534545 -13.912500
v 3.874469 6.931780 -13.912500
v 1.733979 7.749282 -13.912500
v -0.551922 7.918433 -13.912500
v -2.791725 7.435493 -13.912500
v -4.797123 6.325936 -13.912500
v -6.400773 4.690003 -13.912500
v -7.469282 2.664603 -13.912500
v -7.911143 0.419641 -13.912500
v -7.695184 -1.856736 -13.912500
v -6.833939 -3.971878 -13.912500
v -5.800040 -5.358777 -13.912500
v 5.944893 -4.136913 -15.337500
v 6.880283 -2.336171 -15.337500
v 7.274231 -0.340305 -15.337500
v 7.101092 1.691101 -15.337500
v 6.365838 3.596764 -15.337500
v 5.127777 5.224657 -15.337500
v 3.484018 6.445355 -15.337500
v 1.564812 7.159604 -15.337500
v -0.478418 7.310351 -15.337500
v -2.483546 6.894272 -15.337500
v -4.291013 5.932220 -15.337500
v -5.758191 4.507042 -15.337500
v -6.770016 2.732322 -15.337500
v -7.245510 0.749575 -15.337500
v -7.153100 -1.283296 -15.337500
v -6.497131 -3.203581 -15.337500
v -5.661343 -4.490469 -15.337500
v -5.730692 -4.924623 -14.625000
v -6.665535 -3.587729 -14.625000
v -7.424142 -1.570016 -14.625000
v -7.578327 0.584608 -14.625000
v -7.119649 2.698463 -14.625000
v -6.079482 4.598522 -14.625000
v -4.544068 6.129078 -14.625000
v -2.637636 7.164883 -14.625000
v -0.515170 7.614392 -14.625000
v 1.649395 7.454443 -14.625000
v 3.679244 6.688567 -14.625000
v 5.409463 5.379601 -14.625000
v 6.698726 3.636873 -14.625000
v 7.442609 1.602740 -14.625000
v 7.578721 -0.555920 -14.625000
v 7.104884 -2.662889 -14.625000
v 6.052745 -4.544417 -14.625000
v 5.621337 -2.914403 -17.475000
v 6.206483 -1.356017 -17.475000
v 6.360762 0.306539 -17.475000
v 6.076543 1.956185 -17.475000
v 5.367176 3.476438 -17.475000
v 4.282722 4.759825 -17.475000
v 2.898340 5.715716 -17.475000
v 1.311062 6.275087 -17.475000
v -0.368162 6.398228 -17.475000
v -2.021278 6.082441 -17.475000
v -3.531848 5.341646 -17.475000
v -4.794317 4.232600 -17.475000
v -5.721117 2.833901 -17.475000
v -6.247061 1.244476 -17.475000
v -6.339974 -0.423137 -17.475000
v -5.991920 -2.051134 -17.475000
v -5.453297 -3.188007 -17.475000
v -5.591994 -4.056315 -16.050000
v -6.328728 -2.819432 -16.050000
v -6.882058 -0.996577 -16.050000
v -6.912694 0.914542 -16.050000
v -6.420383 2.766182 -16.050000
v -5.436900 4.415561 -16.050000
v -4.037958 5.735362 -16.050000
v -2.329457 6.623662 -16.050000
v -0.441666 7.006310 -16.050000
v 1.480228 6.864765 -16.050000
v 3.288792 6.202142 -16.050000
v 4.846092 5.069713 -16.050000
v 6.032951 3.556655 -16.050000
v 6.759576 1.779462 -16.050000
v 6.969742 -0.124690 -16.050000
v 6.655683 -2.009453 -16.050000
v 5.837041 -3.729410 -16.050000
v 3.184238 -4.847745 -18.900000
v 4.021988 -4.178949 -18.900000
v 4.082402 -9.458778 -14.625000
v 4.252581 -8.291793 -14.625000
v 3.898602 -8.711509 -15.337500
v 4.153872 -7.659374 -15.337500
v 3.347205 -6.469703 -17.475000
v 3.857743 -5.762115 -17.475000
v 4.055162 -7.026954 -16.050000
v 3.714803 -7.964240 -16.050000
v 4.950000 -0.000000 -79.400000
v 4.459796 2.147725 -79.400000
v 3.086275 3.870066 -79.400000
v 1.101479 4.825893 -79.400000
v -1.101479 4.825893 -79.400000
v -3.086275 3.870066 -79.400000
v -4.459796 2.147725 -79.400000
v -4.950000 0.000000 -79.400000
v -4.459796 -2.147725 -79.400000
v -3.086275 -3.870066 -79.400000
v -1.101479 -4.825893 -79.400000
v 1.101479 -4.825893 -79.400000
v 3.086275 -3.870066 -79.400000
v 4.459796 -2.147725 -79.400000
v -5.375000 0.000000 -49.150000
v -4.910307 -2.186209 -49.150000
v -3.596577 -3.994403 -49.150000
v -4.910307 2.186209 -49.150000
v -3.596577 3.994403 -49.150000
v -1.660966 5.111929 -49.150000
v 0.561840 5.345555 -49.150000
v 2.687500 4.654887 -49.150000
v 4.348466 3.159346 -49.150000
v 5.257543 1.117525 -49.150000
v 5.257543 -1.117525 -49.150000
v 4.348466 -3.159346 -49.150000
v 2.687500 -4.654887 -49.150000
v 0.561840 -5.345555 -49.150000
v -1.660966 -5.111929 -49.150000
vt 0.000000 0.000000 0.000000
vt 0.890000 0.000000 0.000000
vt -0.000000 1.320000 0.000000
vt 0.890000 1.320000 0.000000
vt -0.000000 0.000000 0.000000
vt 0.093690 0.000000 0.000000
vt -0.000000 1.320000 0.000000
vt 0.316998 0.000000 0.000000
vt 0.540306 1.320000 0.000000
vt 0.540306 0.000000 0.000000
vt -1.320000 0.000000 0.000000
vt -0.000000 0.000000 0.000000
vt -1.320000 0.282906 0.000000
vt -0.000000 0.282906 0.000000
vt -1.320000 0.565813 0.000000
vt -0.000000 0.565813 0.000000
vt -1.320000 0.848719 0.000000
vt -0.000000 0.848719 0.000000
vt -1.320000 1.131625 0.000000
vt -0.000000 1.131625 0.000000
vt -1.320000 1.414531 0.000000
vt -0.000000 1.414531 0.000000
vt -1.320000 1.697438 0.000000
vt -0.000000 1.697438 0.000000
vt -1.320000 1.980344 0.000000
vt -0.000000 1.980344 0.000000
vt -1.320000 2.263250 0.000000
vt -0.000000 2.263250 0.000000
vt -1.320000 2.546157 0.000000
vt -0.000000 2.546157 0.000000
vt -1.320000 2.829063 0.000000
vt -0.000000 2.829063 0.000000
vt -1.320000 3.111969 0.000000
vt -0.000000 3.111969 0.000000
vt -1.320000 3.394876 0.000000
vt -0.000000 3.394876 0.000000
vt -1.320000 3.677782 0.000000
vt -0.000000 3.677782 0.000000
vt -1.320000 3.960688 0.000000
vt -0.000000 3.960688 0.000000
vt -1.320000 4.243594 0.000000
vt -0.000000 4.243594 0.000000
vt 0.540306 0.000000 0.000000
vt 0.540306 1.320000 0.000000
vt 0.465556 0.000000 0.000000
vt 0.232778 0.000000 0.000000
vt 0.000000 1.320000 0.000000
vt 0.000000 0.000000 0.000000
vt 0.000000 0.217082 0.000000
vt 0.000000 0.000000 0.000000
vt 0.323432 0.217082 0.000000
vt 0.680369 0.000000 0.000000
vt 0.680369 0.217082 0.000000
vt 0.323432 0.434164 0.000000
vt 0.680369 0.434164 0.000000
vt 0.323432 0.651246 0.000000
vt 0.680369 0.651246 0.000000
vt 0.453521 0.867944 0.000000
vt 0.680369 0.868328 0.000000
vt 0.226864 0.867944 0.000000
vt 0.000000 0.651246 0.000000
vt 0.000000 0.434164 0.000000
vt 0.000000 0.868328 0.000000
vt 0.000000 0.000000 0.000000
vt 0.162457 0.000000 0.000000
vt 0.000000 0.193566 0.000000
vt 0.193587 0.193566 0.000000
vt 0.000000 0.387132 0.000000
vt 0.193587 0.387132 0.000000
vt 0.000000 0.580698 0.000000
vt 0.193587 0.580698 0.000000
vt 0.131062 0.774188 0.000000
vt 0.262072 0.774196 0.000000
vt 0.393074 0.580698 0.000000
vt 0.393074 0.774264 0.000000
vt 0.324914 0.000000 0.000000
vt 0.393074 0.193566 0.000000
vt 0.393074 0.387132 0.000000
vt 0.393074 0.000000 0.000000
vt 0.000000 0.774264 0.000000
vt 0.000000 0.155115 0.000000
vt 0.000000 0.000000 0.000000
vt 0.146336 0.077557 0.000000
vt 0.225761 0.000000 0.000000
vt 0.292673 0.077557 0.000000
vt 0.451528 0.000000 0.000000
vt 0.486034 0.077557 0.000000
vt 0.677282 0.000000 0.000000
vt 0.679396 0.077557 0.000000
vt 0.872757 0.077557 0.000000
vt 0.679396 0.155115 0.000000
vt 0.872757 0.155115 0.000000
vt 0.679396 0.232672 0.000000
vt 0.872757 0.232672 0.000000
vt 0.679396 0.310230 0.000000
vt 0.872757 0.310230 0.000000
vt 0.679396 0.465345 0.000000
vt 0.872757 0.465345 0.000000
vt 0.615736 0.620428 0.000000
vt 0.923587 0.620446 0.000000
vt 1.066119 0.465345 0.000000
vt 1.231442 0.620453 0.000000
vt 1.259480 0.465345 0.000000
vt 1.452842 0.465345 0.000000
vt 1.452842 0.310230 0.000000
vt 1.646204 0.310230 0.000000
vt 1.646204 0.232672 0.000000
vt 1.839565 0.232672 0.000000
vt 1.839565 0.155115 0.000000
vt 2.032927 0.155115 0.000000
vt 2.032927 0.077557 0.000000
vt 2.226288 0.077557 0.000000
vt 2.031885 0.000000 0.000000
vt 2.257632 0.000000 0.000000
vt 0.903062 0.000000 0.000000
vt 1.066119 0.077557 0.000000
vt 1.066119 0.155115 0.000000
vt 1.066119 0.232672 0.000000
vt 1.066119 0.310230 0.000000
vt 1.128818 0.000000 0.000000
vt 1.259480 0.077557 0.000000
vt 1.259480 0.155115 0.000000
vt 1.259480 0.232672 0.000000
vt 1.259480 0.310230 0.000000
vt 1.354580 0.000000 0.000000
vt 1.452842 0.077557 0.000000
vt 1.452842 0.155115 0.000000
vt 1.452842 0.232672 0.000000
vt 1.580394 0.000000 0.000000
vt 1.646204 0.077557 0.000000
vt 1.646204 0.155115 0.000000
vt 1.806064 0.000000 0.000000
vt 1.839565 0.077557 0.000000
vt 2.419650 0.077557 0.000000
vt 2.483401 0.000000 0.000000
vt 2.613012 0.077557 0.000000
vt 2.709183 0.000000 0.000000
vt 2.806373 0.077557 0.000000
vt 2.934920 0.000000 0.000000
vt 2.999735 0.077557 0.000000
vt 3.160701 0.000000 0.000000
vt 3.193096 0.077557 0.000000
vt 3.386458 0.000000 0.000000
vt 3.386458 0.155115 0.000000
vt 3.386458 0.310230 0.000000
vt 3.193096 0.232672 0.000000
vt 3.193096 0.155115 0.000000
vt 2.999735 0.155115 0.000000
vt 2.806373 0.155115 0.000000
vt 2.613012 0.155115 0.000000
vt 2.419650 0.155115 0.000000
vt 2.226288 0.155115 0.000000
vt 3.386458 0.465345 0.000000
vt 3.193096 0.465345 0.000000
vt 3.193096 0.310230 0.000000
vt 2.999735 0.310230 0.000000
vt 2.999735 0.232672 0.000000
vt 2.806373 0.310230 0.000000
vt 2.806373 0.232672 0.000000
vt 2.613012 0.310230 0.000000
vt 2.613012 0.232672 0.000000
vt 2.419650 0.310230 0.000000
vt 2.419650 0.232672 0.000000
vt 2.226288 0.310230 0.000000
vt 2.226288 0.232672 0.000000
vt 2.032927 0.310230 0.000000
vt 2.032927 0.232672 0.000000
vt 1.839565 0.310230 0.000000
vt 3.386458 0.620460 0.000000
vt 3.078596 0.620443 0.000000
vt 2.999735 0.465345 0.000000
vt 2.770724 0.620420 0.000000
vt 2.806373 0.465345 0.000000
vt 2.613012 0.465345 0.000000
vt 2.462875 0.620451 0.000000
vt 2.419650 0.465345 0.000000
vt 2.226288 0.465345 0.000000
vt 2.155011 0.620431 0.000000
vt 2.032927 0.465345 0.000000
vt 1.847137 0.620423 0.000000
vt 1.839565 0.465345 0.000000
vt 1.646204 0.465345 0.000000
vt 1.539323 0.620421 0.000000
vt 0.486034 0.465345 0.000000
vt 0.307868 0.620423 0.000000
vt 0.292673 0.465345 0.000000
vt 0.000000 0.620460 0.000000
vt 0.146336 0.465345 0.000000
vt 0.000000 0.465345 0.000000
vt 0.146336 0.310230 0.000000
vt 0.000000 0.310230 0.000000
vt 0.146336 0.232672 0.000000
vt 0.146336 0.155115 0.000000
vt 0.486034 0.155115 0.000000
vt 0.486034 0.232672 0.000000
vt 0.486034 0.310230 0.000000
vt 0.292673 0.155115 0.000000
vt 0.292673 0.232672 0.000000
vt 0.292673 0.310230 0.000000
vt 0.000000 0.000000 0.000000
vt 0.054148 0.000000 0.000000
vt 0.000000 0.192600 0.000000
vt 0.189045 0.192600 0.000000
vt 0.189045 0.288901 0.000000
vt 0.290220 0.192600 0.000000
vt 0.290220 0.288901 0.000000
vt 0.391395 0.192600 0.000000
vt 0.391395 0.385201 0.000000
vt 0.222772 0.000000 0.000000
vt 0.391395 0.000000 0.000000
vt 0.391395 0.577801 0.000000
vt 0.290220 0.577801 0.000000
vt 0.290220 0.385201 0.000000
vt 0.189045 0.385201 0.000000
vt 0.000000 0.385201 0.000000
vt 0.391395 0.770402 0.000000
vt 0.260895 0.770326 0.000000
vt 0.189045 0.577801 0.000000
vt 0.130444 0.770333 0.000000
vt 0.000000 0.577801 0.000000
vt 0.000000 0.770402 0.000000
vt -0.000000 1.579210 0.000000
vt -3.025299 1.463459 0.000000
vt -0.000000 1.366114 0.000000
vt -3.025299 1.238311 0.000000
vt -0.000000 1.266630 0.000000
vt -0.000000 1.167147 0.000000
vt -3.025299 1.013164 0.000000
vt 0.000000 1.067663 0.000000
vt -0.000000 0.922244 0.000000
vt -3.025299 0.788016 0.000000
vt -0.000000 0.776824 0.000000
vt -0.000000 0.631405 0.000000
vt -3.025299 0.562869 0.000000
vt -0.000000 0.531921 0.000000
vt -0.000000 0.432438 0.000000
vt -3.025299 0.337721 0.000000
vt 0.000000 0.332954 0.000000
vt -0.000000 0.119858 0.000000
vt -3.025299 0.112574 0.000000
vt -0.000000 -0.093237 0.000000
vt -3.025299 -0.112574 0.000000
vt -0.000000 -0.306333 0.000000
vt -3.025299 -0.337721 0.000000
vt -0.000000 -0.519429 0.000000
vt -3.025299 -0.562869 0.000000
vt -0.000000 -0.732524 0.000000
vt -3.025299 -0.788016 0.000000
vt -0.000000 -0.945620 0.000000
vt -3.025299 -1.013164 0.000000
vt -0.000000 -1.158715 0.000000
vt -3.025299 -1.238311 0.000000
vt -0.000000 -1.371811 0.000000
vt -3.025299 -1.463459 0.000000
vt -0.000000 -1.584907 0.000000
vt -3.025299 -1.688606 0.000000
vt 0.000000 -1.798002 0.000000
vt -3.025299 1.688606 0.000000
vt -6.050597 -0.241229 0.000000
vt -6.050597 0.000000 0.000000
vt -6.050597 0.241229 0.000000
vt -6.050597 0.482459 0.000000
vt -6.050597 0.723688 0.000000
vt -6.050597 0.964918 0.000000
vt -6.050597 1.206147 0.000000
vt -6.050597 1.447377 0.000000
vt -6.050597 1.688606 0.000000
vt -6.050597 -1.688606 0.000000
vt -6.050597 -0.482459 0.000000
vt -6.050597 -0.723688 0.000000
vt -6.050597 -0.964918 0.000000
vt -6.050597 -1.206147 0.000000
vt -6.050597 -1.447377 0.000000
vt -0.445000 -2.000584 0.000000
vt 0.445000 -2.000584 0.000000
vt -0.445000 -1.460278 0.000000
vt 0.445000 -1.460278 0.000000
vt -0.140761 0.047319 0.000000
vt 0.140761 0.047319 0.000000
vt 0.405892 -0.047338 0.000000
vt 0.623760 -0.225632 0.000000
vt 0.652672 -1.270207 0.000000
vt 0.768995 -0.466799 0.000000
vt 0.784344 -1.021375 0.000000
vt 0.824684 -0.742758 0.000000
vt -0.405892 -0.047338 0.000000
vt -0.623760 -0.225632 0.000000
vt -0.652672 -1.270207 0.000000
vt -0.768995 -0.466799 0.000000
vt -0.784344 -1.021375 0.000000
vt -0.824684 -0.742758 0.000000
vt -0.444446 -0.019144 0.000000
vt 0.447513 -0.019144 0.000000
vt -0.493466 0.195629 0.000000
vt 0.496534 0.195629 0.000000
vt -0.444446 0.410401 0.000000
vt 0.447513 0.410401 0.000000
vt -0.307094 0.582635 0.000000
vt 0.310161 0.582635 0.000000
vt -0.108614 0.678218 0.000000
vt 0.111682 0.678218 0.000000
vt 0.310161 -0.191378 0.000000
vt -0.307094 -0.191378 0.000000
vt 0.111682 -0.286961 0.000000
vt -0.108614 -0.286961 0.000000
vn -0.000000 -0.100000 0.000000
vn -0.000000 -0.100000 0.000000
vn -0.000000 -0.100000 0.000000
vn -0.000000 -0.100000 0.000000
vn -0.100000 0.000000 0.000000
vn -0.100000 0.000000 0.000000
vn -0.100000 0.000000 0.000000
vn -0.100000 0.000000 0.000000
vn -0.100000 0.000000 0.000000
vn -0.100000 0.000000 0.000000
vn 0.053939 -0.084205 0.000000
vn 0.053939 -0.084205 0.000000
vn 0.079112 -0.061166 0.000000
vn 0.079112 -0.061166 0.000000
vn 0.095072 -0.031005 0.000000
vn 0.095072 -0.031005 0.000000
vn 0.099962 0.002767 0.000000
vn 0.099962 0.002767 0.000000
vn 0.093211 0.036216 0.000000
vn 0.093211 0.036216 0.000000
vn 0.075607 0.065449 0.000000
vn 0.075607 0.065449 0.000000
vn 0.049199 0.087060 0.000000
vn 0.049199 0.087060 0.000000
vn 0.017062 0.098534 0.000000
vn 0.017062 0.098534 0.000000
vn -0.017062 0.098534 -0.000000
vn -0.017062 0.098534 -0.000000
vn -0.049199 0.087060 -0.000000
vn -0.049199 0.087060 -0.000000
vn -0.075607 0.065449 -0.000000
vn -0.075607 0.065449 -0.000000
vn -0.093211 0.036216 -0.000000
vn -0.093211 0.036216 -0.000000
vn -0.099962 0.002767 -0.000000
vn -0.099962 0.002767 -0.000000
vn -0.095072 -0.031005 0.000000
vn -0.095072 -0.031005 0.000000
vn -0.079112 -0.061166 0.000000
vn -0.079112 -0.061166 0.000000
vn -0.053939 -0.084205 0.000000
vn -0.053939 -0.084205 0.000000
vn 0.100000 -0.000000 0.000000
vn 0.100000 -0.000000 0.000000
vn 0.100000 -0.000000 0.000000
vn 0.100000 -0.000000 0.000000
vn 0.100000 -0.000000 0.000000
vn 0.100000 -0.000000 0.000000
vn 0.003651 -0.062409 -0.078050
vn 0.000000 -0.063148 -0.077539
vn 0.000096 -0.065607 -0.075470
vn 0.000000 -0.062907 -0.077735
vn -0.003810 -0.062169 -0.078233
vn 0.000220 -0.065605 -0.075472
vn -0.008786 -0.061061 -0.078704
vn 0.000391 -0.065602 -0.075473
vn -0.015494 -0.059303 -0.079013
vn -0.009191 -0.064480 -0.075881
vn -0.024855 -0.056328 -0.078800
vn 0.007932 -0.064630 -0.075895
vn 0.014808 -0.059596 -0.078925
vn 0.008409 -0.061313 -0.078550
vn 0.023723 -0.056727 -0.078862
vn -0.093789 0.000000 -0.034695
vn -0.098601 0.000000 -0.016671
vn -0.085679 -0.014418 -0.049511
vn -0.095988 -0.013068 -0.024808
vn -0.070239 -0.030874 -0.064135
vn -0.087569 -0.029214 -0.038447
vn -0.048299 -0.045890 -0.074574
vn -0.071755 -0.046343 -0.051996
vn -0.041047 -0.059757 -0.068878
vn -0.060057 -0.060127 -0.052705
vn -0.090994 -0.037107 -0.018526
vn -0.078722 -0.053855 -0.030041
vn -0.100000 0.000000 -0.000005
vn -0.099538 -0.009593 -0.000295
vn -0.097206 -0.021927 -0.008379
vn -0.099826 0.000000 0.005902
vn -0.053418 -0.072469 -0.043528
vn -0.048040 -0.074995 -0.045474
vn -0.065884 -0.061222 -0.043717
vn -0.071012 -0.054924 -0.044053
vn -0.077750 -0.045816 -0.043079
vn -0.085918 -0.027975 -0.042843
vn -0.088098 -0.021481 -0.042158
vn -0.090813 0.002427 -0.041797
vn -0.090904 0.004451 -0.041432
vn -0.086050 0.030542 -0.040775
vn -0.090977 0.006396 -0.041015
vn -0.085625 0.032072 -0.040493
vn -0.091016 0.008587 -0.040526
vn -0.085120 0.033784 -0.040164
vn -0.091004 0.011069 -0.039946
vn -0.084515 0.035709 -0.039776
vn -0.090724 0.017150 -0.038407
vn -0.082879 0.040367 -0.038751
vn -0.091701 0.017932 -0.035629
vn -0.077044 0.051576 -0.037472
vn -0.069403 0.060477 -0.039061
vn -0.050880 0.076892 -0.038715
vn -0.051012 0.076527 -0.039261
vn -0.029153 0.087161 -0.039409
vn -0.030652 0.086595 -0.039518
vn -0.005729 0.091718 -0.039434
vn -0.005931 0.091703 -0.039438
vn 0.019415 0.089807 -0.039468
vn 0.019614 0.089762 -0.039473
vn 0.044493 0.080321 -0.039609
vn 0.044971 0.080038 -0.039643
vn 0.065744 0.063924 -0.039893
vn 0.045273 0.079853 -0.039672
vn 0.069203 0.060061 -0.040045
vn -0.085022 0.033133 -0.040908
vn -0.073988 0.053880 -0.040282
vn -0.073313 0.054920 -0.040111
vn -0.072542 0.056078 -0.039912
vn -0.071653 0.057372 -0.039677
vn -0.069245 0.059866 -0.040265
vn -0.055482 0.073016 -0.039879
vn -0.054803 0.073574 -0.039792
vn -0.054037 0.074193 -0.039691
vn -0.053165 0.074883 -0.039572
vn -0.045183 0.079844 -0.039793
vn -0.032292 0.085947 -0.039627
vn -0.031808 0.086142 -0.039596
vn -0.031265 0.086357 -0.039560
vn -0.015383 0.090574 -0.039493
vn -0.006270 0.091678 -0.039445
vn -0.006110 0.091690 -0.039441
vn 0.015383 0.090589 -0.039458
vn 0.019792 0.089721 -0.039477
vn 0.081195 0.042219 -0.040312
vn 0.085152 0.033120 -0.040646
vn 0.089657 0.017112 -0.040852
vn 0.090969 0.002371 -0.041461
vn 0.090546 -0.009113 -0.041453
vn 0.086150 -0.027938 -0.042399
vn 0.083780 -0.034569 -0.042261
vn 0.071162 -0.055092 -0.043598
vn 0.070091 -0.056823 -0.043109
vn 0.048186 -0.075224 -0.044938
vn 0.053299 -0.072778 -0.043157
vn 0.059684 -0.069202 -0.040606
vn 0.074121 -0.052818 -0.041428
vn 0.072009 -0.054973 -0.042341
vn 0.084884 -0.032528 -0.041673
vn 0.090914 -0.007179 -0.041025
vn 0.089467 0.018722 -0.040561
vn 0.080674 0.043372 -0.040133
vn 0.065139 0.064597 -0.039800
vn 0.067668 -0.063765 -0.036811
vn 0.081801 -0.043715 -0.037385
vn 0.076448 -0.050288 -0.040334
vn 0.087356 -0.027509 -0.040152
vn 0.086075 -0.030195 -0.040979
vn 0.091650 -0.002505 -0.039925
vn 0.091286 -0.004992 -0.040522
vn 0.088912 0.022566 -0.039819
vn 0.089224 0.020528 -0.040221
vn 0.079374 0.046101 -0.039680
vn 0.080073 0.044658 -0.039925
vn 0.063676 0.066181 -0.039566
vn 0.064456 0.065345 -0.039693
vn 0.043349 0.080986 -0.039523
vn 0.043956 0.080636 -0.039569
vn 0.019190 0.089858 -0.039462
vn 0.077417 -0.055204 -0.030969
vn 0.091709 -0.020898 -0.033952
vn 0.090166 -0.020754 -0.037940
vn 0.091823 0.016064 -0.036202
vn 0.092286 0.003625 -0.038342
vn 0.087980 0.027521 -0.038757
vn 0.077915 0.049943 -0.037881
vn 0.077577 0.049579 -0.039036
vn 0.061738 0.068183 -0.039236
vn 0.052317 0.075807 -0.038938
vn 0.041861 0.081824 -0.039401
vn 0.018788 0.089960 -0.039423
vn 0.018642 0.089980 -0.039448
vn -0.005238 0.091752 -0.039423
vn -0.017039 0.090344 -0.039340
vn -0.092255 -0.007062 -0.037936
vn -0.092353 -0.019183 -0.033210
vn -0.087294 -0.031235 -0.037473
vn -0.079642 -0.047887 -0.036931
vn -0.068548 -0.062985 -0.036524
vn -0.073325 -0.054661 -0.040444
vn -0.060145 -0.068733 -0.040724
vn -0.070592 -0.057224 -0.041740
vn -0.068120 -0.059385 -0.042816
vn -0.088867 -0.019325 -0.041583
vn -0.089678 -0.016872 -0.040904
vn -0.090524 -0.014063 -0.040095
vn -0.079356 -0.043716 -0.042326
vn -0.081108 -0.041290 -0.041432
vn -0.083015 -0.038466 -0.040360
vn 0.099886 0.000000 0.004773
vn 0.100000 -0.000000 -0.000004
vn 0.099500 -0.009879 -0.001450
vn 0.095941 -0.013138 -0.024953
vn 0.092592 -0.020954 -0.031427
vn 0.091277 -0.014101 -0.038335
vn 0.086152 -0.022301 -0.045613
vn 0.084954 -0.014463 -0.050732
vn 0.069370 -0.031015 -0.065007
vn 0.098469 -0.000000 -0.017430
vn 0.093225 -0.000000 -0.036182
vn 0.047293 -0.046168 -0.075046
vn 0.059386 -0.047388 -0.065020
vn 0.079083 -0.030914 -0.052823
vn 0.087585 -0.029423 -0.038250
vn 0.096946 -0.022587 -0.009552
vn 0.039727 -0.060318 -0.069163
vn 0.071824 -0.046799 -0.051490
vn 0.058610 -0.061008 -0.053318
vn 0.090311 -0.038177 -0.019659
vn -0.097926 -0.020211 -0.001405
vn -0.091346 -0.040670 -0.001405
vn -0.082526 -0.056457 -0.001405
vn -0.066906 -0.074307 -0.001405
vn -0.070727 -0.070681 -0.001405
vn -0.056511 -0.082489 -0.001405
vn -0.030899 -0.095096 -0.001405
vn -0.040366 -0.091480 -0.001405
vn -0.014448 -0.098941 -0.001405
vn 0.010452 -0.099442 -0.001405
vn 0.012520 -0.099203 -0.001405
vn 0.038578 -0.092249 -0.001405
vn 0.049995 -0.086594 -0.001405
vn 0.054895 -0.083574 -0.001405
vn 0.069338 -0.072044 -0.001405
vn 0.080894 -0.058773 -0.001405
vn 0.081412 -0.058053 -0.001405
vn 0.097514 -0.022113 -0.001405
vn 0.097805 -0.020789 -0.001405
vn 0.098490 0.017258 -0.001405
vn 0.097805 0.020789 -0.001405
vn 0.084186 0.053951 -0.001405
vn 0.080894 0.058773 -0.001405
vn 0.056823 0.082275 -0.001405
vn 0.049995 0.086594 -0.001405
vn 0.020644 0.097836 -0.001405
vn 0.010452 0.099442 -0.001405
vn -0.018736 0.098219 -0.001405
vn -0.030899 0.095096 -0.001405
vn -0.055211 0.083366 -0.001405
vn -0.066906 0.074307 -0.001405
vn -0.083120 0.055580 -0.001405
vn -0.091346 0.040670 -0.001405
vn -0.098135 0.019172 -0.001405
vn -0.099990 0.000000 -0.001405
vn 0.090088 0.043384 -0.001405
vn 0.099990 -0.000000 -0.001405
vn 0.090088 -0.043384 -0.001405
vn 0.062343 -0.078175 -0.001405
vn 0.022250 -0.097483 -0.001405
vn -0.022250 -0.097483 -0.001405
vn -0.062343 -0.078175 -0.001405
vn -0.090088 -0.043384 -0.001405
vn -0.099990 0.000000 -0.001405
vn 0.062343 0.078175 -0.001405
vn 0.022250 0.097483 -0.001405
vn -0.022250 0.097483 -0.001405
vn -0.062343 0.078175 -0.001405
vn -0.090088 0.043384 -0.001405
vn 0.000000 0.000000 0.100000
vn 0.000000 0.000000 0.100000
vn 0.000000 0.000000 0.100000
vn 0.000000 0.000000 0.100000
vn 0.000000 0.000000 0.100000
vn 0.000000 0.000000 0.100000
vn 0.000000 0.000000 0.100000
vn 0.000000 0.000000 0.100000
vn 0.000000 0.000000 0.100000
vn 0.000000 0.000000 0.100000
vn 0.000000 0.000000 0.100000
vn 0.000000 0.000000 0.100000
vn 0.000000 0.000000 0.100000
vn 0.000000 0.000000 0.100000
vn 0.000000 0.000000 0.100000
vn 0.000000 0.000000 0.100000
vn 0.000000 0.000000 0.100000
vn 0.000000 0.000000 0.100000
vn -0.000000 0.000000 -0.100000
vn -0.000000 0.000000 -0.100000
vn -0.000000 0.000000 -0.100000
vn -0.000000 0.000000 -0.100000
vn -0.000000 0.000000 -0.100000
vn -0.000000 0.000000 -0.100000
vn -0.000000 0.000000 -0.100000
vn -0.000000 0.000000 -0.100000
vn -0.000000 0.000000 -0.100000
vn -0.000000 0.000000 -0.100000
vn -0.000000 0.000000 -0.100000
vn -0.000000 0.000000 -0.100000
vn -0.000000 0.000000 -0.100000
vn -0.000000 0.000000 -0.100000
usemtl Steel_-_Satin
f 250/541/533 251/542/534 253/543/535
f 253/543/535 251/542/534 252/544/536
f 257/545/537 254/546/538 256/547/539
f 256/547/539 254/546/538 255/548/540
f 256/547/539 255/548/540 253/549/541
f 253/549/541 255/548/540 250/550/542
f 287/551/543 258/552/544 286/553/545
f 286/553/545 258/552/544 259/554/546
f 286/553/545 259/554/546 285/555/547
f 285/555/547 259/554/546 260/556/548
f 285/555/547 260/556/548 284/557/549
f 284/557/549 260/556/548 261/558/550
f 284/557/549 261/558/550 283/559/551
f 283/559/551 261/558/550 262/560/552
f 283/559/551 262/560/552 282/561/553
f 282/561/553 262/560/552 263/562/554
f 282/561/553 263/562/554 281/563/555
f 281/563/555 263/562/554 264/564/556
f 281/563/555 264/564/556 280/565/557
f 280/565/557 264/564/556 265/566/558
f 280/565/557 265/566/558 279/567/559
f 279/567/559 265/566/558 266/568/560
f 279/567/559 266/568/560 278/569/561
f 278/569/561 266/568/560 267/570/562
f 278/569/561 267/570/562 277/571/563
f 277/571/563 267/570/562 268/572/564
f 277/571/563 268/572/564 276/573/565
f 276/573/565 268/572/564 269/574/566
f 276/573/565 269/574/566 275/575/567
f 275/575/567 269/574/566 270/576/568
f 275/575/567 270/576/568 274/577/569
f 274/577/569 270/576/568 271/578/570
f 274/577/569 271/578/570 273/579/571
f 273/579/571 271/578/570 272/580/572
f 273/579/571 272/580/572 256/581/573
f 256/581/573 272/580/572 257/582/574
f 258/583/575 287/584/576 288/585/577
f 288/585/577 287/584/576 289/586/578
f 289/586/578 287/584/576 252/587/579
f 289/586/578 252/587/579 251/588/580
f 299/589/581 251/590/582 300/591/583
f 300/591/583 251/590/582 250/592/584
f 300/591/583 250/592/584 290/593/585
f 300/591/583 290/593/585 301/594/586
f 301/594/586 290/593/585 291/595/587
f 301/594/586 291/595/587 302/596/588
f 302/596/588 291/595/587 292/597/589
f 302/596/588 292/597/589 294/598/590
f 294/598/590 292/597/589 293/599/591
f 294/598/590 295/600/592 302/596/588
f 302/596/588 295/600/592 297/601/593
f 302/596/588 297/601/593 301/594/586
f 301/594/586 297/601/593 298/602/594
f 301/594/586 298/602/594 300/591/583
f 300/591/583 298/602/594 299/589/581
f 295/600/592 296/603/595 297/601/593
f 250/604/596 255/605/597 290/606/598
f 290/606/598 255/605/597 309/607/599
f 290/606/598 309/607/599 291/608/600
f 291/608/600 309/607/599 310/609/601
f 291/608/600 310/609/601 292/610/602
f 292/610/602 310/609/601 311/611/603
f 292/610/602 311/611/603 308/612/604
f 308/612/604 311/611/603 307/613/605
f 307/613/605 311/611/603 305/614/606
f 307/613/605 305/614/606 306/615/607
f 255/605/597 254/616/608 309/607/599
f 309/607/599 254/616/608 303/617/609
f 309/607/599 303/617/609 310/609/601
f 310/609/601 303/617/609 304/618/610
f 310/609/601 304/618/610 311/611/603
f 311/611/603 304/618/610 305/614/606
f 254/616/608 257/619/611 303/617/609
f 308/612/604 293/620/591 292/610/602
f 303/621/612 257/622/613 342/623/614
f 342/623/614 257/622/613 272/624/615
f 342/623/614 272/624/615 341/625/616
f 341/625/616 272/624/615 271/626/617
f 341/625/616 271/626/617 340/627/618
f 340/627/618 271/626/617 270/628/619
f 340/627/618 270/628/619 339/629/620
f 339/629/620 270/628/619 338/630/621
f 339/629/620 338/630/621 363/631/622
f 363/631/622 338/630/621 364/632/623
f 363/631/622 364/632/623 356/633/624
f 356/633/624 364/632/623 355/634/625
f 356/633/624 355/634/625 397/635/626
f 397/635/626 355/634/625 398/636/627
f 397/635/626 398/636/627 390/637/628
f 390/637/628 398/636/627 389/638/629
f 390/637/628 389/638/629 324/639/630
f 324/639/630 389/638/629 323/640/631
f 323/640/631 389/638/629 388/641/632
f 323/640/631 388/641/632 322/642/633
f 322/642/633 388/641/632 387/643/634
f 322/642/633 387/643/634 386/644/635
f 386/644/635 387/643/634 401/645/636
f 386/644/635 401/645/636 402/646/637
f 402/646/637 401/645/636 351/647/638
f 402/646/637 351/647/638 350/648/639
f 350/648/639 351/647/638 369/649/640
f 350/648/639 369/649/640 370/650/641
f 370/650/641 369/649/640 332/651/642
f 370/650/641 332/651/642 331/652/643
f 331/652/643 332/651/642 264/653/644
f 331/652/643 264/653/644 263/654/645
f 270/628/619 269/655/646 338/630/621
f 338/630/621 269/655/646 337/656/647
f 338/630/621 337/656/647 364/632/623
f 364/632/623 337/656/647 365/657/648
f 364/632/623 365/657/648 355/634/625
f 355/634/625 365/657/648 354/658/649
f 355/634/625 354/658/649 398/636/627
f 398/636/627 354/658/649 399/659/650
f 398/636/627 399/659/650 389/638/629
f 389/638/629 399/659/650 388/641/632
f 269/655/646 268/660/651 337/656/647
f 337/656/647 268/660/651 336/661/652
f 337/656/647 336/661/652 365/657/648
f 365/657/648 336/661/652 366/662/653
f 365/657/648 366/662/653 354/658/649
f 354/658/649 366/662/653 353/663/654
f 354/658/649 353/663/654 399/659/650
f 399/659/650 353/663/654 400/664/655
f 399/659/650 400/664/655 388/641/632
f 388/641/632 400/664/655 387/643/634
f 268/660/651 267/665/656 336/661/652
f 336/661/652 267/665/656 335/666/657
f 336/661/652 335/666/657 366/662/653
f 366/662/653 335/666/657 367/667/658
f 366/662/653 367/667/658 353/663/654
f 353/663/654 367/667/658 352/668/659
f 353/663/654 352/668/659 400/664/655
f 400/664/655 352/668/659 401/645/636
f 400/664/655 401/645/636 387/643/634
f 267/665/656 266/669/660 335/666/657
f 335/666/657 266/669/660 334/670/661
f 335/666/657 334/670/661 367/667/658
f 367/667/658 334/670/661 368/671/662
f 367/667/658 368/671/662 352/668/659
f 352/668/659 368/671/662 351/647/638
f 352/668/659 351/647/638 401/645/636
f 266/669/660 265/672/663 334/670/661
f 334/670/661 265/672/663 333/673/664
f 334/670/661 333/673/664 368/671/662
f 368/671/662 333/673/664 369/649/640
f 368/671/662 369/649/640 351/647/638
f 265/672/663 264/653/644 333/673/664
f 333/673/664 264/653/644 332/651/642
f 333/673/664 332/651/642 369/649/640
f 331/652/643 263/654/645 330/674/665
f 330/674/665 263/654/645 262/675/666
f 330/674/665 262/675/666 329/676/667
f 329/676/667 262/675/666 261/677/668
f 329/676/667 261/677/668 328/678/669
f 328/678/669 261/677/668 260/679/670
f 328/678/669 260/679/670 327/680/671
f 327/680/671 260/679/670 259/681/672
f 327/680/671 259/681/672 326/682/673
f 326/682/673 259/681/672 258/683/674
f 326/682/673 258/683/674 312/684/675
f 313/685/676 343/686/677 312/684/675
f 312/684/675 343/686/677 376/687/678
f 312/684/675 376/687/678 326/682/673
f 326/682/673 376/687/678 375/688/679
f 326/682/673 375/688/679 327/680/671
f 327/680/671 375/688/679 374/689/680
f 327/680/671 374/689/680 328/678/669
f 328/678/669 374/689/680 373/690/681
f 328/678/669 373/690/681 329/676/667
f 329/676/667 373/690/681 372/691/682
f 329/676/667 372/691/682 330/674/665
f 330/674/665 372/691/682 371/692/683
f 330/674/665 371/692/683 331/652/643
f 331/652/643 371/692/683 370/650/641
f 314/693/684 377/694/685 313/685/676
f 313/685/676 377/694/685 410/695/686
f 313/685/676 410/695/686 343/686/677
f 343/686/677 410/695/686 409/696/687
f 343/686/677 409/696/687 344/697/688
f 344/697/688 409/696/687 408/698/689
f 344/697/688 408/698/689 345/699/690
f 345/699/690 408/698/689 407/700/691
f 345/699/690 407/700/691 346/701/692
f 346/701/692 407/700/691 406/702/693
f 346/701/692 406/702/693 347/703/694
f 347/703/694 406/702/693 405/704/695
f 347/703/694 405/704/695 348/705/696
f 348/705/696 405/704/695 404/706/697
f 348/705/696 404/706/697 349/707/698
f 349/707/698 404/706/697 403/708/699
f 349/707/698 403/708/699 350/648/639
f 350/648/639 403/708/699 402/646/637
f 314/693/684 315/709/700 377/694/685
f 377/694/685 315/709/700 316/710/701
f 377/694/685 316/710/701 378/711/702
f 378/711/702 316/710/701 317/712/703
f 378/711/702 317/712/703 379/713/704
f 379/713/704 317/712/703 380/714/705
f 379/713/704 380/714/705 408/698/689
f 408/698/689 380/714/705 407/700/691
f 317/712/703 318/715/706 380/714/705
f 380/714/705 318/715/706 381/716/707
f 380/714/705 381/716/707 407/700/691
f 407/700/691 381/716/707 406/702/693
f 381/716/707 318/715/706 382/717/708
f 382/717/708 318/715/706 319/718/709
f 382/717/708 319/718/709 383/719/710
f 383/719/710 319/718/709 320/720/711
f 383/719/710 320/720/711 384/721/712
f 384/721/712 320/720/711 385/722/713
f 384/721/712 385/722/713 403/708/699
f 403/708/699 385/722/713 402/646/637
f 320/720/711 321/723/714 385/722/713
f 385/722/713 321/723/714 386/644/635
f 385/722/713 386/644/635 402/646/637
f 321/723/714 322/642/633 386/644/635
f 390/637/628 324/639/630 391/724/715
f 391/724/715 324/639/630 325/725/716
f 391/724/715 325/725/716 392/726/717
f 392/726/717 325/725/716 306/727/607
f 392/726/717 306/727/607 393/728/718
f 393/728/718 306/727/607 305/729/719
f 393/728/718 305/729/719 394/730/720
f 394/730/720 305/729/719 304/731/721
f 394/730/720 304/731/721 359/732/722
f 359/732/722 304/731/721 303/621/612
f 359/732/722 303/621/612 360/733/723
f 360/733/723 303/621/612 342/623/614
f 360/733/723 342/623/614 341/625/616
f 340/627/618 339/629/620 362/734/724
f 362/734/724 339/629/620 363/631/622
f 362/734/724 363/631/622 357/735/725
f 357/735/725 363/631/622 356/633/624
f 357/735/725 356/633/624 396/736/726
f 396/736/726 356/633/624 397/635/626
f 396/736/726 397/635/626 391/724/715
f 391/724/715 397/635/626 390/637/628
f 341/625/616 340/627/618 361/737/727
f 361/737/727 340/627/618 362/734/724
f 361/737/727 362/734/724 358/738/728
f 358/738/728 362/734/724 357/735/725
f 358/738/728 357/735/725 395/739/729
f 395/739/729 357/735/725 396/736/726
f 395/739/729 396/736/726 392/726/717
f 392/726/717 396/736/726 391/724/715
f 375/688/679 376/687/678 344/697/688
f 344/697/688 376/687/678 343/686/677
f 374/689/680 375/688/679 345/699/690
f 345/699/690 375/688/679 344/697/688
f 373/690/681 374/689/680 346/701/692
f 346/701/692 374/689/680 345/699/690
f 372/691/682 373/690/681 347/703/694
f 347/703/694 373/690/681 346/701/692
f 371/692/683 372/691/682 348/705/696
f 348/705/696 372/691/682 347/703/694
f 370/650/641 371/692/683 349/707/698
f 349/707/698 371/692/683 348/705/696
f 349/707/698 350/648/639 370/650/641
f 358/738/728 359/732/722 361/737/727
f 361/737/727 359/732/722 360/733/723
f 361/737/727 360/733/723 341/625/616
f 359/732/722 358/738/728 394/730/720
f 394/730/720 358/738/728 395/739/729
f 394/730/720 395/739/729 393/728/718
f 393/728/718 395/739/729 392/726/717
f 409/696/687 410/695/686 378/711/702
f 378/711/702 410/695/686 377/694/685
f 408/698/689 409/696/687 379/713/704
f 379/713/704 409/696/687 378/711/702
f 405/704/695 406/702/693 382/717/708
f 382/717/708 406/702/693 381/716/707
f 404/706/697 405/704/695 383/719/710
f 383/719/710 405/704/695 382/717/708
f 403/708/699 404/706/697 384/721/712
f 384/721/712 404/706/697 383/719/710
f 258/740/730 288/741/731 312/742/732
f 312/742/732 288/741/731 414/743/733
f 312/742/732 414/743/733 416/744/734
f 416/744/734 414/743/733 413/745/735
f 416/744/734 413/745/735 415/746/736
f 415/746/736 413/745/735 299/747/737
f 415/746/736 299/747/737 298/748/738
f 288/741/731 289/749/739 414/743/733
f 414/743/733 289/749/739 413/745/735
f 289/749/739 251/750/740 413/745/735
f 413/745/735 251/750/740 299/747/737
f 297/751/741 417/752/742 298/748/738
f 298/748/738 417/752/742 420/753/743
f 298/748/738 420/753/743 415/746/736
f 415/746/736 420/753/743 419/754/744
f 415/746/736 419/754/744 416/744/734
f 416/744/734 419/754/744 313/755/745
f 416/744/734 313/755/745 312/742/732
f 296/756/595 411/757/746 297/751/741
f 297/751/741 411/757/746 417/752/742
f 417/752/742 411/757/746 418/758/747
f 418/758/747 411/757/746 412/759/748
f 418/758/747 412/759/748 314/760/749
f 314/760/749 412/759/748 315/761/700
f 418/758/747 314/760/749 419/754/744
f 419/754/744 314/760/749 313/755/745
f 419/754/744 420/753/743 418/758/747
f 418/758/747 420/753/743 417/752/742
f 325/762/750 436/763/751 306/764/752
f 306/764/752 436/763/751 437/765/753
f 306/764/752 437/765/753 307/766/754
f 307/766/754 437/765/753 308/767/755
f 308/767/755 437/765/753 449/768/756
f 308/767/755 449/768/756 293/769/757
f 293/769/757 449/768/756 294/770/758
f 294/770/758 449/768/756 448/771/759
f 294/770/758 448/771/759 295/772/760
f 295/772/760 448/771/759 296/773/761
f 296/773/761 448/771/759 447/774/762
f 296/773/761 447/774/762 411/775/763
f 411/775/763 447/774/762 412/776/764
f 412/776/764 447/774/762 446/777/765
f 412/776/764 446/777/765 315/778/766
f 315/778/766 446/777/765 316/779/767
f 316/779/767 446/777/765 445/780/768
f 316/779/767 445/780/768 317/781/769
f 317/781/769 445/780/768 444/782/770
f 317/781/769 444/782/770 318/783/771
f 318/783/771 444/782/770 443/784/772
f 318/783/771 443/784/772 319/785/773
f 319/785/773 443/784/772 442/786/774
f 319/785/773 442/786/774 320/787/775
f 320/787/775 442/786/774 441/788/776
f 320/787/775 441/788/776 321/789/777
f 321/789/777 441/788/776 440/790/778
f 321/789/777 440/790/778 322/791/779
f 322/791/779 440/790/778 439/792/780
f 322/791/779 439/792/780 323/793/781
f 323/793/781 439/792/780 438/794/782
f 323/793/781 438/794/782 324/795/783
f 324/795/783 438/794/782 435/796/784
f 324/795/783 435/796/784 325/797/750
f 325/762/750 435/798/784 436/763/751
f 422/799/785 444/782/770 421/800/786
f 421/800/786 444/782/770 445/780/768
f 421/800/786 445/780/768 434/801/787
f 434/801/787 445/780/768 446/777/765
f 434/801/787 446/777/765 433/802/788
f 433/802/788 446/777/765 447/774/762
f 433/802/788 447/774/762 432/803/789
f 432/803/789 447/774/762 448/771/759
f 432/803/789 448/771/759 431/804/790
f 431/804/790 448/771/759 449/768/756
f 431/804/790 449/768/756 430/805/791
f 430/805/791 449/768/756 437/765/753
f 430/805/791 437/765/753 429/806/792
f 429/806/792 437/765/753 436/763/751
f 429/806/792 436/763/751 428/807/793
f 428/807/793 436/763/751 435/798/784
f 428/808/793 435/796/784 438/794/782
f 444/782/770 422/799/785 443/784/772
f 443/784/772 422/799/785 423/809/794
f 443/784/772 423/809/794 442/786/774
f 442/786/774 423/809/794 424/810/795
f 442/786/774 424/810/795 441/788/776
f 441/788/776 424/810/795 425/811/796
f 441/788/776 425/811/796 440/790/778
f 440/790/778 425/811/796 426/812/797
f 440/790/778 426/812/797 439/792/780
f 439/792/780 426/812/797 427/813/798
f 439/792/780 427/813/798 438/794/782
f 438/794/782 427/813/798 428/808/793
f 253/814/799 252/815/800 256/816/801
f 256/816/801 252/815/800 287/817/802
f 256/816/801 287/817/802 279/818/803
f 279/818/803 287/817/802 280/819/804
f 280/819/804 287/817/802 281/820/805
f 281/820/805 287/817/802 282/821/806
f 282/821/806 287/817/802 286/822/807
f 282/821/806 286/822/807 283/823/808
f 283/823/808 286/822/807 285/824/809
f 283/823/808 285/824/809 284/825/810
f 279/818/803 278/826/811 256/816/801
f 256/816/801 278/826/811 277/827/812
f 256/816/801 277/827/812 273/828/813
f 273/828/813 277/827/812 276/829/814
f 273/828/813 276/829/814 274/830/815
f 274/830/815 276/829/814 275/831/816
f 434/832/817 429/833/818 421/834/819
f 421/834/819 429/833/818 428/835/820
f 421/834/819 428/835/820 422/836/821
f 422/836/821 428/835/820 427/837/822
f 422/836/821 427/837/822 423/838/823
f 423/838/823 427/837/822 426/839/824
f 423/838/823 426/839/824 424/840/825
f 424/840/825 426/839/824 425/841/826
f 429/833/818 434/832/817 430/842/827
f 430/842/827 434/832/817 433/843/828
f 430/842/827 433/843/828 431/844/829
f 431/844/829 433/843/828 432/845/830
g Body7

v -3.700000 0.000000 -79.400000
v -3.204294 -1.850000 -79.400000
v -1.850000 -3.204294 -79.400000
v -0.000000 -3.700000 -79.400000
v 1.850000 -3.204294 -79.400000
v 3.204294 -1.850000 -79.400000
v 3.700000 -0.000000 -79.400000
v 3.204294 1.850000 -79.400000
v 1.850000 3.204294 -79.400000
v 0.000000 3.700000 -79.400000
v -1.850000 3.204294 -79.400000
v -3.204294 1.850000 -79.400000
v -3.700000 0.000000 -89.000000
v -3.204294 1.850000 -89.000000
v -1.850000 3.204294 -89.000000
v 0.000000 3.700000 -89.000000
v 1.850000 3.204294 -89.000000
v 3.204294 1.850000 -89.000000
v 3.700000 -0.000000 -89.000000
v 3.204294 -1.850000 -89.000000
v 1.850000 -3.204294 -89.000000
v -0.000000 -3.700000 -89.000000
v -1.850000 -3.204294 -89.000000
v -3.204294 -1.850000 -89.000000
vt -0.321963 0.010629 0.000000
vt 0.318896 0.010629 0.000000
vt -0.371534 0.195629 0.000000
vt 0.368466 0.195629 0.000000
vt -0.321963 0.380629 0.000000
vt 0.318896 0.380629 0.000000
vt -0.186534 0.516058 0.000000
vt 0.183466 0.516058 0.000000
vt -0.001534 0.565629 0.000000
vt 0.183466 -0.124801 0.000000
vt -0.186534 -0.124801 0.000000
vt -0.001534 -0.174371 0.000000
vt 0.320429 0.185000 0.000000
vt -0.320429 0.185000 0.000000
vt 0.370000 -0.000000 0.000000
vt -0.370000 0.000000 0.000000
vt 0.320429 -0.185000 0.000000
vt -0.320429 -0.185000 0.000000
vt 0.185000 -0.320429 0.000000
vt -0.185000 -0.320429 0.000000
vt -0.000000 -0.370000 0.000000
vt -0.185000 0.320429 0.000000
vt 0.185000 0.320429 0.000000
vt -0.000000 0.370000 0.000000
vt -0.960000 0.968658 0.000000
vt -0.000000 0.968658 0.000000
vt -0.960000 1.162389 0.000000
vt -0.000000 1.162389 0.000000
vt -0.960000 -1.162389 0.000000
vt -0.000000 -1.162389 0.000000
vt -0.960000 -0.968658 0.000000
vt -0.000000 -0.968658 0.000000
vt -0.960000 -0.774926 0.000000
vt -0.000000 -0.774926 0.000000
vt -0.960000 -0.581195 0.000000
vt -0.000000 -0.581195 0.000000
vt -0.960000 -0.387463 0.000000
vt -0.000000 -0.387463 0.000000
vt -0.960000 -0.193732 0.000000
vt -0.000000 -0.193732 0.000000
vt -0.960000 0.000000 0.000000
vt -0.000000 0.000000 0.000000
vt -0.960000 0.193732 0.000000
vt -0.000000 0.193732 0.000000
vt -0.960000 0.387463 0.000000
vt -0.000000 0.387463 0.000000
vt -0.960000 0.581195 0.000000
vt -0.000000 0.581195 0.000000
vt -0.960000 0.774926 0.000000
vt -0.000000 0.774926 0.000000
vn 0.000000 -0.000000 0.100000
vn 0.000000 -0.000000 0.100000
vn 0.000000 -0.000000 0.100000
vn 0.000000 -0.000000 0.100000
vn 0.000000 -0.000000 0.100000
vn 0.000000 -0.000000 0.100000
vn 0.000000 -0.000000 0.100000
vn 0.000000 -0.000000 0.100000
vn 0.000000 -0.000000 0.100000
vn 0.000000 -0.000000 0.100000
vn 0.000000 -0.000000 0.100000
vn 0.000000 -0.000000 0.100000
vn 0.000000 0.000000 -0.100000
vn 0.000000 0.000000 -0.100000
vn 0.000000 0.000000 -0.100000
vn 0.000000 0.000000 -0.100000
vn 0.000000 0.000000 -0.100000
vn 0.000000 0.000000 -0.100000
vn 0.000000 0.000000 -0.100000
vn 0.000000 0.000000 -0.100000
vn 0.000000 0.000000 -0.100000
vn 0.000000 0.000000 -0.100000
vn 0.000000 0.000000 -0.100000
vn 0.000000 0.000000 -0.100000
vn -0.086603 0.050000 -0.000000
vn -0.086603 0.050000 -0.000000
vn -0.100000 0.000000 -0.000000
vn -0.100000 0.000000 -0.000000
vn -0.086603 -0.050000 0.000000
vn -0.086603 -0.050000 0.000000
vn -0.050000 -0.086603 0.000000
vn -0.050000 -0.086603 0.000000
vn -0.000000 -0.100000 0.000000
vn -0.000000 -0.100000 0.000000
vn 0.050000 -0.086603 0.000000
vn 0.050000 -0.086603 0.000000
vn 0.086603 -0.050000 0.000000
vn 0.086603 -0.050000 0.000000
vn 0.100000 -0.000000 0.000000
vn 0.100000 -0.000000 0.000000
vn 0.086603 0.050000 0.000000
vn 0.086603 0.050000 0.000000
vn 0.050000 0.086603 0.000000
vn 0.050000 0.086603 0.000000
vn 0.000000 0.100000 0.000000
vn 0.000000 0.100000 0.000000
vn -0.050000 0.086603 -0.000000
vn -0.050000 0.086603 -0.000000
usemtl Plastic_-_Matte_(Black)
f 451/846/831 455/847/832 450/848/833
f 450/848/833 455/847/832 456/849/834
f 450/848/833 456/849/834 461/850/835
f 461/850/835 456/849/834 457/851/836
f 461/850/835 457/851/836 460/852/837
f 460/852/837 457/851/836 458/853/838
f 460/852/837 458/853/838 459/854/839
f 455/847/832 451/846/831 454/855/840
f 454/855/840 451/846/831 452/856/841
f 454/855/840 452/856/841 453/857/842
f 463/858/843 467/859/844 462/860/845
f 462/860/845 467/859/844 468/861/846
f 462/860/845 468/861/846 473/862/847
f 473/862/847 468/861/846 469/863/848
f 473/862/847 469/863/848 472/864/849
f 472/864/849 469/863/848 470/865/850
f 472/864/849 470/865/850 471/866/851
f 467/859/844 463/858/843 466/867/852
f 466/867/852 463/858/843 464/868/853
f 466/867/852 464/868/853 465/869/854
f 461/870/855 463/871/856 450/872/857
f 450/872/857 463/871/856 462/873/858
f 450/874/857 462/875/858 451/876/859
f 451/876/859 462/875/858 473/877/860
f 451/876/859 473/877/860 452/878/861
f 452/878/861 473/877/860 472/879/862
f 452/878/861 472/879/862 453/880/863
f 453/880/863 472/879/862 471/881/864
f 453/880/863 471/881/864 454/882/865
f 454/882/865 471/881/864 470/883/866
f 454/882/865 470/883/866 455/884/867
f 455/884/867 470/883/866 469/885/868
f 455/884/867 469/885/868 456/886/869
f 456/886/869 469/885/868 468/887/870
f 456/886/869 468/887/870 457/888/871
f 457/888/871 468/887/870 467/889/872
f 457/888/871 467/889/872 458/890/873
f 458/890/873 467/889/872 466/891/874
f 458/890/873 466/891/874 459/892/875
f 459/892/875 466/891/874 465/893/876
f 459/892/875 465/893/876 460/894/877
f 460/894/877 465/893/876 464/895/878
f 460/894/877 464/895/878 461/870/855
f 461/870/855 464/895/878 463/871/856
g Body1

v 23.000000 22.000000 32.000000
v 22.619398 22.000000 30.086583
v 21.535534 22.000000 28.464466
v 19.913417 22.000000 27.380602
v 18.000000 22.000000 27.000000
v 18.000000 37.000000 27.000000
v 19.913417 37.000000 27.380602
v 21.535534 37.000000 28.464466
v 22.619398 37.000000 30.086583
v 23.000000 37.000000 32.000000
v 9.300000 32.000000 27.000000
v 9.697724 30.907261 27.000000
v 10.704798 30.325827 27.000000
v 11.850000 30.527757 27.000000
v 12.597477 31.418566 27.000000
v 12.597477 32.581434 27.000000
v 11.850000 33.472243 27.000000
v 10.704798 33.674173 27.000000
v 9.697724 33.092739 27.000000
v 14.000000 22.000000 27.000000
v 9.000000 17.000000 27.000000
v 9.000000 27.000000 27.000000
v 0.000000 27.000000 27.000000
v 0.000000 30.300000 27.000000
v 0.999235 30.624671 27.000000
v 1.616796 31.474671 27.000000
v 1.616796 32.525329 27.000000
v 0.999235 33.375329 27.000000
v 0.000000 33.700000 27.000000
v 0.000000 37.000000 27.000000
v 23.000000 22.000000 43.000000
v 14.000000 22.000000 43.000000
v 18.000000 22.000000 73.000000
v 19.913417 22.000000 72.619398
v 21.535534 22.000000 71.535534
v 22.619398 22.000000 69.913417
v 23.000000 22.000000 68.000000
v 23.000000 37.000000 68.000000
v 22.619398 37.000000 69.913417
v 21.535534 37.000000 71.535534
v 19.913417 37.000000 72.619398
v 18.000000 37.000000 73.000000
v 0.000000 37.000000 73.000000
v 0.000000 33.700000 73.000000
v 0.999235 33.375329 73.000000
v 1.616796 32.525329 73.000000
v 1.616796 31.474671 73.000000
v 0.999235 30.624671 73.000000
v 0.000000 30.300000 73.000000
v 0.000000 27.000000 73.000000
v 9.000000 27.000000 73.000000
v 9.000000 17.000000 73.000000
v 14.000000 22.000000 73.000000
v 9.300000 32.000000 73.000000
v 9.697724 33.092739 73.000000
v 10.704798 33.674173 73.000000
v 11.850000 33.472243 73.000000
v 12.597477 32.581434 73.000000
v 12.597477 31.418566 73.000000
v 11.850000 30.527757 73.000000
v 10.704798 30.325827 73.000000
v 9.697724 30.907261 73.000000
v 0.000000 37.000000 31.985000
v 13.000000 37.000000 31.985000
v 14.919157 37.000000 32.366744
v 16.546141 37.000000 33.453859
v 17.633256 37.000000 35.080843
v 18.015000 37.000000 37.000000
v 18.015000 37.000000 63.000000
v 17.633256 37.000000 64.919157
v 16.546141 37.000000 66.546141
v 14.919157 37.000000 67.633256
v 13.000000 37.000000 68.015000
v 0.000000 37.000000 68.015000
v 14.000000 22.000000 57.000000
v 9.000000 17.000000 52.000000
v 23.000000 17.000000 52.000000
v 23.000000 22.000000 57.000000
v 14.000000 12.000000 85.000000
v 12.857143 13.142857 85.000000
v 12.857143 13.142857 65.000000
v 14.000000 12.000000 65.000000
v 14.000000 12.000000 57.000000
v 9.000000 17.000000 87.090000
v 9.680089 16.319911 87.090000
v 10.130268 15.869732 87.869732
v 10.910000 15.090000 88.319911
v 10.910000 15.090000 89.220268
v 11.360179 14.639821 90.000000
v 10.910000 15.090000 90.779732
v 10.910000 15.090000 91.680089
v 10.130268 15.869732 92.130268
v 9.680089 16.319911 92.910000
v 9.000000 17.000000 92.910000
v 9.000000 17.000000 100.000000
v 14.000000 12.000000 100.000000
v 23.000000 12.000000 57.000000
v 9.000000 17.000000 43.000000
v 14.000000 17.000000 48.000000
v 14.000000 12.000000 43.000000
v 23.000000 17.000000 48.000000
v 23.000000 12.000000 43.000000
v 14.000000 12.000000 35.000000
v 12.857143 13.142857 35.000000
v 12.857143 13.142857 15.000000
v 14.000000 12.000000 15.000000
v 14.000000 12.000000 0.000000
v 9.000000 17.000000 0.000000
v 9.000000 17.000000 7.090000
v 9.680089 16.319911 7.090000
v 10.130268 15.869732 7.869732
v 10.910000 15.090000 8.319911
v 10.910000 15.090000 9.220268
v 11.360179 14.639821 10.000000
v 10.910000 15.090000 10.779732
v 10.910000 15.090000 11.680089
v 10.130268 15.869732 12.130268
v 9.680089 16.319911 12.910000
v 9.000000 17.000000 12.910000
v 9.000000 17.220268 12.910000
v 9.000000 18.000000 13.360179
v 9.000000 18.779732 12.910000
v 9.000000 19.680089 12.910000
v 9.000000 20.130268 12.130268
v 9.000000 20.910000 11.680089
v 9.000000 20.910000 10.779732
v 9.000000 21.360179 10.000000
v 9.000000 20.910000 9.220268
v 9.000000 20.910000 8.319911
v 9.000000 20.130268 7.869732
v 9.000000 19.680089 7.090000
v 9.000000 18.779732 7.090000
v 9.000000 18.000000 6.639821
v 9.000000 17.220268 7.090000
v 9.000000 27.000000 0.000000
v -0.000000 -30.000000 7.000000
v -0.000000 -24.000000 13.000000
v -0.000000 -24.000000 77.000000
v -0.000000 -30.000000 83.000000
v -0.000000 -30.000000 87.000000
v -0.000000 -24.000000 93.000000
v -0.000000 -24.000000 100.000000
v -0.000000 -19.560000 100.000000
v -0.000000 -19.560000 0.000000
v -0.000000 -30.000000 0.000000
v 0.000000 -26.620000 85.000000
v 0.000000 -26.240992 83.958684
v 0.000000 -25.281310 83.404611
v 0.000000 -24.190000 83.597039
v 0.000000 -23.477698 84.445927
v 0.000000 -23.477698 85.554073
v 0.000000 -24.190000 86.402961
v 0.000000 -25.281310 86.595389
v 0.000000 -26.240992 86.041316
v 0.000000 -26.620000 5.000000
v 0.000000 -26.240992 3.958684
v 0.000000 -25.281310 3.404611
v 0.000000 -24.190000 3.597039
v 0.000000 -23.477698 4.445927
v 0.000000 -23.477698 5.554073
v 0.000000 -24.190000 6.402961
v 0.000000 -25.281310 6.595389
v 0.000000 -26.240992 6.041316
v 6.000000 -30.000000 7.000000
v 6.000000 -24.000000 13.000000
v 6.000000 -24.000000 7.910000
v 10.000000 -24.000000 7.910000
v 10.000000 -24.000000 82.090000
v 6.000000 -24.000000 82.090000
v 6.000000 -24.000000 77.000000
v 6.000000 -30.000000 87.000000
v 6.000000 -24.000000 93.000000
v 6.000000 -24.000000 87.910000
v 10.000000 -24.000000 87.910000
v 10.000000 -24.000000 100.000000
v 6.000000 -30.000000 83.000000
v 6.000000 -24.220268 82.090000
v 6.000000 -25.000000 81.639821
v 6.000000 -25.779732 82.090000
v 6.000000 -26.680089 82.090000
v 6.000000 -27.130268 82.869732
v 6.000000 -27.910000 83.319911
v 6.000000 -27.910000 84.220268
v 6.000000 -28.360179 85.000000
v 6.000000 -27.910000 85.779732
v 6.000000 -27.910000 86.680089
v 6.000000 -27.130268 87.130268
v 6.000000 -26.680089 87.910000
v 6.000000 -25.779732 87.910000
v 6.000000 -25.000000 88.360179
v 6.000000 -24.220268 87.910000
v 10.880000 8.160000 15.000000
v 10.880000 8.160000 35.000000
v 24.800000 -10.400000 35.000000
v 24.800000 -10.400000 15.000000
v 10.880000 8.160000 65.000000
v 10.880000 8.160000 85.000000
v 24.800000 -10.400000 85.000000
v 24.800000 -10.400000 65.000000
v 9.200000 10.400000 85.000000
v 9.200000 10.400000 65.000000
v 9.200000 10.400000 35.000000
v 9.200000 10.400000 15.000000
v 3.500000 -25.779732 82.090000
v 3.500000 -26.680089 82.090000
v 3.500000 -27.130268 82.869732
v 3.500000 -27.910000 83.319911
v 3.500000 -27.910000 84.220268
v 3.500000 -28.360179 85.000000
v 3.500000 -27.910000 85.779732
v 3.500000 -27.910000 86.680089
v 3.500000 -27.130268 87.130268
v 3.500000 -26.680089 87.910000
v 3.500000 -25.779732 87.910000
v 3.500000 -25.000000 88.360179
v 3.500000 -24.220268 87.910000
v 3.500000 -23.319911 87.910000
v 10.906786 -23.319911 87.910000
v 3.500000 -26.620000 85.000000
v 3.500000 -26.240992 86.041316
v 3.500000 -25.281310 86.595389
v 3.500000 -24.190000 86.402961
v 3.500000 -23.477698 85.554073
v 3.500000 -23.477698 84.445927
v 3.500000 -24.190000 83.597039
v 3.500000 -25.281310 83.404611
v 3.500000 -26.240992 83.958684
v 3.500000 -25.000000 81.639821
v 3.500000 -24.220268 82.090000
v 3.500000 -23.319911 82.090000
v 3.500000 -22.869732 82.869732
v 3.500000 -22.090000 83.319911
v 3.500000 -22.090000 84.220268
v 3.500000 -21.639821 85.000000
v 3.500000 -22.090000 85.779732
v 3.500000 -22.090000 86.680089
v 3.500000 -22.869732 87.130268
v 11.507024 -22.869732 87.130268
v 12.546667 -22.090000 86.680089
v 12.546667 -22.090000 85.779732
v 13.146905 -21.639821 85.000000
v 12.546667 -22.090000 84.220268
v 12.546667 -22.090000 83.319911
v 11.507024 -22.869732 82.869732
v 10.906786 -23.319911 82.090000
v 10.906786 -23.319911 7.910000
v 11.507024 -22.869732 7.130268
v 12.546667 -22.090000 6.680089
v 12.546667 -22.090000 5.779732
v 13.146905 -21.639821 5.000000
v 12.546667 -22.090000 4.220268
v 12.546667 -22.090000 3.319911
v 11.507024 -22.869732 2.869732
v 10.906786 -23.319911 2.090000
v 10.000000 -24.000000 2.090000
v 10.000000 -24.000000 0.000000
v 51.600000 7.200000 0.000000
v 51.600000 7.200000 2.950000
v 43.560000 1.170000 2.950000
v 43.560000 1.170000 4.950000
v 24.440000 -13.170000 4.950000
v 24.440000 -13.170000 2.950000
v 16.360000 -19.230000 2.950000
v 16.360000 -19.230000 13.050000
v 17.960000 -18.030000 13.050000
v 17.960000 -18.030000 36.950000
v 16.360000 -19.230000 36.950000
v 16.360000 -19.230000 47.050000
v 24.440000 -13.170000 47.050000
v 24.440000 -13.170000 45.050000
v 43.560000 1.170000 45.050000
v 43.560000 1.170000 47.050000
v 51.600000 7.200000 47.050000
v 51.600000 7.200000 52.950000
v 43.560000 1.170000 52.950000
v 43.560000 1.170000 54.950000
v 24.440000 -13.170000 54.950000
v 24.440000 -13.170000 52.950000
v 16.360000 -19.230000 52.950000
v 16.360000 -19.230000 63.050000
v 17.960000 -18.030000 63.050000
v 17.960000 -18.030000 86.950000
v 16.360000 -19.230000 86.950000
v 16.360000 -19.230000 97.050000
v 24.440000 -13.170000 97.050000
v 24.440000 -13.170000 95.050000
v 43.560000 1.170000 95.050000
v 43.560000 1.170000 97.050000
v 51.600000 7.200000 97.050000
v 51.600000 7.200000 100.000000
v 9.000000 18.000000 86.639821
v 9.000000 18.779732 87.090000
v 6.500000 18.779732 87.090000
v 6.500000 18.000000 86.639821
v 9.000000 19.680089 87.090000
v 6.500000 19.680089 87.090000
v 9.000000 20.130268 87.869732
v 6.500000 20.130268 87.869732
v 9.000000 20.910000 88.319911
v 6.500000 20.910000 88.319911
v 9.000000 20.910000 89.220268
v 6.500000 20.910000 89.220268
v 9.000000 21.360179 90.000000
v 6.500000 21.360179 90.000000
v 9.000000 20.910000 90.779732
v 6.500000 20.910000 90.779732
v 9.000000 20.910000 91.680089
v 6.500000 20.910000 91.680089
v 9.000000 20.130268 92.130268
v 6.500000 20.130268 92.130268
v 9.000000 19.680089 92.910000
v 6.500000 19.680089 92.910000
v 9.000000 18.779732 92.910000
v 6.500000 18.779732 92.910000
v 9.000000 18.000000 93.360179
v 6.500000 18.000000 93.360179
v 9.000000 17.220268 92.910000
v 6.500000 17.220268 92.910000
v 6.500000 16.319911 92.910000
v 6.500000 15.869732 92.130268
v 6.500000 15.090000 91.680089
v 6.500000 15.090000 90.779732
v 6.500000 14.639821 90.000000
v 6.500000 15.090000 89.220268
v 6.500000 15.090000 88.319911
v 6.500000 15.869732 87.869732
v 6.500000 16.319911 87.090000
v 9.000000 17.220268 87.090000
v 6.500000 17.220268 87.090000
v 6.500000 16.380000 90.000000
v 6.500000 16.759008 91.041316
v 6.500000 17.718690 91.595389
v 6.500000 18.810000 91.402961
v 6.500000 19.522302 90.554073
v 6.500000 19.522302 89.445927
v 6.500000 18.810000 88.597039
v 6.500000 17.718690 88.404611
v 6.500000 16.759008 88.958684
v 0.000000 16.380000 90.000000
v 0.000000 16.759008 91.041316
v 0.000000 17.718690 91.595389
v 0.000000 18.810000 91.402961
v 0.000000 19.522302 90.554073
v 0.000000 19.522302 89.445927
v 0.000000 18.810000 88.597039
v 0.000000 17.718690 88.404611
v 0.000000 16.759008 88.958684
v 6.000000 -26.680089 2.090000
v 6.000000 -25.779732 2.090000
v 3.500000 -25.779732 2.090000
v 3.500000 -26.680089 2.090000
v 6.000000 -27.130268 2.869732
v 3.500000 -27.130268 2.869732
v 6.000000 -27.910000 3.319911
v 3.500000 -27.910000 3.319911
v 6.000000 -27.910000 4.220268
v 3.500000 -27.910000 4.220268
v 6.000000 -28.360179 5.000000
v 3.500000 -28.360179 5.000000
v 6.000000 -27.910000 5.779732
v 3.500000 -27.910000 5.779732
v 6.000000 -27.910000 6.680089
v 3.500000 -27.910000 6.680089
v 6.000000 -27.130268 7.130268
v 3.500000 -27.130268 7.130268
v 6.000000 -26.680089 7.910000
v 3.500000 -26.680089 7.910000
v 6.000000 -25.779732 7.910000
v 3.500000 -25.779732 7.910000
v 6.000000 -25.000000 8.360179
v 3.500000 -25.000000 8.360179
v 6.000000 -24.220268 7.910000
v 3.500000 -24.220268 7.910000
v 3.500000 -23.319911 7.910000
v 3.500000 -26.620000 5.000000
v 3.500000 -26.240992 6.041316
v 3.500000 -25.281310 6.595389
v 3.500000 -24.190000 6.402961
v 3.500000 -23.477698 5.554073
v 3.500000 -23.477698 4.445927
v 3.500000 -24.190000 3.597039
v 3.500000 -25.281310 3.404611
v 3.500000 -26.240992 3.958684
v 3.500000 -25.000000 1.639821
v 3.500000 -24.220268 2.090000
v 3.500000 -23.319911 2.090000
v 3.500000 -22.869732 2.869732
v 3.500000 -22.090000 3.319911
v 3.500000 -22.090000 4.220268
v 3.500000 -21.639821 5.000000
v 3.500000 -22.090000 5.779732
v 3.500000 -22.090000 6.680089
v 3.500000 -22.869732 7.130268
v 6.000000 -24.220268 2.090000
v 6.000000 -24.000000 2.090000
v 6.000000 -25.000000 1.639821
v 6.000000 -30.000000 0.000000
v 6.000000 -24.000000 0.000000
v 9.000000 27.000000 100.000000
v 6.500000 18.779732 7.090000
v 6.500000 18.000000 6.639821
v 6.500000 19.680089 7.090000
v 6.500000 20.130268 7.869732
v 6.500000 20.910000 8.319911
v 6.500000 20.910000 9.220268
v 6.500000 21.360179 10.000000
v 6.500000 20.910000 10.779732
v 6.500000 20.910000 11.680089
v 6.500000 20.130268 12.130268
v 6.500000 19.680089 12.910000
v 6.500000 18.779732 12.910000
v 6.500000 18.000000 13.360179
v 6.500000 17.220268 12.910000
v 6.500000 16.319911 12.910000
v 6.500000 15.869732 12.130268
v 6.500000 15.090000 11.680089
v 6.500000 15.090000 10.779732
v 6.500000 14.639821 10.000000
v 6.500000 15.090000 9.220268
v 6.500000 15.090000 8.319911
v 6.500000 15.869732 7.869732
v 6.500000 16.319911 7.090000
v 6.500000 17.220268 7.090000
v 6.500000 16.380000 10.000000
v 6.500000 16.759008 11.041316
v 6.500000 17.718690 11.595389
v 6.500000 18.810000 11.402961
v 6.500000 19.522302 10.554073
v 6.500000 19.522302 9.445927
v 6.500000 18.810000 8.597039
v 6.500000 17.718690 8.404611
v 6.500000 16.759008 8.958684
v 0.000000 16.380000 10.000000
v 0.000000 16.759008 11.041316
v 0.000000 17.718690 11.595389
v 0.000000 18.810000 11.402961
v 0.000000 19.522302 10.554073
v 0.000000 19.522302 9.445927
v 0.000000 18.810000 8.597039
v 0.000000 17.718690 8.404611
v 0.000000 16.759008 8.958684
v 0.000000 26.985000 31.985000
v 0.000000 30.300000 31.985000
v 0.000000 27.000000 0.000000
v 0.000000 12.800000 0.000000
v 0.000000 12.800000 100.000000
v 0.000000 27.000000 100.000000
v 0.000000 30.300000 68.015000
v 0.000000 26.985000 68.015000
v 0.999235 30.624671 31.985000
v 1.616796 31.474671 31.985000
v 1.616796 32.525329 31.985000
v 0.999235 33.375329 31.985000
v 0.000000 33.700000 31.985000
v 9.300000 32.000000 31.985000
v 9.697724 30.907261 31.985000
v 10.704798 30.325827 31.985000
v 11.850000 30.527757 31.985000
v 12.597477 31.418566 31.985000
v 12.597477 32.581434 31.985000
v 11.850000 33.472243 31.985000
v 10.704798 33.674173 31.985000
v 9.697724 33.092739 31.985000
v 13.000000 26.985000 31.985000
v 23.000000 32.000000 40.700000
v 23.000000 30.907261 40.302276
v 23.000000 30.325827 39.295202
v 23.000000 30.527757 38.150000
v 23.000000 31.418566 37.402523
v 23.000000 32.581434 37.402523
v 23.000000 33.472243 38.150000
v 23.000000 33.674173 39.295202
v 23.000000 33.092739 40.302276
v 18.015000 32.000000 40.700000
v 18.015000 33.092739 40.302276
v 18.015000 33.674173 39.295202
v 18.015000 33.472243 38.150000
v 18.015000 32.581434 37.402523
v 18.015000 31.418566 37.402523
v 18.015000 30.527757 38.150000
v 18.015000 30.325827 39.295202
v 18.015000 30.907261 40.302276
v 14.919157 26.985000 32.366744
v 16.546141 26.985000 33.453859
v 17.633256 26.985000 35.080843
v 18.015000 26.985000 37.000000
v 13.000000 26.985000 68.015000
v 14.919157 26.985000 67.633256
v 16.546141 26.985000 66.546141
v 17.633256 26.985000 64.919157
v 18.015000 26.985000 63.000000
v 0.000000 33.700000 68.015000
v 0.999235 33.375329 68.015000
v 1.616796 32.525329 68.015000
v 1.616796 31.474671 68.015000
v 0.999235 30.624671 68.015000
v 9.300000 32.000000 68.015000
v 9.697724 33.092739 68.015000
v 10.704798 33.674173 68.015000
v 11.850000 33.472243 68.015000
v 12.597477 32.581434 68.015000
v 12.597477 31.418566 68.015000
v 11.850000 30.527757 68.015000
v 10.704798 30.325827 68.015000
v 9.697724 30.907261 68.015000
v 23.000000 32.000000 59.300000
v 23.000000 33.092739 59.697724
v 23.000000 33.674173 60.704798
v 23.000000 33.472243 61.850000
v 23.000000 32.581434 62.597477
v 23.000000 31.418566 62.597477
v 23.000000 30.527757 61.850000
v 23.000000 30.325827 60.704798
v 23.000000 30.907261 59.697724
v 18.015000 32.000000 59.300000
v 18.015000 30.907261 59.697724
v 18.015000 30.325827 60.704798
v 18.015000 30.527757 61.850000
v 18.015000 31.418566 62.597477
v 18.015000 32.581434 62.597477
v 18.015000 33.472243 61.850000
v 18.015000 33.674173 60.704798
v 18.015000 33.092739 59.697724
v 23.000000 33.700000 50.000000
v 23.000000 33.302276 51.092739
v 23.000000 32.295202 51.674173
v 23.000000 31.150000 51.472243
v 23.000000 30.402523 50.581434
v 23.000000 30.402523 49.418566
v 23.000000 31.150000 48.527757
v 23.000000 32.295202 48.325827
v 23.000000 33.302276 48.907261
v 18.015000 32.000000 48.300000
v 18.015000 30.907261 48.697724
v 18.015000 30.325827 49.704798
v 18.015000 30.527757 50.850000
v 18.015000 31.418566 51.597477
v 18.015000 32.581434 51.597477
v 18.015000 33.472243 50.850000
v 18.015000 33.674173 49.704798
v 18.015000 33.092739 48.697724
v 4.595650 12.800000 0.000000
v 4.595650 12.800000 100.000000
v 50.400000 8.800000 2.950000
v 48.000000 12.000000 0.000000
v 48.000000 12.000000 100.000000
v 50.400000 8.800000 97.050000
v 50.400000 8.800000 86.950000
v 51.600000 7.200000 86.950000
v 51.600000 7.200000 63.050000
v 50.400000 8.800000 63.050000
v 50.400000 8.800000 52.950000
v 50.400000 8.800000 47.050000
v 50.400000 8.800000 36.950000
v 51.600000 7.200000 36.950000
v 51.600000 7.200000 13.050000
v 50.400000 8.800000 13.050000
v 50.040000 6.030000 36.950000
v 50.040000 6.030000 13.050000
v 50.040000 6.030000 86.950000
v 50.040000 6.030000 63.050000
v 40.800000 1.600000 15.000000
v 40.800000 1.600000 35.000000
v 33.000000 12.000000 35.000000
v 33.000000 12.000000 15.000000
v 42.360000 2.770000 45.050000
v 42.360000 2.770000 47.050000
v 23.240000 -11.570000 45.050000
v 23.240000 -11.570000 47.050000
v 15.160000 -17.630000 47.050000
v 15.160000 -17.630000 36.950000
v 16.760000 -16.430000 36.950000
v 16.760000 -16.430000 13.050000
v 15.160000 -17.630000 13.050000
v 15.160000 -17.630000 2.950000
v 23.240000 -11.570000 2.950000
v 23.240000 -11.570000 4.950000
v 42.360000 2.770000 4.950000
v 42.360000 2.770000 2.950000
v 48.840000 7.630000 13.050000
v 48.840000 7.630000 36.950000
v 40.800000 1.600000 65.000000
v 40.800000 1.600000 85.000000
v 33.000000 12.000000 85.000000
v 33.000000 12.000000 65.000000
v 42.360000 2.770000 95.050000
v 42.360000 2.770000 97.050000
v 23.240000 -11.570000 95.050000
v 23.240000 -11.570000 97.050000
v 15.160000 -17.630000 97.050000
v 15.160000 -17.630000 86.950000
v 16.760000 -16.430000 86.950000
v 16.760000 -16.430000 63.050000
v 15.160000 -17.630000 63.050000
v 15.160000 -17.630000 52.950000
v 23.240000 -11.570000 52.950000
v 23.240000 -11.570000 54.950000
v 42.360000 2.770000 54.950000
v 42.360000 2.770000 52.950000
v 48.840000 7.630000 63.050000
v 48.840000 7.630000 86.950000
v 12.930000 -6.108950 100.000000
v 12.930000 4.216053 100.000000
v 12.930000 4.216053 0.000000
v 12.930000 -6.108950 0.000000
v 7.088677 -19.560000 100.000000
v 7.088677 -19.560000 0.000000
v 11.644360 7.026300 100.000000
v 9.757466 9.473746 100.000000
v 7.366748 11.432017 100.000000
v 7.366748 11.432017 0.000000
v 9.757466 9.473746 0.000000
v 11.644360 7.026300 0.000000
v 11.644360 7.026300 50.000000
v 9.757466 9.473746 50.000000
v 10.880000 8.160000 50.000000
v 7.366748 11.432017 50.000000
vt 0.500000 0.392699 0.000000
vt -1.000000 0.392699 0.000000
vt 0.500000 0.196350 0.000000
vt -1.000000 0.196350 0.000000
vt 0.500000 0.000000 0.000000
vt -1.000000 0.000000 0.000000
vt 0.500000 -0.196350 0.000000
vt -1.000000 -0.196350 0.000000
vt 0.500000 -0.392699 0.000000
vt -1.000000 -0.392699 0.000000
vt 0.969772 0.609274 0.000000
vt 0.161680 0.552533 0.000000
vt 0.930000 0.500000 0.000000
vt 0.161680 0.447467 0.000000
vt 0.969772 0.390726 0.000000
vt 0.099923 0.362467 0.000000
vt 0.000000 0.000000 0.000000
vt 0.000000 0.330000 0.000000
vt 0.900000 1.000000 0.000000
vt 1.070480 0.667417 0.000000
vt 1.185000 0.647224 0.000000
vt 1.400000 1.500000 0.000000
vt 1.259748 0.558143 0.000000
vt 1.800000 1.500000 0.000000
vt 1.800000 0.000000 0.000000
vt 1.259748 0.441857 0.000000
vt 1.185000 0.352776 0.000000
vt 1.070480 0.332583 0.000000
vt 0.900000 2.000000 0.000000
vt 0.099923 0.637533 0.000000
vt 0.000000 1.000000 0.000000
vt 0.000000 0.670000 0.000000
vt 0.250000 -3.450000 0.000000
vt 0.650000 -3.450000 0.000000
vt 0.250000 -1.850000 0.000000
vt 0.841342 -3.411940 0.000000
vt 1.150000 -2.950000 0.000000
vt 1.003553 -3.303553 0.000000
vt 1.111940 -3.141342 0.000000
vt 1.150000 -1.850000 0.000000
vt 1.000000 0.392699 0.000000
vt -0.500000 0.392699 0.000000
vt 1.000000 0.196350 0.000000
vt -0.500000 0.196350 0.000000
vt 1.000000 0.000000 0.000000
vt -0.500000 0.000000 0.000000
vt 1.000000 -0.196350 0.000000
vt -0.500000 -0.196350 0.000000
vt 1.000000 -0.392699 0.000000
vt -0.500000 -0.392699 0.000000
vt -1.400000 0.500000 0.000000
vt -1.800000 0.500000 0.000000
vt -1.259748 -0.441857 0.000000
vt -1.800000 -1.000000 0.000000
vt -1.259748 -0.558143 0.000000
vt -1.185000 -0.647224 0.000000
vt -1.070480 -0.667417 0.000000
vt -0.000000 -1.000000 0.000000
vt -0.969772 -0.609274 0.000000
vt -0.099923 -0.637533 0.000000
vt -0.161680 -0.552533 0.000000
vt -0.000000 -0.670000 0.000000
vt -0.930000 -0.500000 0.000000
vt -0.161680 -0.447467 0.000000
vt -0.969772 -0.390726 0.000000
vt -0.900000 0.000000 0.000000
vt -1.070480 -0.332583 0.000000
vt -1.185000 -0.352776 0.000000
vt -0.099923 -0.362467 0.000000
vt -0.000000 0.000000 0.000000
vt -0.000000 -0.330000 0.000000
vt -0.900000 1.000000 0.000000
vt -1.111940 -3.141342 0.000000
vt -0.613326 -2.641916 0.000000
vt -1.150000 -2.950000 0.000000
vt -0.651500 -2.450000 0.000000
vt -0.651500 0.150000 0.000000
vt -1.003553 -3.303553 0.000000
vt -0.841342 -3.411940 0.000000
vt -0.650000 -3.450000 0.000000
vt 1.150000 -3.450000 0.000000
vt -0.150000 -2.951500 0.000000
vt -0.341916 -2.913326 0.000000
vt -0.504614 -2.804614 0.000000
vt 1.150000 -2.951500 0.000000
vt -1.150000 0.650000 0.000000
vt -0.613326 0.341916 0.000000
vt -1.111940 0.841342 0.000000
vt -1.003553 1.003553 0.000000
vt -0.841342 1.111940 0.000000
vt -0.650000 1.150000 0.000000
vt -0.504614 0.504614 0.000000
vt -0.341916 0.613326 0.000000
vt -0.150000 0.651500 0.000000
vt 1.150000 1.150000 0.000000
vt 1.150000 0.651500 0.000000
vt -4.225000 0.353553 0.000000
vt -4.225000 -0.353553 0.000000
vt -2.625000 0.353553 0.000000
vt -2.125000 -0.353553 0.000000
vt -0.475000 -0.353553 0.000000
vt 0.925000 -0.353553 0.000000
vt 0.025000 0.353553 0.000000
vt 0.925000 0.353553 0.000000
vt 1.111940 0.841342 0.000000
vt 1.003553 1.003553 0.000000
vt 1.150000 0.650000 0.000000
vt 0.841342 1.111940 0.000000
vt 0.250000 -0.450000 0.000000
vt 0.650000 1.150000 0.000000
vt 0.250000 1.150000 0.000000
vt 1.150000 -0.450000 0.000000
vt -8.500000 -0.353553 0.000000
vt -8.500000 -0.191929 0.000000
vt -10.000000 -0.353553 0.000000
vt -9.000000 0.019774 0.000000
vt -9.168009 0.083439 0.000000
vt -9.077973 0.083439 0.000000
vt -6.500000 -0.191929 0.000000
vt -8.831991 0.083439 0.000000
vt -8.922027 0.083439 0.000000
vt -6.500000 -0.353553 0.000000
vt -5.700000 -0.353553 0.000000
vt -5.200000 0.353553 0.000000
vt -7.300000 0.353553 0.000000
vt -8.709000 0.353553 0.000000
vt -8.709000 0.257374 0.000000
vt -8.786973 0.193709 0.000000
vt -10.000000 0.353553 0.000000
vt -9.213027 0.193709 0.000000
vt -9.291000 0.257374 0.000000
vt -9.291000 0.353553 0.000000
vt -1.400000 -0.353553 0.000000
vt -1.400000 0.353553 0.000000
vt -2.300000 -0.353553 0.000000
vt -2.800000 0.353553 0.000000
vt 0.353553 -0.612372 0.000000
vt 0.000000 0.000000 0.000000
vt -0.353553 -0.612372 0.000000
vt 0.000000 0.000000 0.000000
vt -0.707107 -0.000000 0.000000
vt -0.353553 -0.612372 0.000000
vt 1.400000 0.353553 0.000000
vt 1.400000 -0.353553 0.000000
vt 2.300000 0.353553 0.000000
vt 2.300000 -0.353553 0.000000
vt -3.500000 -0.353553 0.000000
vt -3.500000 -0.191929 0.000000
vt -4.300000 -0.353553 0.000000
vt -4.300000 0.353553 0.000000
vt -2.700000 0.353553 0.000000
vt -1.168009 0.083439 0.000000
vt -1.213027 0.193709 0.000000
vt -1.500000 -0.191929 0.000000
vt -1.000000 0.019774 0.000000
vt -1.077973 0.083439 0.000000
vt -1.500000 -0.353553 0.000000
vt 0.000000 -0.353553 0.000000
vt -0.831991 0.083439 0.000000
vt 0.000000 0.353553 0.000000
vt -0.786973 0.193709 0.000000
vt -0.709000 0.257374 0.000000
vt -0.709000 0.353553 0.000000
vt -0.922027 0.083439 0.000000
vt -1.291000 0.257374 0.000000
vt -1.291000 0.353553 0.000000
vt 0.375000 0.353553 0.000000
vt -1.225000 0.353553 0.000000
vt 0.375000 -0.353553 0.000000
vt -1.225000 -0.353553 0.000000
vt -0.925000 -0.353553 0.000000
vt -0.025000 -0.353553 0.000000
vt -0.925000 0.353553 0.000000
vt -0.025000 0.353553 0.000000
vt 0.500000 2.700000 0.000000
vt 0.768009 1.291000 0.000000
vt 1.500000 2.700000 0.000000
vt 0.891000 1.168009 0.000000
vt 0.936018 1.000000 0.000000
vt 0.891000 1.077973 0.000000
vt 0.500000 1.291000 0.000000
vt 0.600000 1.336018 0.000000
vt 0.677973 1.291000 0.000000
vt 0.522027 1.291000 0.000000
vt 0.813027 1.213027 0.000000
vt 0.891000 0.922027 0.000000
vt 0.891000 0.831991 0.000000
vt 1.500000 0.000000 0.000000
vt 0.813027 0.786973 0.000000
vt 0.768009 0.709000 0.000000
vt 0.500000 0.000000 0.000000
vt 0.677973 0.709000 0.000000
vt 0.600000 0.663982 0.000000
vt 0.522027 0.709000 0.000000
vt 0.500000 0.709000 0.000000
vt 3.600000 1.300000 0.000000
vt 3.824099 0.604132 0.000000
vt 4.200000 0.700000 0.000000
vt 3.862000 0.500000 0.000000
vt 4.200000 0.000000 0.000000
vt 3.824099 0.395868 0.000000
vt 3.728131 0.340461 0.000000
vt 3.600000 7.700000 0.000000
vt 3.156000 0.000000 0.000000
vt 3.547770 0.555407 0.000000
vt 3.619000 0.640296 0.000000
vt 4.200000 8.300000 0.000000
vt 3.824099 8.395868 0.000000
vt 3.728131 8.340461 0.000000
vt 3.619000 8.359704 0.000000
vt 3.862000 8.500000 0.000000
vt 4.200000 8.700000 0.000000
vt 3.824099 8.604132 0.000000
vt 3.600000 9.300000 0.000000
vt 3.728131 8.659539 0.000000
vt 3.619000 8.640296 0.000000
vt 3.547770 8.555407 0.000000
vt 3.600000 10.000000 0.000000
vt 3.156000 10.000000 0.000000
vt 3.547770 8.444593 0.000000
vt 3.619000 0.359704 0.000000
vt 3.547770 0.444593 0.000000
vt 3.728131 0.659539 0.000000
vt 0.450000 0.212132 0.000000
vt -0.150000 0.212132 0.000000
vt 0.450000 -0.636396 0.000000
vt -0.150000 -0.636396 0.000000
vt -0.000000 1.300000 0.000000
vt 0.600000 1.300000 0.000000
vt -0.000000 7.700000 0.000000
vt 0.600000 7.700000 0.000000
vt 1.000000 0.791000 0.000000
vt 1.000000 8.209000 0.000000
vt 0.600000 0.791000 0.000000
vt 0.600000 8.209000 0.000000
vt 0.450000 0.212132 0.000000
vt -0.150000 0.212132 0.000000
vt 0.450000 -0.636396 0.000000
vt -0.150000 -0.636396 0.000000
vt -0.000000 9.300000 0.000000
vt 0.600000 9.300000 0.000000
vt 0.000000 10.000000 0.000000
vt 1.000000 10.000000 0.000000
vt 1.000000 8.791000 0.000000
vt 0.600000 8.791000 0.000000
vt 0.000000 0.700000 0.000000
vt 0.331991 0.791000 0.000000
vt 0.600000 1.300000 0.000000
vt 0.422027 0.791000 0.000000
vt 0.500000 0.836018 0.000000
vt 0.000000 0.300000 0.000000
vt 0.163982 0.500000 0.000000
vt 0.209000 0.668009 0.000000
vt 0.286973 0.713027 0.000000
vt 0.600000 -0.300000 0.000000
vt 0.331991 0.209000 0.000000
vt 0.209000 0.331991 0.000000
vt 0.209000 0.422027 0.000000
vt 0.600000 0.209000 0.000000
vt 0.577973 0.209000 0.000000
vt 0.500000 0.163982 0.000000
vt 0.422027 0.209000 0.000000
vt 0.286973 0.286973 0.000000
vt 0.209000 0.577973 0.000000
vt 0.577973 0.791000 0.000000
vt 0.600000 0.791000 0.000000
vt -0.450000 -0.636396 0.000000
vt 0.150000 -0.636396 0.000000
vt -0.450000 0.212132 0.000000
vt 0.150000 0.212132 0.000000
vt 0.000000 2.520000 0.000000
vt -2.000000 2.520000 0.000000
vt 0.000000 0.200000 0.000000
vt -2.000000 0.200000 0.000000
vt 0.000000 2.520000 0.000000
vt -2.000000 2.520000 0.000000
vt 0.000000 0.200000 0.000000
vt -2.000000 0.200000 0.000000
vt -1.000000 -1.000000 0.000000
vt 1.000000 -1.000000 0.000000
vt -1.000000 -0.542857 0.000000
vt 1.000000 -0.542857 0.000000
vt -1.000000 -1.000000 0.000000
vt 1.000000 -1.000000 0.000000
vt -1.000000 -0.542857 0.000000
vt 1.000000 -0.542857 0.000000
vt -0.000000 0.000000 0.000000
vt -0.090036 0.000000 0.000000
vt -0.000000 -0.250000 0.000000
vt -0.090036 -0.250000 0.000000
vt -0.000000 0.000000 0.000000
vt -0.090036 0.000000 0.000000
vt -0.000000 -0.250000 0.000000
vt -0.090036 -0.250000 0.000000
vt 0.000000 0.000000 0.000000
vt -0.090036 0.000000 0.000000
vt 0.000000 -0.250000 0.000000
vt -0.090036 -0.250000 0.000000
vt -0.000000 0.000000 0.000000
vt -0.090036 0.000000 0.000000
vt -0.000000 -0.250000 0.000000
vt -0.090036 -0.250000 0.000000
vt -0.000000 0.000000 0.000000
vt -0.090036 0.000000 0.000000
vt -0.000000 -0.250000 0.000000
vt -0.090036 -0.250000 0.000000
vt -0.000000 0.000000 0.000000
vt -0.090036 0.000000 0.000000
vt 0.000000 -0.250000 0.000000
vt -0.090036 -0.250000 0.000000
vt -0.000000 0.000000 0.000000
vt -0.090036 0.000000 0.000000
vt -0.000000 -0.250000 0.000000
vt -0.090036 -0.250000 0.000000
vt -0.000000 0.000000 0.000000
vt -0.090036 0.000000 0.000000
vt 0.000000 -0.250000 0.000000
vt -0.090036 -0.250000 0.000000
vt 0.000000 0.000000 0.000000
vt -0.090036 0.000000 0.000000
vt 0.000000 -0.250000 0.000000
vt -0.090036 -0.250000 0.000000
vt -0.000000 0.000000 0.000000
vt -0.090036 0.000000 0.000000
vt 0.000000 -0.250000 0.000000
vt -0.090036 -0.250000 0.000000
vt -0.000000 0.000000 0.000000
vt -0.090036 0.000000 0.000000
vt 0.000000 -0.250000 0.000000
vt -0.090036 -0.250000 0.000000
vt -0.000000 0.000000 0.000000
vt -0.090036 0.000000 0.000000
vt -0.000000 -0.250000 0.000000
vt -0.090036 -0.250000 0.000000
vt -0.090036 0.000000 0.000000
vt -0.090036 -0.250000 0.000000
vt -0.068009 0.000000 0.000000
vt 0.000000 -0.250000 0.000000
vt -0.000000 0.490679 0.000000
vt -0.068009 0.400000 0.000000
vt -0.104132 -0.124099 0.000000
vt -0.077973 -0.291000 0.000000
vt -0.000000 -0.162000 0.000000
vt 0.000000 -0.336018 0.000000
vt 0.077973 -0.291000 0.000000
vt -0.159539 -0.028131 0.000000
vt -0.291000 -0.077973 0.000000
vt -0.291000 -0.168009 0.000000
vt -0.213027 -0.213027 0.000000
vt -0.140296 0.081000 0.000000
vt -0.291000 0.077973 0.000000
vt -0.336018 -0.000000 0.000000
vt -0.055407 0.152230 0.000000
vt -0.213027 0.213027 0.000000
vt -0.291000 0.168009 0.000000
vt 0.055407 0.152230 0.000000
vt -0.077973 0.291000 0.000000
vt -0.168009 0.291000 0.000000
vt 0.140296 0.081000 0.000000
vt 0.213027 0.213027 0.000000
vt 0.168009 0.291000 0.000000
vt 0.077973 0.291000 0.000000
vt 0.159539 -0.028131 0.000000
vt 0.291000 0.077973 0.000000
vt 0.291000 0.168009 0.000000
vt 0.104132 -0.124099 0.000000
vt 0.291000 -0.077973 0.000000
vt 0.336018 0.000000 0.000000
vt 0.168009 -0.291000 0.000000
vt 0.213027 -0.213027 0.000000
vt -0.168009 -0.291000 0.000000
vt 0.291000 -0.168009 0.000000
vt -0.000000 0.336018 0.000000
vt -0.000000 0.550702 0.000000
vt -0.090036 0.490679 0.000000
vt -0.000000 -0.250000 0.000000
vt -0.090036 -0.250000 0.000000
vt -0.000000 0.654667 0.000000
vt -0.090036 0.550702 0.000000
vt -0.000000 -0.250000 0.000000
vt -0.090036 -0.250000 0.000000
vt -0.000000 0.654667 0.000000
vt -0.090036 0.654667 0.000000
vt -0.000000 -0.250000 0.000000
vt -0.090036 -0.250000 0.000000
vt -0.000000 0.714690 0.000000
vt -0.090036 0.654667 0.000000
vt -0.000000 -0.250000 0.000000
vt -0.090036 -0.250000 0.000000
vt -0.090036 0.714690 0.000000
vt -0.090036 -0.250000 0.000000
vt -0.000000 0.654667 0.000000
vt -0.000000 -0.250000 0.000000
vt -0.000000 0.654667 0.000000
vt -0.090036 0.654667 0.000000
vt -0.000000 -0.250000 0.000000
vt -0.090036 -0.250000 0.000000
vt -0.090036 0.654667 0.000000
vt -0.090036 -0.250000 0.000000
vt -0.000000 0.550702 0.000000
vt -0.000000 -0.250000 0.000000
vt -0.090036 0.550702 0.000000
vt -0.090036 -0.250000 0.000000
vt 0.000000 0.490679 0.000000
vt 0.000000 -0.250000 0.000000
vt -0.000000 0.000000 0.000000
vt -0.022027 0.000000 0.000000
vt -0.000000 -0.250000 0.000000
vt -0.090036 -0.250000 0.000000
vt -0.090036 0.490679 0.000000
vt -0.022027 0.400000 0.000000
vt -0.000000 0.000000 0.000000
vt -0.090036 0.000000 0.000000
vt -0.000000 -0.250000 0.000000
vt -0.090036 -0.250000 0.000000
vt -0.000000 0.000000 0.000000
vt -0.090036 0.000000 0.000000
vt -0.000000 -0.250000 0.000000
vt -0.090036 -0.250000 0.000000
vt 0.350000 -0.395841 0.000000
vt 0.000000 -0.395841 0.000000
vt 0.350000 -0.508938 0.000000
vt 0.000000 -0.508938 0.000000
vt 0.350000 0.508938 0.000000
vt 0.000000 0.508938 0.000000
vt 0.350000 0.395841 0.000000
vt 0.000000 0.395841 0.000000
vt 0.350000 0.282743 0.000000
vt 0.000000 0.282743 0.000000
vt 0.350000 0.169646 0.000000
vt 0.000000 0.169646 0.000000
vt 0.350000 0.056549 0.000000
vt 0.000000 0.056549 0.000000
vt 0.350000 -0.056549 0.000000
vt 0.000000 -0.056549 0.000000
vt 0.350000 -0.169646 0.000000
vt 0.000000 -0.169646 0.000000
vt 0.350000 -0.282743 0.000000
vt 0.000000 -0.282743 0.000000
vt 0.000000 8.209000 0.000000
vt 0.795000 6.305000 0.000000
vt 0.113348 8.209000 0.000000
vt 0.318333 8.331991 0.000000
vt 0.188378 8.286973 0.000000
vt 0.000000 0.791000 0.000000
vt 0.795000 4.705000 0.000000
vt 0.795000 5.295000 0.000000
vt 0.795000 3.695000 0.000000
vt 0.113348 0.791000 0.000000
vt 0.795000 1.305000 0.000000
vt 0.318333 0.668009 0.000000
vt 0.393363 0.500000 0.000000
vt 0.318333 0.577973 0.000000
vt 0.188378 0.713027 0.000000
vt 0.318333 0.422027 0.000000
vt 0.318333 0.331991 0.000000
vt 0.795000 0.295000 0.000000
vt 0.188378 0.286973 0.000000
vt 0.113348 0.209000 0.000000
vt 0.000000 0.000000 0.000000
vt 1.805000 0.295000 0.000000
vt 5.200000 0.000000 0.000000
vt 4.195000 0.295000 0.000000
vt 5.200000 0.295000 0.000000
vt 0.000000 0.209000 0.000000
vt 4.195000 0.495000 0.000000
vt 1.805000 0.495000 0.000000
vt 0.995000 1.305000 0.000000
vt 0.995000 3.695000 0.000000
vt 1.805000 4.705000 0.000000
vt 1.805000 5.295000 0.000000
vt 4.195000 4.705000 0.000000
vt 4.195000 5.295000 0.000000
vt 5.200000 4.705000 0.000000
vt 5.200000 5.295000 0.000000
vt 1.805000 4.505000 0.000000
vt 4.195000 4.505000 0.000000
vt 4.195000 5.495000 0.000000
vt 1.805000 5.495000 0.000000
vt 0.795000 8.695000 0.000000
vt 0.995000 6.305000 0.000000
vt 0.995000 8.695000 0.000000
vt 0.795000 9.705000 0.000000
vt 0.318333 8.668009 0.000000
vt 0.393363 8.500000 0.000000
vt 0.318333 8.422027 0.000000
vt 0.000000 10.000000 0.000000
vt 1.805000 9.705000 0.000000
vt 5.200000 10.000000 0.000000
vt 4.195000 9.705000 0.000000
vt 5.200000 9.705000 0.000000
vt 1.805000 9.505000 0.000000
vt 4.195000 9.505000 0.000000
vt 0.000000 8.791000 0.000000
vt 0.113348 8.791000 0.000000
vt 0.188378 8.713027 0.000000
vt 0.318333 8.577973 0.000000
vt 0.600000 0.700000 0.000000
vt 0.000000 0.700000 0.000000
vt 0.600000 0.300000 0.000000
vt 0.000000 0.300000 0.000000
vt -0.090036 0.000000 0.000000
vt 0.000000 0.000000 0.000000
vt -0.090036 0.250000 0.000000
vt -0.000000 0.250000 0.000000
vt -0.090036 0.000000 0.000000
vt 0.000000 0.000000 0.000000
vt -0.090036 0.250000 0.000000
vt -0.000000 0.250000 0.000000
vt -0.090036 -0.000000 0.000000
vt 0.000000 0.000000 0.000000
vt -0.090036 0.250000 0.000000
vt -0.000000 0.250000 0.000000
vt -0.090036 0.000000 0.000000
vt -0.000000 0.000000 0.000000
vt -0.090036 0.250000 0.000000
vt -0.000000 0.250000 0.000000
vt -0.090036 0.000000 0.000000
vt -0.000000 0.000000 0.000000
vt -0.090036 0.250000 0.000000
vt 0.000000 0.250000 0.000000
vt -0.090036 0.000000 0.000000
vt -0.000000 0.000000 0.000000
vt -0.090036 0.250000 0.000000
vt -0.000000 0.250000 0.000000
vt -0.090036 0.000000 0.000000
vt -0.000000 0.000000 0.000000
vt -0.090036 0.250000 0.000000
vt 0.000000 0.250000 0.000000
vt -0.090036 0.000000 0.000000
vt -0.000000 0.000000 0.000000
vt -0.090036 0.250000 0.000000
vt 0.000000 0.250000 0.000000
vt -0.090036 -0.000000 0.000000
vt -0.000000 0.000000 0.000000
vt -0.090036 0.250000 0.000000
vt 0.000000 0.250000 0.000000
vt -0.090036 0.000000 0.000000
vt -0.000000 0.000000 0.000000
vt -0.090036 0.250000 0.000000
vt 0.000000 0.250000 0.000000
vt -0.090036 -0.000000 0.000000
vt -0.000000 0.000000 0.000000
vt -0.090036 0.250000 0.000000
vt 0.000000 0.250000 0.000000
vt -0.090036 -0.000000 0.000000
vt -0.000000 0.000000 0.000000
vt -0.090036 0.250000 0.000000
vt 0.000000 0.250000 0.000000
vt -0.090036 -0.000000 0.000000
vt -0.000000 0.000000 0.000000
vt -0.090036 0.250000 0.000000
vt 0.000000 0.250000 0.000000
vt -0.000000 -0.068009 0.000000
vt 0.000000 0.250000 0.000000
vt -0.068009 -0.000000 0.000000
vt -0.090036 0.250000 0.000000
vt -0.090036 -0.000000 0.000000
vt -0.000000 -0.113027 0.000000
vt 0.000000 0.250000 0.000000
vt -0.090036 -0.068009 0.000000
vt -0.090036 0.250000 0.000000
vt -0.000000 -0.191000 0.000000
vt 0.000000 0.250000 0.000000
vt -0.090036 -0.113027 0.000000
vt -0.090036 0.250000 0.000000
vt -0.000000 0.250000 0.000000
vt -0.090036 0.250000 0.000000
vt 0.000000 -0.191000 0.000000
vt -0.090036 -0.191000 0.000000
vt -0.000000 -0.236018 0.000000
vt 0.000000 0.250000 0.000000
vt -0.090036 -0.191000 0.000000
vt -0.090036 0.250000 0.000000
vt -0.000000 0.250000 0.000000
vt -0.090036 0.250000 0.000000
vt 0.000000 -0.191000 0.000000
vt -0.090036 -0.236018 0.000000
vt -0.000000 0.250000 0.000000
vt -0.090036 0.250000 0.000000
vt 0.000000 -0.191000 0.000000
vt -0.090036 -0.191000 0.000000
vt -0.000000 0.250000 0.000000
vt -0.090036 0.250000 0.000000
vt 0.000000 -0.113027 0.000000
vt -0.090036 -0.191000 0.000000
vt -0.000000 0.250000 0.000000
vt -0.090036 0.250000 0.000000
vt 0.000000 -0.068009 0.000000
vt -0.090036 -0.113027 0.000000
vt 0.000000 0.000000 0.000000
vt -0.000000 0.250000 0.000000
vt -0.022027 -0.000000 0.000000
vt -0.090036 0.250000 0.000000
vt -0.090036 -0.068009 0.000000
vt -0.090036 0.000000 0.000000
vt -0.000000 0.000000 0.000000
vt -0.090036 0.250000 0.000000
vt -0.000000 0.250000 0.000000
vt -0.104132 -0.124099 0.000000
vt -0.077973 -0.291000 0.000000
vt -0.000000 -0.162000 0.000000
vt 0.000000 -0.336018 0.000000
vt 0.077973 -0.291000 0.000000
vt -0.159539 -0.028131 0.000000
vt -0.291000 -0.077973 0.000000
vt -0.291000 -0.168009 0.000000
vt -0.213027 -0.213027 0.000000
vt -0.140296 0.081000 0.000000
vt -0.291000 0.077973 0.000000
vt -0.336018 -0.000000 0.000000
vt -0.055407 0.152230 0.000000
vt -0.213027 0.213027 0.000000
vt -0.291000 0.168009 0.000000
vt 0.055407 0.152230 0.000000
vt -0.077973 0.291000 0.000000
vt -0.168009 0.291000 0.000000
vt 0.140296 0.081000 0.000000
vt 0.213027 0.213027 0.000000
vt 0.168009 0.291000 0.000000
vt 0.077973 0.291000 0.000000
vt 0.159539 -0.028131 0.000000
vt 0.291000 0.077973 0.000000
vt 0.291000 0.168009 0.000000
vt 0.104132 -0.124099 0.000000
vt 0.291000 -0.077973 0.000000
vt 0.336018 0.000000 0.000000
vt 0.168009 -0.291000 0.000000
vt 0.213027 -0.213027 0.000000
vt -0.000000 0.336018 0.000000
vt -0.168009 -0.291000 0.000000
vt 0.291000 -0.168009 0.000000
vt 0.650000 -0.395841 0.000000
vt 0.000000 -0.395841 0.000000
vt 0.650000 -0.508938 0.000000
vt 0.000000 -0.508938 0.000000
vt 0.650000 0.508938 0.000000
vt 0.000000 0.508938 0.000000
vt 0.650000 0.395841 0.000000
vt 0.000000 0.395841 0.000000
vt 0.650000 0.282743 0.000000
vt 0.000000 0.282743 0.000000
vt 0.650000 0.169646 0.000000
vt 0.000000 0.169646 0.000000
vt 0.650000 0.056549 0.000000
vt 0.000000 0.056549 0.000000
vt 0.650000 -0.056549 0.000000
vt 0.000000 -0.056549 0.000000
vt 0.650000 -0.169646 0.000000
vt 0.000000 -0.169646 0.000000
vt 0.650000 -0.282743 0.000000
vt 0.000000 -0.282743 0.000000
vt -0.000000 0.000000 0.000000
vt -0.090036 0.000000 0.000000
vt 0.000000 -0.250000 0.000000
vt -0.090036 -0.250000 0.000000
vt 0.000000 0.000000 0.000000
vt -0.090036 0.000000 0.000000
vt 0.000000 -0.250000 0.000000
vt -0.090036 -0.250000 0.000000
vt 0.000000 0.000000 0.000000
vt -0.090036 0.000000 0.000000
vt 0.000000 -0.250000 0.000000
vt -0.090036 -0.250000 0.000000
vt -0.000000 0.000000 0.000000
vt -0.090036 0.000000 0.000000
vt -0.000000 -0.250000 0.000000
vt -0.090036 -0.250000 0.000000
vt 0.000000 0.000000 0.000000
vt -0.090036 0.000000 0.000000
vt 0.000000 -0.250000 0.000000
vt -0.090036 -0.250000 0.000000
vt 0.000000 0.000000 0.000000
vt -0.090036 0.000000 0.000000
vt 0.000000 -0.250000 0.000000
vt -0.090036 -0.250000 0.000000
vt -0.000000 0.000000 0.000000
vt -0.090036 0.000000 0.000000
vt -0.000000 -0.250000 0.000000
vt -0.090036 -0.250000 0.000000
vt -0.000000 0.000000 0.000000
vt -0.090036 0.000000 0.000000
vt 0.000000 -0.250000 0.000000
vt -0.090036 -0.250000 0.000000
vt 0.000000 0.000000 0.000000
vt -0.090036 0.000000 0.000000
vt 0.000000 -0.250000 0.000000
vt -0.090036 -0.250000 0.000000
vt -0.000000 0.000000 0.000000
vt -0.090036 0.000000 0.000000
vt 0.000000 -0.250000 0.000000
vt -0.090036 -0.250000 0.000000
vt -0.000000 0.000000 0.000000
vt -0.090036 0.000000 0.000000
vt 0.000000 -0.250000 0.000000
vt -0.090036 -0.250000 0.000000
vt 0.000000 0.000000 0.000000
vt -0.090036 0.000000 0.000000
vt 0.000000 -0.250000 0.000000
vt -0.090036 -0.250000 0.000000
vt -0.090036 0.000000 0.000000
vt -0.090036 -0.250000 0.000000
vt -0.068009 0.000000 0.000000
vt 0.000000 -0.250000 0.000000
vt -0.000000 0.490679 0.000000
vt -0.068009 0.400000 0.000000
vt -0.104132 -0.124099 0.000000
vt -0.077973 -0.291000 0.000000
vt 0.000000 -0.162000 0.000000
vt 0.000000 -0.336018 0.000000
vt 0.077973 -0.291000 0.000000
vt -0.159539 -0.028131 0.000000
vt -0.291000 -0.077973 0.000000
vt -0.291000 -0.168009 0.000000
vt -0.213027 -0.213027 0.000000
vt -0.140296 0.081000 0.000000
vt -0.291000 0.077973 0.000000
vt -0.336018 -0.000000 0.000000
vt -0.055407 0.152230 0.000000
vt -0.213027 0.213027 0.000000
vt -0.291000 0.168009 0.000000
vt 0.055407 0.152230 0.000000
vt -0.077973 0.291000 0.000000
vt -0.168009 0.291000 0.000000
vt 0.140296 0.081000 0.000000
vt 0.213027 0.213027 0.000000
vt 0.168009 0.291000 0.000000
vt 0.077973 0.291000 0.000000
vt 0.159539 -0.028131 0.000000
vt 0.291000 0.077973 0.000000
vt 0.291000 0.168009 0.000000
vt 0.104132 -0.124099 0.000000
vt 0.291000 -0.077973 0.000000
vt 0.336018 0.000000 0.000000
vt 0.168009 -0.291000 0.000000
vt 0.213027 -0.213027 0.000000
vt -0.168009 -0.291000 0.000000
vt 0.291000 -0.168009 0.000000
vt -0.000000 0.336018 0.000000
vt -0.000000 0.550702 0.000000
vt -0.090036 0.490679 0.000000
vt -0.000000 -0.250000 0.000000
vt -0.090036 -0.250000 0.000000
vt -0.000000 0.654667 0.000000
vt -0.090036 0.550702 0.000000
vt -0.000000 -0.250000 0.000000
vt -0.090036 -0.250000 0.000000
vt -0.000000 0.654667 0.000000
vt -0.090036 0.654667 0.000000
vt -0.000000 -0.250000 0.000000
vt -0.090036 -0.250000 0.000000
vt -0.000000 0.714690 0.000000
vt -0.090036 0.654667 0.000000
vt -0.000000 -0.250000 0.000000
vt -0.090036 -0.250000 0.000000
vt -0.090036 0.714690 0.000000
vt -0.090036 -0.250000 0.000000
vt -0.000000 0.654667 0.000000
vt -0.000000 -0.250000 0.000000
vt -0.000000 0.654667 0.000000
vt -0.090036 0.654667 0.000000
vt -0.000000 -0.250000 0.000000
vt -0.090036 -0.250000 0.000000
vt -0.090036 0.654667 0.000000
vt -0.090036 -0.250000 0.000000
vt 0.000000 0.550702 0.000000
vt 0.000000 -0.250000 0.000000
vt -0.090036 0.550702 0.000000
vt -0.090036 -0.250000 0.000000
vt 0.000000 0.490679 0.000000
vt 0.000000 -0.250000 0.000000
vt 0.000000 0.000000 0.000000
vt -0.022027 0.000000 0.000000
vt 0.000000 -0.250000 0.000000
vt -0.090036 -0.250000 0.000000
vt -0.090036 0.490679 0.000000
vt -0.022027 0.400000 0.000000
vt -0.000000 0.000000 0.000000
vt -0.090036 0.000000 0.000000
vt -0.000000 -0.250000 0.000000
vt -0.090036 -0.250000 0.000000
vt 0.000000 0.000000 0.000000
vt -0.090036 0.000000 0.000000
vt 0.000000 -0.250000 0.000000
vt -0.090036 -0.250000 0.000000
vt 0.000000 0.700000 0.000000
vt 0.331991 0.791000 0.000000
vt 0.600000 1.300000 0.000000
vt 0.422027 0.791000 0.000000
vt 0.500000 0.836018 0.000000
vt 0.000000 0.000000 0.000000
vt 0.163982 0.500000 0.000000
vt 0.209000 0.668009 0.000000
vt 0.286973 0.713027 0.000000
vt 0.600000 0.000000 0.000000
vt 0.331991 0.209000 0.000000
vt 0.286973 0.286973 0.000000
vt 0.209000 0.331991 0.000000
vt 0.600000 0.209000 0.000000
vt 0.577973 0.209000 0.000000
vt 0.500000 0.163982 0.000000
vt 0.422027 0.209000 0.000000
vt 0.209000 0.422027 0.000000
vt 0.209000 0.577973 0.000000
vt 0.577973 0.791000 0.000000
vt 0.600000 0.791000 0.000000
vt 0.350000 -0.395841 0.000000
vt 0.000000 -0.395841 0.000000
vt 0.350000 -0.508938 0.000000
vt 0.000000 -0.508938 0.000000
vt 0.350000 0.508938 0.000000
vt 0.000000 0.508938 0.000000
vt 0.350000 0.395841 0.000000
vt 0.000000 0.395841 0.000000
vt 0.350000 0.282743 0.000000
vt 0.000000 0.282743 0.000000
vt 0.350000 0.169646 0.000000
vt 0.000000 0.169646 0.000000
vt 0.350000 0.056549 0.000000
vt 0.000000 0.056549 0.000000
vt 0.350000 -0.056549 0.000000
vt 0.000000 -0.056549 0.000000
vt 0.350000 -0.169646 0.000000
vt 0.000000 -0.169646 0.000000
vt 0.350000 -0.282743 0.000000
vt 0.000000 -0.282743 0.000000
vt 1.000000 0.209000 0.000000
vt 0.600000 0.209000 0.000000
vt 1.000000 0.000000 0.000000
vt 0.600000 0.000000 0.000000
vt 0.600000 0.700000 0.000000
vt 0.000000 0.700000 0.000000
vt 0.600000 0.000000 0.000000
vt 0.000000 0.000000 0.000000
vt 1.500000 7.300000 0.000000
vt 0.768009 8.709000 0.000000
vt 0.500000 7.300000 0.000000
vt 0.677973 8.709000 0.000000
vt 0.600000 8.663982 0.000000
vt 1.500000 10.000000 0.000000
vt 0.936018 9.000000 0.000000
vt 0.891000 8.831991 0.000000
vt 0.813027 8.786973 0.000000
vt 0.500000 10.000000 0.000000
vt 0.768009 9.291000 0.000000
vt 0.891000 9.168009 0.000000
vt 0.891000 9.077973 0.000000
vt 0.500000 9.291000 0.000000
vt 0.522027 9.291000 0.000000
vt 0.600000 9.336018 0.000000
vt 0.677973 9.291000 0.000000
vt 0.813027 9.213027 0.000000
vt 0.891000 8.922027 0.000000
vt 0.522027 8.709000 0.000000
vt 0.500000 8.709000 0.000000
vt -0.090036 0.000000 0.000000
vt -0.000000 -0.000000 0.000000
vt -0.090036 0.250000 0.000000
vt -0.000000 0.250000 0.000000
vt -0.090036 0.000000 0.000000
vt 0.000000 0.000000 0.000000
vt -0.090036 0.250000 0.000000
vt -0.000000 0.250000 0.000000
vt -0.090036 -0.000000 0.000000
vt 0.000000 0.000000 0.000000
vt -0.090036 0.250000 0.000000
vt -0.000000 0.250000 0.000000
vt -0.090036 0.000000 0.000000
vt -0.000000 0.000000 0.000000
vt -0.090036 0.250000 0.000000
vt -0.000000 0.250000 0.000000
vt -0.090036 0.000000 0.000000
vt -0.000000 0.000000 0.000000
vt -0.090036 0.250000 0.000000
vt 0.000000 0.250000 0.000000
vt -0.090036 0.000000 0.000000
vt -0.000000 0.000000 0.000000
vt -0.090036 0.250000 0.000000
vt -0.000000 0.250000 0.000000
vt -0.090036 0.000000 0.000000
vt -0.000000 0.000000 0.000000
vt -0.090036 0.250000 0.000000
vt 0.000000 0.250000 0.000000
vt -0.090036 0.000000 0.000000
vt -0.000000 0.000000 0.000000
vt -0.090036 0.250000 0.000000
vt 0.000000 0.250000 0.000000
vt -0.090036 -0.000000 0.000000
vt -0.000000 0.000000 0.000000
vt -0.090036 0.250000 0.000000
vt 0.000000 0.250000 0.000000
vt -0.090036 0.000000 0.000000
vt -0.000000 0.000000 0.000000
vt -0.090036 0.250000 0.000000
vt 0.000000 0.250000 0.000000
vt -0.090036 -0.000000 0.000000
vt -0.000000 0.000000 0.000000
vt -0.090036 0.250000 0.000000
vt 0.000000 0.250000 0.000000
vt -0.090036 -0.000000 0.000000
vt -0.000000 0.000000 0.000000
vt -0.090036 0.250000 0.000000
vt 0.000000 0.250000 0.000000
vt -0.090036 -0.000000 0.000000
vt 0.000000 -0.000000 0.000000
vt -0.090036 0.250000 0.000000
vt 0.000000 0.250000 0.000000
vt -0.000000 -0.068009 0.000000
vt 0.000000 0.250000 0.000000
vt -0.068009 -0.000000 0.000000
vt -0.090036 0.250000 0.000000
vt -0.090036 -0.000000 0.000000
vt -0.000000 -0.113027 0.000000
vt 0.000000 0.250000 0.000000
vt -0.090036 -0.068009 0.000000
vt -0.090036 0.250000 0.000000
vt -0.000000 -0.191000 0.000000
vt 0.000000 0.250000 0.000000
vt -0.090036 -0.113027 0.000000
vt -0.090036 0.250000 0.000000
vt -0.000000 0.250000 0.000000
vt -0.090036 0.250000 0.000000
vt -0.000000 -0.191000 0.000000
vt -0.090036 -0.191000 0.000000
vt -0.000000 -0.236018 0.000000
vt 0.000000 0.250000 0.000000
vt -0.090036 -0.191000 0.000000
vt -0.090036 0.250000 0.000000
vt -0.000000 0.250000 0.000000
vt -0.090036 0.250000 0.000000
vt 0.000000 -0.191000 0.000000
vt -0.090036 -0.236018 0.000000
vt -0.000000 0.250000 0.000000
vt -0.090036 0.250000 0.000000
vt 0.000000 -0.191000 0.000000
vt -0.090036 -0.191000 0.000000
vt -0.000000 0.250000 0.000000
vt -0.090036 0.250000 0.000000
vt 0.000000 -0.113027 0.000000
vt -0.090036 -0.191000 0.000000
vt -0.000000 0.250000 0.000000
vt -0.090036 0.250000 0.000000
vt 0.000000 -0.068009 0.000000
vt -0.090036 -0.113027 0.000000
vt 0.000000 0.000000 0.000000
vt -0.000000 0.250000 0.000000
vt -0.022027 -0.000000 0.000000
vt -0.090036 0.250000 0.000000
vt -0.090036 -0.068009 0.000000
vt -0.090036 0.000000 0.000000
vt -0.000000 0.000000 0.000000
vt -0.090036 0.250000 0.000000
vt -0.000000 0.250000 0.000000
vt -0.104132 -0.124099 0.000000
vt -0.077973 -0.291000 0.000000
vt -0.000000 -0.162000 0.000000
vt 0.000000 -0.336018 0.000000
vt 0.077973 -0.291000 0.000000
vt -0.159539 -0.028131 0.000000
vt -0.291000 -0.077973 0.000000
vt -0.291000 -0.168009 0.000000
vt -0.213027 -0.213027 0.000000
vt -0.140296 0.081000 0.000000
vt -0.291000 0.077973 0.000000
vt -0.336018 -0.000000 0.000000
vt -0.055407 0.152230 0.000000
vt -0.213027 0.213027 0.000000
vt -0.291000 0.168009 0.000000
vt 0.055407 0.152230 0.000000
vt -0.077973 0.291000 0.000000
vt -0.168009 0.291000 0.000000
vt 0.140296 0.081000 0.000000
vt 0.213027 0.213027 0.000000
vt 0.168009 0.291000 0.000000
vt 0.077973 0.291000 0.000000
vt 0.159539 -0.028131 0.000000
vt 0.291000 0.077973 0.000000
vt 0.291000 0.168009 0.000000
vt 0.104132 -0.124099 0.000000
vt 0.291000 -0.077973 0.000000
vt 0.336018 0.000000 0.000000
vt 0.168009 -0.291000 0.000000
vt 0.213027 -0.213027 0.000000
vt -0.000000 0.336018 0.000000
vt -0.168009 -0.291000 0.000000
vt 0.291000 -0.168009 0.000000
vt 0.650000 -0.395841 0.000000
vt 0.000000 -0.395841 0.000000
vt 0.650000 -0.508938 0.000000
vt 0.000000 -0.508938 0.000000
vt 0.650000 0.508938 0.000000
vt 0.000000 0.508938 0.000000
vt 0.650000 0.395841 0.000000
vt 0.000000 0.395841 0.000000
vt 0.650000 0.282743 0.000000
vt 0.000000 0.282743 0.000000
vt 0.650000 0.169646 0.000000
vt 0.000000 0.169646 0.000000
vt 0.650000 0.056549 0.000000
vt 0.000000 0.056549 0.000000
vt 0.650000 -0.056549 0.000000
vt 0.000000 -0.056549 0.000000
vt 0.650000 -0.169646 0.000000
vt 0.000000 -0.169646 0.000000
vt 0.650000 -0.282743 0.000000
vt 0.000000 -0.282743 0.000000
vt 1.024099 8.895868 0.000000
vt 1.062000 1.000000 0.000000
vt 1.062000 9.000000 0.000000
vt 1.420000 0.000000 0.000000
vt 1.420000 10.000000 0.000000
vt 1.024099 1.104132 0.000000
vt 0.928131 8.840461 0.000000
vt 0.928131 1.159539 0.000000
vt 0.819000 1.140296 0.000000
vt 0.819000 8.859704 0.000000
vt 0.747770 1.055407 0.000000
vt 0.747770 8.944593 0.000000
vt 0.001500 3.198500 0.000000
vt 0.001500 6.801500 0.000000
vt -0.000000 7.300000 0.000000
vt -0.330000 6.801500 0.000000
vt -0.330000 7.300000 0.000000
vt -0.000000 10.000000 0.000000
vt 0.747770 9.055407 0.000000
vt 0.819000 9.140296 0.000000
vt 0.928131 9.159539 0.000000
vt 1.024099 9.104132 0.000000
vt 1.024099 0.895868 0.000000
vt 0.928131 0.840461 0.000000
vt 0.819000 0.859704 0.000000
vt -0.000000 0.000000 0.000000
vt 0.747770 0.944593 0.000000
vt -0.000000 2.700000 0.000000
vt -0.330000 3.198500 0.000000
vt -0.330000 2.700000 0.000000
vt -1.801500 0.267035 0.000000
vt -2.300000 0.267035 0.000000
vt -1.801500 0.160221 0.000000
vt -2.300000 0.160221 0.000000
vt -1.801500 0.053407 0.000000
vt -2.300000 0.053407 0.000000
vt -1.801500 -0.053407 0.000000
vt -2.300000 -0.053407 0.000000
vt -1.801500 -0.160221 0.000000
vt -2.300000 -0.160221 0.000000
vt -1.801500 -0.267035 0.000000
vt -2.300000 -0.267035 0.000000
vt -2.300000 0.415388 0.000000
vt -1.801500 0.415388 0.000000
vt -2.300000 0.534071 0.000000
vt -1.801500 0.534071 0.000000
vt -2.300000 -0.534071 0.000000
vt -1.801500 -0.534071 0.000000
vt -2.300000 -0.415388 0.000000
vt -1.801500 -0.415388 0.000000
vt -2.300000 -0.296706 0.000000
vt -1.801500 -0.296706 0.000000
vt -2.300000 -0.178024 0.000000
vt -1.801500 -0.178024 0.000000
vt -2.300000 -0.059341 0.000000
vt -1.801500 -0.059341 0.000000
vt -2.300000 0.059341 0.000000
vt -1.801500 0.059341 0.000000
vt -2.300000 0.178024 0.000000
vt -1.801500 0.178024 0.000000
vt -2.300000 0.296706 0.000000
vt -1.801500 0.296706 0.000000
vt 1.300000 0.330000 0.000000
vt 1.200077 0.362467 0.000000
vt 1.300000 -0.000000 0.000000
vt 0.330228 0.390726 0.000000
vt 0.229520 0.332583 0.000000
vt 1.138320 0.447467 0.000000
vt 0.370000 0.500000 0.000000
vt 1.138320 0.552533 0.000000
vt 0.330228 0.609274 0.000000
vt 1.200077 0.637533 0.000000
vt 1.300000 1.001500 0.000000
vt 1.300000 0.670000 0.000000
vt 0.229520 0.667417 0.000000
vt -0.000000 1.001500 0.000000
vt 0.115000 0.647224 0.000000
vt 0.040252 0.558143 0.000000
vt 0.000000 0.000000 0.000000
vt 0.040252 0.441857 0.000000
vt 0.115000 0.352776 0.000000
vt 2.300000 -0.415388 0.000000
vt 1.801500 -0.415388 0.000000
vt 2.300000 -0.534071 0.000000
vt 1.801500 -0.534071 0.000000
vt 2.300000 0.534071 0.000000
vt 1.801500 0.534071 0.000000
vt 2.300000 0.415388 0.000000
vt 1.801500 0.415388 0.000000
vt 2.300000 0.296706 0.000000
vt 1.801500 0.296706 0.000000
vt 2.300000 0.178024 0.000000
vt 1.801500 0.178024 0.000000
vt 2.300000 0.059341 0.000000
vt 1.801500 0.059341 0.000000
vt 2.300000 -0.059341 0.000000
vt 1.801500 -0.059341 0.000000
vt 2.300000 -0.178024 0.000000
vt 1.801500 -0.178024 0.000000
vt 2.300000 -0.296706 0.000000
vt 1.801500 -0.296706 0.000000
vt 0.500000 0.330000 0.000000
vt 0.001500 0.330000 0.000000
vt 0.500000 0.000000 0.000000
vt 0.001500 0.000000 0.000000
vt 1.001500 -0.000000 0.000000
vt -0.000000 -0.000000 0.000000
vt 1.001500 -0.196939 0.000000
vt -0.000000 -0.196939 0.000000
vt 1.001500 -0.393877 0.000000
vt 0.000000 -0.393877 0.000000
vt 1.001500 -0.590816 0.000000
vt 0.000000 -0.590816 0.000000
vt 1.001500 -0.787754 0.000000
vt 0.000000 -0.787754 0.000000
vt 0.900000 2.700000 0.000000
vt 0.000000 2.700000 0.000000
vt 0.900000 0.000000 0.000000
vt 0.000000 0.000000 0.000000
vt 0.900000 6.801500 0.000000
vt -0.400000 6.801500 0.000000
vt 0.900000 3.198500 0.000000
vt -0.400000 3.198500 0.000000
vt -0.901500 3.700000 0.000000
vt -0.591916 3.236674 0.000000
vt -0.754614 3.345386 0.000000
vt -0.863326 3.508084 0.000000
vt -0.901500 6.300000 0.000000
vt -0.591916 6.763326 0.000000
vt -0.754614 6.654614 0.000000
vt -0.863326 6.491916 0.000000
vt 1.801500 -0.267035 0.000000
vt 2.300000 -0.267035 0.000000
vt 1.801500 -0.160221 0.000000
vt 2.300000 -0.160221 0.000000
vt 1.801500 -0.053407 0.000000
vt 2.300000 -0.053407 0.000000
vt 1.801500 0.053407 0.000000
vt 2.300000 0.053407 0.000000
vt 1.801500 0.160221 0.000000
vt 2.300000 0.160221 0.000000
vt 1.801500 0.267035 0.000000
vt 2.300000 0.267035 0.000000
vt 2.300000 -0.415388 0.000000
vt 1.801500 -0.415388 0.000000
vt 2.300000 -0.534071 0.000000
vt 1.801500 -0.534071 0.000000
vt 2.300000 0.534071 0.000000
vt 1.801500 0.534071 0.000000
vt 2.300000 0.415388 0.000000
vt 1.801500 0.415388 0.000000
vt 2.300000 0.296706 0.000000
vt 1.801500 0.296706 0.000000
vt 2.300000 0.178024 0.000000
vt 1.801500 0.178024 0.000000
vt 2.300000 0.059341 0.000000
vt 1.801500 0.059341 0.000000
vt 2.300000 -0.059341 0.000000
vt 1.801500 -0.059341 0.000000
vt 2.300000 -0.178024 0.000000
vt 1.801500 -0.178024 0.000000
vt 2.300000 -0.296706 0.000000
vt 1.801500 -0.296706 0.000000
vt -1.300000 0.670000 0.000000
vt -1.200077 0.637533 0.000000
vt -1.300000 1.001500 0.000000
vt -0.330228 0.609274 0.000000
vt -0.229520 0.667417 0.000000
vt -1.138320 0.552533 0.000000
vt -0.370000 0.500000 0.000000
vt -1.138320 0.447467 0.000000
vt -0.330228 0.390726 0.000000
vt -1.200077 0.362467 0.000000
vt -1.300000 0.000000 0.000000
vt -1.300000 0.330000 0.000000
vt -0.229520 0.332583 0.000000
vt 0.000000 -0.000000 0.000000
vt -0.115000 0.352776 0.000000
vt -0.040252 0.441857 0.000000
vt -0.040252 0.558143 0.000000
vt 0.000000 1.001500 0.000000
vt -0.115000 0.647224 0.000000
vt -2.300000 0.415388 0.000000
vt -1.801500 0.415388 0.000000
vt -2.300000 0.534071 0.000000
vt -1.801500 0.534071 0.000000
vt -2.300000 -0.534071 0.000000
vt -1.801500 -0.534071 0.000000
vt -2.300000 -0.415388 0.000000
vt -1.801500 -0.415388 0.000000
vt -2.300000 -0.296706 0.000000
vt -1.801500 -0.296706 0.000000
vt -2.300000 -0.178024 0.000000
vt -1.801500 -0.178024 0.000000
vt -2.300000 -0.059341 0.000000
vt -1.801500 -0.059341 0.000000
vt -2.300000 0.059341 0.000000
vt -1.801500 0.059341 0.000000
vt -2.300000 0.178024 0.000000
vt -1.801500 0.178024 0.000000
vt -2.300000 0.296706 0.000000
vt -1.801500 0.296706 0.000000
vt -2.300000 0.148353 0.000000
vt -1.801500 0.178024 0.000000
vt -2.300000 0.267035 0.000000
vt -1.801500 0.296706 0.000000
vt -2.300000 0.385718 0.000000
vt -1.801500 0.415388 0.000000
vt -2.300000 0.504400 0.000000
vt -1.801500 0.534071 0.000000
vt -2.300000 0.623083 0.000000
vt -2.300000 -0.445059 0.000000
vt -1.801500 -0.534071 0.000000
vt -1.801500 -0.415388 0.000000
vt -2.300000 -0.326377 0.000000
vt -1.801500 -0.296706 0.000000
vt -2.300000 -0.207694 0.000000
vt -1.801500 -0.178024 0.000000
vt -2.300000 -0.089012 0.000000
vt -1.801500 -0.059341 0.000000
vt -2.300000 0.029671 0.000000
vt -1.801500 0.059341 0.000000
vt -0.001500 0.330000 0.000000
vt -0.500000 0.330000 0.000000
vt -0.001500 0.000000 0.000000
vt -0.500000 0.000000 0.000000
vt -1.001500 -0.787754 0.000000
vt 0.000000 -0.787754 0.000000
vt -1.001500 -0.590816 0.000000
vt -0.000000 -0.590816 0.000000
vt -1.001500 -0.393877 0.000000
vt 0.000000 -0.393877 0.000000
vt -1.001500 -0.196939 0.000000
vt -0.000000 -0.196939 0.000000
vt -1.001500 0.000000 0.000000
vt 0.000000 0.000000 0.000000
vt 0.130228 0.390726 0.000000
vt 0.969772 0.390726 0.000000
vt 0.170000 0.500000 0.000000
vt 0.930000 0.500000 0.000000
vt 0.130228 0.609274 0.000000
vt 0.969772 0.609274 0.000000
vt 0.029520 0.667417 0.000000
vt 1.070480 0.667417 0.000000
vt 1.300000 1.001500 0.000000
vt 1.185000 0.647224 0.000000
vt 1.259748 0.558143 0.000000
vt 1.070480 0.332583 0.000000
vt 0.029520 0.332583 0.000000
vt 1.300000 0.000000 0.000000
vt -1.300000 -0.000000 0.000000
vt -0.085000 0.352776 0.000000
vt -1.070480 0.332583 0.000000
vt -0.969772 0.390726 0.000000
vt -0.159748 0.441857 0.000000
vt -0.930000 0.500000 0.000000
vt -0.159748 0.558143 0.000000
vt -0.969772 0.609274 0.000000
vt -0.085000 0.647224 0.000000
vt -1.070480 0.667417 0.000000
vt -1.300000 1.001500 0.000000
vt -1.185000 0.647224 0.000000
vt -1.259748 0.558143 0.000000
vt -1.259748 0.441857 0.000000
vt -1.185000 0.352776 0.000000
vt 1.259748 0.441857 0.000000
vt 1.185000 0.352776 0.000000
vt 0.000000 7.300000 0.000000
vt 0.900000 7.300000 0.000000
vt 0.000000 10.000000 0.000000
vt 0.900000 10.000000 0.000000
vt -4.100000 -1.000000 0.000000
vt -3.559748 -0.441857 0.000000
vt -4.100000 0.500000 0.000000
vt -3.485000 -0.352776 0.000000
vt -3.370480 -0.332583 0.000000
vt -0.500000 -1.000000 0.000000
vt -2.300000 -0.670000 0.000000
vt -3.370480 -0.667417 0.000000
vt -3.485000 -0.647224 0.000000
vt -0.500000 0.500000 0.000000
vt -1.040252 -0.441857 0.000000
vt -1.040252 -0.558143 0.000000
vt -1.115000 -0.647224 0.000000
vt -1.600000 0.500000 0.000000
vt -1.229520 -0.332583 0.000000
vt -1.115000 -0.352776 0.000000
vt -2.100000 1.000000 0.000000
vt -2.500000 1.000000 0.000000
vt -3.000000 0.500000 0.000000
vt -2.241857 -0.340252 0.000000
vt -2.358143 -0.340252 0.000000
vt -3.269772 -0.390726 0.000000
vt -2.447224 -0.415000 0.000000
vt -3.230000 -0.500000 0.000000
vt -2.467417 -0.529520 0.000000
vt -3.269772 -0.609274 0.000000
vt -2.409274 -0.630228 0.000000
vt -1.600000 1.500000 0.000000
vt -3.000000 1.500000 0.000000
vt -3.559748 -0.558143 0.000000
vt -1.330228 -0.390726 0.000000
vt -2.152776 -0.415000 0.000000
vt -1.370000 -0.500000 0.000000
vt -2.132583 -0.529520 0.000000
vt -1.330228 -0.609274 0.000000
vt -2.190726 -0.630228 0.000000
vt -1.229520 -0.667417 0.000000
vt 0.459565 10.000000 0.000000
vt 0.000000 10.000000 0.000000
vt 0.459565 0.000000 0.000000
vt 0.000000 0.000000 0.000000
vt -0.600000 0.295000 0.000000
vt -0.600000 0.000000 0.000000
vt -0.400000 0.295000 0.000000
vt -0.000000 0.000000 0.000000
vt -0.400000 1.305000 0.000000
vt -0.400000 3.695000 0.000000
vt -0.600000 3.695000 0.000000
vt -0.000000 10.000000 0.000000
vt -0.400000 5.295000 0.000000
vt -0.400000 4.705000 0.000000
vt -0.600000 10.000000 0.000000
vt -0.400000 9.705000 0.000000
vt -0.400000 8.695000 0.000000
vt -0.400000 6.305000 0.000000
vt -0.600000 8.695000 0.000000
vt -0.600000 6.305000 0.000000
vt -0.600000 9.705000 0.000000
vt -0.600000 5.295000 0.000000
vt -0.600000 4.705000 0.000000
vt -0.600000 1.305000 0.000000
vt 5.200000 3.695000 0.000000
vt 5.005000 3.695000 0.000000
vt 5.200000 1.305000 0.000000
vt 5.005000 1.305000 0.000000
vt 5.200000 8.695000 0.000000
vt 5.005000 8.695000 0.000000
vt 5.200000 6.305000 0.000000
vt 5.005000 6.305000 0.000000
vt -2.000000 0.200000 0.000000
vt -0.000000 0.200000 0.000000
vt -2.000000 1.500000 0.000000
vt -0.000000 1.500000 0.000000
vt -0.000000 0.200000 0.000000
vt -0.000000 1.500000 0.000000
vt -2.000000 0.200000 0.000000
vt -1.520000 2.640000 0.000000
vt -2.000000 2.520000 0.000000
vt -1.542857 2.800000 0.000000
vt -2.000000 2.800000 0.000000
vt -2.000000 2.520000 0.000000
vt 0.000000 2.520000 0.000000
vt -2.000000 2.800000 0.000000
vt -0.000000 2.800000 0.000000
vt -2.000000 0.200000 0.000000
vt -0.000000 0.200000 0.000000
vt -2.000000 1.500000 0.000000
vt -0.480000 2.640000 0.000000
vt -0.000000 2.520000 0.000000
vt -0.457143 2.800000 0.000000
vt -0.000000 2.800000 0.000000
vt -0.205000 0.000000 0.000000
vt -0.005000 0.000000 0.000000
vt -0.205000 0.200000 0.000000
vt -0.005000 0.200000 0.000000
vt -2.395000 0.000000 0.000000
vt -0.005000 0.000000 0.000000
vt -2.395000 0.200000 0.000000
vt -0.005000 0.200000 0.000000
vt -0.195000 0.000000 0.000000
vt 0.005000 0.000000 0.000000
vt -0.195000 0.200000 0.000000
vt 0.005000 0.200000 0.000000
vt -1.005000 0.000000 0.000000
vt 0.005000 0.000000 0.000000
vt -1.005000 0.200000 0.000000
vt 0.005000 0.200000 0.000000
vt -1.005000 0.000000 0.000000
vt 0.005000 0.000000 0.000000
vt -1.005000 0.200000 0.000000
vt 0.005000 0.200000 0.000000
vt -0.205000 0.000000 0.000000
vt -0.005000 0.000000 0.000000
vt -0.205000 0.200000 0.000000
vt -0.005000 0.200000 0.000000
vt -2.395000 0.000000 0.000000
vt -0.005000 0.000000 0.000000
vt -2.395000 0.200000 0.000000
vt -0.005000 0.200000 0.000000
vt -0.195000 0.000000 0.000000
vt 0.005000 0.000000 0.000000
vt -0.195000 0.200000 0.000000
vt 0.005000 0.200000 0.000000
vt -1.005000 0.000000 0.000000
vt 0.005000 0.000000 0.000000
vt -1.005000 0.200000 0.000000
vt 0.005000 0.200000 0.000000
vt -1.005000 0.000000 0.000000
vt 0.005000 0.000000 0.000000
vt -1.005000 0.200000 0.000000
vt 0.005000 0.200000 0.000000
vt -0.205000 0.000000 0.000000
vt -0.005000 0.000000 0.000000
vt -0.205000 0.200000 0.000000
vt -0.005000 0.200000 0.000000
vt -2.395000 0.000000 0.000000
vt -0.005000 0.000000 0.000000
vt -2.395000 0.200000 0.000000
vt -0.005000 0.200000 0.000000
vt -0.195000 0.000000 0.000000
vt 0.005000 0.000000 0.000000
vt -0.195000 0.200000 0.000000
vt 0.005000 0.200000 0.000000
vt -1.005000 0.000000 0.000000
vt 0.000000 0.000000 0.000000
vt -1.005000 0.200000 0.000000
vt -0.000000 0.200000 0.000000
vt -0.200000 0.000000 0.000000
vt -0.005000 0.000000 0.000000
vt -0.200000 0.200000 0.000000
vt -0.005000 0.200000 0.000000
vt -2.395000 0.000000 0.000000
vt -0.005000 0.000000 0.000000
vt -2.395000 0.200000 0.000000
vt -0.005000 0.200000 0.000000
vt -0.195000 0.000000 0.000000
vt 0.000000 0.000000 0.000000
vt -0.195000 0.200000 0.000000
vt -0.000000 0.200000 0.000000
vt -1.000000 0.000000 0.000000
vt 0.005000 0.000000 0.000000
vt -1.000000 0.200000 0.000000
vt 0.005000 0.200000 0.000000
vt -1.000000 1.000000 0.000000
vt -2.005000 -1.195000 0.000000
vt -1.000000 -1.000000 0.000000
vt -1.195000 -2.005000 0.000000
vt 1.195000 -2.005000 0.000000
vt 1.000000 1.000000 0.000000
vt -1.195000 2.005000 0.000000
vt -2.005000 1.195000 0.000000
vt 1.000000 -1.000000 0.000000
vt 2.005000 -1.195000 0.000000
vt 2.005000 1.195000 0.000000
vt 1.195000 2.005000 0.000000
vt 2.200000 2.205000 0.000000
vt 1.195000 2.205000 0.000000
vt -1.195000 2.205000 0.000000
vt -2.205000 2.205000 0.000000
vt -2.205000 1.195000 0.000000
vt -2.205000 -1.195000 0.000000
vt -2.205000 -2.205000 0.000000
vt -1.195000 -2.205000 0.000000
vt 1.195000 -2.205000 0.000000
vt 2.200000 -2.205000 0.000000
vt 2.200000 -1.195000 0.000000
vt 2.200000 1.195000 0.000000
vt -2.000000 0.200000 0.000000
vt -0.000000 0.200000 0.000000
vt -2.000000 1.500000 0.000000
vt -0.000000 1.500000 0.000000
vt -0.000000 0.200000 0.000000
vt -0.000000 1.500000 0.000000
vt -2.000000 0.200000 0.000000
vt -1.520000 2.640000 0.000000
vt -2.000000 2.520000 0.000000
vt -1.542857 2.800000 0.000000
vt -2.000000 2.800000 0.000000
vt -2.000000 2.520000 0.000000
vt 0.000000 2.520000 0.000000
vt -2.000000 2.800000 0.000000
vt 0.000000 2.800000 0.000000
vt -2.000000 0.200000 0.000000
vt -0.000000 0.200000 0.000000
vt -2.000000 1.500000 0.000000
vt -0.480000 2.640000 0.000000
vt -0.000000 2.520000 0.000000
vt -0.457143 2.800000 0.000000
vt -0.000000 2.800000 0.000000
vt -0.205000 0.000000 0.000000
vt -0.005000 0.000000 0.000000
vt -0.205000 0.200000 0.000000
vt -0.005000 0.200000 0.000000
vt -2.395000 0.000000 0.000000
vt -0.005000 0.000000 0.000000
vt -2.395000 0.200000 0.000000
vt -0.005000 0.200000 0.000000
vt -0.195000 0.000000 0.000000
vt 0.005000 0.000000 0.000000
vt -0.195000 0.200000 0.000000
vt 0.005000 0.200000 0.000000
vt -1.005000 0.000000 0.000000
vt 0.005000 0.000000 0.000000
vt -1.005000 0.200000 0.000000
vt 0.005000 0.200000 0.000000
vt -1.005000 0.000000 0.000000
vt 0.005000 0.000000 0.000000
vt -1.005000 0.200000 0.000000
vt 0.005000 0.200000 0.000000
vt -0.205000 0.000000 0.000000
vt -0.005000 0.000000 0.000000
vt -0.205000 0.200000 0.000000
vt -0.005000 0.200000 0.000000
vt -2.395000 0.000000 0.000000
vt -0.005000 0.000000 0.000000
vt -2.395000 0.200000 0.000000
vt -0.005000 0.200000 0.000000
vt -0.195000 0.000000 0.000000
vt 0.005000 0.000000 0.000000
vt -0.195000 0.200000 0.000000
vt 0.005000 0.200000 0.000000
vt -1.005000 0.000000 0.000000
vt 0.005000 0.000000 0.000000
vt -1.005000 0.200000 0.000000
vt 0.005000 0.200000 0.000000
vt -1.005000 0.000000 0.000000
vt 0.005000 0.000000 0.000000
vt -1.005000 0.200000 0.000000
vt 0.005000 0.200000 0.000000
vt -0.205000 0.000000 0.000000
vt -0.005000 0.000000 0.000000
vt -0.205000 0.200000 0.000000
vt -0.005000 0.200000 0.000000
vt -2.395000 0.000000 0.000000
vt -0.005000 0.000000 0.000000
vt -2.395000 0.200000 0.000000
vt -0.005000 0.200000 0.000000
vt -0.195000 0.000000 0.000000
vt 0.005000 0.000000 0.000000
vt -0.195000 0.200000 0.000000
vt 0.005000 0.200000 0.000000
vt -1.005000 0.000000 0.000000
vt 0.000000 0.000000 0.000000
vt -1.005000 0.200000 0.000000
vt -0.000000 0.200000 0.000000
vt -0.200000 0.000000 0.000000
vt -0.005000 0.000000 0.000000
vt -0.200000 0.200000 0.000000
vt -0.005000 0.200000 0.000000
vt -2.395000 0.000000 0.000000
vt -0.005000 0.000000 0.000000
vt -2.395000 0.200000 0.000000
vt -0.005000 0.200000 0.000000
vt -0.195000 0.000000 0.000000
vt 0.000000 0.000000 0.000000
vt -0.195000 0.200000 0.000000
vt -0.000000 0.200000 0.000000
vt -1.000000 0.000000 0.000000
vt 0.005000 0.000000 0.000000
vt -1.000000 0.200000 0.000000
vt 0.005000 0.200000 0.000000
vt -1.000000 1.000000 0.000000
vt -2.005000 -1.195000 0.000000
vt -1.000000 -1.000000 0.000000
vt -1.195000 -2.005000 0.000000
vt 1.195000 -2.005000 0.000000
vt 1.000000 1.000000 0.000000
vt -1.195000 2.005000 0.000000
vt -2.005000 1.195000 0.000000
vt 1.000000 -1.000000 0.000000
vt 2.005000 -1.195000 0.000000
vt 2.005000 1.195000 0.000000
vt 1.195000 2.005000 0.000000
vt 2.200000 2.205000 0.000000
vt 1.195000 2.205000 0.000000
vt -1.195000 2.205000 0.000000
vt -2.205000 2.205000 0.000000
vt -2.205000 1.195000 0.000000
vt -2.205000 -1.195000 0.000000
vt -2.205000 -2.205000 0.000000
vt -1.195000 -2.205000 0.000000
vt 1.195000 -2.205000 0.000000
vt 2.200000 -2.205000 0.000000
vt 2.200000 -1.195000 0.000000
vt 2.200000 1.195000 0.000000
vt -0.083799 10.000000 0.000000
vt -1.116299 10.000000 0.000000
vt -0.083799 0.000000 0.000000
vt -1.116299 0.000000 0.000000
vt 0.069847 10.000000 0.000000
vt -1.396617 10.000000 0.000000
vt 0.069847 0.000000 0.000000
vt -1.396617 0.000000 0.000000
vt -0.700000 10.000000 0.000000
vt -1.408868 10.000000 0.000000
vt -0.700000 0.000000 0.000000
vt -1.408868 0.000000 0.000000
vt 1.500000 0.875162 0.000000
vt 5.000000 0.738373 0.000000
vt 3.500000 0.875162 0.000000
vt 5.000000 0.875162 0.000000
vt 5.000000 1.048079 0.000000
vt 6.500000 0.875162 0.000000
vt 8.500000 0.875162 0.000000
vt 0.000000 1.048079 0.000000
vt 0.000000 0.738373 0.000000
vt 0.000000 0.428668 0.000000
vt 10.000000 0.428668 0.000000
vt 10.000000 0.738373 0.000000
vt 10.000000 1.048079 0.000000
vt 5.000000 1.357784 0.000000
vt 0.000000 1.357784 0.000000
vt 0.000000 1.667489 0.000000
vt 10.000000 1.667489 0.000000
vt 10.000000 1.357784 0.000000
vt -1.900000 -1.800000 0.000000
vt 2.260000 1.320000 0.000000
vt -1.607000 -0.010895 0.000000
vt 1.900000 1.800000 0.000000
vt -1.607000 1.021605 0.000000
vt -1.500000 1.800000 0.000000
vt -1.735564 1.302630 0.000000
vt -1.924253 1.547375 0.000000
vt -2.163325 1.743202 0.000000
vt -2.000000 2.300000 0.000000
vt -2.440435 1.880000 0.000000
vt -2.900000 3.300000 0.000000
vt -2.900000 1.880000 0.000000
vt -2.000000 3.300000 0.000000
vt -2.191132 -1.356000 0.000000
vt -2.900000 -1.800000 0.000000
vt -2.900000 -1.356000 0.000000
vt 4.400000 8.500000 0.000000
vt 4.400000 10.000000 0.000000
vt 2.500000 8.500000 0.000000
vt 1.000000 10.000000 0.000000
vt 2.500000 6.500000 0.000000
vt 1.000000 0.000000 0.000000
vt 2.500000 3.500000 0.000000
vt 2.500000 1.500000 0.000000
vt 4.400000 0.000000 0.000000
vt 4.400000 1.500000 0.000000
vt 4.400000 3.500000 0.000000
vt 3.500000 4.300000 0.000000
vt 3.500000 5.700000 0.000000
vt 4.400000 6.500000 0.000000
vt 4.400000 5.700000 0.000000
vt 4.400000 4.300000 0.000000
vt -2.260000 1.320000 0.000000
vt 1.607000 -0.010895 0.000000
vt -1.900000 1.800000 0.000000
vt 1.607000 1.021605 0.000000
vt 1.500000 1.800000 0.000000
vt 1.735564 1.302630 0.000000
vt 1.924253 1.547375 0.000000
vt 1.900000 -1.800000 0.000000
vt 2.191132 -1.356000 0.000000
vt 2.300000 -1.800000 0.000000
vt 2.900000 -1.356000 0.000000
vt 2.900000 -2.400000 0.000000
vt 2.300000 -2.400000 0.000000
vt 2.000000 2.300000 0.000000
vt 2.163325 1.743202 0.000000
vt 2.440435 1.880000 0.000000
vt 2.900000 1.880000 0.000000
vt 2.900000 3.300000 0.000000
vt 2.000000 3.300000 0.000000
vn 0.100000 0.000000 0.000000
vn 0.100000 0.000000 0.000000
vn 0.092388 0.000000 -0.038268
vn 0.092388 0.000000 -0.038268
vn 0.070711 0.000000 -0.070711
vn 0.070711 0.000000 -0.070711
vn 0.038268 0.000000 -0.092388
vn 0.038268 0.000000 -0.092388
vn 0.000000 0.000000 -0.100000
vn 0.000000 0.000000 -0.100000
vn 0.000000 0.000000 -0.100000
vn 0.000000 0.000000 -0.100000
vn 0.000000 0.000000 -0.100000
vn 0.000000 0.000000 -0.100000
vn 0.000000 0.000000 -0.100000
vn 0.000000 0.000000 -0.100000
vn 0.000000 0.000000 -0.100000
vn 0.000000 0.000000 -0.100000
vn 0.000000 0.000000 -0.100000
vn 0.000000 0.000000 -0.100000
vn 0.000000 0.000000 -0.100000
vn 0.000000 0.000000 -0.100000
vn 0.000000 0.000000 -0.100000
vn 0.000000 0.000000 -0.100000
vn 0.000000 0.000000 -0.100000
vn 0.000000 0.000000 -0.100000
vn 0.000000 0.000000 -0.100000
vn 0.000000 0.000000 -0.100000
vn 0.000000 0.000000 -0.100000
vn 0.000000 0.000000 -0.100000
vn 0.000000 -0.100000 0.000000
vn 0.000000 -0.100000 0.000000
vn 0.000000 -0.100000 0.000000
vn 0.000000 -0.100000 0.000000
vn 0.000000 -0.100000 0.000000
vn 0.000000 -0.100000 0.000000
vn 0.000000 -0.100000 0.000000
vn 0.000000 -0.100000 0.000000
vn 0.000000 0.000000 0.100000
vn 0.000000 0.000000 0.100000
vn 0.038268 0.000000 0.092388
vn 0.038268 0.000000 0.092388
vn 0.070711 0.000000 0.070711
vn 0.070711 0.000000 0.070711
vn 0.092388 0.000000 0.038268
vn 0.092388 0.000000 0.038268
vn 0.100000 0.000000 0.000000
vn 0.100000 0.000000 0.000000
vn -0.000000 0.000000 0.100000
vn -0.000000 0.000000 0.100000
vn -0.000000 0.000000 0.100000
vn -0.000000 0.000000 0.100000
vn -0.000000 0.000000 0.100000
vn -0.000000 0.000000 0.100000
vn -0.000000 0.000000 0.100000
vn -0.000000 0.000000 0.100000
vn -0.000000 0.000000 0.100000
vn -0.000000 0.000000 0.100000
vn -0.000000 0.000000 0.100000
vn -0.000000 0.000000 0.100000
vn -0.000000 0.000000 0.100000
vn -0.000000 0.000000 0.100000
vn -0.000000 0.000000 0.100000
vn -0.000000 0.000000 0.100000
vn -0.000000 0.000000 0.100000
vn -0.000000 0.000000 0.100000
vn -0.000000 0.000000 0.100000
vn -0.000000 0.000000 0.100000
vn 0.000000 0.100000 0.000000
vn 0.000000 0.100000 0.000000
vn 0.000000 0.100000 0.000000
vn 0.000000 0.100000 0.000000
vn 0.000000 0.100000 0.000000
vn 0.000000 0.100000 0.000000
vn 0.000000 0.100000 0.000000
vn 0.000000 0.100000 0.000000
vn 0.000000 0.100000 0.000000
vn 0.000000 0.100000 0.000000
vn 0.000000 0.100000 0.000000
vn 0.000000 0.100000 0.000000
vn 0.000000 0.100000 0.000000
vn 0.000000 0.100000 0.000000
vn 0.000000 0.100000 0.000000
vn 0.000000 0.100000 0.000000
vn 0.000000 0.100000 0.000000
vn 0.000000 0.100000 0.000000
vn 0.000000 0.100000 0.000000
vn 0.000000 0.100000 0.000000
vn 0.000000 0.100000 0.000000
vn 0.000000 0.100000 0.000000
vn 0.000000 0.100000 0.000000
vn 0.000000 0.100000 0.000000
vn 0.070711 -0.070711 0.000000
vn 0.070711 -0.070711 0.000000
vn 0.070711 -0.070711 0.000000
vn 0.070711 -0.070711 0.000000
vn 0.000000 -0.070711 0.070711
vn 0.000000 -0.070711 0.070711
vn 0.000000 -0.070711 0.070711
vn 0.000000 -0.070711 0.070711
vn 0.000000 -0.100000 0.000000
vn 0.000000 -0.100000 0.000000
vn 0.000000 -0.100000 0.000000
vn 0.000000 -0.100000 0.000000
vn 0.000000 -0.100000 0.000000
vn 0.000000 -0.100000 0.000000
vn 0.000000 -0.100000 0.000000
vn 0.000000 -0.100000 0.000000
vn 0.070711 0.070711 0.000000
vn 0.070711 0.070711 0.000000
vn 0.070711 0.070711 0.000000
vn 0.070711 0.070711 0.000000
vn 0.070711 0.070711 0.000000
vn 0.070711 0.070711 0.000000
vn 0.070711 0.070711 0.000000
vn 0.070711 0.070711 0.000000
vn 0.070711 0.070711 0.000000
vn 0.070711 0.070711 0.000000
vn 0.070711 0.070711 0.000000
vn 0.070711 0.070711 0.000000
vn 0.070711 0.070711 0.000000
vn 0.070711 0.070711 0.000000
vn 0.070711 0.070711 0.000000
vn 0.070711 0.070711 0.000000
vn 0.070711 0.070711 0.000000
vn 0.070711 0.070711 0.000000
vn 0.070711 0.070711 0.000000
vn 0.070711 0.070711 0.000000
vn 0.000000 0.070711 0.070711
vn 0.000000 0.070711 0.070711
vn 0.000000 0.070711 0.070711
vn 0.000000 0.070711 0.070711
vn 0.057735 -0.057735 -0.057735
vn 0.057735 -0.057735 -0.057735
vn 0.057735 -0.057735 -0.057735
vn 0.057735 0.057735 -0.057735
vn 0.057735 0.057735 -0.057735
vn 0.057735 0.057735 -0.057735
vn 0.000000 0.070711 -0.070711
vn 0.000000 0.070711 -0.070711
vn 0.000000 0.070711 -0.070711
vn 0.000000 0.070711 -0.070711
vn 0.070711 0.070711 0.000000
vn 0.070711 0.070711 0.000000
vn 0.070711 0.070711 0.000000
vn 0.070711 0.070711 0.000000
vn 0.070711 0.070711 0.000000
vn 0.070711 0.070711 0.000000
vn 0.070711 0.070711 0.000000
vn 0.070711 0.070711 0.000000
vn 0.070711 0.070711 0.000000
vn 0.070711 0.070711 0.000000
vn 0.070711 0.070711 0.000000
vn 0.070711 0.070711 0.000000
vn 0.070711 0.070711 0.000000
vn 0.070711 0.070711 0.000000
vn 0.070711 0.070711 0.000000
vn 0.070711 0.070711 0.000000
vn 0.070711 0.070711 0.000000
vn 0.070711 0.070711 0.000000
vn 0.070711 0.070711 0.000000
vn 0.070711 0.070711 0.000000
vn 0.070711 -0.070711 0.000000
vn 0.070711 -0.070711 0.000000
vn 0.070711 -0.070711 0.000000
vn 0.070711 -0.070711 0.000000
vn 0.000000 -0.070711 -0.070711
vn 0.000000 -0.070711 -0.070711
vn 0.000000 -0.070711 -0.070711
vn 0.000000 -0.070711 -0.070711
vn 0.100000 -0.000000 0.000000
vn 0.100000 -0.000000 0.000000
vn 0.100000 -0.000000 0.000000
vn 0.100000 -0.000000 0.000000
vn 0.100000 -0.000000 0.000000
vn 0.100000 -0.000000 0.000000
vn 0.100000 -0.000000 0.000000
vn 0.100000 -0.000000 0.000000
vn 0.100000 -0.000000 0.000000
vn 0.100000 -0.000000 0.000000
vn 0.100000 -0.000000 0.000000
vn 0.100000 -0.000000 0.000000
vn 0.100000 -0.000000 0.000000
vn 0.100000 -0.000000 0.000000
vn 0.100000 -0.000000 0.000000
vn 0.100000 -0.000000 0.000000
vn 0.100000 -0.000000 0.000000
vn 0.100000 -0.000000 0.000000
vn 0.100000 -0.000000 0.000000
vn 0.100000 -0.000000 0.000000
vn 0.100000 -0.000000 0.000000
vn -0.100000 0.000000 0.000000
vn -0.100000 0.000000 0.000000
vn -0.100000 0.000000 0.000000
vn -0.100000 0.000000 0.000000
vn -0.100000 0.000000 0.000000
vn -0.100000 0.000000 0.000000
vn -0.100000 0.000000 0.000000
vn -0.100000 0.000000 0.000000
vn -0.100000 0.000000 0.000000
vn -0.100000 0.000000 0.000000
vn -0.100000 0.000000 0.000000
vn -0.100000 0.000000 0.000000
vn -0.100000 0.000000 0.000000
vn -0.100000 0.000000 0.000000
vn -0.100000 0.000000 0.000000
vn -0.100000 0.000000 0.000000
vn -0.100000 0.000000 0.000000
vn -0.100000 0.000000 0.000000
vn -0.100000 0.000000 0.000000
vn -0.100000 0.000000 0.000000
vn -0.100000 0.000000 0.000000
vn -0.100000 0.000000 0.000000
vn -0.100000 0.000000 0.000000
vn -0.100000 0.000000 0.000000
vn -0.100000 0.000000 0.000000
vn -0.100000 0.000000 0.000000
vn -0.100000 0.000000 0.000000
vn -0.100000 0.000000 0.000000
vn 0.000000 -0.070711 0.070711
vn 0.000000 -0.070711 0.070711
vn 0.000000 -0.070711 0.070711
vn 0.000000 -0.070711 0.070711
vn 0.000000 -0.100000 0.000000
vn 0.000000 -0.100000 0.000000
vn 0.000000 -0.100000 0.000000
vn 0.000000 -0.100000 0.000000
vn 0.000000 -0.100000 0.000000
vn 0.000000 -0.100000 0.000000
vn 0.000000 -0.100000 0.000000
vn 0.000000 -0.100000 0.000000
vn 0.000000 -0.070711 0.070711
vn 0.000000 -0.070711 0.070711
vn 0.000000 -0.070711 0.070711
vn 0.000000 -0.070711 0.070711
vn 0.000000 -0.100000 0.000000
vn 0.000000 -0.100000 0.000000
vn 0.000000 -0.100000 0.000000
vn 0.000000 -0.100000 0.000000
vn 0.000000 -0.100000 0.000000
vn 0.000000 -0.100000 0.000000
vn 0.100000 0.000000 0.000000
vn 0.100000 0.000000 0.000000
vn 0.100000 0.000000 0.000000
vn 0.100000 0.000000 0.000000
vn 0.100000 0.000000 0.000000
vn 0.100000 0.000000 0.000000
vn 0.100000 0.000000 0.000000
vn 0.100000 0.000000 0.000000
vn 0.100000 0.000000 0.000000
vn 0.100000 0.000000 0.000000
vn 0.100000 0.000000 0.000000
vn 0.100000 0.000000 0.000000
vn 0.100000 0.000000 0.000000
vn 0.100000 0.000000 0.000000
vn 0.100000 0.000000 0.000000
vn 0.100000 0.000000 0.000000
vn 0.100000 0.000000 0.000000
vn 0.100000 0.000000 0.000000
vn 0.100000 0.000000 0.000000
vn 0.100000 0.000000 0.000000
vn 0.100000 0.000000 0.000000
vn 0.000000 -0.070711 -0.070711
vn 0.000000 -0.070711 -0.070711
vn 0.000000 -0.070711 -0.070711
vn 0.000000 -0.070711 -0.070711
vn 0.080000 0.060000 -0.000000
vn 0.080000 0.060000 -0.000000
vn 0.080000 0.060000 -0.000000
vn 0.080000 0.060000 -0.000000
vn 0.080000 0.060000 -0.000000
vn 0.080000 0.060000 -0.000000
vn 0.080000 0.060000 -0.000000
vn 0.080000 0.060000 -0.000000
vn 0.060000 -0.080000 0.000000
vn 0.060000 -0.080000 0.000000
vn 0.060000 -0.080000 0.000000
vn 0.060000 -0.080000 0.000000
vn 0.060000 -0.080000 0.000000
vn 0.060000 -0.080000 0.000000
vn 0.060000 -0.080000 0.000000
vn 0.060000 -0.080000 0.000000
vn 0.000000 -0.000000 0.100000
vn 0.000000 -0.000000 0.100000
vn 0.000000 -0.000000 0.100000
vn 0.000000 -0.000000 0.100000
vn 0.000000 0.086603 0.050000
vn 0.000000 0.086603 0.050000
vn 0.000000 0.086603 0.050000
vn 0.000000 0.086603 0.050000
vn 0.000000 0.050000 0.086603
vn 0.000000 0.050000 0.086603
vn 0.000000 0.050000 0.086603
vn 0.000000 0.050000 0.086603
vn 0.000000 0.100000 0.000000
vn 0.000000 0.100000 0.000000
vn 0.000000 0.100000 0.000000
vn 0.000000 0.100000 0.000000
vn 0.000000 0.086603 0.050000
vn 0.000000 0.086603 0.050000
vn 0.000000 0.086603 0.050000
vn 0.000000 0.086603 0.050000
vn -0.000000 0.086603 -0.050000
vn -0.000000 0.086603 -0.050000
vn -0.000000 0.086603 -0.050000
vn -0.000000 0.086603 -0.050000
vn 0.000000 0.100000 0.000000
vn 0.000000 0.100000 0.000000
vn 0.000000 0.100000 0.000000
vn 0.000000 0.100000 0.000000
vn -0.000000 0.050000 -0.086603
vn -0.000000 0.050000 -0.086603
vn -0.000000 0.050000 -0.086603
vn -0.000000 0.050000 -0.086603
vn -0.000000 0.086603 -0.050000
vn -0.000000 0.086603 -0.050000
vn -0.000000 0.086603 -0.050000
vn -0.000000 0.086603 -0.050000
vn -0.000000 0.000000 -0.100000
vn -0.000000 0.000000 -0.100000
vn -0.000000 0.000000 -0.100000
vn -0.000000 0.000000 -0.100000
vn -0.000000 0.050000 -0.086603
vn -0.000000 0.050000 -0.086603
vn -0.000000 0.050000 -0.086603
vn -0.000000 0.050000 -0.086603
vn 0.000000 -0.050000 -0.086603
vn 0.000000 -0.050000 -0.086603
vn 0.000000 -0.050000 -0.086603
vn 0.000000 -0.050000 -0.086603
vn -0.000000 0.000000 -0.100000
vn -0.000000 0.000000 -0.100000
vn -0.000000 0.000000 -0.100000
vn -0.000000 0.000000 -0.100000
vn -0.000000 0.000000 -0.100000
vn -0.000000 0.000000 -0.100000
vn 0.100000 0.000000 0.000000
vn 0.100000 0.000000 0.000000
vn 0.100000 0.000000 0.000000
vn 0.100000 0.000000 0.000000
vn 0.100000 0.000000 0.000000
vn 0.100000 0.000000 0.000000
vn 0.100000 0.000000 0.000000
vn 0.100000 0.000000 0.000000
vn 0.100000 0.000000 0.000000
vn 0.100000 0.000000 0.000000
vn 0.100000 0.000000 0.000000
vn 0.100000 0.000000 0.000000
vn 0.100000 0.000000 0.000000
vn 0.100000 0.000000 0.000000
vn 0.100000 0.000000 0.000000
vn 0.100000 0.000000 0.000000
vn 0.100000 0.000000 0.000000
vn 0.100000 0.000000 0.000000
vn 0.100000 0.000000 0.000000
vn 0.100000 0.000000 0.000000
vn 0.100000 0.000000 0.000000
vn 0.100000 0.000000 0.000000
vn 0.100000 0.000000 0.000000
vn 0.100000 0.000000 0.000000
vn 0.100000 0.000000 0.000000
vn 0.100000 0.000000 0.000000
vn 0.100000 0.000000 0.000000
vn 0.100000 0.000000 0.000000
vn 0.100000 0.000000 0.000000
vn 0.100000 0.000000 0.000000
vn 0.100000 0.000000 0.000000
vn 0.100000 0.000000 0.000000
vn 0.100000 0.000000 0.000000
vn 0.000000 -0.086603 -0.050000
vn 0.000000 -0.086603 -0.050000
vn 0.000000 -0.086603 -0.050000
vn 0.000000 -0.086603 -0.050000
vn 0.000000 -0.050000 -0.086603
vn 0.000000 -0.050000 -0.086603
vn 0.000000 -0.050000 -0.086603
vn 0.000000 -0.050000 -0.086603
vn 0.000000 -0.100000 -0.000000
vn 0.000000 -0.100000 -0.000000
vn 0.000000 -0.100000 -0.000000
vn 0.000000 -0.100000 -0.000000
vn 0.000000 -0.086603 -0.050000
vn 0.000000 -0.086603 -0.050000
vn 0.000000 -0.086603 -0.050000
vn 0.000000 -0.086603 -0.050000
vn 0.000000 -0.086603 0.050000
vn 0.000000 -0.086603 0.050000
vn 0.000000 -0.086603 0.050000
vn 0.000000 -0.086603 0.050000
vn 0.000000 -0.100000 -0.000000
vn 0.000000 -0.100000 -0.000000
vn 0.000000 -0.100000 -0.000000
vn 0.000000 -0.100000 -0.000000
vn 0.000000 -0.050000 0.086603
vn 0.000000 -0.050000 0.086603
vn 0.000000 -0.050000 0.086603
vn 0.000000 -0.050000 0.086603
vn 0.000000 -0.086603 0.050000
vn 0.000000 -0.086603 0.050000
vn 0.000000 -0.086603 0.050000
vn 0.000000 -0.086603 0.050000
vn 0.000000 -0.000000 0.100000
vn 0.000000 -0.000000 0.100000
vn 0.000000 -0.000000 0.100000
vn 0.000000 -0.000000 0.100000
vn 0.000000 -0.000000 0.100000
vn 0.000000 -0.000000 0.100000
vn 0.000000 -0.050000 0.086603
vn 0.000000 -0.050000 0.086603
vn 0.000000 -0.050000 0.086603
vn 0.000000 -0.050000 0.086603
vn 0.000000 0.050000 0.086603
vn 0.000000 0.050000 0.086603
vn 0.000000 0.050000 0.086603
vn 0.000000 0.050000 0.086603
vn 0.000000 0.076604 0.064279
vn 0.000000 0.076604 0.064279
vn 0.000000 0.100000 0.000000
vn 0.000000 0.100000 0.000000
vn 0.000000 0.076604 -0.064279
vn 0.000000 0.076604 -0.064279
vn 0.000000 0.017365 -0.098481
vn 0.000000 0.017365 -0.098481
vn 0.000000 -0.050000 -0.086603
vn 0.000000 -0.050000 -0.086603
vn 0.000000 -0.093969 -0.034202
vn 0.000000 -0.093969 -0.034202
vn 0.000000 -0.093969 0.034202
vn 0.000000 -0.093969 0.034202
vn 0.000000 -0.050000 0.086603
vn 0.000000 -0.050000 0.086603
vn 0.000000 0.017365 0.098481
vn 0.000000 0.017365 0.098481
vn 0.060000 -0.080000 0.000000
vn 0.060000 -0.080000 0.000000
vn 0.060000 -0.080000 0.000000
vn 0.060000 -0.080000 0.000000
vn 0.060000 -0.080000 0.000000
vn 0.060000 -0.080000 0.000000
vn 0.060000 -0.080000 0.000000
vn 0.060000 -0.080000 0.000000
vn 0.060000 -0.080000 0.000000
vn 0.060000 -0.080000 0.000000
vn 0.060000 -0.080000 0.000000
vn 0.060000 -0.080000 0.000000
vn 0.060000 -0.080000 0.000000
vn 0.060000 -0.080000 0.000000
vn 0.060000 -0.080000 0.000000
vn 0.060000 -0.080000 0.000000
vn 0.060000 -0.080000 0.000000
vn 0.060000 -0.080000 0.000000
vn 0.060000 -0.080000 0.000000
vn 0.060000 -0.080000 0.000000
vn 0.060000 -0.080000 0.000000
vn 0.060000 -0.080000 0.000000
vn 0.060000 -0.080000 0.000000
vn 0.060000 -0.080000 0.000000
vn 0.060000 -0.080000 0.000000
vn 0.060000 -0.080000 0.000000
vn 0.060000 -0.080000 0.000000
vn 0.060000 -0.080000 0.000000
vn 0.060000 -0.080000 0.000000
vn 0.060000 -0.080000 0.000000
vn 0.060000 -0.080000 0.000000
vn 0.060000 -0.080000 0.000000
vn 0.060000 -0.080000 0.000000
vn 0.060000 -0.080000 0.000000
vn 0.060000 -0.080000 0.000000
vn 0.060000 -0.080000 0.000000
vn 0.060000 -0.080000 0.000000
vn 0.060000 -0.080000 0.000000
vn 0.060000 -0.080000 0.000000
vn 0.060000 -0.080000 0.000000
vn 0.060000 -0.080000 0.000000
vn 0.060000 -0.080000 0.000000
vn 0.060000 -0.080000 0.000000
vn 0.060000 -0.080000 0.000000
vn 0.060000 -0.080000 0.000000
vn 0.060000 -0.080000 0.000000
vn 0.060000 -0.080000 0.000000
vn 0.060000 -0.080000 0.000000
vn 0.060000 -0.080000 0.000000
vn 0.060000 -0.080000 0.000000
vn 0.060000 -0.080000 0.000000
vn 0.060000 -0.080000 0.000000
vn 0.060000 -0.080000 0.000000
vn 0.060000 -0.080000 0.000000
vn 0.060000 -0.080000 0.000000
vn 0.060000 -0.080000 0.000000
vn 0.060000 -0.080000 0.000000
vn 0.060000 -0.080000 0.000000
vn 0.000000 -0.100000 0.000000
vn 0.000000 -0.100000 0.000000
vn 0.000000 -0.100000 0.000000
vn 0.000000 -0.100000 0.000000
vn 0.000000 -0.050000 0.086603
vn 0.000000 -0.050000 0.086603
vn 0.000000 -0.050000 0.086603
vn 0.000000 -0.050000 0.086603
vn 0.000000 -0.000000 0.100000
vn 0.000000 -0.000000 0.100000
vn 0.000000 -0.000000 0.100000
vn 0.000000 -0.000000 0.100000
vn 0.000000 -0.086603 0.050000
vn 0.000000 -0.086603 0.050000
vn 0.000000 -0.086603 0.050000
vn 0.000000 -0.086603 0.050000
vn 0.000000 -0.050000 0.086603
vn 0.000000 -0.050000 0.086603
vn 0.000000 -0.050000 0.086603
vn 0.000000 -0.050000 0.086603
vn 0.000000 -0.100000 -0.000000
vn 0.000000 -0.100000 -0.000000
vn 0.000000 -0.100000 -0.000000
vn 0.000000 -0.100000 -0.000000
vn 0.000000 -0.086603 0.050000
vn 0.000000 -0.086603 0.050000
vn 0.000000 -0.086603 0.050000
vn 0.000000 -0.086603 0.050000
vn 0.000000 -0.086603 -0.050000
vn 0.000000 -0.086603 -0.050000
vn 0.000000 -0.086603 -0.050000
vn 0.000000 -0.086603 -0.050000
vn 0.000000 -0.100000 -0.000000
vn 0.000000 -0.100000 -0.000000
vn 0.000000 -0.100000 -0.000000
vn 0.000000 -0.100000 -0.000000
vn 0.000000 -0.050000 -0.086603
vn 0.000000 -0.050000 -0.086603
vn 0.000000 -0.050000 -0.086603
vn 0.000000 -0.050000 -0.086603
vn 0.000000 -0.086603 -0.050000
vn 0.000000 -0.086603 -0.050000
vn 0.000000 -0.086603 -0.050000
vn 0.000000 -0.086603 -0.050000
vn -0.000000 0.000000 -0.100000
vn -0.000000 0.000000 -0.100000
vn -0.000000 0.000000 -0.100000
vn -0.000000 0.000000 -0.100000
vn 0.000000 -0.050000 -0.086603
vn 0.000000 -0.050000 -0.086603
vn 0.000000 -0.050000 -0.086603
vn 0.000000 -0.050000 -0.086603
vn -0.000000 0.050000 -0.086603
vn -0.000000 0.050000 -0.086603
vn -0.000000 0.050000 -0.086603
vn -0.000000 0.050000 -0.086603
vn -0.000000 0.000000 -0.100000
vn -0.000000 0.000000 -0.100000
vn -0.000000 0.000000 -0.100000
vn -0.000000 0.000000 -0.100000
vn -0.000000 0.000000 -0.100000
vn -0.000000 0.086603 -0.050000
vn -0.000000 0.086603 -0.050000
vn -0.000000 0.086603 -0.050000
vn -0.000000 0.086603 -0.050000
vn -0.000000 0.050000 -0.086603
vn -0.000000 0.050000 -0.086603
vn -0.000000 0.050000 -0.086603
vn -0.000000 0.050000 -0.086603
vn 0.000000 0.100000 0.000000
vn 0.000000 0.100000 0.000000
vn 0.000000 0.100000 0.000000
vn 0.000000 0.100000 0.000000
vn -0.000000 0.086603 -0.050000
vn -0.000000 0.086603 -0.050000
vn -0.000000 0.086603 -0.050000
vn -0.000000 0.086603 -0.050000
vn 0.000000 0.086603 0.050000
vn 0.000000 0.086603 0.050000
vn 0.000000 0.086603 0.050000
vn 0.000000 0.086603 0.050000
vn 0.000000 0.100000 0.000000
vn 0.000000 0.100000 0.000000
vn 0.000000 0.100000 0.000000
vn 0.000000 0.100000 0.000000
vn 0.000000 0.050000 0.086603
vn 0.000000 0.050000 0.086603
vn 0.000000 0.050000 0.086603
vn 0.000000 0.050000 0.086603
vn 0.000000 0.086603 0.050000
vn 0.000000 0.086603 0.050000
vn 0.000000 0.086603 0.050000
vn 0.000000 0.086603 0.050000
vn 0.000000 -0.000000 0.100000
vn 0.000000 -0.000000 0.100000
vn 0.000000 -0.000000 0.100000
vn 0.000000 -0.000000 0.100000
vn 0.000000 -0.000000 0.100000
vn 0.000000 0.050000 0.086603
vn 0.000000 0.050000 0.086603
vn 0.000000 0.050000 0.086603
vn 0.000000 0.050000 0.086603
vn 0.100000 0.000000 0.000000
vn 0.100000 0.000000 0.000000
vn 0.100000 0.000000 0.000000
vn 0.100000 0.000000 0.000000
vn 0.100000 0.000000 0.000000
vn 0.100000 0.000000 0.000000
vn 0.100000 0.000000 0.000000
vn 0.100000 0.000000 0.000000
vn 0.100000 0.000000 0.000000
vn 0.100000 0.000000 0.000000
vn 0.100000 0.000000 0.000000
vn 0.100000 0.000000 0.000000
vn 0.100000 0.000000 0.000000
vn 0.100000 0.000000 0.000000
vn 0.100000 0.000000 0.000000
vn 0.100000 0.000000 0.000000
vn 0.100000 0.000000 0.000000
vn 0.100000 0.000000 0.000000
vn 0.100000 0.000000 0.000000
vn 0.100000 0.000000 0.000000
vn 0.100000 0.000000 0.000000
vn 0.100000 0.000000 0.000000
vn 0.100000 0.000000 0.000000
vn 0.100000 0.000000 0.000000
vn 0.100000 0.000000 0.000000
vn 0.100000 0.000000 0.000000
vn 0.100000 0.000000 0.000000
vn 0.100000 0.000000 0.000000
vn 0.100000 0.000000 0.000000
vn 0.100000 0.000000 0.000000
vn 0.100000 0.000000 0.000000
vn 0.100000 0.000000 0.000000
vn 0.100000 0.000000 0.000000
vn 0.000000 0.076604 0.064279
vn 0.000000 0.076604 0.064279
vn 0.000000 0.100000 0.000000
vn 0.000000 0.100000 0.000000
vn 0.000000 0.076604 -0.064279
vn 0.000000 0.076604 -0.064279
vn 0.000000 0.017365 -0.098481
vn 0.000000 0.017365 -0.098481
vn 0.000000 -0.050000 -0.086603
vn 0.000000 -0.050000 -0.086603
vn 0.000000 -0.093969 -0.034202
vn 0.000000 -0.093969 -0.034202
vn 0.000000 -0.093969 0.034202
vn 0.000000 -0.093969 0.034202
vn 0.000000 -0.050000 0.086603
vn 0.000000 -0.050000 0.086603
vn 0.000000 0.017365 0.098481
vn 0.000000 0.017365 0.098481
vn 0.000000 -0.000000 0.100000
vn 0.000000 -0.000000 0.100000
vn 0.000000 -0.000000 0.100000
vn 0.000000 -0.000000 0.100000
vn 0.000000 0.086603 0.050000
vn 0.000000 0.086603 0.050000
vn 0.000000 0.086603 0.050000
vn 0.000000 0.086603 0.050000
vn 0.000000 0.050000 0.086603
vn 0.000000 0.050000 0.086603
vn 0.000000 0.050000 0.086603
vn 0.000000 0.050000 0.086603
vn 0.000000 0.100000 0.000000
vn 0.000000 0.100000 0.000000
vn 0.000000 0.100000 0.000000
vn 0.000000 0.100000 0.000000
vn 0.000000 0.086603 0.050000
vn 0.000000 0.086603 0.050000
vn 0.000000 0.086603 0.050000
vn 0.000000 0.086603 0.050000
vn -0.000000 0.086603 -0.050000
vn -0.000000 0.086603 -0.050000
vn -0.000000 0.086603 -0.050000
vn -0.000000 0.086603 -0.050000
vn 0.000000 0.100000 0.000000
vn 0.000000 0.100000 0.000000
vn 0.000000 0.100000 0.000000
vn 0.000000 0.100000 0.000000
vn -0.000000 0.050000 -0.086603
vn -0.000000 0.050000 -0.086603
vn -0.000000 0.050000 -0.086603
vn -0.000000 0.050000 -0.086603
vn -0.000000 0.086603 -0.050000
vn -0.000000 0.086603 -0.050000
vn -0.000000 0.086603 -0.050000
vn -0.000000 0.086603 -0.050000
vn -0.000000 0.000000 -0.100000
vn -0.000000 0.000000 -0.100000
vn -0.000000 0.000000 -0.100000
vn -0.000000 0.000000 -0.100000
vn -0.000000 0.050000 -0.086603
vn -0.000000 0.050000 -0.086603
vn -0.000000 0.050000 -0.086603
vn -0.000000 0.050000 -0.086603
vn 0.000000 -0.050000 -0.086603
vn 0.000000 -0.050000 -0.086603
vn 0.000000 -0.050000 -0.086603
vn 0.000000 -0.050000 -0.086603
vn -0.000000 0.000000 -0.100000
vn -0.000000 0.000000 -0.100000
vn -0.000000 0.000000 -0.100000
vn -0.000000 0.000000 -0.100000
vn -0.000000 0.000000 -0.100000
vn -0.000000 0.000000 -0.100000
vn 0.100000 0.000000 0.000000
vn 0.100000 0.000000 0.000000
vn 0.100000 0.000000 0.000000
vn 0.100000 0.000000 0.000000
vn 0.100000 0.000000 0.000000
vn 0.100000 0.000000 0.000000
vn 0.100000 0.000000 0.000000
vn 0.100000 0.000000 0.000000
vn 0.100000 0.000000 0.000000
vn 0.100000 0.000000 0.000000
vn 0.100000 0.000000 0.000000
vn 0.100000 0.000000 0.000000
vn 0.100000 0.000000 0.000000
vn 0.100000 0.000000 0.000000
vn 0.100000 0.000000 0.000000
vn 0.100000 0.000000 0.000000
vn 0.100000 0.000000 0.000000
vn 0.100000 0.000000 0.000000
vn 0.100000 0.000000 0.000000
vn 0.100000 0.000000 0.000000
vn 0.100000 0.000000 0.000000
vn 0.100000 0.000000 0.000000
vn 0.100000 0.000000 0.000000
vn 0.100000 0.000000 0.000000
vn 0.100000 0.000000 0.000000
vn 0.100000 0.000000 0.000000
vn 0.100000 0.000000 0.000000
vn 0.100000 0.000000 0.000000
vn 0.100000 0.000000 0.000000
vn 0.100000 0.000000 0.000000
vn 0.100000 0.000000 0.000000
vn 0.100000 0.000000 0.000000
vn 0.100000 0.000000 0.000000
vn 0.000000 -0.086603 -0.050000
vn 0.000000 -0.086603 -0.050000
vn 0.000000 -0.086603 -0.050000
vn 0.000000 -0.086603 -0.050000
vn 0.000000 -0.050000 -0.086603
vn 0.000000 -0.050000 -0.086603
vn 0.000000 -0.050000 -0.086603
vn 0.000000 -0.050000 -0.086603
vn 0.000000 -0.100000 -0.000000
vn 0.000000 -0.100000 -0.000000
vn 0.000000 -0.100000 -0.000000
vn 0.000000 -0.100000 -0.000000
vn 0.000000 -0.086603 -0.050000
vn 0.000000 -0.086603 -0.050000
vn 0.000000 -0.086603 -0.050000
vn 0.000000 -0.086603 -0.050000
vn 0.000000 -0.086603 0.050000
vn 0.000000 -0.086603 0.050000
vn 0.000000 -0.086603 0.050000
vn 0.000000 -0.086603 0.050000
vn 0.000000 -0.100000 -0.000000
vn 0.000000 -0.100000 -0.000000
vn 0.000000 -0.100000 -0.000000
vn 0.000000 -0.100000 -0.000000
vn 0.000000 -0.050000 0.086603
vn 0.000000 -0.050000 0.086603
vn 0.000000 -0.050000 0.086603
vn 0.000000 -0.050000 0.086603
vn 0.000000 -0.086603 0.050000
vn 0.000000 -0.086603 0.050000
vn 0.000000 -0.086603 0.050000
vn 0.000000 -0.086603 0.050000
vn 0.000000 -0.000000 0.100000
vn 0.000000 -0.000000 0.100000
vn 0.000000 -0.000000 0.100000
vn 0.000000 -0.000000 0.100000
vn 0.000000 -0.000000 0.100000
vn 0.000000 -0.000000 0.100000
vn 0.000000 -0.050000 0.086603
vn 0.000000 -0.050000 0.086603
vn 0.000000 -0.050000 0.086603
vn 0.000000 -0.050000 0.086603
vn 0.000000 0.050000 0.086603
vn 0.000000 0.050000 0.086603
vn 0.000000 0.050000 0.086603
vn 0.000000 0.050000 0.086603
vn 0.100000 0.000000 0.000000
vn 0.100000 0.000000 0.000000
vn 0.100000 0.000000 0.000000
vn 0.100000 0.000000 0.000000
vn 0.100000 0.000000 0.000000
vn 0.100000 0.000000 0.000000
vn 0.100000 0.000000 0.000000
vn 0.100000 0.000000 0.000000
vn 0.100000 0.000000 0.000000
vn 0.100000 0.000000 0.000000
vn 0.100000 0.000000 0.000000
vn 0.100000 0.000000 0.000000
vn 0.100000 0.000000 0.000000
vn 0.100000 0.000000 0.000000
vn 0.100000 0.000000 0.000000
vn 0.100000 0.000000 0.000000
vn 0.100000 0.000000 0.000000
vn 0.100000 0.000000 0.000000
vn 0.100000 0.000000 0.000000
vn 0.100000 0.000000 0.000000
vn 0.100000 0.000000 0.000000
vn 0.000000 0.076604 0.064279
vn 0.000000 0.076604 0.064279
vn 0.000000 0.100000 0.000000
vn 0.000000 0.100000 0.000000
vn 0.000000 0.076604 -0.064279
vn 0.000000 0.076604 -0.064279
vn 0.000000 0.017365 -0.098481
vn 0.000000 0.017365 -0.098481
vn 0.000000 -0.050000 -0.086603
vn 0.000000 -0.050000 -0.086603
vn 0.000000 -0.093969 -0.034202
vn 0.000000 -0.093969 -0.034202
vn 0.000000 -0.093969 0.034202
vn 0.000000 -0.093969 0.034202
vn 0.000000 -0.050000 0.086603
vn 0.000000 -0.050000 0.086603
vn 0.000000 0.017365 0.098481
vn 0.000000 0.017365 0.098481
vn 0.000000 -0.100000 0.000000
vn 0.000000 -0.100000 0.000000
vn 0.000000 -0.100000 0.000000
vn 0.000000 -0.100000 0.000000
vn 0.000000 -0.100000 0.000000
vn 0.000000 -0.100000 0.000000
vn 0.000000 -0.100000 0.000000
vn 0.000000 -0.100000 0.000000
vn 0.100000 -0.000000 0.000000
vn 0.100000 -0.000000 0.000000
vn 0.100000 -0.000000 0.000000
vn 0.100000 -0.000000 0.000000
vn 0.100000 -0.000000 0.000000
vn 0.100000 -0.000000 0.000000
vn 0.100000 -0.000000 0.000000
vn 0.100000 -0.000000 0.000000
vn 0.100000 -0.000000 0.000000
vn 0.100000 -0.000000 0.000000
vn 0.100000 -0.000000 0.000000
vn 0.100000 -0.000000 0.000000
vn 0.100000 -0.000000 0.000000
vn 0.100000 -0.000000 0.000000
vn 0.100000 -0.000000 0.000000
vn 0.100000 -0.000000 0.000000
vn 0.100000 -0.000000 0.000000
vn 0.100000 -0.000000 0.000000
vn 0.100000 -0.000000 0.000000
vn 0.100000 -0.000000 0.000000
vn 0.100000 -0.000000 0.000000
vn 0.000000 -0.050000 0.086603
vn 0.000000 -0.050000 0.086603
vn 0.000000 -0.050000 0.086603
vn 0.000000 -0.050000 0.086603
vn 0.000000 -0.000000 0.100000
vn 0.000000 -0.000000 0.100000
vn 0.000000 -0.000000 0.100000
vn 0.000000 -0.000000 0.100000
vn 0.000000 -0.086603 0.050000
vn 0.000000 -0.086603 0.050000
vn 0.000000 -0.086603 0.050000
vn 0.000000 -0.086603 0.050000
vn 0.000000 -0.050000 0.086603
vn 0.000000 -0.050000 0.086603
vn 0.000000 -0.050000 0.086603
vn 0.000000 -0.050000 0.086603
vn 0.000000 -0.100000 -0.000000
vn 0.000000 -0.100000 -0.000000
vn 0.000000 -0.100000 -0.000000
vn 0.000000 -0.100000 -0.000000
vn 0.000000 -0.086603 0.050000
vn 0.000000 -0.086603 0.050000
vn 0.000000 -0.086603 0.050000
vn 0.000000 -0.086603 0.050000
vn 0.000000 -0.086603 -0.050000
vn 0.000000 -0.086603 -0.050000
vn 0.000000 -0.086603 -0.050000
vn 0.000000 -0.086603 -0.050000
vn 0.000000 -0.100000 -0.000000
vn 0.000000 -0.100000 -0.000000
vn 0.000000 -0.100000 -0.000000
vn 0.000000 -0.100000 -0.000000
vn 0.000000 -0.050000 -0.086603
vn 0.000000 -0.050000 -0.086603
vn 0.000000 -0.050000 -0.086603
vn 0.000000 -0.050000 -0.086603
vn 0.000000 -0.086603 -0.050000
vn 0.000000 -0.086603 -0.050000
vn 0.000000 -0.086603 -0.050000
vn 0.000000 -0.086603 -0.050000
vn -0.000000 0.000000 -0.100000
vn -0.000000 0.000000 -0.100000
vn -0.000000 0.000000 -0.100000
vn -0.000000 0.000000 -0.100000
vn 0.000000 -0.050000 -0.086603
vn 0.000000 -0.050000 -0.086603
vn 0.000000 -0.050000 -0.086603
vn 0.000000 -0.050000 -0.086603
vn -0.000000 0.050000 -0.086603
vn -0.000000 0.050000 -0.086603
vn -0.000000 0.050000 -0.086603
vn -0.000000 0.050000 -0.086603
vn -0.000000 0.000000 -0.100000
vn -0.000000 0.000000 -0.100000
vn -0.000000 0.000000 -0.100000
vn -0.000000 0.000000 -0.100000
vn -0.000000 0.000000 -0.100000
vn -0.000000 0.086603 -0.050000
vn -0.000000 0.086603 -0.050000
vn -0.000000 0.086603 -0.050000
vn -0.000000 0.086603 -0.050000
vn -0.000000 0.050000 -0.086603
vn -0.000000 0.050000 -0.086603
vn -0.000000 0.050000 -0.086603
vn -0.000000 0.050000 -0.086603
vn 0.000000 0.100000 0.000000
vn 0.000000 0.100000 0.000000
vn 0.000000 0.100000 0.000000
vn 0.000000 0.100000 0.000000
vn -0.000000 0.086603 -0.050000
vn -0.000000 0.086603 -0.050000
vn -0.000000 0.086603 -0.050000
vn -0.000000 0.086603 -0.050000
vn 0.000000 0.086603 0.050000
vn 0.000000 0.086603 0.050000
vn 0.000000 0.086603 0.050000
vn 0.000000 0.086603 0.050000
vn 0.000000 0.100000 0.000000
vn 0.000000 0.100000 0.000000
vn 0.000000 0.100000 0.000000
vn 0.000000 0.100000 0.000000
vn 0.000000 0.050000 0.086603
vn 0.000000 0.050000 0.086603
vn 0.000000 0.050000 0.086603
vn 0.000000 0.050000 0.086603
vn 0.000000 0.086603 0.050000
vn 0.000000 0.086603 0.050000
vn 0.000000 0.086603 0.050000
vn 0.000000 0.086603 0.050000
vn 0.000000 -0.000000 0.100000
vn 0.000000 -0.000000 0.100000
vn 0.000000 -0.000000 0.100000
vn 0.000000 -0.000000 0.100000
vn 0.000000 -0.000000 0.100000
vn 0.000000 0.050000 0.086603
vn 0.000000 0.050000 0.086603
vn 0.000000 0.050000 0.086603
vn 0.000000 0.050000 0.086603
vn 0.100000 0.000000 0.000000
vn 0.100000 0.000000 0.000000
vn 0.100000 0.000000 0.000000
vn 0.100000 0.000000 0.000000
vn 0.100000 0.000000 0.000000
vn 0.100000 0.000000 0.000000
vn 0.100000 0.000000 0.000000
vn 0.100000 0.000000 0.000000
vn 0.100000 0.000000 0.000000
vn 0.100000 0.000000 0.000000
vn 0.100000 0.000000 0.000000
vn 0.100000 0.000000 0.000000
vn 0.100000 0.000000 0.000000
vn 0.100000 0.000000 0.000000
vn 0.100000 0.000000 0.000000
vn 0.100000 0.000000 0.000000
vn 0.100000 0.000000 0.000000
vn 0.100000 0.000000 0.000000
vn 0.100000 0.000000 0.000000
vn 0.100000 0.000000 0.000000
vn 0.100000 0.000000 0.000000
vn 0.100000 0.000000 0.000000
vn 0.100000 0.000000 0.000000
vn 0.100000 0.000000 0.000000
vn 0.100000 0.000000 0.000000
vn 0.100000 0.000000 0.000000
vn 0.100000 0.000000 0.000000
vn 0.100000 0.000000 0.000000
vn 0.100000 0.000000 0.000000
vn 0.100000 0.000000 0.000000
vn 0.100000 0.000000 0.000000
vn 0.100000 0.000000 0.000000
vn 0.100000 0.000000 0.000000
vn 0.000000 0.076604 0.064279
vn 0.000000 0.076604 0.064279
vn 0.000000 0.100000 0.000000
vn 0.000000 0.100000 0.000000
vn 0.000000 0.076604 -0.064279
vn 0.000000 0.076604 -0.064279
vn 0.000000 0.017365 -0.098481
vn 0.000000 0.017365 -0.098481
vn 0.000000 -0.050000 -0.086603
vn 0.000000 -0.050000 -0.086603
vn 0.000000 -0.093969 -0.034202
vn 0.000000 -0.093969 -0.034202
vn 0.000000 -0.093969 0.034202
vn 0.000000 -0.093969 0.034202
vn 0.000000 -0.050000 0.086603
vn 0.000000 -0.050000 0.086603
vn 0.000000 0.017365 0.098481
vn 0.000000 0.017365 0.098481
vn -0.100000 0.000000 0.000000
vn -0.100000 0.000000 0.000000
vn -0.100000 0.000000 0.000000
vn -0.100000 0.000000 0.000000
vn -0.100000 0.000000 0.000000
vn -0.100000 0.000000 0.000000
vn -0.100000 0.000000 0.000000
vn -0.100000 0.000000 0.000000
vn -0.100000 0.000000 0.000000
vn -0.100000 0.000000 0.000000
vn -0.100000 0.000000 0.000000
vn -0.100000 0.000000 0.000000
vn -0.100000 0.000000 0.000000
vn -0.100000 0.000000 0.000000
vn -0.100000 0.000000 0.000000
vn -0.100000 0.000000 0.000000
vn -0.100000 0.000000 0.000000
vn -0.100000 0.000000 0.000000
vn -0.100000 0.000000 0.000000
vn -0.100000 0.000000 0.000000
vn -0.100000 0.000000 0.000000
vn -0.100000 0.000000 0.000000
vn -0.100000 0.000000 0.000000
vn -0.100000 0.000000 0.000000
vn -0.100000 0.000000 0.000000
vn -0.100000 0.000000 0.000000
vn -0.100000 0.000000 0.000000
vn -0.100000 0.000000 0.000000
vn -0.100000 0.000000 0.000000
vn -0.100000 0.000000 0.000000
vn -0.000000 -0.100000 -0.000000
vn 0.000000 -0.100000 0.000000
vn -0.058779 -0.080902 -0.000000
vn -0.058779 -0.080902 -0.000000
vn -0.095106 -0.030902 -0.000000
vn -0.095106 -0.030902 -0.000000
vn -0.095106 0.030902 -0.000000
vn -0.095106 0.030902 -0.000000
vn -0.058779 0.080902 -0.000000
vn -0.058779 0.080902 -0.000000
vn -0.000000 0.100000 -0.000000
vn 0.000000 0.100000 0.000000
vn 0.076604 -0.064279 0.000000
vn 0.076604 -0.064279 0.000000
vn 0.100000 -0.000000 0.000000
vn 0.100000 -0.000000 0.000000
vn 0.076604 0.064279 0.000000
vn 0.076604 0.064279 0.000000
vn 0.017365 0.098481 0.000000
vn 0.017365 0.098481 0.000000
vn -0.050000 0.086603 -0.000000
vn -0.050000 0.086603 -0.000000
vn -0.093969 0.034202 -0.000000
vn -0.093969 0.034202 -0.000000
vn -0.093969 -0.034202 -0.000000
vn -0.093969 -0.034202 -0.000000
vn -0.050000 -0.086603 -0.000000
vn -0.050000 -0.086603 -0.000000
vn 0.017365 -0.098481 0.000000
vn 0.017365 -0.098481 0.000000
vn -0.000000 0.000000 0.100000
vn -0.000000 0.000000 0.100000
vn -0.000000 0.000000 0.100000
vn -0.000000 0.000000 0.100000
vn -0.000000 0.000000 0.100000
vn -0.000000 0.000000 0.100000
vn -0.000000 0.000000 0.100000
vn -0.000000 0.000000 0.100000
vn -0.000000 0.000000 0.100000
vn -0.000000 0.000000 0.100000
vn -0.000000 0.000000 0.100000
vn -0.000000 0.000000 0.100000
vn -0.000000 0.000000 0.100000
vn -0.000000 0.000000 0.100000
vn -0.000000 0.000000 0.100000
vn -0.000000 0.000000 0.100000
vn -0.000000 0.000000 0.100000
vn -0.000000 0.000000 0.100000
vn -0.000000 0.000000 0.100000
vn 0.000000 0.064279 -0.076604
vn 0.000000 0.064279 -0.076604
vn 0.000000 0.000000 -0.100000
vn 0.000000 0.000000 -0.100000
vn 0.000000 -0.064279 -0.076604
vn 0.000000 -0.064279 -0.076604
vn 0.000000 -0.098481 -0.017365
vn 0.000000 -0.098481 -0.017365
vn -0.000000 -0.086603 0.050000
vn -0.000000 -0.086603 0.050000
vn -0.000000 -0.034202 0.093969
vn -0.000000 -0.034202 0.093969
vn -0.000000 0.034202 0.093969
vn -0.000000 0.034202 0.093969
vn -0.000000 0.086603 0.050000
vn -0.000000 0.086603 0.050000
vn 0.000000 0.098481 -0.017365
vn 0.000000 0.098481 -0.017365
vn -0.100000 0.000000 -0.000000
vn -0.100000 0.000000 -0.000000
vn -0.100000 0.000000 -0.000000
vn -0.100000 0.000000 -0.000000
vn -0.100000 0.000000 0.000000
vn -0.100000 0.000000 0.000000
vn -0.092388 0.000000 0.038268
vn -0.092388 0.000000 0.038268
vn -0.070711 0.000000 0.070711
vn -0.070711 0.000000 0.070711
vn -0.038268 0.000000 0.092388
vn -0.038268 0.000000 0.092388
vn 0.000000 0.100000 0.000000
vn 0.000000 0.100000 0.000000
vn 0.000000 0.100000 0.000000
vn 0.000000 0.100000 0.000000
vn 0.000000 0.100000 0.000000
vn 0.000000 0.100000 0.000000
vn 0.000000 0.100000 0.000000
vn 0.000000 0.100000 0.000000
vn 0.000000 0.100000 0.000000
vn 0.000000 0.100000 0.000000
vn 0.000000 0.100000 0.000000
vn 0.000000 0.100000 0.000000
vn 0.000000 0.100000 0.000000
vn 0.000000 0.100000 0.000000
vn 0.000000 0.100000 0.000000
vn 0.000000 0.100000 0.000000
vn -0.000000 0.100000 0.000000
vn 0.000000 0.100000 -0.000000
vn -0.058779 0.080902 0.000000
vn -0.058779 0.080902 0.000000
vn -0.095106 0.030902 0.000000
vn -0.095106 0.030902 0.000000
vn -0.095106 -0.030902 0.000000
vn -0.095106 -0.030902 0.000000
vn -0.058779 -0.080902 0.000000
vn -0.058779 -0.080902 0.000000
vn -0.000000 -0.100000 0.000000
vn 0.000000 -0.100000 -0.000000
vn 0.076604 0.064279 -0.000000
vn 0.076604 0.064279 -0.000000
vn 0.100000 0.000000 -0.000000
vn 0.100000 0.000000 -0.000000
vn 0.076604 -0.064279 -0.000000
vn 0.076604 -0.064279 -0.000000
vn 0.017365 -0.098481 -0.000000
vn 0.017365 -0.098481 -0.000000
vn -0.050000 -0.086603 0.000000
vn -0.050000 -0.086603 0.000000
vn -0.093969 -0.034202 0.000000
vn -0.093969 -0.034202 0.000000
vn -0.093969 0.034202 0.000000
vn -0.093969 0.034202 0.000000
vn -0.050000 0.086603 0.000000
vn -0.050000 0.086603 0.000000
vn 0.017365 0.098481 -0.000000
vn 0.017365 0.098481 -0.000000
vn 0.000000 0.000000 -0.100000
vn 0.000000 0.000000 -0.100000
vn 0.000000 0.000000 -0.100000
vn 0.000000 0.000000 -0.100000
vn 0.000000 0.000000 -0.100000
vn 0.000000 0.000000 -0.100000
vn 0.000000 0.000000 -0.100000
vn 0.000000 0.000000 -0.100000
vn 0.000000 0.000000 -0.100000
vn 0.000000 0.000000 -0.100000
vn 0.000000 0.000000 -0.100000
vn 0.000000 0.000000 -0.100000
vn 0.000000 0.000000 -0.100000
vn 0.000000 0.000000 -0.100000
vn 0.000000 0.000000 -0.100000
vn 0.000000 0.000000 -0.100000
vn 0.000000 0.000000 -0.100000
vn 0.000000 0.000000 -0.100000
vn 0.000000 0.000000 -0.100000
vn -0.000000 -0.064279 0.076604
vn -0.000000 -0.064279 0.076604
vn -0.000000 -0.000000 0.100000
vn -0.000000 -0.000000 0.100000
vn -0.000000 0.064279 0.076604
vn -0.000000 0.064279 0.076604
vn -0.000000 0.098481 0.017365
vn -0.000000 0.098481 0.017365
vn 0.000000 0.086603 -0.050000
vn 0.000000 0.086603 -0.050000
vn 0.000000 0.034202 -0.093969
vn 0.000000 0.034202 -0.093969
vn 0.000000 -0.034202 -0.093969
vn 0.000000 -0.034202 -0.093969
vn 0.000000 -0.086603 -0.050000
vn 0.000000 -0.086603 -0.050000
vn -0.000000 -0.098481 0.017365
vn -0.000000 -0.098481 0.017365
vn 0.000000 -0.076604 -0.064279
vn 0.000000 -0.086603 -0.050000
vn -0.000000 -0.100000 0.000000
vn -0.000000 -0.098481 0.017365
vn -0.000000 -0.076604 0.064279
vn -0.000000 -0.064279 0.076604
vn -0.000000 -0.017365 0.098481
vn -0.000000 -0.000000 0.100000
vn -0.000000 0.050000 0.086603
vn -0.000000 0.064279 0.076604
vn -0.000000 0.093969 0.034202
vn -0.000000 0.098481 0.017365
vn 0.000000 0.093969 -0.034202
vn 0.000000 0.086603 -0.050000
vn 0.000000 0.050000 -0.086603
vn 0.000000 0.034202 -0.093969
vn 0.000000 -0.017365 -0.098481
vn 0.000000 -0.034202 -0.093969
vn -0.100000 0.000000 -0.000000
vn -0.100000 0.000000 -0.000000
vn -0.100000 0.000000 -0.000000
vn -0.100000 0.000000 -0.000000
vn -0.038268 0.000000 -0.092388
vn -0.038268 0.000000 -0.092388
vn -0.070711 0.000000 -0.070711
vn -0.070711 0.000000 -0.070711
vn -0.092388 0.000000 -0.038268
vn -0.092388 0.000000 -0.038268
vn -0.100000 0.000000 -0.000000
vn -0.100000 0.000000 -0.000000
vn -0.100000 0.000000 -0.000000
vn -0.100000 0.000000 -0.000000
vn -0.100000 0.000000 -0.000000
vn -0.100000 0.000000 -0.000000
vn -0.100000 0.000000 -0.000000
vn -0.100000 0.000000 -0.000000
vn -0.100000 0.000000 -0.000000
vn -0.100000 0.000000 -0.000000
vn -0.100000 0.000000 -0.000000
vn -0.100000 0.000000 -0.000000
vn -0.100000 0.000000 -0.000000
vn -0.100000 0.000000 -0.000000
vn -0.100000 0.000000 -0.000000
vn -0.100000 0.000000 -0.000000
vn -0.100000 0.000000 -0.000000
vn -0.100000 0.000000 -0.000000
vn -0.100000 0.000000 -0.000000
vn -0.100000 0.000000 -0.000000
vn -0.100000 0.000000 -0.000000
vn -0.100000 0.000000 -0.000000
vn -0.100000 0.000000 -0.000000
vn -0.100000 0.000000 -0.000000
vn -0.100000 0.000000 -0.000000
vn -0.100000 0.000000 -0.000000
vn -0.100000 0.000000 -0.000000
vn -0.100000 0.000000 -0.000000
vn -0.100000 0.000000 -0.000000
vn 0.000000 0.100000 0.000000
vn 0.000000 0.100000 0.000000
vn 0.000000 0.100000 0.000000
vn 0.000000 0.100000 0.000000
vn 0.100000 0.000000 0.000000
vn 0.100000 0.000000 0.000000
vn 0.100000 0.000000 0.000000
vn 0.100000 0.000000 0.000000
vn 0.100000 0.000000 0.000000
vn 0.100000 0.000000 0.000000
vn 0.100000 0.000000 0.000000
vn 0.100000 0.000000 0.000000
vn 0.100000 0.000000 0.000000
vn 0.100000 0.000000 0.000000
vn 0.100000 0.000000 0.000000
vn 0.100000 0.000000 0.000000
vn 0.100000 0.000000 0.000000
vn 0.100000 0.000000 0.000000
vn 0.100000 0.000000 0.000000
vn 0.100000 0.000000 0.000000
vn 0.100000 0.000000 0.000000
vn 0.100000 0.000000 0.000000
vn 0.100000 0.000000 0.000000
vn 0.100000 0.000000 0.000000
vn 0.100000 0.000000 0.000000
vn 0.100000 0.000000 0.000000
vn 0.100000 0.000000 0.000000
vn 0.100000 0.000000 0.000000
vn 0.100000 0.000000 0.000000
vn 0.100000 0.000000 0.000000
vn 0.100000 0.000000 0.000000
vn 0.100000 0.000000 0.000000
vn 0.100000 0.000000 0.000000
vn 0.100000 0.000000 0.000000
vn 0.100000 0.000000 0.000000
vn 0.100000 0.000000 0.000000
vn 0.100000 0.000000 0.000000
vn 0.000000 -0.100000 0.000000
vn 0.000000 -0.100000 0.000000
vn 0.000000 -0.100000 0.000000
vn 0.000000 -0.100000 0.000000
vn 0.080000 0.060000 0.000000
vn 0.080000 0.060000 0.000000
vn 0.080000 0.060000 0.000000
vn 0.080000 0.060000 0.000000
vn 0.080000 0.060000 0.000000
vn 0.080000 0.060000 0.000000
vn 0.080000 0.060000 0.000000
vn 0.080000 0.060000 0.000000
vn 0.080000 0.060000 0.000000
vn 0.080000 0.060000 0.000000
vn 0.080000 0.060000 0.000000
vn 0.080000 0.060000 0.000000
vn 0.080000 0.060000 0.000000
vn 0.080000 0.060000 0.000000
vn 0.080000 0.060000 0.000000
vn 0.080000 0.060000 0.000000
vn 0.080000 0.060000 0.000000
vn 0.080000 0.060000 0.000000
vn 0.080000 0.060000 0.000000
vn 0.080000 0.060000 0.000000
vn 0.060000 -0.080000 0.000000
vn 0.060000 -0.080000 0.000000
vn 0.060000 -0.080000 0.000000
vn 0.060000 -0.080000 0.000000
vn 0.060000 -0.080000 0.000000
vn 0.060000 -0.080000 0.000000
vn 0.060000 -0.080000 0.000000
vn 0.060000 -0.080000 0.000000
vn -0.080000 -0.060000 0.000000
vn -0.080000 -0.060000 0.000000
vn -0.080000 -0.060000 0.000000
vn -0.080000 -0.060000 0.000000
vn 0.000000 0.000000 0.100000
vn 0.000000 0.000000 0.100000
vn 0.000000 0.000000 0.100000
vn 0.000000 0.000000 0.100000
vn 0.000000 0.000000 0.100000
vn 0.000000 0.000000 0.100000
vn 0.000000 0.000000 0.100000
vn 0.080000 0.060000 -0.000000
vn 0.080000 0.060000 -0.000000
vn -0.000000 -0.000000 -0.100000
vn -0.000000 -0.000000 -0.100000
vn -0.000000 -0.000000 -0.100000
vn -0.000000 -0.000000 -0.100000
vn -0.000000 -0.000000 -0.100000
vn -0.000000 -0.000000 -0.100000
vn -0.000000 -0.000000 -0.100000
vn 0.080000 0.060000 -0.000000
vn 0.080000 0.060000 -0.000000
vn 0.080000 0.060000 -0.000000
vn 0.080000 0.060000 -0.000000
vn -0.000000 -0.000000 -0.100000
vn -0.000000 -0.000000 -0.100000
vn -0.000000 -0.000000 -0.100000
vn -0.000000 -0.000000 -0.100000
vn -0.080000 -0.060000 0.000000
vn -0.080000 -0.060000 0.000000
vn -0.080000 -0.060000 0.000000
vn -0.080000 -0.060000 0.000000
vn -0.000000 0.000000 -0.100000
vn -0.000000 0.000000 -0.100000
vn -0.000000 0.000000 -0.100000
vn -0.000000 0.000000 -0.100000
vn 0.080000 0.060000 -0.000000
vn 0.080000 0.060000 -0.000000
vn 0.080000 0.060000 -0.000000
vn 0.080000 0.060000 -0.000000
vn 0.000000 -0.000000 0.100000
vn 0.000000 -0.000000 0.100000
vn 0.000000 -0.000000 0.100000
vn 0.000000 -0.000000 0.100000
vn 0.080000 0.060000 -0.000000
vn 0.080000 0.060000 -0.000000
vn 0.080000 0.060000 -0.000000
vn 0.080000 0.060000 -0.000000
vn -0.000000 0.000000 -0.100000
vn -0.000000 0.000000 -0.100000
vn -0.000000 0.000000 -0.100000
vn -0.000000 0.000000 -0.100000
vn 0.080000 0.060000 -0.000000
vn 0.080000 0.060000 -0.000000
vn 0.080000 0.060000 -0.000000
vn 0.080000 0.060000 -0.000000
vn 0.000000 -0.000000 0.100000
vn 0.000000 -0.000000 0.100000
vn 0.000000 -0.000000 0.100000
vn 0.000000 -0.000000 0.100000
vn -0.080000 -0.060000 0.000000
vn -0.080000 -0.060000 0.000000
vn -0.080000 -0.060000 0.000000
vn -0.080000 -0.060000 0.000000
vn 0.000000 0.000000 0.100000
vn 0.000000 0.000000 0.100000
vn 0.000000 0.000000 0.100000
vn 0.000000 0.000000 0.100000
vn 0.080000 0.060000 -0.000000
vn 0.080000 0.060000 -0.000000
vn 0.080000 0.060000 -0.000000
vn 0.080000 0.060000 -0.000000
vn 0.000000 -0.000000 0.100000
vn 0.000000 -0.000000 0.100000
vn 0.000000 -0.000000 0.100000
vn 0.000000 -0.000000 0.100000
vn -0.000000 0.000000 -0.100000
vn -0.000000 0.000000 -0.100000
vn -0.000000 0.000000 -0.100000
vn -0.000000 0.000000 -0.100000
vn -0.080000 -0.060000 0.000000
vn -0.080000 -0.060000 0.000000
vn -0.080000 -0.060000 0.000000
vn -0.080000 -0.060000 0.000000
vn 0.000000 -0.000000 0.100000
vn 0.000000 -0.000000 0.100000
vn 0.000000 -0.000000 0.100000
vn 0.000000 -0.000000 0.100000
vn -0.000000 0.000000 -0.100000
vn -0.000000 0.000000 -0.100000
vn -0.000000 0.000000 -0.100000
vn -0.000000 0.000000 -0.100000
vn 0.060000 -0.080000 -0.000000
vn 0.060000 -0.080000 -0.000000
vn 0.060000 -0.080000 -0.000000
vn 0.060000 -0.080000 -0.000000
vn 0.060000 -0.080000 -0.000000
vn 0.060000 -0.080000 -0.000000
vn 0.060000 -0.080000 -0.000000
vn 0.060000 -0.080000 -0.000000
vn 0.060000 -0.080000 -0.000000
vn 0.060000 -0.080000 -0.000000
vn 0.060000 -0.080000 -0.000000
vn 0.060000 -0.080000 -0.000000
vn 0.060000 -0.080000 -0.000000
vn 0.060000 -0.080000 -0.000000
vn 0.060000 -0.080000 -0.000000
vn 0.060000 -0.080000 -0.000000
vn 0.060000 -0.080000 -0.000000
vn 0.060000 -0.080000 -0.000000
vn 0.060000 -0.080000 -0.000000
vn 0.060000 -0.080000 -0.000000
vn 0.060000 -0.080000 -0.000000
vn 0.060000 -0.080000 -0.000000
vn 0.060000 -0.080000 -0.000000
vn 0.060000 -0.080000 -0.000000
vn -0.080000 -0.060000 0.000000
vn -0.080000 -0.060000 0.000000
vn -0.080000 -0.060000 0.000000
vn -0.080000 -0.060000 0.000000
vn 0.000000 0.000000 0.100000
vn 0.000000 0.000000 0.100000
vn 0.000000 0.000000 0.100000
vn 0.000000 0.000000 0.100000
vn 0.000000 0.000000 0.100000
vn 0.000000 0.000000 0.100000
vn 0.000000 0.000000 0.100000
vn 0.080000 0.060000 -0.000000
vn 0.080000 0.060000 -0.000000
vn -0.000000 -0.000000 -0.100000
vn -0.000000 -0.000000 -0.100000
vn -0.000000 -0.000000 -0.100000
vn -0.000000 -0.000000 -0.100000
vn -0.000000 -0.000000 -0.100000
vn -0.000000 -0.000000 -0.100000
vn -0.000000 -0.000000 -0.100000
vn 0.080000 0.060000 -0.000000
vn 0.080000 0.060000 -0.000000
vn 0.080000 0.060000 -0.000000
vn 0.080000 0.060000 -0.000000
vn -0.000000 -0.000000 -0.100000
vn -0.000000 -0.000000 -0.100000
vn -0.000000 -0.000000 -0.100000
vn -0.000000 -0.000000 -0.100000
vn -0.080000 -0.060000 0.000000
vn -0.080000 -0.060000 0.000000
vn -0.080000 -0.060000 0.000000
vn -0.080000 -0.060000 0.000000
vn -0.000000 0.000000 -0.100000
vn -0.000000 0.000000 -0.100000
vn -0.000000 0.000000 -0.100000
vn -0.000000 0.000000 -0.100000
vn 0.080000 0.060000 -0.000000
vn 0.080000 0.060000 -0.000000
vn 0.080000 0.060000 -0.000000
vn 0.080000 0.060000 -0.000000
vn 0.000000 -0.000000 0.100000
vn 0.000000 -0.000000 0.100000
vn 0.000000 -0.000000 0.100000
vn 0.000000 -0.000000 0.100000
vn 0.080000 0.060000 -0.000000
vn 0.080000 0.060000 -0.000000
vn 0.080000 0.060000 -0.000000
vn 0.080000 0.060000 -0.000000
vn -0.000000 0.000000 -0.100000
vn -0.000000 0.000000 -0.100000
vn -0.000000 0.000000 -0.100000
vn -0.000000 0.000000 -0.100000
vn 0.080000 0.060000 -0.000000
vn 0.080000 0.060000 -0.000000
vn 0.080000 0.060000 -0.000000
vn 0.080000 0.060000 -0.000000
vn 0.000000 -0.000000 0.100000
vn 0.000000 -0.000000 0.100000
vn 0.000000 -0.000000 0.100000
vn 0.000000 -0.000000 0.100000
vn -0.080000 -0.060000 0.000000
vn -0.080000 -0.060000 0.000000
vn -0.080000 -0.060000 0.000000
vn -0.080000 -0.060000 0.000000
vn 0.000000 0.000000 0.100000
vn 0.000000 0.000000 0.100000
vn 0.000000 0.000000 0.100000
vn 0.000000 0.000000 0.100000
vn 0.080000 0.060000 -0.000000
vn 0.080000 0.060000 -0.000000
vn 0.080000 0.060000 -0.000000
vn 0.080000 0.060000 -0.000000
vn 0.000000 -0.000000 0.100000
vn 0.000000 -0.000000 0.100000
vn 0.000000 -0.000000 0.100000
vn 0.000000 -0.000000 0.100000
vn -0.000000 0.000000 -0.100000
vn -0.000000 0.000000 -0.100000
vn -0.000000 0.000000 -0.100000
vn -0.000000 0.000000 -0.100000
vn -0.080000 -0.060000 0.000000
vn -0.080000 -0.060000 0.000000
vn -0.080000 -0.060000 0.000000
vn -0.080000 -0.060000 0.000000
vn 0.000000 -0.000000 0.100000
vn 0.000000 -0.000000 0.100000
vn 0.000000 -0.000000 0.100000
vn 0.000000 -0.000000 0.100000
vn -0.000000 0.000000 -0.100000
vn -0.000000 0.000000 -0.100000
vn -0.000000 0.000000 -0.100000
vn -0.000000 0.000000 -0.100000
vn 0.060000 -0.080000 -0.000000
vn 0.060000 -0.080000 -0.000000
vn 0.060000 -0.080000 -0.000000
vn 0.060000 -0.080000 -0.000000
vn 0.060000 -0.080000 -0.000000
vn 0.060000 -0.080000 -0.000000
vn 0.060000 -0.080000 -0.000000
vn 0.060000 -0.080000 -0.000000
vn 0.060000 -0.080000 -0.000000
vn 0.060000 -0.080000 -0.000000
vn 0.060000 -0.080000 -0.000000
vn 0.060000 -0.080000 -0.000000
vn 0.060000 -0.080000 -0.000000
vn 0.060000 -0.080000 -0.000000
vn 0.060000 -0.080000 -0.000000
vn 0.060000 -0.080000 -0.000000
vn 0.060000 -0.080000 -0.000000
vn 0.060000 -0.080000 -0.000000
vn 0.060000 -0.080000 -0.000000
vn 0.060000 -0.080000 -0.000000
vn 0.060000 -0.080000 -0.000000
vn 0.060000 -0.080000 -0.000000
vn 0.060000 -0.080000 -0.000000
vn 0.060000 -0.080000 -0.000000
vn -0.100000 0.000000 -0.000000
vn -0.100000 0.000000 -0.000000
vn -0.100000 0.000000 -0.000000
vn -0.100000 0.000000 -0.000000
vn -0.091724 0.039833 -0.000000
vn -0.091724 0.039833 -0.000000
vn -0.091724 0.039833 -0.000000
vn -0.091724 0.039833 -0.000000
vn 0.000000 0.100000 0.000000
vn 0.000000 0.100000 0.000000
vn 0.000000 0.100000 0.000000
vn 0.000000 0.100000 0.000000
vn -0.080000 -0.060000 0.000000
vn -0.085620 -0.051664 0.000000
vn -0.080000 -0.060000 0.000000
vn -0.080000 -0.060000 0.000000
vn -0.071746 -0.069660 0.000000
vn -0.080000 -0.060000 0.000000
vn -0.080000 -0.060000 0.000000
vn -0.071746 -0.069660 0.000000
vn -0.085620 -0.051664 0.000000
vn -0.095074 -0.031000 0.000000
vn -0.095074 -0.031000 0.000000
vn -0.085620 -0.051664 0.000000
vn -0.071746 -0.069660 0.000000
vn -0.054167 -0.084059 0.000000
vn -0.054167 -0.084059 0.000000
vn -0.033792 -0.094118 0.000000
vn -0.033792 -0.094118 0.000000
vn -0.054167 -0.084059 0.000000
vn 0.000000 0.000000 0.100000
vn 0.000000 0.000000 0.100000
vn 0.000000 0.000000 0.100000
vn 0.000000 0.000000 0.100000
vn 0.000000 0.000000 0.100000
vn 0.000000 0.000000 0.100000
vn 0.000000 0.000000 0.100000
vn 0.000000 0.000000 0.100000
vn 0.000000 0.000000 0.100000
vn 0.000000 0.000000 0.100000
vn 0.000000 0.000000 0.100000
vn 0.000000 0.000000 0.100000
vn 0.000000 0.000000 0.100000
vn 0.000000 0.000000 0.100000
vn 0.000000 0.000000 0.100000
vn 0.000000 0.000000 0.100000
vn 0.000000 0.000000 0.100000
vn 0.000000 0.100000 0.000000
vn 0.000000 0.100000 0.000000
vn 0.000000 0.100000 0.000000
vn 0.000000 0.100000 0.000000
vn 0.000000 0.100000 0.000000
vn 0.000000 0.100000 0.000000
vn 0.000000 0.100000 0.000000
vn 0.000000 0.100000 0.000000
vn 0.000000 0.100000 0.000000
vn 0.000000 0.100000 0.000000
vn 0.000000 0.100000 0.000000
vn 0.000000 0.100000 0.000000
vn 0.000000 0.100000 0.000000
vn 0.000000 0.100000 0.000000
vn 0.000000 0.100000 0.000000
vn 0.000000 0.100000 0.000000
vn 0.000000 0.000000 -0.100000
vn 0.000000 0.000000 -0.100000
vn 0.000000 0.000000 -0.100000
vn 0.000000 0.000000 -0.100000
vn 0.000000 0.000000 -0.100000
vn 0.000000 0.000000 -0.100000
vn 0.000000 0.000000 -0.100000
vn 0.000000 0.000000 -0.100000
vn 0.000000 0.000000 -0.100000
vn 0.000000 0.000000 -0.100000
vn 0.000000 0.000000 -0.100000
vn 0.000000 0.000000 -0.100000
vn 0.000000 0.000000 -0.100000
vn 0.000000 0.000000 -0.100000
vn 0.000000 0.000000 -0.100000
vn 0.000000 0.000000 -0.100000
vn 0.000000 0.000000 -0.100000
vn 0.000000 0.000000 -0.100000
vn 0.000000 0.000000 -0.100000
usemtl Steel_-_Satin
f 483/896/879 474/897/880 482/898/881
f 482/898/881 474/897/880 475/899/882
f 482/898/881 475/899/882 481/900/883
f 481/900/883 475/899/882 476/901/884
f 481/900/883 476/901/884 480/902/885
f 480/902/885 476/901/884 477/903/886
f 480/902/885 477/903/886 479/904/887
f 479/904/887 477/903/886 478/905/888
f 485/906/889 499/907/890 484/908/891
f 484/908/891 499/907/890 500/909/892
f 484/908/891 500/909/892 492/910/893
f 492/910/893 500/909/892 501/911/894
f 492/910/893 501/911/894 503/912/895
f 503/912/895 501/911/894 502/913/896
f 499/907/890 485/906/889 495/914/897
f 495/914/897 485/906/889 486/915/898
f 495/914/897 486/915/898 487/916/899
f 495/914/897 487/916/899 493/917/900
f 493/917/900 487/916/899 488/918/901
f 493/917/900 488/918/901 478/919/888
f 478/919/888 488/918/901 479/920/887
f 479/920/887 488/918/901 489/921/902
f 479/920/887 489/921/902 490/922/903
f 490/922/903 491/923/904 479/920/887
f 479/920/887 491/923/904 503/912/895
f 503/912/895 491/923/904 492/910/893
f 493/917/900 494/924/905 495/914/897
f 499/907/890 495/914/897 498/925/906
f 498/925/906 495/914/897 496/926/907
f 498/925/906 496/926/907 497/927/908
f 493/928/909 478/929/910 505/930/911
f 505/930/911 478/929/910 477/931/912
f 505/930/911 477/931/912 474/932/913
f 474/932/913 477/931/912 476/933/914
f 474/932/913 476/933/914 475/934/915
f 474/932/913 504/935/916 505/930/911
f 515/936/917 506/937/918 514/938/919
f 514/938/919 506/937/918 507/939/920
f 514/938/919 507/939/920 513/940/921
f 513/940/921 507/939/920 508/941/922
f 513/940/921 508/941/922 512/942/923
f 512/942/923 508/941/922 509/943/924
f 512/942/923 509/943/924 511/944/925
f 511/944/925 509/943/924 510/945/926
f 526/946/927 506/947/918 532/948/928
f 532/948/928 506/947/918 515/949/917
f 532/948/928 515/949/917 531/950/929
f 531/950/929 515/949/917 530/951/930
f 530/951/930 515/949/917 529/952/931
f 529/952/931 515/949/917 516/953/932
f 529/952/931 516/953/932 528/954/933
f 528/954/933 516/953/932 518/955/934
f 528/954/933 518/955/934 519/956/935
f 516/953/932 517/957/936 518/955/934
f 528/954/933 519/956/935 527/958/937
f 527/958/937 519/956/935 520/959/938
f 527/958/937 520/959/938 535/960/939
f 535/960/939 520/959/938 524/961/940
f 535/960/939 524/961/940 534/962/941
f 534/962/941 524/961/940 533/963/942
f 533/963/942 524/961/940 526/946/927
f 533/963/942 526/946/927 532/948/928
f 520/959/938 521/964/943 524/961/940
f 524/961/940 521/964/943 523/965/944
f 523/965/944 521/964/943 522/966/945
f 524/961/940 525/967/946 526/946/927
f 482/968/947 540/969/948 483/970/949
f 483/970/949 540/969/948 541/971/950
f 483/970/949 541/971/950 542/972/951
f 482/968/947 481/973/952 540/969/948
f 540/969/948 481/973/952 480/974/953
f 540/969/948 480/974/953 479/975/954
f 503/976/955 537/977/956 479/975/954
f 479/975/954 537/977/956 538/978/957
f 479/975/954 538/978/957 539/979/958
f 503/976/955 536/980/959 537/977/956
f 539/979/958 540/969/948 479/975/954
f 483/970/949 542/972/951 511/981/960
f 511/981/960 542/972/951 543/982/961
f 511/981/960 543/982/961 512/983/962
f 512/983/962 543/982/961 513/984/963
f 513/984/963 543/982/961 514/985/964
f 514/985/964 543/982/961 515/986/965
f 515/986/965 543/982/961 544/987/966
f 515/986/965 544/987/966 545/988/967
f 545/988/967 546/989/968 515/986/965
f 515/986/965 546/989/968 516/990/969
f 516/990/969 546/989/968 547/991/970
f 526/992/971 525/993/972 548/994/973
f 548/994/973 525/993/972 549/995/974
f 549/996/975 550/997/976 548/998/977
f 548/998/977 550/997/976 551/999/978
f 509/1000/979 508/1001/980 510/1002/981
f 510/1002/981 508/1001/980 507/1003/982
f 510/1002/981 507/1003/982 548/1004/983
f 548/1004/983 507/1003/982 506/1005/984
f 548/1004/983 506/1005/984 526/1006/985
f 548/1004/983 551/1007/986 510/1002/981
f 552/1008/987 553/1009/988 569/1010/989
f 569/1010/989 553/1009/988 562/1011/990
f 569/1010/989 562/1011/990 564/1012/991
f 564/1012/991 562/1011/990 563/1013/992
f 553/1009/988 554/1014/993 562/1011/990
f 562/1011/990 554/1014/993 560/1015/994
f 562/1011/990 560/1015/994 561/1016/995
f 555/1017/996 556/1018/997 554/1014/993
f 554/1014/993 556/1018/997 549/1019/998
f 554/1014/993 549/1019/998 525/1020/999
f 557/1021/1000 558/1022/1001 525/1020/999
f 525/1020/999 558/1022/1001 559/1023/1002
f 525/1020/999 559/1023/1002 560/1015/994
f 569/1010/989 564/1012/991 568/1024/1003
f 568/1024/1003 564/1012/991 565/1025/1004
f 568/1024/1003 565/1025/1004 566/1026/1005
f 566/1026/1005 567/1027/1006 568/1024/1003
f 525/1020/999 560/1015/994 554/1014/993
f 570/1028/1007 550/1029/1008 556/1030/1009
f 556/1030/1009 550/1029/1008 549/1031/1010
f 571/1032/1011 505/1033/1012 572/1034/1013
f 571/1035/1014 572/1036/1015 573/1037/1016
f 574/1038/1017 575/1039/1018 572/1040/1019
f 572/1040/1019 575/1039/1018 573/1041/1020
f 576/1042/1021 577/1043/1022 573/1044/1023
f 573/1044/1023 577/1043/1022 571/1045/1024
f 571/1045/1024 577/1043/1022 494/1046/1025
f 494/1046/1025 577/1043/1022 589/1047/1026
f 494/1046/1025 589/1047/1026 590/1048/1027
f 577/1043/1022 578/1049/1028 589/1047/1026
f 589/1047/1026 578/1049/1028 587/1050/1029
f 589/1047/1026 587/1050/1029 588/1051/1030
f 579/1052/1031 580/1053/1032 578/1049/1028
f 578/1049/1028 580/1053/1032 587/1050/1029
f 587/1050/1029 580/1053/1032 585/1054/1033
f 585/1054/1033 580/1053/1032 581/1055/1034
f 585/1054/1033 581/1055/1034 584/1056/1035
f 584/1056/1035 581/1055/1034 583/1057/1036
f 583/1057/1036 581/1055/1034 582/1058/1037
f 585/1054/1033 586/1059/1038 587/1050/1029
f 590/1048/1027 591/1060/1039 494/1046/1025
f 494/1046/1025 591/1060/1039 592/1061/1040
f 493/1062/1041 505/1063/1042 494/1064/1043
f 494/1064/1043 505/1063/1042 571/1065/1044
f 574/1066/1045 572/1067/1046 504/1068/1047
f 504/1068/1047 572/1067/1046 505/1069/1048
f 494/1070/1049 596/1071/1050 495/1072/1051
f 495/1072/1051 596/1071/1050 598/1073/1052
f 495/1072/1051 598/1073/1052 600/1074/1053
f 600/1074/1053 598/1073/1052 599/1075/1054
f 592/1076/1055 594/1077/1056 494/1070/1049
f 494/1070/1049 594/1077/1056 595/1078/1057
f 494/1070/1049 595/1078/1057 596/1071/1050
f 592/1076/1055 593/1079/1058 594/1077/1056
f 596/1071/1050 597/1080/1059 598/1073/1052
f 601/1081/1060 602/1082/1061 600/1074/1053
f 600/1074/1053 602/1082/1061 608/1083/1062
f 600/1074/1053 608/1083/1062 495/1072/1051
f 603/1084/1063 604/1085/1064 602/1082/1061
f 602/1082/1061 604/1085/1064 608/1083/1062
f 608/1083/1062 604/1085/1064 581/1086/1065
f 581/1086/1065 604/1085/1064 605/1087/1066
f 581/1086/1065 605/1087/1066 606/1088/1067
f 606/1088/1067 607/1089/1068 581/1086/1065
f 581/1086/1065 607/1089/1068 582/1090/1069
f 610/1091/1070 636/1092/1071 609/1093/1072
f 609/1093/1072 636/1092/1071 628/1094/1073
f 609/1093/1072 628/1094/1073 618/1095/1074
f 618/1095/1074 628/1094/1073 629/1096/1075
f 618/1095/1074 629/1096/1075 630/1097/1076
f 611/1098/1077 617/1099/1078 610/1091/1070
f 610/1091/1070 617/1099/1078 633/1100/1079
f 610/1091/1070 633/1100/1079 634/1101/1080
f 612/1102/1081 620/1103/1082 611/1098/1077
f 611/1098/1077 620/1103/1082 621/1104/1083
f 611/1098/1077 621/1104/1083 622/1105/1084
f 620/1103/1082 612/1102/1081 619/1106/1085
f 619/1106/1085 612/1102/1081 613/1107/1086
f 619/1106/1085 613/1107/1086 627/1108/1087
f 627/1108/1087 613/1107/1086 614/1109/1088
f 627/1108/1087 614/1109/1088 626/1110/1089
f 626/1110/1089 614/1109/1088 625/1111/1090
f 625/1111/1090 614/1109/1088 624/1112/1091
f 624/1112/1091 614/1109/1088 615/1113/1092
f 624/1112/1091 615/1113/1092 616/1114/1093
f 617/1099/1078 611/1098/1077 616/1114/1093
f 616/1114/1093 611/1098/1077 623/1115/1094
f 616/1114/1093 623/1115/1094 624/1112/1091
f 618/1095/1074 630/1097/1076 617/1099/1078
f 617/1099/1078 630/1097/1076 631/1116/1095
f 617/1099/1078 631/1116/1095 632/1117/1096
f 622/1105/1084 623/1115/1094 611/1098/1077
f 632/1117/1096 633/1100/1079 617/1099/1078
f 634/1101/1080 635/1118/1097 610/1091/1070
f 610/1091/1070 635/1118/1097 636/1092/1071
f 638/1119/1098 610/1120/1099 637/1121/1100
f 637/1121/1100 610/1120/1099 609/1122/1101
f 610/1123/1102 638/1124/1103 611/1125/1104
f 611/1125/1104 638/1124/1103 643/1126/1105
f 643/1126/1105 638/1124/1103 640/1127/1106
f 643/1126/1105 640/1127/1106 641/1128/1107
f 638/1124/1103 639/1129/1108 640/1127/1106
f 641/1128/1107 642/1130/1109 643/1126/1105
f 645/1131/1110 614/1132/1111 644/1133/1112
f 644/1133/1112 614/1132/1111 613/1134/1113
f 614/1135/1114 645/1136/1115 615/1137/1116
f 615/1137/1116 645/1136/1115 648/1138/1117
f 648/1138/1117 645/1136/1115 647/1139/1118
f 647/1139/1118 645/1136/1115 646/1140/1119
f 644/1141/1120 661/1142/1121 645/1143/1122
f 645/1143/1122 661/1142/1121 662/1144/1123
f 645/1143/1122 662/1144/1123 663/1145/1124
f 649/1146/1125 657/1147/1126 644/1141/1120
f 644/1141/1120 657/1147/1126 659/1148/1127
f 644/1141/1120 659/1148/1127 661/1142/1121
f 661/1142/1121 659/1148/1127 660/1149/1128
f 643/1150/1129 653/1151/1130 649/1146/1125
f 649/1146/1125 653/1151/1130 655/1152/1131
f 649/1146/1125 655/1152/1131 657/1147/1126
f 657/1147/1126 655/1152/1131 656/1153/1132
f 642/1154/1133 650/1155/1134 643/1150/1129
f 643/1150/1129 650/1155/1134 651/1156/1135
f 643/1150/1129 651/1156/1135 652/1157/1136
f 652/1157/1136 653/1151/1130 643/1150/1129
f 653/1151/1130 654/1158/1137 655/1152/1131
f 657/1147/1126 658/1159/1138 659/1148/1127
f 663/1145/1124 664/1160/1139 645/1143/1122
f 645/1143/1122 664/1160/1139 646/1161/1140
f 649/1162/1141 612/1163/1142 643/1164/1143
f 643/1164/1143 612/1163/1142 611/1165/1144
f 665/1166/1145 666/1167/1146 668/1168/1147
f 668/1168/1147 666/1167/1146 667/1169/1148
f 669/1170/1149 670/1171/1150 672/1172/1151
f 672/1172/1151 670/1171/1150 671/1173/1152
f 673/1174/1153 674/1175/1154 553/1176/1155
f 553/1176/1155 674/1175/1154 554/1177/1156
f 675/1178/1157 676/1179/1158 577/1180/1159
f 577/1180/1159 676/1179/1158 578/1181/1160
f 653/1182/1161 652/1183/1162 678/1184/1163
f 678/1184/1163 652/1183/1162 677/1185/1164
f 654/1186/1165 653/1187/1166 679/1188/1167
f 679/1188/1167 653/1187/1166 678/1189/1168
f 655/1190/1169 654/1191/1170 680/1192/1171
f 680/1192/1171 654/1191/1170 679/1193/1172
f 656/1194/1173 655/1195/1174 681/1196/1175
f 681/1196/1175 655/1195/1174 680/1197/1176
f 657/1198/1177 656/1199/1178 682/1200/1179
f 682/1200/1179 656/1199/1178 681/1201/1180
f 658/1202/1181 657/1203/1182 683/1204/1183
f 683/1204/1183 657/1203/1182 682/1205/1184
f 659/1206/1185 658/1207/1186 684/1208/1187
f 684/1208/1187 658/1207/1186 683/1209/1188
f 660/1210/1189 659/1211/1190 685/1212/1191
f 685/1212/1191 659/1211/1190 684/1213/1192
f 661/1214/1193 660/1215/1194 686/1216/1195
f 686/1216/1195 660/1215/1194 685/1217/1196
f 662/1218/1197 661/1219/1198 687/1220/1199
f 687/1220/1199 661/1219/1198 686/1221/1200
f 663/1222/1201 662/1223/1202 688/1224/1203
f 688/1224/1203 662/1223/1202 687/1225/1204
f 664/1226/1205 663/1227/1206 689/1228/1207
f 689/1228/1207 663/1227/1206 688/1229/1208
f 664/1230/1209 689/1231/1210 646/1232/1211
f 646/1232/1211 689/1231/1210 690/1233/1212
f 646/1232/1211 690/1233/1212 691/1234/1213
f 691/1234/1213 647/1235/1214 646/1232/1211
f 693/1236/1215 683/1237/1216 692/1238/1217
f 692/1238/1217 683/1237/1216 682/1239/1218
f 692/1238/1217 682/1239/1218 681/1240/1219
f 694/1241/1220 687/1242/1221 693/1236/1215
f 693/1236/1215 687/1242/1221 686/1243/1222
f 693/1236/1215 686/1243/1222 685/1244/1223
f 695/1245/1224 689/1246/1225 694/1241/1220
f 694/1241/1220 689/1246/1225 688/1247/1226
f 694/1241/1220 688/1247/1226 687/1242/1221
f 696/1248/1227 710/1249/1228 695/1245/1224
f 695/1245/1224 710/1249/1228 690/1250/1229
f 695/1245/1224 690/1250/1229 689/1246/1225
f 697/1251/1230 708/1252/1231 696/1248/1227
f 696/1248/1227 708/1252/1231 709/1253/1232
f 696/1248/1227 709/1253/1232 710/1249/1228
f 698/1254/1233 704/1255/1234 697/1251/1230
f 697/1251/1230 704/1255/1234 705/1256/1235
f 697/1251/1230 705/1256/1235 706/1257/1236
f 699/1258/1237 702/1259/1238 698/1254/1233
f 698/1254/1233 702/1259/1238 703/1260/1239
f 698/1254/1233 703/1260/1239 704/1255/1234
f 700/1261/1240 677/1262/1241 699/1258/1237
f 699/1258/1237 677/1262/1241 701/1263/1242
f 699/1258/1237 701/1263/1242 702/1259/1238
f 692/1238/1217 681/1240/1219 700/1261/1240
f 700/1261/1240 681/1240/1219 680/1264/1243
f 700/1261/1240 680/1264/1243 679/1265/1244
f 685/1244/1223 684/1266/1245 693/1236/1215
f 693/1236/1215 684/1266/1245 683/1237/1216
f 679/1265/1244 678/1267/1246 700/1261/1240
f 700/1261/1240 678/1267/1246 677/1262/1241
f 706/1257/1236 707/1268/1247 697/1251/1230
f 697/1251/1230 707/1268/1247 708/1252/1231
f 711/1269/1248 691/1270/1249 710/1271/1250
f 710/1271/1250 691/1270/1249 690/1272/1251
f 712/1273/1252 711/1274/1253 709/1275/1254
f 709/1275/1254 711/1274/1253 710/1276/1255
f 713/1277/1256 712/1278/1257 708/1279/1258
f 708/1279/1258 712/1278/1257 709/1280/1259
f 714/1281/1260 713/1282/1261 707/1283/1262
f 707/1283/1262 713/1282/1261 708/1284/1263
f 714/1285/1264 707/1286/1265 715/1287/1266
f 715/1287/1266 707/1286/1265 706/1288/1267
f 716/1289/1268 715/1290/1269 705/1291/1270
f 705/1291/1270 715/1290/1269 706/1292/1271
f 716/1293/1272 705/1294/1273 717/1295/1274
f 717/1295/1274 705/1294/1273 704/1296/1275
f 717/1297/1276 704/1298/1277 718/1299/1278
f 718/1299/1278 704/1298/1277 703/1300/1279
f 650/1301/1280 642/1302/1281 702/1303/1282
f 702/1303/1282 642/1302/1281 703/1304/1283
f 703/1304/1283 642/1302/1281 718/1305/1284
f 718/1305/1284 642/1302/1281 641/1306/1285
f 651/1307/1286 650/1308/1287 701/1309/1288
f 701/1309/1288 650/1308/1287 702/1310/1289
f 652/1311/1290 651/1312/1291 677/1313/1292
f 677/1313/1292 651/1312/1291 701/1314/1293
f 700/1315/1294 620/1316/1295 692/1317/1296
f 692/1317/1296 620/1316/1295 619/1318/1297
f 692/1319/1296 619/1320/1297 693/1321/1298
f 693/1321/1298 619/1320/1297 627/1322/1299
f 693/1321/1298 627/1322/1299 694/1323/1300
f 694/1323/1300 627/1322/1299 626/1324/1301
f 694/1323/1300 626/1324/1301 695/1325/1302
f 695/1325/1302 626/1324/1301 625/1326/1303
f 695/1325/1302 625/1326/1303 696/1327/1304
f 696/1327/1304 625/1326/1303 624/1328/1305
f 696/1327/1304 624/1328/1305 697/1329/1306
f 697/1329/1306 624/1328/1305 623/1330/1307
f 697/1329/1306 623/1330/1307 698/1331/1308
f 698/1331/1308 623/1330/1307 622/1332/1309
f 698/1331/1308 622/1332/1309 699/1333/1310
f 699/1333/1310 622/1332/1309 621/1334/1311
f 699/1333/1310 621/1334/1311 700/1315/1294
f 700/1315/1294 621/1334/1311 620/1316/1295
f 641/1335/1312 753/1336/1313 718/1337/1314
f 718/1337/1314 753/1336/1313 716/1338/1315
f 718/1337/1314 716/1338/1315 717/1339/1316
f 640/1340/1317 741/1341/1318 641/1335/1312
f 641/1335/1312 741/1341/1318 752/1342/1319
f 641/1335/1312 752/1342/1319 753/1336/1313
f 741/1341/1318 640/1340/1317 740/1343/1320
f 740/1343/1320 640/1340/1317 719/1344/1321
f 740/1343/1320 719/1344/1321 737/1345/1322
f 737/1345/1322 719/1344/1321 721/1346/1323
f 737/1345/1322 721/1346/1323 723/1347/1324
f 723/1347/1324 721/1346/1323 722/1348/1325
f 719/1344/1321 720/1349/1326 721/1346/1323
f 724/1350/1327 725/1351/1328 723/1347/1324
f 723/1347/1324 725/1351/1328 736/1352/1329
f 723/1347/1324 736/1352/1329 737/1345/1322
f 726/1353/1330 727/1354/1331 725/1351/1328
f 725/1351/1328 727/1354/1331 729/1355/1332
f 725/1351/1328 729/1355/1332 736/1352/1329
f 736/1352/1329 729/1355/1332 735/1356/1333
f 735/1356/1333 729/1355/1332 730/1357/1334
f 735/1356/1333 730/1357/1334 732/1358/1335
f 732/1358/1335 730/1357/1334 731/1359/1336
f 727/1354/1331 728/1360/1337 729/1355/1332
f 733/1361/1338 734/1362/1339 732/1358/1335
f 732/1358/1335 734/1362/1339 735/1356/1333
f 737/1345/1322 738/1363/1340 740/1343/1320
f 740/1343/1320 738/1363/1340 739/1364/1341
f 741/1341/1318 742/1365/1342 752/1342/1319
f 752/1342/1319 742/1365/1342 751/1366/1343
f 751/1366/1343 742/1365/1342 745/1367/1344
f 751/1366/1343 745/1367/1344 748/1368/1345
f 748/1368/1345 745/1367/1344 746/1369/1346
f 748/1368/1345 746/1369/1346 747/1370/1347
f 743/1371/1348 744/1372/1349 742/1365/1342
f 742/1365/1342 744/1372/1349 745/1367/1344
f 749/1373/1350 750/1374/1351 748/1368/1345
f 748/1368/1345 750/1374/1351 751/1366/1343
f 716/1338/1315 753/1336/1313 756/1375/1352
f 756/1375/1352 753/1336/1313 754/1376/1353
f 756/1375/1352 754/1376/1353 755/1377/1354
f 757/1378/1355 712/1379/1356 756/1375/1352
f 756/1375/1352 712/1379/1356 714/1380/1357
f 756/1375/1352 714/1380/1357 716/1338/1315
f 716/1338/1315 714/1380/1357 715/1381/1358
f 712/1379/1356 757/1378/1355 648/1382/1359
f 648/1382/1359 757/1378/1355 758/1383/1360
f 648/1382/1359 758/1383/1360 763/1384/1361
f 763/1384/1361 758/1383/1360 761/1385/1362
f 763/1384/1361 761/1385/1362 762/1386/1363
f 759/1387/1364 760/1388/1365 758/1383/1360
f 758/1383/1360 760/1388/1365 761/1385/1362
f 647/1389/1366 691/1390/1367 648/1382/1359
f 648/1382/1359 691/1390/1367 712/1379/1356
f 691/1390/1367 711/1391/1368 712/1379/1356
f 712/1379/1356 713/1392/1369 714/1380/1357
f 644/1393/1370 613/1394/1371 649/1395/1372
f 649/1395/1372 613/1394/1371 612/1396/1373
f 764/1397/1374 765/1398/1375 767/1399/1376
f 767/1399/1376 765/1398/1375 766/1400/1377
f 765/1401/1378 768/1402/1379 766/1403/1380
f 766/1403/1380 768/1402/1379 769/1404/1381
f 768/1405/1382 770/1406/1383 769/1407/1384
f 769/1407/1384 770/1406/1383 771/1408/1385
f 770/1409/1386 772/1410/1387 771/1411/1388
f 771/1411/1388 772/1410/1387 773/1412/1389
f 772/1413/1390 774/1414/1391 773/1415/1392
f 773/1415/1392 774/1414/1391 775/1416/1393
f 774/1417/1394 776/1418/1395 775/1419/1396
f 775/1419/1396 776/1418/1395 777/1420/1397
f 776/1421/1398 778/1422/1399 777/1423/1400
f 777/1423/1400 778/1422/1399 779/1424/1401
f 778/1425/1402 780/1426/1403 779/1427/1404
f 779/1427/1404 780/1426/1403 781/1428/1405
f 780/1429/1406 782/1430/1407 781/1431/1408
f 781/1431/1408 782/1430/1407 783/1432/1409
f 782/1433/1410 784/1434/1411 783/1435/1412
f 783/1435/1412 784/1434/1411 785/1436/1413
f 784/1437/1414 786/1438/1415 785/1439/1416
f 785/1439/1416 786/1438/1415 787/1440/1417
f 786/1441/1418 788/1442/1419 787/1443/1420
f 787/1443/1420 788/1442/1419 789/1444/1421
f 788/1445/1422 790/1446/1423 789/1447/1424
f 789/1447/1424 790/1446/1423 791/1448/1425
f 566/1449/1426 792/1450/1427 567/1451/1428
f 567/1451/1428 792/1450/1427 791/1452/1429
f 567/1451/1428 791/1452/1429 790/1453/1430
f 565/1454/1431 793/1455/1432 566/1456/1433
f 566/1456/1433 793/1455/1432 792/1457/1434
f 564/1458/1435 794/1459/1436 565/1460/1437
f 565/1460/1437 794/1459/1436 793/1461/1438
f 795/1462/1439 794/1463/1440 563/1464/1441
f 563/1464/1441 794/1463/1440 564/1465/1442
f 562/1466/1443 796/1467/1444 563/1468/1445
f 563/1468/1445 796/1467/1444 795/1469/1446
f 797/1470/1447 796/1471/1448 561/1472/1449
f 561/1472/1449 796/1471/1448 562/1473/1450
f 798/1474/1451 797/1475/1452 560/1476/1453
f 560/1476/1453 797/1475/1452 561/1477/1454
f 799/1478/1455 798/1479/1456 559/1480/1457
f 559/1480/1457 798/1479/1456 560/1481/1458
f 800/1482/1459 799/1483/1460 558/1484/1461
f 558/1484/1461 799/1483/1460 559/1485/1462
f 801/1486/1463 802/1487/1464 557/1488/1465
f 557/1488/1465 802/1487/1464 800/1489/1466
f 557/1488/1465 800/1489/1466 558/1490/1467
f 801/1491/1468 764/1492/1469 802/1493/1470
f 802/1493/1470 764/1492/1469 767/1494/1471
f 804/1495/1472 795/1496/1473 803/1497/1474
f 803/1497/1474 795/1496/1473 796/1498/1475
f 803/1497/1474 796/1498/1475 797/1499/1476
f 805/1500/1477 791/1501/1478 804/1495/1472
f 804/1495/1472 791/1501/1478 792/1502/1479
f 804/1495/1472 792/1502/1479 793/1503/1480
f 806/1504/1481 787/1505/1482 805/1500/1477
f 805/1500/1477 787/1505/1482 789/1506/1483
f 805/1500/1477 789/1506/1483 791/1501/1478
f 807/1507/1484 783/1508/1485 806/1504/1481
f 806/1504/1481 783/1508/1485 785/1509/1486
f 806/1504/1481 785/1509/1486 787/1505/1482
f 808/1510/1487 779/1511/1488 807/1507/1484
f 807/1507/1484 779/1511/1488 781/1512/1489
f 807/1507/1484 781/1512/1489 783/1508/1485
f 809/1513/1490 771/1514/1491 808/1510/1487
f 808/1510/1487 771/1514/1491 773/1515/1492
f 808/1510/1487 773/1515/1492 775/1516/1493
f 810/1517/1494 766/1518/1495 809/1513/1490
f 809/1513/1490 766/1518/1495 769/1519/1496
f 809/1513/1490 769/1519/1496 771/1514/1491
f 811/1520/1497 802/1521/1498 810/1517/1494
f 810/1517/1494 802/1521/1498 767/1522/1499
f 810/1517/1494 767/1522/1499 766/1518/1495
f 803/1497/1474 797/1499/1476 811/1520/1497
f 811/1520/1497 797/1499/1476 798/1523/1500
f 811/1520/1497 798/1523/1500 799/1524/1501
f 775/1516/1493 777/1525/1502 808/1510/1487
f 808/1510/1487 777/1525/1502 779/1511/1488
f 793/1503/1480 794/1526/1503 804/1495/1472
f 804/1495/1472 794/1526/1503 795/1496/1473
f 799/1524/1501 800/1527/1504 811/1520/1497
f 811/1520/1497 800/1527/1504 802/1521/1498
f 811/1528/1505 820/1529/1506 803/1530/1507
f 803/1530/1507 820/1529/1506 812/1531/1508
f 803/1532/1507 812/1533/1508 804/1534/1509
f 804/1534/1509 812/1533/1508 813/1535/1510
f 804/1534/1509 813/1535/1510 805/1536/1511
f 805/1536/1511 813/1535/1510 814/1537/1512
f 805/1536/1511 814/1537/1512 806/1538/1513
f 806/1538/1513 814/1537/1512 815/1539/1514
f 806/1538/1513 815/1539/1514 807/1540/1515
f 807/1540/1515 815/1539/1514 816/1541/1516
f 807/1540/1515 816/1541/1516 808/1542/1517
f 808/1542/1517 816/1541/1516 817/1543/1518
f 808/1542/1517 817/1543/1518 809/1544/1519
f 809/1544/1519 817/1543/1518 818/1545/1520
f 809/1544/1519 818/1545/1520 810/1546/1521
f 810/1546/1521 818/1545/1520 819/1547/1522
f 810/1546/1521 819/1547/1522 811/1528/1505
f 811/1528/1505 819/1547/1522 820/1529/1506
f 821/1548/1523 822/1549/1524 824/1550/1525
f 824/1550/1525 822/1549/1524 823/1551/1526
f 825/1552/1527 821/1553/1528 826/1554/1529
f 826/1554/1529 821/1553/1528 824/1555/1530
f 827/1556/1531 825/1557/1532 828/1558/1533
f 828/1558/1533 825/1557/1532 826/1559/1534
f 829/1560/1535 827/1561/1536 830/1562/1537
f 830/1562/1537 827/1561/1536 828/1563/1538
f 831/1564/1539 829/1565/1540 832/1566/1541
f 832/1566/1541 829/1565/1540 830/1567/1542
f 833/1568/1543 831/1569/1544 834/1570/1545
f 834/1570/1545 831/1569/1544 832/1571/1546
f 835/1572/1547 833/1573/1548 836/1574/1549
f 836/1574/1549 833/1573/1548 834/1575/1550
f 837/1576/1551 835/1577/1552 838/1578/1553
f 838/1578/1553 835/1577/1552 836/1579/1554
f 839/1580/1555 837/1581/1556 840/1582/1557
f 840/1582/1557 837/1581/1556 838/1583/1558
f 841/1584/1559 839/1585/1560 842/1586/1561
f 842/1586/1561 839/1585/1560 840/1587/1562
f 843/1588/1563 841/1589/1564 844/1590/1565
f 844/1590/1565 841/1589/1564 842/1591/1566
f 845/1592/1567 843/1593/1568 846/1594/1569
f 846/1594/1569 843/1593/1568 844/1595/1570
f 845/1596/1571 846/1597/1572 639/1598/1573
f 639/1598/1573 846/1597/1572 847/1599/1574
f 639/1598/1573 847/1599/1574 719/1600/1575
f 719/1600/1575 640/1601/1576 639/1598/1573
f 849/1602/1577 834/1603/1578 848/1604/1579
f 848/1604/1579 834/1603/1578 832/1605/1580
f 848/1604/1579 832/1605/1580 830/1606/1581
f 850/1607/1582 842/1608/1583 849/1602/1577
f 849/1602/1577 842/1608/1583 840/1609/1584
f 849/1602/1577 840/1609/1584 838/1610/1585
f 851/1611/1586 846/1612/1587 850/1607/1582
f 850/1607/1582 846/1612/1587 844/1613/1588
f 850/1607/1582 844/1613/1588 842/1608/1583
f 852/1614/1589 866/1615/1590 851/1611/1586
f 851/1611/1586 866/1615/1590 847/1616/1591
f 851/1611/1586 847/1616/1591 846/1612/1587
f 853/1617/1592 864/1618/1593 852/1614/1589
f 852/1614/1589 864/1618/1593 865/1619/1594
f 852/1614/1589 865/1619/1594 866/1615/1590
f 854/1620/1595 860/1621/1596 853/1617/1592
f 853/1617/1592 860/1621/1596 861/1622/1597
f 853/1617/1592 861/1622/1597 862/1623/1598
f 855/1624/1599 858/1625/1600 854/1620/1595
f 854/1620/1595 858/1625/1600 859/1626/1601
f 854/1620/1595 859/1626/1601 860/1621/1596
f 856/1627/1602 823/1628/1603 855/1624/1599
f 855/1624/1599 823/1628/1603 857/1629/1604
f 855/1624/1599 857/1629/1604 858/1625/1600
f 848/1604/1579 830/1606/1581 856/1627/1602
f 856/1627/1602 830/1606/1581 828/1630/1605
f 856/1627/1602 828/1630/1605 826/1631/1606
f 838/1610/1585 836/1632/1607 849/1602/1577
f 849/1602/1577 836/1632/1607 834/1603/1578
f 826/1631/1606 824/1633/1608 856/1627/1602
f 856/1627/1602 824/1633/1608 823/1628/1603
f 862/1623/1598 863/1634/1609 853/1617/1592
f 853/1617/1592 863/1634/1609 864/1618/1593
f 720/1635/1610 719/1636/1611 866/1637/1612
f 866/1637/1612 719/1636/1611 847/1638/1613
f 721/1639/1614 720/1640/1615 865/1641/1616
f 865/1641/1616 720/1640/1615 866/1642/1617
f 722/1643/1618 721/1644/1619 864/1645/1620
f 864/1645/1620 721/1644/1619 865/1646/1621
f 723/1647/1622 722/1648/1623 863/1649/1624
f 863/1649/1624 722/1648/1623 864/1650/1625
f 723/1651/1626 863/1652/1627 724/1653/1628
f 724/1653/1628 863/1652/1627 862/1654/1629
f 725/1655/1630 724/1656/1631 861/1657/1632
f 861/1657/1632 724/1656/1631 862/1658/1633
f 725/1659/1634 861/1660/1635 726/1661/1636
f 726/1661/1636 861/1660/1635 860/1662/1637
f 726/1663/1638 860/1664/1639 727/1665/1640
f 727/1665/1640 860/1664/1639 859/1666/1641
f 867/1667/1642 868/1668/1643 858/1669/1644
f 858/1669/1644 868/1668/1643 859/1670/1645
f 859/1670/1645 868/1668/1643 727/1671/1646
f 727/1671/1646 868/1668/1643 728/1672/1647
f 869/1673/1648 867/1674/1649 857/1675/1650
f 857/1675/1650 867/1674/1649 858/1676/1651
f 822/1677/1652 869/1678/1653 823/1679/1654
f 823/1679/1654 869/1678/1653 857/1680/1655
f 637/1681/1656 839/1682/1657 638/1683/1658
f 638/1683/1658 839/1682/1657 841/1684/1659
f 638/1683/1658 841/1684/1659 843/1685/1660
f 870/1686/1661 831/1687/1662 637/1681/1656
f 637/1681/1656 831/1687/1662 835/1688/1663
f 637/1681/1656 835/1688/1663 839/1682/1657
f 839/1682/1657 835/1688/1663 837/1689/1664
f 871/1690/1665 821/1691/1666 870/1686/1661
f 870/1686/1661 821/1691/1666 825/1692/1667
f 870/1686/1661 825/1692/1667 827/1693/1668
f 868/1694/1669 867/1695/1670 871/1690/1665
f 871/1690/1665 867/1695/1670 869/1696/1671
f 871/1690/1665 869/1696/1671 822/1697/1672
f 822/1697/1672 821/1691/1666 871/1690/1665
f 829/1698/1673 831/1687/1662 827/1693/1668
f 827/1693/1668 831/1687/1662 870/1686/1661
f 831/1687/1662 833/1699/1674 835/1688/1663
f 843/1685/1660 845/1700/1675 638/1683/1658
f 638/1683/1658 845/1700/1675 639/1701/1676
f 856/1702/1677 629/1703/1678 848/1704/1679
f 848/1704/1679 629/1703/1678 628/1705/1680
f 848/1706/1679 628/1707/1680 849/1708/1681
f 849/1708/1681 628/1707/1680 636/1709/1682
f 849/1708/1681 636/1709/1682 850/1710/1683
f 850/1710/1683 636/1709/1682 635/1711/1684
f 850/1710/1683 635/1711/1684 851/1712/1685
f 851/1712/1685 635/1711/1684 634/1713/1686
f 851/1712/1685 634/1713/1686 852/1714/1687
f 852/1714/1687 634/1713/1686 633/1715/1688
f 852/1714/1687 633/1715/1688 853/1716/1689
f 853/1716/1689 633/1715/1688 632/1717/1690
f 853/1716/1689 632/1717/1690 854/1718/1691
f 854/1718/1691 632/1717/1690 631/1719/1692
f 854/1718/1691 631/1719/1692 855/1720/1693
f 855/1720/1693 631/1719/1692 630/1721/1694
f 855/1720/1693 630/1721/1694 856/1702/1677
f 856/1702/1677 630/1721/1694 629/1703/1678
f 728/1722/1695 868/1723/1696 729/1724/1697
f 729/1724/1697 868/1723/1696 871/1725/1698
f 637/1726/1699 609/1727/1700 870/1728/1701
f 870/1728/1701 609/1727/1700 618/1729/1702
f 524/1730/1703 768/1731/1704 525/1732/1705
f 525/1732/1705 768/1731/1704 765/1733/1706
f 525/1732/1705 765/1733/1706 764/1734/1707
f 872/1735/1708 776/1736/1709 524/1730/1703
f 524/1730/1703 776/1736/1709 772/1737/1710
f 524/1730/1703 772/1737/1710 768/1731/1704
f 768/1731/1704 772/1737/1710 770/1738/1711
f 568/1739/1712 784/1740/1713 872/1735/1708
f 872/1735/1708 784/1740/1713 780/1741/1714
f 872/1735/1708 780/1741/1714 776/1736/1709
f 776/1736/1709 780/1741/1714 778/1742/1715
f 567/1743/1716 790/1744/1717 568/1739/1712
f 568/1739/1712 790/1744/1717 788/1745/1718
f 568/1739/1712 788/1745/1718 786/1746/1719
f 786/1746/1719 784/1740/1713 568/1739/1712
f 784/1740/1713 782/1747/1720 780/1741/1714
f 776/1736/1709 774/1748/1721 772/1737/1710
f 801/1749/1722 557/1750/1723 764/1734/1707
f 764/1734/1707 557/1750/1723 525/1732/1705
f 606/1751/1724 605/1752/1725 874/1753/1726
f 874/1753/1726 605/1752/1725 873/1754/1727
f 605/1755/1728 604/1756/1729 873/1757/1730
f 873/1757/1730 604/1756/1729 875/1758/1731
f 604/1759/1732 603/1760/1733 875/1761/1734
f 875/1761/1734 603/1760/1733 876/1762/1735
f 603/1763/1736 602/1764/1737 876/1765/1738
f 876/1765/1738 602/1764/1737 877/1766/1739
f 602/1767/1740 601/1768/1741 877/1769/1742
f 877/1769/1742 601/1768/1741 878/1770/1743
f 601/1771/1744 600/1772/1745 878/1773/1746
f 878/1773/1746 600/1772/1745 879/1774/1747
f 600/1775/1748 599/1776/1749 879/1777/1750
f 879/1777/1750 599/1776/1749 880/1778/1751
f 599/1779/1752 598/1780/1753 880/1781/1754
f 880/1781/1754 598/1780/1753 881/1782/1755
f 598/1783/1756 597/1784/1757 881/1785/1758
f 881/1785/1758 597/1784/1757 882/1786/1759
f 597/1787/1760 596/1788/1761 882/1789/1762
f 882/1789/1762 596/1788/1761 883/1790/1763
f 596/1791/1764 595/1792/1765 883/1793/1766
f 883/1793/1766 595/1792/1765 884/1794/1767
f 595/1795/1768 594/1796/1769 884/1797/1770
f 884/1797/1770 594/1796/1769 885/1798/1771
f 594/1799/1772 593/1800/1773 885/1801/1774
f 885/1801/1774 593/1800/1773 886/1802/1775
f 591/1803/1776 887/1804/1777 592/1805/1778
f 592/1805/1778 887/1804/1777 886/1806/1779
f 592/1805/1778 886/1806/1779 593/1807/1780
f 590/1808/1781 888/1809/1782 591/1810/1783
f 591/1810/1783 888/1809/1782 887/1811/1784
f 589/1812/1785 889/1813/1786 590/1814/1787
f 590/1814/1787 889/1813/1786 888/1815/1788
f 890/1816/1789 889/1817/1790 588/1818/1791
f 588/1818/1791 889/1817/1790 589/1819/1792
f 587/1820/1793 891/1821/1794 588/1822/1795
f 588/1822/1795 891/1821/1794 890/1823/1796
f 892/1824/1797 891/1825/1798 586/1826/1799
f 586/1826/1799 891/1825/1798 587/1827/1800
f 893/1828/1801 892/1829/1802 585/1830/1803
f 585/1830/1803 892/1829/1802 586/1831/1804
f 894/1832/1805 893/1833/1806 584/1834/1807
f 584/1834/1807 893/1833/1806 585/1835/1808
f 895/1836/1809 894/1837/1810 583/1838/1811
f 583/1838/1811 894/1837/1810 584/1839/1812
f 607/1840/1813 896/1841/1814 582/1842/1815
f 582/1842/1815 896/1841/1814 895/1843/1816
f 582/1842/1815 895/1843/1816 583/1844/1817
f 607/1845/1818 606/1846/1819 896/1847/1820
f 896/1847/1820 606/1846/1819 874/1848/1821
f 898/1849/1822 890/1850/1823 897/1851/1824
f 897/1851/1824 890/1850/1823 891/1852/1825
f 897/1851/1824 891/1852/1825 892/1853/1826
f 899/1854/1827 886/1855/1828 898/1849/1822
f 898/1849/1822 886/1855/1828 887/1856/1829
f 898/1849/1822 887/1856/1829 888/1857/1830
f 900/1858/1831 884/1859/1832 899/1854/1827
f 899/1854/1827 884/1859/1832 885/1860/1833
f 899/1854/1827 885/1860/1833 886/1855/1828
f 901/1861/1834 882/1862/1835 900/1858/1831
f 900/1858/1831 882/1862/1835 883/1863/1836
f 900/1858/1831 883/1863/1836 884/1859/1832
f 902/1864/1837 880/1865/1838 901/1861/1834
f 901/1861/1834 880/1865/1838 881/1866/1839
f 901/1861/1834 881/1866/1839 882/1862/1835
f 903/1867/1840 876/1868/1841 902/1864/1837
f 902/1864/1837 876/1868/1841 877/1869/1842
f 902/1864/1837 877/1869/1842 878/1870/1843
f 904/1871/1844 873/1872/1845 903/1867/1840
f 903/1867/1840 873/1872/1845 875/1873/1846
f 903/1867/1840 875/1873/1846 876/1868/1841
f 905/1874/1847 896/1875/1848 904/1871/1844
f 904/1871/1844 896/1875/1848 874/1876/1849
f 904/1871/1844 874/1876/1849 873/1872/1845
f 897/1851/1824 892/1853/1826 905/1874/1847
f 905/1874/1847 892/1853/1826 893/1877/1850
f 905/1874/1847 893/1877/1850 894/1878/1851
f 878/1870/1843 879/1879/1852 902/1864/1837
f 902/1864/1837 879/1879/1852 880/1865/1838
f 888/1857/1830 889/1880/1853 898/1849/1822
f 898/1849/1822 889/1880/1853 890/1850/1823
f 894/1878/1851 895/1881/1854 905/1874/1847
f 905/1874/1847 895/1881/1854 896/1875/1848
f 905/1882/1855 914/1883/1856 897/1884/1857
f 897/1884/1857 914/1883/1856 906/1885/1858
f 897/1886/1857 906/1887/1858 898/1888/1859
f 898/1888/1859 906/1887/1858 907/1889/1860
f 898/1888/1859 907/1889/1860 899/1890/1861
f 899/1890/1861 907/1889/1860 908/1891/1862
f 899/1890/1861 908/1891/1862 900/1892/1863
f 900/1892/1863 908/1891/1862 909/1893/1864
f 900/1892/1863 909/1893/1864 901/1894/1865
f 901/1894/1865 909/1893/1864 910/1895/1866
f 901/1894/1865 910/1895/1866 902/1896/1867
f 902/1896/1867 910/1895/1866 911/1897/1868
f 902/1896/1867 911/1897/1868 903/1898/1869
f 903/1898/1869 911/1897/1868 912/1899/1870
f 903/1898/1869 912/1899/1870 904/1900/1871
f 904/1900/1871 912/1899/1870 913/1901/1872
f 904/1900/1871 913/1901/1872 905/1882/1855
f 905/1882/1855 913/1901/1872 914/1883/1856
f 820/1902/1873 906/1903/1874 812/1904/1875
f 812/1904/1875 906/1903/1874 918/1905/1876
f 812/1904/1875 918/1905/1876 919/1906/1877
f 906/1903/1874 820/1902/1873 907/1907/1878
f 907/1907/1878 820/1902/1873 819/1908/1879
f 907/1907/1878 819/1908/1879 908/1909/1880
f 908/1909/1880 819/1908/1879 909/1910/1881
f 909/1910/1881 819/1908/1879 818/1911/1882
f 909/1910/1881 818/1911/1882 910/1912/1883
f 910/1912/1883 818/1911/1882 817/1913/1884
f 910/1912/1883 817/1913/1884 915/1914/1885
f 915/1914/1885 817/1913/1884 922/1915/1886
f 922/1915/1886 817/1913/1884 523/1916/1887
f 922/1915/1886 523/1916/1887 921/1917/1888
f 921/1917/1888 523/1916/1887 522/1918/1889
f 523/1916/1887 817/1913/1884 920/1919/1890
f 920/1919/1890 817/1913/1884 816/1920/1891
f 920/1919/1890 816/1920/1891 815/1921/1892
f 920/1919/1890 815/1921/1892 919/1906/1877
f 919/1906/1877 815/1921/1892 814/1922/1893
f 919/1906/1877 814/1922/1893 813/1923/1894
f 813/1923/1894 812/1904/1875 919/1906/1877
f 906/1903/1874 914/1924/1895 918/1905/1876
f 918/1905/1876 914/1924/1895 913/1925/1896
f 918/1905/1876 913/1925/1896 912/1926/1897
f 918/1905/1876 912/1926/1897 917/1927/1898
f 917/1927/1898 912/1926/1897 911/1928/1899
f 917/1927/1898 911/1928/1899 910/1912/1883
f 910/1912/1883 915/1914/1885 496/1929/1900
f 496/1929/1900 915/1914/1885 916/1930/1901
f 496/1929/1900 916/1930/1901 497/1931/1902
f 496/1929/1900 917/1927/1898 910/1912/1883
f 927/1932/1903 502/1933/1904 926/1934/1905
f 926/1934/1905 502/1933/1904 501/1935/1906
f 926/1934/1905 501/1935/1906 925/1936/1907
f 925/1936/1907 501/1935/1906 500/1937/1908
f 925/1936/1907 500/1937/1908 924/1938/1909
f 924/1938/1909 500/1937/1908 499/1939/1910
f 924/1938/1909 499/1939/1910 923/1940/1911
f 923/1940/1911 499/1939/1910 498/1941/1912
f 923/1940/1911 498/1941/1912 916/1942/1913
f 916/1942/1913 498/1941/1912 497/1943/1914
f 492/1944/1915 936/1945/1916 484/1946/1917
f 484/1946/1917 936/1945/1916 928/1947/1918
f 484/1948/1917 928/1949/1918 485/1950/1919
f 485/1950/1919 928/1949/1918 929/1951/1920
f 485/1950/1919 929/1951/1920 486/1952/1921
f 486/1952/1921 929/1951/1920 930/1953/1922
f 486/1952/1921 930/1953/1922 487/1954/1923
f 487/1954/1923 930/1953/1922 931/1955/1924
f 487/1954/1923 931/1955/1924 488/1956/1925
f 488/1956/1925 931/1955/1924 932/1957/1926
f 488/1956/1925 932/1957/1926 489/1958/1927
f 489/1958/1927 932/1957/1926 933/1959/1928
f 489/1958/1927 933/1959/1928 490/1960/1929
f 490/1960/1929 933/1959/1928 934/1961/1930
f 490/1960/1929 934/1961/1930 491/1962/1931
f 491/1962/1931 934/1961/1930 935/1963/1932
f 491/1962/1931 935/1963/1932 492/1944/1915
f 492/1944/1915 935/1963/1932 936/1945/1916
f 927/1964/1933 926/1965/1934 536/1966/1935
f 536/1966/1935 926/1965/1934 936/1967/1936
f 536/1966/1935 936/1967/1936 935/1968/1937
f 926/1965/1934 925/1969/1938 936/1967/1936
f 936/1967/1936 925/1969/1938 928/1970/1939
f 928/1970/1939 925/1969/1938 924/1971/1940
f 928/1970/1939 924/1971/1940 929/1972/1941
f 929/1972/1941 924/1971/1940 923/1973/1942
f 929/1972/1941 923/1973/1942 915/1974/1943
f 915/1974/1943 923/1973/1942 916/1975/1944
f 929/1972/1941 915/1974/1943 930/1976/1945
f 930/1976/1945 915/1974/1943 937/1977/1946
f 930/1976/1945 937/1977/1946 931/1978/1947
f 931/1978/1947 937/1977/1946 932/1979/1948
f 932/1979/1948 937/1977/1946 537/1980/1949
f 932/1979/1948 537/1980/1949 933/1981/1950
f 933/1981/1950 537/1980/1949 934/1982/1951
f 934/1982/1951 537/1980/1949 935/1968/1937
f 935/1968/1937 537/1980/1949 536/1966/1935
f 939/1983/1952 955/1984/1953 938/1985/1954
f 938/1985/1954 955/1984/1953 947/1986/1955
f 938/1987/1954 947/1988/1955 946/1989/1956
f 946/1989/1956 947/1988/1955 948/1990/1957
f 946/1989/1956 948/1990/1957 945/1991/1958
f 945/1991/1958 948/1990/1957 949/1992/1959
f 945/1991/1958 949/1992/1959 944/1993/1960
f 944/1993/1960 949/1992/1959 950/1994/1961
f 944/1993/1960 950/1994/1961 943/1995/1962
f 943/1995/1962 950/1994/1961 951/1996/1963
f 943/1995/1962 951/1996/1963 942/1997/1964
f 942/1997/1964 951/1996/1963 952/1998/1965
f 942/1997/1964 952/1998/1965 941/1999/1966
f 941/1999/1966 952/1998/1965 953/2000/1967
f 941/1999/1966 953/2000/1967 940/2001/1968
f 940/2001/1968 953/2000/1967 954/2002/1969
f 940/2001/1968 954/2002/1969 939/1983/1952
f 939/1983/1952 954/2002/1969 955/1984/1953
f 502/2003/1970 927/2004/1971 503/2005/1972
f 503/2005/1972 927/2004/1971 536/2006/1973
f 959/2007/1974 541/2008/1975 958/2009/1976
f 958/2009/1976 541/2008/1975 540/2010/1977
f 958/2009/1976 540/2010/1977 957/2011/1978
f 957/2011/1978 540/2010/1977 539/2012/1979
f 957/2011/1978 539/2012/1979 956/2013/1980
f 956/2013/1980 539/2012/1979 538/2014/1981
f 956/2013/1980 538/2014/1981 937/2015/1946
f 937/2015/1946 538/2014/1981 537/2016/1949
f 496/2017/1982 495/2018/1983 917/2019/1984
f 917/2019/1984 495/2018/1983 608/2020/1985
f 922/2021/1986 960/2022/1987 915/2023/1988
f 915/2023/1988 960/2022/1987 937/2024/1989
f 937/2024/1989 960/2022/1987 959/2025/1990
f 937/2024/1989 959/2025/1990 956/2026/1991
f 956/2026/1991 959/2025/1990 957/2027/1992
f 957/2027/1992 959/2025/1990 958/2028/1993
f 959/2025/1990 960/2022/1987 964/2029/1994
f 964/2029/1994 960/2022/1987 961/2030/1995
f 964/2029/1994 961/2030/1995 962/2031/1996
f 962/2031/1996 963/2032/1997 964/2029/1994
f 921/2033/1998 522/2034/1999 969/2035/2000
f 969/2035/2000 522/2034/1999 521/2036/2001
f 969/2035/2000 521/2036/2001 968/2037/2002
f 968/2037/2002 521/2036/2001 520/2038/2003
f 968/2037/2002 520/2038/2003 967/2039/2004
f 967/2039/2004 520/2038/2003 519/2040/2005
f 967/2039/2004 519/2040/2005 966/2041/2006
f 966/2041/2006 519/2040/2005 518/2042/2007
f 966/2041/2006 518/2042/2007 965/2043/2008
f 965/2043/2008 518/2042/2007 517/2044/2009
f 535/2045/2010 978/2046/2011 527/2047/2012
f 527/2047/2012 978/2046/2011 970/2048/2013
f 527/2049/2012 970/2050/2013 528/2051/2014
f 528/2051/2014 970/2050/2013 971/2052/2015
f 528/2051/2014 971/2052/2015 529/2053/2016
f 529/2053/2016 971/2052/2015 972/2054/2017
f 529/2053/2016 972/2054/2017 530/2055/2018
f 530/2055/2018 972/2054/2017 973/2056/2019
f 530/2055/2018 973/2056/2019 531/2057/2020
f 531/2057/2020 973/2056/2019 974/2058/2021
f 531/2057/2020 974/2058/2021 532/2059/2022
f 532/2059/2022 974/2058/2021 975/2060/2023
f 532/2059/2022 975/2060/2023 533/2061/2024
f 533/2061/2024 975/2060/2023 976/2062/2025
f 533/2061/2024 976/2062/2025 534/2063/2026
f 534/2063/2026 976/2062/2025 977/2064/2027
f 534/2063/2026 977/2064/2027 535/2045/2010
f 535/2045/2010 977/2064/2027 978/2046/2011
f 921/2065/2028 969/2066/2029 922/2067/2030
f 922/2067/2030 969/2066/2029 978/2068/2031
f 922/2067/2030 978/2068/2031 977/2069/2032
f 969/2066/2029 968/2070/2033 978/2068/2031
f 978/2068/2031 968/2070/2033 970/2071/2034
f 970/2071/2034 968/2070/2033 967/2072/2035
f 970/2071/2034 967/2072/2035 971/2073/2036
f 971/2073/2036 967/2072/2035 966/2074/2037
f 971/2073/2036 966/2074/2037 547/2075/2038
f 547/2075/2038 966/2074/2037 965/2076/2039
f 971/2073/2036 547/2075/2038 972/2077/2040
f 972/2077/2040 547/2075/2038 546/2078/2041
f 972/2077/2040 546/2078/2041 973/2079/2042
f 973/2079/2042 546/2078/2041 974/2080/2043
f 974/2080/2043 546/2078/2041 975/2081/2044
f 975/2081/2044 546/2078/2041 960/2082/2045
f 975/2081/2044 960/2082/2045 976/2083/2046
f 976/2083/2046 960/2082/2045 977/2069/2032
f 977/2069/2032 960/2082/2045 922/2067/2030
f 980/2084/2047 996/2085/2048 979/2086/2049
f 979/2086/2049 996/2085/2048 988/2087/2050
f 979/2088/2049 988/2089/2050 987/2090/2051
f 987/2090/2051 988/2089/2050 989/2091/2052
f 987/2090/2051 989/2091/2052 986/2092/2053
f 986/2092/2053 989/2091/2052 990/2093/2054
f 986/2092/2053 990/2093/2054 985/2094/2055
f 985/2094/2055 990/2093/2054 991/2095/2056
f 985/2094/2055 991/2095/2056 984/2096/2057
f 984/2096/2057 991/2095/2056 992/2097/2058
f 984/2096/2057 992/2097/2058 983/2098/2059
f 983/2098/2059 992/2097/2058 993/2099/2060
f 983/2098/2059 993/2099/2060 982/2100/2061
f 982/2100/2061 993/2099/2060 994/2101/2062
f 982/2100/2061 994/2101/2062 981/2102/2063
f 981/2102/2063 994/2101/2062 995/2103/2064
f 981/2102/2063 995/2103/2064 980/2084/2047
f 980/2084/2047 995/2103/2064 996/2085/2048
f 998/2104/2065 1012/2105/2066 997/2106/2067
f 997/2106/2067 1012/2105/2066 1013/2107/2068
f 997/2106/2067 1013/2107/2068 1005/2108/2069
f 1005/2108/2069 1013/2107/2068 1014/2109/2070
f 1005/2108/2069 1014/2109/2070 1004/2110/2071
f 1004/2110/2071 1014/2109/2070 1006/2111/2072
f 1004/2110/2071 1006/2111/2072 1003/2112/2073
f 1003/2113/2073 1006/2114/2072 1007/2115/2074
f 1003/2113/2073 1007/2115/2074 1002/2116/2075
f 1002/2116/2075 1007/2115/2074 1008/2117/2076
f 1002/2116/2075 1008/2117/2076 1001/2118/2077
f 1001/2118/2077 1008/2117/2076 1009/2119/2078
f 1001/2118/2077 1009/2119/2078 1000/2120/2079
f 1000/2120/2079 1009/2119/2078 1010/2121/2080
f 1000/2120/2079 1010/2121/2080 999/2122/2081
f 999/2122/2081 1010/2121/2080 1011/2123/2082
f 999/2122/2081 1011/2123/2082 998/2104/2065
f 998/2104/2065 1011/2123/2082 1012/2105/2066
f 965/2124/2083 517/2125/2084 547/2126/2085
f 547/2126/2085 517/2125/2084 516/2127/2086
f 960/2128/2045 546/2129/2041 961/2130/2087
f 961/2130/2087 546/2129/2041 545/2131/2088
f 961/2130/2087 545/2131/2088 962/2132/2089
f 962/2132/2089 545/2131/2088 544/2133/2090
f 962/2132/2089 544/2133/2090 963/2134/2091
f 963/2134/2091 544/2133/2090 543/2135/2092
f 963/2134/2091 543/2135/2092 964/2136/2093
f 964/2136/2093 543/2135/2092 542/2137/2094
f 1014/2138/2095 948/2139/2096 1006/2140/2097
f 1006/2140/2097 948/2139/2096 947/2141/2098
f 1006/2140/2097 947/2141/2098 1007/2142/2099
f 1007/2142/2099 947/2141/2098 955/2143/2100
f 1007/2142/2099 955/2143/2100 1008/2144/2101
f 1008/2144/2101 955/2143/2100 954/2145/2102
f 1008/2144/2101 954/2145/2102 959/2146/1974
f 959/2146/1974 954/2145/2102 953/2147/2103
f 959/2146/1974 953/2147/2103 952/2148/2104
f 948/2139/2096 1014/2138/2095 949/2149/2105
f 949/2149/2105 1014/2138/2095 1013/2150/2106
f 949/2149/2105 1013/2150/2106 541/2151/1975
f 541/2151/1975 1013/2150/2106 542/2152/2094
f 542/2152/2094 1013/2150/2106 1012/2153/2107
f 542/2152/2094 1012/2153/2107 995/2154/2108
f 995/2154/2108 1012/2153/2107 996/2155/2109
f 996/2155/2109 1012/2153/2107 1011/2156/2110
f 996/2155/2109 1011/2156/2110 988/2157/2111
f 988/2157/2111 1011/2156/2110 1010/2158/2112
f 988/2157/2111 1010/2158/2112 989/2159/2113
f 989/2159/2113 1010/2158/2112 1009/2160/2114
f 989/2159/2113 1009/2160/2114 990/2161/2115
f 990/2161/2115 1009/2160/2114 964/2162/2093
f 990/2161/2115 964/2162/2093 991/2163/2116
f 991/2163/2116 964/2162/2093 992/2164/2117
f 992/2164/2117 964/2162/2093 542/2152/2094
f 992/2164/2117 542/2152/2094 993/2165/2118
f 993/2165/2118 542/2152/2094 994/2166/2119
f 994/2166/2119 542/2152/2094 995/2154/2108
f 1009/2160/2114 1008/2144/2101 964/2162/2093
f 964/2162/2093 1008/2144/2101 959/2146/1974
f 959/2146/1974 952/2148/2104 541/2151/1975
f 541/2151/1975 952/2148/2104 951/2167/2120
f 541/2151/1975 951/2167/2120 950/2168/2121
f 950/2168/2121 949/2149/2105 541/2151/1975
f 524/2169/2122 523/2170/2123 872/2171/2124
f 872/2171/2124 523/2170/2123 920/2172/2125
f 483/2173/879 942/2174/2126 474/2175/880
f 474/2175/880 942/2174/2126 941/2176/2127
f 474/2175/880 941/2176/2127 940/2177/2128
f 511/2178/925 997/2179/2129 483/2173/879
f 483/2173/879 997/2179/2129 945/2180/2130
f 483/2173/879 945/2180/2130 944/2181/2131
f 510/2182/926 984/2183/2132 511/2178/925
f 511/2178/925 984/2183/2132 983/2184/2133
f 511/2178/925 983/2184/2133 982/2185/2134
f 551/2186/2135 986/2187/2136 510/2182/926
f 510/2182/926 986/2187/2136 985/2188/2137
f 510/2182/926 985/2188/2137 984/2183/2132
f 550/2189/2138 574/2190/2139 551/2186/2135
f 551/2186/2135 574/2190/2139 504/2191/2140
f 551/2186/2135 504/2191/2140 1001/2192/2141
f 1001/2192/2141 504/2191/2140 1002/2193/2142
f 1002/2193/2142 504/2191/2140 939/2194/2143
f 1002/2193/2142 939/2194/2143 1003/2195/2144
f 1003/2195/2144 939/2194/2143 938/2196/2145
f 1003/2195/2144 938/2196/2145 1004/2197/2146
f 1004/2197/2146 938/2196/2145 946/2198/2147
f 1004/2197/2146 946/2198/2147 1005/2199/2148
f 1005/2199/2148 946/2198/2147 945/2180/2130
f 1005/2199/2148 945/2180/2130 997/2179/2129
f 570/2200/2149 575/2201/2150 550/2189/2138
f 550/2189/2138 575/2201/2150 574/2190/2139
f 939/2194/2143 504/2191/2140 940/2177/2128
f 940/2177/2128 504/2191/2140 474/2175/880
f 944/2181/2131 943/2202/2151 483/2173/879
f 483/2173/879 943/2202/2151 942/2174/2126
f 987/2203/2152 1000/2204/2153 979/2205/2154
f 979/2205/2154 1000/2204/2153 999/2206/2155
f 979/2205/2154 999/2206/2155 980/2207/2156
f 980/2207/2156 999/2206/2155 998/2208/2157
f 980/2207/2156 998/2208/2157 981/2209/2158
f 981/2209/2158 998/2208/2157 997/2179/2129
f 981/2209/2158 997/2179/2129 511/2178/925
f 986/2187/2136 551/2186/2135 987/2203/2152
f 987/2203/2152 551/2186/2135 1001/2192/2141
f 987/2203/2152 1001/2192/2141 1000/2204/2153
f 982/2185/2134 981/2209/2158 511/2178/925
f 1016/2210/2159 919/2211/2160 1015/2212/2161
f 1015/2212/2161 919/2211/2160 918/2213/2162
f 731/2214/2163 730/2215/2164 1017/2216/2165
f 1017/2216/2165 730/2215/2164 1018/2217/2166
f 1017/2216/2165 1018/2217/2166 1030/2218/2167
f 1030/2218/2167 1018/2217/2166 1027/2219/2168
f 1030/2218/2167 1027/2219/2168 1028/2220/2169
f 1019/2221/2170 1025/2222/2171 1018/2217/2166
f 1018/2217/2166 1025/2222/2171 1026/2223/2172
f 1018/2217/2166 1026/2223/2172 1027/2219/2168
f 763/2224/2173 1020/2225/2174 1019/2221/2170
f 1019/2221/2170 1020/2225/2174 1021/2226/2175
f 1019/2221/2170 1021/2226/2175 1024/2227/2176
f 1024/2227/2176 1021/2226/2175 1022/2228/2177
f 1024/2227/2176 1022/2228/2177 1023/2229/2178
f 763/2224/2173 762/2230/2179 1020/2225/2174
f 1024/2227/2176 1025/2222/2171 1019/2221/2170
f 1025/2222/2171 747/2231/2180 1026/2223/2172
f 1026/2223/2172 747/2231/2180 746/2232/2181
f 1028/2220/2169 1029/2233/2182 1030/2218/2167
f 1028/2234/2183 1031/2235/2184 1029/2236/2185
f 1029/2236/2185 1031/2235/2184 1032/2237/2186
f 1022/2238/2187 1033/2239/2188 1023/2240/2189
f 1023/2240/2189 1033/2239/2188 1034/2241/2190
f 1035/2242/2191 1036/2243/2192 1038/2244/2193
f 1038/2244/2193 1036/2243/2192 1037/2245/2194
f 1035/2246/2195 1038/2247/2196 668/2248/2197
f 668/2248/2197 1038/2247/2196 579/2249/2198
f 668/2248/2197 579/2249/2198 665/2250/2199
f 665/2250/2199 579/2249/2198 578/2251/2200
f 665/2250/2199 578/2251/2200 676/2252/2201
f 666/2253/1146 665/2254/1145 675/2255/2202
f 675/2255/2202 665/2254/1145 676/2256/2203
f 1036/2257/2204 667/2258/2205 1037/2259/2206
f 1037/2259/2206 667/2258/2205 576/2260/2207
f 576/2260/2207 667/2258/2205 666/2261/2208
f 576/2260/2207 666/2261/2208 577/2262/2209
f 577/2262/2209 666/2261/2208 675/2263/2210
f 745/2264/2211 744/2265/2212 1040/2266/2213
f 1040/2266/2213 744/2265/2212 1039/2267/2214
f 744/2268/2215 743/2269/2216 1039/2270/2217
f 1039/2270/2217 743/2269/2216 1041/2271/2218
f 743/2272/2219 742/2273/2220 1041/2274/2221
f 1041/2274/2221 742/2273/2220 1042/2275/2222
f 742/2276/2223 741/2277/2224 1042/2278/2225
f 1042/2278/2225 741/2277/2224 1043/2279/2226
f 741/2280/2227 740/2281/2228 1043/2282/2229
f 1043/2282/2229 740/2281/2228 1044/2283/2230
f 740/2284/2231 739/2285/2232 1044/2286/2233
f 1044/2286/2233 739/2285/2232 1045/2287/2234
f 739/2288/2235 738/2289/2236 1045/2290/2237
f 1045/2290/2237 738/2289/2236 1046/2291/2238
f 738/2292/2239 737/2293/2240 1046/2294/2241
f 1046/2294/2241 737/2293/2240 1047/2295/2242
f 737/2296/2243 736/2297/2244 1047/2298/2245
f 1047/2298/2245 736/2297/2244 1048/2299/2246
f 736/2300/2247 735/2301/2248 1048/2302/2249
f 1048/2302/2249 735/2301/2248 1049/2303/2250
f 735/2304/2251 734/2305/2252 1049/2306/2253
f 1049/2306/2253 734/2305/2252 1050/2307/2254
f 734/2308/2255 733/2309/2256 1050/2310/2257
f 1050/2310/2257 733/2309/2256 1051/2311/2258
f 733/2312/2259 732/2313/2260 1051/2314/2261
f 1051/2314/2261 732/2313/2260 1052/2315/2262
f 732/2316/2263 731/2317/2264 1052/2318/2265
f 1052/2318/2265 731/2317/2264 1017/2319/2266
f 1029/2320/2267 1032/2321/2268 1030/2322/2269
f 1030/2322/2269 1032/2321/2268 1053/2323/2270
f 1032/2324/2271 1031/2325/2272 1053/2326/2273
f 1053/2326/2273 1031/2325/2272 1054/2327/2274
f 1031/2328/2275 1028/2329/2276 1054/2330/2277
f 1054/2330/2277 1028/2329/2276 1027/2331/2278
f 746/2332/2279 745/2333/2280 1026/2334/2281
f 1026/2334/2281 745/2333/2280 1040/2335/2282
f 667/2336/2283 1046/2337/2284 668/2338/2285
f 668/2338/2285 1046/2337/2284 1050/2339/2286
f 668/2338/2285 1050/2339/2286 1051/2340/2287
f 1036/2341/2288 1041/2342/2289 667/2336/2283
f 667/2336/2283 1041/2342/2289 1045/2343/2290
f 667/2336/2283 1045/2343/2290 1046/2337/2284
f 1035/2344/2291 1053/2345/2292 1036/2341/2288
f 1036/2341/2288 1053/2345/2292 1054/2346/2293
f 1036/2341/2288 1054/2346/2293 1039/2347/2294
f 1039/2347/2294 1054/2346/2293 1026/2348/2295
f 1039/2347/2294 1026/2348/2295 1040/2349/2296
f 1053/2345/2292 1035/2344/2291 1051/2340/2287
f 1051/2340/2287 1035/2344/2291 668/2338/2285
f 1039/2347/2294 1041/2342/2289 1036/2341/2288
f 1042/2350/2297 1043/2351/2298 1041/2342/2289
f 1041/2342/2289 1043/2351/2298 1045/2343/2290
f 1043/2351/2298 1044/2352/2299 1045/2343/2290
f 1047/2353/2300 1048/2354/2301 1046/2337/2284
f 1046/2337/2284 1048/2354/2301 1050/2339/2286
f 1048/2354/2301 1049/2355/2302 1050/2339/2286
f 1052/2356/2303 1017/2357/2304 1051/2340/2287
f 1051/2340/2287 1017/2357/2304 1053/2345/2292
f 1017/2357/2304 1030/2358/2305 1053/2345/2292
f 1054/2346/2293 1027/2359/2306 1026/2348/2295
f 1055/2360/2307 1056/2361/2308 1058/2362/2309
f 1058/2362/2309 1056/2361/2308 1057/2363/2310
f 1055/2364/2311 1058/2365/2312 672/2366/2313
f 672/2366/2313 1058/2365/2312 555/2367/2314
f 672/2366/2313 555/2367/2314 669/2368/2315
f 669/2368/2315 555/2367/2314 554/2369/2316
f 669/2368/2315 554/2369/2316 674/2370/2317
f 670/2371/1150 669/2372/1149 673/2373/2318
f 673/2373/2318 669/2372/1149 674/2374/2319
f 1056/2375/2320 671/2376/2321 1057/2377/2322
f 1057/2377/2322 671/2376/2321 552/2378/2323
f 552/2378/2323 671/2376/2321 670/2379/2324
f 552/2378/2323 670/2379/2324 553/2380/2325
f 553/2380/2325 670/2379/2324 673/2381/2326
f 761/2382/2327 760/2383/2328 1060/2384/2329
f 1060/2384/2329 760/2383/2328 1059/2385/2330
f 760/2386/2331 759/2387/2332 1059/2388/2333
f 1059/2388/2333 759/2387/2332 1061/2389/2334
f 759/2390/2335 758/2391/2336 1061/2392/2337
f 1061/2392/2337 758/2391/2336 1062/2393/2338
f 758/2394/2339 757/2395/2340 1062/2396/2341
f 1062/2396/2341 757/2395/2340 1063/2397/2342
f 757/2398/2343 756/2399/2344 1063/2400/2345
f 1063/2400/2345 756/2399/2344 1064/2401/2346
f 756/2402/2347 755/2403/2348 1064/2404/2349
f 1064/2404/2349 755/2403/2348 1065/2405/2350
f 755/2406/2351 754/2407/2352 1065/2408/2353
f 1065/2408/2353 754/2407/2352 1066/2409/2354
f 754/2410/2355 753/2411/2356 1066/2412/2357
f 1066/2412/2357 753/2411/2356 1067/2413/2358
f 753/2414/2359 752/2415/2360 1067/2416/2361
f 1067/2416/2361 752/2415/2360 1068/2417/2362
f 752/2418/2363 751/2419/2364 1068/2420/2365
f 1068/2420/2365 751/2419/2364 1069/2421/2366
f 751/2422/2367 750/2423/2368 1069/2424/2369
f 1069/2424/2369 750/2423/2368 1070/2425/2370
f 750/2426/2371 749/2427/2372 1070/2428/2373
f 1070/2428/2373 749/2427/2372 1071/2429/2374
f 749/2430/2375 748/2431/2376 1071/2432/2377
f 1071/2432/2377 748/2431/2376 1072/2433/2378
f 748/2434/2379 747/2435/2380 1072/2436/2381
f 1072/2436/2381 747/2435/2380 1025/2437/2382
f 1023/2438/2383 1034/2439/2384 1024/2440/2385
f 1024/2440/2385 1034/2439/2384 1073/2441/2386
f 1034/2442/2387 1033/2443/2388 1073/2444/2389
f 1073/2444/2389 1033/2443/2388 1074/2445/2390
f 1033/2446/2391 1022/2447/2392 1074/2448/2393
f 1074/2448/2393 1022/2447/2392 1021/2449/2394
f 762/2450/2395 761/2451/2396 1020/2452/2397
f 1020/2452/2397 761/2451/2396 1060/2453/2398
f 671/2454/2399 1066/2455/2400 672/2456/2401
f 672/2456/2401 1066/2455/2400 1070/2457/2402
f 672/2456/2401 1070/2457/2402 1071/2458/2403
f 1056/2459/2404 1061/2460/2405 671/2454/2399
f 671/2454/2399 1061/2460/2405 1065/2461/2406
f 671/2454/2399 1065/2461/2406 1066/2455/2400
f 1055/2462/2407 1073/2463/2408 1056/2459/2404
f 1056/2459/2404 1073/2463/2408 1074/2464/2409
f 1056/2459/2404 1074/2464/2409 1059/2465/2410
f 1059/2465/2410 1074/2464/2409 1020/2466/2411
f 1059/2465/2410 1020/2466/2411 1060/2467/2412
f 1073/2463/2408 1055/2462/2407 1071/2458/2403
f 1071/2458/2403 1055/2462/2407 672/2456/2401
f 1059/2465/2410 1061/2460/2405 1056/2459/2404
f 1062/2468/2413 1063/2469/2414 1061/2460/2405
f 1061/2460/2405 1063/2469/2414 1065/2461/2406
f 1063/2469/2414 1064/2470/2415 1065/2461/2406
f 1067/2471/2416 1068/2472/2417 1066/2455/2400
f 1066/2455/2400 1068/2472/2417 1070/2457/2402
f 1068/2472/2417 1069/2473/2418 1070/2457/2402
f 1072/2474/2419 1025/2475/2420 1071/2458/2403
f 1071/2458/2403 1025/2475/2420 1073/2463/2408
f 1025/2475/2420 1024/2476/2421 1073/2463/2408
f 1074/2464/2409 1021/2477/2422 1020/2466/2411
f 1075/2478/2423 1076/2479/2424 1078/2480/2425
f 1078/2480/2425 1076/2479/2424 1077/2481/2426
f 1079/2482/2427 1075/2483/2428 1080/2484/2429
f 1080/2484/2429 1075/2483/2428 1078/2485/2430
f 616/2486/2431 1079/2487/2432 617/2488/2433
f 617/2488/2433 1079/2487/2432 1080/2489/2434
f 665/2490/2435 1087/2491/2436 666/2492/2437
f 666/2492/2437 1087/2491/2436 1089/2493/2438
f 666/2492/2437 1089/2493/2438 1088/2494/2439
f 1088/2494/2439 1089/2493/2438 669/2495/2440
f 1088/2494/2439 669/2495/2440 670/2496/2441
f 666/2492/2437 1085/2497/2442 665/2490/2435
f 665/2490/2435 1085/2497/2442 1086/2498/2443
f 665/2490/2435 1086/2498/2443 1087/2491/2436
f 1087/2491/2436 1086/2498/2443 1077/2499/2444
f 1087/2491/2436 1077/2499/2444 1076/2500/2445
f 669/2495/2440 1081/2501/2446 670/2496/2441
f 670/2496/2441 1081/2501/2446 1082/2502/2447
f 670/2496/2441 1082/2502/2447 1088/2494/2439
f 1088/2494/2439 1082/2502/2447 1090/2503/2448
f 1088/2494/2439 1090/2503/2448 1084/2504/2449
f 1084/2504/2449 1090/2503/2448 1015/2505/2450
f 1015/2505/2450 1090/2503/2448 1016/2506/2451
f 1016/2506/2451 1090/2503/2448 1083/2507/2452
f 1083/2507/2452 1090/2503/2448 1082/2502/2447
f 1076/2500/2445 1081/2501/2446 1087/2491/2436
f 1087/2491/2436 1081/2501/2446 669/2495/2440
f 1087/2491/2436 669/2495/2440 1089/2493/2438
f 1084/2504/2449 1085/2497/2442 1088/2494/2439
f 1088/2494/2439 1085/2497/2442 666/2492/2437
f 648/2508/2453 763/2509/2454 1075/2510/2455
f 1075/2510/2455 763/2509/2454 1019/2511/2456
f 1075/2510/2455 1019/2511/2456 1076/2512/2457
f 1076/2512/2457 1019/2511/2456 569/2513/2458
f 1076/2512/2457 569/2513/2458 1081/2514/2459
f 1081/2514/2459 569/2513/2458 1082/2515/2460
f 1082/2515/2460 569/2513/2458 1083/2516/2461
f 1083/2516/2461 569/2513/2458 568/2517/2462
f 1083/2516/2461 568/2517/2462 1016/2518/2463
f 1016/2518/2463 568/2517/2462 920/2519/2464
f 1016/2518/2463 920/2519/2464 919/2520/2465
f 568/2517/2462 872/2521/2466 920/2519/2464
f 1075/2510/2455 1079/2522/2467 648/2508/2453
f 648/2508/2453 1079/2522/2467 615/2523/2468
f 615/2523/2468 1079/2522/2467 616/2524/2469
f 552/2525/2470 569/2526/2471 1057/2527/2472
f 1057/2527/2472 569/2526/2471 1019/2528/2473
f 1057/2527/2472 1019/2528/2473 1058/2529/2474
f 1058/2529/2474 1019/2528/2473 1018/2530/2475
f 1058/2529/2474 1018/2530/2475 1037/2531/2476
f 1037/2531/2476 1018/2530/2475 1038/2532/2477
f 1038/2532/2477 1018/2530/2475 580/2533/2478
f 1038/2532/2477 580/2533/2478 579/2534/2479
f 576/2535/2480 575/2536/2481 1037/2531/2476
f 1037/2531/2476 575/2536/2481 570/2537/2482
f 1037/2531/2476 570/2537/2482 1058/2529/2474
f 1058/2529/2474 570/2537/2482 555/2538/2483
f 555/2538/2483 570/2537/2482 556/2539/2484
f 576/2535/2480 573/2540/2485 575/2536/2481
f 730/2541/2486 1078/2542/2487 1018/2543/2488
f 1018/2543/2488 1078/2542/2487 1077/2544/2489
f 1018/2543/2488 1077/2544/2489 580/2545/2490
f 580/2545/2490 1077/2544/2489 1086/2546/2491
f 580/2545/2490 1086/2546/2491 1085/2547/2492
f 730/2541/2486 729/2548/2493 1078/2542/2487
f 1078/2542/2487 729/2548/2493 1080/2549/2494
f 1080/2549/2494 729/2548/2493 871/2550/2495
f 1080/2549/2494 871/2550/2495 617/2551/2496
f 617/2551/2496 871/2550/2495 618/2552/2497
f 618/2552/2497 871/2550/2495 870/2553/2498
f 580/2545/2490 1085/2547/2492 581/2554/2499
f 581/2554/2499 1085/2547/2492 1084/2555/2500
f 581/2554/2499 1084/2555/2500 1015/2556/2501
f 918/2557/2502 917/2558/2503 1015/2556/2501
f 1015/2556/2501 917/2558/2503 581/2554/2499
f 917/2558/2503 608/2559/2504 581/2554/2499
g Body3:1

v -18.000000 22.000000 27.000000
v -19.913417 22.000000 27.380602
v -21.535534 22.000000 28.464466
v -22.619398 22.000000 30.086583
v -23.000000 22.000000 32.000000
v -23.000000 37.000000 32.000000
v -22.619398 37.000000 30.086583
v -21.535534 37.000000 28.464466
v -19.913417 37.000000 27.380602
v -18.000000 37.000000 27.000000
v -9.300000 32.000000 27.000000
v -9.697724 33.092739 27.000000
v -10.704798 33.674173 27.000000
v -11.850000 33.472243 27.000000
v -12.597477 32.581434 27.000000
v -12.597477 31.418566 27.000000
v -11.850000 30.527757 27.000000
v -10.704798 30.325827 27.000000
v -9.697724 30.907261 27.000000
v 0.000000 37.000000 27.000000
v 0.000000 33.700000 27.000000
v -0.999235 33.375329 27.000000
v -1.616796 32.525329 27.000000
v -1.616796 31.474671 27.000000
v -0.999235 30.624671 27.000000
v 0.000000 30.300000 27.000000
v 0.000000 27.000000 27.000000
v -9.000000 27.000000 27.000000
v -9.000000 17.000000 27.000000
v -14.000000 22.000000 27.000000
v -14.000000 22.000000 43.000000
v -23.000000 22.000000 43.000000
v -23.000000 22.000000 68.000000
v -22.619398 22.000000 69.913417
v -21.535534 22.000000 71.535534
v -19.913417 22.000000 72.619398
v -18.000000 22.000000 73.000000
v -18.000000 37.000000 73.000000
v -19.913417 37.000000 72.619398
v -21.535534 37.000000 71.535534
v -22.619398 37.000000 69.913417
v -23.000000 37.000000 68.000000
v -14.000000 22.000000 73.000000
v -9.000000 17.000000 73.000000
v -9.000000 27.000000 73.000000
v 0.000000 27.000000 73.000000
v 0.000000 30.300000 73.000000
v -0.999235 30.624671 73.000000
v -1.616796 31.474671 73.000000
v -1.616796 32.525329 73.000000
v -0.999235 33.375329 73.000000
v 0.000000 33.700000 73.000000
v 0.000000 37.000000 73.000000
v -9.300000 32.000000 73.000000
v -9.697724 30.907261 73.000000
v -10.704798 30.325827 73.000000
v -11.850000 30.527757 73.000000
v -12.597477 31.418566 73.000000
v -12.597477 32.581434 73.000000
v -11.850000 33.472243 73.000000
v -10.704798 33.674173 73.000000
v -9.697724 33.092739 73.000000
v 0.000000 37.000000 68.015000
v -13.000000 37.000000 68.015000
v -14.919157 37.000000 67.633256
v -16.546141 37.000000 66.546141
v -17.633256 37.000000 64.919157
v -18.015000 37.000000 63.000000
v -18.015000 37.000000 37.000000
v -17.633256 37.000000 35.080843
v -16.546141 37.000000 33.453859
v -14.919157 37.000000 32.366744
v -13.000000 37.000000 31.985000
v 0.000000 37.000000 31.985000
v -14.000000 22.000000 57.000000
v -9.000000 17.000000 52.000000
v -23.000000 17.000000 52.000000
v -23.000000 22.000000 57.000000
v -12.857143 13.142857 85.000000
v -14.000000 12.000000 85.000000
v -14.000000 12.000000 100.000000
v -9.000000 17.000000 100.000000
v -9.000000 17.000000 92.910000
v -9.680089 16.319911 92.910000
v -10.130268 15.869732 92.130268
v -10.910000 15.090000 91.680089
v -10.910000 15.090000 90.779732
v -11.360179 14.639821 90.000000
v -10.910000 15.090000 89.220268
v -10.910000 15.090000 88.319911
v -10.130268 15.869732 87.869732
v -9.680089 16.319911 87.090000
v -9.000000 17.000000 87.090000
v -14.000000 12.000000 57.000000
v -14.000000 12.000000 65.000000
v -12.857143 13.142857 65.000000
v -23.000000 12.000000 57.000000
v -9.000000 17.000000 43.000000
v -14.000000 17.000000 48.000000
v -14.000000 12.000000 43.000000
v -23.000000 12.000000 43.000000
v -23.000000 17.000000 48.000000
v -12.857143 13.142857 35.000000
v -14.000000 12.000000 35.000000
v -9.000000 17.000000 12.910000
v -9.680089 16.319911 12.910000
v -10.130268 15.869732 12.130268
v -10.910000 15.090000 11.680089
v -10.910000 15.090000 10.779732
v -11.360179 14.639821 10.000000
v -10.910000 15.090000 9.220268
v -10.910000 15.090000 8.319911
v -10.130268 15.869732 7.869732
v -9.680089 16.319911 7.090000
v -9.000000 17.000000 7.090000
v -9.000000 17.000000 0.000000
v -14.000000 12.000000 0.000000
v -14.000000 12.000000 15.000000
v -12.857143 13.142857 15.000000
v -9.000000 27.000000 0.000000
v -9.000000 17.220268 7.090000
v -9.000000 18.000000 6.639821
v -9.000000 18.779732 7.090000
v -9.000000 19.680089 7.090000
v -9.000000 20.130268 7.869732
v -9.000000 20.910000 8.319911
v -9.000000 20.910000 9.220268
v -9.000000 21.360179 10.000000
v -9.000000 20.910000 10.779732
v -9.000000 20.910000 11.680089
v -9.000000 20.130268 12.130268
v -9.000000 19.680089 12.910000
v -9.000000 18.779732 12.910000
v -9.000000 18.000000 13.360179
v -9.000000 17.220268 12.910000
v -0.000000 -24.000000 13.000000
v -0.000000 -30.000000 7.000000
v -0.000000 -30.000000 0.000000
v -0.000000 -19.560000 0.000000
v -0.000000 -19.560000 100.000000
v -0.000000 -24.000000 100.000000
v -0.000000 -24.000000 93.000000
v -0.000000 -30.000000 87.000000
v -0.000000 -30.000000 83.000000
v -0.000000 -24.000000 77.000000
v -0.000000 -26.620000 85.000000
v -0.000000 -26.240992 86.041316
v -0.000000 -25.281310 86.595389
v -0.000000 -24.190000 86.402961
v -0.000000 -23.477698 85.554073
v -0.000000 -23.477698 84.445927
v -0.000000 -24.190000 83.597039
v -0.000000 -25.281310 83.404611
v -0.000000 -26.240992 83.958684
v -0.000000 -26.620000 5.000000
v -0.000000 -26.240992 6.041316
v -0.000000 -25.281310 6.595389
v -0.000000 -24.190000 6.402961
v -0.000000 -23.477698 5.554073
v -0.000000 -23.477698 4.445927
v -0.000000 -24.190000 3.597039
v -0.000000 -25.281310 3.404611
v -0.000000 -26.240992 3.958684
v -6.000000 -24.000000 13.000000
v -6.000000 -30.000000 7.000000
v -6.000000 -24.000000 77.000000
v -6.000000 -24.000000 82.090000
v -10.000000 -24.000000 82.090000
v -10.000000 -24.000000 7.910000
v -6.000000 -24.000000 7.910000
v -6.000000 -24.000000 93.000000
v -6.000000 -30.000000 87.000000
v -10.000000 -24.000000 100.000000
v -10.000000 -24.000000 87.910000
v -6.000000 -24.000000 87.910000
v -6.000000 -24.220268 87.910000
v -6.000000 -25.000000 88.360179
v -6.000000 -25.779732 87.910000
v -6.000000 -26.680089 87.910000
v -6.000000 -27.130268 87.130268
v -6.000000 -27.910000 86.680089
v -6.000000 -27.910000 85.779732
v -6.000000 -28.360179 85.000000
v -6.000000 -27.910000 84.220268
v -6.000000 -27.910000 83.319911
v -6.000000 -27.130268 82.869732
v -6.000000 -26.680089 82.090000
v -6.000000 -25.779732 82.090000
v -6.000000 -25.000000 81.639821
v -6.000000 -24.220268 82.090000
v -6.000000 -30.000000 83.000000
v -10.880000 8.160000 35.000000
v -10.880000 8.160000 15.000000
v -24.800000 -10.400000 15.000000
v -24.800000 -10.400000 35.000000
v -10.880000 8.160000 85.000000
v -10.880000 8.160000 65.000000
v -24.800000 -10.400000 65.000000
v -24.800000 -10.400000 85.000000
v -9.200000 10.400000 85.000000
v -9.200000 10.400000 65.000000
v -9.200000 10.400000 35.000000
v -9.200000 10.400000 15.000000
v -3.500000 -26.680089 82.090000
v -3.500000 -25.779732 82.090000
v -3.500000 -27.130268 82.869732
v -3.500000 -27.910000 83.319911
v -3.500000 -27.910000 84.220268
v -3.500000 -28.360179 85.000000
v -3.500000 -27.910000 85.779732
v -3.500000 -27.910000 86.680089
v -3.500000 -27.130268 87.130268
v -3.500000 -26.680089 87.910000
v -3.500000 -25.779732 87.910000
v -3.500000 -25.000000 88.360179
v -3.500000 -24.220268 87.910000
v -10.906786 -23.319911 87.910000
v -3.500000 -23.319911 87.910000
v -3.500000 -26.620000 85.000000
v -3.500000 -26.240992 83.958684
v -3.500000 -25.281310 83.404611
v -3.500000 -24.190000 83.597039
v -3.500000 -23.477698 84.445927
v -3.500000 -23.477698 85.554073
v -3.500000 -24.190000 86.402961
v -3.500000 -25.281310 86.595389
v -3.500000 -26.240992 86.041316
v -3.500000 -22.869732 87.130268
v -3.500000 -22.090000 86.680089
v -3.500000 -22.090000 85.779732
v -3.500000 -21.639821 85.000000
v -3.500000 -22.090000 84.220268
v -3.500000 -22.090000 83.319911
v -3.500000 -22.869732 82.869732
v -3.500000 -23.319911 82.090000
v -3.500000 -24.220268 82.090000
v -3.500000 -25.000000 81.639821
v -11.507024 -22.869732 87.130268
v -12.546667 -22.090000 86.680089
v -12.546667 -22.090000 85.779732
v -13.146905 -21.639821 85.000000
v -12.546667 -22.090000 84.220268
v -12.546667 -22.090000 83.319911
v -11.507024 -22.869732 82.869732
v -10.906786 -23.319911 82.090000
v -51.600000 7.200000 100.000000
v -51.600000 7.200000 97.050000
v -43.560000 1.170000 97.050000
v -43.560000 1.170000 95.050000
v -24.440000 -13.170000 95.050000
v -24.440000 -13.170000 97.050000
v -16.360000 -19.230000 97.050000
v -16.360000 -19.230000 86.950000
v -17.960000 -18.030000 86.950000
v -17.960000 -18.030000 63.050000
v -16.360000 -19.230000 63.050000
v -16.360000 -19.230000 52.950000
v -24.440000 -13.170000 52.950000
v -24.440000 -13.170000 54.950000
v -43.560000 1.170000 54.950000
v -43.560000 1.170000 52.950000
v -51.600000 7.200000 52.950000
v -51.600000 7.200000 47.050000
v -43.560000 1.170000 47.050000
v -43.560000 1.170000 45.050000
v -24.440000 -13.170000 45.050000
v -24.440000 -13.170000 47.050000
v -16.360000 -19.230000 47.050000
v -16.360000 -19.230000 36.950000
v -17.960000 -18.030000 36.950000
v -17.960000 -18.030000 13.050000
v -16.360000 -19.230000 13.050000
v -16.360000 -19.230000 2.950000
v -24.440000 -13.170000 2.950000
v -24.440000 -13.170000 4.950000
v -43.560000 1.170000 4.950000
v -43.560000 1.170000 2.950000
v -51.600000 7.200000 2.950000
v -51.600000 7.200000 0.000000
v -10.000000 -24.000000 0.000000
v -10.000000 -24.000000 2.090000
v -10.906786 -23.319911 2.090000
v -11.507024 -22.869732 2.869732
v -12.546667 -22.090000 3.319911
v -12.546667 -22.090000 4.220268
v -13.146905 -21.639821 5.000000
v -12.546667 -22.090000 5.779732
v -12.546667 -22.090000 6.680089
v -11.507024 -22.869732 7.130268
v -10.906786 -23.319911 7.910000
v -9.000000 18.779732 87.090000
v -9.000000 18.000000 86.639821
v -6.500000 18.000000 86.639821
v -6.500000 18.779732 87.090000
v -9.000000 19.680089 87.090000
v -6.500000 19.680089 87.090000
v -9.000000 20.130268 87.869732
v -6.500000 20.130268 87.869732
v -9.000000 20.910000 88.319911
v -6.500000 20.910000 88.319911
v -9.000000 20.910000 89.220268
v -6.500000 20.910000 89.220268
v -9.000000 21.360179 90.000000
v -6.500000 21.360179 90.000000
v -9.000000 20.910000 90.779732
v -6.500000 20.910000 90.779732
v -9.000000 20.910000 91.680089
v -6.500000 20.910000 91.680089
v -9.000000 20.130268 92.130268
v -6.500000 20.130268 92.130268
v -9.000000 19.680089 92.910000
v -6.500000 19.680089 92.910000
v -9.000000 18.779732 92.910000
v -6.500000 18.779732 92.910000
v -9.000000 18.000000 93.360179
v -6.500000 18.000000 93.360179
v -9.000000 17.220268 92.910000
v -6.500000 17.220268 92.910000
v -6.500000 16.319911 92.910000
v -6.500000 15.869732 92.130268
v -6.500000 15.090000 91.680089
v -6.500000 15.090000 90.779732
v -6.500000 14.639821 90.000000
v -6.500000 15.090000 89.220268
v -6.500000 15.090000 88.319911
v -6.500000 15.869732 87.869732
v -6.500000 16.319911 87.090000
v -9.000000 17.220268 87.090000
v -6.500000 17.220268 87.090000
v -6.500000 16.380000 90.000000
v -6.500000 16.759008 88.958684
v -6.500000 17.718690 88.404611
v -6.500000 18.810000 88.597039
v -6.500000 19.522302 89.445927
v -6.500000 19.522302 90.554073
v -6.500000 18.810000 91.402961
v -6.500000 17.718690 91.595389
v -6.500000 16.759008 91.041316
v 0.000000 16.380000 90.000000
v 0.000000 16.759008 88.958684
v 0.000000 17.718690 88.404611
v 0.000000 18.810000 88.597039
v 0.000000 19.522302 89.445927
v 0.000000 19.522302 90.554073
v 0.000000 18.810000 91.402961
v 0.000000 17.718690 91.595389
v 0.000000 16.759008 91.041316
v -6.000000 -25.779732 2.090000
v -6.000000 -26.680089 2.090000
v -3.500000 -26.680089 2.090000
v -3.500000 -25.779732 2.090000
v -6.000000 -27.130268 2.869732
v -3.500000 -27.130268 2.869732
v -6.000000 -27.910000 3.319911
v -3.500000 -27.910000 3.319911
v -6.000000 -27.910000 4.220268
v -3.500000 -27.910000 4.220268
v -6.000000 -28.360179 5.000000
v -3.500000 -28.360179 5.000000
v -6.000000 -27.910000 5.779732
v -3.500000 -27.910000 5.779732
v -6.000000 -27.910000 6.680089
v -3.500000 -27.910000 6.680089
v -6.000000 -27.130268 7.130268
v -3.500000 -27.130268 7.130268
v -6.000000 -26.680089 7.910000
v -3.500000 -26.680089 7.910000
v -6.000000 -25.779732 7.910000
v -3.500000 -25.779732 7.910000
v -6.000000 -25.000000 8.360179
v -3.500000 -25.000000 8.360179
v -6.000000 -24.220268 7.910000
v -3.500000 -24.220268 7.910000
v -3.500000 -23.319911 7.910000
v -3.500000 -26.620000 5.000000
v -3.500000 -26.240992 3.958684
v -3.500000 -25.281310 3.404611
v -3.500000 -24.190000 3.597039
v -3.500000 -23.477698 4.445927
v -3.500000 -23.477698 5.554073
v -3.500000 -24.190000 6.402961
v -3.500000 -25.281310 6.595389
v -3.500000 -26.240992 6.041316
v -3.500000 -22.869732 7.130268
v -3.500000 -22.090000 6.680089
v -3.500000 -22.090000 5.779732
v -3.500000 -21.639821 5.000000
v -3.500000 -22.090000 4.220268
v -3.500000 -22.090000 3.319911
v -3.500000 -22.869732 2.869732
v -3.500000 -23.319911 2.090000
v -3.500000 -24.220268 2.090000
v -3.500000 -25.000000 1.639821
v -6.000000 -24.000000 2.090000
v -6.000000 -24.220268 2.090000
v -6.000000 -25.000000 1.639821
v -6.000000 -24.000000 0.000000
v -6.000000 -30.000000 0.000000
v -9.000000 27.000000 100.000000
v -6.500000 18.000000 6.639821
v -6.500000 18.779732 7.090000
v -6.500000 19.680089 7.090000
v -6.500000 20.130268 7.869732
v -6.500000 20.910000 8.319911
v -6.500000 20.910000 9.220268
v -6.500000 21.360179 10.000000
v -6.500000 20.910000 10.779732
v -6.500000 20.910000 11.680089
v -6.500000 20.130268 12.130268
v -6.500000 19.680089 12.910000
v -6.500000 18.779732 12.910000
v -6.500000 18.000000 13.360179
v -6.500000 17.220268 12.910000
v -6.500000 16.319911 12.910000
v -6.500000 15.869732 12.130268
v -6.500000 15.090000 11.680089
v -6.500000 15.090000 10.779732
v -6.500000 14.639821 10.000000
v -6.500000 15.090000 9.220268
v -6.500000 15.090000 8.319911
v -6.500000 15.869732 7.869732
v -6.500000 16.319911 7.090000
v -6.500000 17.220268 7.090000
v -6.500000 16.380000 10.000000
v -6.500000 16.759008 8.958684
v -6.500000 17.718690 8.404611
v -6.500000 18.810000 8.597039
v -6.500000 19.522302 9.445927
v -6.500000 19.522302 10.554073
v -6.500000 18.810000 11.402961
v -6.500000 17.718690 11.595389
v -6.500000 16.759008 11.041316
v 0.000000 16.380000 10.000000
v 0.000000 16.759008 8.958684
v 0.000000 17.718690 8.404611
v 0.000000 18.810000 8.597039
v 0.000000 19.522302 9.445927
v 0.000000 19.522302 10.554073
v 0.000000 18.810000 11.402961
v 0.000000 17.718690 11.595389
v 0.000000 16.759008 11.041316
v -0.000000 30.300000 31.985000
v 0.000000 26.985000 31.985000
v 0.000000 26.985000 68.015000
v 0.000000 30.300000 68.015000
v 0.000000 27.000000 100.000000
v 0.000000 12.800000 100.000000
v 0.000000 12.800000 0.000000
v 0.000000 27.000000 0.000000
v -0.000000 33.700000 31.985000
v -0.999235 33.375329 31.985000
v -1.616796 32.525329 31.985000
v -1.616796 31.474671 31.985000
v -0.999235 30.624671 31.985000
v -9.300000 32.000000 31.985000
v -9.697724 33.092739 31.985000
v -10.704798 33.674173 31.985000
v -11.850000 33.472243 31.985000
v -12.597477 32.581434 31.985000
v -12.597477 31.418566 31.985000
v -11.850000 30.527757 31.985000
v -10.704798 30.325827 31.985000
v -9.697724 30.907261 31.985000
v -13.000000 26.985000 31.985000
v -23.000000 32.000000 40.700000
v -23.000000 33.092739 40.302276
v -23.000000 33.674173 39.295202
v -23.000000 33.472243 38.150000
v -23.000000 32.581434 37.402523
v -23.000000 31.418566 37.402523
v -23.000000 30.527757 38.150000
v -23.000000 30.325827 39.295202
v -23.000000 30.907261 40.302276
v -18.015000 32.000000 40.700000
v -18.015000 30.907261 40.302276
v -18.015000 30.325827 39.295202
v -18.015000 30.527757 38.150000
v -18.015000 31.418566 37.402523
v -18.015000 32.581434 37.402523
v -18.015000 33.472243 38.150000
v -18.015000 33.674173 39.295202
v -18.015000 33.092739 40.302276
v -18.015000 26.985000 37.000000
v -17.633256 26.985000 35.080843
v -16.546141 26.985000 33.453859
v -14.919157 26.985000 32.366744
v -18.015000 26.985000 63.000000
v -17.633256 26.985000 64.919157
v -16.546141 26.985000 66.546141
v -14.919157 26.985000 67.633256
v -13.000000 26.985000 68.015000
v -0.999235 30.624671 68.015000
v -1.616796 31.474671 68.015000
v -1.616796 32.525329 68.015000
v -0.999235 33.375329 68.015000
v 0.000000 33.700000 68.015000
v -9.300000 32.000000 68.015000
v -9.697724 30.907261 68.015000
v -10.704798 30.325827 68.015000
v -11.850000 30.527757 68.015000
v -12.597477 31.418566 68.015000
v -12.597477 32.581434 68.015000
v -11.850000 33.472243 68.015000
v -10.704798 33.674173 68.015000
v -9.697724 33.092739 68.015000
v -23.000000 32.000000 59.300000
v -23.000000 30.907261 59.697724
v -23.000000 30.325827 60.704798
v -23.000000 30.527757 61.850000
v -23.000000 31.418566 62.597477
v -23.000000 32.581434 62.597477
v -23.000000 33.472243 61.850000
v -23.000000 33.674173 60.704798
v -23.000000 33.092739 59.697724
v -18.015000 32.000000 59.300000
v -18.015000 33.092739 59.697724
v -18.015000 33.674173 60.704798
v -18.015000 33.472243 61.850000
v -18.015000 32.581434 62.597477
v -18.015000 31.418566 62.597477
v -18.015000 30.527757 61.850000
v -18.015000 30.325827 60.704798
v -18.015000 30.907261 59.697724
v -23.000000 33.700000 50.000000
v -23.000000 33.302276 48.907261
v -23.000000 32.295202 48.325827
v -23.000000 31.150000 48.527757
v -23.000000 30.402523 49.418566
v -23.000000 30.402523 50.581434
v -23.000000 31.150000 51.472243
v -23.000000 32.295202 51.674173
v -23.000000 33.302276 51.092739
v -18.015000 32.000000 48.300000
v -18.015000 33.092739 48.697724
v -18.015000 33.674173 49.704798
v -18.015000 33.472243 50.850000
v -18.015000 32.581434 51.597477
v -18.015000 31.418566 51.597477
v -18.015000 30.527757 50.850000
v -18.015000 30.325827 49.704798
v -18.015000 30.907261 48.697724
v -4.595650 12.800000 100.000000
v -4.595650 12.800000 0.000000
v -50.400000 8.800000 2.950000
v -50.400000 8.800000 13.050000
v -51.600000 7.200000 13.050000
v -51.600000 7.200000 36.950000
v -50.400000 8.800000 36.950000
v -50.400000 8.800000 47.050000
v -50.400000 8.800000 52.950000
v -50.400000 8.800000 63.050000
v -51.600000 7.200000 63.050000
v -51.600000 7.200000 86.950000
v -50.400000 8.800000 86.950000
v -50.400000 8.800000 97.050000
v -48.000000 12.000000 100.000000
v -48.000000 12.000000 0.000000
v -50.040000 6.030000 13.050000
v -50.040000 6.030000 36.950000
v -50.040000 6.030000 63.050000
v -50.040000 6.030000 86.950000
v -40.800000 1.600000 35.000000
v -40.800000 1.600000 15.000000
v -33.000000 12.000000 15.000000
v -33.000000 12.000000 35.000000
v -42.360000 2.770000 47.050000
v -42.360000 2.770000 45.050000
v -23.240000 -11.570000 45.050000
v -23.240000 -11.570000 47.050000
v -15.160000 -17.630000 47.050000
v -15.160000 -17.630000 36.950000
v -16.760000 -16.430000 36.950000
v -16.760000 -16.430000 13.050000
v -15.160000 -17.630000 13.050000
v -15.160000 -17.630000 2.950000
v -23.240000 -11.570000 2.950000
v -23.240000 -11.570000 4.950000
v -42.360000 2.770000 4.950000
v -42.360000 2.770000 2.950000
v -48.840000 7.630000 13.050000
v -48.840000 7.630000 36.950000
v -40.800000 1.600000 85.000000
v -40.800000 1.600000 65.000000
v -33.000000 12.000000 65.000000
v -33.000000 12.000000 85.000000
v -42.360000 2.770000 97.050000
v -42.360000 2.770000 95.050000
v -23.240000 -11.570000 95.050000
v -23.240000 -11.570000 97.050000
v -15.160000 -17.630000 97.050000
v -15.160000 -17.630000 86.950000
v -16.760000 -16.430000 86.950000
v -16.760000 -16.430000 63.050000
v -15.160000 -17.630000 63.050000
v -15.160000 -17.630000 52.950000
v -23.240000 -11.570000 52.950000
v -23.240000 -11.570000 54.950000
v -42.360000 2.770000 54.950000
v -42.360000 2.770000 52.950000
v -48.840000 7.630000 63.050000
v -48.840000 7.630000 86.950000
v -12.930000 4.216053 100.000000
v -12.930000 -6.108950 100.000000
v -12.930000 -6.108950 0.000000
v -12.930000 4.216053 0.000000
v -7.088677 -19.560000 100.000000
v -7.088677 -19.560000 0.000000
v -7.366748 11.432017 100.000000
v -9.757466 9.473746 100.000000
v -11.644360 7.026300 100.000000
v -11.644360 7.026300 0.000000
v -9.757466 9.473746 0.000000
v -7.366748 11.432017 0.000000
v -11.644360 7.026300 50.000000
v -9.757466 9.473746 50.000000
v -10.880000 8.160000 50.000000
v -7.366748 11.432017 50.000000
vt -0.500000 -0.392699 0.000000
vt 1.000000 -0.392699 0.000000
vt -0.500000 -0.196350 0.000000
vt 1.000000 -0.196350 0.000000
vt -0.500000 -0.000000 0.000000
vt 1.000000 -0.000000 0.000000
vt -0.500000 0.196350 0.000000
vt 1.000000 0.196350 0.000000
vt -0.500000 0.392699 0.000000
vt 1.000000 0.392699 0.000000
vt -0.969772 0.390726 0.000000
vt -0.161680 0.447467 0.000000
vt -0.930000 0.500000 0.000000
vt -0.161680 0.552533 0.000000
vt -0.969772 0.609274 0.000000
vt -0.900000 1.000000 0.000000
vt -1.070480 0.667417 0.000000
vt -1.185000 0.647224 0.000000
vt -1.400000 1.500000 0.000000
vt -1.259748 0.558143 0.000000
vt -1.800000 1.500000 0.000000
vt -1.800000 -0.000000 0.000000
vt -1.070480 0.332583 0.000000
vt -0.000000 -0.000000 0.000000
vt -0.099923 0.362467 0.000000
vt -1.185000 0.352776 0.000000
vt -1.259748 0.441857 0.000000
vt 0.000000 0.330000 0.000000
vt -0.099923 0.637533 0.000000
vt -0.000000 1.000000 0.000000
vt -0.000000 0.670000 0.000000
vt -0.900000 2.000000 0.000000
vt -1.111940 -3.141342 0.000000
vt -1.003553 -3.303553 0.000000
vt -1.150000 -2.950000 0.000000
vt -0.841342 -3.411940 0.000000
vt -0.250000 -1.850000 0.000000
vt -0.650000 -3.450000 0.000000
vt -0.250000 -3.450000 0.000000
vt -1.150000 -1.850000 0.000000
vt -1.000000 -0.392699 0.000000
vt 0.500000 -0.392699 0.000000
vt -1.000000 -0.196350 0.000000
vt 0.500000 -0.196350 0.000000
vt -1.000000 0.000000 0.000000
vt 0.500000 -0.000000 0.000000
vt -1.000000 0.196350 0.000000
vt 0.500000 0.196350 0.000000
vt -1.000000 0.392699 0.000000
vt 0.500000 0.392699 0.000000
vt 1.800000 0.500000 0.000000
vt 1.259748 -0.441857 0.000000
vt 1.800000 -1.000000 0.000000
vt 1.259748 -0.558143 0.000000
vt 1.185000 -0.647224 0.000000
vt 1.400000 0.500000 0.000000
vt 1.185000 -0.352776 0.000000
vt 0.900000 0.000000 0.000000
vt 1.070480 -0.332583 0.000000
vt 0.969772 -0.390726 0.000000
vt 0.161680 -0.447467 0.000000
vt 0.930000 -0.500000 0.000000
vt 0.161680 -0.552533 0.000000
vt 0.969772 -0.609274 0.000000
vt 0.099923 -0.637533 0.000000
vt 0.000000 -1.000000 0.000000
vt -0.000000 -0.670000 0.000000
vt 0.900000 1.000000 0.000000
vt 0.099923 -0.362467 0.000000
vt 0.000000 0.000000 0.000000
vt 0.000000 -0.330000 0.000000
vt 1.070480 -0.667417 0.000000
vt 0.841342 -3.411940 0.000000
vt 0.613326 -2.641916 0.000000
vt 0.650000 -3.450000 0.000000
vt 0.504614 -2.804614 0.000000
vt 0.341916 -2.913326 0.000000
vt 1.003553 -3.303553 0.000000
vt 1.111940 -3.141342 0.000000
vt 1.150000 -2.950000 0.000000
vt 1.150000 0.650000 0.000000
vt 0.651500 0.150000 0.000000
vt 0.651500 -2.450000 0.000000
vt 0.613326 0.341916 0.000000
vt 1.111940 0.841342 0.000000
vt 1.003553 1.003553 0.000000
vt 0.841342 1.111940 0.000000
vt 0.650000 1.150000 0.000000
vt 0.504614 0.504614 0.000000
vt 0.341916 0.613326 0.000000
vt 0.150000 0.651500 0.000000
vt -1.150000 1.150000 0.000000
vt -1.150000 0.651500 0.000000
vt 0.150000 -2.951500 0.000000
vt -1.150000 -3.450000 0.000000
vt -1.150000 -2.951500 0.000000
vt 4.225000 0.353553 0.000000
vt 2.625000 0.353553 0.000000
vt 4.225000 -0.353553 0.000000
vt 2.125000 -0.353553 0.000000
vt 0.475000 -0.353553 0.000000
vt -0.025000 0.353553 0.000000
vt -0.925000 -0.353553 0.000000
vt -0.925000 0.353553 0.000000
vt -0.250000 1.150000 0.000000
vt -0.650000 1.150000 0.000000
vt -0.250000 -0.450000 0.000000
vt -0.841342 1.111940 0.000000
vt -1.150000 0.650000 0.000000
vt -1.003553 1.003553 0.000000
vt -1.111940 0.841342 0.000000
vt -1.150000 -0.450000 0.000000
vt 8.500000 -0.353553 0.000000
vt 10.000000 -0.353553 0.000000
vt 8.500000 -0.191929 0.000000
vt 9.000000 0.019774 0.000000
vt 6.500000 -0.191929 0.000000
vt 8.831991 0.083439 0.000000
vt 7.300000 0.353553 0.000000
vt 8.786973 0.193709 0.000000
vt 8.709000 0.257374 0.000000
vt 9.168009 0.083439 0.000000
vt 10.000000 0.353553 0.000000
vt 9.213027 0.193709 0.000000
vt 9.291000 0.257374 0.000000
vt 9.291000 0.353553 0.000000
vt 9.077973 0.083439 0.000000
vt 8.922027 0.083439 0.000000
vt 8.709000 0.353553 0.000000
vt 5.200000 0.353553 0.000000
vt 5.700000 -0.353553 0.000000
vt 6.500000 -0.353553 0.000000
vt 1.400000 -0.353553 0.000000
vt 2.300000 -0.353553 0.000000
vt 1.400000 0.353553 0.000000
vt 2.800000 0.353553 0.000000
vt -0.000000 0.000000 0.000000
vt -0.353553 -0.612372 0.000000
vt 0.353553 -0.612372 0.000000
vt 0.707107 -0.000000 0.000000
vt -0.000000 0.000000 0.000000
vt 0.353553 -0.612372 0.000000
vt -1.400000 0.353553 0.000000
vt -2.300000 0.353553 0.000000
vt -1.400000 -0.353553 0.000000
vt -2.300000 -0.353553 0.000000
vt 3.500000 -0.353553 0.000000
vt 4.300000 -0.353553 0.000000
vt 3.500000 -0.191929 0.000000
vt 4.300000 0.353553 0.000000
vt 2.700000 0.353553 0.000000
vt 1.291000 0.353553 0.000000
vt 1.291000 0.257374 0.000000
vt 1.213027 0.193709 0.000000
vt 1.168009 0.083439 0.000000
vt 1.077973 0.083439 0.000000
vt 1.000000 0.019774 0.000000
vt 1.500000 -0.191929 0.000000
vt 0.922027 0.083439 0.000000
vt 0.831991 0.083439 0.000000
vt 0.000000 -0.353553 0.000000
vt 1.500000 -0.353553 0.000000
vt -0.000000 0.353553 0.000000
vt 0.786973 0.193709 0.000000
vt 0.709000 0.257374 0.000000
vt 0.709000 0.353553 0.000000
vt -0.375000 -0.353553 0.000000
vt 1.225000 -0.353553 0.000000
vt -0.375000 0.353553 0.000000
vt 1.225000 0.353553 0.000000
vt 0.925000 -0.353553 0.000000
vt 0.925000 0.353553 0.000000
vt 0.025000 -0.353553 0.000000
vt 0.025000 0.353553 0.000000
vt -1.500000 2.700000 0.000000
vt -0.768009 1.291000 0.000000
vt -0.500000 2.700000 0.000000
vt -0.677973 1.291000 0.000000
vt -0.600000 1.336018 0.000000
vt -1.500000 0.000000 0.000000
vt -0.936018 1.000000 0.000000
vt -0.891000 1.168009 0.000000
vt -0.813027 1.213027 0.000000
vt -0.500000 0.000000 0.000000
vt -0.768009 0.709000 0.000000
vt -0.891000 0.831991 0.000000
vt -0.891000 0.922027 0.000000
vt -0.500000 0.709000 0.000000
vt -0.522027 0.709000 0.000000
vt -0.600000 0.663982 0.000000
vt -0.677973 0.709000 0.000000
vt -0.813027 0.786973 0.000000
vt -0.891000 1.077973 0.000000
vt -0.522027 1.291000 0.000000
vt -0.500000 1.291000 0.000000
vt -4.200000 0.700000 0.000000
vt -3.824099 0.604132 0.000000
vt -3.600000 1.300000 0.000000
vt -3.728131 0.659539 0.000000
vt -3.619000 0.640296 0.000000
vt -3.862000 0.500000 0.000000
vt -4.200000 0.000000 0.000000
vt -3.824099 0.395868 0.000000
vt -3.728131 0.340461 0.000000
vt -3.156000 0.000000 0.000000
vt -3.619000 0.359704 0.000000
vt -3.547770 0.444593 0.000000
vt -3.547770 0.555407 0.000000
vt -3.600000 7.700000 0.000000
vt -3.156000 10.000000 0.000000
vt -3.547770 8.444593 0.000000
vt -3.547770 8.555407 0.000000
vt -3.600000 10.000000 0.000000
vt -3.600000 9.300000 0.000000
vt -4.200000 8.700000 0.000000
vt -3.824099 8.604132 0.000000
vt -3.728131 8.659539 0.000000
vt -3.619000 8.640296 0.000000
vt -3.862000 8.500000 0.000000
vt -4.200000 8.300000 0.000000
vt -3.824099 8.395868 0.000000
vt -3.728131 8.340461 0.000000
vt -3.619000 8.359704 0.000000
vt -0.450000 -0.636396 0.000000
vt 0.150000 -0.636396 0.000000
vt -0.450000 0.212132 0.000000
vt 0.150000 0.212132 0.000000
vt 0.000000 1.300000 0.000000
vt -0.600000 7.700000 0.000000
vt -0.600000 1.300000 0.000000
vt -1.000000 0.791000 0.000000
vt -0.600000 0.791000 0.000000
vt 0.000000 7.700000 0.000000
vt -0.600000 8.209000 0.000000
vt -1.000000 8.209000 0.000000
vt -0.450000 -0.636396 0.000000
vt 0.150000 -0.636396 0.000000
vt -0.450000 0.212132 0.000000
vt 0.150000 0.212132 0.000000
vt 0.000000 9.300000 0.000000
vt -0.000000 10.000000 0.000000
vt -0.600000 9.300000 0.000000
vt -1.000000 10.000000 0.000000
vt -1.000000 8.791000 0.000000
vt -0.600000 8.791000 0.000000
vt -0.600000 1.300000 0.000000
vt -0.331991 0.791000 0.000000
vt -0.000000 0.700000 0.000000
vt -0.209000 0.668009 0.000000
vt -0.163982 0.500000 0.000000
vt -0.209000 0.577973 0.000000
vt -0.600000 0.791000 0.000000
vt -0.577973 0.791000 0.000000
vt -0.500000 0.836018 0.000000
vt -0.422027 0.791000 0.000000
vt -0.286973 0.713027 0.000000
vt -0.209000 0.422027 0.000000
vt -0.209000 0.331991 0.000000
vt -0.000000 0.300000 0.000000
vt -0.286973 0.286973 0.000000
vt -0.331991 0.209000 0.000000
vt -0.600000 -0.300000 0.000000
vt -0.422027 0.209000 0.000000
vt -0.500000 0.163982 0.000000
vt -0.577973 0.209000 0.000000
vt -0.600000 0.209000 0.000000
vt 0.450000 0.212132 0.000000
vt -0.150000 0.212132 0.000000
vt 0.450000 -0.636396 0.000000
vt -0.150000 -0.636396 0.000000
vt 2.000000 2.520000 0.000000
vt -0.000000 2.520000 0.000000
vt 2.000000 0.200000 0.000000
vt -0.000000 0.200000 0.000000
vt 2.000000 2.520000 0.000000
vt -0.000000 2.520000 0.000000
vt 2.000000 0.200000 0.000000
vt -0.000000 0.200000 0.000000
vt 1.000000 -0.542857 0.000000
vt -1.000000 -0.542857 0.000000
vt 1.000000 -1.000000 0.000000
vt -1.000000 -1.000000 0.000000
vt 1.000000 -0.542857 0.000000
vt -1.000000 -0.542857 0.000000
vt 1.000000 -1.000000 0.000000
vt -1.000000 -1.000000 0.000000
vt 0.090036 0.000000 0.000000
vt 0.000000 0.000000 0.000000
vt 0.090036 -0.250000 0.000000
vt -0.000000 -0.250000 0.000000
vt 0.090036 0.000000 0.000000
vt 0.000000 0.000000 0.000000
vt 0.090036 -0.250000 0.000000
vt -0.000000 -0.250000 0.000000
vt 0.090036 -0.000000 0.000000
vt -0.000000 0.000000 0.000000
vt 0.090036 -0.250000 0.000000
vt -0.000000 -0.250000 0.000000
vt 0.090036 0.000000 0.000000
vt 0.000000 0.000000 0.000000
vt 0.090036 -0.250000 0.000000
vt -0.000000 -0.250000 0.000000
vt 0.090036 0.000000 0.000000
vt 0.000000 0.000000 0.000000
vt 0.090036 -0.250000 0.000000
vt -0.000000 -0.250000 0.000000
vt 0.090036 0.000000 0.000000
vt 0.000000 0.000000 0.000000
vt 0.090036 -0.250000 0.000000
vt 0.000000 -0.250000 0.000000
vt 0.090036 0.000000 0.000000
vt 0.000000 0.000000 0.000000
vt 0.090036 -0.250000 0.000000
vt -0.000000 -0.250000 0.000000
vt 0.090036 0.000000 0.000000
vt -0.000000 0.000000 0.000000
vt 0.090036 -0.250000 0.000000
vt 0.000000 -0.250000 0.000000
vt 0.090036 0.000000 0.000000
vt -0.000000 0.000000 0.000000
vt 0.090036 -0.250000 0.000000
vt -0.000000 -0.250000 0.000000
vt 0.090036 -0.000000 0.000000
vt -0.000000 0.000000 0.000000
vt 0.090036 -0.250000 0.000000
vt 0.000000 -0.250000 0.000000
vt 0.090036 -0.000000 0.000000
vt -0.000000 0.000000 0.000000
vt 0.090036 -0.250000 0.000000
vt 0.000000 -0.250000 0.000000
vt 0.090036 0.000000 0.000000
vt 0.000000 0.000000 0.000000
vt 0.090036 -0.250000 0.000000
vt 0.000000 -0.250000 0.000000
vt 0.090036 -0.000000 0.000000
vt 0.068009 -0.000000 0.000000
vt 0.090036 -0.250000 0.000000
vt 0.000000 -0.250000 0.000000
vt 0.000000 0.490679 0.000000
vt 0.068009 0.400000 0.000000
vt -0.104132 -0.124099 0.000000
vt -0.077973 -0.291000 0.000000
vt 0.000000 -0.162000 0.000000
vt -0.000000 -0.336018 0.000000
vt 0.077973 -0.291000 0.000000
vt -0.159539 -0.028131 0.000000
vt -0.291000 -0.077973 0.000000
vt -0.291000 -0.168009 0.000000
vt -0.213027 -0.213027 0.000000
vt -0.140296 0.081000 0.000000
vt -0.291000 0.077973 0.000000
vt -0.336018 0.000000 0.000000
vt -0.055407 0.152230 0.000000
vt -0.213027 0.213027 0.000000
vt -0.291000 0.168009 0.000000
vt 0.055407 0.152230 0.000000
vt -0.077973 0.291000 0.000000
vt -0.168009 0.291000 0.000000
vt 0.140296 0.081000 0.000000
vt 0.213027 0.213027 0.000000
vt 0.168009 0.291000 0.000000
vt 0.077973 0.291000 0.000000
vt 0.159539 -0.028131 0.000000
vt 0.291000 0.077973 0.000000
vt 0.291000 0.168009 0.000000
vt 0.104132 -0.124099 0.000000
vt 0.291000 -0.077973 0.000000
vt 0.336018 -0.000000 0.000000
vt 0.168009 -0.291000 0.000000
vt 0.213027 -0.213027 0.000000
vt 0.291000 -0.168009 0.000000
vt 0.000000 0.336018 0.000000
vt -0.168009 -0.291000 0.000000
vt 0.000000 0.550702 0.000000
vt 0.000000 -0.250000 0.000000
vt 0.090036 0.490679 0.000000
vt 0.090036 -0.250000 0.000000
vt 0.000000 0.654667 0.000000
vt 0.000000 -0.250000 0.000000
vt 0.090036 0.550702 0.000000
vt 0.090036 -0.250000 0.000000
vt 0.090036 0.654667 0.000000
vt 0.000000 0.654667 0.000000
vt 0.090036 -0.250000 0.000000
vt 0.000000 -0.250000 0.000000
vt 0.000000 0.714690 0.000000
vt 0.000000 -0.250000 0.000000
vt 0.090036 0.654667 0.000000
vt 0.090036 -0.250000 0.000000
vt 0.090036 0.714690 0.000000
vt -0.000000 0.654667 0.000000
vt 0.090036 -0.250000 0.000000
vt -0.000000 -0.250000 0.000000
vt 0.090036 0.654667 0.000000
vt 0.000000 0.654667 0.000000
vt 0.090036 -0.250000 0.000000
vt 0.000000 -0.250000 0.000000
vt 0.090036 0.654667 0.000000
vt -0.000000 0.550702 0.000000
vt 0.090036 -0.250000 0.000000
vt -0.000000 -0.250000 0.000000
vt 0.090036 0.550702 0.000000
vt -0.000000 0.490679 0.000000
vt 0.090036 -0.250000 0.000000
vt -0.000000 -0.250000 0.000000
vt 0.000000 0.000000 0.000000
vt -0.000000 -0.250000 0.000000
vt 0.022027 0.000000 0.000000
vt 0.090036 -0.250000 0.000000
vt 0.090036 0.490679 0.000000
vt 0.022027 0.400000 0.000000
vt 0.090036 -0.000000 0.000000
vt 0.000000 0.000000 0.000000
vt 0.090036 -0.250000 0.000000
vt -0.000000 -0.250000 0.000000
vt 0.090036 0.000000 0.000000
vt 0.000000 0.000000 0.000000
vt 0.090036 -0.250000 0.000000
vt -0.000000 -0.250000 0.000000
vt -0.350000 0.395841 0.000000
vt -0.000000 0.395841 0.000000
vt -0.350000 0.508938 0.000000
vt 0.000000 0.508938 0.000000
vt -0.350000 -0.508938 0.000000
vt 0.000000 -0.508938 0.000000
vt -0.350000 -0.395841 0.000000
vt -0.000000 -0.395841 0.000000
vt -0.350000 -0.282743 0.000000
vt -0.000000 -0.282743 0.000000
vt -0.350000 -0.169646 0.000000
vt -0.000000 -0.169646 0.000000
vt -0.350000 -0.056549 0.000000
vt -0.000000 -0.056549 0.000000
vt -0.350000 0.056549 0.000000
vt -0.000000 0.056549 0.000000
vt -0.350000 0.169646 0.000000
vt -0.000000 0.169646 0.000000
vt -0.350000 0.282743 0.000000
vt -0.000000 0.282743 0.000000
vt -0.113348 8.209000 0.000000
vt -0.795000 6.305000 0.000000
vt -0.000000 8.209000 0.000000
vt -0.795000 5.295000 0.000000
vt -0.795000 4.705000 0.000000
vt -1.805000 5.295000 0.000000
vt -1.805000 4.705000 0.000000
vt -4.195000 5.295000 0.000000
vt -4.195000 4.705000 0.000000
vt -5.200000 5.295000 0.000000
vt -5.200000 4.705000 0.000000
vt -0.188378 8.286973 0.000000
vt -0.318333 8.331991 0.000000
vt -0.318333 8.422027 0.000000
vt -0.393363 8.500000 0.000000
vt -0.795000 8.695000 0.000000
vt -0.995000 6.305000 0.000000
vt -0.995000 8.695000 0.000000
vt -0.318333 8.577973 0.000000
vt -0.318333 8.668009 0.000000
vt -0.188378 8.713027 0.000000
vt -0.113348 8.791000 0.000000
vt -0.000000 10.000000 0.000000
vt -0.795000 9.705000 0.000000
vt -1.805000 9.705000 0.000000
vt -5.200000 10.000000 0.000000
vt -4.195000 9.705000 0.000000
vt -5.200000 9.705000 0.000000
vt -0.000000 8.791000 0.000000
vt -4.195000 9.505000 0.000000
vt -1.805000 9.505000 0.000000
vt -1.805000 5.495000 0.000000
vt -4.195000 5.495000 0.000000
vt -4.195000 4.505000 0.000000
vt -1.805000 4.505000 0.000000
vt -0.000000 0.791000 0.000000
vt -0.795000 3.695000 0.000000
vt -0.113348 0.791000 0.000000
vt -0.795000 1.305000 0.000000
vt -0.318333 0.668009 0.000000
vt -0.393363 0.500000 0.000000
vt -0.318333 0.577973 0.000000
vt -0.995000 3.695000 0.000000
vt -0.995000 1.305000 0.000000
vt -0.795000 0.295000 0.000000
vt -0.318333 0.331991 0.000000
vt -0.318333 0.422027 0.000000
vt -0.000000 0.000000 0.000000
vt -1.805000 0.295000 0.000000
vt -5.200000 0.000000 0.000000
vt -4.195000 0.295000 0.000000
vt -5.200000 0.295000 0.000000
vt -1.805000 0.495000 0.000000
vt -4.195000 0.495000 0.000000
vt -0.000000 0.209000 0.000000
vt -0.113348 0.209000 0.000000
vt -0.188378 0.286973 0.000000
vt -0.188378 0.713027 0.000000
vt -0.000000 0.700000 0.000000
vt -0.600000 0.700000 0.000000
vt -0.000000 0.300000 0.000000
vt -0.600000 0.300000 0.000000
vt 0.000000 0.000000 0.000000
vt 0.090036 0.000000 0.000000
vt 0.000000 0.250000 0.000000
vt 0.090036 0.250000 0.000000
vt 0.000000 0.000000 0.000000
vt 0.090036 -0.000000 0.000000
vt 0.000000 0.250000 0.000000
vt 0.090036 0.250000 0.000000
vt 0.000000 0.000000 0.000000
vt 0.090036 -0.000000 0.000000
vt 0.000000 0.250000 0.000000
vt 0.090036 0.250000 0.000000
vt 0.000000 0.000000 0.000000
vt 0.090036 0.000000 0.000000
vt 0.000000 0.250000 0.000000
vt 0.090036 0.250000 0.000000
vt 0.000000 0.000000 0.000000
vt 0.090036 0.000000 0.000000
vt -0.000000 0.250000 0.000000
vt 0.090036 0.250000 0.000000
vt 0.000000 0.000000 0.000000
vt 0.090036 0.000000 0.000000
vt 0.000000 0.250000 0.000000
vt 0.090036 0.250000 0.000000
vt 0.000000 0.000000 0.000000
vt 0.090036 0.000000 0.000000
vt -0.000000 0.250000 0.000000
vt 0.090036 0.250000 0.000000
vt 0.000000 0.000000 0.000000
vt 0.090036 0.000000 0.000000
vt -0.000000 0.250000 0.000000
vt 0.090036 0.250000 0.000000
vt 0.000000 0.000000 0.000000
vt 0.090036 -0.000000 0.000000
vt -0.000000 0.250000 0.000000
vt 0.090036 0.250000 0.000000
vt 0.000000 0.000000 0.000000
vt 0.090036 0.000000 0.000000
vt -0.000000 0.250000 0.000000
vt 0.090036 0.250000 0.000000
vt 0.000000 0.000000 0.000000
vt 0.090036 0.000000 0.000000
vt -0.000000 0.250000 0.000000
vt 0.090036 0.250000 0.000000
vt 0.000000 0.000000 0.000000
vt 0.090036 -0.000000 0.000000
vt -0.000000 0.250000 0.000000
vt 0.090036 0.250000 0.000000
vt 0.000000 0.000000 0.000000
vt 0.090036 -0.000000 0.000000
vt -0.000000 0.250000 0.000000
vt 0.090036 0.250000 0.000000
vt 0.000000 -0.068009 0.000000
vt 0.068009 -0.000000 0.000000
vt -0.000000 0.250000 0.000000
vt 0.090036 0.250000 0.000000
vt 0.090036 -0.000000 0.000000
vt 0.000000 -0.113027 0.000000
vt 0.090036 -0.068009 0.000000
vt -0.000000 0.250000 0.000000
vt 0.090036 0.250000 0.000000
vt 0.000000 -0.191000 0.000000
vt 0.090036 -0.113027 0.000000
vt -0.000000 0.250000 0.000000
vt 0.090036 0.250000 0.000000
vt -0.000000 -0.191000 0.000000
vt 0.090036 -0.191000 0.000000
vt 0.000000 0.250000 0.000000
vt 0.090036 0.250000 0.000000
vt 0.000000 -0.236018 0.000000
vt 0.090036 -0.191000 0.000000
vt -0.000000 0.250000 0.000000
vt 0.090036 0.250000 0.000000
vt 0.000000 0.250000 0.000000
vt -0.000000 -0.191000 0.000000
vt 0.090036 0.250000 0.000000
vt 0.090036 -0.236018 0.000000
vt -0.000000 -0.191000 0.000000
vt 0.090036 -0.191000 0.000000
vt 0.000000 0.250000 0.000000
vt 0.090036 0.250000 0.000000
vt 0.000000 0.250000 0.000000
vt -0.000000 -0.113027 0.000000
vt 0.090036 0.250000 0.000000
vt 0.090036 -0.191000 0.000000
vt 0.000000 0.250000 0.000000
vt -0.000000 -0.068009 0.000000
vt 0.090036 0.250000 0.000000
vt 0.090036 -0.113027 0.000000
vt 0.000000 0.000000 0.000000
vt 0.022027 -0.000000 0.000000
vt 0.000000 0.250000 0.000000
vt 0.090036 0.250000 0.000000
vt 0.090036 -0.068009 0.000000
vt 0.000000 0.000000 0.000000
vt 0.090036 0.000000 0.000000
vt 0.000000 0.250000 0.000000
vt 0.090036 0.250000 0.000000
vt -0.104132 -0.124099 0.000000
vt -0.077973 -0.291000 0.000000
vt 0.000000 -0.162000 0.000000
vt -0.000000 -0.336018 0.000000
vt 0.077973 -0.291000 0.000000
vt -0.159539 -0.028131 0.000000
vt -0.291000 -0.077973 0.000000
vt -0.291000 -0.168009 0.000000
vt -0.213027 -0.213027 0.000000
vt -0.140296 0.081000 0.000000
vt -0.291000 0.077973 0.000000
vt -0.336018 0.000000 0.000000
vt -0.055407 0.152230 0.000000
vt -0.213027 0.213027 0.000000
vt -0.291000 0.168009 0.000000
vt 0.055407 0.152230 0.000000
vt -0.077973 0.291000 0.000000
vt -0.168009 0.291000 0.000000
vt 0.140296 0.081000 0.000000
vt 0.213027 0.213027 0.000000
vt 0.168009 0.291000 0.000000
vt 0.077973 0.291000 0.000000
vt 0.159539 -0.028131 0.000000
vt 0.291000 0.077973 0.000000
vt 0.291000 0.168009 0.000000
vt 0.104132 -0.124099 0.000000
vt 0.291000 -0.077973 0.000000
vt 0.336018 -0.000000 0.000000
vt 0.168009 -0.291000 0.000000
vt 0.213027 -0.213027 0.000000
vt -0.168009 -0.291000 0.000000
vt 0.291000 -0.168009 0.000000
vt 0.000000 0.336018 0.000000
vt -0.650000 0.395841 0.000000
vt -0.000000 0.395841 0.000000
vt -0.650000 0.508938 0.000000
vt 0.000000 0.508938 0.000000
vt -0.650000 -0.508938 0.000000
vt 0.000000 -0.508938 0.000000
vt -0.650000 -0.395841 0.000000
vt -0.000000 -0.395841 0.000000
vt -0.650000 -0.282743 0.000000
vt -0.000000 -0.282743 0.000000
vt -0.650000 -0.169646 0.000000
vt -0.000000 -0.169646 0.000000
vt -0.650000 -0.056549 0.000000
vt -0.000000 -0.056549 0.000000
vt -0.650000 0.056549 0.000000
vt -0.000000 0.056549 0.000000
vt -0.650000 0.169646 0.000000
vt -0.000000 0.169646 0.000000
vt -0.650000 0.282743 0.000000
vt -0.000000 0.282743 0.000000
vt 0.090036 0.000000 0.000000
vt 0.000000 0.000000 0.000000
vt 0.090036 -0.250000 0.000000
vt -0.000000 -0.250000 0.000000
vt 0.090036 0.000000 0.000000
vt -0.000000 -0.000000 0.000000
vt 0.090036 -0.250000 0.000000
vt -0.000000 -0.250000 0.000000
vt 0.090036 -0.000000 0.000000
vt -0.000000 0.000000 0.000000
vt 0.090036 -0.250000 0.000000
vt -0.000000 -0.250000 0.000000
vt 0.090036 0.000000 0.000000
vt 0.000000 0.000000 0.000000
vt 0.090036 -0.250000 0.000000
vt -0.000000 -0.250000 0.000000
vt 0.090036 0.000000 0.000000
vt -0.000000 -0.000000 0.000000
vt 0.090036 -0.250000 0.000000
vt -0.000000 -0.250000 0.000000
vt 0.090036 0.000000 0.000000
vt -0.000000 0.000000 0.000000
vt 0.090036 -0.250000 0.000000
vt 0.000000 -0.250000 0.000000
vt 0.090036 0.000000 0.000000
vt 0.000000 0.000000 0.000000
vt 0.090036 -0.250000 0.000000
vt -0.000000 -0.250000 0.000000
vt 0.090036 0.000000 0.000000
vt -0.000000 0.000000 0.000000
vt 0.090036 -0.250000 0.000000
vt 0.000000 -0.250000 0.000000
vt 0.090036 0.000000 0.000000
vt -0.000000 0.000000 0.000000
vt 0.090036 -0.250000 0.000000
vt 0.000000 -0.250000 0.000000
vt 0.090036 -0.000000 0.000000
vt -0.000000 0.000000 0.000000
vt 0.090036 -0.250000 0.000000
vt 0.000000 -0.250000 0.000000
vt 0.090036 -0.000000 0.000000
vt -0.000000 0.000000 0.000000
vt 0.090036 -0.250000 0.000000
vt 0.000000 -0.250000 0.000000
vt 0.090036 0.000000 0.000000
vt -0.000000 0.000000 0.000000
vt 0.090036 -0.250000 0.000000
vt 0.000000 -0.250000 0.000000
vt 0.090036 -0.000000 0.000000
vt 0.068009 -0.000000 0.000000
vt 0.090036 -0.250000 0.000000
vt 0.000000 -0.250000 0.000000
vt 0.000000 0.490679 0.000000
vt 0.068009 0.400000 0.000000
vt -0.104132 -0.124099 0.000000
vt -0.077973 -0.291000 0.000000
vt -0.000000 -0.162000 0.000000
vt -0.000000 -0.336018 0.000000
vt 0.077973 -0.291000 0.000000
vt -0.159539 -0.028131 0.000000
vt -0.291000 -0.077973 0.000000
vt -0.291000 -0.168009 0.000000
vt -0.213027 -0.213027 0.000000
vt -0.140296 0.081000 0.000000
vt -0.291000 0.077973 0.000000
vt -0.336018 0.000000 0.000000
vt -0.055407 0.152230 0.000000
vt -0.213027 0.213027 0.000000
vt -0.291000 0.168009 0.000000
vt 0.055407 0.152230 0.000000
vt -0.077973 0.291000 0.000000
vt -0.168009 0.291000 0.000000
vt 0.140296 0.081000 0.000000
vt 0.213027 0.213027 0.000000
vt 0.168009 0.291000 0.000000
vt 0.077973 0.291000 0.000000
vt 0.159539 -0.028131 0.000000
vt 0.291000 0.077973 0.000000
vt 0.291000 0.168009 0.000000
vt 0.104132 -0.124099 0.000000
vt 0.291000 -0.077973 0.000000
vt 0.336018 -0.000000 0.000000
vt 0.168009 -0.291000 0.000000
vt 0.213027 -0.213027 0.000000
vt 0.291000 -0.168009 0.000000
vt 0.000000 0.336018 0.000000
vt -0.168009 -0.291000 0.000000
vt 0.000000 0.550702 0.000000
vt 0.000000 -0.250000 0.000000
vt 0.090036 0.490679 0.000000
vt 0.090036 -0.250000 0.000000
vt 0.000000 0.654667 0.000000
vt 0.000000 -0.250000 0.000000
vt 0.090036 0.550702 0.000000
vt 0.090036 -0.250000 0.000000
vt 0.090036 0.654667 0.000000
vt 0.000000 0.654667 0.000000
vt 0.090036 -0.250000 0.000000
vt 0.000000 -0.250000 0.000000
vt 0.000000 0.714690 0.000000
vt 0.000000 -0.250000 0.000000
vt 0.090036 0.654667 0.000000
vt 0.090036 -0.250000 0.000000
vt 0.090036 0.714690 0.000000
vt -0.000000 0.654667 0.000000
vt 0.090036 -0.250000 0.000000
vt -0.000000 -0.250000 0.000000
vt 0.090036 0.654667 0.000000
vt 0.000000 0.654667 0.000000
vt 0.090036 -0.250000 0.000000
vt 0.000000 -0.250000 0.000000
vt 0.090036 0.654667 0.000000
vt -0.000000 0.550702 0.000000
vt 0.090036 -0.250000 0.000000
vt -0.000000 -0.250000 0.000000
vt 0.090036 0.550702 0.000000
vt -0.000000 0.490679 0.000000
vt 0.090036 -0.250000 0.000000
vt -0.000000 -0.250000 0.000000
vt -0.000000 0.000000 0.000000
vt -0.000000 -0.250000 0.000000
vt 0.022027 0.000000 0.000000
vt 0.090036 -0.250000 0.000000
vt 0.090036 0.490679 0.000000
vt 0.022027 0.400000 0.000000
vt 0.090036 -0.000000 0.000000
vt 0.000000 0.000000 0.000000
vt 0.090036 -0.250000 0.000000
vt -0.000000 -0.250000 0.000000
vt 0.090036 0.000000 0.000000
vt -0.000000 0.000000 0.000000
vt 0.090036 -0.250000 0.000000
vt -0.000000 -0.250000 0.000000
vt -0.600000 1.300000 0.000000
vt -0.331991 0.791000 0.000000
vt -0.000000 0.700000 0.000000
vt -0.209000 0.668009 0.000000
vt -0.163982 0.500000 0.000000
vt -0.209000 0.577973 0.000000
vt -0.600000 0.791000 0.000000
vt -0.577973 0.791000 0.000000
vt -0.500000 0.836018 0.000000
vt -0.422027 0.791000 0.000000
vt -0.286973 0.713027 0.000000
vt -0.209000 0.422027 0.000000
vt -0.209000 0.331991 0.000000
vt -0.000000 0.000000 0.000000
vt -0.286973 0.286973 0.000000
vt -0.331991 0.209000 0.000000
vt -0.600000 0.000000 0.000000
vt -0.422027 0.209000 0.000000
vt -0.500000 0.163982 0.000000
vt -0.577973 0.209000 0.000000
vt -0.600000 0.209000 0.000000
vt -0.350000 0.395841 0.000000
vt -0.000000 0.395841 0.000000
vt -0.350000 0.508938 0.000000
vt 0.000000 0.508938 0.000000
vt -0.350000 -0.508938 0.000000
vt 0.000000 -0.508938 0.000000
vt -0.350000 -0.395841 0.000000
vt -0.000000 -0.395841 0.000000
vt -0.350000 -0.282743 0.000000
vt -0.000000 -0.282743 0.000000
vt -0.350000 -0.169646 0.000000
vt -0.000000 -0.169646 0.000000
vt -0.350000 -0.056549 0.000000
vt -0.000000 -0.056549 0.000000
vt -0.350000 0.056549 0.000000
vt -0.000000 0.056549 0.000000
vt -0.350000 0.169646 0.000000
vt -0.000000 0.169646 0.000000
vt -0.350000 0.282743 0.000000
vt -0.000000 0.282743 0.000000
vt -0.600000 0.209000 0.000000
vt -1.000000 0.209000 0.000000
vt -0.600000 0.000000 0.000000
vt -1.000000 0.000000 0.000000
vt -0.000000 0.700000 0.000000
vt -0.600000 0.700000 0.000000
vt -0.000000 0.000000 0.000000
vt -0.600000 0.000000 0.000000
vt -0.500000 7.300000 0.000000
vt -0.768009 8.709000 0.000000
vt -1.500000 7.300000 0.000000
vt -0.891000 8.831991 0.000000
vt -0.936018 9.000000 0.000000
vt -0.891000 8.922027 0.000000
vt -0.500000 8.709000 0.000000
vt -0.600000 8.663982 0.000000
vt -0.677973 8.709000 0.000000
vt -0.522027 8.709000 0.000000
vt -0.813027 8.786973 0.000000
vt -0.891000 9.077973 0.000000
vt -0.891000 9.168009 0.000000
vt -1.500000 10.000000 0.000000
vt -0.813027 9.213027 0.000000
vt -0.768009 9.291000 0.000000
vt -0.500000 10.000000 0.000000
vt -0.677973 9.291000 0.000000
vt -0.600000 9.336018 0.000000
vt -0.522027 9.291000 0.000000
vt -0.500000 9.291000 0.000000
vt 0.000000 -0.000000 0.000000
vt 0.090036 0.000000 0.000000
vt 0.000000 0.250000 0.000000
vt 0.090036 0.250000 0.000000
vt 0.000000 0.000000 0.000000
vt 0.090036 -0.000000 0.000000
vt 0.000000 0.250000 0.000000
vt 0.090036 0.250000 0.000000
vt -0.000000 0.000000 0.000000
vt 0.090036 -0.000000 0.000000
vt -0.000000 0.250000 0.000000
vt 0.090036 0.250000 0.000000
vt 0.000000 0.000000 0.000000
vt 0.090036 0.000000 0.000000
vt 0.000000 0.250000 0.000000
vt 0.090036 0.250000 0.000000
vt 0.000000 0.000000 0.000000
vt 0.090036 0.000000 0.000000
vt -0.000000 0.250000 0.000000
vt 0.090036 0.250000 0.000000
vt 0.000000 0.000000 0.000000
vt 0.090036 0.000000 0.000000
vt 0.000000 0.250000 0.000000
vt 0.090036 0.250000 0.000000
vt 0.000000 0.000000 0.000000
vt 0.090036 0.000000 0.000000
vt -0.000000 0.250000 0.000000
vt 0.090036 0.250000 0.000000
vt 0.000000 0.000000 0.000000
vt 0.090036 0.000000 0.000000
vt -0.000000 0.250000 0.000000
vt 0.090036 0.250000 0.000000
vt 0.000000 0.000000 0.000000
vt 0.090036 -0.000000 0.000000
vt -0.000000 0.250000 0.000000
vt 0.090036 0.250000 0.000000
vt 0.000000 0.000000 0.000000
vt 0.090036 0.000000 0.000000
vt -0.000000 0.250000 0.000000
vt 0.090036 0.250000 0.000000
vt 0.000000 0.000000 0.000000
vt 0.090036 0.000000 0.000000
vt -0.000000 0.250000 0.000000
vt 0.090036 0.250000 0.000000
vt 0.000000 0.000000 0.000000
vt 0.090036 -0.000000 0.000000
vt -0.000000 0.250000 0.000000
vt 0.090036 0.250000 0.000000
vt -0.000000 -0.000000 0.000000
vt 0.090036 -0.000000 0.000000
vt -0.000000 0.250000 0.000000
vt 0.090036 0.250000 0.000000
vt 0.000000 -0.068009 0.000000
vt 0.068009 -0.000000 0.000000
vt -0.000000 0.250000 0.000000
vt 0.090036 0.250000 0.000000
vt 0.090036 -0.000000 0.000000
vt 0.000000 -0.113027 0.000000
vt 0.090036 -0.068009 0.000000
vt -0.000000 0.250000 0.000000
vt 0.090036 0.250000 0.000000
vt 0.000000 -0.191000 0.000000
vt 0.090036 -0.113027 0.000000
vt -0.000000 0.250000 0.000000
vt 0.090036 0.250000 0.000000
vt 0.000000 -0.191000 0.000000
vt 0.090036 -0.191000 0.000000
vt 0.000000 0.250000 0.000000
vt 0.090036 0.250000 0.000000
vt 0.000000 -0.236018 0.000000
vt 0.090036 -0.191000 0.000000
vt -0.000000 0.250000 0.000000
vt 0.090036 0.250000 0.000000
vt 0.000000 0.250000 0.000000
vt -0.000000 -0.191000 0.000000
vt 0.090036 0.250000 0.000000
vt 0.090036 -0.236018 0.000000
vt -0.000000 -0.191000 0.000000
vt 0.090036 -0.191000 0.000000
vt 0.000000 0.250000 0.000000
vt 0.090036 0.250000 0.000000
vt 0.000000 0.250000 0.000000
vt -0.000000 -0.113027 0.000000
vt 0.090036 0.250000 0.000000
vt 0.090036 -0.191000 0.000000
vt 0.000000 0.250000 0.000000
vt -0.000000 -0.068009 0.000000
vt 0.090036 0.250000 0.000000
vt 0.090036 -0.113027 0.000000
vt -0.000000 0.000000 0.000000
vt 0.022027 -0.000000 0.000000
vt 0.000000 0.250000 0.000000
vt 0.090036 0.250000 0.000000
vt 0.090036 -0.068009 0.000000
vt 0.000000 0.000000 0.000000
vt 0.090036 0.000000 0.000000
vt 0.000000 0.250000 0.000000
vt 0.090036 0.250000 0.000000
vt -0.104132 -0.124099 0.000000
vt -0.077973 -0.291000 0.000000
vt 0.000000 -0.162000 0.000000
vt -0.000000 -0.336018 0.000000
vt 0.077973 -0.291000 0.000000
vt -0.159539 -0.028131 0.000000
vt -0.291000 -0.077973 0.000000
vt -0.291000 -0.168009 0.000000
vt -0.213027 -0.213027 0.000000
vt -0.140296 0.081000 0.000000
vt -0.291000 0.077973 0.000000
vt -0.336018 0.000000 0.000000
vt -0.055407 0.152230 0.000000
vt -0.213027 0.213027 0.000000
vt -0.291000 0.168009 0.000000
vt 0.055407 0.152230 0.000000
vt -0.077973 0.291000 0.000000
vt -0.168009 0.291000 0.000000
vt 0.140296 0.081000 0.000000
vt 0.213027 0.213027 0.000000
vt 0.168009 0.291000 0.000000
vt 0.077973 0.291000 0.000000
vt 0.159539 -0.028131 0.000000
vt 0.291000 0.077973 0.000000
vt 0.291000 0.168009 0.000000
vt 0.104132 -0.124099 0.000000
vt 0.291000 -0.077973 0.000000
vt 0.336018 -0.000000 0.000000
vt 0.168009 -0.291000 0.000000
vt 0.213027 -0.213027 0.000000
vt -0.168009 -0.291000 0.000000
vt 0.291000 -0.168009 0.000000
vt 0.000000 0.336018 0.000000
vt -0.650000 0.395841 0.000000
vt -0.000000 0.395841 0.000000
vt -0.650000 0.508938 0.000000
vt 0.000000 0.508938 0.000000
vt -0.650000 -0.508938 0.000000
vt 0.000000 -0.508938 0.000000
vt -0.650000 -0.395841 0.000000
vt -0.000000 -0.395841 0.000000
vt -0.650000 -0.282743 0.000000
vt -0.000000 -0.282743 0.000000
vt -0.650000 -0.169646 0.000000
vt -0.000000 -0.169646 0.000000
vt -0.650000 -0.056549 0.000000
vt -0.000000 -0.056549 0.000000
vt -0.650000 0.056549 0.000000
vt -0.000000 0.056549 0.000000
vt -0.650000 0.169646 0.000000
vt -0.000000 0.169646 0.000000
vt -0.650000 0.282743 0.000000
vt -0.000000 0.282743 0.000000
vt -1.024099 9.104132 0.000000
vt -1.420000 10.000000 0.000000
vt -1.062000 9.000000 0.000000
vt -1.420000 0.000000 0.000000
vt -1.062000 1.000000 0.000000
vt -1.024099 0.895868 0.000000
vt -0.928131 0.840461 0.000000
vt -0.819000 0.859704 0.000000
vt 0.000000 0.000000 0.000000
vt -0.747770 0.944593 0.000000
vt -0.747770 1.055407 0.000000
vt 0.000000 2.700000 0.000000
vt -0.001500 3.198500 0.000000
vt 0.330000 3.198500 0.000000
vt 0.330000 2.700000 0.000000
vt -0.928131 9.159539 0.000000
vt -0.819000 9.140296 0.000000
vt 0.000000 10.000000 0.000000
vt -0.747770 9.055407 0.000000
vt -0.747770 8.944593 0.000000
vt -0.819000 8.859704 0.000000
vt -0.001500 6.801500 0.000000
vt -0.819000 1.140296 0.000000
vt -0.928131 8.840461 0.000000
vt -0.928131 1.159539 0.000000
vt -1.024099 1.104132 0.000000
vt -1.024099 8.895868 0.000000
vt 0.000000 7.300000 0.000000
vt 0.330000 6.801500 0.000000
vt 0.330000 7.300000 0.000000
vt 1.801500 -0.267035 0.000000
vt 2.300000 -0.267035 0.000000
vt 1.801500 -0.160221 0.000000
vt 2.300000 -0.160221 0.000000
vt 1.801500 -0.053407 0.000000
vt 2.300000 -0.053407 0.000000
vt 1.801500 0.053407 0.000000
vt 2.300000 0.053407 0.000000
vt 1.801500 0.160221 0.000000
vt 2.300000 0.160221 0.000000
vt 1.801500 0.267035 0.000000
vt 2.300000 0.267035 0.000000
vt 2.300000 -0.415388 0.000000
vt 1.801500 -0.415388 0.000000
vt 2.300000 -0.534071 0.000000
vt 1.801500 -0.534071 0.000000
vt 2.300000 0.534071 0.000000
vt 1.801500 0.534071 0.000000
vt 2.300000 0.415388 0.000000
vt 1.801500 0.415388 0.000000
vt 2.300000 0.296706 0.000000
vt 1.801500 0.296706 0.000000
vt 2.300000 0.178024 0.000000
vt 1.801500 0.178024 0.000000
vt 2.300000 0.059341 0.000000
vt 1.801500 0.059341 0.000000
vt 2.300000 -0.059341 0.000000
vt 1.801500 -0.059341 0.000000
vt 2.300000 -0.178024 0.000000
vt 1.801500 -0.178024 0.000000
vt 2.300000 -0.296706 0.000000
vt 1.801500 -0.296706 0.000000
vt -1.300000 0.670000 0.000000
vt -1.200077 0.637533 0.000000
vt -1.300000 1.001500 0.000000
vt -0.330228 0.609274 0.000000
vt -0.229520 0.667417 0.000000
vt -1.138320 0.552533 0.000000
vt -0.370000 0.500000 0.000000
vt -1.138320 0.447467 0.000000
vt -0.330228 0.390726 0.000000
vt -1.200077 0.362467 0.000000
vt -1.300000 -0.000000 0.000000
vt -1.300000 0.330000 0.000000
vt -0.229520 0.332583 0.000000
vt -0.000000 -0.000000 0.000000
vt -0.115000 0.352776 0.000000
vt -0.040252 0.441857 0.000000
vt -0.040252 0.558143 0.000000
vt -0.000000 1.001500 0.000000
vt -0.115000 0.647224 0.000000
vt -2.300000 0.415388 0.000000
vt -1.801500 0.415388 0.000000
vt -2.300000 0.534071 0.000000
vt -1.801500 0.534071 0.000000
vt -2.300000 -0.534071 0.000000
vt -1.801500 -0.534071 0.000000
vt -2.300000 -0.415388 0.000000
vt -1.801500 -0.415388 0.000000
vt -2.300000 -0.296706 0.000000
vt -1.801500 -0.296706 0.000000
vt -2.300000 -0.178024 0.000000
vt -1.801500 -0.178024 0.000000
vt -2.300000 -0.059341 0.000000
vt -1.801500 -0.059341 0.000000
vt -2.300000 0.059341 0.000000
vt -1.801500 0.059341 0.000000
vt -2.300000 0.178024 0.000000
vt -1.801500 0.178024 0.000000
vt -2.300000 0.296706 0.000000
vt -1.801500 0.296706 0.000000
vt -0.001500 0.330000 0.000000
vt -0.500000 0.330000 0.000000
vt -0.001500 0.000000 0.000000
vt -0.500000 0.000000 0.000000
vt -1.001500 -0.787754 0.000000
vt -0.000000 -0.787754 0.000000
vt -1.001500 -0.590816 0.000000
vt -0.000000 -0.590816 0.000000
vt -1.001500 -0.393877 0.000000
vt -0.000000 -0.393877 0.000000
vt -1.001500 -0.196939 0.000000
vt -0.000000 -0.196939 0.000000
vt -1.001500 -0.000000 0.000000
vt 0.000000 -0.000000 0.000000
vt -0.000000 2.700000 0.000000
vt -0.900000 2.700000 0.000000
vt -0.000000 0.000000 0.000000
vt -0.900000 0.000000 0.000000
vt -0.900000 6.801500 0.000000
vt -0.900000 3.198500 0.000000
vt 0.400000 6.801500 0.000000
vt 0.400000 3.198500 0.000000
vt 0.901500 3.700000 0.000000
vt 0.591916 3.236674 0.000000
vt 0.754614 3.345386 0.000000
vt 0.863326 3.508084 0.000000
vt 0.901500 6.300000 0.000000
vt 0.591916 6.763326 0.000000
vt 0.754614 6.654614 0.000000
vt 0.863326 6.491916 0.000000
vt -1.801500 0.267035 0.000000
vt -2.300000 0.267035 0.000000
vt -1.801500 0.160221 0.000000
vt -2.300000 0.160221 0.000000
vt -1.801500 0.053407 0.000000
vt -2.300000 0.053407 0.000000
vt -1.801500 -0.053407 0.000000
vt -2.300000 -0.053407 0.000000
vt -1.801500 -0.160221 0.000000
vt -2.300000 -0.160221 0.000000
vt -1.801500 -0.267035 0.000000
vt -2.300000 -0.267035 0.000000
vt -2.300000 0.415388 0.000000
vt -1.801500 0.415388 0.000000
vt -2.300000 0.534071 0.000000
vt -1.801500 0.534071 0.000000
vt -2.300000 -0.534071 0.000000
vt -1.801500 -0.534071 0.000000
vt -2.300000 -0.415388 0.000000
vt -1.801500 -0.415388 0.000000
vt -2.300000 -0.296706 0.000000
vt -1.801500 -0.296706 0.000000
vt -2.300000 -0.178024 0.000000
vt -1.801500 -0.178024 0.000000
vt -2.300000 -0.059341 0.000000
vt -1.801500 -0.059341 0.000000
vt -2.300000 0.059341 0.000000
vt -1.801500 0.059341 0.000000
vt -2.300000 0.178024 0.000000
vt -1.801500 0.178024 0.000000
vt -2.300000 0.296706 0.000000
vt -1.801500 0.296706 0.000000
vt 1.300000 0.330000 0.000000
vt 1.200077 0.362467 0.000000
vt 1.300000 -0.000000 0.000000
vt 0.330228 0.390726 0.000000
vt 0.229520 0.332583 0.000000
vt 1.138320 0.447467 0.000000
vt 0.370000 0.500000 0.000000
vt 1.138320 0.552533 0.000000
vt 0.330228 0.609274 0.000000
vt 1.200077 0.637533 0.000000
vt 1.300000 1.001500 0.000000
vt 1.300000 0.670000 0.000000
vt 0.229520 0.667417 0.000000
vt 0.000000 1.001500 0.000000
vt 0.115000 0.647224 0.000000
vt 0.040252 0.558143 0.000000
vt -0.000000 0.000000 0.000000
vt 0.040252 0.441857 0.000000
vt 0.115000 0.352776 0.000000
vt 2.300000 -0.415388 0.000000
vt 1.801500 -0.415388 0.000000
vt 2.300000 -0.534071 0.000000
vt 1.801500 -0.534071 0.000000
vt 2.300000 0.534071 0.000000
vt 1.801500 0.534071 0.000000
vt 2.300000 0.415388 0.000000
vt 1.801500 0.415388 0.000000
vt 2.300000 0.296706 0.000000
vt 1.801500 0.296706 0.000000
vt 2.300000 0.178024 0.000000
vt 1.801500 0.178024 0.000000
vt 2.300000 0.059341 0.000000
vt 1.801500 0.059341 0.000000
vt 2.300000 -0.059341 0.000000
vt 1.801500 -0.059341 0.000000
vt 2.300000 -0.178024 0.000000
vt 1.801500 -0.178024 0.000000
vt 2.300000 -0.296706 0.000000
vt 1.801500 -0.296706 0.000000
vt 2.300000 0.385718 0.000000
vt 1.801500 0.296706 0.000000
vt 2.300000 0.267035 0.000000
vt 1.801500 0.178024 0.000000
vt 2.300000 0.148353 0.000000
vt 1.801500 0.059341 0.000000
vt 2.300000 0.029671 0.000000
vt 1.801500 -0.059341 0.000000
vt 2.300000 -0.089012 0.000000
vt 1.801500 -0.178024 0.000000
vt 2.300000 -0.207694 0.000000
vt 1.801500 -0.296706 0.000000
vt 2.300000 -0.326377 0.000000
vt 1.801500 -0.415388 0.000000
vt 2.300000 -0.445059 0.000000
vt 1.801500 -0.534071 0.000000
vt 2.300000 -0.563741 0.000000
vt 2.300000 0.504400 0.000000
vt 1.801500 0.534071 0.000000
vt 1.801500 0.415388 0.000000
vt 0.500000 0.330000 0.000000
vt 0.001500 0.330000 0.000000
vt 0.500000 -0.000000 0.000000
vt 0.001500 -0.000000 0.000000
vt 1.001500 0.000000 0.000000
vt -0.000000 0.000000 0.000000
vt 1.001500 -0.196939 0.000000
vt 0.000000 -0.196939 0.000000
vt 1.001500 -0.393877 0.000000
vt 0.000000 -0.393877 0.000000
vt 1.001500 -0.590816 0.000000
vt 0.000000 -0.590816 0.000000
vt 1.001500 -0.787754 0.000000
vt -0.000000 -0.787754 0.000000
vt -0.130228 0.609274 0.000000
vt -0.969772 0.609274 0.000000
vt -0.170000 0.500000 0.000000
vt -0.930000 0.500000 0.000000
vt -0.130228 0.390726 0.000000
vt -0.969772 0.390726 0.000000
vt -0.029520 0.332583 0.000000
vt -1.070480 0.332583 0.000000
vt -1.300000 0.000000 0.000000
vt -1.185000 0.352776 0.000000
vt -1.259748 0.441857 0.000000
vt -1.070480 0.667417 0.000000
vt -0.029520 0.667417 0.000000
vt -1.300000 1.001500 0.000000
vt 1.300000 1.001500 0.000000
vt 0.085000 0.647224 0.000000
vt 1.070480 0.667417 0.000000
vt 0.969772 0.609274 0.000000
vt 0.159748 0.558143 0.000000
vt 0.930000 0.500000 0.000000
vt 0.159748 0.441857 0.000000
vt 0.969772 0.390726 0.000000
vt 0.085000 0.352776 0.000000
vt 1.070480 0.332583 0.000000
vt 1.300000 0.000000 0.000000
vt 1.185000 0.352776 0.000000
vt 1.259748 0.441857 0.000000
vt 1.259748 0.558143 0.000000
vt 1.185000 0.647224 0.000000
vt -1.259748 0.558143 0.000000
vt -1.185000 0.647224 0.000000
vt -0.900000 7.300000 0.000000
vt -0.000000 7.300000 0.000000
vt -0.900000 10.000000 0.000000
vt -0.000000 10.000000 0.000000
vt 4.100000 0.500000 0.000000
vt 3.559748 -0.441857 0.000000
vt 4.100000 -1.000000 0.000000
vt 3.559748 -0.558143 0.000000
vt 3.485000 -0.647224 0.000000
vt 3.000000 0.500000 0.000000
vt 3.370480 -0.332583 0.000000
vt 3.485000 -0.352776 0.000000
vt 2.500000 1.000000 0.000000
vt 2.100000 1.000000 0.000000
vt 1.600000 0.500000 0.000000
vt 2.358143 -0.340252 0.000000
vt 2.241857 -0.340252 0.000000
vt 1.330228 -0.390726 0.000000
vt 2.152776 -0.415000 0.000000
vt 1.370000 -0.500000 0.000000
vt 2.132583 -0.529520 0.000000
vt 1.330228 -0.609274 0.000000
vt 2.190726 -0.630228 0.000000
vt 1.229520 -0.667417 0.000000
vt 2.300000 -0.670000 0.000000
vt 0.500000 -1.000000 0.000000
vt 3.000000 1.500000 0.000000
vt 1.600000 1.500000 0.000000
vt 1.229520 -0.332583 0.000000
vt 0.500000 0.500000 0.000000
vt 1.115000 -0.352776 0.000000
vt 1.040252 -0.441857 0.000000
vt 1.040252 -0.558143 0.000000
vt 1.115000 -0.647224 0.000000
vt 3.269772 -0.390726 0.000000
vt 2.447224 -0.415000 0.000000
vt 3.230000 -0.500000 0.000000
vt 2.467417 -0.529520 0.000000
vt 3.269772 -0.609274 0.000000
vt 2.409274 -0.630228 0.000000
vt 3.370480 -0.667417 0.000000
vt -0.459565 0.000000 0.000000
vt -0.000000 0.000000 0.000000
vt -0.459565 10.000000 0.000000
vt -0.000000 10.000000 0.000000
vt 0.600000 0.295000 0.000000
vt 0.400000 0.295000 0.000000
vt 0.600000 0.000000 0.000000
vt 0.000000 0.000000 0.000000
vt 0.400000 1.305000 0.000000
vt 0.400000 3.695000 0.000000
vt 0.600000 1.305000 0.000000
vt 0.600000 3.695000 0.000000
vt 0.400000 4.705000 0.000000
vt 0.400000 5.295000 0.000000
vt 0.000000 10.000000 0.000000
vt 0.400000 6.305000 0.000000
vt 0.400000 8.695000 0.000000
vt 0.600000 6.305000 0.000000
vt 0.600000 8.695000 0.000000
vt 0.600000 4.705000 0.000000
vt 0.600000 5.295000 0.000000
vt 0.400000 9.705000 0.000000
vt 0.600000 10.000000 0.000000
vt 0.600000 9.705000 0.000000
vt -5.200000 1.305000 0.000000
vt -5.005000 1.305000 0.000000
vt -5.200000 3.695000 0.000000
vt -5.005000 3.695000 0.000000
vt -5.200000 6.305000 0.000000
vt -5.005000 6.305000 0.000000
vt -5.200000 8.695000 0.000000
vt -5.005000 8.695000 0.000000
vt 0.000000 0.200000 0.000000
vt 2.000000 0.200000 0.000000
vt 0.000000 1.500000 0.000000
vt 2.000000 1.500000 0.000000
vt 0.000000 0.200000 0.000000
vt 2.000000 0.200000 0.000000
vt 0.000000 1.500000 0.000000
vt 1.520000 2.640000 0.000000
vt 2.000000 2.520000 0.000000
vt 1.542857 2.800000 0.000000
vt 2.000000 2.800000 0.000000
vt -0.000000 2.520000 0.000000
vt 2.000000 2.520000 0.000000
vt 0.000000 2.800000 0.000000
vt 2.000000 2.800000 0.000000
vt 2.000000 0.200000 0.000000
vt 2.000000 1.500000 0.000000
vt 0.000000 0.200000 0.000000
vt 0.480000 2.640000 0.000000
vt 0.000000 2.520000 0.000000
vt 0.457143 2.800000 0.000000
vt 0.000000 2.800000 0.000000
vt 0.005000 0.000000 0.000000
vt 0.205000 0.000000 0.000000
vt 0.005000 0.200000 0.000000
vt 0.205000 0.200000 0.000000
vt 0.005000 0.000000 0.000000
vt 2.395000 0.000000 0.000000
vt 0.005000 0.200000 0.000000
vt 2.395000 0.200000 0.000000
vt -0.005000 0.000000 0.000000
vt 0.195000 0.000000 0.000000
vt -0.005000 0.200000 0.000000
vt 0.195000 0.200000 0.000000
vt -0.005000 0.000000 0.000000
vt 1.005000 0.000000 0.000000
vt -0.005000 0.200000 0.000000
vt 1.005000 0.200000 0.000000
vt -0.005000 0.000000 0.000000
vt 1.005000 0.000000 0.000000
vt -0.005000 0.200000 0.000000
vt 1.005000 0.200000 0.000000
vt 0.005000 0.000000 0.000000
vt 0.205000 0.000000 0.000000
vt 0.005000 0.200000 0.000000
vt 0.205000 0.200000 0.000000
vt 0.005000 0.000000 0.000000
vt 2.395000 0.000000 0.000000
vt 0.005000 0.200000 0.000000
vt 2.395000 0.200000 0.000000
vt -0.005000 0.000000 0.000000
vt 0.195000 0.000000 0.000000
vt -0.005000 0.200000 0.000000
vt 0.195000 0.200000 0.000000
vt -0.005000 0.000000 0.000000
vt 1.005000 0.000000 0.000000
vt -0.005000 0.200000 0.000000
vt 1.005000 0.200000 0.000000
vt -0.005000 0.000000 0.000000
vt 1.005000 0.000000 0.000000
vt -0.005000 0.200000 0.000000
vt 1.005000 0.200000 0.000000
vt 0.005000 0.000000 0.000000
vt 0.205000 0.000000 0.000000
vt 0.005000 0.200000 0.000000
vt 0.205000 0.200000 0.000000
vt 0.005000 0.000000 0.000000
vt 2.395000 0.000000 0.000000
vt 0.005000 0.200000 0.000000
vt 2.395000 0.200000 0.000000
vt -0.005000 0.000000 0.000000
vt 0.195000 0.000000 0.000000
vt -0.005000 0.200000 0.000000
vt 0.195000 0.200000 0.000000
vt -0.000000 0.000000 0.000000
vt 1.005000 0.000000 0.000000
vt 0.000000 0.200000 0.000000
vt 1.005000 0.200000 0.000000
vt 0.005000 0.000000 0.000000
vt 0.200000 0.000000 0.000000
vt 0.005000 0.200000 0.000000
vt 0.200000 0.200000 0.000000
vt 0.005000 0.000000 0.000000
vt 2.395000 0.000000 0.000000
vt 0.005000 0.200000 0.000000
vt 2.395000 0.200000 0.000000
vt -0.000000 0.000000 0.000000
vt 0.195000 0.000000 0.000000
vt 0.000000 0.200000 0.000000
vt 0.195000 0.200000 0.000000
vt -0.005000 0.000000 0.000000
vt 1.000000 0.000000 0.000000
vt -0.005000 0.200000 0.000000
vt 1.000000 0.200000 0.000000
vt 1.000000 -1.000000 0.000000
vt 2.005000 -1.195000 0.000000
vt 1.000000 1.000000 0.000000
vt 2.005000 1.195000 0.000000
vt 1.195000 2.005000 0.000000
vt 2.205000 2.205000 0.000000
vt 1.195000 2.205000 0.000000
vt 1.195000 -2.005000 0.000000
vt -1.000000 -1.000000 0.000000
vt -1.195000 -2.005000 0.000000
vt -2.005000 -1.195000 0.000000
vt -2.200000 -2.205000 0.000000
vt -2.200000 -1.195000 0.000000
vt -1.000000 1.000000 0.000000
vt -2.005000 1.195000 0.000000
vt -1.195000 2.005000 0.000000
vt -2.200000 2.205000 0.000000
vt -1.195000 2.205000 0.000000
vt -2.200000 1.195000 0.000000
vt -1.195000 -2.205000 0.000000
vt 1.195000 -2.205000 0.000000
vt 2.205000 -2.205000 0.000000
vt 2.205000 -1.195000 0.000000
vt 2.205000 1.195000 0.000000
vt 0.000000 0.200000 0.000000
vt 2.000000 0.200000 0.000000
vt 0.000000 1.500000 0.000000
vt 2.000000 1.500000 0.000000
vt 0.000000 0.200000 0.000000
vt 2.000000 0.200000 0.000000
vt 0.000000 1.500000 0.000000
vt 1.520000 2.640000 0.000000
vt 2.000000 2.520000 0.000000
vt 1.542857 2.800000 0.000000
vt 2.000000 2.800000 0.000000
vt -0.000000 2.520000 0.000000
vt 2.000000 2.520000 0.000000
vt -0.000000 2.800000 0.000000
vt 2.000000 2.800000 0.000000
vt 2.000000 0.200000 0.000000
vt 2.000000 1.500000 0.000000
vt 0.000000 0.200000 0.000000
vt 0.480000 2.640000 0.000000
vt 0.000000 2.520000 0.000000
vt 0.457143 2.800000 0.000000
vt 0.000000 2.800000 0.000000
vt 0.005000 0.000000 0.000000
vt 0.205000 0.000000 0.000000
vt 0.005000 0.200000 0.000000
vt 0.205000 0.200000 0.000000
vt 0.005000 0.000000 0.000000
vt 2.395000 0.000000 0.000000
vt 0.005000 0.200000 0.000000
vt 2.395000 0.200000 0.000000
vt -0.005000 0.000000 0.000000
vt 0.195000 0.000000 0.000000
vt -0.005000 0.200000 0.000000
vt 0.195000 0.200000 0.000000
vt -0.005000 0.000000 0.000000
vt 1.005000 0.000000 0.000000
vt -0.005000 0.200000 0.000000
vt 1.005000 0.200000 0.000000
vt -0.005000 0.000000 0.000000
vt 1.005000 0.000000 0.000000
vt -0.005000 0.200000 0.000000
vt 1.005000 0.200000 0.000000
vt 0.005000 0.000000 0.000000
vt 0.205000 0.000000 0.000000
vt 0.005000 0.200000 0.000000
vt 0.205000 0.200000 0.000000
vt 0.005000 0.000000 0.000000
vt 2.395000 0.000000 0.000000
vt 0.005000 0.200000 0.000000
vt 2.395000 0.200000 0.000000
vt -0.005000 0.000000 0.000000
vt 0.195000 0.000000 0.000000
vt -0.005000 0.200000 0.000000
vt 0.195000 0.200000 0.000000
vt -0.005000 0.000000 0.000000
vt 1.005000 0.000000 0.000000
vt -0.005000 0.200000 0.000000
vt 1.005000 0.200000 0.000000
vt -0.005000 0.000000 0.000000
vt 1.005000 0.000000 0.000000
vt -0.005000 0.200000 0.000000
vt 1.005000 0.200000 0.000000
vt 0.005000 0.000000 0.000000
vt 0.205000 0.000000 0.000000
vt 0.005000 0.200000 0.000000
vt 0.205000 0.200000 0.000000
vt 0.005000 0.000000 0.000000
vt 2.395000 0.000000 0.000000
vt 0.005000 0.200000 0.000000
vt 2.395000 0.200000 0.000000
vt -0.005000 0.000000 0.000000
vt 0.195000 0.000000 0.000000
vt -0.005000 0.200000 0.000000
vt 0.195000 0.200000 0.000000
vt -0.000000 0.000000 0.000000
vt 1.005000 0.000000 0.000000
vt 0.000000 0.200000 0.000000
vt 1.005000 0.200000 0.000000
vt 0.005000 0.000000 0.000000
vt 0.200000 0.000000 0.000000
vt 0.005000 0.200000 0.000000
vt 0.200000 0.200000 0.000000
vt 0.005000 0.000000 0.000000
vt 2.395000 0.000000 0.000000
vt 0.005000 0.200000 0.000000
vt 2.395000 0.200000 0.000000
vt -0.000000 0.000000 0.000000
vt 0.195000 0.000000 0.000000
vt 0.000000 0.200000 0.000000
vt 0.195000 0.200000 0.000000
vt -0.005000 0.000000 0.000000
vt 1.000000 0.000000 0.000000
vt -0.005000 0.200000 0.000000
vt 1.000000 0.200000 0.000000
vt 1.000000 -1.000000 0.000000
vt 2.005000 -1.195000 0.000000
vt 1.000000 1.000000 0.000000
vt 2.005000 1.195000 0.000000
vt 1.195000 2.005000 0.000000
vt 2.205000 2.205000 0.000000
vt 1.195000 2.205000 0.000000
vt 1.195000 -2.005000 0.000000
vt -1.000000 -1.000000 0.000000
vt -1.195000 -2.005000 0.000000
vt -2.005000 -1.195000 0.000000
vt -2.200000 -2.205000 0.000000
vt -2.200000 -1.195000 0.000000
vt -1.000000 1.000000 0.000000
vt -2.005000 1.195000 0.000000
vt -1.195000 2.005000 0.000000
vt -2.200000 2.205000 0.000000
vt -1.195000 2.205000 0.000000
vt -2.200000 1.195000 0.000000
vt -1.195000 -2.205000 0.000000
vt 1.195000 -2.205000 0.000000
vt 2.205000 -2.205000 0.000000
vt 2.205000 -1.195000 0.000000
vt 2.205000 1.195000 0.000000
vt 1.116299 10.000000 0.000000
vt 0.083799 10.000000 0.000000
vt 1.116299 0.000000 0.000000
vt 0.083799 0.000000 0.000000
vt 1.396617 10.000000 0.000000
vt -0.069847 10.000000 0.000000
vt 1.396617 0.000000 0.000000
vt -0.069847 0.000000 0.000000
vt 1.408868 10.000000 0.000000
vt 0.700000 10.000000 0.000000
vt 1.408868 0.000000 0.000000
vt 0.700000 0.000000 0.000000
vt -3.500000 0.875162 0.000000
vt 0.000000 0.738373 0.000000
vt -1.500000 0.875162 0.000000
vt 0.000000 1.048079 0.000000
vt -5.000000 1.048079 0.000000
vt -5.000000 1.357784 0.000000
vt -10.000000 1.357784 0.000000
vt -10.000000 1.667489 0.000000
vt 0.000000 1.667489 0.000000
vt 0.000000 1.357784 0.000000
vt -5.000000 0.875162 0.000000
vt -5.000000 0.738373 0.000000
vt -6.500000 0.875162 0.000000
vt -8.500000 0.875162 0.000000
vt -10.000000 1.048079 0.000000
vt -10.000000 0.738373 0.000000
vt -10.000000 0.428668 0.000000
vt 0.000000 0.428668 0.000000
vt -2.260000 1.320000 0.000000
vt 1.607000 -0.010895 0.000000
vt -1.900000 1.800000 0.000000
vt 1.607000 1.021605 0.000000
vt 1.500000 1.800000 0.000000
vt 1.735564 1.302630 0.000000
vt 1.924253 1.547375 0.000000
vt 1.900000 -1.800000 0.000000
vt 2.191132 -1.356000 0.000000
vt 2.900000 -1.800000 0.000000
vt 2.900000 -1.356000 0.000000
vt 2.163325 1.743202 0.000000
vt 2.000000 2.300000 0.000000
vt 2.440435 1.880000 0.000000
vt 2.900000 3.300000 0.000000
vt 2.900000 1.880000 0.000000
vt 2.000000 3.300000 0.000000
vt -4.400000 8.500000 0.000000
vt -2.500000 8.500000 0.000000
vt -4.400000 10.000000 0.000000
vt -1.000000 10.000000 0.000000
vt -2.500000 6.500000 0.000000
vt -1.000000 0.000000 0.000000
vt -2.500000 3.500000 0.000000
vt -2.500000 1.500000 0.000000
vt -3.500000 5.700000 0.000000
vt -4.400000 6.500000 0.000000
vt -4.400000 5.700000 0.000000
vt -3.500000 4.300000 0.000000
vt -4.400000 3.500000 0.000000
vt -4.400000 4.300000 0.000000
vt -4.400000 1.500000 0.000000
vt -4.400000 0.000000 0.000000
vt -1.900000 -1.800000 0.000000
vt 2.260000 1.320000 0.000000
vt -1.607000 -0.010895 0.000000
vt 1.900000 1.800000 0.000000
vt -1.607000 1.021605 0.000000
vt -1.500000 1.800000 0.000000
vt -1.735564 1.302630 0.000000
vt -1.924253 1.547375 0.000000
vt -2.000000 2.300000 0.000000
vt -2.163325 1.743202 0.000000
vt -2.440435 1.880000 0.000000
vt -2.900000 3.300000 0.000000
vt -2.900000 1.880000 0.000000
vt -2.000000 3.300000 0.000000
vt -2.191132 -1.356000 0.000000
vt -2.300000 -1.800000 0.000000
vt -2.900000 -1.356000 0.000000
vt -2.900000 -2.400000 0.000000
vt -2.300000 -2.400000 0.000000
vn -0.000000 0.000000 -0.100000
vn 0.000000 -0.000000 -0.100000
vn -0.038268 0.000000 -0.092388
vn -0.038268 0.000000 -0.092388
vn -0.070711 0.000000 -0.070711
vn -0.070711 0.000000 -0.070711
vn -0.092388 0.000000 -0.038268
vn -0.092388 0.000000 -0.038268
vn -0.100000 0.000000 0.000000
vn -0.100000 0.000000 0.000000
vn -0.000000 0.000000 -0.100000
vn -0.000000 0.000000 -0.100000
vn -0.000000 0.000000 -0.100000
vn -0.000000 0.000000 -0.100000
vn -0.000000 0.000000 -0.100000
vn -0.000000 0.000000 -0.100000
vn -0.000000 0.000000 -0.100000
vn -0.000000 0.000000 -0.100000
vn -0.000000 0.000000 -0.100000
vn -0.000000 0.000000 -0.100000
vn -0.000000 0.000000 -0.100000
vn -0.000000 0.000000 -0.100000
vn -0.000000 0.000000 -0.100000
vn -0.000000 0.000000 -0.100000
vn -0.000000 0.000000 -0.100000
vn -0.000000 0.000000 -0.100000
vn -0.000000 0.000000 -0.100000
vn -0.000000 0.000000 -0.100000
vn -0.000000 0.000000 -0.100000
vn -0.000000 0.000000 -0.100000
vn -0.000000 -0.100000 0.000000
vn -0.000000 -0.100000 0.000000
vn -0.000000 -0.100000 0.000000
vn -0.000000 -0.100000 0.000000
vn -0.000000 -0.100000 0.000000
vn -0.000000 -0.100000 0.000000
vn -0.000000 -0.100000 0.000000
vn -0.000000 -0.100000 0.000000
vn -0.100000 0.000000 0.000000
vn -0.100000 0.000000 0.000000
vn -0.092388 0.000000 0.038268
vn -0.092388 0.000000 0.038268
vn -0.070711 0.000000 0.070711
vn -0.070711 0.000000 0.070711
vn -0.038268 0.000000 0.092388
vn -0.038268 0.000000 0.092388
vn -0.000000 0.000000 0.100000
vn 0.000000 0.000000 0.100000
vn 0.000000 -0.000000 0.100000
vn 0.000000 -0.000000 0.100000
vn 0.000000 -0.000000 0.100000
vn 0.000000 -0.000000 0.100000
vn 0.000000 -0.000000 0.100000
vn 0.000000 -0.000000 0.100000
vn 0.000000 -0.000000 0.100000
vn 0.000000 -0.000000 0.100000
vn 0.000000 -0.000000 0.100000
vn 0.000000 -0.000000 0.100000
vn 0.000000 -0.000000 0.100000
vn 0.000000 -0.000000 0.100000
vn 0.000000 -0.000000 0.100000
vn 0.000000 -0.000000 0.100000
vn 0.000000 -0.000000 0.100000
vn 0.000000 -0.000000 0.100000
vn 0.000000 -0.000000 0.100000
vn 0.000000 -0.000000 0.100000
vn 0.000000 -0.000000 0.100000
vn 0.000000 -0.000000 0.100000
vn 0.000000 0.100000 0.000000
vn 0.000000 0.100000 0.000000
vn 0.000000 0.100000 0.000000
vn 0.000000 0.100000 0.000000
vn 0.000000 0.100000 0.000000
vn 0.000000 0.100000 0.000000
vn 0.000000 0.100000 0.000000
vn 0.000000 0.100000 0.000000
vn 0.000000 0.100000 0.000000
vn 0.000000 0.100000 0.000000
vn 0.000000 0.100000 0.000000
vn 0.000000 0.100000 0.000000
vn 0.000000 0.100000 0.000000
vn 0.000000 0.100000 0.000000
vn 0.000000 0.100000 0.000000
vn 0.000000 0.100000 0.000000
vn 0.000000 0.100000 0.000000
vn 0.000000 0.100000 0.000000
vn 0.000000 0.100000 0.000000
vn 0.000000 0.100000 0.000000
vn 0.000000 0.100000 0.000000
vn 0.000000 0.100000 0.000000
vn 0.000000 0.100000 0.000000
vn 0.000000 0.100000 0.000000
vn -0.070711 -0.070711 0.000000
vn -0.070711 -0.070711 0.000000
vn -0.070711 -0.070711 0.000000
vn -0.070711 -0.070711 0.000000
vn -0.000000 -0.070711 0.070711
vn -0.000000 -0.070711 0.070711
vn -0.000000 -0.070711 0.070711
vn -0.000000 -0.070711 0.070711
vn -0.000000 -0.100000 0.000000
vn -0.000000 -0.100000 0.000000
vn -0.000000 -0.100000 0.000000
vn -0.000000 -0.100000 0.000000
vn -0.000000 -0.100000 0.000000
vn -0.000000 -0.100000 0.000000
vn -0.000000 -0.100000 0.000000
vn -0.000000 -0.100000 0.000000
vn -0.070711 0.070711 0.000000
vn -0.070711 0.070711 0.000000
vn -0.070711 0.070711 0.000000
vn -0.070711 0.070711 0.000000
vn -0.070711 0.070711 0.000000
vn -0.070711 0.070711 0.000000
vn -0.070711 0.070711 0.000000
vn -0.070711 0.070711 0.000000
vn -0.070711 0.070711 0.000000
vn -0.070711 0.070711 0.000000
vn -0.070711 0.070711 0.000000
vn -0.070711 0.070711 0.000000
vn -0.070711 0.070711 0.000000
vn -0.070711 0.070711 0.000000
vn -0.070711 0.070711 0.000000
vn -0.070711 0.070711 0.000000
vn -0.070711 0.070711 0.000000
vn -0.070711 0.070711 0.000000
vn -0.070711 0.070711 0.000000
vn -0.070711 0.070711 0.000000
vn -0.000000 0.070711 0.070711
vn -0.000000 0.070711 0.070711
vn -0.000000 0.070711 0.070711
vn -0.000000 0.070711 0.070711
vn -0.057735 -0.057735 -0.057735
vn -0.057735 -0.057735 -0.057735
vn -0.057735 -0.057735 -0.057735
vn -0.057735 0.057735 -0.057735
vn -0.057735 0.057735 -0.057735
vn -0.057735 0.057735 -0.057735
vn -0.000000 0.070711 -0.070711
vn -0.000000 0.070711 -0.070711
vn -0.000000 0.070711 -0.070711
vn -0.000000 0.070711 -0.070711
vn -0.070711 0.070711 0.000000
vn -0.070711 0.070711 0.000000
vn -0.070711 0.070711 0.000000
vn -0.070711 0.070711 0.000000
vn -0.070711 0.070711 0.000000
vn -0.070711 0.070711 0.000000
vn -0.070711 0.070711 0.000000
vn -0.070711 0.070711 0.000000
vn -0.070711 0.070711 0.000000
vn -0.070711 0.070711 0.000000
vn -0.070711 0.070711 0.000000
vn -0.070711 0.070711 0.000000
vn -0.070711 0.070711 0.000000
vn -0.070711 0.070711 0.000000
vn -0.070711 0.070711 0.000000
vn -0.070711 0.070711 0.000000
vn -0.070711 0.070711 0.000000
vn -0.070711 0.070711 0.000000
vn -0.070711 0.070711 0.000000
vn -0.070711 0.070711 0.000000
vn -0.070711 -0.070711 0.000000
vn -0.070711 -0.070711 0.000000
vn -0.070711 -0.070711 0.000000
vn -0.070711 -0.070711 0.000000
vn -0.000000 -0.070711 -0.070711
vn -0.000000 -0.070711 -0.070711
vn -0.000000 -0.070711 -0.070711
vn -0.000000 -0.070711 -0.070711
vn -0.100000 -0.000000 0.000000
vn -0.100000 -0.000000 0.000000
vn -0.100000 -0.000000 0.000000
vn -0.100000 -0.000000 0.000000
vn -0.100000 -0.000000 0.000000
vn -0.100000 -0.000000 0.000000
vn -0.100000 -0.000000 0.000000
vn -0.100000 -0.000000 0.000000
vn -0.100000 -0.000000 0.000000
vn -0.100000 -0.000000 0.000000
vn -0.100000 -0.000000 0.000000
vn -0.100000 -0.000000 0.000000
vn -0.100000 -0.000000 0.000000
vn -0.100000 -0.000000 0.000000
vn -0.100000 -0.000000 0.000000
vn -0.100000 -0.000000 0.000000
vn -0.100000 -0.000000 0.000000
vn -0.100000 -0.000000 0.000000
vn -0.100000 -0.000000 0.000000
vn -0.100000 -0.000000 0.000000
vn -0.100000 -0.000000 0.000000
vn 0.100000 -0.000000 0.000000
vn 0.100000 -0.000000 0.000000
vn 0.100000 -0.000000 0.000000
vn 0.100000 -0.000000 0.000000
vn 0.100000 -0.000000 0.000000
vn 0.100000 -0.000000 0.000000
vn 0.100000 -0.000000 0.000000
vn 0.100000 -0.000000 0.000000
vn 0.100000 -0.000000 0.000000
vn 0.100000 -0.000000 0.000000
vn 0.100000 -0.000000 0.000000
vn 0.100000 -0.000000 0.000000
vn 0.100000 -0.000000 0.000000
vn 0.100000 -0.000000 0.000000
vn 0.100000 -0.000000 0.000000
vn 0.100000 -0.000000 0.000000
vn 0.100000 -0.000000 0.000000
vn 0.100000 -0.000000 0.000000
vn 0.100000 -0.000000 0.000000
vn 0.100000 -0.000000 0.000000
vn 0.100000 -0.000000 0.000000
vn 0.100000 -0.000000 0.000000
vn 0.100000 -0.000000 0.000000
vn 0.100000 -0.000000 0.000000
vn 0.100000 -0.000000 0.000000
vn 0.100000 -0.000000 0.000000
vn 0.100000 -0.000000 0.000000
vn 0.100000 -0.000000 0.000000
vn -0.000000 -0.070711 0.070711
vn -0.000000 -0.070711 0.070711
vn -0.000000 -0.070711 0.070711
vn -0.000000 -0.070711 0.070711
vn -0.000000 -0.100000 0.000000
vn -0.000000 -0.100000 0.000000
vn -0.000000 -0.100000 0.000000
vn -0.000000 -0.100000 0.000000
vn -0.000000 -0.100000 0.000000
vn -0.000000 -0.100000 0.000000
vn -0.000000 -0.100000 0.000000
vn -0.000000 -0.100000 0.000000
vn -0.000000 -0.070711 0.070711
vn -0.000000 -0.070711 0.070711
vn -0.000000 -0.070711 0.070711
vn -0.000000 -0.070711 0.070711
vn -0.000000 -0.100000 0.000000
vn -0.000000 -0.100000 0.000000
vn -0.000000 -0.100000 0.000000
vn -0.000000 -0.100000 0.000000
vn -0.000000 -0.100000 0.000000
vn -0.000000 -0.100000 0.000000
vn -0.100000 0.000000 0.000000
vn -0.100000 0.000000 0.000000
vn -0.100000 0.000000 0.000000
vn -0.100000 0.000000 0.000000
vn -0.100000 0.000000 0.000000
vn -0.100000 0.000000 0.000000
vn -0.100000 0.000000 0.000000
vn -0.100000 0.000000 0.000000
vn -0.100000 0.000000 0.000000
vn -0.100000 0.000000 0.000000
vn -0.100000 0.000000 0.000000
vn -0.100000 0.000000 0.000000
vn -0.100000 0.000000 0.000000
vn -0.100000 0.000000 0.000000
vn -0.100000 0.000000 0.000000
vn -0.100000 0.000000 0.000000
vn -0.100000 0.000000 0.000000
vn -0.100000 0.000000 0.000000
vn -0.100000 0.000000 0.000000
vn -0.100000 0.000000 0.000000
vn -0.100000 0.000000 0.000000
vn -0.000000 -0.070711 -0.070711
vn -0.000000 -0.070711 -0.070711
vn -0.000000 -0.070711 -0.070711
vn -0.000000 -0.070711 -0.070711
vn -0.080000 0.060000 -0.000000
vn -0.080000 0.060000 -0.000000
vn -0.080000 0.060000 -0.000000
vn -0.080000 0.060000 -0.000000
vn -0.080000 0.060000 -0.000000
vn -0.080000 0.060000 -0.000000
vn -0.080000 0.060000 -0.000000
vn -0.080000 0.060000 -0.000000
vn -0.060000 -0.080000 0.000000
vn -0.060000 -0.080000 0.000000
vn -0.060000 -0.080000 0.000000
vn -0.060000 -0.080000 0.000000
vn -0.060000 -0.080000 0.000000
vn -0.060000 -0.080000 0.000000
vn -0.060000 -0.080000 0.000000
vn -0.060000 -0.080000 0.000000
vn -0.000000 -0.000000 0.100000
vn -0.000000 -0.000000 0.100000
vn -0.000000 -0.000000 0.100000
vn -0.000000 -0.000000 0.100000
vn 0.000000 0.086603 0.050000
vn 0.000000 0.086603 0.050000
vn 0.000000 0.086603 0.050000
vn 0.000000 0.086603 0.050000
vn 0.000000 0.050000 0.086603
vn 0.000000 0.050000 0.086603
vn 0.000000 0.050000 0.086603
vn 0.000000 0.050000 0.086603
vn 0.000000 0.100000 0.000000
vn 0.000000 0.100000 0.000000
vn 0.000000 0.100000 0.000000
vn 0.000000 0.100000 0.000000
vn 0.000000 0.086603 0.050000
vn 0.000000 0.086603 0.050000
vn 0.000000 0.086603 0.050000
vn 0.000000 0.086603 0.050000
vn 0.000000 0.086603 -0.050000
vn 0.000000 0.086603 -0.050000
vn 0.000000 0.086603 -0.050000
vn 0.000000 0.086603 -0.050000
vn 0.000000 0.100000 0.000000
vn 0.000000 0.100000 0.000000
vn 0.000000 0.100000 0.000000
vn 0.000000 0.100000 0.000000
vn 0.000000 0.050000 -0.086603
vn 0.000000 0.050000 -0.086603
vn 0.000000 0.050000 -0.086603
vn 0.000000 0.050000 -0.086603
vn 0.000000 0.086603 -0.050000
vn 0.000000 0.086603 -0.050000
vn 0.000000 0.086603 -0.050000
vn 0.000000 0.086603 -0.050000
vn 0.000000 0.000000 -0.100000
vn 0.000000 0.000000 -0.100000
vn 0.000000 0.000000 -0.100000
vn 0.000000 0.000000 -0.100000
vn 0.000000 0.050000 -0.086603
vn 0.000000 0.050000 -0.086603
vn 0.000000 0.050000 -0.086603
vn 0.000000 0.050000 -0.086603
vn -0.000000 -0.050000 -0.086603
vn -0.000000 -0.050000 -0.086603
vn -0.000000 -0.050000 -0.086603
vn -0.000000 -0.050000 -0.086603
vn 0.000000 0.000000 -0.100000
vn 0.000000 0.000000 -0.100000
vn 0.000000 0.000000 -0.100000
vn 0.000000 0.000000 -0.100000
vn 0.000000 0.000000 -0.100000
vn 0.000000 0.000000 -0.100000
vn -0.100000 0.000000 -0.000000
vn -0.100000 0.000000 -0.000000
vn -0.100000 0.000000 -0.000000
vn -0.100000 0.000000 -0.000000
vn -0.100000 0.000000 -0.000000
vn -0.100000 0.000000 -0.000000
vn -0.100000 0.000000 -0.000000
vn -0.100000 0.000000 -0.000000
vn -0.100000 0.000000 -0.000000
vn -0.100000 0.000000 -0.000000
vn -0.100000 0.000000 -0.000000
vn -0.100000 0.000000 -0.000000
vn -0.100000 0.000000 -0.000000
vn -0.100000 0.000000 -0.000000
vn -0.100000 0.000000 -0.000000
vn -0.100000 0.000000 -0.000000
vn -0.100000 0.000000 -0.000000
vn -0.100000 0.000000 -0.000000
vn -0.100000 0.000000 -0.000000
vn -0.100000 0.000000 -0.000000
vn -0.100000 0.000000 -0.000000
vn -0.100000 0.000000 -0.000000
vn -0.100000 0.000000 -0.000000
vn -0.100000 0.000000 -0.000000
vn -0.100000 0.000000 -0.000000
vn -0.100000 0.000000 -0.000000
vn -0.100000 0.000000 -0.000000
vn -0.100000 0.000000 -0.000000
vn -0.100000 0.000000 -0.000000
vn -0.100000 0.000000 -0.000000
vn -0.100000 0.000000 -0.000000
vn -0.100000 0.000000 -0.000000
vn -0.100000 0.000000 -0.000000
vn -0.000000 -0.086603 -0.050000
vn -0.000000 -0.086603 -0.050000
vn -0.000000 -0.086603 -0.050000
vn -0.000000 -0.086603 -0.050000
vn -0.000000 -0.050000 -0.086603
vn -0.000000 -0.050000 -0.086603
vn -0.000000 -0.050000 -0.086603
vn -0.000000 -0.050000 -0.086603
vn -0.000000 -0.100000 -0.000000
vn -0.000000 -0.100000 -0.000000
vn -0.000000 -0.100000 -0.000000
vn -0.000000 -0.100000 -0.000000
vn -0.000000 -0.086603 -0.050000
vn -0.000000 -0.086603 -0.050000
vn -0.000000 -0.086603 -0.050000
vn -0.000000 -0.086603 -0.050000
vn -0.000000 -0.086603 0.050000
vn -0.000000 -0.086603 0.050000
vn -0.000000 -0.086603 0.050000
vn -0.000000 -0.086603 0.050000
vn -0.000000 -0.100000 -0.000000
vn -0.000000 -0.100000 -0.000000
vn -0.000000 -0.100000 -0.000000
vn -0.000000 -0.100000 -0.000000
vn -0.000000 -0.050000 0.086603
vn -0.000000 -0.050000 0.086603
vn -0.000000 -0.050000 0.086603
vn -0.000000 -0.050000 0.086603
vn -0.000000 -0.086603 0.050000
vn -0.000000 -0.086603 0.050000
vn -0.000000 -0.086603 0.050000
vn -0.000000 -0.086603 0.050000
vn -0.000000 -0.000000 0.100000
vn -0.000000 -0.000000 0.100000
vn -0.000000 -0.000000 0.100000
vn -0.000000 -0.000000 0.100000
vn -0.000000 -0.000000 0.100000
vn -0.000000 -0.000000 0.100000
vn -0.000000 -0.050000 0.086603
vn -0.000000 -0.050000 0.086603
vn -0.000000 -0.050000 0.086603
vn -0.000000 -0.050000 0.086603
vn 0.000000 0.050000 0.086603
vn 0.000000 0.050000 0.086603
vn 0.000000 0.050000 0.086603
vn 0.000000 0.050000 0.086603
vn 0.000000 0.076604 -0.064279
vn 0.000000 0.076604 -0.064279
vn 0.000000 0.100000 -0.000000
vn 0.000000 0.100000 -0.000000
vn 0.000000 0.076604 0.064279
vn 0.000000 0.076604 0.064279
vn 0.000000 0.017365 0.098481
vn 0.000000 0.017365 0.098481
vn -0.000000 -0.050000 0.086603
vn -0.000000 -0.050000 0.086603
vn -0.000000 -0.093969 0.034202
vn -0.000000 -0.093969 0.034202
vn -0.000000 -0.093969 -0.034202
vn -0.000000 -0.093969 -0.034202
vn -0.000000 -0.050000 -0.086603
vn -0.000000 -0.050000 -0.086603
vn 0.000000 0.017365 -0.098481
vn 0.000000 0.017365 -0.098481
vn -0.060000 -0.080000 0.000000
vn -0.060000 -0.080000 0.000000
vn -0.060000 -0.080000 0.000000
vn -0.060000 -0.080000 0.000000
vn -0.060000 -0.080000 0.000000
vn -0.060000 -0.080000 0.000000
vn -0.060000 -0.080000 0.000000
vn -0.060000 -0.080000 0.000000
vn -0.060000 -0.080000 0.000000
vn -0.060000 -0.080000 0.000000
vn -0.060000 -0.080000 0.000000
vn -0.060000 -0.080000 0.000000
vn -0.060000 -0.080000 0.000000
vn -0.060000 -0.080000 0.000000
vn -0.060000 -0.080000 0.000000
vn -0.060000 -0.080000 0.000000
vn -0.060000 -0.080000 0.000000
vn -0.060000 -0.080000 0.000000
vn -0.060000 -0.080000 0.000000
vn -0.060000 -0.080000 0.000000
vn -0.060000 -0.080000 0.000000
vn -0.060000 -0.080000 0.000000
vn -0.060000 -0.080000 0.000000
vn -0.060000 -0.080000 0.000000
vn -0.060000 -0.080000 0.000000
vn -0.060000 -0.080000 0.000000
vn -0.060000 -0.080000 0.000000
vn -0.060000 -0.080000 0.000000
vn -0.060000 -0.080000 0.000000
vn -0.060000 -0.080000 0.000000
vn -0.060000 -0.080000 0.000000
vn -0.060000 -0.080000 0.000000
vn -0.060000 -0.080000 0.000000
vn -0.060000 -0.080000 0.000000
vn -0.060000 -0.080000 0.000000
vn -0.060000 -0.080000 0.000000
vn -0.060000 -0.080000 0.000000
vn -0.060000 -0.080000 0.000000
vn -0.060000 -0.080000 0.000000
vn -0.060000 -0.080000 0.000000
vn -0.060000 -0.080000 0.000000
vn -0.060000 -0.080000 0.000000
vn -0.060000 -0.080000 0.000000
vn -0.060000 -0.080000 0.000000
vn -0.060000 -0.080000 0.000000
vn -0.060000 -0.080000 0.000000
vn -0.060000 -0.080000 0.000000
vn -0.060000 -0.080000 0.000000
vn -0.060000 -0.080000 0.000000
vn -0.060000 -0.080000 0.000000
vn -0.060000 -0.080000 0.000000
vn -0.060000 -0.080000 0.000000
vn -0.060000 -0.080000 0.000000
vn -0.060000 -0.080000 0.000000
vn -0.060000 -0.080000 0.000000
vn -0.060000 -0.080000 0.000000
vn -0.060000 -0.080000 0.000000
vn -0.060000 -0.080000 0.000000
vn -0.000000 -0.100000 0.000000
vn -0.000000 -0.100000 0.000000
vn -0.000000 -0.100000 0.000000
vn -0.000000 -0.100000 0.000000
vn -0.000000 -0.050000 0.086603
vn -0.000000 -0.050000 0.086603
vn -0.000000 -0.050000 0.086603
vn -0.000000 -0.050000 0.086603
vn -0.000000 -0.000000 0.100000
vn -0.000000 -0.000000 0.100000
vn -0.000000 -0.000000 0.100000
vn -0.000000 -0.000000 0.100000
vn -0.000000 -0.086603 0.050000
vn -0.000000 -0.086603 0.050000
vn -0.000000 -0.086603 0.050000
vn -0.000000 -0.086603 0.050000
vn -0.000000 -0.050000 0.086603
vn -0.000000 -0.050000 0.086603
vn -0.000000 -0.050000 0.086603
vn -0.000000 -0.050000 0.086603
vn -0.000000 -0.100000 -0.000000
vn -0.000000 -0.100000 -0.000000
vn -0.000000 -0.100000 -0.000000
vn -0.000000 -0.100000 -0.000000
vn -0.000000 -0.086603 0.050000
vn -0.000000 -0.086603 0.050000
vn -0.000000 -0.086603 0.050000
vn -0.000000 -0.086603 0.050000
vn -0.000000 -0.086603 -0.050000
vn -0.000000 -0.086603 -0.050000
vn -0.000000 -0.086603 -0.050000
vn -0.000000 -0.086603 -0.050000
vn -0.000000 -0.100000 -0.000000
vn -0.000000 -0.100000 -0.000000
vn -0.000000 -0.100000 -0.000000
vn -0.000000 -0.100000 -0.000000
vn -0.000000 -0.050000 -0.086603
vn -0.000000 -0.050000 -0.086603
vn -0.000000 -0.050000 -0.086603
vn -0.000000 -0.050000 -0.086603
vn -0.000000 -0.086603 -0.050000
vn -0.000000 -0.086603 -0.050000
vn -0.000000 -0.086603 -0.050000
vn -0.000000 -0.086603 -0.050000
vn 0.000000 0.000000 -0.100000
vn 0.000000 0.000000 -0.100000
vn 0.000000 0.000000 -0.100000
vn 0.000000 0.000000 -0.100000
vn -0.000000 -0.050000 -0.086603
vn -0.000000 -0.050000 -0.086603
vn -0.000000 -0.050000 -0.086603
vn -0.000000 -0.050000 -0.086603
vn 0.000000 0.050000 -0.086603
vn 0.000000 0.050000 -0.086603
vn 0.000000 0.050000 -0.086603
vn 0.000000 0.050000 -0.086603
vn 0.000000 0.000000 -0.100000
vn 0.000000 0.000000 -0.100000
vn 0.000000 0.000000 -0.100000
vn 0.000000 0.000000 -0.100000
vn 0.000000 0.000000 -0.100000
vn 0.000000 0.086603 -0.050000
vn 0.000000 0.086603 -0.050000
vn 0.000000 0.086603 -0.050000
vn 0.000000 0.086603 -0.050000
vn 0.000000 0.050000 -0.086603
vn 0.000000 0.050000 -0.086603
vn 0.000000 0.050000 -0.086603
vn 0.000000 0.050000 -0.086603
vn 0.000000 0.100000 0.000000
vn 0.000000 0.100000 0.000000
vn 0.000000 0.100000 0.000000
vn 0.000000 0.100000 0.000000
vn 0.000000 0.086603 -0.050000
vn 0.000000 0.086603 -0.050000
vn 0.000000 0.086603 -0.050000
vn 0.000000 0.086603 -0.050000
vn 0.000000 0.086603 0.050000
vn 0.000000 0.086603 0.050000
vn 0.000000 0.086603 0.050000
vn 0.000000 0.086603 0.050000
vn 0.000000 0.100000 0.000000
vn 0.000000 0.100000 0.000000
vn 0.000000 0.100000 0.000000
vn 0.000000 0.100000 0.000000
vn 0.000000 0.050000 0.086603
vn 0.000000 0.050000 0.086603
vn 0.000000 0.050000 0.086603
vn 0.000000 0.050000 0.086603
vn 0.000000 0.086603 0.050000
vn 0.000000 0.086603 0.050000
vn 0.000000 0.086603 0.050000
vn 0.000000 0.086603 0.050000
vn -0.000000 -0.000000 0.100000
vn -0.000000 -0.000000 0.100000
vn -0.000000 -0.000000 0.100000
vn -0.000000 -0.000000 0.100000
vn -0.000000 -0.000000 0.100000
vn 0.000000 0.050000 0.086603
vn 0.000000 0.050000 0.086603
vn 0.000000 0.050000 0.086603
vn 0.000000 0.050000 0.086603
vn -0.100000 0.000000 -0.000000
vn -0.100000 0.000000 -0.000000
vn -0.100000 0.000000 -0.000000
vn -0.100000 0.000000 -0.000000
vn -0.100000 0.000000 -0.000000
vn -0.100000 0.000000 -0.000000
vn -0.100000 0.000000 -0.000000
vn -0.100000 0.000000 -0.000000
vn -0.100000 0.000000 -0.000000
vn -0.100000 0.000000 -0.000000
vn -0.100000 0.000000 -0.000000
vn -0.100000 0.000000 -0.000000
vn -0.100000 0.000000 -0.000000
vn -0.100000 0.000000 -0.000000
vn -0.100000 0.000000 -0.000000
vn -0.100000 0.000000 -0.000000
vn -0.100000 0.000000 -0.000000
vn -0.100000 0.000000 -0.000000
vn -0.100000 0.000000 -0.000000
vn -0.100000 0.000000 -0.000000
vn -0.100000 0.000000 -0.000000
vn -0.100000 0.000000 -0.000000
vn -0.100000 0.000000 -0.000000
vn -0.100000 0.000000 -0.000000
vn -0.100000 0.000000 -0.000000
vn -0.100000 0.000000 -0.000000
vn -0.100000 0.000000 -0.000000
vn -0.100000 0.000000 -0.000000
vn -0.100000 0.000000 -0.000000
vn -0.100000 0.000000 -0.000000
vn -0.100000 0.000000 -0.000000
vn -0.100000 0.000000 -0.000000
vn -0.100000 0.000000 -0.000000
vn 0.000000 0.076604 -0.064279
vn 0.000000 0.076604 -0.064279
vn 0.000000 0.100000 -0.000000
vn 0.000000 0.100000 -0.000000
vn 0.000000 0.076604 0.064279
vn 0.000000 0.076604 0.064279
vn 0.000000 0.017365 0.098481
vn 0.000000 0.017365 0.098481
vn -0.000000 -0.050000 0.086603
vn -0.000000 -0.050000 0.086603
vn -0.000000 -0.093969 0.034202
vn -0.000000 -0.093969 0.034202
vn -0.000000 -0.093969 -0.034202
vn -0.000000 -0.093969 -0.034202
vn -0.000000 -0.050000 -0.086603
vn -0.000000 -0.050000 -0.086603
vn 0.000000 0.017365 -0.098481
vn 0.000000 0.017365 -0.098481
vn -0.000000 -0.000000 0.100000
vn -0.000000 -0.000000 0.100000
vn -0.000000 -0.000000 0.100000
vn -0.000000 -0.000000 0.100000
vn 0.000000 0.086603 0.050000
vn 0.000000 0.086603 0.050000
vn 0.000000 0.086603 0.050000
vn 0.000000 0.086603 0.050000
vn 0.000000 0.050000 0.086603
vn 0.000000 0.050000 0.086603
vn 0.000000 0.050000 0.086603
vn 0.000000 0.050000 0.086603
vn 0.000000 0.100000 0.000000
vn 0.000000 0.100000 0.000000
vn 0.000000 0.100000 0.000000
vn 0.000000 0.100000 0.000000
vn 0.000000 0.086603 0.050000
vn 0.000000 0.086603 0.050000
vn 0.000000 0.086603 0.050000
vn 0.000000 0.086603 0.050000
vn 0.000000 0.086603 -0.050000
vn 0.000000 0.086603 -0.050000
vn 0.000000 0.086603 -0.050000
vn 0.000000 0.086603 -0.050000
vn 0.000000 0.100000 0.000000
vn 0.000000 0.100000 0.000000
vn 0.000000 0.100000 0.000000
vn 0.000000 0.100000 0.000000
vn 0.000000 0.050000 -0.086603
vn 0.000000 0.050000 -0.086603
vn 0.000000 0.050000 -0.086603
vn 0.000000 0.050000 -0.086603
vn 0.000000 0.086603 -0.050000
vn 0.000000 0.086603 -0.050000
vn 0.000000 0.086603 -0.050000
vn 0.000000 0.086603 -0.050000
vn 0.000000 0.000000 -0.100000
vn 0.000000 0.000000 -0.100000
vn 0.000000 0.000000 -0.100000
vn 0.000000 0.000000 -0.100000
vn 0.000000 0.050000 -0.086603
vn 0.000000 0.050000 -0.086603
vn 0.000000 0.050000 -0.086603
vn 0.000000 0.050000 -0.086603
vn -0.000000 -0.050000 -0.086603
vn -0.000000 -0.050000 -0.086603
vn -0.000000 -0.050000 -0.086603
vn -0.000000 -0.050000 -0.086603
vn 0.000000 0.000000 -0.100000
vn 0.000000 0.000000 -0.100000
vn 0.000000 0.000000 -0.100000
vn 0.000000 0.000000 -0.100000
vn 0.000000 0.000000 -0.100000
vn 0.000000 0.000000 -0.100000
vn -0.100000 0.000000 -0.000000
vn -0.100000 0.000000 -0.000000
vn -0.100000 0.000000 -0.000000
vn -0.100000 0.000000 -0.000000
vn -0.100000 0.000000 -0.000000
vn -0.100000 0.000000 -0.000000
vn -0.100000 0.000000 -0.000000
vn -0.100000 0.000000 -0.000000
vn -0.100000 0.000000 -0.000000
vn -0.100000 0.000000 -0.000000
vn -0.100000 0.000000 -0.000000
vn -0.100000 0.000000 -0.000000
vn -0.100000 0.000000 -0.000000
vn -0.100000 0.000000 -0.000000
vn -0.100000 0.000000 -0.000000
vn -0.100000 0.000000 -0.000000
vn -0.100000 0.000000 -0.000000
vn -0.100000 0.000000 -0.000000
vn -0.100000 0.000000 -0.000000
vn -0.100000 0.000000 -0.000000
vn -0.100000 0.000000 -0.000000
vn -0.100000 0.000000 -0.000000
vn -0.100000 0.000000 -0.000000
vn -0.100000 0.000000 -0.000000
vn -0.100000 0.000000 -0.000000
vn -0.100000 0.000000 -0.000000
vn -0.100000 0.000000 -0.000000
vn -0.100000 0.000000 -0.000000
vn -0.100000 0.000000 -0.000000
vn -0.100000 0.000000 -0.000000
vn -0.100000 0.000000 -0.000000
vn -0.100000 0.000000 -0.000000
vn -0.100000 0.000000 -0.000000
vn -0.000000 -0.086603 -0.050000
vn -0.000000 -0.086603 -0.050000
vn -0.000000 -0.086603 -0.050000
vn -0.000000 -0.086603 -0.050000
vn -0.000000 -0.050000 -0.086603
vn -0.000000 -0.050000 -0.086603
vn -0.000000 -0.050000 -0.086603
vn -0.000000 -0.050000 -0.086603
vn -0.000000 -0.100000 -0.000000
vn -0.000000 -0.100000 -0.000000
vn -0.000000 -0.100000 -0.000000
vn -0.000000 -0.100000 -0.000000
vn -0.000000 -0.086603 -0.050000
vn -0.000000 -0.086603 -0.050000
vn -0.000000 -0.086603 -0.050000
vn -0.000000 -0.086603 -0.050000
vn -0.000000 -0.086603 0.050000
vn -0.000000 -0.086603 0.050000
vn -0.000000 -0.086603 0.050000
vn -0.000000 -0.086603 0.050000
vn -0.000000 -0.100000 -0.000000
vn -0.000000 -0.100000 -0.000000
vn -0.000000 -0.100000 -0.000000
vn -0.000000 -0.100000 -0.000000
vn -0.000000 -0.050000 0.086603
vn -0.000000 -0.050000 0.086603
vn -0.000000 -0.050000 0.086603
vn -0.000000 -0.050000 0.086603
vn -0.000000 -0.086603 0.050000
vn -0.000000 -0.086603 0.050000
vn -0.000000 -0.086603 0.050000
vn -0.000000 -0.086603 0.050000
vn -0.000000 -0.000000 0.100000
vn -0.000000 -0.000000 0.100000
vn -0.000000 -0.000000 0.100000
vn -0.000000 -0.000000 0.100000
vn -0.000000 -0.000000 0.100000
vn -0.000000 -0.000000 0.100000
vn -0.000000 -0.050000 0.086603
vn -0.000000 -0.050000 0.086603
vn -0.000000 -0.050000 0.086603
vn -0.000000 -0.050000 0.086603
vn 0.000000 0.050000 0.086603
vn 0.000000 0.050000 0.086603
vn 0.000000 0.050000 0.086603
vn 0.000000 0.050000 0.086603
vn -0.100000 0.000000 0.000000
vn -0.100000 0.000000 0.000000
vn -0.100000 0.000000 0.000000
vn -0.100000 0.000000 0.000000
vn -0.100000 0.000000 0.000000
vn -0.100000 0.000000 0.000000
vn -0.100000 0.000000 0.000000
vn -0.100000 0.000000 0.000000
vn -0.100000 0.000000 0.000000
vn -0.100000 0.000000 0.000000
vn -0.100000 0.000000 0.000000
vn -0.100000 0.000000 0.000000
vn -0.100000 0.000000 0.000000
vn -0.100000 0.000000 0.000000
vn -0.100000 0.000000 0.000000
vn -0.100000 0.000000 0.000000
vn -0.100000 0.000000 0.000000
vn -0.100000 0.000000 0.000000
vn -0.100000 0.000000 0.000000
vn -0.100000 0.000000 0.000000
vn -0.100000 0.000000 0.000000
vn 0.000000 0.076604 -0.064279
vn 0.000000 0.076604 -0.064279
vn 0.000000 0.100000 -0.000000
vn 0.000000 0.100000 -0.000000
vn 0.000000 0.076604 0.064279
vn 0.000000 0.076604 0.064279
vn 0.000000 0.017365 0.098481
vn 0.000000 0.017365 0.098481
vn -0.000000 -0.050000 0.086603
vn -0.000000 -0.050000 0.086603
vn -0.000000 -0.093969 0.034202
vn -0.000000 -0.093969 0.034202
vn -0.000000 -0.093969 -0.034202
vn -0.000000 -0.093969 -0.034202
vn -0.000000 -0.050000 -0.086603
vn -0.000000 -0.050000 -0.086603
vn 0.000000 0.017365 -0.098481
vn 0.000000 0.017365 -0.098481
vn -0.000000 -0.100000 0.000000
vn -0.000000 -0.100000 0.000000
vn -0.000000 -0.100000 0.000000
vn -0.000000 -0.100000 0.000000
vn -0.000000 -0.100000 0.000000
vn -0.000000 -0.100000 0.000000
vn -0.000000 -0.100000 0.000000
vn -0.000000 -0.100000 0.000000
vn -0.100000 -0.000000 0.000000
vn -0.100000 -0.000000 0.000000
vn -0.100000 -0.000000 0.000000
vn -0.100000 -0.000000 0.000000
vn -0.100000 -0.000000 0.000000
vn -0.100000 -0.000000 0.000000
vn -0.100000 -0.000000 0.000000
vn -0.100000 -0.000000 0.000000
vn -0.100000 -0.000000 0.000000
vn -0.100000 -0.000000 0.000000
vn -0.100000 -0.000000 0.000000
vn -0.100000 -0.000000 0.000000
vn -0.100000 -0.000000 0.000000
vn -0.100000 -0.000000 0.000000
vn -0.100000 -0.000000 0.000000
vn -0.100000 -0.000000 0.000000
vn -0.100000 -0.000000 0.000000
vn -0.100000 -0.000000 0.000000
vn -0.100000 -0.000000 0.000000
vn -0.100000 -0.000000 0.000000
vn -0.100000 -0.000000 0.000000
vn -0.000000 -0.050000 0.086603
vn -0.000000 -0.050000 0.086603
vn -0.000000 -0.050000 0.086603
vn -0.000000 -0.050000 0.086603
vn -0.000000 -0.000000 0.100000
vn -0.000000 -0.000000 0.100000
vn -0.000000 -0.000000 0.100000
vn -0.000000 -0.000000 0.100000
vn -0.000000 -0.086603 0.050000
vn -0.000000 -0.086603 0.050000
vn -0.000000 -0.086603 0.050000
vn -0.000000 -0.086603 0.050000
vn -0.000000 -0.050000 0.086603
vn -0.000000 -0.050000 0.086603
vn -0.000000 -0.050000 0.086603
vn -0.000000 -0.050000 0.086603
vn -0.000000 -0.100000 -0.000000
vn -0.000000 -0.100000 -0.000000
vn -0.000000 -0.100000 -0.000000
vn -0.000000 -0.100000 -0.000000
vn -0.000000 -0.086603 0.050000
vn -0.000000 -0.086603 0.050000
vn -0.000000 -0.086603 0.050000
vn -0.000000 -0.086603 0.050000
vn -0.000000 -0.086603 -0.050000
vn -0.000000 -0.086603 -0.050000
vn -0.000000 -0.086603 -0.050000
vn -0.000000 -0.086603 -0.050000
vn -0.000000 -0.100000 -0.000000
vn -0.000000 -0.100000 -0.000000
vn -0.000000 -0.100000 -0.000000
vn -0.000000 -0.100000 -0.000000
vn -0.000000 -0.050000 -0.086603
vn -0.000000 -0.050000 -0.086603
vn -0.000000 -0.050000 -0.086603
vn -0.000000 -0.050000 -0.086603
vn -0.000000 -0.086603 -0.050000
vn -0.000000 -0.086603 -0.050000
vn -0.000000 -0.086603 -0.050000
vn -0.000000 -0.086603 -0.050000
vn 0.000000 0.000000 -0.100000
vn 0.000000 0.000000 -0.100000
vn 0.000000 0.000000 -0.100000
vn 0.000000 0.000000 -0.100000
vn -0.000000 -0.050000 -0.086603
vn -0.000000 -0.050000 -0.086603
vn -0.000000 -0.050000 -0.086603
vn -0.000000 -0.050000 -0.086603
vn 0.000000 0.050000 -0.086603
vn 0.000000 0.050000 -0.086603
vn 0.000000 0.050000 -0.086603
vn 0.000000 0.050000 -0.086603
vn 0.000000 0.000000 -0.100000
vn 0.000000 0.000000 -0.100000
vn 0.000000 0.000000 -0.100000
vn 0.000000 0.000000 -0.100000
vn 0.000000 0.000000 -0.100000
vn 0.000000 0.086603 -0.050000
vn 0.000000 0.086603 -0.050000
vn 0.000000 0.086603 -0.050000
vn 0.000000 0.086603 -0.050000
vn 0.000000 0.050000 -0.086603
vn 0.000000 0.050000 -0.086603
vn 0.000000 0.050000 -0.086603
vn 0.000000 0.050000 -0.086603
vn 0.000000 0.100000 0.000000
vn 0.000000 0.100000 0.000000
vn 0.000000 0.100000 0.000000
vn 0.000000 0.100000 0.000000
vn 0.000000 0.086603 -0.050000
vn 0.000000 0.086603 -0.050000
vn 0.000000 0.086603 -0.050000
vn 0.000000 0.086603 -0.050000
vn 0.000000 0.086603 0.050000
vn 0.000000 0.086603 0.050000
vn 0.000000 0.086603 0.050000
vn 0.000000 0.086603 0.050000
vn 0.000000 0.100000 0.000000
vn 0.000000 0.100000 0.000000
vn 0.000000 0.100000 0.000000
vn 0.000000 0.100000 0.000000
vn 0.000000 0.050000 0.086603
vn 0.000000 0.050000 0.086603
vn 0.000000 0.050000 0.086603
vn 0.000000 0.050000 0.086603
vn 0.000000 0.086603 0.050000
vn 0.000000 0.086603 0.050000
vn 0.000000 0.086603 0.050000
vn 0.000000 0.086603 0.050000
vn -0.000000 -0.000000 0.100000
vn -0.000000 -0.000000 0.100000
vn -0.000000 -0.000000 0.100000
vn -0.000000 -0.000000 0.100000
vn -0.000000 -0.000000 0.100000
vn 0.000000 0.050000 0.086603
vn 0.000000 0.050000 0.086603
vn 0.000000 0.050000 0.086603
vn 0.000000 0.050000 0.086603
vn -0.100000 0.000000 -0.000000
vn -0.100000 0.000000 -0.000000
vn -0.100000 0.000000 -0.000000
vn -0.100000 0.000000 -0.000000
vn -0.100000 0.000000 -0.000000
vn -0.100000 0.000000 -0.000000
vn -0.100000 0.000000 -0.000000
vn -0.100000 0.000000 -0.000000
vn -0.100000 0.000000 -0.000000
vn -0.100000 0.000000 -0.000000
vn -0.100000 0.000000 -0.000000
vn -0.100000 0.000000 -0.000000
vn -0.100000 0.000000 -0.000000
vn -0.100000 0.000000 -0.000000
vn -0.100000 0.000000 -0.000000
vn -0.100000 0.000000 -0.000000
vn -0.100000 0.000000 -0.000000
vn -0.100000 0.000000 -0.000000
vn -0.100000 0.000000 -0.000000
vn -0.100000 0.000000 -0.000000
vn -0.100000 0.000000 -0.000000
vn -0.100000 0.000000 -0.000000
vn -0.100000 0.000000 -0.000000
vn -0.100000 0.000000 -0.000000
vn -0.100000 0.000000 -0.000000
vn -0.100000 0.000000 -0.000000
vn -0.100000 0.000000 -0.000000
vn -0.100000 0.000000 -0.000000
vn -0.100000 0.000000 -0.000000
vn -0.100000 0.000000 -0.000000
vn -0.100000 0.000000 -0.000000
vn -0.100000 0.000000 -0.000000
vn -0.100000 0.000000 -0.000000
vn 0.000000 0.076604 -0.064279
vn 0.000000 0.076604 -0.064279
vn 0.000000 0.100000 -0.000000
vn 0.000000 0.100000 -0.000000
vn 0.000000 0.076604 0.064279
vn 0.000000 0.076604 0.064279
vn 0.000000 0.017365 0.098481
vn 0.000000 0.017365 0.098481
vn -0.000000 -0.050000 0.086603
vn -0.000000 -0.050000 0.086603
vn -0.000000 -0.093969 0.034202
vn -0.000000 -0.093969 0.034202
vn -0.000000 -0.093969 -0.034202
vn -0.000000 -0.093969 -0.034202
vn -0.000000 -0.050000 -0.086603
vn -0.000000 -0.050000 -0.086603
vn 0.000000 0.017365 -0.098481
vn 0.000000 0.017365 -0.098481
vn 0.100000 -0.000000 0.000000
vn 0.100000 -0.000000 0.000000
vn 0.100000 -0.000000 0.000000
vn 0.100000 -0.000000 0.000000
vn 0.100000 -0.000000 0.000000
vn 0.100000 -0.000000 0.000000
vn 0.100000 -0.000000 0.000000
vn 0.100000 -0.000000 0.000000
vn 0.100000 -0.000000 0.000000
vn 0.100000 -0.000000 0.000000
vn 0.100000 -0.000000 0.000000
vn 0.100000 -0.000000 0.000000
vn 0.100000 -0.000000 0.000000
vn 0.100000 -0.000000 0.000000
vn 0.100000 -0.000000 0.000000
vn 0.100000 -0.000000 0.000000
vn 0.100000 -0.000000 0.000000
vn 0.100000 -0.000000 0.000000
vn 0.100000 -0.000000 0.000000
vn 0.100000 -0.000000 0.000000
vn 0.100000 -0.000000 0.000000
vn 0.100000 -0.000000 0.000000
vn 0.100000 -0.000000 0.000000
vn 0.100000 -0.000000 0.000000
vn 0.100000 -0.000000 0.000000
vn 0.100000 -0.000000 0.000000
vn 0.100000 -0.000000 0.000000
vn 0.100000 -0.000000 0.000000
vn 0.100000 -0.000000 0.000000
vn 0.100000 -0.000000 0.000000
vn 0.000000 0.100000 -0.000000
vn 0.000000 0.100000 0.000000
vn 0.058779 0.080902 -0.000000
vn 0.058779 0.080902 -0.000000
vn 0.095106 0.030902 -0.000000
vn 0.095106 0.030902 -0.000000
vn 0.095106 -0.030902 -0.000000
vn 0.095106 -0.030902 -0.000000
vn 0.058779 -0.080902 -0.000000
vn 0.058779 -0.080902 -0.000000
vn 0.000000 -0.100000 -0.000000
vn -0.000000 -0.100000 0.000000
vn -0.076604 0.064279 0.000000
vn -0.076604 0.064279 0.000000
vn -0.100000 0.000000 0.000000
vn -0.100000 0.000000 0.000000
vn -0.076604 -0.064279 0.000000
vn -0.076604 -0.064279 0.000000
vn -0.017365 -0.098481 0.000000
vn -0.017365 -0.098481 0.000000
vn 0.050000 -0.086603 -0.000000
vn 0.050000 -0.086603 -0.000000
vn 0.093969 -0.034202 -0.000000
vn 0.093969 -0.034202 -0.000000
vn 0.093969 0.034202 -0.000000
vn 0.093969 0.034202 -0.000000
vn 0.050000 0.086603 -0.000000
vn 0.050000 0.086603 -0.000000
vn -0.017365 0.098481 0.000000
vn -0.017365 0.098481 0.000000
vn 0.000000 -0.000000 0.100000
vn 0.000000 -0.000000 0.100000
vn 0.000000 -0.000000 0.100000
vn 0.000000 -0.000000 0.100000
vn 0.000000 -0.000000 0.100000
vn 0.000000 -0.000000 0.100000
vn 0.000000 -0.000000 0.100000
vn 0.000000 -0.000000 0.100000
vn 0.000000 -0.000000 0.100000
vn 0.000000 -0.000000 0.100000
vn 0.000000 -0.000000 0.100000
vn 0.000000 -0.000000 0.100000
vn 0.000000 -0.000000 0.100000
vn 0.000000 -0.000000 0.100000
vn 0.000000 -0.000000 0.100000
vn 0.000000 -0.000000 0.100000
vn 0.000000 -0.000000 0.100000
vn 0.000000 -0.000000 0.100000
vn 0.000000 -0.000000 0.100000
vn -0.000000 -0.064279 -0.076604
vn -0.000000 -0.064279 -0.076604
vn -0.000000 -0.000000 -0.100000
vn -0.000000 -0.000000 -0.100000
vn 0.000000 0.064279 -0.076604
vn 0.000000 0.064279 -0.076604
vn 0.000000 0.098481 -0.017365
vn 0.000000 0.098481 -0.017365
vn 0.000000 0.086603 0.050000
vn 0.000000 0.086603 0.050000
vn 0.000000 0.034202 0.093969
vn 0.000000 0.034202 0.093969
vn -0.000000 -0.034202 0.093969
vn -0.000000 -0.034202 0.093969
vn -0.000000 -0.086603 0.050000
vn -0.000000 -0.086603 0.050000
vn -0.000000 -0.098481 -0.017365
vn -0.000000 -0.098481 -0.017365
vn 0.100000 -0.000000 -0.000000
vn 0.100000 -0.000000 -0.000000
vn 0.100000 -0.000000 -0.000000
vn 0.100000 -0.000000 -0.000000
vn 0.038268 -0.000000 0.092388
vn 0.038268 -0.000000 0.092388
vn 0.070711 -0.000000 0.070711
vn 0.070711 -0.000000 0.070711
vn 0.092388 -0.000000 0.038268
vn 0.092388 -0.000000 0.038268
vn 0.100000 -0.000000 0.000000
vn 0.100000 -0.000000 0.000000
vn 0.000000 0.100000 0.000000
vn 0.000000 0.100000 0.000000
vn 0.000000 0.100000 0.000000
vn 0.000000 0.100000 0.000000
vn 0.000000 0.100000 0.000000
vn 0.000000 0.100000 0.000000
vn 0.000000 0.100000 0.000000
vn 0.000000 0.100000 0.000000
vn 0.000000 0.100000 0.000000
vn 0.000000 0.100000 0.000000
vn 0.000000 0.100000 0.000000
vn 0.000000 0.100000 0.000000
vn 0.000000 0.100000 0.000000
vn 0.000000 0.100000 0.000000
vn 0.000000 0.100000 0.000000
vn 0.000000 0.100000 0.000000
vn 0.000000 -0.100000 0.000000
vn -0.000000 -0.100000 -0.000000
vn 0.058779 -0.080902 0.000000
vn 0.058779 -0.080902 0.000000
vn 0.095106 -0.030902 0.000000
vn 0.095106 -0.030902 0.000000
vn 0.095106 0.030902 0.000000
vn 0.095106 0.030902 0.000000
vn 0.058779 0.080902 0.000000
vn 0.058779 0.080902 0.000000
vn 0.000000 0.100000 0.000000
vn 0.000000 0.100000 -0.000000
vn -0.076604 -0.064279 -0.000000
vn -0.076604 -0.064279 -0.000000
vn -0.100000 0.000000 -0.000000
vn -0.100000 0.000000 -0.000000
vn -0.076604 0.064279 -0.000000
vn -0.076604 0.064279 -0.000000
vn -0.017365 0.098481 -0.000000
vn -0.017365 0.098481 -0.000000
vn 0.050000 0.086603 0.000000
vn 0.050000 0.086603 0.000000
vn 0.093969 0.034202 0.000000
vn 0.093969 0.034202 0.000000
vn 0.093969 -0.034202 0.000000
vn 0.093969 -0.034202 0.000000
vn 0.050000 -0.086603 0.000000
vn 0.050000 -0.086603 0.000000
vn -0.017365 -0.098481 -0.000000
vn -0.017365 -0.098481 -0.000000
vn -0.000000 0.000000 -0.100000
vn -0.000000 0.000000 -0.100000
vn -0.000000 0.000000 -0.100000
vn -0.000000 0.000000 -0.100000
vn -0.000000 0.000000 -0.100000
vn -0.000000 0.000000 -0.100000
vn -0.000000 0.000000 -0.100000
vn -0.000000 0.000000 -0.100000
vn -0.000000 0.000000 -0.100000
vn -0.000000 0.000000 -0.100000
vn -0.000000 0.000000 -0.100000
vn -0.000000 0.000000 -0.100000
vn -0.000000 0.000000 -0.100000
vn -0.000000 0.000000 -0.100000
vn -0.000000 0.000000 -0.100000
vn -0.000000 0.000000 -0.100000
vn -0.000000 0.000000 -0.100000
vn -0.000000 0.000000 -0.100000
vn -0.000000 0.000000 -0.100000
vn 0.000000 0.064279 0.076604
vn 0.000000 0.064279 0.076604
vn 0.000000 0.000000 0.100000
vn 0.000000 0.000000 0.100000
vn -0.000000 -0.064279 0.076604
vn -0.000000 -0.064279 0.076604
vn -0.000000 -0.098481 0.017365
vn -0.000000 -0.098481 0.017365
vn -0.000000 -0.086603 -0.050000
vn -0.000000 -0.086603 -0.050000
vn -0.000000 -0.034202 -0.093969
vn -0.000000 -0.034202 -0.093969
vn 0.000000 0.034202 -0.093969
vn 0.000000 0.034202 -0.093969
vn 0.000000 0.086603 -0.050000
vn 0.000000 0.086603 -0.050000
vn 0.000000 0.098481 0.017365
vn 0.000000 0.098481 0.017365
vn -0.000000 -0.076604 0.064279
vn -0.000000 -0.098481 0.017365
vn -0.000000 -0.100000 0.000000
vn -0.000000 -0.086603 -0.050000
vn -0.000000 -0.076604 -0.064279
vn -0.000000 -0.034202 -0.093969
vn -0.000000 -0.017365 -0.098481
vn 0.000000 0.034202 -0.093969
vn 0.000000 0.050000 -0.086603
vn 0.000000 0.086603 -0.050000
vn 0.000000 0.093969 -0.034202
vn 0.000000 0.098481 0.017365
vn 0.000000 0.093969 0.034202
vn 0.000000 0.064279 0.076604
vn 0.000000 0.050000 0.086603
vn 0.000000 0.000000 0.100000
vn 0.000000 -0.017365 0.098481
vn -0.000000 -0.064279 0.076604
vn 0.100000 -0.000000 -0.000000
vn 0.100000 -0.000000 -0.000000
vn 0.100000 -0.000000 -0.000000
vn 0.100000 -0.000000 -0.000000
vn 0.100000 -0.000000 0.000000
vn 0.100000 -0.000000 0.000000
vn 0.092388 -0.000000 -0.038268
vn 0.092388 -0.000000 -0.038268
vn 0.070711 -0.000000 -0.070711
vn 0.070711 -0.000000 -0.070711
vn 0.038268 -0.000000 -0.092388
vn 0.038268 -0.000000 -0.092388
vn 0.100000 -0.000000 -0.000000
vn 0.100000 -0.000000 -0.000000
vn 0.100000 -0.000000 -0.000000
vn 0.100000 -0.000000 -0.000000
vn 0.100000 -0.000000 -0.000000
vn 0.100000 -0.000000 -0.000000
vn 0.100000 -0.000000 -0.000000
vn 0.100000 -0.000000 -0.000000
vn 0.100000 -0.000000 -0.000000
vn 0.100000 -0.000000 -0.000000
vn 0.100000 -0.000000 -0.000000
vn 0.100000 -0.000000 -0.000000
vn 0.100000 -0.000000 -0.000000
vn 0.100000 -0.000000 -0.000000
vn 0.100000 -0.000000 -0.000000
vn 0.100000 -0.000000 -0.000000
vn 0.100000 -0.000000 -0.000000
vn 0.100000 -0.000000 -0.000000
vn 0.100000 -0.000000 -0.000000
vn 0.100000 -0.000000 -0.000000
vn 0.100000 -0.000000 -0.000000
vn 0.100000 -0.000000 -0.000000
vn 0.100000 -0.000000 -0.000000
vn 0.100000 -0.000000 -0.000000
vn 0.100000 -0.000000 -0.000000
vn 0.100000 -0.000000 -0.000000
vn 0.100000 -0.000000 -0.000000
vn 0.000000 0.100000 0.000000
vn 0.000000 0.100000 0.000000
vn 0.000000 0.100000 0.000000
vn 0.000000 0.100000 0.000000
vn -0.100000 0.000000 0.000000
vn -0.100000 0.000000 0.000000
vn -0.100000 0.000000 0.000000
vn -0.100000 0.000000 0.000000
vn -0.100000 0.000000 0.000000
vn -0.100000 0.000000 0.000000
vn -0.100000 0.000000 0.000000
vn -0.100000 0.000000 0.000000
vn -0.100000 0.000000 0.000000
vn -0.100000 0.000000 0.000000
vn -0.100000 0.000000 0.000000
vn -0.100000 0.000000 0.000000
vn -0.100000 0.000000 0.000000
vn -0.100000 0.000000 0.000000
vn -0.100000 0.000000 0.000000
vn -0.100000 0.000000 0.000000
vn -0.100000 0.000000 0.000000
vn -0.100000 0.000000 0.000000
vn -0.100000 0.000000 0.000000
vn -0.100000 0.000000 0.000000
vn -0.100000 0.000000 0.000000
vn -0.100000 0.000000 0.000000
vn -0.100000 0.000000 0.000000
vn -0.100000 0.000000 0.000000
vn -0.100000 0.000000 0.000000
vn -0.100000 0.000000 0.000000
vn -0.100000 0.000000 0.000000
vn -0.100000 0.000000 0.000000
vn -0.100000 0.000000 0.000000
vn -0.100000 0.000000 0.000000
vn -0.100000 0.000000 0.000000
vn -0.100000 0.000000 0.000000
vn -0.100000 0.000000 0.000000
vn -0.000000 -0.100000 0.000000
vn -0.000000 -0.100000 0.000000
vn -0.000000 -0.100000 0.000000
vn -0.000000 -0.100000 0.000000
vn -0.080000 0.060000 -0.000000
vn -0.080000 0.060000 -0.000000
vn -0.080000 0.060000 -0.000000
vn -0.080000 0.060000 -0.000000
vn -0.080000 0.060000 -0.000000
vn -0.080000 0.060000 -0.000000
vn -0.080000 0.060000 -0.000000
vn -0.080000 0.060000 -0.000000
vn -0.080000 0.060000 -0.000000
vn -0.080000 0.060000 -0.000000
vn -0.080000 0.060000 -0.000000
vn -0.080000 0.060000 -0.000000
vn -0.080000 0.060000 -0.000000
vn -0.080000 0.060000 -0.000000
vn -0.080000 0.060000 -0.000000
vn -0.080000 0.060000 -0.000000
vn -0.080000 0.060000 -0.000000
vn -0.080000 0.060000 -0.000000
vn -0.080000 0.060000 -0.000000
vn -0.080000 0.060000 -0.000000
vn -0.060000 -0.080000 0.000000
vn -0.060000 -0.080000 0.000000
vn -0.060000 -0.080000 0.000000
vn -0.060000 -0.080000 0.000000
vn -0.060000 -0.080000 0.000000
vn -0.060000 -0.080000 0.000000
vn -0.060000 -0.080000 0.000000
vn -0.060000 -0.080000 0.000000
vn 0.080000 -0.060000 0.000000
vn 0.080000 -0.060000 0.000000
vn 0.080000 -0.060000 0.000000
vn 0.080000 -0.060000 0.000000
vn -0.000000 0.000000 0.100000
vn -0.000000 0.000000 0.100000
vn -0.000000 0.000000 0.100000
vn -0.000000 0.000000 0.100000
vn -0.000000 0.000000 0.100000
vn -0.000000 0.000000 0.100000
vn -0.000000 0.000000 0.100000
vn -0.080000 0.060000 -0.000000
vn -0.080000 0.060000 -0.000000
vn 0.000000 -0.000000 -0.100000
vn 0.000000 -0.000000 -0.100000
vn 0.000000 -0.000000 -0.100000
vn 0.000000 -0.000000 -0.100000
vn 0.000000 -0.000000 -0.100000
vn 0.000000 -0.000000 -0.100000
vn 0.000000 -0.000000 -0.100000
vn -0.080000 0.060000 -0.000000
vn -0.080000 0.060000 -0.000000
vn -0.080000 0.060000 -0.000000
vn -0.080000 0.060000 -0.000000
vn 0.000000 -0.000000 -0.100000
vn 0.000000 -0.000000 -0.100000
vn 0.000000 -0.000000 -0.100000
vn 0.000000 -0.000000 -0.100000
vn 0.080000 -0.060000 0.000000
vn 0.080000 -0.060000 0.000000
vn 0.080000 -0.060000 0.000000
vn 0.080000 -0.060000 0.000000
vn 0.000000 0.000000 -0.100000
vn 0.000000 0.000000 -0.100000
vn 0.000000 0.000000 -0.100000
vn 0.000000 0.000000 -0.100000
vn -0.080000 0.060000 -0.000000
vn -0.080000 0.060000 -0.000000
vn -0.080000 0.060000 -0.000000
vn -0.080000 0.060000 -0.000000
vn -0.000000 -0.000000 0.100000
vn -0.000000 -0.000000 0.100000
vn -0.000000 -0.000000 0.100000
vn -0.000000 -0.000000 0.100000
vn -0.080000 0.060000 -0.000000
vn -0.080000 0.060000 -0.000000
vn -0.080000 0.060000 -0.000000
vn -0.080000 0.060000 -0.000000
vn 0.000000 0.000000 -0.100000
vn 0.000000 0.000000 -0.100000
vn 0.000000 0.000000 -0.100000
vn 0.000000 0.000000 -0.100000
vn -0.080000 0.060000 -0.000000
vn -0.080000 0.060000 -0.000000
vn -0.080000 0.060000 -0.000000
vn -0.080000 0.060000 -0.000000
vn -0.000000 -0.000000 0.100000
vn -0.000000 -0.000000 0.100000
vn -0.000000 -0.000000 0.100000
vn -0.000000 -0.000000 0.100000
vn 0.080000 -0.060000 0.000000
vn 0.080000 -0.060000 0.000000
vn 0.080000 -0.060000 0.000000
vn 0.080000 -0.060000 0.000000
vn -0.000000 0.000000 0.100000
vn -0.000000 0.000000 0.100000
vn -0.000000 0.000000 0.100000
vn -0.000000 0.000000 0.100000
vn -0.080000 0.060000 -0.000000
vn -0.080000 0.060000 -0.000000
vn -0.080000 0.060000 -0.000000
vn -0.080000 0.060000 -0.000000
vn -0.000000 -0.000000 0.100000
vn -0.000000 -0.000000 0.100000
vn -0.000000 -0.000000 0.100000
vn -0.000000 -0.000000 0.100000
vn 0.000000 0.000000 -0.100000
vn 0.000000 0.000000 -0.100000
vn 0.000000 0.000000 -0.100000
vn 0.000000 0.000000 -0.100000
vn 0.080000 -0.060000 0.000000
vn 0.080000 -0.060000 0.000000
vn 0.080000 -0.060000 0.000000
vn 0.080000 -0.060000 0.000000
vn -0.000000 -0.000000 0.100000
vn -0.000000 -0.000000 0.100000
vn -0.000000 -0.000000 0.100000
vn -0.000000 -0.000000 0.100000
vn 0.000000 0.000000 -0.100000
vn 0.000000 0.000000 -0.100000
vn 0.000000 0.000000 -0.100000
vn 0.000000 0.000000 -0.100000
vn -0.060000 -0.080000 -0.000000
vn -0.060000 -0.080000 -0.000000
vn -0.060000 -0.080000 -0.000000
vn -0.060000 -0.080000 -0.000000
vn -0.060000 -0.080000 -0.000000
vn -0.060000 -0.080000 -0.000000
vn -0.060000 -0.080000 -0.000000
vn -0.060000 -0.080000 -0.000000
vn -0.060000 -0.080000 -0.000000
vn -0.060000 -0.080000 -0.000000
vn -0.060000 -0.080000 -0.000000
vn -0.060000 -0.080000 -0.000000
vn -0.060000 -0.080000 -0.000000
vn -0.060000 -0.080000 -0.000000
vn -0.060000 -0.080000 -0.000000
vn -0.060000 -0.080000 -0.000000
vn -0.060000 -0.080000 -0.000000
vn -0.060000 -0.080000 -0.000000
vn -0.060000 -0.080000 -0.000000
vn -0.060000 -0.080000 -0.000000
vn -0.060000 -0.080000 -0.000000
vn -0.060000 -0.080000 -0.000000
vn -0.060000 -0.080000 -0.000000
vn -0.060000 -0.080000 -0.000000
vn 0.080000 -0.060000 0.000000
vn 0.080000 -0.060000 0.000000
vn 0.080000 -0.060000 0.000000
vn 0.080000 -0.060000 0.000000
vn -0.000000 0.000000 0.100000
vn -0.000000 0.000000 0.100000
vn -0.000000 0.000000 0.100000
vn -0.000000 0.000000 0.100000
vn -0.000000 0.000000 0.100000
vn -0.000000 0.000000 0.100000
vn -0.000000 0.000000 0.100000
vn -0.080000 0.060000 -0.000000
vn -0.080000 0.060000 -0.000000
vn 0.000000 -0.000000 -0.100000
vn 0.000000 -0.000000 -0.100000
vn 0.000000 -0.000000 -0.100000
vn 0.000000 -0.000000 -0.100000
vn 0.000000 -0.000000 -0.100000
vn 0.000000 -0.000000 -0.100000
vn 0.000000 -0.000000 -0.100000
vn -0.080000 0.060000 -0.000000
vn -0.080000 0.060000 -0.000000
vn -0.080000 0.060000 -0.000000
vn -0.080000 0.060000 -0.000000
vn 0.000000 -0.000000 -0.100000
vn 0.000000 -0.000000 -0.100000
vn 0.000000 -0.000000 -0.100000
vn 0.000000 -0.000000 -0.100000
vn 0.080000 -0.060000 0.000000
vn 0.080000 -0.060000 0.000000
vn 0.080000 -0.060000 0.000000
vn 0.080000 -0.060000 0.000000
vn 0.000000 0.000000 -0.100000
vn 0.000000 0.000000 -0.100000
vn 0.000000 0.000000 -0.100000
vn 0.000000 0.000000 -0.100000
vn -0.080000 0.060000 -0.000000
vn -0.080000 0.060000 -0.000000
vn -0.080000 0.060000 -0.000000
vn -0.080000 0.060000 -0.000000
vn -0.000000 -0.000000 0.100000
vn -0.000000 -0.000000 0.100000
vn -0.000000 -0.000000 0.100000
vn -0.000000 -0.000000 0.100000
vn -0.080000 0.060000 -0.000000
vn -0.080000 0.060000 -0.000000
vn -0.080000 0.060000 -0.000000
vn -0.080000 0.060000 -0.000000
vn 0.000000 0.000000 -0.100000
vn 0.000000 0.000000 -0.100000
vn 0.000000 0.000000 -0.100000
vn 0.000000 0.000000 -0.100000
vn -0.080000 0.060000 -0.000000
vn -0.080000 0.060000 -0.000000
vn -0.080000 0.060000 -0.000000
vn -0.080000 0.060000 -0.000000
vn -0.000000 -0.000000 0.100000
vn -0.000000 -0.000000 0.100000
vn -0.000000 -0.000000 0.100000
vn -0.000000 -0.000000 0.100000
vn 0.080000 -0.060000 0.000000
vn 0.080000 -0.060000 0.000000
vn 0.080000 -0.060000 0.000000
vn 0.080000 -0.060000 0.000000
vn -0.000000 0.000000 0.100000
vn -0.000000 0.000000 0.100000
vn -0.000000 0.000000 0.100000
vn -0.000000 0.000000 0.100000
vn -0.080000 0.060000 -0.000000
vn -0.080000 0.060000 -0.000000
vn -0.080000 0.060000 -0.000000
vn -0.080000 0.060000 -0.000000
vn -0.000000 -0.000000 0.100000
vn -0.000000 -0.000000 0.100000
vn -0.000000 -0.000000 0.100000
vn -0.000000 -0.000000 0.100000
vn 0.000000 0.000000 -0.100000
vn 0.000000 0.000000 -0.100000
vn 0.000000 0.000000 -0.100000
vn 0.000000 0.000000 -0.100000
vn 0.080000 -0.060000 0.000000
vn 0.080000 -0.060000 0.000000
vn 0.080000 -0.060000 0.000000
vn 0.080000 -0.060000 0.000000
vn -0.000000 -0.000000 0.100000
vn -0.000000 -0.000000 0.100000
vn -0.000000 -0.000000 0.100000
vn -0.000000 -0.000000 0.100000
vn 0.000000 0.000000 -0.100000
vn 0.000000 0.000000 -0.100000
vn 0.000000 0.000000 -0.100000
vn 0.000000 0.000000 -0.100000
vn -0.060000 -0.080000 -0.000000
vn -0.060000 -0.080000 -0.000000
vn -0.060000 -0.080000 -0.000000
vn -0.060000 -0.080000 -0.000000
vn -0.060000 -0.080000 -0.000000
vn -0.060000 -0.080000 -0.000000
vn -0.060000 -0.080000 -0.000000
vn -0.060000 -0.080000 -0.000000
vn -0.060000 -0.080000 -0.000000
vn -0.060000 -0.080000 -0.000000
vn -0.060000 -0.080000 -0.000000
vn -0.060000 -0.080000 -0.000000
vn -0.060000 -0.080000 -0.000000
vn -0.060000 -0.080000 -0.000000
vn -0.060000 -0.080000 -0.000000
vn -0.060000 -0.080000 -0.000000
vn -0.060000 -0.080000 -0.000000
vn -0.060000 -0.080000 -0.000000
vn -0.060000 -0.080000 -0.000000
vn -0.060000 -0.080000 -0.000000
vn -0.060000 -0.080000 -0.000000
vn -0.060000 -0.080000 -0.000000
vn -0.060000 -0.080000 -0.000000
vn -0.060000 -0.080000 -0.000000
vn 0.100000 0.000000 0.000000
vn 0.100000 0.000000 0.000000
vn 0.100000 0.000000 0.000000
vn 0.100000 0.000000 0.000000
vn 0.091724 0.039833 0.000000
vn 0.091724 0.039833 0.000000
vn 0.091724 0.039833 0.000000
vn 0.091724 0.039833 0.000000
vn -0.000000 0.100000 -0.000000
vn -0.000000 0.100000 -0.000000
vn -0.000000 0.100000 -0.000000
vn -0.000000 0.100000 -0.000000
vn 0.080000 -0.060000 0.000000
vn 0.085620 -0.051664 0.000000
vn 0.080000 -0.060000 0.000000
vn 0.071746 -0.069660 0.000000
vn 0.071746 -0.069660 0.000000
vn 0.054167 -0.084059 0.000000
vn 0.054167 -0.084059 0.000000
vn 0.033792 -0.094118 0.000000
vn 0.033792 -0.094118 0.000000
vn 0.054167 -0.084059 0.000000
vn 0.080000 -0.060000 0.000000
vn 0.085620 -0.051664 0.000000
vn 0.080000 -0.060000 0.000000
vn 0.080000 -0.060000 0.000000
vn 0.071746 -0.069660 0.000000
vn 0.085620 -0.051664 0.000000
vn 0.095074 -0.031000 0.000000
vn 0.095074 -0.031000 0.000000
vn 0.000000 0.000000 0.100000
vn 0.000000 0.000000 0.100000
vn 0.000000 0.000000 0.100000
vn 0.000000 0.000000 0.100000
vn 0.000000 0.000000 0.100000
vn 0.000000 0.000000 0.100000
vn 0.000000 0.000000 0.100000
vn 0.000000 0.000000 0.100000
vn 0.000000 0.000000 0.100000
vn 0.000000 0.000000 0.100000
vn 0.000000 0.000000 0.100000
vn 0.000000 0.000000 0.100000
vn 0.000000 0.000000 0.100000
vn 0.000000 0.000000 0.100000
vn 0.000000 0.000000 0.100000
vn 0.000000 0.000000 0.100000
vn 0.000000 0.000000 0.100000
vn -0.000000 0.100000 0.000000
vn -0.000000 0.100000 0.000000
vn -0.000000 0.100000 0.000000
vn -0.000000 0.100000 0.000000
vn -0.000000 0.100000 0.000000
vn -0.000000 0.100000 0.000000
vn -0.000000 0.100000 0.000000
vn -0.000000 0.100000 0.000000
vn -0.000000 0.100000 0.000000
vn -0.000000 0.100000 0.000000
vn -0.000000 0.100000 0.000000
vn -0.000000 0.100000 0.000000
vn -0.000000 0.100000 0.000000
vn -0.000000 0.100000 0.000000
vn -0.000000 0.100000 0.000000
vn -0.000000 0.100000 0.000000
vn 0.000000 0.000000 -0.100000
vn 0.000000 0.000000 -0.100000
vn 0.000000 0.000000 -0.100000
vn 0.000000 0.000000 -0.100000
vn 0.000000 0.000000 -0.100000
vn 0.000000 0.000000 -0.100000
vn 0.000000 0.000000 -0.100000
vn 0.000000 0.000000 -0.100000
vn 0.000000 0.000000 -0.100000
vn 0.000000 0.000000 -0.100000
vn 0.000000 0.000000 -0.100000
vn 0.000000 0.000000 -0.100000
vn 0.000000 0.000000 -0.100000
vn 0.000000 0.000000 -0.100000
vn 0.000000 0.000000 -0.100000
vn 0.000000 0.000000 -0.100000
vn 0.000000 0.000000 -0.100000
vn 0.000000 0.000000 -0.100000
vn 0.000000 0.000000 -0.100000
f 1100/2560/2505 1091/2561/2506 1099/2562/2507
f 1099/2562/2507 1091/2561/2506 1092/2563/2508
f 1099/2562/2507 1092/2563/2508 1098/2564/2509
f 1098/2564/2509 1092/2563/2508 1093/2565/2510
f 1098/2564/2509 1093/2565/2510 1097/2566/2511
f 1097/2566/2511 1093/2565/2510 1094/2567/2512
f 1097/2566/2511 1094/2567/2512 1096/2568/2513
f 1096/2568/2513 1094/2567/2512 1095/2569/2514
f 1102/2570/2515 1113/2571/2516 1101/2572/2517
f 1101/2572/2517 1113/2571/2516 1114/2573/2518
f 1101/2572/2517 1114/2573/2518 1109/2574/2519
f 1109/2574/2519 1114/2573/2518 1118/2575/2520
f 1109/2574/2519 1118/2575/2520 1108/2576/2521
f 1108/2576/2521 1118/2575/2520 1107/2577/2522
f 1107/2577/2522 1118/2575/2520 1120/2578/2523
f 1107/2577/2522 1120/2578/2523 1106/2579/2524
f 1106/2579/2524 1120/2578/2523 1091/2580/2506
f 1106/2579/2524 1091/2580/2506 1100/2581/2505
f 1103/2582/2525 1110/2583/2526 1102/2570/2515
f 1102/2570/2515 1110/2583/2526 1112/2584/2527
f 1102/2570/2515 1112/2584/2527 1113/2571/2516
f 1110/2583/2526 1103/2582/2525 1100/2581/2505
f 1100/2581/2505 1103/2582/2525 1104/2585/2528
f 1100/2581/2505 1104/2585/2528 1105/2586/2529
f 1105/2586/2529 1106/2579/2524 1100/2581/2505
f 1110/2583/2526 1111/2587/2530 1112/2584/2527
f 1114/2573/2518 1115/2588/2531 1118/2575/2520
f 1118/2575/2520 1115/2588/2531 1117/2589/2532
f 1117/2589/2532 1115/2588/2531 1116/2590/2533
f 1118/2575/2520 1119/2591/2534 1120/2578/2523
f 1094/2592/2535 1093/2593/2536 1095/2594/2537
f 1095/2594/2537 1093/2593/2536 1092/2595/2538
f 1095/2594/2537 1092/2595/2538 1121/2596/2539
f 1121/2596/2539 1092/2595/2538 1091/2597/2540
f 1121/2596/2539 1091/2597/2540 1120/2598/2541
f 1121/2596/2539 1122/2599/2542 1095/2594/2537
f 1132/2600/2543 1123/2601/2544 1131/2602/2545
f 1131/2602/2545 1123/2601/2544 1124/2603/2546
f 1131/2602/2545 1124/2603/2546 1130/2604/2547
f 1130/2604/2547 1124/2603/2546 1125/2605/2548
f 1130/2604/2547 1125/2605/2548 1129/2606/2549
f 1129/2606/2549 1125/2605/2548 1126/2607/2550
f 1129/2606/2549 1126/2607/2550 1128/2608/2551
f 1128/2608/2551 1126/2607/2550 1127/2609/2552
f 1127/2610/2552 1148/2611/2553 1128/2612/2551
f 1128/2612/2551 1148/2611/2553 1149/2613/2554
f 1128/2612/2551 1149/2613/2554 1150/2614/2555
f 1127/2610/2552 1133/2615/2556 1148/2611/2553
f 1148/2611/2553 1133/2615/2556 1147/2616/2557
f 1147/2616/2557 1133/2615/2556 1135/2617/2558
f 1147/2616/2557 1135/2617/2558 1146/2618/2559
f 1146/2618/2559 1135/2617/2558 1145/2619/2560
f 1145/2619/2560 1135/2617/2558 1139/2620/2561
f 1145/2619/2560 1139/2620/2561 1144/2621/2562
f 1144/2621/2562 1139/2620/2561 1140/2622/2563
f 1144/2621/2562 1140/2622/2563 1152/2623/2564
f 1152/2623/2564 1140/2622/2563 1141/2624/2565
f 1152/2623/2564 1141/2624/2565 1143/2625/2566
f 1143/2625/2566 1141/2624/2565 1142/2626/2567
f 1133/2615/2556 1134/2627/2568 1135/2617/2558
f 1139/2620/2561 1135/2617/2558 1138/2628/2569
f 1138/2628/2569 1135/2617/2558 1136/2629/2570
f 1138/2628/2569 1136/2629/2570 1137/2630/2571
f 1152/2623/2564 1143/2625/2566 1151/2631/2572
f 1151/2631/2572 1143/2625/2566 1128/2612/2551
f 1151/2631/2572 1128/2612/2551 1150/2614/2555
f 1099/2632/2573 1160/2633/2574 1100/2634/2575
f 1100/2634/2575 1160/2633/2574 1161/2635/2576
f 1100/2634/2575 1161/2635/2576 1162/2636/2577
f 1099/2632/2573 1098/2637/2578 1160/2633/2574
f 1160/2633/2574 1098/2637/2578 1097/2638/2579
f 1160/2633/2574 1097/2638/2579 1096/2639/2580
f 1132/2640/2581 1158/2641/2582 1096/2639/2580
f 1096/2639/2580 1158/2641/2582 1159/2642/2583
f 1096/2639/2580 1159/2642/2583 1160/2633/2574
f 1158/2641/2582 1132/2640/2581 1157/2643/2584
f 1157/2643/2584 1132/2640/2581 1131/2644/2585
f 1157/2643/2584 1131/2644/2585 1130/2645/2586
f 1130/2645/2586 1129/2646/2587 1157/2643/2584
f 1157/2643/2584 1129/2646/2587 1128/2647/2588
f 1157/2643/2584 1128/2647/2588 1156/2648/2589
f 1156/2648/2589 1128/2647/2588 1155/2649/2590
f 1155/2649/2590 1128/2647/2588 1154/2650/2591
f 1154/2650/2591 1128/2647/2588 1143/2651/2592
f 1154/2650/2591 1143/2651/2592 1153/2652/2593
f 1162/2636/2577 1163/2653/2594 1100/2634/2575
f 1100/2634/2575 1163/2653/2594 1110/2654/2595
f 1110/2654/2595 1163/2653/2594 1164/2655/2596
f 1133/2656/2597 1165/2657/2598 1134/2658/2599
f 1134/2658/2599 1165/2657/2598 1166/2659/2600
f 1166/2660/2601 1165/2661/2602 1167/2662/2603
f 1167/2662/2603 1165/2661/2602 1168/2663/2604
f 1133/2664/2605 1127/2665/2606 1165/2666/2607
f 1165/2666/2607 1127/2665/2606 1126/2667/2608
f 1165/2666/2607 1126/2667/2608 1123/2668/2609
f 1123/2668/2609 1126/2667/2608 1125/2669/2610
f 1123/2668/2609 1125/2669/2610 1124/2670/2611
f 1123/2668/2609 1168/2671/2612 1165/2666/2607
f 1170/2672/2613 1171/2673/2614 1169/2674/2615
f 1169/2674/2615 1171/2673/2614 1178/2675/2616
f 1169/2674/2615 1178/2675/2616 1186/2676/2617
f 1186/2676/2617 1178/2675/2616 1180/2677/2618
f 1186/2676/2617 1180/2677/2618 1134/2678/2619
f 1134/2678/2619 1180/2677/2618 1181/2679/2620
f 1134/2678/2619 1181/2679/2620 1182/2680/2621
f 1178/2675/2616 1171/2673/2614 1176/2681/2622
f 1176/2681/2622 1171/2673/2614 1172/2682/2623
f 1176/2681/2622 1172/2682/2623 1175/2683/2624
f 1175/2683/2624 1172/2682/2623 1174/2684/2625
f 1174/2684/2625 1172/2682/2623 1173/2685/2626
f 1176/2681/2622 1177/2686/2627 1178/2675/2616
f 1178/2675/2616 1179/2687/2628 1180/2677/2618
f 1182/2680/2621 1183/2688/2629 1134/2678/2619
f 1134/2678/2619 1166/2689/2630 1186/2676/2617
f 1186/2676/2617 1166/2689/2630 1184/2690/2631
f 1186/2676/2617 1184/2690/2631 1185/2691/2632
f 1187/2692/2633 1184/2693/2634 1167/2694/2635
f 1167/2694/2635 1184/2693/2634 1166/2695/2636
f 1121/2696/2637 1188/2697/2638 1189/2698/2639
f 1189/2699/2640 1188/2700/2641 1190/2701/2642
f 1192/2702/2643 1189/2703/2644 1191/2704/2645
f 1191/2704/2645 1189/2703/2644 1190/2705/2646
f 1194/2706/2647 1190/2707/2648 1193/2708/2649
f 1193/2708/2649 1190/2707/2648 1188/2709/2650
f 1193/2708/2649 1188/2709/2650 1119/2710/2651
f 1195/2711/2652 1196/2712/2653 1119/2710/2651
f 1119/2710/2651 1196/2712/2653 1197/2713/2654
f 1119/2710/2651 1197/2713/2654 1198/2714/2655
f 1199/2715/2656 1200/2716/2657 1198/2714/2655
f 1198/2714/2655 1200/2716/2657 1209/2717/2658
f 1198/2714/2655 1209/2717/2658 1193/2708/2649
f 1201/2718/2659 1202/2719/2660 1200/2716/2657
f 1200/2716/2657 1202/2719/2660 1207/2720/2661
f 1200/2716/2657 1207/2720/2661 1209/2717/2658
f 1209/2717/2658 1207/2720/2661 1208/2721/2662
f 1207/2720/2661 1202/2719/2660 1206/2722/2663
f 1206/2722/2663 1202/2719/2660 1203/2723/2664
f 1206/2722/2663 1203/2723/2664 1204/2724/2665
f 1204/2724/2665 1205/2725/2666 1206/2722/2663
f 1198/2714/2655 1193/2708/2649 1119/2710/2651
f 1119/2726/2667 1188/2727/2668 1120/2728/2669
f 1120/2728/2669 1188/2727/2668 1121/2729/2670
f 1192/2730/2671 1122/2731/2672 1189/2732/2673
f 1189/2732/2673 1122/2731/2672 1121/2733/2674
f 1118/2734/2675 1222/2735/2676 1119/2736/2677
f 1119/2736/2677 1222/2735/2676 1223/2737/2678
f 1119/2736/2677 1223/2737/2678 1224/2738/2679
f 1210/2739/2680 1218/2740/2681 1118/2734/2675
f 1118/2734/2675 1218/2740/2681 1220/2741/2682
f 1118/2734/2675 1220/2741/2682 1222/2735/2676
f 1222/2735/2676 1220/2741/2682 1221/2742/2683
f 1206/2743/2684 1214/2744/2685 1210/2739/2680
f 1210/2739/2680 1214/2744/2685 1216/2745/2686
f 1210/2739/2680 1216/2745/2686 1218/2740/2681
f 1218/2740/2681 1216/2745/2686 1217/2746/2687
f 1205/2747/2688 1211/2748/2689 1206/2743/2684
f 1206/2743/2684 1211/2748/2689 1212/2749/2690
f 1206/2743/2684 1212/2749/2690 1213/2750/2691
f 1213/2750/2691 1214/2744/2685 1206/2743/2684
f 1214/2744/2685 1215/2751/2692 1216/2745/2686
f 1218/2740/2681 1219/2752/2693 1220/2741/2682
f 1225/2753/2694 1195/2754/2695 1224/2738/2679
f 1224/2738/2679 1195/2754/2695 1119/2736/2677
f 1227/2755/2696 1246/2756/2697 1226/2757/2698
f 1226/2757/2698 1246/2756/2697 1247/2758/2699
f 1226/2757/2698 1247/2758/2699 1248/2759/2700
f 1246/2756/2697 1227/2755/2696 1245/2760/2701
f 1245/2760/2701 1227/2755/2696 1228/2761/2702
f 1245/2760/2701 1228/2761/2702 1253/2762/2703
f 1253/2762/2703 1228/2761/2702 1252/2763/2704
f 1252/2763/2704 1228/2761/2702 1229/2764/2705
f 1252/2763/2704 1229/2764/2705 1251/2765/2706
f 1251/2765/2706 1229/2764/2705 1250/2766/2707
f 1250/2766/2707 1229/2764/2705 1249/2767/2708
f 1249/2767/2708 1229/2764/2705 1226/2757/2698
f 1249/2767/2708 1226/2757/2698 1248/2759/2700
f 1226/2757/2698 1229/2764/2705 1235/2768/2709
f 1235/2768/2709 1229/2764/2705 1230/2769/2710
f 1235/2768/2709 1230/2769/2710 1241/2770/2711
f 1241/2770/2711 1230/2769/2710 1240/2771/2712
f 1240/2771/2712 1230/2769/2710 1231/2772/2713
f 1240/2771/2712 1231/2772/2713 1232/2773/2714
f 1233/2774/2715 1237/2775/2716 1232/2773/2714
f 1232/2773/2714 1237/2775/2716 1238/2776/2717
f 1232/2773/2714 1238/2776/2717 1239/2777/2718
f 1237/2775/2716 1233/2774/2715 1236/2778/2719
f 1236/2778/2719 1233/2774/2715 1234/2779/2720
f 1236/2778/2719 1234/2779/2720 1244/2780/2721
f 1244/2780/2721 1234/2779/2720 1235/2768/2709
f 1244/2780/2721 1235/2768/2709 1243/2781/2722
f 1243/2781/2722 1235/2768/2709 1242/2782/2723
f 1242/2782/2723 1235/2768/2709 1241/2770/2711
f 1239/2777/2718 1240/2771/2712 1232/2773/2714
f 1255/2783/2724 1227/2784/2725 1254/2785/2726
f 1254/2785/2726 1227/2784/2725 1226/2786/2727
f 1226/2787/2728 1256/2788/2729 1254/2789/2730
f 1254/2789/2730 1256/2788/2729 1259/2790/2731
f 1254/2789/2730 1259/2790/2731 1260/2791/2732
f 1226/2787/2728 1235/2792/2733 1256/2788/2729
f 1257/2793/2734 1258/2794/2735 1256/2788/2729
f 1256/2788/2729 1258/2794/2735 1259/2790/2731
f 1262/2795/2736 1233/2796/2737 1261/2797/2738
f 1261/2797/2738 1233/2796/2737 1232/2798/2739
f 1232/2799/2740 1231/2800/2741 1261/2801/2742
f 1261/2801/2742 1231/2800/2741 1263/2802/2743
f 1261/2801/2742 1263/2802/2743 1264/2803/2744
f 1264/2803/2744 1265/2804/2745 1261/2801/2742
f 1261/2805/2746 1269/2806/2747 1262/2807/2748
f 1262/2807/2748 1269/2806/2747 1271/2808/2749
f 1262/2807/2748 1271/2808/2749 1273/2809/2750
f 1273/2809/2750 1271/2808/2749 1272/2810/2751
f 1265/2811/2752 1266/2812/2753 1261/2805/2746
f 1261/2805/2746 1266/2812/2753 1267/2813/2754
f 1261/2805/2746 1267/2813/2754 1268/2814/2755
f 1268/2814/2755 1269/2806/2747 1261/2805/2746
f 1269/2806/2747 1270/2815/2756 1271/2808/2749
f 1274/2816/2757 1275/2817/2758 1273/2809/2750
f 1273/2809/2750 1275/2817/2758 1281/2818/2759
f 1273/2809/2750 1281/2818/2759 1262/2807/2748
f 1276/2819/2760 1277/2820/2761 1275/2817/2758
f 1275/2817/2758 1277/2820/2761 1281/2818/2759
f 1281/2818/2759 1277/2820/2761 1256/2821/2762
f 1256/2821/2762 1277/2820/2761 1278/2822/2763
f 1256/2821/2762 1278/2822/2763 1279/2823/2764
f 1279/2823/2764 1280/2824/2765 1256/2821/2762
f 1256/2821/2762 1280/2824/2765 1257/2825/2766
f 1256/2826/2767 1235/2827/2768 1281/2828/2769
f 1281/2828/2769 1235/2827/2768 1234/2829/2770
f 1282/2830/2771 1283/2831/2772 1285/2832/2773
f 1285/2832/2773 1283/2831/2772 1284/2833/2774
f 1286/2834/2775 1287/2835/2776 1289/2836/2777
f 1289/2836/2777 1287/2835/2776 1288/2837/2778
f 1169/2838/2779 1186/2839/2780 1290/2840/2781
f 1290/2840/2781 1186/2839/2780 1291/2841/2782
f 1193/2842/2783 1209/2843/2784 1292/2844/2785
f 1292/2844/2785 1209/2843/2784 1293/2845/2786
f 1278/2846/2787 1277/2847/2788 1295/2848/2789
f 1295/2848/2789 1277/2847/2788 1294/2849/2790
f 1277/2850/2791 1276/2851/2792 1294/2852/2793
f 1294/2852/2793 1276/2851/2792 1296/2853/2794
f 1276/2854/2795 1275/2855/2796 1296/2856/2797
f 1296/2856/2797 1275/2855/2796 1297/2857/2798
f 1275/2858/2799 1274/2859/2800 1297/2860/2801
f 1297/2860/2801 1274/2859/2800 1298/2861/2802
f 1274/2862/2803 1273/2863/2804 1298/2864/2805
f 1298/2864/2805 1273/2863/2804 1299/2865/2806
f 1273/2866/2807 1272/2867/2808 1299/2868/2809
f 1299/2868/2809 1272/2867/2808 1300/2869/2810
f 1272/2870/2811 1271/2871/2812 1300/2872/2813
f 1300/2872/2813 1271/2871/2812 1301/2873/2814
f 1271/2874/2815 1270/2875/2816 1301/2876/2817
f 1301/2876/2817 1270/2875/2816 1302/2877/2818
f 1270/2878/2819 1269/2879/2820 1302/2880/2821
f 1302/2880/2821 1269/2879/2820 1303/2881/2822
f 1269/2882/2823 1268/2883/2824 1303/2884/2825
f 1303/2884/2825 1268/2883/2824 1304/2885/2826
f 1268/2886/2827 1267/2887/2828 1304/2888/2829
f 1304/2888/2829 1267/2887/2828 1305/2889/2830
f 1267/2890/2831 1266/2891/2832 1305/2892/2833
f 1305/2892/2833 1266/2891/2832 1306/2893/2834
f 1266/2894/2835 1265/2895/2836 1306/2896/2837
f 1306/2896/2837 1265/2895/2836 1308/2897/2838
f 1308/2897/2838 1265/2895/2836 1307/2898/2839
f 1307/2898/2839 1265/2895/2836 1264/2899/2840
f 1310/2900/2841 1298/2901/2842 1309/2902/2843
f 1309/2902/2843 1298/2901/2842 1299/2903/2844
f 1309/2902/2843 1299/2903/2844 1300/2904/2845
f 1311/2905/2846 1295/2906/2847 1310/2900/2841
f 1310/2900/2841 1295/2906/2847 1294/2907/2848
f 1310/2900/2841 1294/2907/2848 1296/2908/2849
f 1312/2909/2850 1326/2910/2851 1311/2905/2846
f 1311/2905/2846 1326/2910/2851 1327/2911/2852
f 1311/2905/2846 1327/2911/2852 1295/2906/2847
f 1313/2912/2853 1324/2913/2854 1312/2909/2850
f 1312/2909/2850 1324/2913/2854 1325/2914/2855
f 1312/2909/2850 1325/2914/2855 1326/2910/2851
f 1314/2915/2856 1322/2916/2857 1313/2912/2853
f 1313/2912/2853 1322/2916/2857 1323/2917/2858
f 1313/2912/2853 1323/2917/2858 1324/2913/2854
f 1315/2918/2859 1318/2919/2860 1314/2915/2856
f 1314/2915/2856 1318/2919/2860 1319/2920/2861
f 1314/2915/2856 1319/2920/2861 1320/2921/2862
f 1316/2922/2863 1306/2923/2864 1315/2918/2859
f 1315/2918/2859 1306/2923/2864 1308/2924/2865
f 1315/2918/2859 1308/2924/2865 1318/2919/2860
f 1317/2925/2866 1304/2926/2867 1316/2922/2863
f 1316/2922/2863 1304/2926/2867 1305/2927/2868
f 1316/2922/2863 1305/2927/2868 1306/2923/2864
f 1309/2902/2843 1300/2904/2845 1317/2925/2866
f 1317/2925/2866 1300/2904/2845 1301/2928/2869
f 1317/2925/2866 1301/2928/2869 1302/2929/2870
f 1302/2929/2870 1303/2930/2871 1317/2925/2866
f 1317/2925/2866 1303/2930/2871 1304/2926/2867
f 1320/2921/2862 1321/2931/2872 1314/2915/2856
f 1314/2915/2856 1321/2931/2872 1322/2916/2857
f 1296/2908/2849 1297/2932/2873 1310/2900/2841
f 1310/2900/2841 1297/2932/2873 1298/2901/2842
f 1328/2933/2874 1318/2934/2875 1307/2935/2876
f 1307/2935/2876 1318/2934/2875 1308/2936/2877
f 1329/2937/2878 1319/2938/2879 1328/2939/2880
f 1328/2939/2880 1319/2938/2879 1318/2940/2881
f 1329/2941/2882 1330/2942/2883 1319/2943/2884
f 1319/2943/2884 1330/2942/2883 1320/2944/2885
f 1331/2945/2886 1321/2946/2887 1330/2947/2888
f 1330/2947/2888 1321/2946/2887 1320/2948/2889
f 1331/2949/2890 1332/2950/2891 1321/2951/2892
f 1321/2951/2892 1332/2950/2891 1322/2952/2893
f 1332/2953/2894 1333/2954/2895 1322/2955/2896
f 1322/2955/2896 1333/2954/2895 1323/2956/2897
f 1333/2957/2898 1334/2958/2899 1323/2959/2900
f 1323/2959/2900 1334/2958/2899 1324/2960/2901
f 1334/2961/2902 1335/2962/2903 1324/2963/2904
f 1324/2963/2904 1335/2962/2903 1325/2964/2905
f 1280/2965/2906 1326/2966/2907 1257/2967/2908
f 1257/2967/2908 1326/2966/2907 1325/2968/2909
f 1257/2967/2908 1325/2968/2909 1335/2969/2910
f 1335/2969/2910 1258/2970/2911 1257/2967/2908
f 1280/2971/2912 1279/2972/2913 1326/2973/2914
f 1326/2973/2914 1279/2972/2913 1327/2974/2915
f 1279/2975/2916 1278/2976/2917 1327/2977/2918
f 1327/2977/2918 1278/2976/2917 1295/2978/2919
f 1317/2979/2920 1237/2980/2921 1309/2981/2922
f 1309/2981/2922 1237/2980/2921 1236/2982/2923
f 1309/2983/2922 1236/2984/2923 1310/2985/2924
f 1310/2985/2924 1236/2984/2923 1244/2986/2925
f 1310/2985/2924 1244/2986/2925 1311/2987/2926
f 1311/2987/2926 1244/2986/2925 1243/2988/2927
f 1311/2987/2926 1243/2988/2927 1312/2989/2928
f 1312/2989/2928 1243/2988/2927 1242/2990/2929
f 1312/2989/2928 1242/2990/2929 1313/2991/2930
f 1313/2991/2930 1242/2990/2929 1241/2992/2931
f 1313/2991/2930 1241/2992/2931 1314/2993/2932
f 1314/2993/2932 1241/2992/2931 1240/2994/2933
f 1314/2993/2932 1240/2994/2933 1315/2995/2934
f 1315/2995/2934 1240/2994/2933 1239/2996/2935
f 1315/2995/2934 1239/2996/2935 1316/2997/2936
f 1316/2997/2936 1239/2996/2935 1238/2998/2937
f 1316/2997/2936 1238/2998/2937 1317/2979/2920
f 1317/2979/2920 1238/2998/2937 1237/2980/2921
f 1335/2999/2938 1346/3000/2939 1258/3001/2940
f 1258/3001/2940 1346/3000/2939 1347/3002/2941
f 1258/3001/2940 1347/3002/2941 1358/3003/2942
f 1358/3003/2942 1347/3002/2941 1348/3004/2943
f 1358/3003/2942 1348/3004/2943 1357/3005/2944
f 1357/3005/2944 1348/3004/2943 1351/3006/2945
f 1357/3005/2944 1351/3006/2945 1354/3007/2946
f 1354/3007/2946 1351/3006/2945 1352/3008/2947
f 1354/3007/2946 1352/3008/2947 1353/3009/2948
f 1334/3010/2949 1333/3011/2950 1335/2999/2938
f 1335/2999/2938 1333/3011/2950 1346/3000/2939
f 1332/3012/2951 1331/3013/2952 1333/3011/2950
f 1333/3011/2950 1331/3013/2952 1343/3014/2953
f 1333/3011/2950 1343/3014/2953 1346/3000/2939
f 1346/3000/2939 1343/3014/2953 1345/3015/2954
f 1345/3015/2954 1343/3014/2953 1344/3016/2955
f 1330/3017/2956 1329/3018/2957 1331/3013/2952
f 1331/3013/2952 1329/3018/2957 1343/3014/2953
f 1328/3019/2958 1307/3020/2959 1329/3018/2957
f 1329/3018/2957 1307/3020/2959 1263/3021/2960
f 1329/3018/2957 1263/3021/2960 1342/3022/2961
f 1342/3022/2961 1263/3021/2960 1341/3023/2962
f 1341/3023/2962 1263/3021/2960 1336/3024/2963
f 1341/3023/2962 1336/3024/2963 1338/3025/2964
f 1338/3025/2964 1336/3024/2963 1337/3026/2965
f 1307/3020/2959 1264/3027/2966 1263/3021/2960
f 1339/3028/2967 1340/3029/2968 1338/3025/2964
f 1338/3025/2964 1340/3029/2968 1341/3023/2962
f 1342/3022/2961 1343/3014/2953 1329/3018/2957
f 1349/3030/2969 1350/3031/2970 1348/3004/2943
f 1348/3004/2943 1350/3031/2970 1351/3006/2945
f 1355/3032/2971 1356/3033/2972 1354/3007/2946
f 1354/3007/2946 1356/3033/2972 1357/3005/2944
f 1258/3001/2940 1358/3003/2942 1259/3034/2973
f 1259/3034/2973 1358/3003/2942 1359/3035/2974
f 1259/3034/2973 1359/3035/2974 1380/3036/2975
f 1380/3036/2975 1359/3035/2974 1362/3037/2976
f 1380/3036/2975 1362/3037/2976 1378/3038/2977
f 1378/3038/2977 1362/3037/2976 1376/3039/2978
f 1378/3038/2977 1376/3039/2978 1377/3040/2979
f 1359/3035/2974 1360/3041/2980 1362/3037/2976
f 1362/3037/2976 1360/3041/2980 1361/3042/2981
f 1362/3037/2976 1363/3043/2982 1376/3039/2978
f 1376/3039/2978 1363/3043/2982 1374/3044/2983
f 1376/3039/2978 1374/3044/2983 1375/3045/2984
f 1374/3044/2983 1363/3043/2982 1370/3046/2985
f 1370/3046/2985 1363/3043/2982 1364/3047/2986
f 1370/3046/2985 1364/3047/2986 1369/3048/2987
f 1369/3048/2987 1364/3047/2986 1367/3049/2988
f 1369/3048/2987 1367/3049/2988 1368/3050/2989
f 1365/3051/2990 1366/3052/2991 1364/3047/2986
f 1364/3047/2986 1366/3052/2991 1367/3049/2988
f 1371/3053/2992 1372/3054/2993 1370/3046/2985
f 1370/3046/2985 1372/3054/2993 1374/3044/2983
f 1372/3054/2993 1373/3055/2994 1374/3044/2983
f 1378/3038/2977 1379/3056/2995 1380/3036/2975
f 1233/3057/2996 1262/3058/2997 1234/3059/2998
f 1234/3059/2998 1262/3058/2997 1281/3060/2999
f 1381/3061/3000 1382/3062/3001 1384/3063/3002
f 1384/3063/3002 1382/3062/3001 1383/3064/3003
f 1385/3065/3004 1381/3066/3005 1386/3067/3006
f 1386/3067/3006 1381/3066/3005 1384/3068/3007
f 1387/3069/3008 1385/3070/3009 1388/3071/3010
f 1388/3071/3010 1385/3070/3009 1386/3072/3011
f 1389/3073/3012 1387/3074/3013 1390/3075/3014
f 1390/3075/3014 1387/3074/3013 1388/3076/3015
f 1391/3077/3016 1389/3078/3017 1392/3079/3018
f 1392/3079/3018 1389/3078/3017 1390/3080/3019
f 1393/3081/3020 1391/3082/3021 1394/3083/3022
f 1394/3083/3022 1391/3082/3021 1392/3084/3023
f 1395/3085/3024 1393/3086/3025 1396/3087/3026
f 1396/3087/3026 1393/3086/3025 1394/3088/3027
f 1397/3089/3028 1395/3090/3029 1398/3091/3030
f 1398/3091/3030 1395/3090/3029 1396/3092/3031
f 1399/3093/3032 1397/3094/3033 1400/3095/3034
f 1400/3095/3034 1397/3094/3033 1398/3096/3035
f 1401/3097/3036 1399/3098/3037 1402/3099/3038
f 1402/3099/3038 1399/3098/3037 1400/3100/3039
f 1403/3101/3040 1401/3102/3041 1404/3103/3042
f 1404/3103/3042 1401/3102/3041 1402/3104/3043
f 1405/3105/3044 1403/3106/3045 1406/3107/3046
f 1406/3107/3046 1403/3106/3045 1404/3108/3047
f 1407/3109/3048 1405/3110/3049 1408/3111/3050
f 1408/3111/3050 1405/3110/3049 1406/3112/3051
f 1174/3113/3052 1173/3114/3053 1409/3115/3054
f 1409/3115/3054 1173/3114/3053 1408/3116/3055
f 1408/3116/3055 1173/3114/3053 1407/3117/3056
f 1175/3118/3057 1174/3119/3058 1410/3120/3059
f 1410/3120/3059 1174/3119/3058 1409/3121/3060
f 1176/3122/3061 1175/3123/3062 1411/3124/3063
f 1411/3124/3063 1175/3123/3062 1410/3125/3064
f 1177/3126/3065 1176/3127/3066 1412/3128/3067
f 1412/3128/3067 1176/3127/3066 1411/3129/3068
f 1178/3130/3069 1177/3131/3070 1413/3132/3071
f 1413/3132/3071 1177/3131/3070 1412/3133/3072
f 1414/3134/3073 1179/3135/3074 1413/3136/3075
f 1413/3136/3075 1179/3135/3074 1178/3137/3076
f 1180/3138/3077 1179/3139/3078 1415/3140/3079
f 1415/3140/3079 1179/3139/3078 1414/3141/3080
f 1416/3142/3081 1181/3143/3082 1415/3144/3083
f 1415/3144/3083 1181/3143/3082 1180/3145/3084
f 1417/3146/3085 1182/3147/3086 1416/3148/3087
f 1416/3148/3087 1182/3147/3086 1181/3149/3088
f 1418/3150/3089 1183/3151/3090 1419/3152/3091
f 1419/3152/3091 1183/3151/3090 1417/3153/3092
f 1417/3153/3092 1183/3151/3090 1182/3154/3093
f 1382/3155/3094 1418/3156/3095 1383/3157/3096
f 1383/3157/3096 1418/3156/3095 1419/3158/3097
f 1421/3159/3098 1414/3160/3099 1420/3161/3100
f 1420/3161/3100 1414/3160/3099 1413/3162/3101
f 1420/3161/3100 1413/3162/3101 1412/3163/3102
f 1422/3164/3103 1419/3165/3104 1421/3159/3098
f 1421/3159/3098 1419/3165/3104 1417/3166/3105
f 1421/3159/3098 1417/3166/3105 1416/3167/3106
f 1423/3168/3107 1384/3169/3108 1422/3164/3103
f 1422/3164/3103 1384/3169/3108 1383/3170/3109
f 1422/3164/3103 1383/3170/3109 1419/3165/3104
f 1424/3171/3110 1388/3172/3111 1423/3168/3107
f 1423/3168/3107 1388/3172/3111 1386/3173/3112
f 1423/3168/3107 1386/3173/3112 1384/3169/3108
f 1425/3174/3113 1392/3175/3114 1424/3171/3110
f 1424/3171/3110 1392/3175/3114 1390/3176/3115
f 1424/3171/3110 1390/3176/3115 1388/3172/3111
f 1426/3177/3116 1400/3178/3117 1425/3174/3113
f 1425/3174/3113 1400/3178/3117 1398/3179/3118
f 1425/3174/3113 1398/3179/3118 1396/3180/3119
f 1427/3181/3120 1404/3182/3121 1426/3177/3116
f 1426/3177/3116 1404/3182/3121 1402/3183/3122
f 1426/3177/3116 1402/3183/3122 1400/3178/3117
f 1428/3184/3123 1408/3185/3124 1427/3181/3120
f 1427/3181/3120 1408/3185/3124 1406/3186/3125
f 1427/3181/3120 1406/3186/3125 1404/3182/3121
f 1420/3161/3100 1412/3163/3102 1428/3184/3123
f 1428/3184/3123 1412/3163/3102 1411/3187/3126
f 1428/3184/3123 1411/3187/3126 1410/3188/3127
f 1416/3167/3106 1415/3189/3128 1421/3159/3098
f 1421/3159/3098 1415/3189/3128 1414/3160/3099
f 1410/3188/3127 1409/3190/3129 1428/3184/3123
f 1428/3184/3123 1409/3190/3129 1408/3185/3124
f 1396/3180/3119 1394/3191/3130 1425/3174/3113
f 1425/3174/3113 1394/3191/3130 1392/3175/3114
f 1428/3192/3131 1437/3193/3132 1420/3194/3133
f 1420/3194/3133 1437/3193/3132 1429/3195/3134
f 1420/3196/3133 1429/3197/3134 1421/3198/3135
f 1421/3198/3135 1429/3197/3134 1430/3199/3136
f 1421/3198/3135 1430/3199/3136 1422/3200/3137
f 1422/3200/3137 1430/3199/3136 1431/3201/3138
f 1422/3200/3137 1431/3201/3138 1423/3202/3139
f 1423/3202/3139 1431/3201/3138 1432/3203/3140
f 1423/3202/3139 1432/3203/3140 1424/3204/3141
f 1424/3204/3141 1432/3203/3140 1433/3205/3142
f 1424/3204/3141 1433/3205/3142 1425/3206/3143
f 1425/3206/3143 1433/3205/3142 1434/3207/3144
f 1425/3206/3143 1434/3207/3144 1426/3208/3145
f 1426/3208/3145 1434/3207/3144 1435/3209/3146
f 1426/3208/3145 1435/3209/3146 1427/3210/3147
f 1427/3210/3147 1435/3209/3146 1436/3211/3148
f 1427/3210/3147 1436/3211/3148 1428/3192/3131
f 1428/3192/3131 1436/3211/3148 1437/3193/3132
f 1438/3212/3149 1439/3213/3150 1441/3214/3151
f 1441/3214/3151 1439/3213/3150 1440/3215/3152
f 1439/3216/3153 1442/3217/3154 1440/3218/3155
f 1440/3218/3155 1442/3217/3154 1443/3219/3156
f 1442/3220/3157 1444/3221/3158 1443/3222/3159
f 1443/3222/3159 1444/3221/3158 1445/3223/3160
f 1444/3224/3161 1446/3225/3162 1445/3226/3163
f 1445/3226/3163 1446/3225/3162 1447/3227/3164
f 1446/3228/3165 1448/3229/3166 1447/3230/3167
f 1447/3230/3167 1448/3229/3166 1449/3231/3168
f 1448/3232/3169 1450/3233/3170 1449/3234/3171
f 1449/3234/3171 1450/3233/3170 1451/3235/3172
f 1450/3236/3173 1452/3237/3174 1451/3238/3175
f 1451/3238/3175 1452/3237/3174 1453/3239/3176
f 1452/3240/3177 1454/3241/3178 1453/3242/3179
f 1453/3242/3179 1454/3241/3178 1455/3243/3180
f 1454/3244/3181 1456/3245/3182 1455/3246/3183
f 1455/3246/3183 1456/3245/3182 1457/3247/3184
f 1456/3248/3185 1458/3249/3186 1457/3250/3187
f 1457/3250/3187 1458/3249/3186 1459/3251/3188
f 1458/3252/3189 1460/3253/3190 1459/3254/3191
f 1459/3254/3191 1460/3253/3190 1461/3255/3192
f 1460/3256/3193 1462/3257/3194 1461/3258/3195
f 1461/3258/3195 1462/3257/3194 1463/3259/3196
f 1462/3260/3197 1260/3261/3198 1463/3262/3199
f 1463/3262/3199 1260/3261/3198 1464/3263/3200
f 1464/3263/3200 1260/3261/3198 1380/3264/3201
f 1380/3264/3201 1260/3261/3198 1259/3265/3202
f 1466/3266/3203 1447/3267/3204 1465/3268/3205
f 1465/3268/3205 1447/3267/3204 1449/3269/3206
f 1465/3268/3205 1449/3269/3206 1451/3270/3207
f 1467/3271/3208 1441/3272/3209 1466/3266/3203
f 1466/3266/3203 1441/3272/3209 1440/3273/3210
f 1466/3266/3203 1440/3273/3210 1443/3274/3211
f 1468/3275/3212 1482/3276/3213 1467/3271/3208
f 1467/3271/3208 1482/3276/3213 1483/3277/3214
f 1467/3271/3208 1483/3277/3214 1441/3272/3209
f 1469/3278/3215 1480/3279/3216 1468/3275/3212
f 1468/3275/3212 1480/3279/3216 1481/3280/3217
f 1468/3275/3212 1481/3280/3217 1482/3276/3213
f 1470/3281/3218 1478/3282/3219 1469/3278/3215
f 1469/3278/3215 1478/3282/3219 1479/3283/3220
f 1469/3278/3215 1479/3283/3220 1480/3279/3216
f 1471/3284/3221 1474/3285/3222 1470/3281/3218
f 1470/3281/3218 1474/3285/3222 1475/3286/3223
f 1470/3281/3218 1475/3286/3223 1476/3287/3224
f 1472/3288/3225 1463/3289/3226 1471/3284/3221
f 1471/3284/3221 1463/3289/3226 1464/3290/3227
f 1471/3284/3221 1464/3290/3227 1474/3285/3222
f 1473/3291/3228 1459/3292/3229 1472/3288/3225
f 1472/3288/3225 1459/3292/3229 1461/3293/3230
f 1472/3288/3225 1461/3293/3230 1463/3289/3226
f 1465/3268/3205 1451/3270/3207 1473/3291/3228
f 1473/3291/3228 1451/3270/3207 1453/3294/3231
f 1473/3291/3228 1453/3294/3231 1455/3295/3232
f 1455/3295/3232 1457/3296/3233 1473/3291/3228
f 1473/3291/3228 1457/3296/3233 1459/3292/3229
f 1476/3287/3224 1477/3297/3234 1470/3281/3218
f 1470/3281/3218 1477/3297/3234 1478/3282/3219
f 1443/3274/3211 1445/3298/3235 1466/3266/3203
f 1466/3266/3203 1445/3298/3235 1447/3267/3204
f 1379/3299/3236 1474/3300/3237 1380/3301/3238
f 1380/3301/3238 1474/3300/3237 1464/3302/3239
f 1378/3303/3240 1475/3304/3241 1379/3305/3242
f 1379/3305/3242 1475/3304/3241 1474/3306/3243
f 1378/3307/3244 1377/3308/3245 1475/3309/3246
f 1475/3309/3246 1377/3308/3245 1476/3310/3247
f 1376/3311/3248 1477/3312/3249 1377/3313/3250
f 1377/3313/3250 1477/3312/3249 1476/3314/3251
f 1376/3315/3252 1375/3316/3253 1477/3317/3254
f 1477/3317/3254 1375/3316/3253 1478/3318/3255
f 1375/3319/3256 1374/3320/3257 1478/3321/3258
f 1478/3321/3258 1374/3320/3257 1479/3322/3259
f 1374/3323/3260 1373/3324/3261 1479/3325/3262
f 1479/3325/3262 1373/3324/3261 1480/3326/3263
f 1373/3327/3264 1372/3328/3265 1480/3329/3266
f 1480/3329/3266 1372/3328/3265 1481/3330/3267
f 1485/3331/3268 1482/3332/3269 1484/3333/3270
f 1484/3333/3270 1482/3332/3269 1481/3334/3271
f 1484/3333/3270 1481/3334/3271 1372/3335/3272
f 1372/3335/3272 1371/3336/3273 1484/3333/3270
f 1485/3337/3274 1486/3338/3275 1482/3339/3276
f 1482/3339/3276 1486/3338/3275 1483/3340/3277
f 1486/3341/3278 1438/3342/3279 1483/3343/3280
f 1483/3343/3280 1438/3342/3279 1441/3344/3281
f 1254/3345/3282 1456/3346/3283 1255/3347/3284
f 1255/3347/3284 1456/3346/3283 1452/3348/3285
f 1255/3347/3284 1452/3348/3285 1448/3349/3286
f 1448/3349/3286 1452/3348/3285 1450/3350/3287
f 1260/3351/3288 1462/3352/3289 1254/3345/3282
f 1254/3345/3282 1462/3352/3289 1460/3353/3290
f 1254/3345/3282 1460/3353/3290 1458/3354/3291
f 1458/3354/3291 1456/3346/3283 1254/3345/3282
f 1456/3346/3283 1454/3355/3292 1452/3348/3285
f 1446/3356/3293 1444/3357/3294 1448/3349/3286
f 1448/3349/3286 1444/3357/3294 1488/3358/3295
f 1448/3349/3286 1488/3358/3295 1255/3347/3284
f 1444/3357/3294 1442/3359/3296 1488/3358/3295
f 1488/3358/3295 1442/3359/3296 1439/3360/3297
f 1488/3358/3295 1439/3360/3297 1487/3361/3298
f 1487/3361/3298 1439/3360/3297 1438/3362/3299
f 1487/3361/3298 1438/3362/3299 1486/3363/3300
f 1486/3363/3300 1485/3364/3301 1487/3361/3298
f 1487/3361/3298 1485/3364/3301 1484/3365/3302
f 1473/3366/3303 1246/3367/3304 1465/3368/3305
f 1465/3368/3305 1246/3367/3304 1245/3369/3306
f 1465/3370/3305 1245/3371/3306 1466/3372/3307
f 1466/3372/3307 1245/3371/3306 1253/3373/3308
f 1466/3372/3307 1253/3373/3308 1467/3374/3309
f 1467/3374/3309 1253/3373/3308 1252/3375/3310
f 1467/3374/3309 1252/3375/3310 1468/3376/3311
f 1468/3376/3311 1252/3375/3310 1251/3377/3312
f 1468/3376/3311 1251/3377/3312 1469/3378/3313
f 1469/3378/3313 1251/3377/3312 1250/3379/3314
f 1469/3378/3313 1250/3379/3314 1470/3380/3315
f 1470/3380/3315 1250/3379/3314 1249/3381/3316
f 1470/3380/3315 1249/3381/3316 1471/3382/3317
f 1471/3382/3317 1249/3381/3316 1248/3383/3318
f 1471/3382/3317 1248/3383/3318 1472/3384/3319
f 1472/3384/3319 1248/3383/3318 1247/3385/3320
f 1472/3384/3319 1247/3385/3320 1473/3366/3303
f 1473/3366/3303 1247/3385/3320 1246/3367/3304
f 1484/3386/3321 1371/3387/3322 1487/3388/3323
f 1487/3388/3323 1371/3387/3322 1370/3389/3324
f 1227/3390/3325 1255/3391/3326 1228/3392/3327
f 1228/3392/3327 1255/3391/3326 1488/3393/3328
f 1134/3394/3329 1385/3395/3330 1135/3396/3331
f 1135/3396/3331 1385/3395/3330 1389/3397/3332
f 1135/3396/3331 1389/3397/3332 1393/3398/3333
f 1393/3398/3333 1389/3397/3332 1391/3399/3334
f 1183/3400/3335 1382/3401/3336 1134/3394/3329
f 1134/3394/3329 1382/3401/3336 1381/3402/3337
f 1134/3394/3329 1381/3402/3337 1385/3395/3330
f 1183/3400/3335 1418/3403/3338 1382/3401/3336
f 1385/3395/3330 1387/3404/3339 1389/3397/3332
f 1395/3405/3340 1397/3406/3341 1393/3398/3333
f 1393/3398/3333 1397/3406/3341 1489/3407/3342
f 1393/3398/3333 1489/3407/3342 1135/3396/3331
f 1399/3408/3343 1401/3409/3344 1397/3406/3341
f 1397/3406/3341 1401/3409/3344 1489/3407/3342
f 1489/3407/3342 1401/3409/3344 1172/3410/3345
f 1172/3410/3345 1401/3409/3344 1403/3411/3346
f 1172/3410/3345 1403/3411/3346 1405/3412/3347
f 1405/3412/3347 1407/3413/3348 1172/3410/3345
f 1172/3410/3345 1407/3413/3348 1173/3414/3349
f 1213/3415/3350 1212/3416/3351 1491/3417/3352
f 1491/3417/3352 1212/3416/3351 1490/3418/3353
f 1214/3419/3354 1213/3420/3355 1492/3421/3356
f 1492/3421/3356 1213/3420/3355 1491/3422/3357
f 1215/3423/3358 1214/3424/3359 1493/3425/3360
f 1493/3425/3360 1214/3424/3359 1492/3426/3361
f 1216/3427/3362 1215/3428/3363 1494/3429/3364
f 1494/3429/3364 1215/3428/3363 1493/3430/3365
f 1217/3431/3366 1216/3432/3367 1495/3433/3368
f 1495/3433/3368 1216/3432/3367 1494/3434/3369
f 1218/3435/3370 1217/3436/3371 1496/3437/3372
f 1496/3437/3372 1217/3436/3371 1495/3438/3373
f 1219/3439/3374 1218/3440/3375 1497/3441/3376
f 1497/3441/3376 1218/3440/3375 1496/3442/3377
f 1220/3443/3378 1219/3444/3379 1498/3445/3380
f 1498/3445/3380 1219/3444/3379 1497/3446/3381
f 1221/3447/3382 1220/3448/3383 1499/3449/3384
f 1499/3449/3384 1220/3448/3383 1498/3450/3385
f 1222/3451/3386 1221/3452/3387 1500/3453/3388
f 1500/3453/3388 1221/3452/3387 1499/3454/3389
f 1223/3455/3390 1222/3456/3391 1501/3457/3392
f 1501/3457/3392 1222/3456/3391 1500/3458/3393
f 1224/3459/3394 1223/3460/3395 1502/3461/3396
f 1502/3461/3396 1223/3460/3395 1501/3462/3397
f 1225/3463/3398 1224/3464/3399 1503/3465/3400
f 1503/3465/3400 1224/3464/3399 1502/3466/3401
f 1196/3467/3402 1195/3468/3403 1504/3469/3404
f 1504/3469/3404 1195/3468/3403 1503/3470/3405
f 1503/3470/3405 1195/3468/3403 1225/3471/3406
f 1197/3472/3407 1196/3473/3408 1505/3474/3409
f 1505/3474/3409 1196/3473/3408 1504/3475/3410
f 1198/3476/3411 1197/3477/3412 1506/3478/3413
f 1506/3478/3413 1197/3477/3412 1505/3479/3414
f 1199/3480/3415 1198/3481/3416 1507/3482/3417
f 1507/3482/3417 1198/3481/3416 1506/3483/3418
f 1200/3484/3419 1199/3485/3420 1508/3486/3421
f 1508/3486/3421 1199/3485/3420 1507/3487/3422
f 1509/3488/3423 1201/3489/3424 1508/3490/3425
f 1508/3490/3425 1201/3489/3424 1200/3491/3426
f 1202/3492/3427 1201/3493/3428 1510/3494/3429
f 1510/3494/3429 1201/3493/3428 1509/3495/3430
f 1511/3496/3431 1203/3497/3432 1510/3498/3433
f 1510/3498/3433 1203/3497/3432 1202/3499/3434
f 1512/3500/3435 1204/3501/3436 1511/3502/3437
f 1511/3502/3437 1204/3501/3436 1203/3503/3438
f 1211/3504/3439 1205/3505/3440 1513/3506/3441
f 1513/3506/3441 1205/3505/3440 1512/3507/3442
f 1512/3507/3442 1205/3505/3440 1204/3508/3443
f 1212/3509/3444 1211/3510/3445 1490/3511/3446
f 1490/3511/3446 1211/3510/3445 1513/3512/3447
f 1515/3513/3448 1509/3514/3449 1514/3515/3450
f 1514/3515/3450 1509/3514/3449 1508/3516/3451
f 1514/3515/3450 1508/3516/3451 1507/3517/3452
f 1516/3518/3453 1513/3519/3454 1515/3513/3448
f 1515/3513/3448 1513/3519/3454 1512/3520/3455
f 1515/3513/3448 1512/3520/3455 1511/3521/3456
f 1517/3522/3457 1491/3523/3458 1516/3518/3453
f 1516/3518/3453 1491/3523/3458 1490/3524/3459
f 1516/3518/3453 1490/3524/3459 1513/3519/3454
f 1518/3525/3460 1493/3526/3461 1517/3522/3457
f 1517/3522/3457 1493/3526/3461 1492/3527/3462
f 1517/3522/3457 1492/3527/3462 1491/3523/3458
f 1519/3528/3463 1495/3529/3464 1518/3525/3460
f 1518/3525/3460 1495/3529/3464 1494/3530/3465
f 1518/3525/3460 1494/3530/3465 1493/3526/3461
f 1520/3531/3466 1499/3532/3467 1519/3528/3463
f 1519/3528/3463 1499/3532/3467 1498/3533/3468
f 1519/3528/3463 1498/3533/3468 1497/3534/3469
f 1521/3535/3470 1501/3536/3471 1520/3531/3466
f 1520/3531/3466 1501/3536/3471 1500/3537/3472
f 1520/3531/3466 1500/3537/3472 1499/3532/3467
f 1522/3538/3473 1503/3539/3474 1521/3535/3470
f 1521/3535/3470 1503/3539/3474 1502/3540/3475
f 1521/3535/3470 1502/3540/3475 1501/3536/3471
f 1514/3515/3450 1507/3517/3452 1522/3538/3473
f 1522/3538/3473 1507/3517/3452 1506/3541/3476
f 1522/3538/3473 1506/3541/3476 1505/3542/3477
f 1511/3521/3456 1510/3543/3478 1515/3513/3448
f 1515/3513/3448 1510/3543/3478 1509/3514/3449
f 1505/3542/3477 1504/3544/3479 1522/3538/3473
f 1522/3538/3473 1504/3544/3479 1503/3539/3474
f 1497/3534/3469 1496/3545/3480 1519/3528/3463
f 1519/3528/3463 1496/3545/3480 1495/3529/3464
f 1522/3546/3481 1531/3547/3482 1514/3548/3483
f 1514/3548/3483 1531/3547/3482 1523/3549/3484
f 1514/3550/3483 1523/3551/3484 1515/3552/3485
f 1515/3552/3485 1523/3551/3484 1524/3553/3486
f 1515/3552/3485 1524/3553/3486 1516/3554/3487
f 1516/3554/3487 1524/3553/3486 1525/3555/3488
f 1516/3554/3487 1525/3555/3488 1517/3556/3489
f 1517/3556/3489 1525/3555/3488 1526/3557/3490
f 1517/3556/3489 1526/3557/3490 1518/3558/3491
f 1518/3558/3491 1526/3557/3490 1527/3559/3492
f 1518/3558/3491 1527/3559/3492 1519/3560/3493
f 1519/3560/3493 1527/3559/3492 1528/3561/3494
f 1519/3560/3493 1528/3561/3494 1520/3562/3495
f 1520/3562/3495 1528/3561/3494 1529/3563/3496
f 1520/3562/3495 1529/3563/3496 1521/3564/3497
f 1521/3564/3497 1529/3563/3496 1530/3565/3498
f 1521/3564/3497 1530/3565/3498 1522/3546/3481
f 1522/3546/3481 1530/3565/3498 1531/3547/3482
f 1437/3566/3499 1537/3567/3500 1429/3568/3501
f 1429/3568/3501 1537/3567/3500 1538/3569/3502
f 1429/3568/3501 1538/3569/3502 1523/3570/3503
f 1523/3570/3503 1538/3569/3502 1524/3571/3504
f 1524/3571/3504 1538/3569/3502 1525/3572/3505
f 1525/3572/3505 1538/3569/3502 1526/3573/3506
f 1526/3573/3506 1538/3569/3502 1539/3574/3507
f 1526/3573/3506 1539/3574/3507 1527/3575/3508
f 1527/3575/3508 1539/3574/3507 1528/3576/3509
f 1528/3576/3509 1539/3574/3507 1117/3577/3510
f 1528/3576/3509 1117/3577/3510 1533/3578/3511
f 1533/3578/3511 1117/3577/3510 1532/3579/3512
f 1532/3579/3512 1117/3577/3510 1116/3580/3513
f 1437/3566/3499 1436/3581/3514 1537/3567/3500
f 1537/3567/3500 1436/3581/3514 1435/3582/3515
f 1537/3567/3500 1435/3582/3515 1536/3583/3516
f 1536/3583/3516 1435/3582/3515 1434/3584/3517
f 1536/3583/3516 1434/3584/3517 1433/3585/3518
f 1432/3586/3519 1528/3576/3509 1433/3585/3518
f 1433/3585/3518 1528/3576/3509 1533/3578/3511
f 1433/3585/3518 1533/3578/3511 1534/3587/3520
f 1528/3576/3509 1432/3586/3519 1529/3588/3521
f 1529/3588/3521 1432/3586/3519 1431/3589/3522
f 1529/3588/3521 1431/3589/3522 1530/3590/3523
f 1530/3590/3523 1431/3589/3522 1531/3591/3524
f 1531/3591/3524 1431/3589/3522 1430/3592/3525
f 1531/3591/3524 1430/3592/3525 1523/3570/3503
f 1523/3570/3503 1430/3592/3525 1429/3568/3501
f 1433/3585/3518 1534/3587/3520 1136/3593/3526
f 1136/3593/3526 1534/3587/3520 1535/3594/3527
f 1136/3593/3526 1535/3594/3527 1137/3595/3528
f 1136/3593/3526 1536/3583/3516 1433/3585/3518
f 1532/3596/3529 1116/3597/3530 1544/3598/3531
f 1544/3598/3531 1116/3597/3530 1115/3599/3532
f 1544/3598/3531 1115/3599/3532 1543/3600/3533
f 1543/3600/3533 1115/3599/3532 1114/3601/3534
f 1543/3600/3533 1114/3601/3534 1542/3602/3535
f 1542/3602/3535 1114/3601/3534 1113/3603/3536
f 1542/3602/3535 1113/3603/3536 1541/3604/3537
f 1541/3604/3537 1113/3603/3536 1112/3605/3538
f 1541/3604/3537 1112/3605/3538 1540/3606/3539
f 1540/3606/3539 1112/3605/3538 1111/3607/3540
f 1109/3608/3541 1553/3609/3542 1101/3610/3543
f 1101/3610/3543 1553/3609/3542 1545/3611/3544
f 1101/3612/3543 1545/3613/3544 1102/3614/3545
f 1102/3614/3545 1545/3613/3544 1546/3615/3546
f 1102/3614/3545 1546/3615/3546 1103/3616/3547
f 1103/3616/3547 1546/3615/3546 1547/3617/3548
f 1103/3616/3547 1547/3617/3548 1104/3618/3549
f 1104/3618/3549 1547/3617/3548 1548/3619/3550
f 1104/3618/3549 1548/3619/3550 1105/3620/3551
f 1105/3620/3551 1548/3619/3550 1549/3621/3552
f 1105/3620/3551 1549/3621/3552 1106/3622/3553
f 1106/3622/3553 1549/3621/3552 1550/3623/3554
f 1106/3622/3553 1550/3623/3554 1107/3624/3555
f 1107/3624/3555 1550/3623/3554 1551/3625/3556
f 1107/3624/3555 1551/3625/3556 1108/3626/3557
f 1108/3626/3557 1551/3625/3556 1552/3627/3558
f 1108/3626/3557 1552/3627/3558 1109/3608/3541
f 1109/3608/3541 1552/3627/3558 1553/3609/3542
f 1532/3628/3559 1544/3629/3560 1533/3630/3561
f 1533/3630/3561 1544/3629/3560 1553/3631/3562
f 1533/3630/3561 1553/3631/3562 1552/3632/3563
f 1544/3629/3560 1543/3633/3564 1553/3631/3562
f 1553/3631/3562 1543/3633/3564 1545/3634/3565
f 1545/3634/3565 1543/3633/3564 1542/3635/3566
f 1545/3634/3565 1542/3635/3566 1546/3636/3567
f 1546/3636/3567 1542/3635/3566 1541/3637/3568
f 1546/3636/3567 1541/3637/3568 1164/3638/3569
f 1164/3638/3569 1541/3637/3568 1540/3639/3570
f 1546/3636/3567 1164/3638/3569 1547/3640/3571
f 1547/3640/3571 1164/3638/3569 1163/3641/3572
f 1547/3640/3571 1163/3641/3572 1548/3642/3573
f 1548/3642/3573 1163/3641/3572 1549/3643/3574
f 1549/3643/3574 1163/3641/3572 1550/3644/3575
f 1550/3644/3575 1163/3641/3572 1554/3645/3576
f 1550/3644/3575 1554/3645/3576 1551/3646/3577
f 1551/3646/3577 1554/3645/3576 1552/3632/3563
f 1552/3632/3563 1554/3645/3576 1533/3630/3561
f 1556/3647/3578 1572/3648/3579 1555/3649/3580
f 1555/3649/3580 1572/3648/3579 1564/3650/3581
f 1555/3651/3580 1564/3652/3581 1563/3653/3582
f 1563/3653/3582 1564/3652/3581 1565/3654/3583
f 1563/3653/3582 1565/3654/3583 1562/3655/3584
f 1562/3655/3584 1565/3654/3583 1566/3656/3585
f 1562/3655/3584 1566/3656/3585 1561/3657/3586
f 1561/3657/3586 1566/3656/3585 1567/3658/3587
f 1561/3657/3586 1567/3658/3587 1560/3659/3588
f 1560/3659/3588 1567/3658/3587 1568/3660/3589
f 1560/3659/3588 1568/3660/3589 1559/3661/3590
f 1559/3661/3590 1568/3660/3589 1569/3662/3591
f 1559/3661/3590 1569/3662/3591 1558/3663/3592
f 1558/3663/3592 1569/3662/3591 1570/3664/3593
f 1558/3663/3592 1570/3664/3593 1557/3665/3594
f 1557/3665/3594 1570/3664/3593 1571/3666/3595
f 1557/3665/3594 1571/3666/3595 1556/3647/3578
f 1556/3647/3578 1571/3666/3595 1572/3648/3579
f 1540/3667/3596 1111/3668/3597 1164/3669/3598
f 1164/3669/3598 1111/3668/3597 1110/3670/3599
f 1554/3671/3576 1163/3672/3572 1576/3673/3600
f 1576/3673/3600 1163/3672/3572 1162/3674/3601
f 1576/3673/3600 1162/3674/3601 1575/3675/3602
f 1575/3675/3602 1162/3674/3601 1161/3676/3603
f 1575/3675/3602 1161/3676/3603 1574/3677/3604
f 1574/3677/3604 1161/3676/3603 1160/3678/3605
f 1574/3677/3604 1160/3678/3605 1573/3679/3606
f 1573/3679/3606 1160/3678/3605 1159/3680/3607
f 1118/3681/3608 1117/3682/3609 1210/3683/3610
f 1210/3683/3610 1117/3682/3609 1539/3684/3611
f 1534/3685/3612 1533/3686/3613 1581/3687/3614
f 1581/3687/3614 1533/3686/3613 1554/3688/3615
f 1581/3687/3614 1554/3688/3615 1573/3689/3616
f 1573/3689/3616 1554/3688/3615 1576/3690/3617
f 1573/3689/3616 1576/3690/3617 1575/3691/3618
f 1575/3691/3618 1574/3692/3619 1573/3689/3616
f 1573/3689/3616 1577/3693/3620 1581/3687/3614
f 1581/3687/3614 1577/3693/3620 1580/3694/3621
f 1580/3694/3621 1577/3693/3620 1579/3695/3622
f 1579/3695/3622 1577/3693/3620 1578/3696/3623
f 1586/3697/3624 1142/3698/3625 1585/3699/3626
f 1585/3699/3626 1142/3698/3625 1141/3700/3627
f 1585/3699/3626 1141/3700/3627 1584/3701/3628
f 1584/3701/3628 1141/3700/3627 1140/3702/3629
f 1584/3701/3628 1140/3702/3629 1583/3703/3630
f 1583/3703/3630 1140/3702/3629 1139/3704/3631
f 1583/3703/3630 1139/3704/3631 1582/3705/3632
f 1582/3705/3632 1139/3704/3631 1138/3706/3633
f 1582/3705/3632 1138/3706/3633 1535/3707/3634
f 1535/3707/3634 1138/3706/3633 1137/3708/3635
f 1152/3709/3636 1595/3710/3637 1144/3711/3638
f 1144/3711/3638 1595/3710/3637 1587/3712/3639
f 1144/3713/3638 1587/3714/3639 1145/3715/3640
f 1145/3715/3640 1587/3714/3639 1588/3716/3641
f 1145/3715/3640 1588/3716/3641 1146/3717/3642
f 1146/3717/3642 1588/3716/3641 1589/3718/3643
f 1146/3717/3642 1589/3718/3643 1147/3719/3644
f 1147/3719/3644 1589/3718/3643 1590/3720/3645
f 1147/3719/3644 1590/3720/3645 1148/3721/3646
f 1148/3721/3646 1590/3720/3645 1591/3722/3647
f 1148/3721/3646 1591/3722/3647 1149/3723/3648
f 1149/3723/3648 1591/3722/3647 1592/3724/3649
f 1149/3723/3648 1592/3724/3649 1150/3725/3650
f 1150/3725/3650 1592/3724/3649 1593/3726/3651
f 1150/3725/3650 1593/3726/3651 1151/3727/3652
f 1151/3727/3652 1593/3726/3651 1594/3728/3653
f 1151/3727/3652 1594/3728/3653 1152/3709/3636
f 1152/3709/3636 1594/3728/3653 1595/3710/3637
f 1586/3729/3654 1585/3730/3655 1153/3731/3656
f 1153/3731/3656 1585/3730/3655 1595/3732/3657
f 1153/3731/3656 1595/3732/3657 1594/3733/3658
f 1585/3730/3655 1584/3734/3659 1595/3732/3657
f 1595/3732/3657 1584/3734/3659 1587/3735/3660
f 1587/3735/3660 1584/3734/3659 1583/3736/3661
f 1587/3735/3660 1583/3736/3661 1588/3737/3662
f 1588/3737/3662 1583/3736/3661 1582/3738/3663
f 1588/3737/3662 1582/3738/3663 1534/3739/3664
f 1534/3739/3664 1582/3738/3663 1535/3740/3665
f 1588/3737/3662 1534/3739/3664 1589/3741/3666
f 1589/3741/3666 1534/3739/3664 1581/3742/3667
f 1589/3741/3666 1581/3742/3667 1590/3743/3668
f 1590/3743/3668 1581/3742/3667 1591/3744/3669
f 1591/3744/3669 1581/3742/3667 1154/3745/3670
f 1591/3744/3669 1154/3745/3670 1592/3746/3671
f 1592/3746/3671 1154/3745/3670 1593/3747/3672
f 1593/3747/3672 1154/3745/3670 1594/3733/3658
f 1594/3733/3658 1154/3745/3670 1153/3731/3656
f 1597/3748/3673 1613/3749/3674 1596/3750/3675
f 1596/3750/3675 1613/3749/3674 1605/3751/3676
f 1596/3752/3675 1605/3753/3676 1604/3754/3677
f 1604/3754/3677 1605/3753/3676 1606/3755/3678
f 1604/3754/3677 1606/3755/3678 1603/3756/3679
f 1603/3756/3679 1606/3755/3678 1607/3757/3680
f 1603/3756/3679 1607/3757/3680 1602/3758/3681
f 1602/3758/3681 1607/3757/3680 1608/3759/3682
f 1602/3758/3681 1608/3759/3682 1601/3760/3683
f 1601/3760/3683 1608/3759/3682 1609/3761/3684
f 1601/3760/3683 1609/3761/3684 1600/3762/3685
f 1600/3762/3685 1609/3761/3684 1610/3763/3686
f 1600/3762/3685 1610/3763/3686 1599/3764/3687
f 1599/3764/3687 1610/3763/3686 1611/3765/3688
f 1599/3764/3687 1611/3765/3688 1598/3766/3689
f 1598/3766/3689 1611/3765/3688 1612/3767/3690
f 1598/3766/3689 1612/3767/3690 1597/3748/3673
f 1597/3748/3673 1612/3767/3690 1613/3749/3674
f 1615/3768/3691 1625/3769/3692 1614/3770/3693
f 1614/3770/3693 1625/3769/3692 1626/3771/3694
f 1614/3770/3693 1626/3771/3694 1622/3772/3695
f 1622/3772/3695 1626/3771/3694 1627/3773/3696
f 1622/3772/3695 1627/3773/3696 1621/3774/3697
f 1621/3774/3697 1627/3773/3696 1628/3775/3698
f 1621/3774/3697 1628/3775/3698 1620/3776/3699
f 1620/3776/3699 1628/3775/3698 1629/3777/3700
f 1620/3776/3699 1629/3777/3700 1619/3778/3701
f 1619/3778/3701 1629/3777/3700 1630/3779/3702
f 1619/3778/3701 1630/3779/3702 1618/3780/3703
f 1618/3780/3703 1630/3779/3702 1631/3781/3704
f 1618/3780/3703 1631/3781/3704 1617/3782/3705
f 1617/3782/3705 1631/3781/3704 1623/3783/3706
f 1617/3782/3705 1623/3783/3706 1616/3784/3707
f 1616/3785/3707 1623/3786/3706 1624/3787/3708
f 1616/3785/3707 1624/3787/3708 1615/3768/3691
f 1615/3768/3691 1624/3787/3708 1625/3769/3692
f 1142/3788/3709 1586/3789/3710 1143/3790/3711
f 1143/3790/3711 1586/3789/3710 1153/3791/3712
f 1577/3792/3713 1158/3793/3714 1578/3794/3715
f 1578/3794/3715 1158/3793/3714 1157/3795/3716
f 1578/3794/3715 1157/3795/3716 1579/3796/3717
f 1579/3796/3717 1157/3795/3716 1156/3797/3718
f 1579/3796/3717 1156/3797/3718 1580/3798/3719
f 1580/3798/3719 1156/3797/3718 1155/3799/3720
f 1580/3798/3719 1155/3799/3720 1581/3800/3667
f 1581/3800/3667 1155/3799/3720 1154/3801/3670
f 1631/3802/3721 1565/3803/3722 1623/3804/3723
f 1623/3804/3723 1565/3803/3722 1564/3805/3724
f 1623/3804/3723 1564/3805/3724 1624/3806/3725
f 1624/3806/3725 1564/3805/3724 1572/3807/3726
f 1624/3806/3725 1572/3807/3726 1625/3808/3727
f 1625/3808/3727 1572/3807/3726 1571/3809/3728
f 1625/3808/3727 1571/3809/3728 1159/3810/3607
f 1159/3810/3607 1571/3809/3728 1570/3811/3729
f 1159/3810/3607 1570/3811/3729 1569/3812/3730
f 1565/3803/3722 1631/3802/3721 1566/3813/3731
f 1566/3813/3731 1631/3802/3721 1630/3814/3732
f 1566/3813/3731 1630/3814/3732 1573/3815/3606
f 1573/3815/3606 1630/3814/3732 1577/3816/3713
f 1577/3816/3713 1630/3814/3732 1629/3817/3733
f 1577/3816/3713 1629/3817/3733 1612/3818/3734
f 1612/3818/3734 1629/3817/3733 1613/3819/3735
f 1613/3819/3735 1629/3817/3733 1628/3820/3736
f 1613/3819/3735 1628/3820/3736 1605/3821/3737
f 1605/3821/3737 1628/3820/3736 1627/3822/3738
f 1605/3821/3737 1627/3822/3738 1606/3823/3739
f 1606/3823/3739 1627/3822/3738 1626/3824/3740
f 1606/3823/3739 1626/3824/3740 1607/3825/3741
f 1607/3825/3741 1626/3824/3740 1158/3826/3714
f 1607/3825/3741 1158/3826/3714 1608/3827/3742
f 1608/3827/3742 1158/3826/3714 1609/3828/3743
f 1609/3828/3743 1158/3826/3714 1610/3829/3744
f 1610/3829/3744 1158/3826/3714 1577/3816/3713
f 1610/3829/3744 1577/3816/3713 1611/3830/3745
f 1611/3830/3745 1577/3816/3713 1612/3818/3734
f 1626/3824/3740 1625/3808/3727 1158/3826/3714
f 1158/3826/3714 1625/3808/3727 1159/3810/3607
f 1569/3812/3730 1568/3831/3746 1159/3810/3607
f 1159/3810/3607 1568/3831/3746 1573/3815/3606
f 1573/3815/3606 1568/3831/3746 1567/3832/3747
f 1573/3815/3606 1567/3832/3747 1566/3813/3731
f 1136/3833/3748 1135/3834/3749 1536/3835/3750
f 1536/3835/3750 1135/3834/3749 1489/3836/3751
f 1095/3837/2514 1560/3838/3752 1096/3839/2513
f 1096/3839/2513 1560/3838/3752 1559/3840/3753
f 1096/3839/2513 1559/3840/3753 1558/3841/3754
f 1122/3842/3755 1562/3843/3756 1095/3837/2514
f 1095/3837/2514 1562/3843/3756 1561/3844/3757
f 1095/3837/2514 1561/3844/3757 1560/3838/3752
f 1192/3845/3758 1167/3846/3759 1122/3842/3755
f 1122/3842/3755 1167/3846/3759 1168/3847/3760
f 1122/3842/3755 1168/3847/3760 1618/3848/3761
f 1618/3848/3761 1168/3847/3760 1619/3849/3762
f 1619/3849/3762 1168/3847/3760 1597/3850/3763
f 1619/3849/3762 1597/3850/3763 1620/3851/3764
f 1620/3851/3764 1597/3850/3763 1596/3852/3765
f 1620/3851/3764 1596/3852/3765 1621/3853/3766
f 1621/3853/3766 1596/3852/3765 1604/3854/3767
f 1621/3853/3766 1604/3854/3767 1622/3855/3768
f 1622/3855/3768 1604/3854/3767 1603/3856/3769
f 1622/3855/3768 1603/3856/3769 1614/3857/3770
f 1614/3857/3770 1603/3856/3769 1132/3858/2543
f 1614/3857/3770 1132/3858/2543 1096/3839/2513
f 1191/3859/3771 1187/3860/3772 1192/3845/3758
f 1192/3845/3758 1187/3860/3772 1167/3846/3759
f 1597/3850/3763 1168/3847/3760 1598/3861/3773
f 1598/3861/3773 1168/3847/3760 1123/3862/2544
f 1598/3861/3773 1123/3862/2544 1599/3863/3774
f 1599/3863/3774 1123/3862/2544 1600/3864/3775
f 1600/3864/3775 1123/3862/2544 1132/3858/2543
f 1600/3864/3775 1132/3858/2543 1601/3865/3776
f 1601/3865/3776 1132/3858/2543 1602/3866/3777
f 1602/3866/3777 1132/3858/2543 1603/3856/3769
f 1563/3867/3778 1617/3868/3779 1555/3869/3780
f 1555/3869/3780 1617/3868/3779 1616/3870/3781
f 1555/3869/3780 1616/3870/3781 1556/3871/3782
f 1556/3871/3782 1616/3870/3781 1615/3872/3783
f 1556/3871/3782 1615/3872/3783 1557/3873/3784
f 1557/3873/3784 1615/3872/3783 1614/3857/3770
f 1557/3873/3784 1614/3857/3770 1096/3839/2513
f 1562/3843/3756 1122/3842/3755 1563/3867/3778
f 1563/3867/3778 1122/3842/3755 1618/3848/3761
f 1563/3867/3778 1618/3848/3761 1617/3868/3779
f 1558/3841/3754 1557/3873/3784 1096/3839/2513
f 1633/3874/3785 1538/3875/3786 1632/3876/3787
f 1632/3876/3787 1538/3875/3786 1537/3877/3788
f 1368/3878/3789 1634/3879/3790 1369/3880/3791
f 1369/3880/3791 1634/3879/3790 1647/3881/3792
f 1647/3881/3792 1634/3879/3790 1635/3882/3793
f 1647/3881/3792 1635/3882/3793 1638/3883/3794
f 1638/3883/3794 1635/3882/3793 1636/3884/3795
f 1638/3883/3794 1636/3884/3795 1637/3885/3796
f 1638/3883/3794 1639/3886/3797 1647/3881/3792
f 1647/3881/3792 1639/3886/3797 1640/3887/3798
f 1647/3881/3792 1640/3887/3798 1646/3888/3799
f 1646/3888/3799 1640/3887/3798 1641/3889/3800
f 1646/3888/3799 1641/3889/3800 1644/3890/3801
f 1644/3890/3801 1641/3889/3800 1642/3891/3802
f 1644/3890/3801 1642/3891/3802 1643/3892/3803
f 1639/3886/3797 1353/3893/3804 1640/3887/3798
f 1640/3887/3798 1353/3893/3804 1352/3894/3805
f 1644/3890/3801 1645/3895/3806 1646/3888/3799
f 1646/3888/3799 1645/3895/3806 1336/3896/3807
f 1336/3896/3807 1645/3895/3806 1337/3897/3808
f 1636/3898/3809 1648/3899/3810 1637/3900/3811
f 1637/3900/3811 1648/3899/3810 1649/3901/3812
f 1642/3902/3813 1650/3903/3814 1643/3904/3815
f 1643/3904/3815 1650/3903/3814 1651/3905/3816
f 1652/3906/3817 1653/3907/3818 1655/3908/3819
f 1655/3908/3819 1653/3907/3818 1654/3909/3820
f 1653/3910/3821 1284/3911/3822 1654/3912/3823
f 1654/3912/3823 1284/3911/3822 1208/3913/3824
f 1208/3913/3824 1284/3911/3822 1283/3914/3825
f 1208/3913/3824 1283/3914/3825 1209/3915/3826
f 1209/3915/3826 1283/3914/3825 1293/3916/3827
f 1283/3917/2772 1282/3918/2771 1293/3919/3828
f 1293/3919/3828 1282/3918/2771 1292/3920/3829
f 1652/3921/3830 1655/3922/3831 1285/3923/3832
f 1285/3923/3832 1655/3922/3831 1194/3924/3833
f 1285/3923/3832 1194/3924/3833 1282/3925/3834
f 1282/3925/3834 1194/3924/3833 1193/3926/3835
f 1282/3925/3834 1193/3926/3835 1292/3927/3836
f 1355/3928/3837 1354/3929/3838 1657/3930/3839
f 1657/3930/3839 1354/3929/3838 1656/3931/3840
f 1356/3932/3841 1355/3933/3842 1658/3934/3843
f 1658/3934/3843 1355/3933/3842 1657/3935/3844
f 1357/3936/3845 1356/3937/3846 1659/3938/3847
f 1659/3938/3847 1356/3937/3846 1658/3939/3848
f 1358/3940/3849 1357/3941/3850 1660/3942/3851
f 1660/3942/3851 1357/3941/3850 1659/3943/3852
f 1359/3944/3853 1358/3945/3854 1661/3946/3855
f 1661/3946/3855 1358/3945/3854 1660/3947/3856
f 1360/3948/3857 1359/3949/3858 1662/3950/3859
f 1662/3950/3859 1359/3949/3858 1661/3951/3860
f 1361/3952/3861 1360/3953/3862 1663/3954/3863
f 1663/3954/3863 1360/3953/3862 1662/3955/3864
f 1362/3956/3865 1361/3957/3866 1664/3958/3867
f 1664/3958/3867 1361/3957/3866 1663/3959/3868
f 1363/3960/3869 1362/3961/3870 1665/3962/3871
f 1665/3962/3871 1362/3961/3870 1664/3963/3872
f 1364/3964/3873 1363/3965/3874 1666/3966/3875
f 1666/3966/3875 1363/3965/3874 1665/3967/3876
f 1365/3968/3877 1364/3969/3878 1667/3970/3879
f 1667/3970/3879 1364/3969/3878 1666/3971/3880
f 1366/3972/3881 1365/3973/3882 1668/3974/3883
f 1668/3974/3883 1365/3973/3882 1667/3975/3884
f 1367/3976/3885 1366/3977/3886 1669/3978/3887
f 1669/3978/3887 1366/3977/3886 1668/3979/3888
f 1368/3980/3889 1367/3981/3890 1634/3982/3891
f 1634/3982/3891 1367/3981/3890 1669/3983/3892
f 1648/3984/3893 1636/3985/3894 1670/3986/3895
f 1670/3986/3895 1636/3985/3894 1635/3987/3896
f 1649/3988/3897 1648/3989/3898 1671/3990/3899
f 1671/3990/3899 1648/3989/3898 1670/3991/3900
f 1637/3992/3901 1649/3993/3902 1638/3994/3903
f 1638/3994/3903 1649/3993/3902 1671/3995/3904
f 1354/3996/3905 1353/3997/3906 1656/3998/3907
f 1656/3998/3907 1353/3997/3906 1639/3999/3908
f 1284/4000/3909 1663/4001/3910 1285/4002/3911
f 1285/4002/3911 1663/4001/3910 1662/4003/3912
f 1285/4002/3911 1662/4003/3912 1658/4004/3913
f 1658/4004/3913 1662/4003/3912 1660/4005/3914
f 1658/4004/3913 1660/4005/3914 1659/4006/3915
f 1663/4001/3910 1284/4000/3909 1667/4007/3916
f 1667/4007/3916 1284/4000/3909 1653/4008/3917
f 1667/4007/3916 1653/4008/3917 1668/4009/3918
f 1668/4009/3918 1653/4008/3917 1670/4010/3919
f 1668/4009/3918 1670/4010/3919 1634/4011/3920
f 1634/4011/3920 1670/4010/3919 1635/4012/3921
f 1653/4008/3917 1652/4013/3922 1670/4010/3919
f 1670/4010/3919 1652/4013/3922 1671/4014/3923
f 1671/4014/3923 1652/4013/3922 1657/4015/3924
f 1671/4014/3923 1657/4015/3924 1639/4016/3925
f 1639/4016/3925 1657/4015/3924 1656/4017/3926
f 1652/4013/3922 1285/4002/3911 1657/4015/3924
f 1657/4015/3924 1285/4002/3911 1658/4004/3913
f 1639/4016/3925 1638/4018/3927 1671/4014/3923
f 1634/4011/3920 1669/4019/3928 1668/4009/3918
f 1666/4020/3929 1665/4021/3930 1667/4007/3916
f 1667/4007/3916 1665/4021/3930 1663/4001/3910
f 1665/4021/3930 1664/4022/3931 1663/4001/3910
f 1662/4003/3912 1661/4023/3932 1660/4005/3914
f 1672/4024/3933 1673/4025/3934 1675/4026/3935
f 1675/4026/3935 1673/4025/3934 1674/4027/3936
f 1673/4028/3937 1288/4029/3938 1674/4030/3939
f 1674/4030/3939 1288/4029/3938 1185/4031/3940
f 1185/4031/3940 1288/4029/3938 1287/4032/3941
f 1185/4031/3940 1287/4032/3941 1186/4033/3942
f 1186/4033/3942 1287/4032/3941 1291/4034/3943
f 1287/4035/2776 1286/4036/2775 1291/4037/3944
f 1291/4037/3944 1286/4036/2775 1290/4038/3945
f 1672/4039/3946 1675/4040/3947 1289/4041/3948
f 1289/4041/3948 1675/4040/3947 1170/4042/3949
f 1289/4041/3948 1170/4042/3949 1286/4043/3950
f 1286/4043/3950 1170/4042/3949 1169/4044/3951
f 1286/4043/3950 1169/4044/3951 1290/4045/3952
f 1339/4046/3953 1338/4047/3954 1677/4048/3955
f 1677/4048/3955 1338/4047/3954 1676/4049/3956
f 1340/4050/3957 1339/4051/3958 1678/4052/3959
f 1678/4052/3959 1339/4051/3958 1677/4053/3960
f 1341/4054/3961 1340/4055/3962 1679/4056/3963
f 1679/4056/3963 1340/4055/3962 1678/4057/3964
f 1342/4058/3965 1341/4059/3966 1680/4060/3967
f 1680/4060/3967 1341/4059/3966 1679/4061/3968
f 1343/4062/3969 1342/4063/3970 1681/4064/3971
f 1681/4064/3971 1342/4063/3970 1680/4065/3972
f 1344/4066/3973 1343/4067/3974 1682/4068/3975
f 1682/4068/3975 1343/4067/3974 1681/4069/3976
f 1345/4070/3977 1344/4071/3978 1683/4072/3979
f 1683/4072/3979 1344/4071/3978 1682/4073/3980
f 1346/4074/3981 1345/4075/3982 1684/4076/3983
f 1684/4076/3983 1345/4075/3982 1683/4077/3984
f 1347/4078/3985 1346/4079/3986 1685/4080/3987
f 1685/4080/3987 1346/4079/3986 1684/4081/3988
f 1348/4082/3989 1347/4083/3990 1686/4084/3991
f 1686/4084/3991 1347/4083/3990 1685/4085/3992
f 1349/4086/3993 1348/4087/3994 1687/4088/3995
f 1687/4088/3995 1348/4087/3994 1686/4089/3996
f 1350/4090/3997 1349/4091/3998 1688/4092/3999
f 1688/4092/3999 1349/4091/3998 1687/4093/4000
f 1351/4094/4001 1350/4095/4002 1689/4096/4003
f 1689/4096/4003 1350/4095/4002 1688/4097/4004
f 1352/4098/4005 1351/4099/4006 1640/4100/4007
f 1640/4100/4007 1351/4099/4006 1689/4101/4008
f 1650/4102/4009 1642/4103/4010 1690/4104/4011
f 1690/4104/4011 1642/4103/4010 1641/4105/4012
f 1651/4106/4013 1650/4107/4014 1691/4108/4015
f 1691/4108/4015 1650/4107/4014 1690/4109/4016
f 1643/4110/4017 1651/4111/4018 1644/4112/4019
f 1644/4112/4019 1651/4111/4018 1691/4113/4020
f 1338/4114/4021 1337/4115/4022 1676/4116/4023
f 1676/4116/4023 1337/4115/4022 1645/4117/4024
f 1288/4118/4025 1683/4119/4026 1289/4120/4027
f 1289/4120/4027 1683/4119/4026 1682/4121/4028
f 1289/4120/4027 1682/4121/4028 1678/4122/4029
f 1678/4122/4029 1682/4121/4028 1680/4123/4030
f 1678/4122/4029 1680/4123/4030 1679/4124/4031
f 1683/4119/4026 1288/4118/4025 1687/4125/4032
f 1687/4125/4032 1288/4118/4025 1673/4126/4033
f 1687/4125/4032 1673/4126/4033 1688/4127/4034
f 1688/4127/4034 1673/4126/4033 1690/4128/4035
f 1688/4127/4034 1690/4128/4035 1640/4129/4036
f 1640/4129/4036 1690/4128/4035 1641/4130/4037
f 1673/4126/4033 1672/4131/4038 1690/4128/4035
f 1690/4128/4035 1672/4131/4038 1691/4132/4039
f 1691/4132/4039 1672/4131/4038 1677/4133/4040
f 1691/4132/4039 1677/4133/4040 1645/4134/4041
f 1645/4134/4041 1677/4133/4040 1676/4135/4042
f 1672/4131/4038 1289/4120/4027 1677/4133/4040
f 1677/4133/4040 1289/4120/4027 1678/4122/4029
f 1645/4134/4041 1644/4136/4043 1691/4132/4039
f 1640/4129/4036 1689/4137/4044 1688/4127/4034
f 1686/4138/4045 1685/4139/4046 1687/4125/4032
f 1687/4125/4032 1685/4139/4046 1683/4119/4026
f 1685/4139/4046 1684/4140/4047 1683/4119/4026
f 1682/4121/4028 1681/4141/4048 1680/4123/4030
f 1692/4142/4049 1693/4143/4050 1695/4144/4051
f 1695/4144/4051 1693/4143/4050 1694/4145/4052
f 1693/4146/4053 1696/4147/4054 1694/4148/4055
f 1694/4148/4055 1696/4147/4054 1697/4149/4056
f 1696/4150/4057 1230/4151/4058 1697/4152/4059
f 1697/4152/4059 1230/4151/4058 1229/4153/4060
f 1282/4154/4061 1701/4155/4062 1283/4156/4063
f 1283/4156/4063 1701/4155/4062 1702/4157/4064
f 1283/4156/4063 1702/4157/4064 1705/4158/4065
f 1705/4158/4065 1702/4157/4064 1707/4159/4066
f 1705/4158/4065 1707/4159/4066 1698/4160/4067
f 1698/4160/4067 1707/4159/4066 1632/4161/4068
f 1632/4161/4068 1707/4159/4066 1633/4162/4069
f 1633/4162/4069 1707/4159/4066 1703/4163/4070
f 1703/4163/4070 1707/4159/4066 1702/4157/4064
f 1283/4156/4063 1705/4158/4065 1282/4154/4061
f 1282/4154/4061 1705/4158/4065 1706/4164/4071
f 1282/4154/4061 1706/4164/4071 1704/4165/4072
f 1704/4165/4072 1706/4164/4071 1287/4166/4073
f 1704/4165/4072 1287/4166/4073 1286/4167/4074
f 1287/4166/4073 1699/4168/4075 1286/4167/4074
f 1286/4167/4074 1699/4168/4075 1700/4169/4076
f 1286/4167/4074 1700/4169/4076 1704/4165/4072
f 1704/4165/4072 1700/4169/4076 1692/4170/4077
f 1704/4165/4072 1692/4170/4077 1695/4171/4078
f 1698/4160/4067 1699/4168/4075 1705/4158/4065
f 1705/4158/4065 1699/4168/4075 1287/4166/4073
f 1705/4158/4065 1287/4166/4073 1706/4164/4071
f 1695/4171/4078 1701/4155/4062 1704/4165/4072
f 1704/4165/4072 1701/4155/4062 1282/4154/4061
f 1336/4172/4079 1693/4173/4080 1646/4174/4081
f 1646/4174/4081 1693/4173/4080 1692/4175/4082
f 1646/4174/4081 1692/4175/4082 1171/4176/4083
f 1171/4176/4083 1692/4175/4082 1700/4177/4084
f 1171/4176/4083 1700/4177/4084 1699/4178/4085
f 1336/4172/4079 1263/4179/4086 1693/4173/4080
f 1693/4173/4080 1263/4179/4086 1696/4180/4087
f 1696/4180/4087 1263/4179/4086 1231/4181/4088
f 1696/4180/4087 1231/4181/4088 1230/4182/4089
f 1699/4178/4085 1698/4183/4090 1171/4176/4083
f 1171/4176/4083 1698/4183/4090 1172/4184/4091
f 1172/4184/4091 1698/4183/4090 1632/4185/4092
f 1172/4184/4091 1632/4185/4092 1536/4186/4093
f 1536/4186/4093 1632/4185/4092 1537/4187/4094
f 1536/4186/4093 1489/4188/4095 1172/4184/4091
f 1170/4189/4096 1675/4190/4097 1171/4191/4098
f 1171/4191/4098 1675/4190/4097 1646/4192/4099
f 1646/4192/4099 1675/4190/4097 1674/4193/4100
f 1646/4192/4099 1674/4193/4100 1647/4194/4101
f 1647/4194/4101 1674/4193/4100 1655/4195/4102
f 1647/4194/4101 1655/4195/4102 1654/4196/4103
f 1655/4195/4102 1674/4193/4100 1187/4197/4104
f 1187/4197/4104 1674/4193/4100 1185/4198/4105
f 1187/4197/4104 1185/4198/4105 1184/4199/4106
f 1187/4197/4104 1191/4200/4107 1655/4195/4102
f 1655/4195/4102 1191/4200/4107 1194/4201/4108
f 1194/4201/4108 1191/4200/4107 1190/4202/4109
f 1208/4203/4110 1207/4204/4111 1654/4196/4103
f 1654/4196/4103 1207/4204/4111 1647/4194/4101
f 1370/4205/4112 1369/4206/4113 1694/4207/4114
f 1694/4207/4114 1369/4206/4113 1647/4208/4115
f 1694/4207/4114 1647/4208/4115 1695/4209/4116
f 1695/4209/4116 1647/4208/4115 1207/4210/4117
f 1695/4209/4116 1207/4210/4117 1701/4211/4118
f 1701/4211/4118 1207/4210/4117 1702/4212/4119
f 1702/4212/4119 1207/4210/4117 1206/4213/4120
f 1702/4212/4119 1206/4213/4120 1703/4214/4121
f 1703/4214/4121 1206/4213/4120 1633/4215/4122
f 1633/4215/4122 1206/4213/4120 1539/4216/4123
f 1633/4215/4122 1539/4216/4123 1538/4217/4124
f 1206/4213/4120 1210/4218/4125 1539/4216/4123
f 1694/4207/4114 1697/4219/4126 1370/4205/4112
f 1370/4205/4112 1697/4219/4126 1487/4220/4127
f 1487/4220/4127 1697/4219/4126 1229/4221/4128
f 1487/4220/4127 1229/4221/4128 1228/4222/4129
f 1228/4222/4129 1488/4223/4130 1487/4220/4127
# 1707 vertices
# 4223 texture params
# 4130 normals
# 3490 facets

# 7 groups
