# https://github.com/mikedh/trimesh
mtllib material.mtl
usemtl material_0
v -13.40000000 0.00000000 -5.00000000
v -13.41787068 0.23846763 -5.00000000
v -13.47108351 0.47160828 -5.00000000
v -13.55844981 0.69421398 -5.00000000
v -13.67801796 0.90131209 -5.00000000
v -13.82711701 1.08827638 -5.00000000
v -14.00241632 1.25093037 -5.00000000
v -14.20000000 1.38564065 -5.00000000
v -14.41545436 1.48939800 -5.00000000
v -14.64396651 1.55988466 -5.00000000
v -14.88043185 1.59552608 -5.00000000
v -15.11956815 1.59552608 -5.00000000
v -15.35603349 1.55988466 -5.00000000
v -15.58454564 1.48939800 -5.00000000
v -15.80000000 1.38564065 -5.00000000
v -15.99758368 1.25093037 -5.00000000
v -16.17288299 1.08827638 -5.00000000
v -16.32198204 0.90131209 -5.00000000
v -16.44155019 0.69421398 -5.00000000
v -16.52891649 0.47160828 -5.00000000
v -16.58212932 0.23846763 -5.00000000
v -16.60000000 0.00000000 -5.00000000
v -16.58212932 -0.23846763 -5.00000000
v -16.52891649 -0.47160828 -5.00000000
v -16.44155019 -0.69421398 -5.00000000
v -16.32198204 -0.90131209 -5.00000000
v -16.17288299 -1.08827638 -5.00000000
v -15.99758368 -1.25093037 -5.00000000
v -15.80000000 -1.38564065 -5.00000000
v -15.58454564 -1.48939800 -5.00000000
v -15.35603349 -1.55988466 -5.00000000
v -15.11956815 -1.59552608 -5.00000000
v -14.88043185 -1.59552608 -5.00000000
v -14.64396651 -1.55988466 -5.00000000
v -14.41545436 -1.48939800 -5.00000000
v -14.20000000 -1.38564065 -5.00000000
v -14.00241632 -1.25093037 -5.00000000
v -13.82711701 -1.08827638 -5.00000000
v -13.67801796 -0.90131209 -5.00000000
v -13.55844981 -0.69421398 -5.00000000
v -13.47108351 -0.47160828 -5.00000000
v -13.41787068 -0.23846763 -5.00000000
v -13.60000000 0.00000000 -5.00000000
v -13.61563684 -0.20865917 -5.00000000
v -13.66219807 -0.41265724 -5.00000000
v -13.73864358 -0.60743723 -5.00000000
v -13.84326572 -0.78864808 -5.00000000
v -13.97372738 -0.95224183 -5.00000000
v -14.12711428 -1.09456408 -5.00000000
v -14.30000000 -1.21243557 -5.00000000
v -14.48852257 -1.30322325 -5.00000000
v -14.68847069 -1.36489908 -5.00000000
v -14.89537787 -1.39608532 -5.00000000
v -15.10462213 -1.39608532 -5.00000000
v -15.31152931 -1.36489908 -5.00000000
v -15.51147743 -1.30322325 -5.00000000
v -15.70000000 -1.21243557 -5.00000000
v -15.87288572 -1.09456408 -5.00000000
v -16.02627262 -0.95224183 -5.00000000
v -16.15673428 -0.78864808 -5.00000000
v -16.26135642 -0.60743723 -5.00000000
v -16.33780193 -0.41265724 -5.00000000
v -16.38436316 -0.20865917 -5.00000000
v -16.40000000 -0.00000000 -5.00000000
v -16.38436316 0.20865917 -5.00000000
v -16.33780193 0.41265724 -5.00000000
v -16.26135642 0.60743723 -5.00000000
v -16.15673428 0.78864808 -5.00000000
v -16.02627262 0.95224183 -5.00000000
v -15.87288572 1.09456408 -5.00000000
v -15.70000000 1.21243557 -5.00000000
v -15.51147743 1.30322325 -5.00000000
v -15.31152931 1.36489908 -5.00000000
v -15.10462213 1.39608532 -5.00000000
v -14.89537787 1.39608532 -5.00000000
v -14.68847069 1.36489908 -5.00000000
v -14.48852257 1.30322325 -5.00000000
v -14.30000000 1.21243557 -5.00000000
v -14.12711428 1.09456408 -5.00000000
v -13.97372738 0.95224183 -5.00000000
v -13.84326572 0.78864808 -5.00000000
v -13.73864358 0.60743723 -5.00000000
v -13.66219807 0.41265724 -5.00000000
v -13.61563684 0.20865917 -5.00000000
v -23.40000000 0.00000000 -5.00000000
v -23.41787068 0.23846763 -5.00000000
v -23.47108351 0.47160828 -5.00000000
v -23.55844981 0.69421398 -5.00000000
v -23.67801796 0.90131209 -5.00000000
v -23.82711701 1.08827638 -5.00000000
v -24.00241632 1.25093037 -5.00000000
v -24.20000000 1.38564065 -5.00000000
v -24.41545436 1.48939800 -5.00000000
v -24.64396651 1.55988466 -5.00000000
v -24.88043185 1.59552608 -5.00000000
v -25.11956815 1.59552608 -5.00000000
v -25.35603349 1.55988466 -5.00000000
v -25.58454564 1.48939800 -5.00000000
v -25.80000000 1.38564065 -5.00000000
v -25.99758368 1.25093037 -5.00000000
v -26.17288299 1.08827638 -5.00000000
v -26.32198204 0.90131209 -5.00000000
v -26.44155019 0.69421398 -5.00000000
v -26.52891649 0.47160828 -5.00000000
v -26.58212932 0.23846763 -5.00000000
v -26.60000000 0.00000000 -5.00000000
v -26.58212932 -0.23846763 -5.00000000
v -26.52891649 -0.47160828 -5.00000000
v -26.44155019 -0.69421398 -5.00000000
v -26.32198204 -0.90131209 -5.00000000
v -26.17288299 -1.08827638 -5.00000000
v -25.99758368 -1.25093037 -5.00000000
v -25.80000000 -1.38564065 -5.00000000
v -25.58454564 -1.48939800 -5.00000000
v -25.35603349 -1.55988466 -5.00000000
v -25.11956815 -1.59552608 -5.00000000
v -24.88043185 -1.59552608 -5.00000000
v -24.64396651 -1.55988466 -5.00000000
v -24.41545436 -1.48939800 -5.00000000
v -24.20000000 -1.38564065 -5.00000000
v -24.00241632 -1.25093037 -5.00000000
v -23.82711701 -1.08827638 -5.00000000
v -23.67801796 -0.90131209 -5.00000000
v -23.55844981 -0.69421398 -5.00000000
v -23.47108351 -0.47160828 -5.00000000
v -23.41787068 -0.23846763 -5.00000000
v -23.60000000 0.00000000 -5.00000000
v -23.61563684 -0.20865917 -5.00000000
v -23.66219807 -0.41265724 -5.00000000
v -23.73864358 -0.60743723 -5.00000000
v -23.84326572 -0.78864808 -5.00000000
v -23.97372738 -0.95224183 -5.00000000
v -24.12711428 -1.09456408 -5.00000000
v -24.30000000 -1.21243557 -5.00000000
v -24.48852257 -1.30322325 -5.00000000
v -24.68847069 -1.36489908 -5.00000000
v -24.89537787 -1.39608532 -5.00000000
v -25.10462213 -1.39608532 -5.00000000
v -25.31152931 -1.36489908 -5.00000000
v -25.51147743 -1.30322325 -5.00000000
v -25.70000000 -1.21243557 -5.00000000
v -25.87288572 -1.09456408 -5.00000000
v -26.02627262 -0.95224183 -5.00000000
v -26.15673428 -0.78864808 -5.00000000
v -26.26135642 -0.60743723 -5.00000000
v -26.33780193 -0.41265724 -5.00000000
v -26.38436316 -0.20865917 -5.00000000
v -26.40000000 -0.00000000 -5.00000000
v -26.38436316 0.20865917 -5.00000000
v -26.33780193 0.41265724 -5.00000000
v -26.26135642 0.60743723 -5.00000000
v -26.15673428 0.78864808 -5.00000000
v -26.02627262 0.95224183 -5.00000000
v -25.87288572 1.09456408 -5.00000000
v -25.70000000 1.21243557 -5.00000000
v -25.51147743 1.30322325 -5.00000000
v -25.31152931 1.36489908 -5.00000000
v -25.10462213 1.39608532 -5.00000000
v -24.89537787 1.39608532 -5.00000000
v -24.68847069 1.36489908 -5.00000000
v -24.48852257 1.30322325 -5.00000000
v -24.30000000 1.21243557 -5.00000000
v -24.12711428 1.09456408 -5.00000000
v -23.97372738 0.95224183 -5.00000000
v -23.84326572 0.78864808 -5.00000000
v -23.73864358 0.60743723 -5.00000000
v -23.66219807 0.41265724 -5.00000000
v -23.61563684 0.20865917 -5.00000000
v -39.00000000 0.00000000 -5.00000000
v -38.90756024 -2.68360876 -5.00000000
v -38.63067918 -5.35449588 -5.00000000
v -38.17066937 -8.00000000 -5.00000000
v -61.66969722 -8.00000000 -5.00000000
v -60.74794055 -5.41832141 -5.00000000
v -60.18786749 -2.73485018 -5.00000000
v -60.00000000 -0.00000000 -5.00000000
v -60.18786749 2.73485018 -5.00000000
v -60.74794055 5.41832141 -5.00000000
v -61.66969722 8.00000000 -5.00000000
v -38.17066937 8.00000000 -5.00000000
v -38.63067918 5.35449588 -5.00000000
v -38.90756024 2.68360876 -5.00000000
v -23.60000000 0.00000000 -15.00000000
v -23.61563684 0.20865917 -15.00000000
v -23.66219807 0.41265724 -15.00000000
v -23.73864358 0.60743723 -15.00000000
v -23.84326572 0.78864808 -15.00000000
v -23.97372738 0.95224183 -15.00000000
v -24.12711428 1.09456408 -15.00000000
v -24.30000000 1.21243557 -15.00000000
v -24.48852257 1.30322325 -15.00000000
v -24.68847069 1.36489908 -15.00000000
v -24.89537787 1.39608532 -15.00000000
v -25.10462213 1.39608532 -15.00000000
v -25.31152931 1.36489908 -15.00000000
v -25.51147743 1.30322325 -15.00000000
v -25.70000000 1.21243557 -15.00000000
v -25.87288572 1.09456408 -15.00000000
v -26.02627262 0.95224183 -15.00000000
v -26.15673428 0.78864808 -15.00000000
v -26.26135642 0.60743723 -15.00000000
v -26.33780193 0.41265724 -15.00000000
v -26.38436316 0.20865917 -15.00000000
v -26.40000000 0.00000000 -15.00000000
v -26.38436316 -0.20865917 -15.00000000
v -26.33780193 -0.41265724 -15.00000000
v -26.26135642 -0.60743723 -15.00000000
v -26.15673428 -0.78864808 -15.00000000
v -26.02627262 -0.95224183 -15.00000000
v -25.87288572 -1.09456408 -15.00000000
v -25.70000000 -1.21243557 -15.00000000
v -25.51147743 -1.30322325 -15.00000000
v -25.31152931 -1.36489908 -15.00000000
v -25.10462213 -1.39608532 -15.00000000
v -24.89537787 -1.39608532 -15.00000000
v -24.68847069 -1.36489908 -15.00000000
v -24.48852257 -1.30322325 -15.00000000
v -24.30000000 -1.21243557 -15.00000000
v -24.12711428 -1.09456408 -15.00000000
v -23.97372738 -0.95224183 -15.00000000
v -23.84326572 -0.78864808 -15.00000000
v -23.73864358 -0.60743723 -15.00000000
v -23.66219807 -0.41265724 -15.00000000
v -23.61563684 -0.20865917 -15.00000000
v -13.60000000 0.00000000 -15.00000000
v -13.61563684 0.20865917 -15.00000000
v -13.66219807 0.41265724 -15.00000000
v -13.73864358 0.60743723 -15.00000000
v -13.84326572 0.78864808 -15.00000000
v -13.97372738 0.95224183 -15.00000000
v -14.12711428 1.09456408 -15.00000000
v -14.30000000 1.21243557 -15.00000000
v -14.48852257 1.30322325 -15.00000000
v -14.68847069 1.36489908 -15.00000000
v -14.89537787 1.39608532 -15.00000000
v -15.10462213 1.39608532 -15.00000000
v -15.31152931 1.36489908 -15.00000000
v -15.51147743 1.30322325 -15.00000000
v -15.70000000 1.21243557 -15.00000000
v -15.87288572 1.09456408 -15.00000000
v -16.02627262 0.95224183 -15.00000000
v -16.15673428 0.78864808 -15.00000000
v -16.26135642 0.60743723 -15.00000000
v -16.33780193 0.41265724 -15.00000000
v -16.38436316 0.20865917 -15.00000000
v -16.40000000 0.00000000 -15.00000000
v -16.38436316 -0.20865917 -15.00000000
v -16.33780193 -0.41265724 -15.00000000
v -16.26135642 -0.60743723 -15.00000000
v -16.15673428 -0.78864808 -15.00000000
v -16.02627262 -0.95224183 -15.00000000
v -15.87288572 -1.09456408 -15.00000000
v -15.70000000 -1.21243557 -15.00000000
v -15.51147743 -1.30322325 -15.00000000
v -15.31152931 -1.36489908 -15.00000000
v -15.10462213 -1.39608532 -15.00000000
v -14.89537787 -1.39608532 -15.00000000
v -14.68847069 -1.36489908 -15.00000000
v -14.48852257 -1.30322325 -15.00000000
v -14.30000000 -1.21243557 -15.00000000
v -14.12711428 -1.09456408 -15.00000000
v -13.97372738 -0.95224183 -15.00000000
v -13.84326572 -0.78864808 -15.00000000
v -13.73864358 -0.60743723 -15.00000000
v -13.66219807 -0.41265724 -15.00000000
v -13.61563684 -0.20865917 -15.00000000
v -8.94427191 10.00000000 -14.00000000
v -8.94427191 9.00000000 -15.00000000
v -80.00000000 9.00000000 -15.00000000
v -80.00000000 10.00000000 -14.00000000
v -8.65769622 9.97936211 -14.00000000
v -8.37703484 9.91787437 -14.00000000
v -8.10808004 9.81680576 -14.00000000
v -7.85638248 9.67824211 -14.00000000
v -7.62713665 9.50504309 -14.00000000
v -7.42507371 9.30078316 -14.00000000
v -7.25436382 9.06967782 -14.00000000
v -7.11853005 8.81649658 -14.00000000
v -7.02037574 8.54646458 -14.00000000
v -6.96192659 8.26515471 -14.00000000
v -6.94438885 7.97837260 -14.00000000
v -6.96812447 7.69203683 -14.00000000
v -7.03264361 7.41205678 -14.00000000
v -7.13661471 7.14421063 -14.00000000
v -7.27789204 6.89402617 -14.00000000
v -7.45355992 6.66666667 -14.00000000
v -8.19891592 7.33333333 -15.00000000
v -8.11108197 7.44701308 -15.00000000
v -8.04044331 7.57210532 -15.00000000
v -7.98845776 7.70602839 -15.00000000
v -7.95619819 7.84601842 -15.00000000
v -7.94433038 7.98918630 -15.00000000
v -7.95309925 8.13257735 -15.00000000
v -7.98232383 8.27323229 -15.00000000
v -8.03140098 8.40824829 -15.00000000
v -8.09931786 8.53483891 -15.00000000
v -8.18467281 8.65039158 -15.00000000
v -8.28570428 8.75252155 -15.00000000
v -8.40032719 8.83912106 -15.00000000
v -8.52617598 8.90840288 -15.00000000
v -8.66065338 8.95893719 -15.00000000
v -8.80098406 8.98968106 -15.00000000
v -7.73916711 7.42947375 -14.66666667
v -7.62684029 7.79469122 -14.66666667
v -7.43789091 7.28684219 -14.33333333
v -7.62270836 8.17676980 -14.66666667
v -7.29748238 7.74336403 -14.33333333
v -7.72711067 8.54433105 -14.66666667
v -7.29231747 8.22096226 -14.33333333
v -7.93147311 8.86718877 -14.66666667
v -7.42282036 8.68041382 -14.33333333
v -8.21901229 9.11882807 -14.66666667
v -7.67827341 9.08398597 -14.33333333
v -8.56611387 9.27858292 -14.66666667
v -8.03769738 9.39853509 -14.33333333
v -8.47157435 9.59822864 -14.33333333
v -7.45355992 -6.66666667 -14.00000000
v -8.34383977 -5.51183616 -14.00000000
v -9.05671025 -4.23981124 -14.00000000
v -9.57701409 -2.87763812 -14.00000000
v -9.89368841 -1.45427974 -14.00000000
v -10.00000000 -0.00000000 -14.00000000
v -9.89368841 1.45427974 -14.00000000
v -9.57701409 2.87763812 -14.00000000
v -9.05671025 4.23981124 -14.00000000
v -8.34383977 5.51183616 -14.00000000
v -8.19891592 -7.33333333 -15.00000000
v -9.17822375 -6.06301978 -15.00000000
v -9.96238128 -4.66379237 -15.00000000
v -10.53471550 -3.16540193 -15.00000000
v -10.88305726 -1.59970771 -15.00000000
v -11.00000000 0.00000000 -15.00000000
v -10.88305726 1.59970771 -15.00000000
v -10.53471550 3.16540193 -15.00000000
v -9.96238128 4.66379237 -15.00000000
v -9.17822375 6.06301978 -15.00000000
v -7.27789204 -6.89402617 -14.00000000
v -7.13661471 -7.14421063 -14.00000000
v -7.03264361 -7.41205678 -14.00000000
v -6.96812447 -7.69203683 -14.00000000
v -6.94438885 -7.97837260 -14.00000000
v -6.96192659 -8.26515471 -14.00000000
v -7.02037574 -8.54646458 -14.00000000
v -7.11853005 -8.81649658 -14.00000000
v -7.25436382 -9.06967782 -14.00000000
v -7.42507371 -9.30078316 -14.00000000
v -7.62713665 -9.50504309 -14.00000000
v -7.85638248 -9.67824211 -14.00000000
v -8.10808004 -9.81680576 -14.00000000
v -8.37703484 -9.91787437 -14.00000000
v -8.65769622 -9.97936211 -14.00000000
v -8.94427191 -10.00000000 -14.00000000
v -8.94427191 -9.00000000 -15.00000000
v -8.80098406 -8.98968106 -15.00000000
v -8.66065338 -8.95893719 -15.00000000
v -8.52617598 -8.90840288 -15.00000000
v -8.40032719 -8.83912106 -15.00000000
v -8.28570428 -8.75252155 -15.00000000
v -8.18467281 -8.65039158 -15.00000000
v -8.09931786 -8.53483891 -15.00000000
v -8.03140098 -8.40824829 -15.00000000
v -7.98232383 -8.27323229 -15.00000000
v -7.95309925 -8.13257735 -15.00000000
v -7.94433038 -7.98918630 -15.00000000
v -7.95619819 -7.84601842 -15.00000000
v -7.98845776 -7.70602839 -15.00000000
v -8.04044331 -7.57210532 -15.00000000
v -8.11108197 -7.44701308 -15.00000000
v -8.56611387 -9.27858292 -14.66666667
v -8.21901229 -9.11882807 -14.66666667
v -8.47157435 -9.59822864 -14.33333333
v -7.93147311 -8.86718877 -14.66666667
v -8.03769738 -9.39853509 -14.33333333
v -7.72711067 -8.54433105 -14.66666667
v -7.67827341 -9.08398597 -14.33333333
v -7.62270836 -8.17676980 -14.66666667
v -7.42282036 -8.68041382 -14.33333333
v -7.62684029 -7.79469122 -14.66666667
v -7.29231747 -8.22096226 -14.33333333
v -7.73916711 -7.42947375 -14.66666667
v -7.29748238 -7.74336403 -14.33333333
v -7.43789091 -7.28684219 -14.33333333
v -80.00000000 -10.00000000 -14.00000000
v -80.00000000 -9.00000000 -15.00000000
v -81.34138040 8.89947744 -15.00000000
v -82.65279657 8.60015525 -15.00000000
v -83.90495365 8.10871981 -15.00000000
v -85.06988052 7.43614897 -15.00000000
v -86.12155464 6.59746685 -15.00000000
v -87.03648334 5.61140822 -15.00000000
v -87.79422863 4.50000000 -15.00000000
v -88.37786374 3.28806922 -15.00000000
v -88.77435121 2.00268841 -15.00000000
v -88.97483417 0.67257084 -15.00000000
v -88.97483417 -0.67257084 -15.00000000
v -88.77435121 -2.00268841 -15.00000000
v -88.37786374 -3.28806922 -15.00000000
v -87.79422863 -4.50000000 -15.00000000
v -87.03648334 -5.61140822 -15.00000000
v -86.12155464 -6.59746685 -15.00000000
v -85.06988052 -7.43614897 -15.00000000
v -83.90495365 -8.10871981 -15.00000000
v -82.65279657 -8.60015525 -15.00000000
v -81.34138040 -8.89947744 -15.00000000
v -81.42314838 -9.89821442 -14.00000000
v -82.81732557 -9.59492974 -14.00000000
v -84.15415013 -9.09631995 -14.00000000
v -85.40640817 -8.41253533 -14.00000000
v -86.54860734 -7.55749574 -14.00000000
v -87.55749574 -6.54860734 -14.00000000
v -88.41253533 -5.40640817 -14.00000000
v -89.09631995 -4.15415013 -14.00000000
v -89.59492974 -2.81732557 -14.00000000
v -89.89821442 -1.42314838 -14.00000000
v -90.00000000 -0.00000000 -14.00000000
v -89.89821442 1.42314838 -14.00000000
v -89.59492974 2.81732557 -14.00000000
v -89.09631995 4.15415013 -14.00000000
v -88.41253533 5.40640817 -14.00000000
v -87.55749574 6.54860734 -14.00000000
v -86.54860734 7.55749574 -14.00000000
v -85.40640817 8.41253533 -14.00000000
v -84.15415013 9.09631995 -14.00000000
v -82.81732557 9.59492974 -14.00000000
v -81.42314838 9.89821442 -14.00000000
v -8.94427191 10.00000000 -7.00000000
v -7.45355992 6.66666667 -7.00000000
v -7.27789204 6.89402617 -7.00000000
v -7.13661471 7.14421063 -7.00000000
v -7.03264361 7.41205678 -7.00000000
v -6.96812447 7.69203683 -7.00000000
v -6.94438885 7.97837260 -7.00000000
v -6.96192659 8.26515471 -7.00000000
v -7.02037574 8.54646458 -7.00000000
v -7.11853005 8.81649658 -7.00000000
v -7.25436382 9.06967782 -7.00000000
v -7.42507371 9.30078316 -7.00000000
v -7.62713665 9.50504309 -7.00000000
v -7.85638248 9.67824211 -7.00000000
v -8.10808004 9.81680576 -7.00000000
v -8.37703484 9.91787437 -7.00000000
v -8.65769622 9.97936211 -7.00000000
v -80.00000000 10.00000000 -7.00000000
v -70.83484861 4.00000000 5.00000000
v -70.74156058 4.04071423 3.57685162
v -70.46359558 4.16202811 2.18267443
v -70.00661217 4.36147202 0.84584987
v -69.37991321 4.63498587 -0.40640817
v -68.59625648 4.97700170 -1.54860734
v -67.67159499 5.38055706 -2.55749574
v -66.62475216 5.83743673 -3.41253533
v -65.47703870 6.33833995 -4.09631995
v -64.25181876 6.87306977 -4.59492974
v -62.97403426 7.43074065 -4.89821442
v -63.73373056 8.60613014 -5.09402899
v -71.31892609 9.66954849 -5.89893206
v -77.46354445 9.67315681 -3.09221668
v -75.46446759 8.91205866 -0.10956674
v -74.03358892 8.02524985 1.89910587
v -73.02912967 7.16983515 3.18856101
v -72.32899340 6.41525876 3.98474064
v -71.84510943 5.78785304 4.45506621
v -71.60353504 5.43130803 4.65352473
v -71.37501919 5.06024645 4.81071039
v -71.16617966 4.68598335 4.92073553
v -70.99389422 4.34596761 4.97975737
v -78.34449811 9.92912458 -6.14752106
v -78.04206491 9.95794534 -6.53511905
v -74.21012796 9.63031598 -5.66823889
v -78.72089434 9.92719594 -5.66047371
v -75.13370955 9.37817011 -4.55302619
v -70.56376090 9.00660131 -4.97729646
v -76.24373163 9.35554680 -3.09041739
v -72.17247888 8.33647937 -3.26985450
v -68.06140786 8.39925749 -4.65418499
v -66.56423061 7.97067940 -4.56126580
v -70.25097612 7.34066618 -2.65950460
v -73.96857210 8.24041323 -0.81247068
v -65.25099963 7.56910673 -4.57281532
v -69.17731561 6.66076501 -2.47827384
v -72.49988331 7.10577451 0.54542271
v -68.30548261 6.06173780 -2.49326529
v -71.68210031 6.25809112 1.20487714
v -71.01875092 5.39862524 1.61602714
v -70.37397027 2.70916071 5.00000000
v -70.09393375 1.36742509 5.00000000
v -70.00000000 -0.00000000 5.00000000
v -70.09393375 -1.36742509 5.00000000
v -70.37397027 -2.70916071 5.00000000
v -70.83484861 -4.00000000 5.00000000
v -70.74156058 -4.04071423 3.57685162
v -70.46359558 -4.16202811 2.18267443
v -70.00661217 -4.36147202 0.84584987
v -69.37991321 -4.63498587 -0.40640817
v -68.59625648 -4.97700170 -1.54860734
v -67.67159499 -5.38055706 -2.55749574
v -66.62475216 -5.83743673 -3.41253533
v -65.47703870 -6.33833995 -4.09631995
v -64.25181876 -6.87306977 -4.59492974
v -62.97403426 -7.43074065 -4.89821442
v -62.11786741 5.03276764 -4.89821442
v -63.45990652 4.65506264 -4.59492974
v -61.59764771 2.54024530 -4.89821442
v -64.74673781 4.29289538 -4.09631995
v -62.97872887 2.34960201 -4.59492974
v -61.42314838 -0.00000000 -4.89821442
v -65.95216513 3.95363855 -3.41253533
v -64.30299613 2.16680127 -4.09631995
v -62.81732557 -0.00000000 -4.59492974
v -67.05164944 3.64419844 -2.55749574
v -61.59764771 -2.54024530 -4.89821442
v -65.54349125 1.99556436 -3.41253533
v -64.15415013 -0.00000000 -4.09631995
v -68.02280842 3.37087436 -1.54860734
v -62.97872887 -2.34960201 -4.59492974
v -66.67496131 1.83937718 -2.55749574
v -62.11786741 -5.03276764 -4.89821442
v -65.40640817 -0.00000000 -3.41253533
v -68.84587206 3.13923040 -0.40640817
v -64.30299613 -2.16680127 -4.09631995
v -67.67437285 1.70141925 -1.54860734
v -63.45990652 -4.65506264 -4.59492974
v -66.54860734 -0.00000000 -2.55749574
v -69.50408518 2.95398215 0.84584987
v -65.54349125 -1.99556436 -3.41253533
v -68.52138072 1.58449899 -0.40640817
v -64.74673781 -4.29289538 -4.09631995
v -67.55749574 -0.00000000 -1.54860734
v -69.98404843 2.81890075 2.18267443
v -66.67496131 -1.83937718 -2.55749574
v -69.19874230 1.49099657 0.84584987
v -65.95216513 -3.95363855 -3.41253533
v -68.41253533 -0.00000000 -0.40640817
v -70.27599117 2.73673606 3.57685162
v -67.67437285 -1.70141925 -1.54860734
v -69.69266846 1.42281541 2.18267443
v -67.05164944 -3.64419844 -2.55749574
v -69.09631995 -0.00000000 0.84584987
v -68.52138072 -1.58449899 -0.40640817
v -69.99310428 1.38134350 3.57685162
v -68.02280842 -3.37087436 -1.54860734
v -69.59492974 -0.00000000 2.18267443
v -69.19874230 -1.49099657 0.84584987
v -68.84587206 -3.13923040 -0.40640817
v -69.89821442 -0.00000000 3.57685162
v -69.69266846 -1.42281541 2.18267443
v -69.50408518 -2.95398215 0.84584987
v -69.99310428 -1.38134350 3.57685162
v -69.98404843 -2.81890075 2.18267443
v -70.27599117 -2.73673606 3.57685162
v -71.04479161 -4.44924949 4.96575182
v -71.27648428 -4.88651184 4.86663323
v -71.52790640 -5.30979622 4.70808318
v -71.79703775 -5.71711184 4.49554061
v -72.08185808 -6.10646790 4.23444447
v -72.48267813 -6.59462218 3.81988961
v -72.95864185 -7.10075615 3.27394092
v -73.62798996 -7.70651934 2.43562798
v -74.41813665 -8.29660206 1.37447851
v -75.51756790 -8.93883210 -0.18686013
v -76.79767803 -9.47322678 -2.08399819
v -78.38877681 -9.86920750 -4.50943558
v -80.00000000 -10.00000000 -7.00000000
v -70.83480824 -9.62929702 -5.84024534
v -65.64201713 -8.98720466 -5.26052417
v -63.38209930 -8.52056914 -5.06937646
v -66.38950777 -6.52808488 -3.78171930
v -69.28912812 -5.32323210 -1.03973660
v -70.74835359 -4.98600846 1.71492389
v -67.23618305 -6.90275271 -3.65695088
v -71.13171079 -5.56005491 1.55826209
v -70.47434180 -6.99755866 -1.98428062
v -71.31018599 -5.80104793 1.45593878
v -70.92790764 -7.30960605 -2.12820492
v -71.56860136 -6.12453258 1.28586139
v -72.61659993 -8.28220032 -2.82990361
v -73.37163533 -8.63313641 -3.19907078
v -74.25935741 -8.98799510 -3.66119816
v -75.38169170 -9.35371944 -4.27731823
v -68.23406413 -7.65162190 -3.92041497
v -68.51796217 -7.76501803 -3.94276622
v -86.66666667 7.45355992 105.00000000
v -87.06862269 7.07313661 105.03650824
v -87.44787008 6.67240666 105.13939630
v -87.80130866 6.25592495 105.29870914
v -88.12617305 5.82794708 105.50476597
v -88.51611300 5.24140379 105.84044509
v -88.89879047 4.56185291 106.28663729
v -89.22111448 3.86901429 106.78798514
v -89.56004605 2.93330927 107.51748453
v -89.82501285 1.86234124 108.40144498
v -89.95653023 0.93114241 109.19535126
v -90.00000000 0.00000000 110.00000000
v -86.66666667 -7.45355992 105.00000000
v -85.49116520 -8.35745803 105.00000000
v -84.19492204 -9.07758939 105.00000000
v -82.80643944 -9.59811949 105.00000000
v -81.35624786 -9.90760272 105.00000000
v -79.87623462 -9.99923408 105.00000000
v -78.39894277 -9.87099872 105.00000000
v -76.95685554 -9.52571634 105.00000000
v -75.58168205 -8.97097913 105.00000000
v -74.30366011 -8.21898484 105.00000000
v -73.15089131 -7.28626860 105.00000000
v -72.14872314 -6.19333930 105.00000000
v -71.31919163 -4.96422865 105.00000000
v -70.68053682 -3.62596278 105.00000000
v -70.24680168 -2.20796795 105.00000000
v -70.02752332 -0.74142355 105.00000000
v -70.02752332 0.74142355 105.00000000
v -70.24680168 2.20796795 105.00000000
v -70.68053682 3.62596278 105.00000000
v -71.31919163 4.96422865 105.00000000
v -72.14872314 6.19333930 105.00000000
v -73.15089131 7.28626860 105.00000000
v -74.30366011 8.21898484 105.00000000
v -75.58168205 8.97097913 105.00000000
v -76.95685554 9.52571634 105.00000000
v -78.39894277 9.87099872 105.00000000
v -79.87623462 9.99923408 105.00000000
v -81.35624786 9.90760272 105.00000000
v -82.80643944 9.59811949 105.00000000
v -84.19492204 9.07758939 105.00000000
v -85.49116520 8.35745803 105.00000000
v -89.81453552 -1.91941178 108.35158453
v -89.38429804 -3.45553944 107.10238224
v -88.82384335 -4.70409229 106.18984167
v -88.29430314 -5.58624928 105.63551724
v -87.95310515 -6.06249024 105.38557136
v -87.57793164 -6.52494279 105.18900622
v -87.19825091 -6.94132858 105.06324051
v -86.93735252 -7.20219058 105.01625703
v -8.94427191 8.00000000 -5.00000000
v -8.94427191 8.28462968 -5.02035712
v -8.94427191 8.56346511 -5.08101405
v -8.94427191 8.83083003 -5.18073601
v -8.94427191 9.08128163 -5.31749293
v -8.94427191 9.30972147 -5.48850085
v -8.94427191 9.51149915 -5.69027853
v -8.94427191 9.68250707 -5.91871837
v -8.94427191 9.81926399 -6.16916997
v -8.94427191 9.91898595 -6.43653489
v -8.94427191 9.97964288 -6.71537032
v -8.94427191 -10.00000000 -7.00000000
v -8.94427191 -9.97964288 -6.71537032
v -8.94427191 -9.91898595 -6.43653489
v -8.94427191 -9.81926399 -6.16916997
v -8.94427191 -9.68250707 -5.91871837
v -8.94427191 -9.51149915 -5.69027853
v -8.94427191 -9.30972147 -5.48850085
v -8.94427191 -9.08128163 -5.31749293
v -8.94427191 -8.83083003 -5.18073601
v -8.94427191 -8.56346511 -5.08101405
v -8.94427191 -8.28462968 -5.02035712
v -8.94427191 -8.00000000 -5.00000000
v -8.65769622 -9.97936211 -7.00000000
v -8.37703484 -9.91787437 -7.00000000
v -8.10808004 -9.81680576 -7.00000000
v -7.85638248 -9.67824211 -7.00000000
v -7.62713665 -9.50504309 -7.00000000
v -7.42507371 -9.30078316 -7.00000000
v -7.25436382 -9.06967782 -7.00000000
v -7.11853005 -8.81649658 -7.00000000
v -7.02037574 -8.54646458 -7.00000000
v -6.96192659 -8.26515471 -7.00000000
v -6.94438885 -7.97837260 -7.00000000
v -6.96812447 -7.69203683 -7.00000000
v -7.03264361 -7.41205678 -7.00000000
v -7.13661471 -7.14421063 -7.00000000
v -7.27789204 -6.89402617 -7.00000000
v -7.45355992 -6.66666667 -7.00000000
v -7.46873322 -6.68023808 -6.71537032
v -7.51394423 -6.72067604 -6.43653489
v -7.58827259 -6.78715734 -6.16916997
v -7.69020519 -6.87832862 -5.91871837
v -7.81766696 -6.99233390 -5.69027853
v -7.96806317 -7.12685235 -5.48850085
v -8.13833216 -7.27914558 -5.31749293
v -8.32500777 -7.44611332 -5.18073601
v -8.52428981 -7.62435659 -5.08101405
v -8.73212147 -7.81024688 -5.02035712
v -7.24396721 -7.00628684 -6.65143424
v -7.30086587 -7.06094877 -6.35393547
v -7.06413244 -7.32845881 -6.88122283
v -7.41660661 -7.10291040 -6.07184646
v -7.09454377 -7.39767293 -6.53555637
v -7.58647195 -7.13046142 -5.81666492
v -7.19428887 -7.45349870 -6.20069050
v -6.97280483 -7.74854030 -6.77620194
v -7.80353831 -7.14247886 -5.59879183
v -7.35930222 -7.49366071 -5.89027409
v -7.04408749 -7.81702079 -6.40349536
v -7.58285803 -7.51652200 -5.61695941
v -7.18908754 -7.86959034 -6.05009414
v -6.98202154 -8.18024903 -6.65782496
v -7.85584435 -7.52115075 -5.39188656
v -7.40189490 -7.90410626 -5.73040261
v -7.09527709 -8.24363638 -6.27760159
v -7.01709503 -8.53102958 -6.93677936
v -8.16713450 -7.50735832 -5.22422929
v -7.67383572 -7.91916171 -5.45745112
v -7.28264147 -8.28923833 -5.92513932
v -7.09135582 -8.60237113 -6.54850139
v -7.99382594 -7.91414304 -5.24236493
v -7.53647787 -8.31519618 -5.61480423
v -7.24241385 -8.65713700 -6.18033536
v -7.18347713 -8.93398365 -6.83484466
v -8.34882303 -7.88925482 -5.09391078
v -7.84644013 -8.32045190 -5.35924530
v -7.46411213 -8.69309496 -5.84728738
v -7.29212122 -8.99479004 -6.47010295
v -8.19989447 -8.30479128 -5.16887889
v -7.74741442 -8.70877942 -5.56293219
v -7.47185663 -9.03853521 -6.13199200
v -7.43510750 -9.29133664 -6.76575129
v -8.58243439 -8.26885263 -5.05146417
v -8.08077357 -8.70355108 -5.33885988
v -7.71535750 -9.06343612 -5.83429292
v -7.56805286 -9.33953579 -6.44173034
v -8.45060215 -8.67762304 -5.18420343
v -8.01269894 -9.06847784 -5.58913966
v -7.76316833 -9.37118220 -6.14861660
v -7.75332442 -9.58676829 -6.74739265
v -8.84182627 -8.63205212 -5.10526651
v -8.35176157 -9.05345488 -5.40652445
v -8.01250115 -9.38498601 -5.89835713
v -7.89667157 -9.62165704 -6.47773382
v -8.71872550 -9.01897955 -5.29389054
v -8.30588875 -9.38038457 -5.70115229
v -8.09087456 -9.64151665 -6.24030529
v -8.11389938 -9.80759673 -6.79245352
v -8.63137290 -9.35756545 -5.56503998
v -8.32801785 -9.64553765 -6.04478444
v -8.25121179 -9.82986787 -6.58617487
v -8.59843569 -9.63355616 -5.89914052
v -8.42667964 -9.83958229 -6.41005490
v -8.48911205 -9.94529907 -6.90704295
v -8.63315102 -9.83634404 -6.27127209
v -8.60294293 -9.95693966 -6.76787569
v -8.86221033 -9.82028509 -6.17548312
v -8.74194300 -9.95929654 -6.65327235
v -7.46873322 6.68023808 -6.71537032
v -7.51394423 6.72067604 -6.43653489
v -7.58827259 6.78715734 -6.16916997
v -7.69020519 6.87832862 -5.91871837
v -7.81766696 6.99233390 -5.69027853
v -7.96806317 7.12685235 -5.48850085
v -8.13833216 7.27914558 -5.31749293
v -8.32500777 7.44611332 -5.18073601
v -8.52428981 7.62435659 -5.08101405
v -8.73212147 7.81024688 -5.02035712
v -8.54256487 9.95225889 -6.83472242
v -8.06136791 9.79201693 -6.90431386
v -8.66962939 9.95929356 -6.70718567
v -8.17739690 9.82025682 -6.68604484
v -7.70263575 9.56410987 -6.89091307
v -8.81914501 9.95694858 -6.60668652
v -8.33458996 9.83633171 -6.49386388
v -7.81822403 9.60601623 -6.60919563
v -8.52654005 9.83958642 -6.33560410
v -7.98786562 9.63353095 -6.35435022
v -7.49340774 9.31739752 -6.60067943
v -8.74542343 9.82988828 -6.21771605
v -8.20464607 9.64553256 -6.13676411
v -7.65828031 9.35752527 -6.29052784
v -7.22856537 8.96637984 -6.65005563
v -8.45972958 9.64153188 -5.96530593
v -7.88164539 9.38036706 -6.01744635
v -7.37349541 9.01892401 -6.29682502
v -7.04436115 8.56860515 -6.74110375
v -8.74271919 9.62169197 -5.84696416
v -8.15439881 9.38499186 -5.79256552
v -7.58620003 9.05342327 -5.97728782
v -7.15759897 8.63198258 -6.36093990
v -6.95475115 8.14266757 -6.85353121
v -8.46542338 9.37121119 -5.62505129
v -7.85800957 9.06847145 -5.70446810
v -7.34493402 8.67757739 -6.00853281
v -7.02902357 8.21402030 -6.46519245
v -6.96583693 7.70918332 -6.96506141
v -8.80204200 9.33958673 -5.52173140
v -8.17784531 9.06345521 -5.48948575
v -7.59873068 8.70353118 -5.69824631
v -7.18010525 8.26879473 -6.09696877
v -6.99897747 7.78460894 -6.58837365
v -8.53267102 9.03857900 -5.34110327
v -7.90864442 8.70878607 -5.44272739
v -7.40183824 8.30475833 -5.76386864
v -7.10767404 7.84544471 -6.22345577
v -7.07052651 7.36457463 -6.70791647
v -8.26204342 8.69312791 -5.25239078
v -7.68518489 8.32044524 -5.47946893
v -7.28749627 7.88921100 -5.88518151
v -7.13593885 7.42741556 -6.36590333
v -7.23840536 6.97487163 -6.80218410
v -8.64452345 8.65719488 -5.13499444
v -8.01859624 8.31521608 -5.25536154
v -7.53111474 7.91412394 -5.58733864
v -7.26899773 7.47565586 -6.04160569
v -7.26485852 7.03507726 -6.50150749
v -8.38848272 8.28928399 -5.10068087
v -7.82859980 7.91916810 -5.34206697
v -7.46427980 7.50732930 -5.74824166
v -7.35162140 7.08363708 -6.21022575
v -8.77976810 8.24370593 -5.02173159
v -8.16782620 7.90413788 -5.15936356
v -7.71382553 7.52114489 -5.49776850
v -7.49515762 7.11857185 -5.94021126
v -8.53496737 7.86964590 -5.04667524
v -8.00746365 7.51653953 -5.30039527
v -7.68961675 7.13845765 -5.70246957
v -7.92707282 7.14248396 -5.50669084
v -90.00000000 11.18033989 110.00000000
v -88.23971620 12.53423619 110.00000000
v -86.29883121 13.61340242 110.00000000
v -84.21988608 14.39418499 110.00000000
v -82.04844791 14.85947042 110.00000000
v -79.83211109 14.99906041 110.00000000
v -77.61945412 14.80989539 110.00000000
v -75.45897485 14.29612152 110.00000000
v -73.39802747 13.46899991 110.00000000
v -71.48178459 12.34665972 110.00000000
v -69.75224715 10.95370082 110.00000000
v -68.24732380 9.32065459 110.00000000
v -67.00000000 7.48331477 110.00000000
v -86.70059519 7.49149317 105.71157419
v -86.80169009 7.60452070 106.40866278
v -86.96789335 7.79034159 107.07707507
v -87.19582156 8.04517308 107.70320409
v -87.48083475 8.36382752 108.27430367
v -87.81713089 8.73981803 108.77874787
v -88.19786394 9.16549052 109.20626766
v -88.61528329 9.63217954 109.54815998
v -89.06089148 10.13038464 109.79746487
v -89.52561721 10.64996380 109.94910721
v -90.00000000 -11.18033989 110.00000000
v -89.52561721 -10.64996380 109.94910721
v -89.06089148 -10.13038464 109.79746487
v -88.61528329 -9.63217954 109.54815998
v -88.19786394 -9.16549052 109.20626766
v -87.81713089 -8.73981803 108.77874787
v -87.48083475 -8.36382752 108.27430367
v -87.19582156 -8.04517308 107.70320409
v -86.96789335 -7.79034159 107.07707507
v -86.80169009 -7.60452070 106.40866278
v -86.70059519 -7.49149317 105.71157419
v -67.00000000 -7.48331477 110.00000000
v -68.24732380 -9.32065459 110.00000000
v -69.75224715 -10.95370082 110.00000000
v -71.48178459 -12.34665972 110.00000000
v -73.39802747 -13.46899991 110.00000000
v -75.45897485 -14.29612152 110.00000000
v -77.61945412 -14.80989539 110.00000000
v -79.83211109 -14.99906041 110.00000000
v -82.04844791 -14.85947042 110.00000000
v -84.21988608 -14.39418499 110.00000000
v -86.29883121 -13.61340242 110.00000000
v -88.23971620 -12.53423619 110.00000000
v -66.31887155 -2.53044175 109.88053216
v -66.31887155 2.53044175 109.88053216
v -85.52110028 8.39868428 105.71157419
v -85.60439960 8.52539901 106.40866278
v -85.74134637 8.73372210 107.07707507
v -84.22059181 9.12178988 105.71157419
v -85.92915274 9.01941270 107.70320409
v -84.28426978 9.25941443 106.40866278
v -86.16399553 9.37665497 108.27430367
v -84.38895841 9.48567362 107.07707507
v -86.44109400 9.79817649 108.77874787
v -82.82757484 9.64496067 105.71157419
v -84.53252654 9.79596146 107.70320409
v -86.75480723 10.27539629 109.20626766
v -82.87023573 9.79047854 106.40866278
v -84.71205154 10.18396139 108.27430367
v -87.09874893 10.79859956 109.54815998
v -82.94037162 10.02971458 107.07707507
v -84.92387880 10.64177485 108.77874787
v -81.37258202 9.95672961 105.71157419
v -87.46591743 11.35713539 109.79746487
v -83.03655473 10.35779866 107.70320409
v -85.16369613 11.16008208 109.20626766
v -81.39329079 10.10695127 106.40866278
v -87.84883824 11.93963359 109.94910721
v -83.15682705 10.76805193 108.27430367
v -85.42662153 11.72833184 109.54815998
v -81.42733666 10.35392051 107.07707507
v -83.29874018 11.25212281 108.77874787
v -79.88750444 10.05026321 105.71157419
v -85.70730260 12.33495619 109.79746487
v -81.47402656 10.69260976 107.70320409
v -83.45940520 11.80015701 109.20626766
v -79.88580717 10.20189605 106.40866278
v -86.00002550 12.96760603 109.94910721
v -81.53241003 11.11612427 108.27430367
v -83.63555141 12.40099814 109.54815998
v -79.88301680 10.45118533 107.07707507
v -81.60129854 11.61584252 108.77874787
v -78.40489257 9.92351138 105.71157419
v -83.82359299 13.04241481 109.79746487
v -79.87919014 10.79305623 107.70320409
v -81.67928973 12.18159167 109.20626766
v -78.38082647 10.07323186 106.40866278
v -84.01970195 13.71134962 109.94910721
v -79.87440508 11.22054924 108.27430367
v -81.76479591 12.80185472 109.54815998
v -78.34126102 10.31937716 107.07707507
v -79.86875904 11.72496184 108.77874787
v -76.95724287 9.57925232 105.71157419
v -81.85607642 13.46400489 109.79746487
v -78.28700167 10.65693645 107.70320409
v -79.86236696 12.29602565 109.20626766
v -76.91133543 9.72377881 106.40866278
v -81.95127307 14.15456271 109.94910721
v -78.21915297 11.07903801 108.27430367
v -79.85535895 12.92211546 109.54815998
v -76.83586211 9.96138501 107.07707507
v -78.13909613 11.57708906 108.77874787
v -75.57628546 9.02503161 105.71157419
v -79.84787768 13.59048587 109.79746487
v -76.73235933 10.28723394 107.70320409
v -78.04846088 12.14095074 109.20626766
v -75.50954289 9.16119632 106.40866278
v -79.84007545 14.28753080 109.94910721
v -76.60293413 10.69469227 108.27430367
v -77.94909229 12.75914442 109.54815998
v -75.39981595 9.38505549 107.07707507
v -76.45022120 11.17546531 108.77874787
v -74.29228868 8.27299688 105.71157419
v -77.84301322 13.41908549 109.79746487
v -75.24933837 9.69205199 107.70320409
v -76.27732937 11.71976591 109.20626766
v -74.20617387 8.39781530 106.40866278
v -77.73238312 14.10733943 109.94910721
v -75.06117344 10.07593626 108.27430367
v -76.08777819 12.31651369 109.54815998
v -74.06459835 8.60302081 107.07707507
v -74.83915166 10.52889352 108.77874787
v -73.13339565 7.33963150 105.71157419
v -75.88542639 12.95356057 109.79746487
v -73.87044419 8.88443602 107.70320409
v -74.58779274 11.04170287 109.20626766
v -73.02979610 7.45036783 106.40866278
v -75.67439327 13.61793812 109.94910721
v -73.62766382 9.23633211 108.27430367
v -74.31221364 11.60392499 109.54815998
v -72.85947511 7.63242191 107.07707507
v -73.34119952 9.65154551 108.77874787
v -72.12500743 6.24539334 105.71157419
v -74.01802434 12.20411465 109.79746487
v -72.62589991 7.88208765 107.70320409
v -73.01688291 10.12162365 109.20626766
v -72.00619388 6.33962040 106.40866278
v -73.71121369 12.83005373 109.94910721
v -72.33382544 8.19428257 108.27430367
v -72.66131611 10.63699712 109.54815998
v -71.81086057 6.49453272 107.07707507
v -71.98919747 8.56265130 108.77874787
v -71.28922625 5.01426630 105.71157419
v -72.28173746 11.18717438 109.79746487
v -71.54298392 6.70697673 107.70320409
v -71.59903164 8.97969489 109.20626766
v -71.15780289 5.08991879 106.40866278
v -71.88587407 11.76095543 109.94910721
v -71.20801714 6.97262768 108.27430367
v -71.17127061 9.43692356 109.54815998
v -70.94173865 5.21429392 107.07707507
v -70.81277918 7.28607769 108.77874787
v -70.63310747 3.64441632 105.71157419
v -70.71462236 9.92502944 109.79746487
v -70.64543198 5.38485978 107.70320409
v -70.36531595 7.64094582 109.20626766
v -70.49178495 3.69940127 106.40866278
v -70.23838291 10.43407610 109.94910721
v -70.27491482 5.59814412 108.27430367
v -69.87473651 8.03000798 109.54815998
v -70.25944618 3.78979829 107.07707507
v -69.83772985 5.84980511 108.77874787
v -70.19716493 2.21920492 105.71157419
v -69.35102764 8.44534398 109.79746487
v -69.94082089 3.91376717 107.70320409
v -69.34277688 6.13471963 109.20626766
v -70.04926515 2.25268706 106.40866278
v -68.80485053 8.87849878 109.94910721
v -69.54239540 4.06878426 108.27430367
v -68.80013172 6.44708767 109.54815998
v -69.80611314 2.30773278 107.07707507
v -69.07228048 4.25169385 108.77874787
v -69.97677060 0.74519686 105.71157419
v -68.22084108 6.78055031 109.79746487
v -69.47265879 2.38322151 107.70320409
v -68.54004633 4.45877243 109.20626766
v -69.82554563 0.75643998 106.40866278
v -67.61669763 7.12831920 109.94910721
v -69.05569026 2.47761651 108.27430367
v -67.95652769 4.68580448 109.54815998
v -69.57692691 0.77492403 107.07707507
v -68.56369582 2.58899617 108.77874787
v -69.97677060 -0.74519686 105.71157419
v -67.33360333 4.92816829 109.79746487
v -69.23597560 0.80027273 107.70320409
v -68.00669107 2.71509313 109.20626766
v -69.82554563 -0.75643998 106.40866278
v -68.80963248 0.83197005 108.27430367
v -70.11673600 -1.82798759 105.71157419
v -67.39601502 2.85334041 109.54815998
v -69.57692691 -0.77492403 107.07707507
v -68.30657668 0.86937074 108.77874787
v -69.96762275 -1.85556727 106.40866278
v -66.74409927 3.00092370 109.79746487
v -69.23597560 -0.80027273 107.70320409
v -67.73704895 0.91171340 109.20626766
v -69.72247577 -1.90090913 107.07707507
v -68.80963248 -0.83197005 108.27430367
v -67.11264325 0.95813608 109.54815998
v -69.38628554 -1.96309017 107.70320409
v -68.30657668 -0.86937074 108.77874787
v -70.63310747 -3.64441632 105.71157419
v -68.96589592 -2.04084454 108.27430367
v -67.73704895 -0.91171340 109.20626766
v -70.49178495 -3.69940127 106.40866278
v -68.46986484 -2.13258940 108.77874787
v -67.11264325 -0.95813608 109.54815998
v -70.25944618 -3.78979829 107.07707507
v -71.27501258 -4.98949299 105.71157419
v -67.90829005 -2.23645708 109.20626766
v -69.94082089 -3.91376717 107.70320409
v -71.14337476 -5.06477172 106.40866278
v -67.29260361 -2.35033315 109.54815998
v -69.54239540 -4.06878426 108.27430367
v -70.92695797 -5.18853237 107.07707507
v -66.63533911 -2.47189940 109.79746487
v -69.07228048 -4.25169385 108.77874787
v -72.10876580 -6.22485893 105.71157419
v -70.63016780 -5.35825553 107.70320409
v -68.54004633 -4.45877243 109.20626766
v -71.98970720 -6.31877617 106.40866278
v -70.25904606 -5.57048613 108.27430367
v -67.95652769 -4.68580448 109.54815998
v -71.79397103 -6.47317915 107.07707507
v -69.82114772 -5.82090376 108.77874787
v -73.11603428 -7.32335045 105.71157419
v -67.33360333 -4.92816829 109.79746487
v -71.52554190 -6.68492466 107.70320409
v -69.32538711 -6.10441066 109.20626766
v -73.01217279 -7.43384114 106.40866278
v -71.18988428 -6.94970217 108.27430367
v -68.78185651 -6.41523542 109.54815998
v -72.84142116 -7.61549138 107.07707507
v -70.79383117 -7.26212158 108.77874787
v -74.27466984 -8.26081355 105.71157419
v -68.20162062 -6.74705056 109.79746487
v -72.60725540 -7.86460330 107.70320409
v -70.34544508 -7.61582293 109.20626766
v -74.18828921 -8.38544816 106.40866278
v -67.59649137 -7.09310127 109.94910721
v -72.31444245 -8.17610570 108.27430367
v -69.85385385 -8.00360588 109.54815998
v -74.04627667 -8.59035147 107.07707507
v -71.96894313 -8.54365730 108.77874787
v -75.55919600 -9.01663494 105.71157419
v -69.32906486 -8.41757629 109.79746487
v -73.85152319 -8.87135225 107.70320409
v -71.57779082 -8.95977579 109.20626766
v -75.49219559 -9.15267297 106.40866278
v -68.78176130 -8.84930690 109.94910721
v -73.60799339 -9.22273011 108.27430367
v -71.14894825 -9.41599022 109.54815998
v -75.38204476 -9.37632387 107.07707507
v -73.32064482 -9.63733204 108.77874787
v -76.94136813 -9.57419537 105.71157419
v -70.69114541 -9.90301336 109.79746487
v -75.23098587 -9.68303475 107.70320409
v -72.99532709 -10.10671792 109.20626766
v -76.89522118 -9.71864556 106.40866278
v -70.21370186 -10.41093083 109.94910721
v -75.04209403 -10.06656186 108.27430367
v -72.63866272 -10.62133241 109.54815998
v -76.81935410 -9.95612633 107.07707507
v -74.81921455 -10.51909770 108.77874787
v -78.39079454 -9.92123499 105.71157419
v -72.25791236 -11.17069946 109.79746487
v -76.71531133 -10.28180325 107.70320409
v -74.56688459 -11.03142995 109.20626766
v -78.36651574 -10.07092112 106.40866278
v -71.86082701 -11.74363551 109.94910721
v -76.58521088 -10.68904648 108.27430367
v -74.29024088 -11.59312899 109.54815998
v -78.32660060 -10.31700995 107.07707507
v -76.43170122 -11.16956571 108.77874787
v -79.87560474 -10.05012297 105.71157419
v -73.99491509 -12.19276025 109.79746487
v -78.27186168 -10.65449181 107.70320409
v -76.25790737 -11.71357898 109.20626766
v -79.87372793 -10.20175370 106.40866278
v -73.68691918 -12.81811697 109.94910721
v -78.20341332 -11.07649654 108.27430367
v -76.06736726 -12.31001172 109.54815998
v -79.87064240 -10.45103949 107.07707507
v -78.12264891 -11.57443335 108.77874787
v -81.36315018 -9.95802528 105.71157419
v -75.86395975 -12.94672230 109.79746487
v -79.86641096 -10.79290562 107.70320409
v -78.03121260 -12.13816567 109.20626766
v -81.38371664 -10.10826649 106.40866278
v -75.65182562 -13.61074912 109.94910721
v -79.86111974 -11.22039267 108.27430367
v -77.93096576 -12.75621755 109.54815998
v -81.41752856 -10.35526787 107.07707507
v -79.85487647 -11.72479823 108.77874787
v -82.82072219 -9.64696699 105.71157419
v -77.82394913 -13.41600723 109.79746487
v -81.46389764 -10.69400119 107.70320409
v -79.84780823 -12.29585407 109.20626766
v -82.86327970 -9.79251513 106.40866278
v -77.71234126 -14.10410329 109.94910721
v -81.52187992 -11.11757082 108.27430367
v -79.84005892 -12.92193514 109.54815998
v -82.93324561 -10.03180094 107.07707507
v -81.59029505 -11.61735409 108.77874787
v -84.21627116 -9.12378777 105.71157419
v -79.83178629 -13.59029622 109.79746487
v -83.02919561 -10.35995327 107.70320409
v -81.66775031 -12.18317687 109.20626766
v -84.27988394 -9.26144247 106.40866278
v -79.82315875 -14.28733143 109.94910721
v -83.14917645 -10.77029187 108.27430367
v -81.75266893 -12.80352063 109.54815998
v -84.38446540 -9.48775121 107.07707507
v -83.29074566 -11.25446344 108.77874787
v -85.51911127 -8.39999147 105.71157419
v -81.84332220 -13.46575696 109.79746487
v -84.52788656 -9.79810701 107.70320409
v -83.45102130 -11.80261165 109.20626766
v -85.60238058 -8.52672592 106.40866278
v -81.93786469 -14.15640465 109.94910721
v -84.70722778 -10.18619193 108.27430367
v -83.62674062 -12.40357776 109.54815998
v -85.73927802 -8.73508144 107.07707507
v -84.91883819 -10.64410566 108.77874787
v -83.81432648 -13.04512786 109.79746487
v -85.92701673 -9.02081650 107.70320409
v -85.15841001 -11.16252641 109.20626766
v -84.00996017 -13.71420182 109.94910721
v -86.16177491 -9.37811438 108.27430367
v -85.42106626 -11.73090063 109.54815998
v -86.43877356 -9.79970150 108.77874787
v -85.70146000 -12.33765785 109.79746487
v -86.75237377 -10.27699558 109.20626766
v -85.99388323 -12.97044625 109.94910721
v -87.09619156 -10.80028028 109.54815998
v -87.46322779 -11.35890304 109.79746487
v -87.84601065 -11.94149191 109.94910721
v -88.67031326 8.85997228 109.31803514
v -87.71769429 7.71779337 107.94281042
v -87.34997084 7.12506931 106.58804288
v -88.09596541 7.06680139 107.87723745
v -88.85185796 8.05912634 109.19012137
v -87.84993464 6.50145733 106.66353749
v -88.75358366 5.06555957 107.15057219
v -88.85699390 5.53154836 108.05654770
v -89.47483438 3.78815359 108.54612499
v -89.28089257 6.24706920 109.13719239
v -89.66197109 4.25226924 109.30548473
v -89.43798281 3.46016823 107.94880170
v -89.91288483 2.15456008 109.61720247
v -89.86619612 1.92577204 109.22632148
v -89.85824195 1.75679651 108.92964065
v -89.30053999 9.52837821 109.75533284
v -89.49230174 7.65110822 109.61506342
v -89.38526963 8.62031871 109.66611669
v -89.66117643 9.40012166 109.87492516
v -89.69993884 -2.86605901 108.86828666
v -89.68154073 -2.61545086 108.42199477
v -89.06321696 -7.18247432 109.13174566
v -88.48444043 -6.33210603 107.92002468
v -88.32289166 -5.80969205 106.85832542
v -88.67024371 -8.86112953 109.31678303
v -87.71761711 -7.71895835 107.94125800
v -87.34961494 -7.12572769 106.58656210
v -89.33835390 -9.08496730 109.70595297
v -67.00000000 -20.33333333 110.00000000
v -66.71537032 -20.33333333 109.97964288
v -66.43653489 -20.33333333 109.91898595
v -66.16916997 -20.33333333 109.81926399
v -65.91871837 -20.33333333 109.68250707
v -65.69027853 -20.33333333 109.51149915
v -65.48850085 -20.33333333 109.30972147
v -65.31749293 -20.33333333 109.08128163
v -65.18073601 -20.33333333 108.83083003
v -65.08101405 -20.33333333 108.56346511
v -65.02035712 -20.33333333 108.28462968
v -65.00000000 -20.33333333 108.00000000
v -65.00000000 20.33333333 108.00000000
v -65.02035712 20.33333333 108.28462968
v -65.08101405 20.33333333 108.56346511
v -65.18073601 20.33333333 108.83083003
v -65.31749293 20.33333333 109.08128163
v -65.48850085 20.33333333 109.30972147
v -65.69027853 20.33333333 109.51149915
v -65.91871837 20.33333333 109.68250707
v -66.16916997 20.33333333 109.81926399
v -66.43653489 20.33333333 109.91898595
v -66.71537032 20.33333333 109.97964288
v -67.00000000 20.33333333 110.00000000
v -90.00000000 51.00000000 110.00000000
v -65.40000000 -21.53333333 108.00000000
v -65.41628569 -21.52111906 108.28462968
v -65.46481124 -21.48472490 108.56346511
v -65.54458881 -21.42489173 108.83083003
v -65.65399435 -21.34283757 109.08128163
v -65.79080068 -21.24023282 109.30972147
v -65.95222283 -21.11916621 109.51149915
v -66.13497469 -20.98210231 109.68250707
v -66.33533598 -20.83183135 109.81926399
v -66.54922791 -20.67141240 109.91898595
v -66.77229626 -20.50411114 109.97964288
v -65.01654090 -20.59002378 108.00000000
v -65.06588998 -20.84246833 108.00000000
v -65.14723099 -21.08649134 108.00000000
v -65.25921845 -21.31805644 108.00000000
v -66.27438718 -20.57520427 109.84796766
v -65.90249565 -20.53246221 109.66006984
v -65.57679708 -20.44692276 109.40056806
v -66.00251919 -20.83253285 109.66006984
v -65.65909097 -20.78030301 109.41498448
v -65.37329833 -20.68694403 109.10851303
v -65.79328401 -21.09638355 109.40056806
v -65.16185188 -20.56984620 108.75184650
v -65.48647225 -21.02646578 109.10851303
v -65.03595548 -20.44831157 108.35959579
v -65.24765630 -20.91744790 108.76687791
v -65.09141227 -20.78766558 108.38842640
v -65.38757378 -21.24701191 108.75184650
v -65.20053046 -21.11502017 108.38842640
v -65.35977744 -21.41977746 108.35959579
v -90.00000000 -53.66666667 109.20000000
v -90.00000000 -53.32701335 109.43199273
v -90.00000000 -52.93188880 109.62984970
v -90.00000000 -52.49071198 109.78885438
v -90.00000000 -52.01399965 109.90521644
v -90.00000000 -51.51311564 109.97616205
v -90.00000000 -51.00000000 110.00000000
v -90.40000000 -54.86666667 108.00000000
v -90.19949812 -54.53740945 108.38370690
v -90.06588998 -54.17580167 108.75315801
v -90.01654090 -53.92335711 108.98472311
v -90.00000000 -53.66666667 130.80000000
v -90.40000000 -54.86666667 132.00000000
v -90.19949812 -54.53740945 131.61629310
v -90.06588998 -54.17580167 131.24684199
v -90.01654090 -53.92335711 131.01527689
v -65.40000000 21.53333333 108.00000000
v -65.25921845 21.31805644 108.00000000
v -65.14723099 21.08649134 108.00000000
v -65.06588998 20.84246833 108.00000000
v -65.01654090 20.59002378 108.00000000
v -66.77229626 20.50411114 109.97964288
v -66.54922791 20.67141240 109.91898595
v -66.33533598 20.83183135 109.81926399
v -66.13497469 20.98210231 109.68250707
v -65.95222283 21.11916621 109.51149915
v -65.79080068 21.24023282 109.30972147
v -65.65399435 21.34283757 109.08128163
v -65.54458881 21.42489173 108.83083003
v -65.46481124 21.48472490 108.56346511
v -65.41628569 21.52111906 108.28462968
v -66.27438718 20.57520427 109.84796766
v -66.00251919 20.83253285 109.66006984
v -65.79328401 21.09638355 109.40056806
v -65.90249565 20.53246221 109.66006984
v -65.65909097 20.78030301 109.41498448
v -65.48647225 21.02646578 109.10851303
v -65.57679708 20.44692276 109.40056806
v -65.38757378 21.24701191 108.75184650
v -65.37329833 20.68694403 109.10851303
v -65.35977744 21.41977746 108.35959579
v -65.24765630 20.91744790 108.76687791
v -65.20053046 21.11502017 108.38842640
v -65.16185188 20.56984620 108.75184650
v -65.09141227 20.78766558 108.38842640
v -65.03595548 20.44831157 108.35959579
v -65.40000000 21.53333333 98.00000000
v -65.00000000 20.33333333 98.00000000
v -65.25921845 21.31805644 98.00000000
v -65.14723099 21.08649134 98.00000000
v -65.06588998 20.84246833 98.00000000
v -65.01654090 20.59002378 98.00000000
v -65.00000000 -20.33333333 132.00000000
v -65.02035712 -20.33333333 131.71537032
v -65.08101405 -20.33333333 131.43653489
v -65.18073601 -20.33333333 131.16916997
v -65.31749293 -20.33333333 130.91871837
v -65.48850085 -20.33333333 130.69027853
v -65.69027853 -20.33333333 130.48850085
v -65.91871837 -20.33333333 130.31749293
v -66.16916997 -20.33333333 130.18073601
v -66.43653489 -20.33333333 130.08101405
v -66.71537032 -20.33333333 130.02035712
v -67.00000000 -20.33333333 130.00000000
v -65.40000000 -21.53333333 132.00000000
v -65.25921845 -21.31805644 132.00000000
v -65.14723099 -21.08649134 132.00000000
v -65.06588998 -20.84246833 132.00000000
v -65.01654090 -20.59002378 132.00000000
v -66.77229626 -20.50411114 130.02035712
v -66.54922791 -20.67141240 130.08101405
v -66.33533598 -20.83183135 130.18073601
v -66.13497469 -20.98210231 130.31749293
v -65.95222283 -21.11916621 130.48850085
v -65.79080068 -21.24023282 130.69027853
v -65.65399435 -21.34283757 130.91871837
v -65.54458881 -21.42489173 131.16916997
v -65.46481124 -21.48472490 131.43653489
v -65.41628569 -21.52111906 131.71537032
v -65.03595548 -20.44831157 131.64040421
v -65.09141227 -20.78766558 131.61157360
v -65.16185188 -20.56984620 131.24815350
v -65.20053046 -21.11502017 131.61157360
v -65.31578031 -20.33497684 130.92138916
v -65.24765630 -20.91744790 131.23312209
v -65.35977744 -21.41977746 131.64040421
v -65.37329833 -20.68694403 130.89148697
v -65.38757378 -21.24701191 131.24815350
v -65.57679708 -20.44692276 130.59943194
v -65.48647225 -21.02646578 130.89148697
v -65.65909097 -20.78030301 130.58501552
v -65.90249565 -20.53246221 130.33993016
v -65.79328401 -21.09638355 130.59943194
v -66.00251919 -20.83253285 130.33993016
v -66.27438718 -20.57520427 130.15203234
v -65.40000000 -21.53333333 142.00000000
v -65.00000000 -20.33333333 142.00000000
v -65.25921845 -21.31805644 142.00000000
v -65.14723099 -21.08649134 142.00000000
v -65.06588998 -20.84246833 142.00000000
v -65.01654090 -20.59002378 142.00000000
v -90.00000000 53.66666667 109.20000000
v -90.03011157 54.01241159 108.90533712
v -90.11953956 54.34774560 108.58341312
v -90.24053389 54.61760252 108.29493098
v -90.40000000 54.86666667 108.00000000
v -90.00000000 51.74476900 109.94943963
v -90.00000000 52.45188221 109.80031489
v -90.00000000 53.02647050 109.58796418
v -90.00000000 53.36873579 109.40715055
v -65.00000000 20.33333333 132.00000000
v -65.01654090 20.59002378 132.00000000
v -65.06588998 20.84246833 132.00000000
v -65.14723099 21.08649134 132.00000000
v -65.25921845 21.31805644 132.00000000
v -65.40000000 21.53333333 132.00000000
v -67.00000000 20.33333333 130.00000000
v -66.71537032 20.33333333 130.02035712
v -66.43653489 20.33333333 130.08101405
v -66.16916997 20.33333333 130.18073601
v -65.91871837 20.33333333 130.31749293
v -65.69027853 20.33333333 130.48850085
v -65.48850085 20.33333333 130.69027853
v -65.31749293 20.33333333 130.91871837
v -65.18073601 20.33333333 131.16916997
v -65.08101405 20.33333333 131.43653489
v -65.02035712 20.33333333 131.71537032
v -65.41628569 21.52111906 131.71537032
v -65.46481124 21.48472490 131.43653489
v -65.54458881 21.42489173 131.16916997
v -65.65399435 21.34283757 130.91871837
v -65.79080068 21.24023282 130.69027853
v -65.95222283 21.11916621 130.48850085
v -66.13497469 20.98210231 130.31749293
v -66.33533598 20.83183135 130.18073601
v -66.54922791 20.67141240 130.08101405
v -66.77229626 20.50411114 130.02035712
v -65.35977744 21.41977746 131.64040421
v -65.20053046 21.11502017 131.61157360
v -65.38757378 21.24701191 131.24815350
v -65.09141227 20.78766558 131.61157360
v -65.65163815 21.34255034 130.92138916
v -65.24765630 20.91744790 131.23312209
v -65.03595548 20.44831157 131.64040421
v -65.48647225 21.02646578 130.89148697
v -65.16185188 20.56984620 131.24815350
v -65.79328401 21.09638355 130.59943194
v -65.37329833 20.68694403 130.89148697
v -65.65909097 20.78030301 130.58501552
v -66.00251919 20.83253285 130.33993016
v -65.57679708 20.44692276 130.59943194
v -65.90249565 20.53246221 130.33993016
v -66.27438718 20.57520427 130.15203234
v -65.00000000 20.33333333 142.00000000
v -65.40000000 21.53333333 142.00000000
v -65.01654090 20.59002378 142.00000000
v -65.06588998 20.84246833 142.00000000
v -65.14723099 21.08649134 142.00000000
v -65.25921845 21.31805644 142.00000000
v -90.40000000 54.86666667 132.00000000
v -90.00000000 53.66666667 130.80000000
v -90.03011157 54.01241159 131.09466288
v -90.11953956 54.34774560 131.41658688
v -90.24053389 54.61760252 131.70506902
v -90.00000000 53.32701335 130.56800727
v -90.00000000 52.93188880 130.37015030
v -90.00000000 52.49071198 130.21114562
v -90.00000000 52.01399965 130.09478356
v -90.00000000 51.51311564 130.02383795
v -90.00000000 51.00000000 130.00000000
v -90.00000000 -51.00000000 130.00000000
v -90.00000000 -51.74476900 130.05056037
v -90.00000000 -52.45188221 130.19968511
v -90.00000000 -53.02647050 130.41203582
v -90.00000000 -53.36873579 130.59284945
v -65.00000000 -20.33333333 98.00000000
v -65.40000000 -21.53333333 98.00000000
v -65.01654090 -20.59002378 98.00000000
v -65.06588998 -20.84246833 98.00000000
v -65.14723099 -21.08649134 98.00000000
v -65.25921845 -21.31805644 98.00000000
v -90.80000000 -55.40000000 98.00000000
v -90.80000000 -55.40000000 142.00000000
v -90.80000000 55.40000000 98.00000000
v -90.80000000 55.40000000 142.00000000
v -82.39100000 49.18800000 99.98500000
v -82.39100000 49.18800000 98.00000000
v -88.40000000 57.20000000 98.00000000
v -88.40000000 57.20000000 108.01500000
v -87.20900000 55.61200000 108.01500000
v -87.20900000 55.61200000 131.98500000
v -88.40000000 57.20000000 131.98500000
v -88.40000000 57.20000000 142.00000000
v -82.39100000 49.18800000 142.00000000
v -82.39100000 49.18800000 140.01500000
v -68.00900000 30.01200000 140.01500000
v -68.00900000 30.01200000 142.00000000
v -62.00000000 22.00000000 142.00000000
v -62.00000000 22.00000000 131.98500000
v -63.19100000 23.58800000 131.98500000
v -63.19100000 23.58800000 108.01500000
v -62.00000000 22.00000000 108.01500000
v -62.00000000 22.00000000 98.00000000
v -68.00900000 30.01200000 98.00000000
v -68.00900000 30.01200000 99.98500000
v -61.59100000 24.78800000 108.01500000
v -61.59100000 24.78800000 131.98500000
v -60.00000000 22.66666667 131.98500000
v -60.00000000 20.01500000 131.98500000
v -62.00000000 20.01500000 131.98500000
v -62.00000000 20.01500000 108.01500000
v -60.00000000 20.01500000 108.01500000
v -60.00000000 22.66666667 108.01500000
v -68.00900000 -30.01200000 140.01500000
v -82.39100000 -49.18800000 140.01500000
v -68.00900000 -30.01200000 142.00000000
v -62.00000000 -22.00000000 142.00000000
v -62.00000000 -22.00000000 131.98500000
v -63.19100000 -23.58800000 131.98500000
v -63.19100000 -23.58800000 108.01500000
v -62.00000000 -22.00000000 108.01500000
v -62.00000000 -22.00000000 98.00000000
v -68.00900000 -30.01200000 98.00000000
v -68.00900000 -30.01200000 99.98500000
v -82.39100000 -49.18800000 99.98500000
v -82.39100000 -49.18800000 98.00000000
v -88.40000000 -57.20000000 98.00000000
v -88.40000000 -57.20000000 108.01500000
v -87.20900000 -55.61200000 108.01500000
v -87.20900000 -55.61200000 131.98500000
v -88.40000000 -57.20000000 131.98500000
v -88.40000000 -57.20000000 142.00000000
v -82.39100000 -49.18800000 142.00000000
v -61.59100000 -24.78800000 108.01500000
v -61.59100000 -24.78800000 131.98500000
v -60.00000000 -22.66666667 131.98500000
v -60.00000000 -20.01500000 131.98500000
v -62.00000000 -20.01500000 131.98500000
v -62.00000000 -20.01500000 108.01500000
v -60.00000000 -20.01500000 108.01500000
v -60.00000000 -22.66666667 108.01500000
v -62.00000000 11.98500000 140.01500000
v -62.00000000 -11.98500000 140.01500000
v -62.00000000 11.98500000 142.00000000
v -62.00000000 11.98500000 98.00000000
v -62.00000000 11.98500000 99.98500000
v -62.00000000 -11.98500000 99.98500000
v -62.00000000 -11.98500000 98.00000000
v -62.00000000 -11.98500000 142.00000000
v -60.00000000 11.98500000 99.98500000
v -60.00000000 11.98500000 98.00000000
v -60.00000000 -11.98500000 99.98500000
v -60.00000000 -11.98500000 98.00000000
v -60.00000000 11.98500000 142.00000000
v -60.00000000 11.98500000 140.01500000
v -60.00000000 -11.98500000 140.01500000
v -60.00000000 -11.98500000 142.00000000
v -66.40900000 -31.21200000 99.98500000
v -66.40900000 -31.21200000 98.00000000
v -80.79100000 -50.38800000 98.00000000
v -80.79100000 -50.38800000 99.98500000
v -86.80000000 -58.40000000 131.98500000
v -85.60900000 -56.81200000 131.98500000
v -85.60900000 -56.81200000 108.01500000
v -86.80000000 -58.40000000 108.01500000
v -66.40900000 -31.21200000 142.00000000
v -66.40900000 -31.21200000 140.01500000
v -80.79100000 -50.38800000 140.01500000
v -80.79100000 -50.38800000 142.00000000
v -80.79100000 50.38800000 142.00000000
v -66.40900000 31.21200000 142.00000000
v -66.40900000 31.21200000 140.01500000
v -80.79100000 50.38800000 140.01500000
v -86.80000000 58.40000000 131.98500000
v -85.60900000 56.81200000 131.98500000
v -85.60900000 56.81200000 108.01500000
v -86.80000000 58.40000000 108.01500000
v -66.40900000 31.21200000 99.98500000
v -66.40900000 31.21200000 98.00000000
v -80.79100000 50.38800000 98.00000000
v -80.79100000 50.38800000 99.98500000
v -0.72759647 9.97349504 -7.00000000
v -1.99516795 9.79894407 -7.00000000
v -3.23007444 9.46396424 -7.00000000
v -4.41209796 8.97403987 -7.00000000
v -5.52188638 8.33719202 -7.00000000
v -6.54127017 7.56384721 -7.00000000
v 1.00000000 9.94987437 -8.00000000
v 0.72037035 9.97401787 -7.98029298
v 0.44545182 9.99006757 -7.92145533
v 0.18106208 9.99836160 -7.82453377
v -0.06668801 9.99976460 -7.69186860
v -0.29341136 9.99569214 -7.52541598
v -0.47353676 9.98878176 -7.35146059
v -0.61009207 9.98137423 -7.18364896
v 1.11111111 9.93807990 -8.00000000
v 8.88780375 4.58333333 -8.00000000
v 8.15851773 5.78261087 -8.00000000
v 7.26849873 6.86796376 -8.00000000
v 6.23528125 7.81800919 -8.00000000
v 5.07922095 8.61403010 -8.00000000
v 3.82309366 9.24034387 -8.00000000
v 2.49164666 9.68461135 -8.00000000
v 8.88780375 4.58333333 -11.30699019
v 8.43663204 5.36872795 -12.08435712
v 7.91624615 6.11007748 -12.98097978
v 7.33091533 6.80129991 -13.98950229
v 8.09714637 5.86823830 -15.32364650
v 8.51674103 5.24071772 -16.05423528
v 8.88780375 4.58333333 -16.70032132
v 8.88780375 4.58333333 -30.29967868
v 8.43663204 5.36872795 -31.08524869
v 7.91624615 6.11007748 -31.99133288
v 7.33091533 6.80129991 -33.01049771
v 8.09714637 5.86823830 -34.33071051
v 8.51674103 5.24071772 -35.05367033
v 8.88780375 4.58333333 -35.69300981
v 8.88780375 4.58333333 -39.00000000
v 8.88780375 -4.58333333 -39.00000000
v 8.11430396 -5.84449068 -39.00000000
v 7.16319667 -6.97772265 -39.00000000
v 6.05529993 -7.95822485 -39.00000000
v 4.81486357 -8.76453586 -39.00000000
v 3.46903854 -9.37900696 -39.00000000
v 2.04728250 -9.78818851 -39.00000000
v 0.58071513 -9.98312426 -39.00000000
v -0.89856304 -9.95954740 -39.00000000
v -2.35817328 -9.71797401 -39.00000000
v -3.76616737 -9.26369167 -39.00000000
v -5.09172683 -8.60664382 -39.00000000
v -6.30583757 -7.76121205 -39.00000000
v -7.38192490 -6.74590133 -39.00000000
v -8.29643519 -5.58293500 -39.00000000
v -9.02935146 -4.29776827 -39.00000000
v -9.56463151 -2.91853115 -39.00000000
v -9.89055901 -1.47541264 -39.00000000
v -10.00000000 0.00000000 -39.00000000
v -9.89055901 1.47541264 -39.00000000
v -9.56463151 2.91853115 -39.00000000
v -9.02935146 4.29776827 -39.00000000
v -8.29643519 5.58293500 -39.00000000
v -7.38192490 6.74590133 -39.00000000
v -6.30583757 7.76121205 -39.00000000
v -5.09172683 8.60664382 -39.00000000
v -3.76616737 9.26369167 -39.00000000
v -2.35817328 9.71797401 -39.00000000
v -0.89856304 9.95954740 -39.00000000
v 0.58071513 9.98312426 -39.00000000
v 2.04728250 9.78818851 -39.00000000
v 3.46903854 9.37900696 -39.00000000
v 4.81486357 8.76453586 -39.00000000
v 6.05529993 7.95822485 -39.00000000
v 7.16319667 6.97772265 -39.00000000
v 8.11430396 5.84449068 -39.00000000
v 8.88780375 -4.58333333 -35.94710946
v 8.62504994 -5.06018703 -35.64777429
v 8.38845375 -5.44344354 -35.31982407
v 8.18391224 -5.74661462 -34.96953912
v 8.01209503 -5.98365321 -34.59745614
v 7.87820138 -6.15900700 -34.21731936
v 7.79162163 -6.26829474 -33.87670074
v 7.73759334 -6.33501216 -33.55913849
v 7.70947126 -6.36912214 -33.27763613
v 7.70000000 -6.38043886 -33.00000000
v 7.71260773 -6.36534837 -32.67900207
v 7.74998213 -6.31983100 -32.35398032
v 7.81144999 -6.24351786 -32.03337292
v 7.89584817 -6.13633736 -31.72539694
v 7.99859163 -6.00168936 -31.43627575
v 8.11375658 -5.84518221 -31.17117845
v 8.23574970 -5.67204389 -30.93424228
v 8.36261055 -5.48309921 -30.72044894
v 8.53686593 -5.20751180 -30.46670571
v 8.71326696 -4.90686936 -30.24539706
v 8.88780375 -4.58333333 -30.05289054
v 8.88780375 -4.58333333 -16.94710946
v 8.62504994 -5.06018703 -16.64777429
v 8.38845375 -5.44344354 -16.31982407
v 8.18391224 -5.74661462 -15.96953912
v 8.01209503 -5.98365321 -15.59745614
v 7.87820138 -6.15900700 -15.21731936
v 7.79162163 -6.26829474 -14.87670074
v 7.73759334 -6.33501216 -14.55913849
v 7.70947126 -6.36912214 -14.27763613
v 7.70000000 -6.38043886 -14.00000000
v 7.71260773 -6.36534837 -13.67900207
v 7.74998213 -6.31983100 -13.35398032
v 7.81144999 -6.24351786 -13.03337292
v 7.89584817 -6.13633736 -12.72539694
v 7.99859163 -6.00168936 -12.43627575
v 8.11375658 -5.84518221 -12.17117845
v 8.23574970 -5.67204389 -11.93424228
v 8.36261055 -5.48309921 -11.72044894
v 8.53686593 -5.20751180 -11.46670571
v 8.71326696 -4.90686936 -11.24539706
v 8.88780375 -4.58333333 -11.05289054
v 8.88780375 -4.58333333 -8.00000000
v 1.11111111 -9.93807990 -8.00000000
v 2.49164666 -9.68461135 -8.00000000
v 3.82309366 -9.24034387 -8.00000000
v 5.07922095 -8.61403010 -8.00000000
v 6.23528125 -7.81800919 -8.00000000
v 7.26849873 -6.86796376 -8.00000000
v 8.15851773 -5.78261087 -8.00000000
v 1.00000000 -9.94987437 -8.00000000
v -0.72759649 -9.97349504 -6.99999998
v -0.58640601 -9.98278132 -7.21562555
v -0.41922844 -9.99121355 -7.40869961
v -0.28535466 -9.99593545 -7.53225385
v -0.13378953 -9.99902473 -7.64757474
v 0.02773102 -9.99981242 -7.74763716
v 0.19777875 -9.99790708 -7.83185305
v 0.37492544 -9.99291725 -7.89963436
v 0.55774286 -9.98445146 -7.95039304
v 0.74454331 -9.97223332 -7.98356348
v 0.87212888 -9.96188828 -7.99588722
v -6.54127017 -7.56384720 -7.00000000
v -5.52188639 -8.33719202 -7.00000000
v -4.41209797 -8.97403986 -7.00000000
v -3.23007445 -9.46396424 -7.00000000
v -1.99516797 -9.79894406 -7.00000000
v -0.82784999 9.97614972 -6.79568045
v -0.89732784 9.99869536 -6.60857312
v -0.94331491 10.03534415 -6.44273334
v -0.97483005 10.08663829 -6.28166269
v -0.99303077 10.15175677 -6.12762423
v -0.99912303 10.22958116 -5.98245287
v -0.99415422 10.31846090 -5.84664389
v -0.97895090 10.41699925 -5.72063854
v -0.95433722 10.52380566 -5.60488363
v -0.92113734 10.63748961 -5.49982597
v -0.88034697 10.75607468 -5.40599622
v -0.81575652 10.91884903 -5.29818417
v -0.75659635 11.05184590 -5.22531634
v -0.69171896 11.18608066 -5.16373742
v -0.56308243 11.41451660 -5.08342249
v -0.35431602 11.76129916 -5.01366175
v -0.20672784 11.99821918 -5.00000000
v -7.76508477 9.14895942 -5.00000000
v -6.43973124 10.12570302 -5.00000000
v -4.99315915 10.91184502 -5.00000000
v -3.45259812 11.49258745 -5.00000000
v -1.84704696 11.85699867 -5.00000000
v -1.01511525 11.72276581 -5.01366148
v -0.98663730 11.39389648 -5.08101405
v -0.96687377 11.16566303 -5.16373742
v -0.94460364 10.90848282 -5.29822463
v -0.92225728 10.65042237 -5.48850085
v -2.28178079 11.20659657 -5.08101405
v -2.23607397 10.98211496 -5.16373742
v -2.18457018 10.72916244 -5.29822463
v -3.38545513 11.26909006 -5.01366148
v -2.13289011 10.47534414 -5.48850085
v -3.29047990 10.95294811 -5.08101405
v -2.09263207 10.27762332 -5.69027853
v -3.22456763 10.73354738 -5.16373742
v -2.05851312 10.11005362 -5.91871837
v -3.15029574 10.48632015 -5.29822463
v -2.03512589 9.99519101 -6.12765559
v -3.07576963 10.23824674 -5.48850085
v -2.01133161 9.87832929 -6.43653489
v -3.01771486 10.04500110 -5.69027853
v -4.89605673 10.69964138 -5.01366148
v -1.99922954 9.81889189 -6.71537032
v -2.96851306 9.88122415 -5.91871837
v -4.75870323 10.39947469 -5.08101405
v -2.93478711 9.76896133 -6.12765559
v -4.66338068 10.19116070 -5.16373742
v -2.90047418 9.65474463 -6.43653489
v -4.55596841 9.95642634 -5.29822463
v -2.88302218 9.59665253 -6.71537032
v -4.44818850 9.72088855 -5.48850085
v -4.36422950 9.53740798 -5.69027853
v -6.31449720 9.92878755 -5.01366148
v -4.29307369 9.38190699 -5.91871837
v -6.13735091 9.65024632 -5.08101405
v -4.24429911 9.27531703 -6.12765559
v -6.01441239 9.45694027 -5.16373742
v -4.19467563 9.16687192 -6.43653489
v -5.87588163 9.23911731 -5.29822463
v -4.16943648 9.11171532 -6.71537032
v -5.73687672 9.02054880 -5.48850085
v -5.62859388 8.85028706 -5.69027853
v -7.61407646 8.97103878 -5.01366148
v -5.53682346 8.70598911 -5.91871837
v -7.40047191 8.71936613 -5.08101405
v -5.47391836 8.60707840 -6.12765559
v -7.25223155 8.54470674 -5.16373742
v -5.40991842 8.50644620 -6.43653489
v -7.08518994 8.34789537 -5.29822463
v -5.37736723 8.45526336 -6.71537032
v -6.91757659 8.15041037 -5.48850085
v -6.78700819 7.99657239 -5.69027853
v -6.67635061 7.86619368 -5.91871837
v -6.60049908 7.77682408 -6.12765559
v -6.52332739 7.68589904 -6.43653489
v -6.48407687 7.63965339 -6.71537032
v -36.59060367 -13.49547046 -5.00000000
v -34.22395299 -18.70082997 -5.00000000
v -31.12159300 -23.50417939 -5.00000000
v -27.35021487 -27.80226154 -5.00000000
v -22.99089157 -31.50268091 -5.00000000
v -18.13733510 -34.52588993 -5.00000000
v -12.89388194 -36.80689893 -5.00000000
v -7.37325013 -38.29667326 -5.00000000
v -1.69411621 -38.96318737 -5.00000000
v 4.02143598 -38.79211328 -5.00000000
v 9.65053971 -37.78712854 -5.00000000
v 15.07218664 -35.96983722 -5.00000000
v 20.16982810 -33.37930548 -5.00000000
v 24.83388054 -30.07122175 -5.00000000
v 28.96408123 -26.11669961 -5.00000000
v 32.47164362 -21.60074907 -5.00000000
v 35.28116595 -16.62044914 -5.00000000
v 37.33225215 -11.28286087 -5.00000000
v 38.58081022 -5.70272593 -5.00000000
v 39.00000000 -0.00000000 -5.00000000
v 38.58081022 5.70272593 -5.00000000
v 37.33225215 11.28286087 -5.00000000
v 35.28116595 16.62044914 -5.00000000
v 32.47164362 21.60074907 -5.00000000
v 28.96408123 26.11669961 -5.00000000
v 24.83388054 30.07122175 -5.00000000
v 20.16982810 33.37930548 -5.00000000
v 15.07218664 35.96983722 -5.00000000
v 9.65053971 37.78712854 -5.00000000
v 4.02143598 38.79211328 -5.00000000
v -1.69411621 38.96318737 -5.00000000
v -7.37325013 38.29667326 -5.00000000
v -12.89388194 36.80689893 -5.00000000
v -18.13733510 34.52588993 -5.00000000
v -22.99089157 31.50268091 -5.00000000
v -27.35021487 27.80226154 -5.00000000
v -31.12159300 23.50417939 -5.00000000
v -34.22395299 18.70082997 -5.00000000
v -36.59060367 13.49547046 -5.00000000
v 1.00000000 10.31024223 -5.00000000
v 1.00000000 3.82132176 -5.00000000
v 0.43287940 3.92620878 -5.00000000
v -0.14346968 3.94739363 -5.00000000
v -0.71676015 3.88442465 -5.00000000
v -1.27477013 3.73864429 -5.00000000
v -1.80560351 3.51316040 -5.00000000
v -2.29794353 3.21278003 -5.00000000
v -2.74129408 2.84390695 -5.00000000
v -3.12620345 2.41440510 -5.00000000
v -3.44446581 1.93343096 -5.00000000
v -3.68929619 1.41123833 -5.00000000
v -3.85547509 0.85895975 -5.00000000
v -3.93945976 0.28836915 -5.00000000
v -3.93945976 -0.28836915 -5.00000000
v -3.85547509 -0.85895975 -5.00000000
v -3.68929619 -1.41123833 -5.00000000
v -3.44446581 -1.93343096 -5.00000000
v -3.12620345 -2.41440510 -5.00000000
v -2.74129408 -2.84390695 -5.00000000
v -2.29794353 -3.21278003 -5.00000000
v -1.80560351 -3.51316040 -5.00000000
v -1.27477013 -3.73864429 -5.00000000
v -0.71676015 -3.88442465 -5.00000000
v -0.14346968 -3.94739363 -5.00000000
v 0.43287940 -3.92620878 -5.00000000
v 1.00000000 -3.82132176 -5.00000000
v 1.00000000 -10.31024223 -5.00000000
v -0.20672784 -11.99821918 -5.00000000
v -1.84704696 -11.85699867 -5.00000000
v -3.45259812 -11.49258745 -5.00000000
v -4.99315915 -10.91184502 -5.00000000
v -6.43973124 -10.12570302 -5.00000000
v -7.76508477 -9.14895942 -5.00000000
v -23.40000000 0.00000000 -2.00000000
v -23.41787068 0.23846763 -2.00000000
v -23.47108351 0.47160828 -2.00000000
v -23.55844981 0.69421398 -2.00000000
v -23.67801796 0.90131209 -2.00000000
v -23.82711701 1.08827638 -2.00000000
v -24.00241632 1.25093037 -2.00000000
v -24.20000000 1.38564065 -2.00000000
v -24.41545436 1.48939800 -2.00000000
v -24.64396651 1.55988466 -2.00000000
v -24.88043185 1.59552608 -2.00000000
v -25.11956815 1.59552608 -2.00000000
v -25.35603349 1.55988466 -2.00000000
v -25.58454564 1.48939800 -2.00000000
v -25.80000000 1.38564065 -2.00000000
v -25.99758368 1.25093037 -2.00000000
v -26.17288299 1.08827638 -2.00000000
v -26.32198204 0.90131209 -2.00000000
v -26.44155019 0.69421398 -2.00000000
v -26.52891649 0.47160828 -2.00000000
v -26.58212932 0.23846763 -2.00000000
v -26.60000000 0.00000000 -2.00000000
v -26.58212932 -0.23846763 -2.00000000
v -26.52891649 -0.47160828 -2.00000000
v -26.44155019 -0.69421398 -2.00000000
v -26.32198204 -0.90131209 -2.00000000
v -26.17288299 -1.08827638 -2.00000000
v -25.99758368 -1.25093037 -2.00000000
v -25.80000000 -1.38564065 -2.00000000
v -25.58454564 -1.48939800 -2.00000000
v -25.35603349 -1.55988466 -2.00000000
v -25.11956815 -1.59552608 -2.00000000
v -24.88043185 -1.59552608 -2.00000000
v -24.64396651 -1.55988466 -2.00000000
v -24.41545436 -1.48939800 -2.00000000
v -24.20000000 -1.38564065 -2.00000000
v -24.00241632 -1.25093037 -2.00000000
v -23.82711701 -1.08827638 -2.00000000
v -23.67801796 -0.90131209 -2.00000000
v -23.55844981 -0.69421398 -2.00000000
v -23.47108351 -0.47160828 -2.00000000
v -23.41787068 -0.23846763 -2.00000000
v -13.40000000 0.00000000 -2.00000000
v -13.41787068 0.23846763 -2.00000000
v -13.47108351 0.47160828 -2.00000000
v -13.55844981 0.69421398 -2.00000000
v -13.67801796 0.90131209 -2.00000000
v -13.82711701 1.08827638 -2.00000000
v -14.00241632 1.25093037 -2.00000000
v -14.20000000 1.38564065 -2.00000000
v -14.41545436 1.48939800 -2.00000000
v -14.64396651 1.55988466 -2.00000000
v -14.88043185 1.59552608 -2.00000000
v -15.11956815 1.59552608 -2.00000000
v -15.35603349 1.55988466 -2.00000000
v -15.58454564 1.48939800 -2.00000000
v -15.80000000 1.38564065 -2.00000000
v -15.99758368 1.25093037 -2.00000000
v -16.17288299 1.08827638 -2.00000000
v -16.32198204 0.90131209 -2.00000000
v -16.44155019 0.69421398 -2.00000000
v -16.52891649 0.47160828 -2.00000000
v -16.58212932 0.23846763 -2.00000000
v -16.60000000 0.00000000 -2.00000000
v -16.58212932 -0.23846763 -2.00000000
v -16.52891649 -0.47160828 -2.00000000
v -16.44155019 -0.69421398 -2.00000000
v -16.32198204 -0.90131209 -2.00000000
v -16.17288299 -1.08827638 -2.00000000
v -15.99758368 -1.25093037 -2.00000000
v -15.80000000 -1.38564065 -2.00000000
v -15.58454564 -1.48939800 -2.00000000
v -15.35603349 -1.55988466 -2.00000000
v -15.11956815 -1.59552608 -2.00000000
v -14.88043185 -1.59552608 -2.00000000
v -14.64396651 -1.55988466 -2.00000000
v -14.41545436 -1.48939800 -2.00000000
v -14.20000000 -1.38564065 -2.00000000
v -14.00241632 -1.25093037 -2.00000000
v -13.82711701 -1.08827638 -2.00000000
v -13.67801796 -0.90131209 -2.00000000
v -13.55844981 -0.69421398 -2.00000000
v -13.47108351 -0.47160828 -2.00000000
v -13.41787068 -0.23846763 -2.00000000
v -21.75000000 0.00000000 0.00000000
v -21.75000000 0.00000000 -2.00000000
v -21.78629981 -0.48438737 -2.00000000
v -21.89438838 -0.95795432 -2.00000000
v -22.07185118 -1.41012215 -2.00000000
v -22.31472398 -1.83079019 -2.00000000
v -22.61758142 -2.21056140 -2.00000000
v -22.97365814 -2.54095232 -2.00000000
v -23.37500000 -2.81458256 -2.00000000
v -23.81264167 -3.02533968 -2.00000000
v -24.27680696 -3.16851571 -2.00000000
v -24.75712720 -3.24091234 -2.00000000
v -25.24287280 -3.24091234 -2.00000000
v -25.72319304 -3.16851571 -2.00000000
v -26.18735833 -3.02533968 -2.00000000
v -26.62500000 -2.81458256 -2.00000000
v -27.02634186 -2.54095232 -2.00000000
v -27.38241858 -2.21056140 -2.00000000
v -27.68527602 -1.83079019 -2.00000000
v -27.92814882 -1.41012215 -2.00000000
v -28.10561162 -0.95795432 -2.00000000
v -28.21370019 -0.48438737 -2.00000000
v -28.25000000 -0.00000000 -2.00000000
v -28.21370019 0.48438737 -2.00000000
v -28.10561162 0.95795432 -2.00000000
v -27.92814882 1.41012215 -2.00000000
v -27.68527602 1.83079019 -2.00000000
v -27.38241858 2.21056140 -2.00000000
v -27.02634186 2.54095232 -2.00000000
v -26.62500000 2.81458256 -2.00000000
v -26.18735833 3.02533968 -2.00000000
v -25.72319304 3.16851571 -2.00000000
v -25.24287280 3.24091234 -2.00000000
v -24.75712720 3.24091234 -2.00000000
v -24.27680696 3.16851571 -2.00000000
v -23.81264167 3.02533968 -2.00000000
v -23.37500000 2.81458256 -2.00000000
v -22.97365814 2.54095232 -2.00000000
v -22.61758142 2.21056140 -2.00000000
v -22.31472398 1.83079019 -2.00000000
v -22.07185118 1.41012215 -2.00000000
v -21.89438838 0.95795432 -2.00000000
v -21.78629981 0.48438737 -2.00000000
v -21.78629981 -0.48438737 0.00000000
v -21.89438838 -0.95795432 0.00000000
v -22.07185118 -1.41012215 0.00000000
v -22.31472398 -1.83079019 0.00000000
v -22.61758142 -2.21056140 0.00000000
v -22.97365814 -2.54095232 0.00000000
v -23.37500000 -2.81458256 0.00000000
v -23.81264167 -3.02533968 0.00000000
v -24.27680696 -3.16851571 0.00000000
v -24.75712720 -3.24091234 0.00000000
v -25.24287280 -3.24091234 0.00000000
v -25.72319304 -3.16851571 0.00000000
v -26.18735833 -3.02533968 0.00000000
v -26.62500000 -2.81458256 0.00000000
v -27.02634186 -2.54095232 0.00000000
v -27.38241858 -2.21056140 0.00000000
v -27.68527602 -1.83079019 0.00000000
v -27.92814882 -1.41012215 0.00000000
v -28.10561162 -0.95795432 0.00000000
v -28.21370019 -0.48438737 0.00000000
v -28.25000000 -0.00000000 0.00000000
v -28.21370019 0.48438737 0.00000000
v -28.10561162 0.95795432 0.00000000
v -27.92814882 1.41012215 0.00000000
v -27.68527602 1.83079019 0.00000000
v -27.38241858 2.21056140 0.00000000
v -27.02634186 2.54095232 0.00000000
v -26.62500000 2.81458256 0.00000000
v -26.18735833 3.02533968 0.00000000
v -25.72319304 3.16851571 0.00000000
v -25.24287280 3.24091234 0.00000000
v -24.75712720 3.24091234 0.00000000
v -24.27680696 3.16851571 0.00000000
v -23.81264167 3.02533968 0.00000000
v -23.37500000 2.81458256 0.00000000
v -22.97365814 2.54095232 0.00000000
v -22.61758142 2.21056140 0.00000000
v -22.31472398 1.83079019 0.00000000
v -22.07185118 1.41012215 0.00000000
v -21.89438838 0.95795432 0.00000000
v -21.78629981 0.48438737 0.00000000
v -11.75000000 0.00000000 0.00000000
v -11.75000000 0.00000000 -2.00000000
v -11.78629981 -0.48438737 -2.00000000
v -11.89438838 -0.95795432 -2.00000000
v -12.07185118 -1.41012215 -2.00000000
v -12.31472398 -1.83079019 -2.00000000
v -12.61758142 -2.21056140 -2.00000000
v -12.97365814 -2.54095232 -2.00000000
v -13.37500000 -2.81458256 -2.00000000
v -13.81264167 -3.02533968 -2.00000000
v -14.27680696 -3.16851571 -2.00000000
v -14.75712720 -3.24091234 -2.00000000
v -15.24287280 -3.24091234 -2.00000000
v -15.72319304 -3.16851571 -2.00000000
v -16.18735833 -3.02533968 -2.00000000
v -16.62500000 -2.81458256 -2.00000000
v -17.02634186 -2.54095232 -2.00000000
v -17.38241858 -2.21056140 -2.00000000
v -17.68527602 -1.83079019 -2.00000000
v -17.92814882 -1.41012215 -2.00000000
v -18.10561162 -0.95795432 -2.00000000
v -18.21370019 -0.48438737 -2.00000000
v -18.25000000 -0.00000000 -2.00000000
v -18.21370019 0.48438737 -2.00000000
v -18.10561162 0.95795432 -2.00000000
v -17.92814882 1.41012215 -2.00000000
v -17.68527602 1.83079019 -2.00000000
v -17.38241858 2.21056140 -2.00000000
v -17.02634186 2.54095232 -2.00000000
v -16.62500000 2.81458256 -2.00000000
v -16.18735833 3.02533968 -2.00000000
v -15.72319304 3.16851571 -2.00000000
v -15.24287280 3.24091234 -2.00000000
v -14.75712720 3.24091234 -2.00000000
v -14.27680696 3.16851571 -2.00000000
v -13.81264167 3.02533968 -2.00000000
v -13.37500000 2.81458256 -2.00000000
v -12.97365814 2.54095232 -2.00000000
v -12.61758142 2.21056140 -2.00000000
v -12.31472398 1.83079019 -2.00000000
v -12.07185118 1.41012215 -2.00000000
v -11.89438838 0.95795432 -2.00000000
v -11.78629981 0.48438737 -2.00000000
v -11.78629981 -0.48438737 0.00000000
v -11.89438838 -0.95795432 0.00000000
v -12.07185118 -1.41012215 0.00000000
v -12.31472398 -1.83079019 0.00000000
v -12.61758142 -2.21056140 0.00000000
v -12.97365814 -2.54095232 0.00000000
v -13.37500000 -2.81458256 0.00000000
v -13.81264167 -3.02533968 0.00000000
v -14.27680696 -3.16851571 0.00000000
v -14.75712720 -3.24091234 0.00000000
v -15.24287280 -3.24091234 0.00000000
v -15.72319304 -3.16851571 0.00000000
v -16.18735833 -3.02533968 0.00000000
v -16.62500000 -2.81458256 0.00000000
v -17.02634186 -2.54095232 0.00000000
v -17.38241858 -2.21056140 0.00000000
v -17.68527602 -1.83079019 0.00000000
v -17.92814882 -1.41012215 0.00000000
v -18.10561162 -0.95795432 0.00000000
v -18.21370019 -0.48438737 0.00000000
v -18.25000000 -0.00000000 0.00000000
v -18.21370019 0.48438737 0.00000000
v -18.10561162 0.95795432 0.00000000
v -17.92814882 1.41012215 0.00000000
v -17.68527602 1.83079019 0.00000000
v -17.38241858 2.21056140 0.00000000
v -17.02634186 2.54095232 0.00000000
v -16.62500000 2.81458256 0.00000000
v -16.18735833 3.02533968 0.00000000
v -15.72319304 3.16851571 0.00000000
v -15.24287280 3.24091234 0.00000000
v -14.75712720 3.24091234 0.00000000
v -14.27680696 3.16851571 0.00000000
v -13.81264167 3.02533968 0.00000000
v -13.37500000 2.81458256 0.00000000
v -12.97365814 2.54095232 0.00000000
v -12.61758142 2.21056140 0.00000000
v -12.31472398 1.83079019 0.00000000
v -12.07185118 1.41012215 0.00000000
v -11.89438838 0.95795432 0.00000000
v -11.78629981 0.48438737 0.00000000
v -39.00000000 0.00000000 0.00000000
v -38.56440222 5.81264838 0.00000000
v -37.26733943 11.49545180 0.00000000
v -35.13778585 16.92146583 0.00000000
v -32.22331220 21.96948226 0.00000000
v -28.58902300 26.52673677 0.00000000
v -24.31610227 30.49142782 0.00000000
v -19.50000000 33.77499075 0.00000000
v -14.24829995 36.30407620 0.00000000
v -8.67831642 38.02218858 0.00000000
v -2.91447365 38.89094809 0.00000000
v 2.91447365 38.89094809 0.00000000
v 8.67831642 38.02218858 0.00000000
v 14.24829995 36.30407620 0.00000000
v 19.50000000 33.77499075 0.00000000
v 24.31610227 30.49142782 0.00000000
v 28.58902300 26.52673677 0.00000000
v 32.22331220 21.96948226 0.00000000
v 35.13778585 16.92146583 0.00000000
v 37.26733943 11.49545180 0.00000000
v 38.56440222 5.81264838 0.00000000
v 39.00000000 0.00000000 0.00000000
v 38.56440222 -5.81264838 0.00000000
v 37.26733943 -11.49545180 0.00000000
v 35.13778585 -16.92146583 0.00000000
v 32.22331220 -21.96948226 0.00000000
v 28.58902300 -26.52673677 0.00000000
v 24.31610227 -30.49142782 0.00000000
v 19.50000000 -33.77499075 0.00000000
v 14.24829995 -36.30407620 0.00000000
v 8.67831642 -38.02218858 0.00000000
v 2.91447365 -38.89094809 0.00000000
v -2.91447365 -38.89094809 0.00000000
v -8.67831642 -38.02218858 0.00000000
v -14.24829995 -36.30407620 0.00000000
v -19.50000000 -33.77499075 0.00000000
v -24.31610227 -30.49142782 0.00000000
v -28.58902300 -26.52673677 0.00000000
v -32.22331220 -21.96948226 0.00000000
v -35.13778585 -16.92146583 0.00000000
v -37.26733943 -11.49545180 0.00000000
v -38.56440222 -5.81264838 0.00000000
v -0.35428031 -11.76096082 -5.01370138
v -0.56333007 -11.41379946 -5.08363282
v -0.69211265 -11.18529552 -5.16406535
v 0.87125437 -10.16794075 -5.00832235
v -0.14796787 -10.88676895 -5.09801216
v -0.02771595 -11.08554024 -5.03825828
v 0.10865716 -11.30115850 -5.00485153
v 0.36681977 -10.53321130 -5.05375081
v 0.44881968 -10.65587356 -5.02348630
v 0.54041531 -10.78992747 -5.00433702
v 0.87184069 10.16857345 -5.00824641
v 0.35682561 10.51770877 -5.05818379
v 0.40388682 10.58759357 -5.04239918
v 0.49373629 10.71929132 -5.01801822
v -0.16209817 10.86237636 -5.10761012
v -0.09424644 10.97428775 -5.07394189
v 0.03770774 11.18487742 -5.02773800
v 0.68138337 9.96924745 -5.05207764
v 0.51016892 9.79736751 -5.12817833
v 0.37550597 9.66422767 -5.21897607
v 0.26335100 9.55164807 -5.32404553
v 0.16535255 9.44784841 -5.44948000
v 0.09305245 9.36280477 -5.57860177
v 0.04402988 9.29372117 -5.70681570
v 0.01271459 9.23212862 -5.84355784
v 0.00036865 9.17825726 -5.98523619
v 0.00822805 9.13233424 -6.12825533
v 0.02452206 9.10681693 -6.22003950
v 0.04870530 9.08478572 -6.30828297
v -0.46089666 10.34451685 -5.38254271
v -0.00330037 10.04329883 -5.27225763
v -0.63573388 9.89087542 -5.93873179
v -0.27686076 9.61969906 -5.77095201
v -0.54589380 9.69194174 -6.58691287
v -0.26686294 9.40818081 -6.37128336
v 0.90000126 8.95489943 -6.99498756
v 0.09342810 9.05972416 -6.42197009
v 0.14940788 9.03986092 -6.52576185
v 0.21438001 9.02429545 -6.61867567
v 0.28545382 9.01211020 -6.69960243
v 0.36007400 9.00248488 -6.76855819
v 0.43694797 8.99469035 -6.82649647
v 0.51479089 8.98799790 -6.87437485
v 0.59240041 8.98174040 -6.91315774
v 0.66945873 8.97559629 -6.94380783
v 0.77168701 8.96701119 -6.97358702
v 0.83560749 8.96118384 -6.98640837
v -0.19157217 9.66907661 -7.16228846
v 0.01456778 9.34606386 -6.89444813
v 0.32861659 9.66023016 -7.52460847
v 0.43675397 9.32288908 -7.20750428
v 1.00000000 8.94427191 -7.00000000
v 2.24248199 8.71615021 -7.00000000
v 3.44078429 8.31630948 -7.00000000
v 4.57129885 7.75262709 -7.00000000
v 5.61175312 7.03620827 -7.00000000
v 6.54164886 6.18116738 -7.00000000
v 7.34266596 5.20434978 -7.00000000
v 7.99902338 4.12500000 -7.00000000
v 8.21150744 3.77414210 -7.00000000
v 8.46986520 3.45554829 -7.00000000
v 8.76926677 3.17517454 -7.00000000
v 9.10411500 2.93826231 -7.00000000
v 9.46815005 2.74924055 -7.00000000
v 9.85456646 2.61164293 -7.00000000
v 10.25614036 2.52804179 -7.00000000
v 10.66536450 2.50000000 -7.00000000
v 10.66536450 3.50000000 -8.00000000
v 10.39254841 3.51869453 -8.00000000
v 10.12483248 3.57442862 -8.00000000
v 9.86722154 3.66616037 -8.00000000
v 9.62453150 3.79217487 -8.00000000
v 9.40129935 3.95011636 -8.00000000
v 9.20169830 4.13703219 -8.00000000
v 9.02945979 4.34942806 -8.00000000
v 8.83578175 3.79629024 -7.50000000
v 9.36432325 3.36521859 -7.50000000
v 9.98969947 3.09303578 -7.50000000
v 11.95000000 2.50000000 -7.00000000
v 11.95000000 3.50000000 -8.00000000
v 18.95000000 2.50000000 -14.00000000
v 17.95000000 3.50000000 -14.00000000
v 17.88892865 3.50000000 -13.14611097
v 17.70695784 3.50000000 -12.30960466
v 17.40779197 3.50000000 -11.50750992
v 16.99752120 3.50000000 -10.75615510
v 16.48449745 3.50000000 -10.07083560
v 15.87916440 3.50000000 -9.46550255
v 15.19384490 3.50000000 -8.95247880
v 14.44249008 3.50000000 -8.54220803
v 13.64039534 3.50000000 -8.24304216
v 12.80388903 3.50000000 -8.06107135
v 12.94620387 2.50000000 -7.07124991
v 13.92212790 2.50000000 -7.28354918
v 14.85790509 2.50000000 -7.63257603
v 15.73448572 2.50000000 -8.11122527
v 16.53402514 2.50000000 -8.70975298
v 17.24024702 2.50000000 -9.41597486
v 17.83877473 2.50000000 -10.21551428
v 18.31742397 2.50000000 -11.09209491
v 18.66645082 2.50000000 -12.02787210
v 18.87875009 2.50000000 -13.00379613
v 18.95000000 2.50000000 -33.00000000
v 17.95000000 3.50000000 -33.00000000
v 11.95000000 2.50000000 -40.00000000
v 11.95000000 3.50000000 -39.00000000
v 12.80388903 3.50000000 -38.93892865
v 13.64039534 3.50000000 -38.75695784
v 14.44249008 3.50000000 -38.45779197
v 15.19384490 3.50000000 -38.04752120
v 15.87916440 3.50000000 -37.53449745
v 16.48449745 3.50000000 -36.92916440
v 16.99752120 3.50000000 -36.24384490
v 17.40779197 3.50000000 -35.49249008
v 17.70695784 3.50000000 -34.69039534
v 17.88892865 3.50000000 -33.85388903
v 18.87875009 2.50000000 -33.99620387
v 18.66645082 2.50000000 -34.97212790
v 18.31742397 2.50000000 -35.90790509
v 17.83877473 2.50000000 -36.78448572
v 17.24024702 2.50000000 -37.58402514
v 16.53402514 2.50000000 -38.29024702
v 15.73448572 2.50000000 -38.88877473
v 14.85790509 2.50000000 -39.36742397
v 13.92212790 2.50000000 -39.71645082
v 12.94620387 2.50000000 -39.92875009
v 10.66536450 2.50000000 -40.00000000
v 10.66536450 3.50000000 -39.00000000
v 10.25614036 2.52804179 -40.00000000
v 9.85456646 2.61164293 -40.00000000
v 9.46815005 2.74924055 -40.00000000
v 9.10411500 2.93826231 -40.00000000
v 8.76926677 3.17517454 -40.00000000
v 8.46986520 3.45554829 -40.00000000
v 8.21150744 3.77414210 -40.00000000
v 7.99902338 4.12500000 -40.00000000
v 9.02945979 4.34942806 -39.00000000
v 9.20169830 4.13703219 -39.00000000
v 9.40129935 3.95011636 -39.00000000
v 9.62453150 3.79217487 -39.00000000
v 9.86722154 3.66616037 -39.00000000
v 10.12483248 3.57442862 -39.00000000
v 10.39254841 3.51869453 -39.00000000
v 9.98969947 3.09303578 -39.50000000
v 9.36432325 3.36521859 -39.50000000
v 8.83578175 3.79629024 -39.50000000
v 7.99902338 -4.12500000 -40.00000000
v 7.30287356 5.26004161 -40.00000000
v 6.44687701 6.27995039 -40.00000000
v 5.44976993 7.16240237 -40.00000000
v 4.33337722 7.88808227 -40.00000000
v 3.12213468 8.44110627 -40.00000000
v 1.84255425 8.80936966 -40.00000000
v 0.52264362 8.98481183 -40.00000000
v -0.80870673 8.96359266 -40.00000000
v -2.12235595 8.74617660 -40.00000000
v -3.38955063 8.33732250 -40.00000000
v -4.58255415 7.74597944 -40.00000000
v -5.67525382 6.98509084 -40.00000000
v -6.64373241 6.07131120 -40.00000000
v -7.46679167 5.02464150 -40.00000000
v -8.12641632 3.86799145 -40.00000000
v -8.60816836 2.62667803 -40.00000000
v -8.90150311 1.32787137 -40.00000000
v -9.00000000 -0.00000000 -40.00000000
v -8.90150311 -1.32787137 -40.00000000
v -8.60816836 -2.62667803 -40.00000000
v -8.12641632 -3.86799145 -40.00000000
v -7.46679167 -5.02464150 -40.00000000
v -6.64373241 -6.07131120 -40.00000000
v -5.67525382 -6.98509084 -40.00000000
v -4.58255415 -7.74597944 -40.00000000
v -3.38955063 -8.33732250 -40.00000000
v -2.12235595 -8.74617660 -40.00000000
v -0.80870673 -8.96359266 -40.00000000
v 0.52264362 -8.98481183 -40.00000000
v 1.84255425 -8.80936966 -40.00000000
v 3.12213468 -8.44110627 -40.00000000
v 4.33337722 -7.88808227 -40.00000000
v 5.44976993 -7.16240237 -40.00000000
v 6.44687701 -6.27995039 -40.00000000
v 7.30287356 -5.26004161 -40.00000000
v 8.21150744 -3.77414210 -40.00000000
v 8.46986520 -3.45554829 -40.00000000
v 8.76926677 -3.17517454 -40.00000000
v 9.10411500 -2.93826231 -40.00000000
v 9.46815005 -2.74924055 -40.00000000
v 9.85456646 -2.61164293 -40.00000000
v 10.25614036 -2.52804179 -40.00000000
v 10.66536450 -2.50000000 -40.00000000
v 10.66536450 -3.50000000 -39.00000000
v 10.39254841 -3.51869453 -39.00000000
v 10.12483248 -3.57442862 -39.00000000
v 9.86722154 -3.66616037 -39.00000000
v 9.62453150 -3.79217487 -39.00000000
v 9.40129935 -3.95011636 -39.00000000
v 9.20169830 -4.13703219 -39.00000000
v 9.02945979 -4.34942806 -39.00000000
v 8.83578175 -3.79629024 -39.50000000
v 9.36432325 -3.36521859 -39.50000000
v 9.98969947 -3.09303578 -39.50000000
v 11.95000000 -2.50000000 -40.00000000
v 11.95000000 -3.50000000 -39.00000000
v 18.95000000 -2.50000000 -33.00000000
v 17.95000000 -3.50000000 -33.00000000
v 17.88892865 -3.50000000 -33.85388903
v 17.70695784 -3.50000000 -34.69039534
v 17.40779197 -3.50000000 -35.49249008
v 16.99752120 -3.50000000 -36.24384490
v 16.48449745 -3.50000000 -36.92916440
v 15.87916440 -3.50000000 -37.53449745
v 15.19384490 -3.50000000 -38.04752120
v 14.44249008 -3.50000000 -38.45779197
v 13.64039534 -3.50000000 -38.75695784
v 12.80388903 -3.50000000 -38.93892865
v 12.94620387 -2.50000000 -39.92875009
v 13.92212790 -2.50000000 -39.71645082
v 14.85790509 -2.50000000 -39.36742397
v 15.73448572 -2.50000000 -38.88877473
v 16.53402514 -2.50000000 -38.29024702
v 17.24024702 -2.50000000 -37.58402514
v 17.83877473 -2.50000000 -36.78448572
v 18.31742397 -2.50000000 -35.90790509
v 18.66645082 -2.50000000 -34.97212790
v 18.87875009 -2.50000000 -33.99620387
v 18.95000000 -2.50000000 -14.00000000
v 17.95000000 -3.50000000 -14.00000000
v 11.95000000 -2.50000000 -7.00000000
v 11.95000000 -3.50000000 -8.00000000
v 12.80388903 -3.50000000 -8.06107135
v 13.64039534 -3.50000000 -8.24304216
v 14.44249008 -3.50000000 -8.54220803
v 15.19384490 -3.50000000 -8.95247880
v 15.87916440 -3.50000000 -9.46550255
v 16.48449745 -3.50000000 -10.07083560
v 16.99752120 -3.50000000 -10.75615510
v 17.40779197 -3.50000000 -11.50750992
v 17.70695784 -3.50000000 -12.30960466
v 17.88892865 -3.50000000 -13.14611097
v 18.87875009 -2.50000000 -13.00379613
v 18.66645082 -2.50000000 -12.02787210
v 18.31742397 -2.50000000 -11.09209491
v 17.83877473 -2.50000000 -10.21551428
v 17.24024702 -2.50000000 -9.41597486
v 16.53402514 -2.50000000 -8.70975298
v 15.73448572 -2.50000000 -8.11122527
v 14.85790509 -2.50000000 -7.63257603
v 13.92212790 -2.50000000 -7.28354918
v 12.94620387 -2.50000000 -7.07124991
v 10.66536450 -2.50000000 -7.00000000
v 10.66536450 -3.50000000 -8.00000000
v 10.25614036 -2.52804179 -7.00000000
v 9.85456646 -2.61164293 -7.00000000
v 9.46815005 -2.74924055 -7.00000000
v 9.10411500 -2.93826231 -7.00000000
v 8.76926677 -3.17517454 -7.00000000
v 8.46986520 -3.45554829 -7.00000000
v 8.21150744 -3.77414210 -7.00000000
v 7.99902338 -4.12500000 -7.00000000
v 9.02945979 -4.34942806 -8.00000000
v 9.20169830 -4.13703219 -8.00000000
v 9.40129935 -3.95011636 -8.00000000
v 9.62453150 -3.79217487 -8.00000000
v 9.86722154 -3.66616037 -8.00000000
v 10.12483248 -3.57442862 -8.00000000
v 10.39254841 -3.51869453 -8.00000000
v 9.98969947 -3.09303578 -7.50000000
v 9.36432325 -3.36521859 -7.50000000
v 8.83578175 -3.79629024 -7.50000000
v 1.00000000 -8.94427191 -7.00000000
v 7.34266596 -5.20434978 -7.00000000
v 6.54164886 -6.18116738 -7.00000000
v 5.61175312 -7.03620827 -7.00000000
v 4.57129885 -7.75262709 -7.00000000
v 3.44078429 -8.31630948 -7.00000000
v 2.24248199 -8.71615021 -7.00000000
v 1.03828583 9.61074419 -7.66648178
v 1.00248328 9.61454542 -7.66592560
v 0.96791496 9.28301000 -7.33185120
v 1.00248286 9.27933905 -7.33296356
v 0.90000126 -8.95489943 -6.99498756
v 1.00248328 -9.61454542 -7.66592560
v 1.03828583 -9.61074419 -7.66648178
v 1.00248286 -9.27933905 -7.33296356
v 0.96791496 -9.28301000 -7.33185120
v -0.80729244 -10.93866809 -5.28662936
v -0.88752394 -10.73646847 -5.42018468
v -0.94672939 -10.55188967 -5.57716164
v -0.98157059 -10.40318690 -5.73705755
v -0.99761594 -10.28015563 -5.90202863
v -0.99589307 -10.17147975 -6.08747001
v -0.97633629 -10.09001901 -6.27150199
v -0.94214915 -10.03382343 -6.44742422
v -0.89088797 -9.99543380 -6.62832094
v -0.82132125 -9.97520579 -6.81088917
v -0.77702453 -9.97196459 -6.90635293
v 0.04870529 -9.08478572 -6.30828296
v 0.01475677 -9.12004036 -6.17117720
v 0.00064993 -9.16330732 -6.02912914
v 0.00660265 -9.21461250 -5.88656005
v 0.03222732 -9.27397854 -5.74723590
v 0.07632265 -9.34095557 -5.61610451
v 0.13522034 -9.41392237 -5.49780099
v 0.20573339 -9.49177009 -5.39278745
v 0.28472116 -9.57342111 -5.30139498
v 0.36904342 -9.65779789 -5.22395431
v 0.45599115 -9.74394984 -5.16040721
v 0.54410347 -9.83129372 -5.10956962
v 0.66126125 -9.94871252 -5.05915994
v 0.76759751 -10.05797957 -5.02744843
v -0.07808571 -9.94113662 -5.35518655
v -0.51585479 -10.23376032 -5.47867228
v -0.29932844 -9.55843427 -5.89440824
v -0.63937482 -9.82830520 -6.07235941
v -0.41183590 -9.87237966 -5.66399678
v -0.74418023 -9.85855624 -6.52025382
v 0.76155359 -8.96788388 -6.97116089
v 0.62318274 -8.97919590 -6.92645081
v 0.49672170 -8.98901526 -6.86480484
v 0.38426759 -8.99957959 -6.78853214
v 0.27585194 -9.01360717 -6.68951776
v 0.18444218 -9.03074364 -6.57871262
v 0.11305339 -9.05172983 -6.46191563
v 0.07807868 -9.06696278 -6.38738540
v 0.64721916 -9.64468280 -7.62793347
v 0.68620523 -9.30786703 -7.29469835
v -0.18757291 -9.66905173 -7.16642734
v 0.01791099 -9.34581486 -6.89813404
v 0.79093081 -4.08314834 -5.02208871
v 0.60002229 -4.30838059 -5.08346769
v 0.44755741 -4.48013162 -5.16643765
v 0.35442308 -4.58188559 -5.23630216
v 0.26075050 -4.68197653 -5.32654140
v 0.17559261 -4.77117549 -5.43399753
v 0.11208077 -4.83662153 -5.53999710
v 0.06605620 -4.88349831 -5.64256976
v 0.03482766 -4.91504912 -5.73838540
v 0.01538327 -4.93459958 -5.82528657
v 0.00390019 -4.94610436 -5.91178534
v -0.00000000 -4.95000000 -6.00000000
v 1.00000000 -4.84793771 -7.00000000
v 0.87406784 -4.87214190 -6.99182009
v 0.74617978 -4.89335976 -6.96702678
v 0.62061711 -4.91094025 -6.92523968
v 0.50147162 -4.92450262 -6.86662095
v 0.39198231 -4.93442604 -6.79363479
v 0.29514970 -4.94119280 -6.70935564
v 0.21028560 -4.94551599 -6.61313217
v 0.13643955 -4.94810602 -6.50381667
v 0.07679827 -4.94940421 -6.38431552
v 0.03415325 -4.94991178 -6.25830465
v 0.00868703 -4.95002265 -6.12985714
v 0.00216776 -4.95001143 -6.06448714
v 11.95000000 -0.50000000 -7.00000000
v 1.66991942 -4.65981428 -7.00000000
v 2.30684034 -4.37961044 -7.00000000
v 2.89817687 -4.01286317 -7.00000000
v 3.43224388 -3.56681958 -7.00000000
v 3.89848792 -3.05029374 -7.00000000
v 4.28769577 -2.47349247 -7.00000000
v 4.59217646 -1.84781367 -7.00000000
v 4.80591330 -1.18562109 -7.00000000
v 4.92468273 -0.50000000 -7.00000000
v 18.95000000 -0.50000000 -14.00000000
v 18.87875009 -0.50000000 -13.00379613
v 18.66645082 -0.50000000 -12.02787210
v 18.31742397 -0.50000000 -11.09209491
v 17.83877473 -0.50000000 -10.21551428
v 17.24024702 -0.50000000 -9.41597486
v 16.53402514 -0.50000000 -8.70975298
v 15.73448572 -0.50000000 -8.11122527
v 14.85790509 -0.50000000 -7.63257603
v 13.92212790 -0.50000000 -7.28354918
v 12.94620387 -0.50000000 -7.07124991
v 18.95000000 -0.50000000 -33.00000000
v 11.95000000 -0.50000000 -40.00000000
v 12.94620387 -0.50000000 -39.92875009
v 13.92212790 -0.50000000 -39.71645082
v 14.85790509 -0.50000000 -39.36742397
v 15.73448572 -0.50000000 -38.88877473
v 16.53402514 -0.50000000 -38.29024702
v 17.24024702 -0.50000000 -37.58402514
v 17.83877473 -0.50000000 -36.78448572
v 18.31742397 -0.50000000 -35.90790509
v 18.66645082 -0.50000000 -34.97212790
v 18.87875009 -0.50000000 -33.99620387
v 4.92468273 -0.50000000 -40.00000000
v 11.95000000 0.50000000 -40.00000000
v 4.92468273 0.50000000 -40.00000000
v 4.79673390 -1.22222906 -40.00000000
v 4.56346626 -1.91762242 -40.00000000
v 4.23000150 -2.57091177 -40.00000000
v 3.80366131 -3.16775325 -40.00000000
v 3.29380656 -3.69504241 -40.00000000
v 2.71163180 -4.14120188 -40.00000000
v 2.06991948 -4.49643563 -40.00000000
v 1.38275927 -4.75294402 -40.00000000
v 0.66523869 -4.90509505 -40.00000000
v -0.06688811 -4.94954806 -40.00000000
v -0.79754629 -4.88532700 -40.00000000
v -1.51069325 -4.71384195 -40.00000000
v -2.19067089 -4.43885808 -40.00000000
v -2.82254937 -4.06641304 -40.00000000
v -3.39245494 -3.60468438 -40.00000000
v -3.88787455 -3.06380996 -40.00000000
v -4.29793058 -2.45566544 -40.00000000
v -4.61361970 -1.79360343 -40.00000000
v -4.82801052 -1.09216042 -40.00000000
v -4.93639581 -0.36673755 -40.00000000
v -4.93639581 0.36673755 -40.00000000
v -4.82801052 1.09216042 -40.00000000
v -4.61361970 1.79360343 -40.00000000
v -4.29793058 2.45566544 -40.00000000
v -3.88787455 3.06380996 -40.00000000
v -3.39245494 3.60468438 -40.00000000
v -2.82254937 4.06641304 -40.00000000
v -2.19067089 4.43885808 -40.00000000
v -1.51069325 4.71384195 -40.00000000
v -0.79754629 4.88532700 -40.00000000
v -0.06688811 4.94954806 -40.00000000
v 0.66523869 4.90509505 -40.00000000
v 1.38275927 4.75294402 -40.00000000
v 2.06991948 4.49643563 -40.00000000
v 2.71163180 4.14120188 -40.00000000
v 3.29380656 3.69504241 -40.00000000
v 3.80366131 3.16775325 -40.00000000
v 4.23000150 2.57091177 -40.00000000
v 4.56346626 1.91762242 -40.00000000
v 4.79673390 1.22222906 -40.00000000
v -7.69665190 -8.89984626 -5.01370136
v -7.48094645 -8.65042024 -5.08101405
v -7.33059739 -8.47656756 -5.16406535
v -7.17472450 -8.29632753 -5.28658404
v -7.04708177 -8.14873080 -5.42040702
v -6.93006145 -8.01341705 -5.57725798
v -6.49721479 -9.80978664 -5.01370136
v -6.83515438 -7.90367344 -5.73696473
v -6.31512463 -9.53485873 -5.08101405
v -6.74895088 -7.80399401 -5.91871837
v -6.18820579 -9.34323097 -5.16406535
v -6.65949448 -7.70055316 -6.16916997
v -6.05662394 -9.14456279 -5.28658404
v -6.59426365 -7.62512499 -6.43653489
v -5.94887290 -8.98187543 -5.42040702
v -6.55458631 -7.57924501 -6.71537032
v -5.85008889 -8.83272690 -5.57725798
v -5.19140493 -10.55912064 -5.01370136
v -5.76997203 -8.71176285 -5.73696473
v -5.04591124 -10.26319200 -5.08101405
v -5.69720238 -8.60189197 -5.91871837
v -4.94450054 -10.05692648 -5.16406535
v -5.62168676 -8.48787510 -6.16916997
v -4.83936401 -9.84308276 -5.28658404
v -5.56662143 -8.40473499 -6.43653489
v -4.75326876 -9.66796831 -5.42040702
v -5.53312736 -8.35416414 -6.71537032
v -4.67433836 -9.50742686 -5.57725798
v -3.80060110 -11.13558014 -5.01370136
v -4.61032338 -9.37722281 -5.73696473
v -3.69408591 -10.82349571 -5.08101405
v -4.55217897 -9.25895929 -5.91871837
v -3.61984365 -10.60596944 -5.16406535
v -4.49184047 -9.13623308 -6.16916997
v -3.54287374 -10.38045124 -5.28658404
v -4.44784217 -9.04674220 -6.43653489
v -3.47984385 -10.19577667 -5.42040702
v -4.42107973 -8.99230842 -6.71537032
v -3.42205930 -10.02647070 -5.57725798
v -2.34757362 -11.52972732 -5.01370136
v -3.37519426 -9.88915835 -5.73696473
v -2.28178081 -11.20659656 -5.08101405
v -3.33262703 -9.76443841 -5.91871837
v -2.23592249 -10.98137088 -5.16406535
v -3.28845353 -9.63501215 -6.16916997
v -2.18837934 -10.74787040 -5.28658404
v -3.25624259 -9.54063565 -6.43653489
v -2.14944673 -10.55665922 -5.42040702
v -1.14655925 -11.71029956 -5.01370136
v -3.23664995 -9.48323014 -6.71537032
v -2.11375410 -10.38136061 -5.57725798
v -1.11442592 -11.38210811 -5.08101405
v -2.08480627 -10.23918806 -5.73696473
v -1.09202864 -11.15335506 -5.16406535
v -2.05851314 -10.11005362 -5.91871837
v -1.06880847 -10.91619763 -5.28658404
v -2.03122784 -9.97604627 -6.16916997
v -1.04979372 -10.72199180 -5.42040702
v -2.01133163 -9.87832928 -6.43653489
v -1.03236137 -10.54394777 -5.57725798
v -1.99922955 -9.81889189 -6.71537032
v -1.01822320 -10.39954858 -5.73696473
v -0.98233805 -10.03303824 -6.43653489
v -0.97642737 -9.97266997 -6.71537032
v 18.95000000 0.50000000 -33.00000000
v 18.87875009 0.50000000 -33.99620387
v 18.66645082 0.50000000 -34.97212790
v 18.31742397 0.50000000 -35.90790509
v 17.83877473 0.50000000 -36.78448572
v 17.24024702 0.50000000 -37.58402514
v 16.53402514 0.50000000 -38.29024702
v 15.73448572 0.50000000 -38.88877473
v 14.85790509 0.50000000 -39.36742397
v 13.92212790 0.50000000 -39.71645082
v 12.94620387 0.50000000 -39.92875009
v 18.95000000 0.50000000 -14.00000000
v 11.95000000 0.50000000 -7.00000000
v 12.94620387 0.50000000 -7.07124991
v 13.92212790 0.50000000 -7.28354918
v 14.85790509 0.50000000 -7.63257603
v 15.73448572 0.50000000 -8.11122527
v 16.53402514 0.50000000 -8.70975298
v 17.24024702 0.50000000 -9.41597486
v 17.83877473 0.50000000 -10.21551428
v 18.31742397 0.50000000 -11.09209491
v 18.66645082 0.50000000 -12.02787210
v 18.87875009 0.50000000 -13.00379613
v 4.92468273 0.50000000 -7.00000000
v 4.80591330 1.18562109 -7.00000000
v 4.59217646 1.84781367 -7.00000000
v 4.28769577 2.47349247 -7.00000000
v 3.89848792 3.05029374 -7.00000000
v 3.43224388 3.56681958 -7.00000000
v 2.89817687 4.01286317 -7.00000000
v 2.30684034 4.37961044 -7.00000000
v 1.66991942 4.65981428 -7.00000000
v 1.00000000 4.84793771 -7.00000000
v 16.56908467 2.50000000 -14.01049771
v 16.56908467 3.50000000 -14.01049771
v 14.25045105 2.50000000 -18.00549352
v 14.25045105 3.50000000 -18.00549352
v 14.26863362 2.50000000 -10.00500419
v 14.26863362 3.50000000 -10.00500419
v 10.66536450 3.50000000 -9.99681510
v 10.37866829 3.52065534 -9.99616353
v 10.09789389 3.58219472 -9.99552542
v 9.86774097 3.66593438 -9.99500236
v 9.64954895 3.77717709 -9.99450648
v 9.64954895 2.50000000 -9.99450648
v 7.33091533 2.50000000 -13.98950229
v 9.34650209 3.99647017 -10.51665492
v 9.11293594 4.23906163 -10.91908840
v 8.99149535 4.40539411 -11.12833002
v 9.63136638 2.50000000 -17.99499581
v 9.35000000 2.50000000 -14.00000000
v 9.37903985 2.50000000 -13.61249011
v 9.46551070 2.50000000 -13.23363655
v 9.60748094 2.50000000 -12.87190228
v 9.80177919 2.50000000 -12.53536785
v 10.04406513 2.50000000 -12.23155088
v 10.32892652 2.50000000 -11.96723815
v 10.65000000 2.50000000 -11.74833395
v 11.00011334 2.50000000 -11.57972825
v 11.37144557 2.50000000 -11.46518743
v 11.75570176 2.50000000 -11.40727013
v 12.14429824 2.50000000 -11.40727013
v 12.52855443 2.50000000 -11.46518743
v 12.89988666 2.50000000 -11.57972825
v 13.25000000 2.50000000 -11.74833395
v 13.57107348 2.50000000 -11.96723815
v 13.85593487 2.50000000 -12.23155088
v 14.09822081 2.50000000 -12.53536785
v 14.29251906 2.50000000 -12.87190228
v 14.43448930 2.50000000 -13.23363655
v 14.52096015 2.50000000 -13.61249011
v 14.55000000 2.50000000 -14.00000000
v 14.52096015 2.50000000 -14.38750989
v 14.43448930 2.50000000 -14.76636345
v 14.29251906 2.50000000 -15.12809772
v 14.09822081 2.50000000 -15.46463215
v 13.85593487 2.50000000 -15.76844912
v 13.57107348 2.50000000 -16.03276185
v 13.25000000 2.50000000 -16.25166605
v 12.89988666 2.50000000 -16.42027175
v 12.52855443 2.50000000 -16.53481257
v 12.14429824 2.50000000 -16.59272987
v 11.75570176 2.50000000 -16.59272987
v 11.37144557 2.50000000 -16.53481257
v 11.00011334 2.50000000 -16.42027175
v 10.65000000 2.50000000 -16.25166605
v 10.32892652 2.50000000 -16.03276185
v 10.04406513 2.50000000 -15.76844912
v 9.80177919 2.50000000 -15.46463215
v 9.60748094 2.50000000 -15.12809772
v 9.46551070 2.50000000 -14.76636345
v 9.37903985 2.50000000 -14.38750989
v 9.63136638 3.78802807 -17.99499581
v 9.02617580 4.35411152 -16.94125162
v 9.19392599 4.14542674 -17.23333447
v 9.38804784 3.96101912 -17.57133506
v 9.50647474 3.86997714 -17.77753730
v 9.89272317 3.65527092 -17.99558979
v 10.17067859 3.56214401 -17.99622150
v 10.41607750 3.51559682 -17.99677921
v 10.66536450 3.50000000 -17.99734576
v 16.56908467 2.50000000 -32.98950229
v 16.56908467 3.50000000 -32.98950229
v 14.26863362 2.50000000 -36.99499581
v 14.26863362 3.50000000 -36.99499581
v 14.25045105 2.50000000 -28.99450648
v 14.25045105 3.50000000 -28.99450648
v 10.66536450 3.50000000 -29.00265424
v 10.37301144 3.52148296 -29.00331867
v 10.08693898 3.58547032 -29.00396882
v 9.85281609 3.67249758 -29.00450091
v 9.63136638 3.78802807 -29.00500419
v 9.63136638 2.50000000 -29.00500419
v 7.33091533 2.50000000 -33.01049771
v 9.33592293 4.00581624 -29.51942366
v 9.10805273 4.24509760 -29.91618612
v 8.98937389 4.40864513 -30.12282705
v 9.64954895 2.50000000 -37.00549352
v 9.35000000 2.50000000 -33.00000000
v 9.37903985 2.50000000 -32.61249011
v 9.46551070 2.50000000 -32.23363655
v 9.60748094 2.50000000 -31.87190228
v 9.80177919 2.50000000 -31.53536785
v 10.04406513 2.50000000 -31.23155088
v 10.32892652 2.50000000 -30.96723815
v 10.65000000 2.50000000 -30.74833395
v 11.00011334 2.50000000 -30.57972825
v 11.37144557 2.50000000 -30.46518743
v 11.75570176 2.50000000 -30.40727013
v 12.14429824 2.50000000 -30.40727013
v 12.52855443 2.50000000 -30.46518743
v 12.89988666 2.50000000 -30.57972825
v 13.25000000 2.50000000 -30.74833395
v 13.57107348 2.50000000 -30.96723815
v 13.85593487 2.50000000 -31.23155088
v 14.09822081 2.50000000 -31.53536785
v 14.29251906 2.50000000 -31.87190228
v 14.43448930 2.50000000 -32.23363655
v 14.52096015 2.50000000 -32.61249011
v 14.55000000 2.50000000 -33.00000000
v 14.52096015 2.50000000 -33.38750989
v 14.43448930 2.50000000 -33.76636345
v 14.29251906 2.50000000 -34.12809772
v 14.09822081 2.50000000 -34.46463215
v 13.85593487 2.50000000 -34.76844912
v 13.57107348 2.50000000 -35.03276185
v 13.25000000 2.50000000 -35.25166605
v 12.89988666 2.50000000 -35.42027175
v 12.52855443 2.50000000 -35.53481257
v 12.14429824 2.50000000 -35.59272987
v 11.75570176 2.50000000 -35.59272987
v 11.37144557 2.50000000 -35.53481257
v 11.00011334 2.50000000 -35.42027175
v 10.65000000 2.50000000 -35.25166605
v 10.32892652 2.50000000 -35.03276185
v 10.04406513 2.50000000 -34.76844912
v 9.80177919 2.50000000 -34.46463215
v 9.60748094 2.50000000 -34.12809772
v 9.46551070 2.50000000 -33.76636345
v 9.37903985 2.50000000 -33.38750989
v 9.64954895 3.77717709 -37.00549352
v 9.90700336 3.64935461 -37.00490841
v 10.18012198 3.55975783 -37.00428770
v 10.42091036 3.51499567 -37.00374046
v 10.66536450 3.50000000 -37.00318490
v 9.01357793 4.37234707 -35.90971818
v 9.16426698 4.17836987 -36.16935475
v 9.33759795 4.00432758 -36.46800329
v 9.48808221 3.88321108 -36.72728702
v 7.70000000 -2.50000000 -14.00000000
v 7.74746899 -2.50000000 -14.63342963
v 7.88881558 -2.50000000 -15.25270949
v 8.12088231 -2.50000000 -15.84400589
v 8.43848521 -2.50000000 -16.39411025
v 8.83452954 -2.50000000 -16.89073414
v 9.30016834 -2.50000000 -17.32278380
v 9.82500000 -2.50000000 -17.68060797
v 10.39730065 -2.50000000 -17.95621343
v 11.00428603 -2.50000000 -18.14344363
v 11.63239710 -2.50000000 -18.23811614
v 12.26760290 -2.50000000 -18.23811614
v 12.89571397 -2.50000000 -18.14344363
v 13.50269935 -2.50000000 -17.95621343
v 14.07500000 -2.50000000 -17.68060797
v 14.59983166 -2.50000000 -17.32278380
v 15.06547046 -2.50000000 -16.89073414
v 15.46151479 -2.50000000 -16.39411025
v 15.77911769 -2.50000000 -15.84400589
v 16.01118442 -2.50000000 -15.25270949
v 16.15253101 -2.50000000 -14.63342963
v 16.20000000 -2.50000000 -14.00000000
v 16.15253101 -2.50000000 -13.36657037
v 16.01118442 -2.50000000 -12.74729051
v 15.77911769 -2.50000000 -12.15599411
v 15.46151479 -2.50000000 -11.60588975
v 15.06547046 -2.50000000 -11.10926586
v 14.59983166 -2.50000000 -10.67721620
v 14.07500000 -2.50000000 -10.31939203
v 13.50269935 -2.50000000 -10.04378657
v 12.89571397 -2.50000000 -9.85655637
v 12.26760290 -2.50000000 -9.76188386
v 11.63239710 -2.50000000 -9.76188386
v 11.00428603 -2.50000000 -9.85655637
v 10.39730065 -2.50000000 -10.04378657
v 9.82500000 -2.50000000 -10.31939203
v 9.30016834 -2.50000000 -10.67721620
v 8.83452954 -2.50000000 -11.10926586
v 8.43848521 -2.50000000 -11.60588975
v 8.12088231 -2.50000000 -12.15599411
v 7.88881558 -2.50000000 -12.74729051
v 7.74746899 -2.50000000 -13.36657037
v 9.35000000 -2.50000000 -14.00000000
v 9.37903985 -2.50000000 -14.38750989
v 9.46551070 -2.50000000 -14.76636345
v 9.60748094 -2.50000000 -15.12809772
v 9.80177919 -2.50000000 -15.46463215
v 10.04406513 -2.50000000 -15.76844912
v 10.32892652 -2.50000000 -16.03276185
v 10.65000000 -2.50000000 -16.25166605
v 11.00011334 -2.50000000 -16.42027175
v 11.37144557 -2.50000000 -16.53481257
v 11.75570176 -2.50000000 -16.59272987
v 12.14429824 -2.50000000 -16.59272987
v 12.52855443 -2.50000000 -16.53481257
v 12.89988666 -2.50000000 -16.42027175
v 13.25000000 -2.50000000 -16.25166605
v 13.57107348 -2.50000000 -16.03276185
v 13.85593487 -2.50000000 -15.76844912
v 14.09822081 -2.50000000 -15.46463215
v 14.29251906 -2.50000000 -15.12809772
v 14.43448930 -2.50000000 -14.76636345
v 14.52096015 -2.50000000 -14.38750989
v 14.55000000 -2.50000000 -14.00000000
v 14.52096015 -2.50000000 -13.61249011
v 14.43448930 -2.50000000 -13.23363655
v 14.29251906 -2.50000000 -12.87190228
v 14.09822081 -2.50000000 -12.53536785
v 13.85593487 -2.50000000 -12.23155088
v 13.57107348 -2.50000000 -11.96723815
v 13.25000000 -2.50000000 -11.74833395
v 12.89988666 -2.50000000 -11.57972825
v 12.52855443 -2.50000000 -11.46518743
v 12.14429824 -2.50000000 -11.40727013
v 11.75570176 -2.50000000 -11.40727013
v 11.37144557 -2.50000000 -11.46518743
v 11.00011334 -2.50000000 -11.57972825
v 10.65000000 -2.50000000 -11.74833395
v 10.32892652 -2.50000000 -11.96723815
v 10.04406513 -2.50000000 -12.23155088
v 9.80177919 -2.50000000 -12.53536785
v 9.60748094 -2.50000000 -12.87190228
v 9.46551070 -2.50000000 -13.23363655
v 9.37903985 -2.50000000 -13.61249011
v 9.04328562 -4.33025022 -10.89961893
v 9.22463884 -4.11280994 -10.73888263
v 9.43462293 -3.92394728 -10.57461951
v 9.67739110 -3.76128498 -10.40884353
v 9.92312139 -3.64288603 -10.26451194
v 10.16326642 -3.56451339 -10.14427396
v 10.41261974 -3.51638787 -10.03815220
v 10.66536450 -3.50000000 -9.94880121
v 11.26191171 -3.50000000 -9.80607171
v 11.87279174 -3.50000000 -9.75070137
v 12.48528000 -3.50000000 -9.78384354
v 13.08661843 -3.50000000 -9.90480788
v 13.66428120 -3.50000000 -10.11107470
v 14.20623565 -3.50000000 -10.39834750
v 14.70119290 -3.50000000 -10.76064241
v 15.13884305 -3.50000000 -11.19041284
v 15.51006988 -3.50000000 -11.67870673
v 15.80714077 -3.50000000 -12.21535295
v 16.02386776 -3.50000000 -12.78917322
v 16.15573644 -3.50000000 -13.38821489
v 16.20000000 -3.50000000 -14.00000000
v 16.15573644 -3.50000000 -14.61178511
v 16.02386776 -3.50000000 -15.21082678
v 15.80714077 -3.50000000 -15.78464705
v 15.51006988 -3.50000000 -16.32129327
v 15.13884305 -3.50000000 -16.80958716
v 14.70119290 -3.50000000 -17.23935759
v 14.20623565 -3.50000000 -17.60165250
v 13.66428120 -3.50000000 -17.88892530
v 13.08661843 -3.50000000 -18.09519212
v 12.48528000 -3.50000000 -18.21615646
v 11.87279174 -3.50000000 -18.24929863
v 11.26191171 -3.50000000 -18.19392829
v 10.66536450 -3.50000000 -18.05119879
v 10.39187887 -3.51917262 -17.95370615
v 10.12294334 -3.57537428 -17.83683207
v 9.86614514 -3.66663071 -17.70405701
v 9.62832580 -3.79018085 -17.55956576
v 9.41372464 -3.94046278 -17.40995906
v 9.22606129 -4.11133521 -17.26230490
v 9.06172636 -4.30508607 -17.11757367
v 8.97001341 -4.43913997 -17.03008758
v 7.70000000 -2.50000000 -33.00000000
v 7.74746899 -2.50000000 -33.63342963
v 7.88881558 -2.50000000 -34.25270949
v 8.12088231 -2.50000000 -34.84400589
v 8.43848521 -2.50000000 -35.39411025
v 8.83452954 -2.50000000 -35.89073414
v 9.30016834 -2.50000000 -36.32278380
v 9.82500000 -2.50000000 -36.68060797
v 10.39730065 -2.50000000 -36.95621343
v 11.00428603 -2.50000000 -37.14344363
v 11.63239710 -2.50000000 -37.23811614
v 12.26760290 -2.50000000 -37.23811614
v 12.89571397 -2.50000000 -37.14344363
v 13.50269935 -2.50000000 -36.95621343
v 14.07500000 -2.50000000 -36.68060797
v 14.59983166 -2.50000000 -36.32278380
v 15.06547046 -2.50000000 -35.89073414
v 15.46151479 -2.50000000 -35.39411025
v 15.77911769 -2.50000000 -34.84400589
v 16.01118442 -2.50000000 -34.25270949
v 16.15253101 -2.50000000 -33.63342963
v 16.20000000 -2.50000000 -33.00000000
v 16.15253101 -2.50000000 -32.36657037
v 16.01118442 -2.50000000 -31.74729051
v 15.77911769 -2.50000000 -31.15599411
v 15.46151479 -2.50000000 -30.60588975
v 15.06547046 -2.50000000 -30.10926586
v 14.59983166 -2.50000000 -29.67721620
v 14.07500000 -2.50000000 -29.31939203
v 13.50269935 -2.50000000 -29.04378657
v 12.89571397 -2.50000000 -28.85655637
v 12.26760290 -2.50000000 -28.76188386
v 11.63239710 -2.50000000 -28.76188386
v 11.00428603 -2.50000000 -28.85655637
v 10.39730065 -2.50000000 -29.04378657
v 9.82500000 -2.50000000 -29.31939203
v 9.30016834 -2.50000000 -29.67721620
v 8.83452954 -2.50000000 -30.10926586
v 8.43848521 -2.50000000 -30.60588975
v 8.12088231 -2.50000000 -31.15599411
v 7.88881558 -2.50000000 -31.74729051
v 7.74746899 -2.50000000 -32.36657037
v 9.35000000 -2.50000000 -33.00000000
v 9.37903985 -2.50000000 -33.38750989
v 9.46551070 -2.50000000 -33.76636345
v 9.60748094 -2.50000000 -34.12809772
v 9.80177919 -2.50000000 -34.46463215
v 10.04406513 -2.50000000 -34.76844912
v 10.32892652 -2.50000000 -35.03276185
v 10.65000000 -2.50000000 -35.25166605
v 11.00011334 -2.50000000 -35.42027175
v 11.37144557 -2.50000000 -35.53481257
v 11.75570176 -2.50000000 -35.59272987
v 12.14429824 -2.50000000 -35.59272987
v 12.52855443 -2.50000000 -35.53481257
v 12.89988666 -2.50000000 -35.42027175
v 13.25000000 -2.50000000 -35.25166605
v 13.57107348 -2.50000000 -35.03276185
v 13.85593487 -2.50000000 -34.76844912
v 14.09822081 -2.50000000 -34.46463215
v 14.29251906 -2.50000000 -34.12809772
v 14.43448930 -2.50000000 -33.76636345
v 14.52096015 -2.50000000 -33.38750989
v 14.55000000 -2.50000000 -33.00000000
v 14.52096015 -2.50000000 -32.61249011
v 14.43448930 -2.50000000 -32.23363655
v 14.29251906 -2.50000000 -31.87190228
v 14.09822081 -2.50000000 -31.53536785
v 13.85593487 -2.50000000 -31.23155088
v 13.57107348 -2.50000000 -30.96723815
v 13.25000000 -2.50000000 -30.74833395
v 12.89988666 -2.50000000 -30.57972825
v 12.52855443 -2.50000000 -30.46518743
v 12.14429824 -2.50000000 -30.40727013
v 11.75570176 -2.50000000 -30.40727013
v 11.37144557 -2.50000000 -30.46518743
v 11.00011334 -2.50000000 -30.57972825
v 10.65000000 -2.50000000 -30.74833395
v 10.32892652 -2.50000000 -30.96723815
v 10.04406513 -2.50000000 -31.23155088
v 9.80177919 -2.50000000 -31.53536785
v 9.60748094 -2.50000000 -31.87190228
v 9.46551070 -2.50000000 -32.23363655
v 9.37903985 -2.50000000 -32.61249011
v 9.04328562 -4.33025022 -29.89961893
v 9.22463884 -4.11280994 -29.73888263
v 9.43462293 -3.92394728 -29.57461951
v 9.67739110 -3.76128498 -29.40884353
v 9.92312139 -3.64288603 -29.26451194
v 10.16326642 -3.56451339 -29.14427396
v 10.41261974 -3.51638787 -29.03815220
v 10.66536450 -3.50000000 -28.94880121
v 11.26191171 -3.50000000 -28.80607171
v 11.87279174 -3.50000000 -28.75070137
v 12.48528000 -3.50000000 -28.78384354
v 13.08661843 -3.50000000 -28.90480788
v 13.66428120 -3.50000000 -29.11107470
v 14.20623565 -3.50000000 -29.39834750
v 14.70119290 -3.50000000 -29.76064241
v 15.13884305 -3.50000000 -30.19041284
v 15.51006988 -3.50000000 -30.67870673
v 15.80714077 -3.50000000 -31.21535295
v 16.02386776 -3.50000000 -31.78917322
v 16.15573644 -3.50000000 -32.38821489
v 16.20000000 -3.50000000 -33.00000000
v 16.15573644 -3.50000000 -33.61178511
v 16.02386776 -3.50000000 -34.21082678
v 15.80714077 -3.50000000 -34.78464705
v 15.51006988 -3.50000000 -35.32129327
v 15.13884305 -3.50000000 -35.80958716
v 14.70119290 -3.50000000 -36.23935759
v 14.20623565 -3.50000000 -36.60165250
v 13.66428120 -3.50000000 -36.88892530
v 13.08661843 -3.50000000 -37.09519212
v 12.48528000 -3.50000000 -37.21615646
v 11.87279174 -3.50000000 -37.24929863
v 11.26191171 -3.50000000 -37.19392829
v 10.66536450 -3.50000000 -37.05119879
v 10.39187887 -3.51917262 -36.95370615
v 10.12294334 -3.57537428 -36.83683207
v 9.86614514 -3.66663071 -36.70405701
v 9.62832580 -3.79018085 -36.55956576
v 9.41372464 -3.94046278 -36.40995906
v 9.22606129 -4.11133521 -36.26230490
v 9.06172636 -4.30508607 -36.11757367
v 8.97001341 -4.43913997 -36.03008758
v 9.35000000 0.50000000 -14.00000000
v 9.37903985 0.50000000 -14.38750989
v 9.46551070 0.50000000 -14.76636345
v 9.60748094 0.50000000 -15.12809772
v 9.80177919 0.50000000 -15.46463215
v 10.04406513 0.50000000 -15.76844912
v 10.32892652 0.50000000 -16.03276185
v 10.65000000 0.50000000 -16.25166605
v 11.00011334 0.50000000 -16.42027175
v 11.37144557 0.50000000 -16.53481257
v 11.75570176 0.50000000 -16.59272987
v 12.14429824 0.50000000 -16.59272987
v 12.52855443 0.50000000 -16.53481257
v 12.89988666 0.50000000 -16.42027175
v 13.25000000 0.50000000 -16.25166605
v 13.57107348 0.50000000 -16.03276185
v 13.85593487 0.50000000 -15.76844912
v 14.09822081 0.50000000 -15.46463215
v 14.29251906 0.50000000 -15.12809772
v 14.43448930 0.50000000 -14.76636345
v 14.52096015 0.50000000 -14.38750989
v 14.55000000 0.50000000 -14.00000000
v 14.52096015 0.50000000 -13.61249011
v 14.43448930 0.50000000 -13.23363655
v 14.29251906 0.50000000 -12.87190228
v 14.09822081 0.50000000 -12.53536785
v 13.85593487 0.50000000 -12.23155088
v 13.57107348 0.50000000 -11.96723815
v 13.25000000 0.50000000 -11.74833395
v 12.89988666 0.50000000 -11.57972825
v 12.52855443 0.50000000 -11.46518743
v 12.14429824 0.50000000 -11.40727013
v 11.75570176 0.50000000 -11.40727013
v 11.37144557 0.50000000 -11.46518743
v 11.00011334 0.50000000 -11.57972825
v 10.65000000 0.50000000 -11.74833395
v 10.32892652 0.50000000 -11.96723815
v 10.04406513 0.50000000 -12.23155088
v 9.80177919 0.50000000 -12.53536785
v 9.60748094 0.50000000 -12.87190228
v 9.46551070 0.50000000 -13.23363655
v 9.37903985 0.50000000 -13.61249011
v 9.35000000 0.50000000 -33.00000000
v 9.37903985 0.50000000 -33.38750989
v 9.46551070 0.50000000 -33.76636345
v 9.60748094 0.50000000 -34.12809772
v 9.80177919 0.50000000 -34.46463215
v 10.04406513 0.50000000 -34.76844912
v 10.32892652 0.50000000 -35.03276185
v 10.65000000 0.50000000 -35.25166605
v 11.00011334 0.50000000 -35.42027175
v 11.37144557 0.50000000 -35.53481257
v 11.75570176 0.50000000 -35.59272987
v 12.14429824 0.50000000 -35.59272987
v 12.52855443 0.50000000 -35.53481257
v 12.89988666 0.50000000 -35.42027175
v 13.25000000 0.50000000 -35.25166605
v 13.57107348 0.50000000 -35.03276185
v 13.85593487 0.50000000 -34.76844912
v 14.09822081 0.50000000 -34.46463215
v 14.29251906 0.50000000 -34.12809772
v 14.43448930 0.50000000 -33.76636345
v 14.52096015 0.50000000 -33.38750989
v 14.55000000 0.50000000 -33.00000000
v 14.52096015 0.50000000 -32.61249011
v 14.43448930 0.50000000 -32.23363655
v 14.29251906 0.50000000 -31.87190228
v 14.09822081 0.50000000 -31.53536785
v 13.85593487 0.50000000 -31.23155088
v 13.57107348 0.50000000 -30.96723815
v 13.25000000 0.50000000 -30.74833395
v 12.89988666 0.50000000 -30.57972825
v 12.52855443 0.50000000 -30.46518743
v 12.14429824 0.50000000 -30.40727013
v 11.75570176 0.50000000 -30.40727013
v 11.37144557 0.50000000 -30.46518743
v 11.00011334 0.50000000 -30.57972825
v 10.65000000 0.50000000 -30.74833395
v 10.32892652 0.50000000 -30.96723815
v 10.04406513 0.50000000 -31.23155088
v 9.80177919 0.50000000 -31.53536785
v 9.60748094 0.50000000 -31.87190228
v 9.46551070 0.50000000 -32.23363655
v 9.37903985 0.50000000 -32.61249011
v 9.35000000 -0.50000000 -33.00000000
v 9.37903985 -0.50000000 -32.61249011
v 9.46551070 -0.50000000 -32.23363655
v 9.60748094 -0.50000000 -31.87190228
v 9.80177919 -0.50000000 -31.53536785
v 10.04406513 -0.50000000 -31.23155088
v 10.32892652 -0.50000000 -30.96723815
v 10.65000000 -0.50000000 -30.74833395
v 11.00011334 -0.50000000 -30.57972825
v 11.37144557 -0.50000000 -30.46518743
v 11.75570176 -0.50000000 -30.40727013
v 12.14429824 -0.50000000 -30.40727013
v 12.52855443 -0.50000000 -30.46518743
v 12.89988666 -0.50000000 -30.57972825
v 13.25000000 -0.50000000 -30.74833395
v 13.57107348 -0.50000000 -30.96723815
v 13.85593487 -0.50000000 -31.23155088
v 14.09822081 -0.50000000 -31.53536785
v 14.29251906 -0.50000000 -31.87190228
v 14.43448930 -0.50000000 -32.23363655
v 14.52096015 -0.50000000 -32.61249011
v 14.55000000 -0.50000000 -33.00000000
v 14.52096015 -0.50000000 -33.38750989
v 14.43448930 -0.50000000 -33.76636345
v 14.29251906 -0.50000000 -34.12809772
v 14.09822081 -0.50000000 -34.46463215
v 13.85593487 -0.50000000 -34.76844912
v 13.57107348 -0.50000000 -35.03276185
v 13.25000000 -0.50000000 -35.25166605
v 12.89988666 -0.50000000 -35.42027175
v 12.52855443 -0.50000000 -35.53481257
v 12.14429824 -0.50000000 -35.59272987
v 11.75570176 -0.50000000 -35.59272987
v 11.37144557 -0.50000000 -35.53481257
v 11.00011334 -0.50000000 -35.42027175
v 10.65000000 -0.50000000 -35.25166605
v 10.32892652 -0.50000000 -35.03276185
v 10.04406513 -0.50000000 -34.76844912
v 9.80177919 -0.50000000 -34.46463215
v 9.60748094 -0.50000000 -34.12809772
v 9.46551070 -0.50000000 -33.76636345
v 9.37903985 -0.50000000 -33.38750989
v 9.35000000 -0.50000000 -14.00000000
v 9.37903985 -0.50000000 -13.61249011
v 9.46551070 -0.50000000 -13.23363655
v 9.60748094 -0.50000000 -12.87190228
v 9.80177919 -0.50000000 -12.53536785
v 10.04406513 -0.50000000 -12.23155088
v 10.32892652 -0.50000000 -11.96723815
v 10.65000000 -0.50000000 -11.74833395
v 11.00011334 -0.50000000 -11.57972825
v 11.37144557 -0.50000000 -11.46518743
v 11.75570176 -0.50000000 -11.40727013
v 12.14429824 -0.50000000 -11.40727013
v 12.52855443 -0.50000000 -11.46518743
v 12.89988666 -0.50000000 -11.57972825
v 13.25000000 -0.50000000 -11.74833395
v 13.57107348 -0.50000000 -11.96723815
v 13.85593487 -0.50000000 -12.23155088
v 14.09822081 -0.50000000 -12.53536785
v 14.29251906 -0.50000000 -12.87190228
v 14.43448930 -0.50000000 -13.23363655
v 14.52096015 -0.50000000 -13.61249011
v 14.55000000 -0.50000000 -14.00000000
v 14.52096015 -0.50000000 -14.38750989
v 14.43448930 -0.50000000 -14.76636345
v 14.29251906 -0.50000000 -15.12809772
v 14.09822081 -0.50000000 -15.46463215
v 13.85593487 -0.50000000 -15.76844912
v 13.57107348 -0.50000000 -16.03276185
v 13.25000000 -0.50000000 -16.25166605
v 12.89988666 -0.50000000 -16.42027175
v 12.52855443 -0.50000000 -16.53481257
v 12.14429824 -0.50000000 -16.59272987
v 11.75570176 -0.50000000 -16.59272987
v 11.37144557 -0.50000000 -16.53481257
v 11.00011334 -0.50000000 -16.42027175
v 10.65000000 -0.50000000 -16.25166605
v 10.32892652 -0.50000000 -16.03276185
v 10.04406513 -0.50000000 -15.76844912
v 9.80177919 -0.50000000 -15.46463215
v 9.60748094 -0.50000000 -15.12809772
v 9.46551070 -0.50000000 -14.76636345
v 9.37903985 -0.50000000 -14.38750989
v -0.00000000 4.95000000 -6.00000000
v 0.00338855 4.94661593 -5.91776500
v 0.01337831 4.93661100 -5.83698998
v 0.02970544 4.92020615 -5.75807578
v 0.05201512 4.89770927 -5.68167879
v 0.07956911 4.86978233 -5.60908433
v 0.11180095 4.83690791 -5.54053757
v 0.14817328 4.79954006 -5.47617630
v 0.20206431 4.74362622 -5.39723842
v 0.26854241 4.67373118 -5.31808754
v 0.33979996 4.59765316 -5.24890472
v 0.41440419 4.51662156 -5.18939319
v 0.51749021 4.40217258 -5.12409104
v 0.63624451 4.26657099 -5.06850326
v 0.75559947 4.12576596 -5.03031797
v 0.87884585 3.97513939 -5.00735848
v -0.73775922 -4.89471259 -6.00000000
v -1.45903811 -4.73008539 -6.00000000
v -2.14772451 -4.45979590 -6.00000000
v -2.78843429 -4.08988193 -6.00000000
v -3.36685505 -3.62860677 -6.00000000
v -3.87006584 -3.08627452 -6.00000000
v -4.28682575 -2.47500000 -6.00000000
v -4.60782506 -1.80843807 -6.00000000
v -4.82589317 -1.10147862 -6.00000000
v -4.93615880 -0.36991396 -6.00000000
v -4.93615880 0.36991396 -6.00000000
v -4.82589317 1.10147862 -6.00000000
v -4.60782506 1.80843807 -6.00000000
v -4.28682575 2.47500000 -6.00000000
v -3.87006584 3.08627452 -6.00000000
v -3.36685505 3.62860677 -6.00000000
v -2.78843429 4.08988193 -6.00000000
v -2.14772451 4.45979590 -6.00000000
v -1.45903811 4.73008539 -6.00000000
v -0.73775922 4.89471259 -6.00000000
v 0.77421150 -3.99683562 -5.00736333
v 0.44615399 -4.04660908 -5.00736333
v 0.45966151 -4.16912202 -5.03032176
v 0.22638018 -4.06483092 -5.00736333
v 0.47274257 -4.28776705 -5.06850306
v 0.23323395 -4.18789554 -5.03032176
v 0.00321024 -4.07112860 -5.00736333
v 0.23987133 -4.30707483 -5.06850306
v 0.00330743 -4.19438388 -5.03032176
v 0.24647365 -4.42562463 -5.12409449
v 0.00340156 -4.31374782 -5.06850306
v 0.25220718 -4.52857460 -5.18939418
v 0.00349518 -4.43248129 -5.12409449
v 0.26031704 -4.67419334 -5.31809051
v 0.00357649 -4.53559077 -5.18939418
v -0.60677042 -4.02565871 -5.00736333
v 0.00369149 -4.68143511 -5.31809051
v -0.62514067 -4.14753737 -5.03032176
v 0.00376480 -4.77440240 -5.43399803
v -0.64293095 -4.26556815 -5.06850306
v 0.00381488 -4.83791646 -5.53999816
v -0.66062726 -4.38297550 -5.12409449
v 0.00385117 -4.88393935 -5.64257245
v -0.67599494 -4.48493336 -5.18939418
v 0.00387984 -4.92029272 -5.75807220
v -1.19998659 -3.89026099 -5.00736333
v -0.69773191 -4.62914879 -5.31809051
v -1.23631674 -4.00804042 -5.03032176
v -0.71158797 -4.72107774 -5.43399803
v -1.27149989 -4.12210139 -5.06850306
v -0.72105426 -4.78388242 -5.53999816
v -1.30649720 -4.23555990 -5.12409449
v -0.72791361 -4.82939128 -5.64257245
v -1.33688926 -4.33408854 -5.18939418
v -0.73333181 -4.86533863 -5.75807220
v -1.76639705 -3.66796127 -5.00736333
v -0.73717818 -4.89085765 -5.91178572
v -1.37987765 -4.47345347 -5.31809051
v -1.81987553 -3.77901047 -5.03032176
v -1.40728025 -4.56229052 -5.43399803
v -1.87166562 -3.88655370 -5.06850306
v -1.42600135 -4.62298284 -5.53999816
v -1.92318216 -3.99352890 -5.12409449
v -1.43956684 -4.66696108 -5.64257245
v -1.96791969 -4.08642735 -5.18939418
v -1.45028219 -4.70169938 -5.75807220
v -2.29334911 -3.36372535 -5.00736333
v -1.45788902 -4.72636011 -5.91178572
v -2.03119920 -4.21782860 -5.31809051
v -2.36278131 -3.46556368 -5.03032176
v -2.07153621 -4.30158926 -5.43399803
v -2.43002143 -3.56418682 -5.06850306
v -2.09909394 -4.35881347 -5.53999816
v -2.49690640 -3.66228905 -5.12409449
v -2.11906253 -4.40027867 -5.64257245
v -2.55499005 -3.74748212 -5.18939418
v -2.13483567 -4.43303194 -5.75807220
v -2.76907155 -2.98434937 -5.00736333
v -2.14603302 -4.45628349 -5.91178572
v -2.63714712 -3.86798441 -5.31809051
v -2.85290646 -3.07470191 -5.03032176
v -2.68951747 -3.94479761 -5.43399803
v -2.93409458 -3.16220190 -5.06850306
v -2.72529623 -3.99727541 -5.53999816
v -3.01485387 -3.24923972 -5.12409449
v -2.75122185 -4.03530132 -5.64257245
v -3.08498615 -3.32482433 -5.18939418
v -2.77170044 -4.06533789 -5.75807220
v -3.18293750 -2.53830795 -5.00736333
v -2.78623820 -4.08666086 -5.91178572
v -3.18418553 -3.43173584 -5.31809051
v -3.27930239 -2.61515639 -5.03032176
v -3.24741936 -3.49988571 -5.43399803
v -3.37262490 -2.68957861 -5.06850306
v -3.29061991 -3.54644482 -5.53999816
v -3.46545450 -2.76360774 -5.12409449
v -3.32192343 -3.58018199 -5.64257245
v -3.54606876 -2.82789547 -5.18939418
v -3.34665001 -3.60683091 -5.75807220
v -3.52570189 -2.03556493 -5.00736333
v -3.36420341 -3.62574898 -5.91178572
v -3.66009449 -2.91882796 -5.31809051
v -3.63244413 -2.09719259 -5.03032176
v -3.73277927 -2.97679213 -5.43399803
v -3.73581636 -2.15687458 -5.06850306
v -3.78243657 -3.01639251 -5.53999816
v -3.83864260 -2.21624134 -5.12409449
v -3.81841873 -3.04508732 -5.64257245
v -3.92793805 -2.26779609 -5.18939418
v -3.84684095 -3.06775329 -5.75807220
v -3.78970792 -1.48735076 -5.00736333
v -3.86701788 -3.08384386 -5.91178572
v -4.05424299 -2.34071828 -5.31809051
v -3.90444306 -1.53238098 -5.03032176
v -4.13475505 -2.38720194 -5.43399803
v -4.01555585 -1.57598954 -5.06850306
v -4.18975986 -2.41895898 -5.53999816
v -4.12608176 -1.61936776 -5.12409449
v -4.22961686 -2.44197043 -5.64257245
v -4.22206369 -1.65703789 -5.18939418
v -4.26109982 -2.46014713 -5.75807220
v -3.96905814 -0.90591162 -5.00736333
v -4.28344957 -2.47305076 -5.91178572
v -4.35782641 -1.71032083 -5.31809051
v -4.08922319 -0.93333851 -5.03032176
v -4.44436724 -1.74428561 -5.43399803
v -4.20559446 -0.95989949 -5.06850306
v -4.50349083 -1.76748990 -5.53999816
v -4.32135108 -0.98632018 -5.12409449
v -4.54633234 -1.78430396 -5.64257245
v -4.42187541 -1.00926421 -5.18939418
v -4.58017276 -1.79758534 -5.75807220
v -4.05974616 -0.30423592 -5.00736333
v -4.60419606 -1.80701380 -5.91178572
v -4.56406318 -1.04171764 -5.31809051
v -4.18265684 -0.31344680 -5.03032176
v -4.65469961 -1.06240481 -5.43399803
v -4.30168704 -0.32236688 -5.06850306
v -4.71662126 -1.07653802 -5.53999816
v -4.42008855 -0.33123984 -5.12409449
v -4.76149027 -1.08677908 -5.64257245
v -4.52290974 -0.33894523 -5.18939418
v -4.79693220 -1.09486847 -5.75807220
v -4.06026641 0.29721221 -5.00736333
v -4.82209243 -1.10061113 -5.91178572
v -4.66834632 -0.34984419 -5.31809051
v -4.18319283 0.30621045 -5.03032176
v -4.76105368 -0.35679165 -5.43399803
v -4.30223829 0.31492460 -5.06850306
v -4.82439016 -0.36153806 -5.53999816
v -4.42065497 0.32359272 -5.12409449
v -4.87028438 -0.36497736 -5.64257245
v -4.52348934 0.33112021 -5.18939418
v -4.90653611 -0.36769405 -5.75807220
v -3.97370627 0.88530043 -5.00736333
v -4.93227122 -0.36962263 -5.91178572
v -4.66894456 0.34176756 -5.31809051
v -4.09401205 0.91210330 -5.03032176
v -4.76166380 0.34855463 -5.43399803
v -4.21051960 0.93805997 -5.06850306
v -4.82500839 0.35319146 -5.53999816
v -4.32641178 0.96387954 -5.12409449
v -4.87090849 0.35655136 -5.64257245
v -4.42705383 0.98630155 -5.18939418
v -4.90716487 0.35920533 -5.75807220
v -3.80243137 1.45451507 -5.00736333
v -4.56940812 1.01801660 -5.31809051
v -4.93290327 0.36108939 -5.91178572
v -3.91755172 1.49855118 -5.03032176
v -4.66015069 1.03823310 -5.43399803
v -4.02903756 1.54119700 -5.06850306
v -4.72214486 1.05204476 -5.53999816
v -4.13993454 1.58361758 -5.12409449
v -4.76706642 1.06205281 -5.64257245
v -4.23623872 1.62045608 -5.18939418
v -4.80254985 1.06995815 -5.75807220
v -3.55009307 1.99272115 -5.00736333
v -4.37245724 1.67256271 -5.31809051
v -4.82773954 1.07557015 -5.91178572
v -3.65757377 2.05305169 -5.03032176
v -4.45928862 1.70577766 -5.43399803
v -3.76166114 2.11147751 -5.06850306
v -4.51861071 1.72846969 -5.53999816
v -3.86519874 2.16959474 -5.12409449
v -4.56159606 1.74491254 -5.64257245
v -3.95511195 2.22006439 -5.18939418
v -4.59555009 1.75790072 -5.75807220
v -3.22207094 2.48844474 -5.00736333
v -4.08229068 2.29145175 -5.31809051
v -4.61965405 1.76712102 -5.91178572
v -3.31962062 2.56378355 -5.03032176
v -4.16335973 2.33695704 -5.43399803
v -3.41409051 2.63674380 -5.06850306
v -4.21874507 2.36804566 -5.53999816
v -3.50806142 2.70931868 -5.12409449
v -4.25887781 2.39057278 -5.64257245
v -3.58966681 2.77234352 -5.18939418
v -4.29057857 2.40836690 -5.75807220
v -2.82535803 2.93111760 -5.00736333
v -3.70509446 2.86148971 -5.31809051
v -4.31308293 2.42099894 -5.91178572
v -2.91089704 3.01985853 -5.03032176
v -3.77867288 2.91831522 -5.43399803
v -2.99373545 3.10579778 -5.06850306
v -3.82894071 2.95713768 -5.53999816
v -3.07613633 3.19128311 -5.12409449
v -3.86536526 2.98526880 -5.64257245
v -3.14769417 3.26551953 -5.18939418
v -3.89413693 3.00748951 -5.75807220
v -2.36841178 3.31130247 -5.00736333
v -3.24890996 3.37052405 -5.31809051
v -3.91456193 3.02326399 -5.91178572
v -2.44011653 3.41155366 -5.03032176
v -3.31342914 3.43745833 -5.43399803
v -2.50955746 3.50863979 -5.06850306
v -3.35750782 3.48318697 -5.53999816
v -2.57863162 3.60521312 -5.12409449
v -3.38944764 3.51632238 -5.64257245
v -2.63861638 3.68907847 -5.18939418
v -3.41467684 3.54249596 -5.75807220
v -1.86097377 3.62089423 -5.00736333
v -2.72346250 3.80770276 -5.31809051
v -3.43258704 3.56107658 -5.91178572
v -1.91731560 3.73051846 -5.03032176
v -2.77754697 3.88331885 -5.43399803
v -1.97187864 3.83668170 -5.06850306
v -2.81449678 3.93497879 -5.53999816
v -2.02615349 3.94228420 -5.12409449
v -2.84127097 3.97241207 -5.64257245
v -2.07328637 4.03399058 -5.18939418
v -2.86241984 4.00198054 -5.75807220
v -1.31386197 3.85329276 -5.00736333
v -2.13995400 4.16370571 -5.31809051
v -2.87743342 4.02297119 -5.91178572
v -1.35363974 3.96995297 -5.03032176
v -2.18245074 4.24639156 -5.43399803
v -1.39216167 4.08293004 -5.06850306
v -2.21148396 4.30288146 -5.53999816
v -1.43048013 4.19531039 -5.12409449
v -2.23252172 4.34381459 -5.64257245
v -1.46375632 4.29290273 -5.18939418
v -2.24913939 4.37614757 -5.75807220
v -0.73874016 4.00354360 -5.00736333
v -1.51082418 4.43094331 -5.31809051
v -2.26093627 4.39910075 -5.91178572
v -0.76110586 4.12475272 -5.03032176
v -1.54082721 4.51893615 -5.43399803
v -0.78276544 4.24213509 -5.06850306
v -1.56132489 4.57905174 -5.53999816
v -0.80431062 4.35889746 -5.12409449
v -1.57617771 4.62261206 -5.64257245
v -0.82302069 4.46029521 -5.18939418
v -1.58790992 4.65702025 -5.75807220
v -0.14786929 4.06844357 -5.00736333
v -0.84948536 4.60371838 -5.31809051
v -1.59623861 4.68144663 -5.91178572
v -0.15234610 4.19161756 -5.03032176
v -0.86635505 4.69514232 -5.43399803
v -0.15668157 4.31090277 -5.06850306
v 0.09407552 4.07004278 -5.00736333
v -0.87788020 4.75760198 -5.53999816
v -0.16099414 4.42955794 -5.12409449
v 0.09692370 4.19326518 -5.03032176
v -0.88623144 4.80286084 -5.64257245
v -0.16473922 4.53259941 -5.18939418
v 0.09968196 4.31259728 -5.06850306
v -0.89282806 4.83861071 -5.75807220
v 0.37196749 4.05410145 -5.00736333
v 0.10242565 4.43129909 -5.12409449
v -0.17003650 4.67834756 -5.31809051
v -0.89751100 4.86398954 -5.91178572
v 0.38322898 4.17684123 -5.03032176
v 0.10480830 4.53438106 -5.18939418
v 0.39413492 4.29570594 -5.06850306
v 0.60046047 4.02660473 -5.00736333
v -0.17341321 4.77125354 -5.43399803
v 0.61863968 4.14851203 -5.03032176
v 0.40498326 4.41394282 -5.12409449
v 0.10817847 4.68018651 -5.31809051
v -0.17572013 4.83472571 -5.53999816
v -0.17739175 4.88071824 -5.64257245
v 0.11032675 4.77312900 -5.43399803
v -0.17871216 4.91704764 -5.75807220
v 0.11179443 4.83662612 -5.53999816
v -0.17964951 4.94283788 -5.91178572
v 0.00847154 4.95002265 -6.12822206
v 0.03400936 4.94991290 -6.25776243
v 0.07658165 4.94940756 -6.38379486
v 0.13559195 4.94812952 -6.50236640
v 0.20860883 4.94558672 -6.61095888
v 0.29252278 4.94134905 -6.70673614
v 0.38806996 4.93473643 -6.79063273
v 0.49617353 4.92503794 -6.86353965
v 0.61390805 4.91178335 -6.92245939
v 0.73815046 4.89458233 -6.96489828
v 0.86494472 4.87376464 -6.99060427
v 0.93303826 4.86123633 -6.99766082
v -40.00000000 -0.00000000 -1.00000000
v -39.55323305 -5.96169065 -1.00000000
v -38.22291223 -11.79020698 -1.00000000
v -36.03875472 -17.35534956 -1.00000000
v -33.04955097 -22.53280232 -1.00000000
v -29.32207487 -27.20690951 -1.00000000
v -24.93959207 -31.27325930 -1.00000000
v -20.00000000 -34.64101615 -1.00000000
v -14.61364097 -37.23494995 -1.00000000
v -8.90083736 -38.99711649 -1.00000000
v -2.98920374 -39.88815189 -1.00000000
v 2.98920374 -39.88815189 -1.00000000
v 8.90083736 -38.99711649 -1.00000000
v 14.61364097 -37.23494995 -1.00000000
v 20.00000000 -34.64101615 -1.00000000
v 24.93959207 -31.27325930 -1.00000000
v 29.32207487 -27.20690951 -1.00000000
v 33.04955097 -22.53280232 -1.00000000
v 36.03875472 -17.35534956 -1.00000000
v 38.22291223 -11.79020698 -1.00000000
v 39.55323305 -5.96169065 -1.00000000
v 40.00000000 -0.00000000 -1.00000000
v 39.55323305 5.96169065 -1.00000000
v 38.22291223 11.79020698 -1.00000000
v 36.03875472 17.35534956 -1.00000000
v 33.04955097 22.53280232 -1.00000000
v 29.32207487 27.20690951 -1.00000000
v 24.93959207 31.27325930 -1.00000000
v 20.00000000 34.64101615 -1.00000000
v 14.61364097 37.23494995 -1.00000000
v 8.90083736 38.99711649 -1.00000000
v 2.98920374 39.88815189 -1.00000000
v -2.98920374 39.88815189 -1.00000000
v -8.90083736 38.99711649 -1.00000000
v -14.61364097 37.23494995 -1.00000000
v -20.00000000 34.64101615 -1.00000000
v -24.93959207 31.27325930 -1.00000000
v -29.32207487 27.20690951 -1.00000000
v -33.04955097 22.53280232 -1.00000000
v -36.03875472 17.35534956 -1.00000000
v -38.22291223 11.79020698 -1.00000000
v -39.55323305 5.96169065 -1.00000000
v -40.00000000 0.00000000 -4.00000000
v -39.55323305 5.96169065 -4.00000000
v -38.22291223 11.79020698 -4.00000000
v -36.03875472 17.35534956 -4.00000000
v -33.04955097 22.53280232 -4.00000000
v -29.32207487 27.20690951 -4.00000000
v -24.93959207 31.27325930 -4.00000000
v -20.00000000 34.64101615 -4.00000000
v -14.61364097 37.23494995 -4.00000000
v -8.90083736 38.99711649 -4.00000000
v -2.98920374 39.88815189 -4.00000000
v 2.98920374 39.88815189 -4.00000000
v 8.90083736 38.99711649 -4.00000000
v 14.61364097 37.23494995 -4.00000000
v 20.00000000 34.64101615 -4.00000000
v 24.93959207 31.27325930 -4.00000000
v 29.32207487 27.20690951 -4.00000000
v 33.04955097 22.53280232 -4.00000000
v 36.03875472 17.35534956 -4.00000000
v 38.22291223 11.79020698 -4.00000000
v 39.55323305 5.96169065 -4.00000000
v 40.00000000 0.00000000 -4.00000000
v 39.55323305 -5.96169065 -4.00000000
v 38.22291223 -11.79020698 -4.00000000
v 36.03875472 -17.35534956 -4.00000000
v 33.04955097 -22.53280232 -4.00000000
v 29.32207487 -27.20690951 -4.00000000
v 24.93959207 -31.27325930 -4.00000000
v 20.00000000 -34.64101615 -4.00000000
v 14.61364097 -37.23494995 -4.00000000
v 8.90083736 -38.99711649 -4.00000000
v 2.98920374 -39.88815189 -4.00000000
v -2.98920374 -39.88815189 -4.00000000
v -8.90083736 -38.99711649 -4.00000000
v -14.61364097 -37.23494995 -4.00000000
v -20.00000000 -34.64101615 -4.00000000
v -24.93959207 -31.27325930 -4.00000000
v -29.32207487 -27.20690951 -4.00000000
v -33.04955097 -22.53280232 -4.00000000
v -36.03875472 -17.35534956 -4.00000000
v -38.22291223 -11.79020698 -4.00000000
v -39.55323305 -5.96169065 -4.00000000
vt 0.50000000 0.50000000
vt 0.50000000 0.50000000
vt 0.50000000 0.50000000
vt 0.50000000 0.50000000
vt 0.50000000 0.50000000
vt 0.50000000 0.50000000
vt 0.50000000 0.50000000
vt 0.50000000 0.50000000
vt 0.50000000 0.50000000
vt 0.50000000 0.50000000
vt 0.50000000 0.50000000
vt 0.50000000 0.50000000
vt 0.50000000 0.50000000
vt 0.50000000 0.50000000
vt 0.50000000 0.50000000
vt 0.50000000 0.50000000
vt 0.50000000 0.50000000
vt 0.50000000 0.50000000
vt 0.50000000 0.50000000
vt 0.50000000 0.50000000
vt 0.50000000 0.50000000
vt 0.50000000 0.50000000
vt 0.50000000 0.50000000
vt 0.50000000 0.50000000
vt 0.50000000 0.50000000
vt 0.50000000 0.50000000
vt 0.50000000 0.50000000
vt 0.50000000 0.50000000
vt 0.50000000 0.50000000
vt 0.50000000 0.50000000
vt 0.50000000 0.50000000
vt 0.50000000 0.50000000
vt 0.50000000 0.50000000
vt 0.50000000 0.50000000
vt 0.50000000 0.50000000
vt 0.50000000 0.50000000
vt 0.50000000 0.50000000
vt 0.50000000 0.50000000
vt 0.50000000 0.50000000
vt 0.50000000 0.50000000
vt 0.50000000 0.50000000
vt 0.50000000 0.50000000
vt 0.50000000 0.50000000
vt 0.50000000 0.50000000
vt 0.50000000 0.50000000
vt 0.50000000 0.50000000
vt 0.50000000 0.50000000
vt 0.50000000 0.50000000
vt 0.50000000 0.50000000
vt 0.50000000 0.50000000
vt 0.50000000 0.50000000
vt 0.50000000 0.50000000
vt 0.50000000 0.50000000
vt 0.50000000 0.50000000
vt 0.50000000 0.50000000
vt 0.50000000 0.50000000
vt 0.50000000 0.50000000
vt 0.50000000 0.50000000
vt 0.50000000 0.50000000
vt 0.50000000 0.50000000
vt 0.50000000 0.50000000
vt 0.50000000 0.50000000
vt 0.50000000 0.50000000
vt 0.50000000 0.50000000
vt 0.50000000 0.50000000
vt 0.50000000 0.50000000
vt 0.50000000 0.50000000
vt 0.50000000 0.50000000
vt 0.50000000 0.50000000
vt 0.50000000 0.50000000
vt 0.50000000 0.50000000
vt 0.50000000 0.50000000
vt 0.50000000 0.50000000
vt 0.50000000 0.50000000
vt 0.50000000 0.50000000
vt 0.50000000 0.50000000
vt 0.50000000 0.50000000
vt 0.50000000 0.50000000
vt 0.50000000 0.50000000
vt 0.50000000 0.50000000
vt 0.50000000 0.50000000
vt 0.50000000 0.50000000
vt 0.50000000 0.50000000
vt 0.50000000 0.50000000
vt 0.50000000 0.50000000
vt 0.50000000 0.50000000
vt 0.50000000 0.50000000
vt 0.50000000 0.50000000
vt 0.50000000 0.50000000
vt 0.50000000 0.50000000
vt 0.50000000 0.50000000
vt 0.50000000 0.50000000
vt 0.50000000 0.50000000
vt 0.50000000 0.50000000
vt 0.50000000 0.50000000
vt 0.50000000 0.50000000
vt 0.50000000 0.50000000
vt 0.50000000 0.50000000
vt 0.50000000 0.50000000
vt 0.50000000 0.50000000
vt 0.50000000 0.50000000
vt 0.50000000 0.50000000
vt 0.50000000 0.50000000
vt 0.50000000 0.50000000
vt 0.50000000 0.50000000
vt 0.50000000 0.50000000
vt 0.50000000 0.50000000
vt 0.50000000 0.50000000
vt 0.50000000 0.50000000
vt 0.50000000 0.50000000
vt 0.50000000 0.50000000
vt 0.50000000 0.50000000
vt 0.50000000 0.50000000
vt 0.50000000 0.50000000
vt 0.50000000 0.50000000
vt 0.50000000 0.50000000
vt 0.50000000 0.50000000
vt 0.50000000 0.50000000
vt 0.50000000 0.50000000
vt 0.50000000 0.50000000
vt 0.50000000 0.50000000
vt 0.50000000 0.50000000
vt 0.50000000 0.50000000
vt 0.50000000 0.50000000
vt 0.50000000 0.50000000
vt 0.50000000 0.50000000
vt 0.50000000 0.50000000
vt 0.50000000 0.50000000
vt 0.50000000 0.50000000
vt 0.50000000 0.50000000
vt 0.50000000 0.50000000
vt 0.50000000 0.50000000
vt 0.50000000 0.50000000
vt 0.50000000 0.50000000
vt 0.50000000 0.50000000
vt 0.50000000 0.50000000
vt 0.50000000 0.50000000
vt 0.50000000 0.50000000
vt 0.50000000 0.50000000
vt 0.50000000 0.50000000
vt 0.50000000 0.50000000
vt 0.50000000 0.50000000
vt 0.50000000 0.50000000
vt 0.50000000 0.50000000
vt 0.50000000 0.50000000
vt 0.50000000 0.50000000
vt 0.50000000 0.50000000
vt 0.50000000 0.50000000
vt 0.50000000 0.50000000
vt 0.50000000 0.50000000
vt 0.50000000 0.50000000
vt 0.50000000 0.50000000
vt 0.50000000 0.50000000
vt 0.50000000 0.50000000
vt 0.50000000 0.50000000
vt 0.50000000 0.50000000
vt 0.50000000 0.50000000
vt 0.50000000 0.50000000
vt 0.50000000 0.50000000
vt 0.50000000 0.50000000
vt 0.50000000 0.50000000
vt 0.50000000 0.50000000
vt 0.50000000 0.50000000
vt 0.50000000 0.50000000
vt 0.50000000 0.50000000
vt 0.50000000 0.50000000
vt 0.50000000 0.50000000
vt 0.50000000 0.50000000
vt 0.50000000 0.50000000
vt 0.50000000 0.50000000
vt 0.50000000 0.50000000
vt 0.50000000 0.50000000
vt 0.50000000 0.50000000
vt 0.50000000 0.50000000
vt 0.50000000 0.50000000
vt 0.50000000 0.50000000
vt 0.50000000 0.50000000
vt 0.50000000 0.50000000
vt 0.50000000 0.50000000
vt 0.50000000 0.50000000
vt 0.50000000 0.50000000
vt 0.50000000 0.50000000
vt 0.50000000 0.50000000
vt 0.50000000 0.50000000
vt 0.50000000 0.50000000
vt 0.50000000 0.50000000
vt 0.50000000 0.50000000
vt 0.50000000 0.50000000
vt 0.50000000 0.50000000
vt 0.50000000 0.50000000
vt 0.50000000 0.50000000
vt 0.50000000 0.50000000
vt 0.50000000 0.50000000
vt 0.50000000 0.50000000
vt 0.50000000 0.50000000
vt 0.50000000 0.50000000
vt 0.50000000 0.50000000
vt 0.50000000 0.50000000
vt 0.50000000 0.50000000
vt 0.50000000 0.50000000
vt 0.50000000 0.50000000
vt 0.50000000 0.50000000
vt 0.50000000 0.50000000
vt 0.50000000 0.50000000
vt 0.50000000 0.50000000
vt 0.50000000 0.50000000
vt 0.50000000 0.50000000
vt 0.50000000 0.50000000
vt 0.50000000 0.50000000
vt 0.50000000 0.50000000
vt 0.50000000 0.50000000
vt 0.50000000 0.50000000
vt 0.50000000 0.50000000
vt 0.50000000 0.50000000
vt 0.50000000 0.50000000
vt 0.50000000 0.50000000
vt 0.50000000 0.50000000
vt 0.50000000 0.50000000
vt 0.50000000 0.50000000
vt 0.50000000 0.50000000
vt 0.50000000 0.50000000
vt 0.50000000 0.50000000
vt 0.50000000 0.50000000
vt 0.50000000 0.50000000
vt 0.50000000 0.50000000
vt 0.50000000 0.50000000
vt 0.50000000 0.50000000
vt 0.50000000 0.50000000
vt 0.50000000 0.50000000
vt 0.50000000 0.50000000
vt 0.50000000 0.50000000
vt 0.50000000 0.50000000
vt 0.50000000 0.50000000
vt 0.50000000 0.50000000
vt 0.50000000 0.50000000
vt 0.50000000 0.50000000
vt 0.50000000 0.50000000
vt 0.50000000 0.50000000
vt 0.50000000 0.50000000
vt 0.50000000 0.50000000
vt 0.50000000 0.50000000
vt 0.50000000 0.50000000
vt 0.50000000 0.50000000
vt 0.50000000 0.50000000
vt 0.50000000 0.50000000
vt 0.50000000 0.50000000
vt 0.50000000 0.50000000
vt 0.50000000 0.50000000
vt 0.50000000 0.50000000
vt 0.50000000 0.50000000
vt 0.50000000 0.50000000
vt 0.50000000 0.50000000
vt 0.50000000 0.50000000
vt 0.50000000 0.50000000
vt 0.50000000 0.50000000
vt 0.50000000 0.50000000
vt 0.50000000 0.50000000
vt 0.50000000 0.50000000
vt 0.50000000 0.50000000
vt 0.50000000 0.50000000
vt 0.50000000 0.50000000
vt 0.50000000 0.50000000
vt 0.50000000 0.50000000
vt 0.50000000 0.50000000
vt 0.50000000 0.50000000
vt 0.50000000 0.50000000
vt 0.50000000 0.50000000
vt 0.50000000 0.50000000
vt 0.50000000 0.50000000
vt 0.50000000 0.50000000
vt 0.50000000 0.50000000
vt 0.50000000 0.50000000
vt 0.50000000 0.50000000
vt 0.50000000 0.50000000
vt 0.50000000 0.50000000
vt 0.50000000 0.50000000
vt 0.50000000 0.50000000
vt 0.50000000 0.50000000
vt 0.50000000 0.50000000
vt 0.50000000 0.50000000
vt 0.50000000 0.50000000
vt 0.50000000 0.50000000
vt 0.50000000 0.50000000
vt 0.50000000 0.50000000
vt 0.50000000 0.50000000
vt 0.50000000 0.50000000
vt 0.50000000 0.50000000
vt 0.50000000 0.50000000
vt 0.50000000 0.50000000
vt 0.50000000 0.50000000
vt 0.50000000 0.50000000
vt 0.50000000 0.50000000
vt 0.50000000 0.50000000
vt 0.50000000 0.50000000
vt 0.50000000 0.50000000
vt 0.50000000 0.50000000
vt 0.50000000 0.50000000
vt 0.50000000 0.50000000
vt 0.50000000 0.50000000
vt 0.50000000 0.50000000
vt 0.50000000 0.50000000
vt 0.50000000 0.50000000
vt 0.50000000 0.50000000
vt 0.50000000 0.50000000
vt 0.50000000 0.50000000
vt 0.50000000 0.50000000
vt 0.50000000 0.50000000
vt 0.50000000 0.50000000
vt 0.50000000 0.50000000
vt 0.50000000 0.50000000
vt 0.50000000 0.50000000
vt 0.50000000 0.50000000
vt 0.50000000 0.50000000
vt 0.50000000 0.50000000
vt 0.50000000 0.50000000
vt 0.50000000 0.50000000
vt 0.50000000 0.50000000
vt 0.50000000 0.50000000
vt 0.50000000 0.50000000
vt 0.50000000 0.50000000
vt 0.50000000 0.50000000
vt 0.50000000 0.50000000
vt 0.50000000 0.50000000
vt 0.50000000 0.50000000
vt 0.50000000 0.50000000
vt 0.50000000 0.50000000
vt 0.50000000 0.50000000
vt 0.50000000 0.50000000
vt 0.50000000 0.50000000
vt 0.50000000 0.50000000
vt 0.50000000 0.50000000
vt 0.50000000 0.50000000
vt 0.50000000 0.50000000
vt 0.50000000 0.50000000
vt 0.50000000 0.50000000
vt 0.50000000 0.50000000
vt 0.50000000 0.50000000
vt 0.50000000 0.50000000
vt 0.50000000 0.50000000
vt 0.50000000 0.50000000
vt 0.50000000 0.50000000
vt 0.50000000 0.50000000
vt 0.50000000 0.50000000
vt 0.50000000 0.50000000
vt 0.50000000 0.50000000
vt 0.50000000 0.50000000
vt 0.50000000 0.50000000
vt 0.50000000 0.50000000
vt 0.50000000 0.50000000
vt 0.50000000 0.50000000
vt 0.50000000 0.50000000
vt 0.50000000 0.50000000
vt 0.50000000 0.50000000
vt 0.50000000 0.50000000
vt 0.50000000 0.50000000
vt 0.50000000 0.50000000
vt 0.50000000 0.50000000
vt 0.50000000 0.50000000
vt 0.50000000 0.50000000
vt 0.50000000 0.50000000
vt 0.50000000 0.50000000
vt 0.50000000 0.50000000
vt 0.50000000 0.50000000
vt 0.50000000 0.50000000
vt 0.50000000 0.50000000
vt 0.50000000 0.50000000
vt 0.50000000 0.50000000
vt 0.50000000 0.50000000
vt 0.50000000 0.50000000
vt 0.50000000 0.50000000
vt 0.50000000 0.50000000
vt 0.50000000 0.50000000
vt 0.50000000 0.50000000
vt 0.50000000 0.50000000
vt 0.50000000 0.50000000
vt 0.50000000 0.50000000
vt 0.50000000 0.50000000
vt 0.50000000 0.50000000
vt 0.50000000 0.50000000
vt 0.50000000 0.50000000
vt 0.50000000 0.50000000
vt 0.50000000 0.50000000
vt 0.50000000 0.50000000
vt 0.50000000 0.50000000
vt 0.50000000 0.50000000
vt 0.50000000 0.50000000
vt 0.50000000 0.50000000
vt 0.50000000 0.50000000
vt 0.50000000 0.50000000
vt 0.50000000 0.50000000
vt 0.50000000 0.50000000
vt 0.50000000 0.50000000
vt 0.50000000 0.50000000
vt 0.50000000 0.50000000
vt 0.50000000 0.50000000
vt 0.50000000 0.50000000
vt 0.50000000 0.50000000
vt 0.50000000 0.50000000
vt 0.50000000 0.50000000
vt 0.50000000 0.50000000
vt 0.50000000 0.50000000
vt 0.50000000 0.50000000
vt 0.50000000 0.50000000
vt 0.50000000 0.50000000
vt 0.50000000 0.50000000
vt 0.50000000 0.50000000
vt 0.50000000 0.50000000
vt 0.50000000 0.50000000
vt 0.50000000 0.50000000
vt 0.50000000 0.50000000
vt 0.50000000 0.50000000
vt 0.50000000 0.50000000
vt 0.50000000 0.50000000
vt 0.50000000 0.50000000
vt 0.50000000 0.50000000
vt 0.50000000 0.50000000
vt 0.50000000 0.50000000
vt 0.50000000 0.50000000
vt 0.50000000 0.50000000
vt 0.50000000 0.50000000
vt 0.50000000 0.50000000
vt 0.50000000 0.50000000
vt 0.50000000 0.50000000
vt 0.50000000 0.50000000
vt 0.50000000 0.50000000
vt 0.50000000 0.50000000
vt 0.50000000 0.50000000
vt 0.50000000 0.50000000
vt 0.50000000 0.50000000
vt 0.50000000 0.50000000
vt 0.50000000 0.50000000
vt 0.50000000 0.50000000
vt 0.50000000 0.50000000
vt 0.50000000 0.50000000
vt 0.50000000 0.50000000
vt 0.50000000 0.50000000
vt 0.50000000 0.50000000
vt 0.50000000 0.50000000
vt 0.50000000 0.50000000
vt 0.50000000 0.50000000
vt 0.50000000 0.50000000
vt 0.50000000 0.50000000
vt 0.50000000 0.50000000
vt 0.50000000 0.50000000
vt 0.50000000 0.50000000
vt 0.50000000 0.50000000
vt 0.50000000 0.50000000
vt 0.50000000 0.50000000
vt 0.50000000 0.50000000
vt 0.50000000 0.50000000
vt 0.50000000 0.50000000
vt 0.50000000 0.50000000
vt 0.50000000 0.50000000
vt 0.50000000 0.50000000
vt 0.50000000 0.50000000
vt 0.50000000 0.50000000
vt 0.50000000 0.50000000
vt 0.50000000 0.50000000
vt 0.50000000 0.50000000
vt 0.50000000 0.50000000
vt 0.50000000 0.50000000
vt 0.50000000 0.50000000
vt 0.50000000 0.50000000
vt 0.50000000 0.50000000
vt 0.50000000 0.50000000
vt 0.50000000 0.50000000
vt 0.50000000 0.50000000
vt 0.50000000 0.50000000
vt 0.50000000 0.50000000
vt 0.50000000 0.50000000
vt 0.50000000 0.50000000
vt 0.50000000 0.50000000
vt 0.50000000 0.50000000
vt 0.50000000 0.50000000
vt 0.50000000 0.50000000
vt 0.50000000 0.50000000
vt 0.50000000 0.50000000
vt 0.50000000 0.50000000
vt 0.50000000 0.50000000
vt 0.50000000 0.50000000
vt 0.50000000 0.50000000
vt 0.50000000 0.50000000
vt 0.50000000 0.50000000
vt 0.50000000 0.50000000
vt 0.50000000 0.50000000
vt 0.50000000 0.50000000
vt 0.50000000 0.50000000
vt 0.50000000 0.50000000
vt 0.50000000 0.50000000
vt 0.50000000 0.50000000
vt 0.50000000 0.50000000
vt 0.50000000 0.50000000
vt 0.50000000 0.50000000
vt 0.50000000 0.50000000
vt 0.50000000 0.50000000
vt 0.50000000 0.50000000
vt 0.50000000 0.50000000
vt 0.50000000 0.50000000
vt 0.50000000 0.50000000
vt 0.50000000 0.50000000
vt 0.50000000 0.50000000
vt 0.50000000 0.50000000
vt 0.50000000 0.50000000
vt 0.50000000 0.50000000
vt 0.50000000 0.50000000
vt 0.50000000 0.50000000
vt 0.50000000 0.50000000
vt 0.50000000 0.50000000
vt 0.50000000 0.50000000
vt 0.50000000 0.50000000
vt 0.50000000 0.50000000
vt 0.50000000 0.50000000
vt 0.50000000 0.50000000
vt 0.50000000 0.50000000
vt 0.50000000 0.50000000
vt 0.50000000 0.50000000
vt 0.50000000 0.50000000
vt 0.50000000 0.50000000
vt 0.50000000 0.50000000
vt 0.50000000 0.50000000
vt 0.50000000 0.50000000
vt 0.50000000 0.50000000
vt 0.50000000 0.50000000
vt 0.50000000 0.50000000
vt 0.50000000 0.50000000
vt 0.50000000 0.50000000
vt 0.50000000 0.50000000
vt 0.50000000 0.50000000
vt 0.50000000 0.50000000
vt 0.50000000 0.50000000
vt 0.50000000 0.50000000
vt 0.50000000 0.50000000
vt 0.50000000 0.50000000
vt 0.50000000 0.50000000
vt 0.50000000 0.50000000
vt 0.50000000 0.50000000
vt 0.50000000 0.50000000
vt 0.50000000 0.50000000
vt 0.50000000 0.50000000
vt 0.50000000 0.50000000
vt 0.50000000 0.50000000
vt 0.50000000 0.50000000
vt 0.50000000 0.50000000
vt 0.50000000 0.50000000
vt 0.50000000 0.50000000
vt 0.50000000 0.50000000
vt 0.50000000 0.50000000
vt 0.50000000 0.50000000
vt 0.50000000 0.50000000
vt 0.50000000 0.50000000
vt 0.50000000 0.50000000
vt 0.50000000 0.50000000
vt 0.50000000 0.50000000
vt 0.50000000 0.50000000
vt 0.50000000 0.50000000
vt 0.50000000 0.50000000
vt 0.50000000 0.50000000
vt 0.50000000 0.50000000
vt 0.50000000 0.50000000
vt 0.50000000 0.50000000
vt 0.50000000 0.50000000
vt 0.50000000 0.50000000
vt 0.50000000 0.50000000
vt 0.50000000 0.50000000
vt 0.50000000 0.50000000
vt 0.50000000 0.50000000
vt 0.50000000 0.50000000
vt 0.50000000 0.50000000
vt 0.50000000 0.50000000
vt 0.50000000 0.50000000
vt 0.50000000 0.50000000
vt 0.50000000 0.50000000
vt 0.50000000 0.50000000
vt 0.50000000 0.50000000
vt 0.50000000 0.50000000
vt 0.50000000 0.50000000
vt 0.50000000 0.50000000
vt 0.50000000 0.50000000
vt 0.50000000 0.50000000
vt 0.50000000 0.50000000
vt 0.50000000 0.50000000
vt 0.50000000 0.50000000
vt 0.50000000 0.50000000
vt 0.50000000 0.50000000
vt 0.50000000 0.50000000
vt 0.50000000 0.50000000
vt 0.50000000 0.50000000
vt 0.50000000 0.50000000
vt 0.50000000 0.50000000
vt 0.50000000 0.50000000
vt 0.50000000 0.50000000
vt 0.50000000 0.50000000
vt 0.50000000 0.50000000
vt 0.50000000 0.50000000
vt 0.50000000 0.50000000
vt 0.50000000 0.50000000
vt 0.50000000 0.50000000
vt 0.50000000 0.50000000
vt 0.50000000 0.50000000
vt 0.50000000 0.50000000
vt 0.50000000 0.50000000
vt 0.50000000 0.50000000
vt 0.50000000 0.50000000
vt 0.50000000 0.50000000
vt 0.50000000 0.50000000
vt 0.50000000 0.50000000
vt 0.50000000 0.50000000
vt 0.50000000 0.50000000
vt 0.50000000 0.50000000
vt 0.50000000 0.50000000
vt 0.50000000 0.50000000
vt 0.50000000 0.50000000
vt 0.50000000 0.50000000
vt 0.50000000 0.50000000
vt 0.50000000 0.50000000
vt 0.50000000 0.50000000
vt 0.50000000 0.50000000
vt 0.50000000 0.50000000
vt 0.50000000 0.50000000
vt 0.50000000 0.50000000
vt 0.50000000 0.50000000
vt 0.50000000 0.50000000
vt 0.50000000 0.50000000
vt 0.50000000 0.50000000
vt 0.50000000 0.50000000
vt 0.50000000 0.50000000
vt 0.50000000 0.50000000
vt 0.50000000 0.50000000
vt 0.50000000 0.50000000
vt 0.50000000 0.50000000
vt 0.50000000 0.50000000
vt 0.50000000 0.50000000
vt 0.50000000 0.50000000
vt 0.50000000 0.50000000
vt 0.50000000 0.50000000
vt 0.50000000 0.50000000
vt 0.50000000 0.50000000
vt 0.50000000 0.50000000
vt 0.50000000 0.50000000
vt 0.50000000 0.50000000
vt 0.50000000 0.50000000
vt 0.50000000 0.50000000
vt 0.50000000 0.50000000
vt 0.50000000 0.50000000
vt 0.50000000 0.50000000
vt 0.50000000 0.50000000
vt 0.50000000 0.50000000
vt 0.50000000 0.50000000
vt 0.50000000 0.50000000
vt 0.50000000 0.50000000
vt 0.50000000 0.50000000
vt 0.50000000 0.50000000
vt 0.50000000 0.50000000
vt 0.50000000 0.50000000
vt 0.50000000 0.50000000
vt 0.50000000 0.50000000
vt 0.50000000 0.50000000
vt 0.50000000 0.50000000
vt 0.50000000 0.50000000
vt 0.50000000 0.50000000
vt 0.50000000 0.50000000
vt 0.50000000 0.50000000
vt 0.50000000 0.50000000
vt 0.50000000 0.50000000
vt 0.50000000 0.50000000
vt 0.50000000 0.50000000
vt 0.50000000 0.50000000
vt 0.50000000 0.50000000
vt 0.50000000 0.50000000
vt 0.50000000 0.50000000
vt 0.50000000 0.50000000
vt 0.50000000 0.50000000
vt 0.50000000 0.50000000
vt 0.50000000 0.50000000
vt 0.50000000 0.50000000
vt 0.50000000 0.50000000
vt 0.50000000 0.50000000
vt 0.50000000 0.50000000
vt 0.50000000 0.50000000
vt 0.50000000 0.50000000
vt 0.50000000 0.50000000
vt 0.50000000 0.50000000
vt 0.50000000 0.50000000
vt 0.50000000 0.50000000
vt 0.50000000 0.50000000
vt 0.50000000 0.50000000
vt 0.50000000 0.50000000
vt 0.50000000 0.50000000
vt 0.50000000 0.50000000
vt 0.50000000 0.50000000
vt 0.50000000 0.50000000
vt 0.50000000 0.50000000
vt 0.50000000 0.50000000
vt 0.50000000 0.50000000
vt 0.50000000 0.50000000
vt 0.50000000 0.50000000
vt 0.50000000 0.50000000
vt 0.50000000 0.50000000
vt 0.50000000 0.50000000
vt 0.50000000 0.50000000
vt 0.50000000 0.50000000
vt 0.50000000 0.50000000
vt 0.50000000 0.50000000
vt 0.50000000 0.50000000
vt 0.50000000 0.50000000
vt 0.50000000 0.50000000
vt 0.50000000 0.50000000
vt 0.50000000 0.50000000
vt 0.50000000 0.50000000
vt 0.50000000 0.50000000
vt 0.50000000 0.50000000
vt 0.50000000 0.50000000
vt 0.50000000 0.50000000
vt 0.50000000 0.50000000
vt 0.50000000 0.50000000
vt 0.50000000 0.50000000
vt 0.50000000 0.50000000
vt 0.50000000 0.50000000
vt 0.50000000 0.50000000
vt 0.50000000 0.50000000
vt 0.50000000 0.50000000
vt 0.50000000 0.50000000
vt 0.50000000 0.50000000
vt 0.50000000 0.50000000
vt 0.50000000 0.50000000
vt 0.50000000 0.50000000
vt 0.50000000 0.50000000
vt 0.50000000 0.50000000
vt 0.50000000 0.50000000
vt 0.50000000 0.50000000
vt 0.50000000 0.50000000
vt 0.50000000 0.50000000
vt 0.50000000 0.50000000
vt 0.50000000 0.50000000
vt 0.50000000 0.50000000
vt 0.50000000 0.50000000
vt 0.50000000 0.50000000
vt 0.50000000 0.50000000
vt 0.50000000 0.50000000
vt 0.50000000 0.50000000
vt 0.50000000 0.50000000
vt 0.50000000 0.50000000
vt 0.50000000 0.50000000
vt 0.50000000 0.50000000
vt 0.50000000 0.50000000
vt 0.50000000 0.50000000
vt 0.50000000 0.50000000
vt 0.50000000 0.50000000
vt 0.50000000 0.50000000
vt 0.50000000 0.50000000
vt 0.50000000 0.50000000
vt 0.50000000 0.50000000
vt 0.50000000 0.50000000
vt 0.50000000 0.50000000
vt 0.50000000 0.50000000
vt 0.50000000 0.50000000
vt 0.50000000 0.50000000
vt 0.50000000 0.50000000
vt 0.50000000 0.50000000
vt 0.50000000 0.50000000
vt 0.50000000 0.50000000
vt 0.50000000 0.50000000
vt 0.50000000 0.50000000
vt 0.50000000 0.50000000
vt 0.50000000 0.50000000
vt 0.50000000 0.50000000
vt 0.50000000 0.50000000
vt 0.50000000 0.50000000
vt 0.50000000 0.50000000
vt 0.50000000 0.50000000
vt 0.50000000 0.50000000
vt 0.50000000 0.50000000
vt 0.50000000 0.50000000
vt 0.50000000 0.50000000
vt 0.50000000 0.50000000
vt 0.50000000 0.50000000
vt 0.50000000 0.50000000
vt 0.50000000 0.50000000
vt 0.50000000 0.50000000
vt 0.50000000 0.50000000
vt 0.50000000 0.50000000
vt 0.50000000 0.50000000
vt 0.50000000 0.50000000
vt 0.50000000 0.50000000
vt 0.50000000 0.50000000
vt 0.50000000 0.50000000
vt 0.50000000 0.50000000
vt 0.50000000 0.50000000
vt 0.50000000 0.50000000
vt 0.50000000 0.50000000
vt 0.50000000 0.50000000
vt 0.50000000 0.50000000
vt 0.50000000 0.50000000
vt 0.50000000 0.50000000
vt 0.50000000 0.50000000
vt 0.50000000 0.50000000
vt 0.50000000 0.50000000
vt 0.50000000 0.50000000
vt 0.50000000 0.50000000
vt 0.50000000 0.50000000
vt 0.50000000 0.50000000
vt 0.50000000 0.50000000
vt 0.50000000 0.50000000
vt 0.50000000 0.50000000
vt 0.50000000 0.50000000
vt 0.50000000 0.50000000
vt 0.50000000 0.50000000
vt 0.50000000 0.50000000
vt 0.50000000 0.50000000
vt 0.50000000 0.50000000
vt 0.50000000 0.50000000
vt 0.50000000 0.50000000
vt 0.50000000 0.50000000
vt 0.50000000 0.50000000
vt 0.50000000 0.50000000
vt 0.50000000 0.50000000
vt 0.50000000 0.50000000
vt 0.50000000 0.50000000
vt 0.50000000 0.50000000
vt 0.50000000 0.50000000
vt 0.50000000 0.50000000
vt 0.50000000 0.50000000
vt 0.50000000 0.50000000
vt 0.50000000 0.50000000
vt 0.50000000 0.50000000
vt 0.50000000 0.50000000
vt 0.50000000 0.50000000
vt 0.50000000 0.50000000
vt 0.50000000 0.50000000
vt 0.50000000 0.50000000
vt 0.50000000 0.50000000
vt 0.50000000 0.50000000
vt 0.50000000 0.50000000
vt 0.50000000 0.50000000
vt 0.50000000 0.50000000
vt 0.50000000 0.50000000
vt 0.50000000 0.50000000
vt 0.50000000 0.50000000
vt 0.50000000 0.50000000
vt 0.50000000 0.50000000
vt 0.50000000 0.50000000
vt 0.50000000 0.50000000
vt 0.50000000 0.50000000
vt 0.50000000 0.50000000
vt 0.50000000 0.50000000
vt 0.50000000 0.50000000
vt 0.50000000 0.50000000
vt 0.50000000 0.50000000
vt 0.50000000 0.50000000
vt 0.50000000 0.50000000
vt 0.50000000 0.50000000
vt 0.50000000 0.50000000
vt 0.50000000 0.50000000
vt 0.50000000 0.50000000
vt 0.50000000 0.50000000
vt 0.50000000 0.50000000
vt 0.50000000 0.50000000
vt 0.50000000 0.50000000
vt 0.50000000 0.50000000
vt 0.50000000 0.50000000
vt 0.50000000 0.50000000
vt 0.50000000 0.50000000
vt 0.50000000 0.50000000
vt 0.50000000 0.50000000
vt 0.50000000 0.50000000
vt 0.50000000 0.50000000
vt 0.50000000 0.50000000
vt 0.50000000 0.50000000
vt 0.50000000 0.50000000
vt 0.50000000 0.50000000
vt 0.50000000 0.50000000
vt 0.50000000 0.50000000
vt 0.50000000 0.50000000
vt 0.50000000 0.50000000
vt 0.50000000 0.50000000
vt 0.50000000 0.50000000
vt 0.50000000 0.50000000
vt 0.50000000 0.50000000
vt 0.50000000 0.50000000
vt 0.50000000 0.50000000
vt 0.50000000 0.50000000
vt 0.50000000 0.50000000
vt 0.50000000 0.50000000
vt 0.50000000 0.50000000
vt 0.50000000 0.50000000
vt 0.50000000 0.50000000
vt 0.50000000 0.50000000
vt 0.50000000 0.50000000
vt 0.50000000 0.50000000
vt 0.50000000 0.50000000
vt 0.50000000 0.50000000
vt 0.50000000 0.50000000
vt 0.50000000 0.50000000
vt 0.50000000 0.50000000
vt 0.50000000 0.50000000
vt 0.50000000 0.50000000
vt 0.50000000 0.50000000
vt 0.50000000 0.50000000
vt 0.50000000 0.50000000
vt 0.50000000 0.50000000
vt 0.50000000 0.50000000
vt 0.50000000 0.50000000
vt 0.50000000 0.50000000
vt 0.50000000 0.50000000
vt 0.50000000 0.50000000
vt 0.50000000 0.50000000
vt 0.50000000 0.50000000
vt 0.50000000 0.50000000
vt 0.50000000 0.50000000
vt 0.50000000 0.50000000
vt 0.50000000 0.50000000
vt 0.50000000 0.50000000
vt 0.50000000 0.50000000
vt 0.50000000 0.50000000
vt 0.50000000 0.50000000
vt 0.50000000 0.50000000
vt 0.50000000 0.50000000
vt 0.50000000 0.50000000
vt 0.50000000 0.50000000
vt 0.50000000 0.50000000
vt 0.50000000 0.50000000
vt 0.50000000 0.50000000
vt 0.50000000 0.50000000
vt 0.50000000 0.50000000
vt 0.50000000 0.50000000
vt 0.50000000 0.50000000
vt 0.50000000 0.50000000
vt 0.50000000 0.50000000
vt 0.50000000 0.50000000
vt 0.50000000 0.50000000
vt 0.50000000 0.50000000
vt 0.50000000 0.50000000
vt 0.50000000 0.50000000
vt 0.50000000 0.50000000
vt 0.50000000 0.50000000
vt 0.50000000 0.50000000
vt 0.50000000 0.50000000
vt 0.50000000 0.50000000
vt 0.50000000 0.50000000
vt 0.50000000 0.50000000
vt 0.50000000 0.50000000
vt 0.50000000 0.50000000
vt 0.50000000 0.50000000
vt 0.50000000 0.50000000
vt 0.50000000 0.50000000
vt 0.50000000 0.50000000
vt 0.50000000 0.50000000
vt 0.50000000 0.50000000
vt 0.50000000 0.50000000
vt 0.50000000 0.50000000
vt 0.50000000 0.50000000
vt 0.50000000 0.50000000
vt 0.50000000 0.50000000
vt 0.50000000 0.50000000
vt 0.50000000 0.50000000
vt 0.50000000 0.50000000
vt 0.50000000 0.50000000
vt 0.50000000 0.50000000
vt 0.50000000 0.50000000
vt 0.50000000 0.50000000
vt 0.50000000 0.50000000
vt 0.50000000 0.50000000
vt 0.50000000 0.50000000
vt 0.50000000 0.50000000
vt 0.50000000 0.50000000
vt 0.50000000 0.50000000
vt 0.50000000 0.50000000
vt 0.50000000 0.50000000
vt 0.50000000 0.50000000
vt 0.50000000 0.50000000
vt 0.50000000 0.50000000
vt 0.50000000 0.50000000
vt 0.50000000 0.50000000
vt 0.50000000 0.50000000
vt 0.50000000 0.50000000
vt 0.50000000 0.50000000
vt 0.50000000 0.50000000
vt 0.50000000 0.50000000
vt 0.50000000 0.50000000
vt 0.50000000 0.50000000
vt 0.50000000 0.50000000
vt 0.50000000 0.50000000
vt 0.50000000 0.50000000
vt 0.50000000 0.50000000
vt 0.50000000 0.50000000
vt 0.50000000 0.50000000
vt 0.50000000 0.50000000
vt 0.50000000 0.50000000
vt 0.50000000 0.50000000
vt 0.50000000 0.50000000
vt 0.50000000 0.50000000
vt 0.50000000 0.50000000
vt 0.50000000 0.50000000
vt 0.50000000 0.50000000
vt 0.50000000 0.50000000
vt 0.50000000 0.50000000
vt 0.50000000 0.50000000
vt 0.50000000 0.50000000
vt 0.50000000 0.50000000
vt 0.50000000 0.50000000
vt 0.50000000 0.50000000
vt 0.50000000 0.50000000
vt 0.50000000 0.50000000
vt 0.50000000 0.50000000
vt 0.50000000 0.50000000
vt 0.50000000 0.50000000
vt 0.50000000 0.50000000
vt 0.50000000 0.50000000
vt 0.50000000 0.50000000
vt 0.50000000 0.50000000
vt 0.50000000 0.50000000
vt 0.50000000 0.50000000
vt 0.50000000 0.50000000
vt 0.50000000 0.50000000
vt 0.50000000 0.50000000
vt 0.50000000 0.50000000
vt 0.50000000 0.50000000
vt 0.50000000 0.50000000
vt 0.50000000 0.50000000
vt 0.50000000 0.50000000
vt 0.50000000 0.50000000
vt 0.50000000 0.50000000
vt 0.50000000 0.50000000
vt 0.50000000 0.50000000
vt 0.50000000 0.50000000
vt 0.50000000 0.50000000
vt 0.50000000 0.50000000
vt 0.50000000 0.50000000
vt 0.50000000 0.50000000
vt 0.50000000 0.50000000
vt 0.50000000 0.50000000
vt 0.50000000 0.50000000
vt 0.50000000 0.50000000
vt 0.50000000 0.50000000
vt 0.50000000 0.50000000
vt 0.50000000 0.50000000
vt 0.50000000 0.50000000
vt 0.50000000 0.50000000
vt 0.50000000 0.50000000
vt 0.50000000 0.50000000
vt 0.50000000 0.50000000
vt 0.50000000 0.50000000
vt 0.50000000 0.50000000
vt 0.50000000 0.50000000
vt 0.50000000 0.50000000
vt 0.50000000 0.50000000
vt 0.50000000 0.50000000
vt 0.50000000 0.50000000
vt 0.50000000 0.50000000
vt 0.50000000 0.50000000
vt 0.50000000 0.50000000
vt 0.50000000 0.50000000
vt 0.50000000 0.50000000
vt 0.50000000 0.50000000
vt 0.50000000 0.50000000
vt 0.50000000 0.50000000
vt 0.50000000 0.50000000
vt 0.50000000 0.50000000
vt 0.50000000 0.50000000
vt 0.50000000 0.50000000
vt 0.50000000 0.50000000
vt 0.50000000 0.50000000
vt 0.50000000 0.50000000
vt 0.50000000 0.50000000
vt 0.50000000 0.50000000
vt 0.50000000 0.50000000
vt 0.50000000 0.50000000
vt 0.50000000 0.50000000
vt 0.50000000 0.50000000
vt 0.50000000 0.50000000
vt 0.50000000 0.50000000
vt 0.50000000 0.50000000
vt 0.50000000 0.50000000
vt 0.50000000 0.50000000
vt 0.50000000 0.50000000
vt 0.50000000 0.50000000
vt 0.50000000 0.50000000
vt 0.50000000 0.50000000
vt 0.50000000 0.50000000
vt 0.50000000 0.50000000
vt 0.50000000 0.50000000
vt 0.50000000 0.50000000
vt 0.50000000 0.50000000
vt 0.50000000 0.50000000
vt 0.50000000 0.50000000
vt 0.50000000 0.50000000
vt 0.50000000 0.50000000
vt 0.50000000 0.50000000
vt 0.50000000 0.50000000
vt 0.50000000 0.50000000
vt 0.50000000 0.50000000
vt 0.50000000 0.50000000
vt 0.50000000 0.50000000
vt 0.50000000 0.50000000
vt 0.50000000 0.50000000
vt 0.50000000 0.50000000
vt 0.50000000 0.50000000
vt 0.50000000 0.50000000
vt 0.50000000 0.50000000
vt 0.50000000 0.50000000
vt 0.50000000 0.50000000
vt 0.50000000 0.50000000
vt 0.50000000 0.50000000
vt 0.50000000 0.50000000
vt 0.50000000 0.50000000
vt 0.50000000 0.50000000
vt 0.50000000 0.50000000
vt 0.50000000 0.50000000
vt 0.50000000 0.50000000
vt 0.50000000 0.50000000
vt 0.50000000 0.50000000
vt 0.50000000 0.50000000
vt 0.50000000 0.50000000
vt 0.50000000 0.50000000
vt 0.50000000 0.50000000
vt 0.50000000 0.50000000
vt 0.50000000 0.50000000
vt 0.50000000 0.50000000
vt 0.50000000 0.50000000
vt 0.50000000 0.50000000
vt 0.50000000 0.50000000
vt 0.50000000 0.50000000
vt 0.50000000 0.50000000
vt 0.50000000 0.50000000
vt 0.50000000 0.50000000
vt 0.50000000 0.50000000
vt 0.50000000 0.50000000
vt 0.50000000 0.50000000
vt 0.50000000 0.50000000
vt 0.50000000 0.50000000
vt 0.50000000 0.50000000
vt 0.50000000 0.50000000
vt 0.50000000 0.50000000
vt 0.50000000 0.50000000
vt 0.50000000 0.50000000
vt 0.50000000 0.50000000
vt 0.50000000 0.50000000
vt 0.50000000 0.50000000
vt 0.50000000 0.50000000
vt 0.50000000 0.50000000
vt 0.50000000 0.50000000
vt 0.50000000 0.50000000
vt 0.50000000 0.50000000
vt 0.50000000 0.50000000
vt 0.50000000 0.50000000
vt 0.50000000 0.50000000
vt 0.50000000 0.50000000
vt 0.50000000 0.50000000
vt 0.50000000 0.50000000
vt 0.50000000 0.50000000
vt 0.50000000 0.50000000
vt 0.50000000 0.50000000
vt 0.50000000 0.50000000
vt 0.50000000 0.50000000
vt 0.50000000 0.50000000
vt 0.50000000 0.50000000
vt 0.50000000 0.50000000
vt 0.50000000 0.50000000
vt 0.50000000 0.50000000
vt 0.50000000 0.50000000
vt 0.50000000 0.50000000
vt 0.50000000 0.50000000
vt 0.50000000 0.50000000
vt 0.50000000 0.50000000
vt 0.50000000 0.50000000
vt 0.50000000 0.50000000
vt 0.50000000 0.50000000
vt 0.50000000 0.50000000
vt 0.50000000 0.50000000
vt 0.50000000 0.50000000
vt 0.50000000 0.50000000
vt 0.50000000 0.50000000
vt 0.50000000 0.50000000
vt 0.50000000 0.50000000
vt 0.50000000 0.50000000
vt 0.50000000 0.50000000
vt 0.50000000 0.50000000
vt 0.50000000 0.50000000
vt 0.50000000 0.50000000
vt 0.50000000 0.50000000
vt 0.50000000 0.50000000
vt 0.50000000 0.50000000
vt 0.50000000 0.50000000
vt 0.50000000 0.50000000
vt 0.50000000 0.50000000
vt 0.50000000 0.50000000
vt 0.50000000 0.50000000
vt 0.50000000 0.50000000
vt 0.50000000 0.50000000
vt 0.50000000 0.50000000
vt 0.50000000 0.50000000
vt 0.50000000 0.50000000
vt 0.50000000 0.50000000
vt 0.50000000 0.50000000
vt 0.50000000 0.50000000
vt 0.50000000 0.50000000
vt 0.50000000 0.50000000
vt 0.50000000 0.50000000
vt 0.50000000 0.50000000
vt 0.50000000 0.50000000
vt 0.50000000 0.50000000
vt 0.50000000 0.50000000
vt 0.50000000 0.50000000
vt 0.50000000 0.50000000
vt 0.50000000 0.50000000
vt 0.50000000 0.50000000
vt 0.50000000 0.50000000
vt 0.50000000 0.50000000
vt 0.50000000 0.50000000
vt 0.50000000 0.50000000
vt 0.50000000 0.50000000
vt 0.50000000 0.50000000
vt 0.50000000 0.50000000
vt 0.50000000 0.50000000
vt 0.50000000 0.50000000
vt 0.50000000 0.50000000
vt 0.50000000 0.50000000
vt 0.50000000 0.50000000
vt 0.50000000 0.50000000
vt 0.50000000 0.50000000
vt 0.50000000 0.50000000
vt 0.50000000 0.50000000
vt 0.50000000 0.50000000
vt 0.50000000 0.50000000
vt 0.50000000 0.50000000
vt 0.50000000 0.50000000
vt 0.50000000 0.50000000
vt 0.50000000 0.50000000
vt 0.50000000 0.50000000
vt 0.50000000 0.50000000
vt 0.50000000 0.50000000
vt 0.50000000 0.50000000
vt 0.50000000 0.50000000
vt 0.50000000 0.50000000
vt 0.50000000 0.50000000
vt 0.50000000 0.50000000
vt 0.50000000 0.50000000
vt 0.50000000 0.50000000
vt 0.50000000 0.50000000
vt 0.50000000 0.50000000
vt 0.50000000 0.50000000
vt 0.50000000 0.50000000
vt 0.50000000 0.50000000
vt 0.50000000 0.50000000
vt 0.50000000 0.50000000
vt 0.50000000 0.50000000
vt 0.50000000 0.50000000
vt 0.50000000 0.50000000
vt 0.50000000 0.50000000
vt 0.50000000 0.50000000
vt 0.50000000 0.50000000
vt 0.50000000 0.50000000
vt 0.50000000 0.50000000
vt 0.50000000 0.50000000
vt 0.50000000 0.50000000
vt 0.50000000 0.50000000
vt 0.50000000 0.50000000
vt 0.50000000 0.50000000
vt 0.50000000 0.50000000
vt 0.50000000 0.50000000
vt 0.50000000 0.50000000
vt 0.50000000 0.50000000
vt 0.50000000 0.50000000
vt 0.50000000 0.50000000
vt 0.50000000 0.50000000
vt 0.50000000 0.50000000
vt 0.50000000 0.50000000
vt 0.50000000 0.50000000
vt 0.50000000 0.50000000
vt 0.50000000 0.50000000
vt 0.50000000 0.50000000
vt 0.50000000 0.50000000
vt 0.50000000 0.50000000
vt 0.50000000 0.50000000
vt 0.50000000 0.50000000
vt 0.50000000 0.50000000
vt 0.50000000 0.50000000
vt 0.50000000 0.50000000
vt 0.50000000 0.50000000
vt 0.50000000 0.50000000
vt 0.50000000 0.50000000
vt 0.50000000 0.50000000
vt 0.50000000 0.50000000
vt 0.50000000 0.50000000
vt 0.50000000 0.50000000
vt 0.50000000 0.50000000
vt 0.50000000 0.50000000
vt 0.50000000 0.50000000
vt 0.50000000 0.50000000
vt 0.50000000 0.50000000
vt 0.50000000 0.50000000
vt 0.50000000 0.50000000
vt 0.50000000 0.50000000
vt 0.50000000 0.50000000
vt 0.50000000 0.50000000
vt 0.50000000 0.50000000
vt 0.50000000 0.50000000
vt 0.50000000 0.50000000
vt 0.50000000 0.50000000
vt 0.50000000 0.50000000
vt 0.50000000 0.50000000
vt 0.50000000 0.50000000
vt 0.50000000 0.50000000
vt 0.50000000 0.50000000
vt 0.50000000 0.50000000
vt 0.50000000 0.50000000
vt 0.50000000 0.50000000
vt 0.50000000 0.50000000
vt 0.50000000 0.50000000
vt 0.50000000 0.50000000
vt 0.50000000 0.50000000
vt 0.50000000 0.50000000
vt 0.50000000 0.50000000
vt 0.50000000 0.50000000
vt 0.50000000 0.50000000
vt 0.50000000 0.50000000
vt 0.50000000 0.50000000
vt 0.50000000 0.50000000
vt 0.50000000 0.50000000
vt 0.50000000 0.50000000
vt 0.50000000 0.50000000
vt 0.50000000 0.50000000
vt 0.50000000 0.50000000
vt 0.50000000 0.50000000
vt 0.50000000 0.50000000
vt 0.50000000 0.50000000
vt 0.50000000 0.50000000
vt 0.50000000 0.50000000
vt 0.50000000 0.50000000
vt 0.50000000 0.50000000
vt 0.50000000 0.50000000
vt 0.50000000 0.50000000
vt 0.50000000 0.50000000
vt 0.50000000 0.50000000
vt 0.50000000 0.50000000
vt 0.50000000 0.50000000
vt 0.50000000 0.50000000
vt 0.50000000 0.50000000
vt 0.50000000 0.50000000
vt 0.50000000 0.50000000
vt 0.50000000 0.50000000
vt 0.50000000 0.50000000
vt 0.50000000 0.50000000
vt 0.50000000 0.50000000
vt 0.50000000 0.50000000
vt 0.50000000 0.50000000
vt 0.50000000 0.50000000
vt 0.50000000 0.50000000
vt 0.50000000 0.50000000
vt 0.50000000 0.50000000
vt 0.50000000 0.50000000
vt 0.50000000 0.50000000
vt 0.50000000 0.50000000
vt 0.50000000 0.50000000
vt 0.50000000 0.50000000
vt 0.50000000 0.50000000
vt 0.50000000 0.50000000
vt 0.50000000 0.50000000
vt 0.50000000 0.50000000
vt 0.50000000 0.50000000
vt 0.50000000 0.50000000
vt 0.50000000 0.50000000
vt 0.50000000 0.50000000
vt 0.50000000 0.50000000
vt 0.50000000 0.50000000
vt 0.50000000 0.50000000
vt 0.50000000 0.50000000
vt 0.50000000 0.50000000
vt 0.50000000 0.50000000
vt 0.50000000 0.50000000
vt 0.50000000 0.50000000
vt 0.50000000 0.50000000
vt 0.50000000 0.50000000
vt 0.50000000 0.50000000
vt 0.50000000 0.50000000
vt 0.50000000 0.50000000
vt 0.50000000 0.50000000
vt 0.50000000 0.50000000
vt 0.50000000 0.50000000
vt 0.50000000 0.50000000
vt 0.50000000 0.50000000
vt 0.50000000 0.50000000
vt 0.50000000 0.50000000
vt 0.50000000 0.50000000
vt 0.50000000 0.50000000
vt 0.50000000 0.50000000
vt 0.50000000 0.50000000
vt 0.50000000 0.50000000
vt 0.50000000 0.50000000
vt 0.50000000 0.50000000
vt 0.50000000 0.50000000
vt 0.50000000 0.50000000
vt 0.50000000 0.50000000
vt 0.50000000 0.50000000
vt 0.50000000 0.50000000
vt 0.50000000 0.50000000
vt 0.50000000 0.50000000
vt 0.50000000 0.50000000
vt 0.50000000 0.50000000
vt 0.50000000 0.50000000
vt 0.50000000 0.50000000
vt 0.50000000 0.50000000
vt 0.50000000 0.50000000
vt 0.50000000 0.50000000
vt 0.50000000 0.50000000
vt 0.50000000 0.50000000
vt 0.50000000 0.50000000
vt 0.50000000 0.50000000
vt 0.50000000 0.50000000
vt 0.50000000 0.50000000
vt 0.50000000 0.50000000
vt 0.50000000 0.50000000
vt 0.50000000 0.50000000
vt 0.50000000 0.50000000
vt 0.50000000 0.50000000
vt 0.50000000 0.50000000
vt 0.50000000 0.50000000
vt 0.50000000 0.50000000
vt 0.50000000 0.50000000
vt 0.50000000 0.50000000
vt 0.50000000 0.50000000
vt 0.50000000 0.50000000
vt 0.50000000 0.50000000
vt 0.50000000 0.50000000
vt 0.50000000 0.50000000
vt 0.50000000 0.50000000
vt 0.50000000 0.50000000
vt 0.50000000 0.50000000
vt 0.50000000 0.50000000
vt 0.50000000 0.50000000
vt 0.50000000 0.50000000
vt 0.50000000 0.50000000
vt 0.50000000 0.50000000
vt 0.50000000 0.50000000
vt 0.50000000 0.50000000
vt 0.50000000 0.50000000
vt 0.50000000 0.50000000
vt 0.50000000 0.50000000
vt 0.50000000 0.50000000
vt 0.50000000 0.50000000
vt 0.50000000 0.50000000
vt 0.50000000 0.50000000
vt 0.50000000 0.50000000
vt 0.50000000 0.50000000
vt 0.50000000 0.50000000
vt 0.50000000 0.50000000
vt 0.50000000 0.50000000
vt 0.50000000 0.50000000
vt 0.50000000 0.50000000
vt 0.50000000 0.50000000
vt 0.50000000 0.50000000
vt 0.50000000 0.50000000
vt 0.50000000 0.50000000
vt 0.50000000 0.50000000
vt 0.50000000 0.50000000
vt 0.50000000 0.50000000
vt 0.50000000 0.50000000
vt 0.50000000 0.50000000
vt 0.50000000 0.50000000
vt 0.50000000 0.50000000
vt 0.50000000 0.50000000
vt 0.50000000 0.50000000
vt 0.50000000 0.50000000
vt 0.50000000 0.50000000
vt 0.50000000 0.50000000
vt 0.50000000 0.50000000
vt 0.50000000 0.50000000
vt 0.50000000 0.50000000
vt 0.50000000 0.50000000
vt 0.50000000 0.50000000
vt 0.50000000 0.50000000
vt 0.50000000 0.50000000
vt 0.50000000 0.50000000
vt 0.50000000 0.50000000
vt 0.50000000 0.50000000
vt 0.50000000 0.50000000
vt 0.50000000 0.50000000
vt 0.50000000 0.50000000
vt 0.50000000 0.50000000
vt 0.50000000 0.50000000
vt 0.50000000 0.50000000
vt 0.50000000 0.50000000
vt 0.50000000 0.50000000
vt 0.50000000 0.50000000
vt 0.50000000 0.50000000
vt 0.50000000 0.50000000
vt 0.50000000 0.50000000
vt 0.50000000 0.50000000
vt 0.50000000 0.50000000
vt 0.50000000 0.50000000
vt 0.50000000 0.50000000
vt 0.50000000 0.50000000
vt 0.50000000 0.50000000
vt 0.50000000 0.50000000
vt 0.50000000 0.50000000
vt 0.50000000 0.50000000
vt 0.50000000 0.50000000
vt 0.50000000 0.50000000
vt 0.50000000 0.50000000
vt 0.50000000 0.50000000
vt 0.50000000 0.50000000
vt 0.50000000 0.50000000
vt 0.50000000 0.50000000
vt 0.50000000 0.50000000
vt 0.50000000 0.50000000
vt 0.50000000 0.50000000
vt 0.50000000 0.50000000
vt 0.50000000 0.50000000
vt 0.50000000 0.50000000
vt 0.50000000 0.50000000
vt 0.50000000 0.50000000
vt 0.50000000 0.50000000
vt 0.50000000 0.50000000
vt 0.50000000 0.50000000
vt 0.50000000 0.50000000
vt 0.50000000 0.50000000
vt 0.50000000 0.50000000
vt 0.50000000 0.50000000
vt 0.50000000 0.50000000
vt 0.50000000 0.50000000
vt 0.50000000 0.50000000
vt 0.50000000 0.50000000
vt 0.50000000 0.50000000
vt 0.50000000 0.50000000
vt 0.50000000 0.50000000
vt 0.50000000 0.50000000
vt 0.50000000 0.50000000
vt 0.50000000 0.50000000
vt 0.50000000 0.50000000
vt 0.50000000 0.50000000
vt 0.50000000 0.50000000
vt 0.50000000 0.50000000
vt 0.50000000 0.50000000
vt 0.50000000 0.50000000
vt 0.50000000 0.50000000
vt 0.50000000 0.50000000
vt 0.50000000 0.50000000
vt 0.50000000 0.50000000
vt 0.50000000 0.50000000
vt 0.50000000 0.50000000
vt 0.50000000 0.50000000
vt 0.50000000 0.50000000
vt 0.50000000 0.50000000
vt 0.50000000 0.50000000
vt 0.50000000 0.50000000
vt 0.50000000 0.50000000
vt 0.50000000 0.50000000
vt 0.50000000 0.50000000
vt 0.50000000 0.50000000
vt 0.50000000 0.50000000
vt 0.50000000 0.50000000
vt 0.50000000 0.50000000
vt 0.50000000 0.50000000
vt 0.50000000 0.50000000
vt 0.50000000 0.50000000
vt 0.50000000 0.50000000
vt 0.50000000 0.50000000
vt 0.50000000 0.50000000
vt 0.50000000 0.50000000
vt 0.50000000 0.50000000
vt 0.50000000 0.50000000
vt 0.50000000 0.50000000
vt 0.50000000 0.50000000
vt 0.50000000 0.50000000
vt 0.50000000 0.50000000
vt 0.50000000 0.50000000
vt 0.50000000 0.50000000
vt 0.50000000 0.50000000
vt 0.50000000 0.50000000
vt 0.50000000 0.50000000
vt 0.50000000 0.50000000
vt 0.50000000 0.50000000
vt 0.50000000 0.50000000
vt 0.50000000 0.50000000
vt 0.50000000 0.50000000
vt 0.50000000 0.50000000
vt 0.50000000 0.50000000
vt 0.50000000 0.50000000
vt 0.50000000 0.50000000
vt 0.50000000 0.50000000
vt 0.50000000 0.50000000
vt 0.50000000 0.50000000
vt 0.50000000 0.50000000
vt 0.50000000 0.50000000
vt 0.50000000 0.50000000
vt 0.50000000 0.50000000
vt 0.50000000 0.50000000
vt 0.50000000 0.50000000
vt 0.50000000 0.50000000
vt 0.50000000 0.50000000
vt 0.50000000 0.50000000
vt 0.50000000 0.50000000
vt 0.50000000 0.50000000
vt 0.50000000 0.50000000
vt 0.50000000 0.50000000
vt 0.50000000 0.50000000
vt 0.50000000 0.50000000
vt 0.50000000 0.50000000
vt 0.50000000 0.50000000
vt 0.50000000 0.50000000
vt 0.50000000 0.50000000
vt 0.50000000 0.50000000
vt 0.50000000 0.50000000
vt 0.50000000 0.50000000
vt 0.50000000 0.50000000
vt 0.50000000 0.50000000
vt 0.50000000 0.50000000
vt 0.50000000 0.50000000
vt 0.50000000 0.50000000
vt 0.50000000 0.50000000
vt 0.50000000 0.50000000
vt 0.50000000 0.50000000
vt 0.50000000 0.50000000
vt 0.50000000 0.50000000
vt 0.50000000 0.50000000
vt 0.50000000 0.50000000
vt 0.50000000 0.50000000
vt 0.50000000 0.50000000
vt 0.50000000 0.50000000
vt 0.50000000 0.50000000
vt 0.50000000 0.50000000
vt 0.50000000 0.50000000
vt 0.50000000 0.50000000
vt 0.50000000 0.50000000
vt 0.50000000 0.50000000
vt 0.50000000 0.50000000
vt 0.50000000 0.50000000
vt 0.50000000 0.50000000
vt 0.50000000 0.50000000
vt 0.50000000 0.50000000
vt 0.50000000 0.50000000
vt 0.50000000 0.50000000
vt 0.50000000 0.50000000
vt 0.50000000 0.50000000
vt 0.50000000 0.50000000
vt 0.50000000 0.50000000
vt 0.50000000 0.50000000
vt 0.50000000 0.50000000
vt 0.50000000 0.50000000
vt 0.50000000 0.50000000
vt 0.50000000 0.50000000
vt 0.50000000 0.50000000
vt 0.50000000 0.50000000
vt 0.50000000 0.50000000
vt 0.50000000 0.50000000
vt 0.50000000 0.50000000
vt 0.50000000 0.50000000
vt 0.50000000 0.50000000
vt 0.50000000 0.50000000
vt 0.50000000 0.50000000
vt 0.50000000 0.50000000
vt 0.50000000 0.50000000
vt 0.50000000 0.50000000
vt 0.50000000 0.50000000
vt 0.50000000 0.50000000
vt 0.50000000 0.50000000
vt 0.50000000 0.50000000
vt 0.50000000 0.50000000
vt 0.50000000 0.50000000
vt 0.50000000 0.50000000
vt 0.50000000 0.50000000
vt 0.50000000 0.50000000
vt 0.50000000 0.50000000
vt 0.50000000 0.50000000
vt 0.50000000 0.50000000
vt 0.50000000 0.50000000
vt 0.50000000 0.50000000
vt 0.50000000 0.50000000
vt 0.50000000 0.50000000
vt 0.50000000 0.50000000
vt 0.50000000 0.50000000
vt 0.50000000 0.50000000
vt 0.50000000 0.50000000
vt 0.50000000 0.50000000
vt 0.50000000 0.50000000
vt 0.50000000 0.50000000
vt 0.50000000 0.50000000
vt 0.50000000 0.50000000
vt 0.50000000 0.50000000
vt 0.50000000 0.50000000
vt 0.50000000 0.50000000
vt 0.50000000 0.50000000
vt 0.50000000 0.50000000
vt 0.50000000 0.50000000
vt 0.50000000 0.50000000
vt 0.50000000 0.50000000
vt 0.50000000 0.50000000
vt 0.50000000 0.50000000
vt 0.50000000 0.50000000
vt 0.50000000 0.50000000
vt 0.50000000 0.50000000
vt 0.50000000 0.50000000
vt 0.50000000 0.50000000
vt 0.50000000 0.50000000
vt 0.50000000 0.50000000
vt 0.50000000 0.50000000
vt 0.50000000 0.50000000
vt 0.50000000 0.50000000
vt 0.50000000 0.50000000
vt 0.50000000 0.50000000
vt 0.50000000 0.50000000
vt 0.50000000 0.50000000
vt 0.50000000 0.50000000
vt 0.50000000 0.50000000
vt 0.50000000 0.50000000
vt 0.50000000 0.50000000
vt 0.50000000 0.50000000
vt 0.50000000 0.50000000
vt 0.50000000 0.50000000
vt 0.50000000 0.50000000
vt 0.50000000 0.50000000
vt 0.50000000 0.50000000
vt 0.50000000 0.50000000
vt 0.50000000 0.50000000
vt 0.50000000 0.50000000
vt 0.50000000 0.50000000
vt 0.50000000 0.50000000
vt 0.50000000 0.50000000
vt 0.50000000 0.50000000
vt 0.50000000 0.50000000
vt 0.50000000 0.50000000
vt 0.50000000 0.50000000
vt 0.50000000 0.50000000
vt 0.50000000 0.50000000
vt 0.50000000 0.50000000
vt 0.50000000 0.50000000
vt 0.50000000 0.50000000
vt 0.50000000 0.50000000
vt 0.50000000 0.50000000
vt 0.50000000 0.50000000
vt 0.50000000 0.50000000
vt 0.50000000 0.50000000
vt 0.50000000 0.50000000
vt 0.50000000 0.50000000
vt 0.50000000 0.50000000
vt 0.50000000 0.50000000
vt 0.50000000 0.50000000
vt 0.50000000 0.50000000
vt 0.50000000 0.50000000
vt 0.50000000 0.50000000
vt 0.50000000 0.50000000
vt 0.50000000 0.50000000
vt 0.50000000 0.50000000
vt 0.50000000 0.50000000
vt 0.50000000 0.50000000
vt 0.50000000 0.50000000
vt 0.50000000 0.50000000
vt 0.50000000 0.50000000
vt 0.50000000 0.50000000
vt 0.50000000 0.50000000
vt 0.50000000 0.50000000
vt 0.50000000 0.50000000
vt 0.50000000 0.50000000
vt 0.50000000 0.50000000
vt 0.50000000 0.50000000
vt 0.50000000 0.50000000
vt 0.50000000 0.50000000
vt 0.50000000 0.50000000
vt 0.50000000 0.50000000
vt 0.50000000 0.50000000
vt 0.50000000 0.50000000
vt 0.50000000 0.50000000
vt 0.50000000 0.50000000
vt 0.50000000 0.50000000
vt 0.50000000 0.50000000
vt 0.50000000 0.50000000
vt 0.50000000 0.50000000
vt 0.50000000 0.50000000
vt 0.50000000 0.50000000
vt 0.50000000 0.50000000
vt 0.50000000 0.50000000
vt 0.50000000 0.50000000
vt 0.50000000 0.50000000
vt 0.50000000 0.50000000
vt 0.50000000 0.50000000
vt 0.50000000 0.50000000
vt 0.50000000 0.50000000
vt 0.50000000 0.50000000
vt 0.50000000 0.50000000
vt 0.50000000 0.50000000
vt 0.50000000 0.50000000
vt 0.50000000 0.50000000
vt 0.50000000 0.50000000
vt 0.50000000 0.50000000
vt 0.50000000 0.50000000
vt 0.50000000 0.50000000
vt 0.50000000 0.50000000
vt 0.50000000 0.50000000
vt 0.50000000 0.50000000
vt 0.50000000 0.50000000
vt 0.50000000 0.50000000
vt 0.50000000 0.50000000
vt 0.50000000 0.50000000
vt 0.50000000 0.50000000
vt 0.50000000 0.50000000
vt 0.50000000 0.50000000
vt 0.50000000 0.50000000
vt 0.50000000 0.50000000
vt 0.50000000 0.50000000
vt 0.50000000 0.50000000
vt 0.50000000 0.50000000
vt 0.50000000 0.50000000
vt 0.50000000 0.50000000
vt 0.50000000 0.50000000
vt 0.50000000 0.50000000
vt 0.50000000 0.50000000
vt 0.50000000 0.50000000
vt 0.50000000 0.50000000
vt 0.50000000 0.50000000
vt 0.50000000 0.50000000
vt 0.50000000 0.50000000
vt 0.50000000 0.50000000
vt 0.50000000 0.50000000
vt 0.50000000 0.50000000
vt 0.50000000 0.50000000
vt 0.50000000 0.50000000
vt 0.50000000 0.50000000
vt 0.50000000 0.50000000
vt 0.50000000 0.50000000
vt 0.50000000 0.50000000
vt 0.50000000 0.50000000
vt 0.50000000 0.50000000
vt 0.50000000 0.50000000
vt 0.50000000 0.50000000
vt 0.50000000 0.50000000
vt 0.50000000 0.50000000
vt 0.50000000 0.50000000
vt 0.50000000 0.50000000
vt 0.50000000 0.50000000
vt 0.50000000 0.50000000
vt 0.50000000 0.50000000
vt 0.50000000 0.50000000
vt 0.50000000 0.50000000
vt 0.50000000 0.50000000
vt 0.50000000 0.50000000
vt 0.50000000 0.50000000
vt 0.50000000 0.50000000
vt 0.50000000 0.50000000
vt 0.50000000 0.50000000
vt 0.50000000 0.50000000
vt 0.50000000 0.50000000
vt 0.50000000 0.50000000
vt 0.50000000 0.50000000
vt 0.50000000 0.50000000
vt 0.50000000 0.50000000
vt 0.50000000 0.50000000
vt 0.50000000 0.50000000
vt 0.50000000 0.50000000
vt 0.50000000 0.50000000
vt 0.50000000 0.50000000
vt 0.50000000 0.50000000
vt 0.50000000 0.50000000
vt 0.50000000 0.50000000
vt 0.50000000 0.50000000
vt 0.50000000 0.50000000
vt 0.50000000 0.50000000
vt 0.50000000 0.50000000
vt 0.50000000 0.50000000
vt 0.50000000 0.50000000
vt 0.50000000 0.50000000
vt 0.50000000 0.50000000
vt 0.50000000 0.50000000
vt 0.50000000 0.50000000
vt 0.50000000 0.50000000
vt 0.50000000 0.50000000
vt 0.50000000 0.50000000
vt 0.50000000 0.50000000
vt 0.50000000 0.50000000
vt 0.50000000 0.50000000
vt 0.50000000 0.50000000
vt 0.50000000 0.50000000
vt 0.50000000 0.50000000
vt 0.50000000 0.50000000
vt 0.50000000 0.50000000
vt 0.50000000 0.50000000
vt 0.50000000 0.50000000
vt 0.50000000 0.50000000
vt 0.50000000 0.50000000
vt 0.50000000 0.50000000
vt 0.50000000 0.50000000
vt 0.50000000 0.50000000
vt 0.50000000 0.50000000
vt 0.50000000 0.50000000
vt 0.50000000 0.50000000
vt 0.50000000 0.50000000
vt 0.50000000 0.50000000
vt 0.50000000 0.50000000
vt 0.50000000 0.50000000
vt 0.50000000 0.50000000
vt 0.50000000 0.50000000
vt 0.50000000 0.50000000
vt 0.50000000 0.50000000
vt 0.50000000 0.50000000
vt 0.50000000 0.50000000
vt 0.50000000 0.50000000
vt 0.50000000 0.50000000
vt 0.50000000 0.50000000
vt 0.50000000 0.50000000
vt 0.50000000 0.50000000
vt 0.50000000 0.50000000
vt 0.50000000 0.50000000
vt 0.50000000 0.50000000
vt 0.50000000 0.50000000
vt 0.50000000 0.50000000
vt 0.50000000 0.50000000
vt 0.50000000 0.50000000
vt 0.50000000 0.50000000
vt 0.50000000 0.50000000
vt 0.50000000 0.50000000
vt 0.50000000 0.50000000
vt 0.50000000 0.50000000
vt 0.50000000 0.50000000
vt 0.50000000 0.50000000
vt 0.50000000 0.50000000
vt 0.50000000 0.50000000
vt 0.50000000 0.50000000
vt 0.50000000 0.50000000
vt 0.50000000 0.50000000
vt 0.50000000 0.50000000
vt 0.50000000 0.50000000
vt 0.50000000 0.50000000
vt 0.50000000 0.50000000
vt 0.50000000 0.50000000
vt 0.50000000 0.50000000
vt 0.50000000 0.50000000
vt 0.50000000 0.50000000
vt 0.50000000 0.50000000
vt 0.50000000 0.50000000
vt 0.50000000 0.50000000
vt 0.50000000 0.50000000
vt 0.50000000 0.50000000
vt 0.50000000 0.50000000
vt 0.50000000 0.50000000
vt 0.50000000 0.50000000
vt 0.50000000 0.50000000
vt 0.50000000 0.50000000
vt 0.50000000 0.50000000
vt 0.50000000 0.50000000
vt 0.50000000 0.50000000
vt 0.50000000 0.50000000
vt 0.50000000 0.50000000
vt 0.50000000 0.50000000
vt 0.50000000 0.50000000
vt 0.50000000 0.50000000
vt 0.50000000 0.50000000
vt 0.50000000 0.50000000
vt 0.50000000 0.50000000
vt 0.50000000 0.50000000
vt 0.50000000 0.50000000
vt 0.50000000 0.50000000
vt 0.50000000 0.50000000
vt 0.50000000 0.50000000
vt 0.50000000 0.50000000
vt 0.50000000 0.50000000
vt 0.50000000 0.50000000
vt 0.50000000 0.50000000
vt 0.50000000 0.50000000
vt 0.50000000 0.50000000
vt 0.50000000 0.50000000
vt 0.50000000 0.50000000
vt 0.50000000 0.50000000
vt 0.50000000 0.50000000
vt 0.50000000 0.50000000
vt 0.50000000 0.50000000
vt 0.50000000 0.50000000
vt 0.50000000 0.50000000
vt 0.50000000 0.50000000
vt 0.50000000 0.50000000
vt 0.50000000 0.50000000
vt 0.50000000 0.50000000
vt 0.50000000 0.50000000
vt 0.50000000 0.50000000
vt 0.50000000 0.50000000
vt 0.50000000 0.50000000
vt 0.50000000 0.50000000
vt 0.50000000 0.50000000
vt 0.50000000 0.50000000
vt 0.50000000 0.50000000
vt 0.50000000 0.50000000
vt 0.50000000 0.50000000
vt 0.50000000 0.50000000
vt 0.50000000 0.50000000
vt 0.50000000 0.50000000
vt 0.50000000 0.50000000
vt 0.50000000 0.50000000
vt 0.50000000 0.50000000
vt 0.50000000 0.50000000
vt 0.50000000 0.50000000
vt 0.50000000 0.50000000
vt 0.50000000 0.50000000
vt 0.50000000 0.50000000
vt 0.50000000 0.50000000
vt 0.50000000 0.50000000
vt 0.50000000 0.50000000
vt 0.50000000 0.50000000
vt 0.50000000 0.50000000
vt 0.50000000 0.50000000
vt 0.50000000 0.50000000
vt 0.50000000 0.50000000
vt 0.50000000 0.50000000
vt 0.50000000 0.50000000
vt 0.50000000 0.50000000
vt 0.50000000 0.50000000
vt 0.50000000 0.50000000
vt 0.50000000 0.50000000
vt 0.50000000 0.50000000
vt 0.50000000 0.50000000
vt 0.50000000 0.50000000
vt 0.50000000 0.50000000
vt 0.50000000 0.50000000
vt 0.50000000 0.50000000
vt 0.50000000 0.50000000
vt 0.50000000 0.50000000
vt 0.50000000 0.50000000
vt 0.50000000 0.50000000
vt 0.50000000 0.50000000
vt 0.50000000 0.50000000
vt 0.50000000 0.50000000
vt 0.50000000 0.50000000
vt 0.50000000 0.50000000
vt 0.50000000 0.50000000
vt 0.50000000 0.50000000
vt 0.50000000 0.50000000
vt 0.50000000 0.50000000
vt 0.50000000 0.50000000
vt 0.50000000 0.50000000
vt 0.50000000 0.50000000
vt 0.50000000 0.50000000
vt 0.50000000 0.50000000
vt 0.50000000 0.50000000
vt 0.50000000 0.50000000
vt 0.50000000 0.50000000
vt 0.50000000 0.50000000
vt 0.50000000 0.50000000
vt 0.50000000 0.50000000
vt 0.50000000 0.50000000
vt 0.50000000 0.50000000
vt 0.50000000 0.50000000
vt 0.50000000 0.50000000
vt 0.50000000 0.50000000
vt 0.50000000 0.50000000
vt 0.50000000 0.50000000
vt 0.50000000 0.50000000
vt 0.50000000 0.50000000
vt 0.50000000 0.50000000
vt 0.50000000 0.50000000
vt 0.50000000 0.50000000
vt 0.50000000 0.50000000
vt 0.50000000 0.50000000
vt 0.50000000 0.50000000
vt 0.50000000 0.50000000
vt 0.50000000 0.50000000
vt 0.50000000 0.50000000
vt 0.50000000 0.50000000
vt 0.50000000 0.50000000
vt 0.50000000 0.50000000
vt 0.50000000 0.50000000
vt 0.50000000 0.50000000
vt 0.50000000 0.50000000
vt 0.50000000 0.50000000
vt 0.50000000 0.50000000
vt 0.50000000 0.50000000
vt 0.50000000 0.50000000
vt 0.50000000 0.50000000
vt 0.50000000 0.50000000
vt 0.50000000 0.50000000
vt 0.50000000 0.50000000
vt 0.50000000 0.50000000
vt 0.50000000 0.50000000
vt 0.50000000 0.50000000
vt 0.50000000 0.50000000
vt 0.50000000 0.50000000
vt 0.50000000 0.50000000
vt 0.50000000 0.50000000
vt 0.50000000 0.50000000
vt 0.50000000 0.50000000
vt 0.50000000 0.50000000
vt 0.50000000 0.50000000
vt 0.50000000 0.50000000
vt 0.50000000 0.50000000
vt 0.50000000 0.50000000
vt 0.50000000 0.50000000
vt 0.50000000 0.50000000
vt 0.50000000 0.50000000
vt 0.50000000 0.50000000
vt 0.50000000 0.50000000
vt 0.50000000 0.50000000
vt 0.50000000 0.50000000
vt 0.50000000 0.50000000
vt 0.50000000 0.50000000
vt 0.50000000 0.50000000
vt 0.50000000 0.50000000
vt 0.50000000 0.50000000
vt 0.50000000 0.50000000
vt 0.50000000 0.50000000
vt 0.50000000 0.50000000
vt 0.50000000 0.50000000
vt 0.50000000 0.50000000
vt 0.50000000 0.50000000
vt 0.50000000 0.50000000
vt 0.50000000 0.50000000
vt 0.50000000 0.50000000
vt 0.50000000 0.50000000
vt 0.50000000 0.50000000
vt 0.50000000 0.50000000
vt 0.50000000 0.50000000
vt 0.50000000 0.50000000
vt 0.50000000 0.50000000
vt 0.50000000 0.50000000
vt 0.50000000 0.50000000
vt 0.50000000 0.50000000
vt 0.50000000 0.50000000
vt 0.50000000 0.50000000
vt 0.50000000 0.50000000
vt 0.50000000 0.50000000
vt 0.50000000 0.50000000
vt 0.50000000 0.50000000
vt 0.50000000 0.50000000
vt 0.50000000 0.50000000
vt 0.50000000 0.50000000
vt 0.50000000 0.50000000
vt 0.50000000 0.50000000
vt 0.50000000 0.50000000
vt 0.50000000 0.50000000
vt 0.50000000 0.50000000
vt 0.50000000 0.50000000
vt 0.50000000 0.50000000
vt 0.50000000 0.50000000
vt 0.50000000 0.50000000
vt 0.50000000 0.50000000
vt 0.50000000 0.50000000
vt 0.50000000 0.50000000
vt 0.50000000 0.50000000
vt 0.50000000 0.50000000
vt 0.50000000 0.50000000
vt 0.50000000 0.50000000
vt 0.50000000 0.50000000
vt 0.50000000 0.50000000
vt 0.50000000 0.50000000
vt 0.50000000 0.50000000
vt 0.50000000 0.50000000
vt 0.50000000 0.50000000
vt 0.50000000 0.50000000
vt 0.50000000 0.50000000
vt 0.50000000 0.50000000
vt 0.50000000 0.50000000
vt 0.50000000 0.50000000
vt 0.50000000 0.50000000
vt 0.50000000 0.50000000
vt 0.50000000 0.50000000
vt 0.50000000 0.50000000
vt 0.50000000 0.50000000
vt 0.50000000 0.50000000
vt 0.50000000 0.50000000
vt 0.50000000 0.50000000
vt 0.50000000 0.50000000
vt 0.50000000 0.50000000
vt 0.50000000 0.50000000
vt 0.50000000 0.50000000
vt 0.50000000 0.50000000
vt 0.50000000 0.50000000
vt 0.50000000 0.50000000
vt 0.50000000 0.50000000
vt 0.50000000 0.50000000
vt 0.50000000 0.50000000
vt 0.50000000 0.50000000
vt 0.50000000 0.50000000
vt 0.50000000 0.50000000
vt 0.50000000 0.50000000
vt 0.50000000 0.50000000
vt 0.50000000 0.50000000
vt 0.50000000 0.50000000
vt 0.50000000 0.50000000
vt 0.50000000 0.50000000
vt 0.50000000 0.50000000
vt 0.50000000 0.50000000
vt 0.50000000 0.50000000
vt 0.50000000 0.50000000
vt 0.50000000 0.50000000
vt 0.50000000 0.50000000
vt 0.50000000 0.50000000
vt 0.50000000 0.50000000
vt 0.50000000 0.50000000
vt 0.50000000 0.50000000
vt 0.50000000 0.50000000
vt 0.50000000 0.50000000
vt 0.50000000 0.50000000
vt 0.50000000 0.50000000
vt 0.50000000 0.50000000
vt 0.50000000 0.50000000
vt 0.50000000 0.50000000
vt 0.50000000 0.50000000
vt 0.50000000 0.50000000
vt 0.50000000 0.50000000
vt 0.50000000 0.50000000
vt 0.50000000 0.50000000
vt 0.50000000 0.50000000
vt 0.50000000 0.50000000
vt 0.50000000 0.50000000
vt 0.50000000 0.50000000
vt 0.50000000 0.50000000
vt 0.50000000 0.50000000
vt 0.50000000 0.50000000
vt 0.50000000 0.50000000
vt 0.50000000 0.50000000
vt 0.50000000 0.50000000
vt 0.50000000 0.50000000
vt 0.50000000 0.50000000
vt 0.50000000 0.50000000
vt 0.50000000 0.50000000
vt 0.50000000 0.50000000
vt 0.50000000 0.50000000
vt 0.50000000 0.50000000
vt 0.50000000 0.50000000
vt 0.50000000 0.50000000
vt 0.50000000 0.50000000
vt 0.50000000 0.50000000
vt 0.50000000 0.50000000
vt 0.50000000 0.50000000
vt 0.50000000 0.50000000
vt 0.50000000 0.50000000
vt 0.50000000 0.50000000
vt 0.50000000 0.50000000
vt 0.50000000 0.50000000
vt 0.50000000 0.50000000
vt 0.50000000 0.50000000
vt 0.50000000 0.50000000
vt 0.50000000 0.50000000
vt 0.50000000 0.50000000
vt 0.50000000 0.50000000
vt 0.50000000 0.50000000
vt 0.50000000 0.50000000
vt 0.50000000 0.50000000
vt 0.50000000 0.50000000
vt 0.50000000 0.50000000
vt 0.50000000 0.50000000
vt 0.50000000 0.50000000
vt 0.50000000 0.50000000
vt 0.50000000 0.50000000
vt 0.50000000 0.50000000
vt 0.50000000 0.50000000
vt 0.50000000 0.50000000
vt 0.50000000 0.50000000
vt 0.50000000 0.50000000
vt 0.50000000 0.50000000
vt 0.50000000 0.50000000
vt 0.50000000 0.50000000
vt 0.50000000 0.50000000
vt 0.50000000 0.50000000
vt 0.50000000 0.50000000
vt 0.50000000 0.50000000
vt 0.50000000 0.50000000
vt 0.50000000 0.50000000
vt 0.50000000 0.50000000
vt 0.50000000 0.50000000
vt 0.50000000 0.50000000
vt 0.50000000 0.50000000
vt 0.50000000 0.50000000
vt 0.50000000 0.50000000
vt 0.50000000 0.50000000
vt 0.50000000 0.50000000
vt 0.50000000 0.50000000
vt 0.50000000 0.50000000
vt 0.50000000 0.50000000
vt 0.50000000 0.50000000
vt 0.50000000 0.50000000
vt 0.50000000 0.50000000
vt 0.50000000 0.50000000
vt 0.50000000 0.50000000
vt 0.50000000 0.50000000
vt 0.50000000 0.50000000
vt 0.50000000 0.50000000
vt 0.50000000 0.50000000
vt 0.50000000 0.50000000
vt 0.50000000 0.50000000
vt 0.50000000 0.50000000
vt 0.50000000 0.50000000
vt 0.50000000 0.50000000
vt 0.50000000 0.50000000
vt 0.50000000 0.50000000
vt 0.50000000 0.50000000
vt 0.50000000 0.50000000
vt 0.50000000 0.50000000
vt 0.50000000 0.50000000
vt 0.50000000 0.50000000
vt 0.50000000 0.50000000
vt 0.50000000 0.50000000
vt 0.50000000 0.50000000
vt 0.50000000 0.50000000
vt 0.50000000 0.50000000
vt 0.50000000 0.50000000
vt 0.50000000 0.50000000
vt 0.50000000 0.50000000
vt 0.50000000 0.50000000
vt 0.50000000 0.50000000
vt 0.50000000 0.50000000
vt 0.50000000 0.50000000
vt 0.50000000 0.50000000
vt 0.50000000 0.50000000
vt 0.50000000 0.50000000
vt 0.50000000 0.50000000
vt 0.50000000 0.50000000
vt 0.50000000 0.50000000
vt 0.50000000 0.50000000
vt 0.50000000 0.50000000
vt 0.50000000 0.50000000
vt 0.50000000 0.50000000
vt 0.50000000 0.50000000
vt 0.50000000 0.50000000
vt 0.50000000 0.50000000
vt 0.50000000 0.50000000
vt 0.50000000 0.50000000
vt 0.50000000 0.50000000
vt 0.50000000 0.50000000
vt 0.50000000 0.50000000
vt 0.50000000 0.50000000
vt 0.50000000 0.50000000
vt 0.50000000 0.50000000
vt 0.50000000 0.50000000
vt 0.50000000 0.50000000
vt 0.50000000 0.50000000
vt 0.50000000 0.50000000
vt 0.50000000 0.50000000
vt 0.50000000 0.50000000
vt 0.50000000 0.50000000
vt 0.50000000 0.50000000
vt 0.50000000 0.50000000
vt 0.50000000 0.50000000
vt 0.50000000 0.50000000
vt 0.50000000 0.50000000
vt 0.50000000 0.50000000
vt 0.50000000 0.50000000
vt 0.50000000 0.50000000
vt 0.50000000 0.50000000
vt 0.50000000 0.50000000
vt 0.50000000 0.50000000
vt 0.50000000 0.50000000
vt 0.50000000 0.50000000
vt 0.50000000 0.50000000
vt 0.50000000 0.50000000
vt 0.50000000 0.50000000
vt 0.50000000 0.50000000
vt 0.50000000 0.50000000
vt 0.50000000 0.50000000
vt 0.50000000 0.50000000
vt 0.50000000 0.50000000
vt 0.50000000 0.50000000
vt 0.50000000 0.50000000
vt 0.50000000 0.50000000
vt 0.50000000 0.50000000
vt 0.50000000 0.50000000
vt 0.50000000 0.50000000
vt 0.50000000 0.50000000
vt 0.50000000 0.50000000
vt 0.50000000 0.50000000
vt 0.50000000 0.50000000
vt 0.50000000 0.50000000
vt 0.50000000 0.50000000
vt 0.50000000 0.50000000
vt 0.50000000 0.50000000
vt 0.50000000 0.50000000
vt 0.50000000 0.50000000
vt 0.50000000 0.50000000
vt 0.50000000 0.50000000
vt 0.50000000 0.50000000
vt 0.50000000 0.50000000
vt 0.50000000 0.50000000
vt 0.50000000 0.50000000
vt 0.50000000 0.50000000
vt 0.50000000 0.50000000
vt 0.50000000 0.50000000
vt 0.50000000 0.50000000
vt 0.50000000 0.50000000
vt 0.50000000 0.50000000
vt 0.50000000 0.50000000
vt 0.50000000 0.50000000
vt 0.50000000 0.50000000
vt 0.50000000 0.50000000
vt 0.50000000 0.50000000
vt 0.50000000 0.50000000
vt 0.50000000 0.50000000
vt 0.50000000 0.50000000
vt 0.50000000 0.50000000
vt 0.50000000 0.50000000
vt 0.50000000 0.50000000
vt 0.50000000 0.50000000
vt 0.50000000 0.50000000
vt 0.50000000 0.50000000
vt 0.50000000 0.50000000
vt 0.50000000 0.50000000
vt 0.50000000 0.50000000
vt 0.50000000 0.50000000
vt 0.50000000 0.50000000
vt 0.50000000 0.50000000
vt 0.50000000 0.50000000
vt 0.50000000 0.50000000
vt 0.50000000 0.50000000
vt 0.50000000 0.50000000
vt 0.50000000 0.50000000
vt 0.50000000 0.50000000
vt 0.50000000 0.50000000
vt 0.50000000 0.50000000
vt 0.50000000 0.50000000
vt 0.50000000 0.50000000
vt 0.50000000 0.50000000
vt 0.50000000 0.50000000
vt 0.50000000 0.50000000
vt 0.50000000 0.50000000
vt 0.50000000 0.50000000
vt 0.50000000 0.50000000
vt 0.50000000 0.50000000
vt 0.50000000 0.50000000
vt 0.50000000 0.50000000
vt 0.50000000 0.50000000
vt 0.50000000 0.50000000
vt 0.50000000 0.50000000
vt 0.50000000 0.50000000
vt 0.50000000 0.50000000
vt 0.50000000 0.50000000
vt 0.50000000 0.50000000
vt 0.50000000 0.50000000
vt 0.50000000 0.50000000
vt 0.50000000 0.50000000
vt 0.50000000 0.50000000
vt 0.50000000 0.50000000
vt 0.50000000 0.50000000
vt 0.50000000 0.50000000
vt 0.50000000 0.50000000
vt 0.50000000 0.50000000
vt 0.50000000 0.50000000
vt 0.50000000 0.50000000
vt 0.50000000 0.50000000
vt 0.50000000 0.50000000
vt 0.50000000 0.50000000
vt 0.50000000 0.50000000
vt 0.50000000 0.50000000
vt 0.50000000 0.50000000
vt 0.50000000 0.50000000
vt 0.50000000 0.50000000
vt 0.50000000 0.50000000
vt 0.50000000 0.50000000
vt 0.50000000 0.50000000
vt 0.50000000 0.50000000
vt 0.50000000 0.50000000
vt 0.50000000 0.50000000
vt 0.50000000 0.50000000
vt 0.50000000 0.50000000
vt 0.50000000 0.50000000
vt 0.50000000 0.50000000
vt 0.50000000 0.50000000
vt 0.50000000 0.50000000
vt 0.50000000 0.50000000
vt 0.50000000 0.50000000
vt 0.50000000 0.50000000
vt 0.50000000 0.50000000
vt 0.50000000 0.50000000
vt 0.50000000 0.50000000
vt 0.50000000 0.50000000
vt 0.50000000 0.50000000
vt 0.50000000 0.50000000
vt 0.50000000 0.50000000
vt 0.50000000 0.50000000
vt 0.50000000 0.50000000
vt 0.50000000 0.50000000
vt 0.50000000 0.50000000
vt 0.50000000 0.50000000
vt 0.50000000 0.50000000
vt 0.50000000 0.50000000
vt 0.50000000 0.50000000
vt 0.50000000 0.50000000
vt 0.50000000 0.50000000
vt 0.50000000 0.50000000
vt 0.50000000 0.50000000
vt 0.50000000 0.50000000
vt 0.50000000 0.50000000
vt 0.50000000 0.50000000
vt 0.50000000 0.50000000
vt 0.50000000 0.50000000
vt 0.50000000 0.50000000
vt 0.50000000 0.50000000
vt 0.50000000 0.50000000
vt 0.50000000 0.50000000
vt 0.50000000 0.50000000
vt 0.50000000 0.50000000
vt 0.50000000 0.50000000
vt 0.50000000 0.50000000
vt 0.50000000 0.50000000
vt 0.50000000 0.50000000
vt 0.50000000 0.50000000
vt 0.50000000 0.50000000
vt 0.50000000 0.50000000
vt 0.50000000 0.50000000
vt 0.50000000 0.50000000
vt 0.50000000 0.50000000
vt 0.50000000 0.50000000
vt 0.50000000 0.50000000
vt 0.50000000 0.50000000
vt 0.50000000 0.50000000
vt 0.50000000 0.50000000
vt 0.50000000 0.50000000
vt 0.50000000 0.50000000
vt 0.50000000 0.50000000
vt 0.50000000 0.50000000
vt 0.50000000 0.50000000
vt 0.50000000 0.50000000
vt 0.50000000 0.50000000
vt 0.50000000 0.50000000
vt 0.50000000 0.50000000
vt 0.50000000 0.50000000
vt 0.50000000 0.50000000
vt 0.50000000 0.50000000
vt 0.50000000 0.50000000
vt 0.50000000 0.50000000
vt 0.50000000 0.50000000
vt 0.50000000 0.50000000
vt 0.50000000 0.50000000
vt 0.50000000 0.50000000
vt 0.50000000 0.50000000
vt 0.50000000 0.50000000
vt 0.50000000 0.50000000
vt 0.50000000 0.50000000
vt 0.50000000 0.50000000
vt 0.50000000 0.50000000
vt 0.50000000 0.50000000
vt 0.50000000 0.50000000
vt 0.50000000 0.50000000
vt 0.50000000 0.50000000
vt 0.50000000 0.50000000
vt 0.50000000 0.50000000
vt 0.50000000 0.50000000
vt 0.50000000 0.50000000
vt 0.50000000 0.50000000
vt 0.50000000 0.50000000
vt 0.50000000 0.50000000
vt 0.50000000 0.50000000
vt 0.50000000 0.50000000
vt 0.50000000 0.50000000
vt 0.50000000 0.50000000
vt 0.50000000 0.50000000
vt 0.50000000 0.50000000
vt 0.50000000 0.50000000
vt 0.50000000 0.50000000
vt 0.50000000 0.50000000
vt 0.50000000 0.50000000
vt 0.50000000 0.50000000
vt 0.50000000 0.50000000
vt 0.50000000 0.50000000
vt 0.50000000 0.50000000
vt 0.50000000 0.50000000
vt 0.50000000 0.50000000
vt 0.50000000 0.50000000
vt 0.50000000 0.50000000
vt 0.50000000 0.50000000
vt 0.50000000 0.50000000
vt 0.50000000 0.50000000
vt 0.50000000 0.50000000
vt 0.50000000 0.50000000
vt 0.50000000 0.50000000
vt 0.50000000 0.50000000
vt 0.50000000 0.50000000
vt 0.50000000 0.50000000
vt 0.50000000 0.50000000
vt 0.50000000 0.50000000
vt 0.50000000 0.50000000
vt 0.50000000 0.50000000
vt 0.50000000 0.50000000
vt 0.50000000 0.50000000
vt 0.50000000 0.50000000
vt 0.50000000 0.50000000
vt 0.50000000 0.50000000
vt 0.50000000 0.50000000
vt 0.50000000 0.50000000
vt 0.50000000 0.50000000
vt 0.50000000 0.50000000
vt 0.50000000 0.50000000
vt 0.50000000 0.50000000
vt 0.50000000 0.50000000
vt 0.50000000 0.50000000
vt 0.50000000 0.50000000
vt 0.50000000 0.50000000
vt 0.50000000 0.50000000
vt 0.50000000 0.50000000
vt 0.50000000 0.50000000
vt 0.50000000 0.50000000
vt 0.50000000 0.50000000
vt 0.50000000 0.50000000
vt 0.50000000 0.50000000
vt 0.50000000 0.50000000
vt 0.50000000 0.50000000
vt 0.50000000 0.50000000
vt 0.50000000 0.50000000
vt 0.50000000 0.50000000
vt 0.50000000 0.50000000
vt 0.50000000 0.50000000
vt 0.50000000 0.50000000
vt 0.50000000 0.50000000
vt 0.50000000 0.50000000
vt 0.50000000 0.50000000
vt 0.50000000 0.50000000
vt 0.50000000 0.50000000
vt 0.50000000 0.50000000
vt 0.50000000 0.50000000
vt 0.50000000 0.50000000
vt 0.50000000 0.50000000
vt 0.50000000 0.50000000
vt 0.50000000 0.50000000
vt 0.50000000 0.50000000
vt 0.50000000 0.50000000
vt 0.50000000 0.50000000
vt 0.50000000 0.50000000
vt 0.50000000 0.50000000
vt 0.50000000 0.50000000
vt 0.50000000 0.50000000
vt 0.50000000 0.50000000
vt 0.50000000 0.50000000
vt 0.50000000 0.50000000
vt 0.50000000 0.50000000
vt 0.50000000 0.50000000
vt 0.50000000 0.50000000
vt 0.50000000 0.50000000
vt 0.50000000 0.50000000
vt 0.50000000 0.50000000
vt 0.50000000 0.50000000
vt 0.50000000 0.50000000
vt 0.50000000 0.50000000
vt 0.50000000 0.50000000
vt 0.50000000 0.50000000
vt 0.50000000 0.50000000
vt 0.50000000 0.50000000
vt 0.50000000 0.50000000
vt 0.50000000 0.50000000
vt 0.50000000 0.50000000
vt 0.50000000 0.50000000
vt 0.50000000 0.50000000
vt 0.50000000 0.50000000
vt 0.50000000 0.50000000
vt 0.50000000 0.50000000
vt 0.50000000 0.50000000
vt 0.50000000 0.50000000
vt 0.50000000 0.50000000
vt 0.50000000 0.50000000
vt 0.50000000 0.50000000
vt 0.50000000 0.50000000
vt 0.50000000 0.50000000
vt 0.50000000 0.50000000
vt 0.50000000 0.50000000
vt 0.50000000 0.50000000
vt 0.50000000 0.50000000
vt 0.50000000 0.50000000
vt 0.50000000 0.50000000
vt 0.50000000 0.50000000
vt 0.50000000 0.50000000
vt 0.50000000 0.50000000
vt 0.50000000 0.50000000
vt 0.50000000 0.50000000
vt 0.50000000 0.50000000
vt 0.50000000 0.50000000
vt 0.50000000 0.50000000
vt 0.50000000 0.50000000
vt 0.50000000 0.50000000
vt 0.50000000 0.50000000
vt 0.50000000 0.50000000
vt 0.50000000 0.50000000
vt 0.50000000 0.50000000
vt 0.50000000 0.50000000
vt 0.50000000 0.50000000
vt 0.50000000 0.50000000
vt 0.50000000 0.50000000
vt 0.50000000 0.50000000
vt 0.50000000 0.50000000
vt 0.50000000 0.50000000
vt 0.50000000 0.50000000
vt 0.50000000 0.50000000
vt 0.50000000 0.50000000
vt 0.50000000 0.50000000
vt 0.50000000 0.50000000
vt 0.50000000 0.50000000
vt 0.50000000 0.50000000
vt 0.50000000 0.50000000
vt 0.50000000 0.50000000
vt 0.50000000 0.50000000
vt 0.50000000 0.50000000
vt 0.50000000 0.50000000
vt 0.50000000 0.50000000
vt 0.50000000 0.50000000
vt 0.50000000 0.50000000
vt 0.50000000 0.50000000
vt 0.50000000 0.50000000
vt 0.50000000 0.50000000
vt 0.50000000 0.50000000
vt 0.50000000 0.50000000
vt 0.50000000 0.50000000
vt 0.50000000 0.50000000
vt 0.50000000 0.50000000
vt 0.50000000 0.50000000
vt 0.50000000 0.50000000
vt 0.50000000 0.50000000
vt 0.50000000 0.50000000
vt 0.50000000 0.50000000
vt 0.50000000 0.50000000
vt 0.50000000 0.50000000
vt 0.50000000 0.50000000
vt 0.50000000 0.50000000
vt 0.50000000 0.50000000
vt 0.50000000 0.50000000
vt 0.50000000 0.50000000
vt 0.50000000 0.50000000
vt 0.50000000 0.50000000
vt 0.50000000 0.50000000
vt 0.50000000 0.50000000
vt 0.50000000 0.50000000
vt 0.50000000 0.50000000
vt 0.50000000 0.50000000
vt 0.50000000 0.50000000
vt 0.50000000 0.50000000
vt 0.50000000 0.50000000
vt 0.50000000 0.50000000
vt 0.50000000 0.50000000
vt 0.50000000 0.50000000
vt 0.50000000 0.50000000
vt 0.50000000 0.50000000
vt 0.50000000 0.50000000
vt 0.50000000 0.50000000
vt 0.50000000 0.50000000
vt 0.50000000 0.50000000
vt 0.50000000 0.50000000
vt 0.50000000 0.50000000
vt 0.50000000 0.50000000
vt 0.50000000 0.50000000
vt 0.50000000 0.50000000
vt 0.50000000 0.50000000
vt 0.50000000 0.50000000
vt 0.50000000 0.50000000
vt 0.50000000 0.50000000
vt 0.50000000 0.50000000
vt 0.50000000 0.50000000
vt 0.50000000 0.50000000
vt 0.50000000 0.50000000
vt 0.50000000 0.50000000
vt 0.50000000 0.50000000
vt 0.50000000 0.50000000
vt 0.50000000 0.50000000
vt 0.50000000 0.50000000
vt 0.50000000 0.50000000
vt 0.50000000 0.50000000
vt 0.50000000 0.50000000
vt 0.50000000 0.50000000
vt 0.50000000 0.50000000
vt 0.50000000 0.50000000
vt 0.50000000 0.50000000
vt 0.50000000 0.50000000
vt 0.50000000 0.50000000
vt 0.50000000 0.50000000
vt 0.50000000 0.50000000
vt 0.50000000 0.50000000
vt 0.50000000 0.50000000
vt 0.50000000 0.50000000
vt 0.50000000 0.50000000
vt 0.50000000 0.50000000
vt 0.50000000 0.50000000
vt 0.50000000 0.50000000
vt 0.50000000 0.50000000
vt 0.50000000 0.50000000
vt 0.50000000 0.50000000
vt 0.50000000 0.50000000
vt 0.50000000 0.50000000
vt 0.50000000 0.50000000
vt 0.50000000 0.50000000
vt 0.50000000 0.50000000
vt 0.50000000 0.50000000
vt 0.50000000 0.50000000
vt 0.50000000 0.50000000
vt 0.50000000 0.50000000
vt 0.50000000 0.50000000
vt 0.50000000 0.50000000
vt 0.50000000 0.50000000
vt 0.50000000 0.50000000
vt 0.50000000 0.50000000
vt 0.50000000 0.50000000
vt 0.50000000 0.50000000
vt 0.50000000 0.50000000
vt 0.50000000 0.50000000
vt 0.50000000 0.50000000
vt 0.50000000 0.50000000
vt 0.50000000 0.50000000
vt 0.50000000 0.50000000
vt 0.50000000 0.50000000
vt 0.50000000 0.50000000
vt 0.50000000 0.50000000
vt 0.50000000 0.50000000
vt 0.50000000 0.50000000
vt 0.50000000 0.50000000
vt 0.50000000 0.50000000
vt 0.50000000 0.50000000
vt 0.50000000 0.50000000
vt 0.50000000 0.50000000
vt 0.50000000 0.50000000
vt 0.50000000 0.50000000
vt 0.50000000 0.50000000
vt 0.50000000 0.50000000
vt 0.50000000 0.50000000
vt 0.50000000 0.50000000
vt 0.50000000 0.50000000
vt 0.50000000 0.50000000
vt 0.50000000 0.50000000
vt 0.50000000 0.50000000
vt 0.50000000 0.50000000
vt 0.50000000 0.50000000
vt 0.50000000 0.50000000
vt 0.50000000 0.50000000
vt 0.50000000 0.50000000
vt 0.50000000 0.50000000
vt 0.50000000 0.50000000
vt 0.50000000 0.50000000
vt 0.50000000 0.50000000
vt 0.50000000 0.50000000
vt 0.50000000 0.50000000
vt 0.50000000 0.50000000
vt 0.50000000 0.50000000
vt 0.50000000 0.50000000
vt 0.50000000 0.50000000
vt 0.50000000 0.50000000
vt 0.50000000 0.50000000
vt 0.50000000 0.50000000
vt 0.50000000 0.50000000
vt 0.50000000 0.50000000
vt 0.50000000 0.50000000
vt 0.50000000 0.50000000
vt 0.50000000 0.50000000
vt 0.50000000 0.50000000
vt 0.50000000 0.50000000
vt 0.50000000 0.50000000
vt 0.50000000 0.50000000
vt 0.50000000 0.50000000
vt 0.50000000 0.50000000
vt 0.50000000 0.50000000
vt 0.50000000 0.50000000
vt 0.50000000 0.50000000
vt 0.50000000 0.50000000
vt 0.50000000 0.50000000
vt 0.50000000 0.50000000
vt 0.50000000 0.50000000
vt 0.50000000 0.50000000
vt 0.50000000 0.50000000
vt 0.50000000 0.50000000
vt 0.50000000 0.50000000
vt 0.50000000 0.50000000
vt 0.50000000 0.50000000
vt 0.50000000 0.50000000
vt 0.50000000 0.50000000
vt 0.50000000 0.50000000
vt 0.50000000 0.50000000
vt 0.50000000 0.50000000
vt 0.50000000 0.50000000
vt 0.50000000 0.50000000
vt 0.50000000 0.50000000
vt 0.50000000 0.50000000
vt 0.50000000 0.50000000
vt 0.50000000 0.50000000
vt 0.50000000 0.50000000
vt 0.50000000 0.50000000
vt 0.50000000 0.50000000
vt 0.50000000 0.50000000
vt 0.50000000 0.50000000
vt 0.50000000 0.50000000
vt 0.50000000 0.50000000
vt 0.50000000 0.50000000
vt 0.50000000 0.50000000
vt 0.50000000 0.50000000
vt 0.50000000 0.50000000
vt 0.50000000 0.50000000
vt 0.50000000 0.50000000
vt 0.50000000 0.50000000
vt 0.50000000 0.50000000
vt 0.50000000 0.50000000
vt 0.50000000 0.50000000
vt 0.50000000 0.50000000
vt 0.50000000 0.50000000
vt 0.50000000 0.50000000
vt 0.50000000 0.50000000
vt 0.50000000 0.50000000
vt 0.50000000 0.50000000
vt 0.50000000 0.50000000
vt 0.50000000 0.50000000
vt 0.50000000 0.50000000
vt 0.50000000 0.50000000
vt 0.50000000 0.50000000
vt 0.50000000 0.50000000
vt 0.50000000 0.50000000
vt 0.50000000 0.50000000
vt 0.50000000 0.50000000
vt 0.50000000 0.50000000
vt 0.50000000 0.50000000
vt 0.50000000 0.50000000
vt 0.50000000 0.50000000
vt 0.50000000 0.50000000
vt 0.50000000 0.50000000
vt 0.50000000 0.50000000
vt 0.50000000 0.50000000
vt 0.50000000 0.50000000
vt 0.50000000 0.50000000
vt 0.50000000 0.50000000
vt 0.50000000 0.50000000
vt 0.50000000 0.50000000
vt 0.50000000 0.50000000
vt 0.50000000 0.50000000
vt 0.50000000 0.50000000
vt 0.50000000 0.50000000
vt 0.50000000 0.50000000
vt 0.50000000 0.50000000
vt 0.50000000 0.50000000
vt 0.50000000 0.50000000
vt 0.50000000 0.50000000
vt 0.50000000 0.50000000
vt 0.50000000 0.50000000
vt 0.50000000 0.50000000
vt 0.50000000 0.50000000
vt 0.50000000 0.50000000
vt 0.50000000 0.50000000
vt 0.50000000 0.50000000
vt 0.50000000 0.50000000
vt 0.50000000 0.50000000
vt 0.50000000 0.50000000
vt 0.50000000 0.50000000
vt 0.50000000 0.50000000
vt 0.50000000 0.50000000
vt 0.50000000 0.50000000
vt 0.50000000 0.50000000
vt 0.50000000 0.50000000
vt 0.50000000 0.50000000
vt 0.50000000 0.50000000
vt 0.50000000 0.50000000
vt 0.50000000 0.50000000
vt 0.50000000 0.50000000
vt 0.50000000 0.50000000
vt 0.50000000 0.50000000
vt 0.50000000 0.50000000
vt 0.50000000 0.50000000
vt 0.50000000 0.50000000
vt 0.50000000 0.50000000
vt 0.50000000 0.50000000
vt 0.50000000 0.50000000
vt 0.50000000 0.50000000
vt 0.50000000 0.50000000
vt 0.50000000 0.50000000
vt 0.50000000 0.50000000
vt 0.50000000 0.50000000
vt 0.50000000 0.50000000
vt 0.50000000 0.50000000
vt 0.50000000 0.50000000
vt 0.50000000 0.50000000
vt 0.50000000 0.50000000
vt 0.50000000 0.50000000
vt 0.50000000 0.50000000
vt 0.50000000 0.50000000
vt 0.50000000 0.50000000
vt 0.50000000 0.50000000
vt 0.50000000 0.50000000
vt 0.50000000 0.50000000
vt 0.50000000 0.50000000
vt 0.50000000 0.50000000
vt 0.50000000 0.50000000
vt 0.50000000 0.50000000
vt 0.50000000 0.50000000
vt 0.50000000 0.50000000
vt 0.50000000 0.50000000
vt 0.50000000 0.50000000
vt 0.50000000 0.50000000
vt 0.50000000 0.50000000
vt 0.50000000 0.50000000
vt 0.50000000 0.50000000
vt 0.50000000 0.50000000
vt 0.50000000 0.50000000
vt 0.50000000 0.50000000
vt 0.50000000 0.50000000
vt 0.50000000 0.50000000
vt 0.50000000 0.50000000
vt 0.50000000 0.50000000
vt 0.50000000 0.50000000
vt 0.50000000 0.50000000
vt 0.50000000 0.50000000
vt 0.50000000 0.50000000
vt 0.50000000 0.50000000
vt 0.50000000 0.50000000
vt 0.50000000 0.50000000
vt 0.50000000 0.50000000
vt 0.50000000 0.50000000
vt 0.50000000 0.50000000
vt 0.50000000 0.50000000
vt 0.50000000 0.50000000
vt 0.50000000 0.50000000
vt 0.50000000 0.50000000
vt 0.50000000 0.50000000
vt 0.50000000 0.50000000
vt 0.50000000 0.50000000
vt 0.50000000 0.50000000
vt 0.50000000 0.50000000
vt 0.50000000 0.50000000
vt 0.50000000 0.50000000
vt 0.50000000 0.50000000
vt 0.50000000 0.50000000
vt 0.50000000 0.50000000
vt 0.50000000 0.50000000
vt 0.50000000 0.50000000
vt 0.50000000 0.50000000
vt 0.50000000 0.50000000
vt 0.50000000 0.50000000
vt 0.50000000 0.50000000
vt 0.50000000 0.50000000
vt 0.50000000 0.50000000
vt 0.50000000 0.50000000
vt 0.50000000 0.50000000
vt 0.50000000 0.50000000
vt 0.50000000 0.50000000
vt 0.50000000 0.50000000
vt 0.50000000 0.50000000
vt 0.50000000 0.50000000
vt 0.50000000 0.50000000
vt 0.50000000 0.50000000
vt 0.50000000 0.50000000
vt 0.50000000 0.50000000
vt 0.50000000 0.50000000
vt 0.50000000 0.50000000
vt 0.50000000 0.50000000
vt 0.50000000 0.50000000
vt 0.50000000 0.50000000
vt 0.50000000 0.50000000
vt 0.50000000 0.50000000
vt 0.50000000 0.50000000
vt 0.50000000 0.50000000
vt 0.50000000 0.50000000
vt 0.50000000 0.50000000
vt 0.50000000 0.50000000
vt 0.50000000 0.50000000
vt 0.50000000 0.50000000
vt 0.50000000 0.50000000
vt 0.50000000 0.50000000
vt 0.50000000 0.50000000
vt 0.50000000 0.50000000
vt 0.50000000 0.50000000
vt 0.50000000 0.50000000
vt 0.50000000 0.50000000
vt 0.50000000 0.50000000
vt 0.50000000 0.50000000
vt 0.50000000 0.50000000
vt 0.50000000 0.50000000
vt 0.50000000 0.50000000
vt 0.50000000 0.50000000
vt 0.50000000 0.50000000
vt 0.50000000 0.50000000
vt 0.50000000 0.50000000
vt 0.50000000 0.50000000
vt 0.50000000 0.50000000
vt 0.50000000 0.50000000
vt 0.50000000 0.50000000
vt 0.50000000 0.50000000
vt 0.50000000 0.50000000
vt 0.50000000 0.50000000
vt 0.50000000 0.50000000
vt 0.50000000 0.50000000
vt 0.50000000 0.50000000
vt 0.50000000 0.50000000
vt 0.50000000 0.50000000
vt 0.50000000 0.50000000
vt 0.50000000 0.50000000
vt 0.50000000 0.50000000
vt 0.50000000 0.50000000
vt 0.50000000 0.50000000
vt 0.50000000 0.50000000
vt 0.50000000 0.50000000
vt 0.50000000 0.50000000
vt 0.50000000 0.50000000
vt 0.50000000 0.50000000
vt 0.50000000 0.50000000
vt 0.50000000 0.50000000
vt 0.50000000 0.50000000
vt 0.50000000 0.50000000
vt 0.50000000 0.50000000
vt 0.50000000 0.50000000
vt 0.50000000 0.50000000
vt 0.50000000 0.50000000
vt 0.50000000 0.50000000
vt 0.50000000 0.50000000
vt 0.50000000 0.50000000
vt 0.50000000 0.50000000
vt 0.50000000 0.50000000
vt 0.50000000 0.50000000
vt 0.50000000 0.50000000
vt 0.50000000 0.50000000
vt 0.50000000 0.50000000
vt 0.50000000 0.50000000
vt 0.50000000 0.50000000
vt 0.50000000 0.50000000
vt 0.50000000 0.50000000
vt 0.50000000 0.50000000
vt 0.50000000 0.50000000
vt 0.50000000 0.50000000
vt 0.50000000 0.50000000
vt 0.50000000 0.50000000
vt 0.50000000 0.50000000
vt 0.50000000 0.50000000
vt 0.50000000 0.50000000
vt 0.50000000 0.50000000
vt 0.50000000 0.50000000
vt 0.50000000 0.50000000
vt 0.50000000 0.50000000
vt 0.50000000 0.50000000
vt 0.50000000 0.50000000
vt 0.50000000 0.50000000
vt 0.50000000 0.50000000
vt 0.50000000 0.50000000
vt 0.50000000 0.50000000
vt 0.50000000 0.50000000
vt 0.50000000 0.50000000
vt 0.50000000 0.50000000
vt 0.50000000 0.50000000
vt 0.50000000 0.50000000
vt 0.50000000 0.50000000
vt 0.50000000 0.50000000
vt 0.50000000 0.50000000
vt 0.50000000 0.50000000
vt 0.50000000 0.50000000
vt 0.50000000 0.50000000
vt 0.50000000 0.50000000
vt 0.50000000 0.50000000
vt 0.50000000 0.50000000
vt 0.50000000 0.50000000
vt 0.50000000 0.50000000
vt 0.50000000 0.50000000
vt 0.50000000 0.50000000
vt 0.50000000 0.50000000
vt 0.50000000 0.50000000
vt 0.50000000 0.50000000
vt 0.50000000 0.50000000
vt 0.50000000 0.50000000
vt 0.50000000 0.50000000
vt 0.50000000 0.50000000
vt 0.50000000 0.50000000
vt 0.50000000 0.50000000
vt 0.50000000 0.50000000
vt 0.50000000 0.50000000
vt 0.50000000 0.50000000
vt 0.50000000 0.50000000
vt 0.50000000 0.50000000
vt 0.50000000 0.50000000
vt 0.50000000 0.50000000
vt 0.50000000 0.50000000
vt 0.50000000 0.50000000
vt 0.50000000 0.50000000
vt 0.50000000 0.50000000
vt 0.50000000 0.50000000
vt 0.50000000 0.50000000
vt 0.50000000 0.50000000
vt 0.50000000 0.50000000
vt 0.50000000 0.50000000
vt 0.50000000 0.50000000
vt 0.50000000 0.50000000
vt 0.50000000 0.50000000
vt 0.50000000 0.50000000
vt 0.50000000 0.50000000
vt 0.50000000 0.50000000
vt 0.50000000 0.50000000
vt 0.50000000 0.50000000
vt 0.50000000 0.50000000
vt 0.50000000 0.50000000
vt 0.50000000 0.50000000
vt 0.50000000 0.50000000
vt 0.50000000 0.50000000
vt 0.50000000 0.50000000
vt 0.50000000 0.50000000
vt 0.50000000 0.50000000
vt 0.50000000 0.50000000
vt 0.50000000 0.50000000
vt 0.50000000 0.50000000
vt 0.50000000 0.50000000
vt 0.50000000 0.50000000
vt 0.50000000 0.50000000
vt 0.50000000 0.50000000
vt 0.50000000 0.50000000
vt 0.50000000 0.50000000
vt 0.50000000 0.50000000
vt 0.50000000 0.50000000
vt 0.50000000 0.50000000
vt 0.50000000 0.50000000
vt 0.50000000 0.50000000
vt 0.50000000 0.50000000
vt 0.50000000 0.50000000
vt 0.50000000 0.50000000
vt 0.50000000 0.50000000
vt 0.50000000 0.50000000
vt 0.50000000 0.50000000
vt 0.50000000 0.50000000
vt 0.50000000 0.50000000
vt 0.50000000 0.50000000
vt 0.50000000 0.50000000
vt 0.50000000 0.50000000
vt 0.50000000 0.50000000
vt 0.50000000 0.50000000
vt 0.50000000 0.50000000
vt 0.50000000 0.50000000
vt 0.50000000 0.50000000
vt 0.50000000 0.50000000
vt 0.50000000 0.50000000
vt 0.50000000 0.50000000
vt 0.50000000 0.50000000
vt 0.50000000 0.50000000
vt 0.50000000 0.50000000
vt 0.50000000 0.50000000
vt 0.50000000 0.50000000
vt 0.50000000 0.50000000
vt 0.50000000 0.50000000
vt 0.50000000 0.50000000
vt 0.50000000 0.50000000
vt 0.50000000 0.50000000
vt 0.50000000 0.50000000
vt 0.50000000 0.50000000
vt 0.50000000 0.50000000
vt 0.50000000 0.50000000
vt 0.50000000 0.50000000
vt 0.50000000 0.50000000
vt 0.50000000 0.50000000
vt 0.50000000 0.50000000
vt 0.50000000 0.50000000
vt 0.50000000 0.50000000
vt 0.50000000 0.50000000
vt 0.50000000 0.50000000
vt 0.50000000 0.50000000
vt 0.50000000 0.50000000
vt 0.50000000 0.50000000
vt 0.50000000 0.50000000
vt 0.50000000 0.50000000
vt 0.50000000 0.50000000
vt 0.50000000 0.50000000
vt 0.50000000 0.50000000
vt 0.50000000 0.50000000
vt 0.50000000 0.50000000
vt 0.50000000 0.50000000
vt 0.50000000 0.50000000
vt 0.50000000 0.50000000
vt 0.50000000 0.50000000
vt 0.50000000 0.50000000
vt 0.50000000 0.50000000
vt 0.50000000 0.50000000
vt 0.50000000 0.50000000
vt 0.50000000 0.50000000
vt 0.50000000 0.50000000
vt 0.50000000 0.50000000
vt 0.50000000 0.50000000
vt 0.50000000 0.50000000
vt 0.50000000 0.50000000
vt 0.50000000 0.50000000
vt 0.50000000 0.50000000
vt 0.50000000 0.50000000
vt 0.50000000 0.50000000
vt 0.50000000 0.50000000
vt 0.50000000 0.50000000
vt 0.50000000 0.50000000
vt 0.50000000 0.50000000
vt 0.50000000 0.50000000
vt 0.50000000 0.50000000
vt 0.50000000 0.50000000
vt 0.50000000 0.50000000
vt 0.50000000 0.50000000
vt 0.50000000 0.50000000
vt 0.50000000 0.50000000
vt 0.50000000 0.50000000
vt 0.50000000 0.50000000
vt 0.50000000 0.50000000
vt 0.50000000 0.50000000
vt 0.50000000 0.50000000
vt 0.50000000 0.50000000
vt 0.50000000 0.50000000
vt 0.50000000 0.50000000
vt 0.50000000 0.50000000
vt 0.50000000 0.50000000
vt 0.50000000 0.50000000
vt 0.50000000 0.50000000
vt 0.50000000 0.50000000
vt 0.50000000 0.50000000
vt 0.50000000 0.50000000
vt 0.50000000 0.50000000
vt 0.50000000 0.50000000
vt 0.50000000 0.50000000
vt 0.50000000 0.50000000
vt 0.50000000 0.50000000
vt 0.50000000 0.50000000
vt 0.50000000 0.50000000
vt 0.50000000 0.50000000
vt 0.50000000 0.50000000
vt 0.50000000 0.50000000
vt 0.50000000 0.50000000
vt 0.50000000 0.50000000
vt 0.50000000 0.50000000
vt 0.50000000 0.50000000
vt 0.50000000 0.50000000
vt 0.50000000 0.50000000
vt 0.50000000 0.50000000
vt 0.50000000 0.50000000
vt 0.50000000 0.50000000
vt 0.50000000 0.50000000
vt 0.50000000 0.50000000
vt 0.50000000 0.50000000
vt 0.50000000 0.50000000
vt 0.50000000 0.50000000
vt 0.50000000 0.50000000
vt 0.50000000 0.50000000
vt 0.50000000 0.50000000
vt 0.50000000 0.50000000
vt 0.50000000 0.50000000
vt 0.50000000 0.50000000
vt 0.50000000 0.50000000
vt 0.50000000 0.50000000
vt 0.50000000 0.50000000
vt 0.50000000 0.50000000
vt 0.50000000 0.50000000
vt 0.50000000 0.50000000
vt 0.50000000 0.50000000
vt 0.50000000 0.50000000
vt 0.50000000 0.50000000
vt 0.50000000 0.50000000
vt 0.50000000 0.50000000
vt 0.50000000 0.50000000
vt 0.50000000 0.50000000
vt 0.50000000 0.50000000
vt 0.50000000 0.50000000
vt 0.50000000 0.50000000
vt 0.50000000 0.50000000
vt 0.50000000 0.50000000
vt 0.50000000 0.50000000
vt 0.50000000 0.50000000
vt 0.50000000 0.50000000
vt 0.50000000 0.50000000
vt 0.50000000 0.50000000
vt 0.50000000 0.50000000
vt 0.50000000 0.50000000
vt 0.50000000 0.50000000
vt 0.50000000 0.50000000
vt 0.50000000 0.50000000
vt 0.50000000 0.50000000
vt 0.50000000 0.50000000
vt 0.50000000 0.50000000
vt 0.50000000 0.50000000
vt 0.50000000 0.50000000
vt 0.50000000 0.50000000
vt 0.50000000 0.50000000
vt 0.50000000 0.50000000
vt 0.50000000 0.50000000
vt 0.50000000 0.50000000
vt 0.50000000 0.50000000
vt 0.50000000 0.50000000
vt 0.50000000 0.50000000
vt 0.50000000 0.50000000
vt 0.50000000 0.50000000
vt 0.50000000 0.50000000
vt 0.50000000 0.50000000
vt 0.50000000 0.50000000
vt 0.50000000 0.50000000
vt 0.50000000 0.50000000
vt 0.50000000 0.50000000
vt 0.50000000 0.50000000
vt 0.50000000 0.50000000
vt 0.50000000 0.50000000
vt 0.50000000 0.50000000
vt 0.50000000 0.50000000
vt 0.50000000 0.50000000
vt 0.50000000 0.50000000
vt 0.50000000 0.50000000
vt 0.50000000 0.50000000
vt 0.50000000 0.50000000
vt 0.50000000 0.50000000
vt 0.50000000 0.50000000
vt 0.50000000 0.50000000
vt 0.50000000 0.50000000
vt 0.50000000 0.50000000
vt 0.50000000 0.50000000
vt 0.50000000 0.50000000
vt 0.50000000 0.50000000
vt 0.50000000 0.50000000
vt 0.50000000 0.50000000
vt 0.50000000 0.50000000
vt 0.50000000 0.50000000
vt 0.50000000 0.50000000
vt 0.50000000 0.50000000
vt 0.50000000 0.50000000
vt 0.50000000 0.50000000
vt 0.50000000 0.50000000
vt 0.50000000 0.50000000
vt 0.50000000 0.50000000
vt 0.50000000 0.50000000
vt 0.50000000 0.50000000
vt 0.50000000 0.50000000
vt 0.50000000 0.50000000
vt 0.50000000 0.50000000
vt 0.50000000 0.50000000
vt 0.50000000 0.50000000
vt 0.50000000 0.50000000
vt 0.50000000 0.50000000
vt 0.50000000 0.50000000
vt 0.50000000 0.50000000
vt 0.50000000 0.50000000
vt 0.50000000 0.50000000
vt 0.50000000 0.50000000
vt 0.50000000 0.50000000
vt 0.50000000 0.50000000
vt 0.50000000 0.50000000
vt 0.50000000 0.50000000
vt 0.50000000 0.50000000
vt 0.50000000 0.50000000
vt 0.50000000 0.50000000
vt 0.50000000 0.50000000
vt 0.50000000 0.50000000
vt 0.50000000 0.50000000
vt 0.50000000 0.50000000
vt 0.50000000 0.50000000
vt 0.50000000 0.50000000
vt 0.50000000 0.50000000
vt 0.50000000 0.50000000
vt 0.50000000 0.50000000
vt 0.50000000 0.50000000
vt 0.50000000 0.50000000
vt 0.50000000 0.50000000
vt 0.50000000 0.50000000
vt 0.50000000 0.50000000
vt 0.50000000 0.50000000
vt 0.50000000 0.50000000
vt 0.50000000 0.50000000
vt 0.50000000 0.50000000
vt 0.50000000 0.50000000
vt 0.50000000 0.50000000
vt 0.50000000 0.50000000
vt 0.50000000 0.50000000
vt 0.50000000 0.50000000
vt 0.50000000 0.50000000
vt 0.50000000 0.50000000
vt 0.50000000 0.50000000
vt 0.50000000 0.50000000
vt 0.50000000 0.50000000
vt 0.50000000 0.50000000
vt 0.50000000 0.50000000
vt 0.50000000 0.50000000
vt 0.50000000 0.50000000
vt 0.50000000 0.50000000
vt 0.50000000 0.50000000
vt 0.50000000 0.50000000
vt 0.50000000 0.50000000
vt 0.50000000 0.50000000
vt 0.50000000 0.50000000
vt 0.50000000 0.50000000
vt 0.50000000 0.50000000
vt 0.50000000 0.50000000
vt 0.50000000 0.50000000
vt 0.50000000 0.50000000
vt 0.50000000 0.50000000
vt 0.50000000 0.50000000
vt 0.50000000 0.50000000
vt 0.50000000 0.50000000
vt 0.50000000 0.50000000
vt 0.50000000 0.50000000
vt 0.50000000 0.50000000
vt 0.50000000 0.50000000
vt 0.50000000 0.50000000
vt 0.50000000 0.50000000
vt 0.50000000 0.50000000
vt 0.50000000 0.50000000
vt 0.50000000 0.50000000
vt 0.50000000 0.50000000
vt 0.50000000 0.50000000
vt 0.50000000 0.50000000
vt 0.50000000 0.50000000
vt 0.50000000 0.50000000
vt 0.50000000 0.50000000
vt 0.50000000 0.50000000
vt 0.50000000 0.50000000
vt 0.50000000 0.50000000
vt 0.50000000 0.50000000
vt 0.50000000 0.50000000
vt 0.50000000 0.50000000
vt 0.50000000 0.50000000
vt 0.50000000 0.50000000
vt 0.50000000 0.50000000
vt 0.50000000 0.50000000
vt 0.50000000 0.50000000
vt 0.50000000 0.50000000
vt 0.50000000 0.50000000
vt 0.50000000 0.50000000
vt 0.50000000 0.50000000
vt 0.50000000 0.50000000
vt 0.50000000 0.50000000
vt 0.50000000 0.50000000
vt 0.50000000 0.50000000
vt 0.50000000 0.50000000
vt 0.50000000 0.50000000
vt 0.50000000 0.50000000
vt 0.50000000 0.50000000
vt 0.50000000 0.50000000
vt 0.50000000 0.50000000
vt 0.50000000 0.50000000
vt 0.50000000 0.50000000
vt 0.50000000 0.50000000
vt 0.50000000 0.50000000
vt 0.50000000 0.50000000
vt 0.50000000 0.50000000
vt 0.50000000 0.50000000
vt 0.50000000 0.50000000
vt 0.50000000 0.50000000
vt 0.50000000 0.50000000
vt 0.50000000 0.50000000
vt 0.50000000 0.50000000
vt 0.50000000 0.50000000
vt 0.50000000 0.50000000
vt 0.50000000 0.50000000
vt 0.50000000 0.50000000
vt 0.50000000 0.50000000
vt 0.50000000 0.50000000
vt 0.50000000 0.50000000
vt 0.50000000 0.50000000
vt 0.50000000 0.50000000
vt 0.50000000 0.50000000
vt 0.50000000 0.50000000
vt 0.50000000 0.50000000
vt 0.50000000 0.50000000
vt 0.50000000 0.50000000
vt 0.50000000 0.50000000
vt 0.50000000 0.50000000
vt 0.50000000 0.50000000
vt 0.50000000 0.50000000
vt 0.50000000 0.50000000
vt 0.50000000 0.50000000
vt 0.50000000 0.50000000
vt 0.50000000 0.50000000
vt 0.50000000 0.50000000
vt 0.50000000 0.50000000
vt 0.50000000 0.50000000
vt 0.50000000 0.50000000
vt 0.50000000 0.50000000
vt 0.50000000 0.50000000
vt 0.50000000 0.50000000
vt 0.50000000 0.50000000
vt 0.50000000 0.50000000
vt 0.50000000 0.50000000
vt 0.50000000 0.50000000
vt 0.50000000 0.50000000
vt 0.50000000 0.50000000
vt 0.50000000 0.50000000
vt 0.50000000 0.50000000
vt 0.50000000 0.50000000
vt 0.50000000 0.50000000
vt 0.50000000 0.50000000
vt 0.50000000 0.50000000
vt 0.50000000 0.50000000
vt 0.50000000 0.50000000
vt 0.50000000 0.50000000
vt 0.50000000 0.50000000
vt 0.50000000 0.50000000
vt 0.50000000 0.50000000
vt 0.50000000 0.50000000
vt 0.50000000 0.50000000
vt 0.50000000 0.50000000
vt 0.50000000 0.50000000
vt 0.50000000 0.50000000
vt 0.50000000 0.50000000
vt 0.50000000 0.50000000
vt 0.50000000 0.50000000
vt 0.50000000 0.50000000
vt 0.50000000 0.50000000
vt 0.50000000 0.50000000
vt 0.50000000 0.50000000
vt 0.50000000 0.50000000
vt 0.50000000 0.50000000
vt 0.50000000 0.50000000
vt 0.50000000 0.50000000
vt 0.50000000 0.50000000
vt 0.50000000 0.50000000
vt 0.50000000 0.50000000
vt 0.50000000 0.50000000
vt 0.50000000 0.50000000
vt 0.50000000 0.50000000
vt 0.50000000 0.50000000
f 69/69 17/17 18/18
f 70/70 17/17 69/69
f 70/70 16/16 17/17
f 68/68 69/69 18/18
f 68/68 18/18 19/19
f 71/71 16/16 70/70
f 71/71 15/15 16/16
f 67/67 68/68 19/19
f 67/67 19/19 20/20
f 72/72 15/15 71/71
f 72/72 14/14 15/15
f 66/66 67/67 20/20
f 66/66 20/20 21/21
f 73/73 13/13 14/14
f 73/73 14/14 72/72
f 65/65 66/66 21/21
f 65/65 21/21 22/22
f 74/74 12/12 13/13
f 74/74 13/13 73/73
f 64/64 65/65 22/22
f 23/23 64/64 22/22
f 75/75 11/11 12/12
f 75/75 12/12 74/74
f 63/63 64/64 23/23
f 24/24 63/63 23/23
f 76/76 10/10 11/11
f 76/76 11/11 75/75
f 62/62 63/63 24/24
f 77/77 9/9 10/10
f 77/77 10/10 76/76
f 25/25 62/62 24/24
f 61/61 62/62 25/25
f 78/78 8/8 9/9
f 78/78 9/9 77/77
f 26/26 61/61 25/25
f 60/60 61/61 26/26
f 79/79 7/7 8/8
f 79/79 8/8 78/78
f 27/27 60/60 26/26
f 59/59 60/60 27/27
f 80/80 7/7 79/79
f 6/6 7/7 80/80
f 28/28 58/58 59/59
f 28/28 59/59 27/27
f 5/5 6/6 80/80
f 5/5 80/80 81/81
f 29/29 57/57 58/58
f 29/29 58/58 28/28
f 82/82 5/5 81/81
f 4/4 5/5 82/82
f 30/30 56/56 57/57
f 30/30 57/57 29/29
f 83/83 4/4 82/82
f 3/3 4/4 83/83
f 31/31 55/55 56/56
f 31/31 56/56 30/30
f 2/2 83/83 84/84
f 2/2 3/3 83/83
f 32/32 55/55 31/31
f 32/32 54/54 55/55
f 1/1 2/2 84/84
f 1/1 84/84 43/43
f 33/33 54/54 32/32
f 33/33 53/53 54/54
f 42/42 1/1 43/43
f 42/42 43/43 44/44
f 34/34 53/53 33/33
f 34/34 52/52 53/53
f 41/41 42/42 44/44
f 41/41 44/44 45/45
f 35/35 52/52 34/34
f 35/35 51/51 52/52
f 40/40 41/41 45/45
f 40/40 45/45 46/46
f 36/36 51/51 35/35
f 36/36 50/50 51/51
f 39/39 40/40 46/46
f 39/39 46/46 47/47
f 39/39 47/47 48/48
f 37/37 50/50 36/36
f 37/37 48/48 49/49
f 37/37 49/49 50/50
f 38/38 39/39 48/48
f 38/38 48/48 37/37
f 153/153 101/101 102/102
f 154/154 101/101 153/153
f 154/154 100/100 101/101
f 152/152 153/153 102/102
f 152/152 102/102 103/103
f 155/155 100/100 154/154
f 155/155 99/99 100/100
f 151/151 152/152 103/103
f 151/151 103/103 104/104
f 156/156 99/99 155/155
f 156/156 98/98 99/99
f 150/150 151/151 104/104
f 150/150 104/104 105/105
f 157/157 97/97 98/98
f 157/157 98/98 156/156
f 149/149 150/150 105/105
f 149/149 105/105 106/106
f 158/158 96/96 97/97
f 158/158 97/97 157/157
f 148/148 149/149 106/106
f 107/107 148/148 106/106
f 159/159 95/95 96/96
f 159/159 96/96 158/158
f 147/147 148/148 107/107
f 108/108 147/147 107/107
f 160/160 94/94 95/95
f 160/160 95/95 159/159
f 146/146 147/147 108/108
f 161/161 93/93 94/94
f 161/161 94/94 160/160
f 109/109 146/146 108/108
f 145/145 146/146 109/109
f 162/162 92/92 93/93
f 162/162 93/93 161/161
f 110/110 145/145 109/109
f 144/144 145/145 110/110
f 163/163 91/91 92/92
f 163/163 92/92 162/162
f 111/111 144/144 110/110
f 143/143 144/144 111/111
f 164/164 91/91 163/163
f 90/90 91/91 164/164
f 112/112 142/142 143/143
f 112/112 143/143 111/111
f 89/89 90/90 164/164
f 89/89 164/164 165/165
f 113/113 141/141 142/142
f 113/113 142/142 112/112
f 166/166 89/89 165/165
f 88/88 89/89 166/166
f 114/114 140/140 141/141
f 114/114 141/141 113/113
f 167/167 88/88 166/166
f 87/87 88/88 167/167
f 115/115 139/139 140/140
f 115/115 140/140 114/114
f 86/86 167/167 168/168
f 86/86 87/87 167/167
f 116/116 139/139 115/115
f 116/116 138/138 139/139
f 85/85 86/86 168/168
f 85/85 168/168 127/127
f 117/117 138/138 116/116
f 117/117 137/137 138/138
f 126/126 85/85 127/127
f 126/126 127/127 128/128
f 118/118 137/137 117/117
f 118/118 136/136 137/137
f 125/125 126/126 128/128
f 125/125 128/128 129/129
f 119/119 136/136 118/118
f 119/119 135/135 136/136
f 124/124 125/125 129/129
f 124/124 129/129 130/130
f 120/120 135/135 119/119
f 120/120 134/134 135/135
f 123/123 124/124 130/130
f 123/123 130/130 131/131
f 123/123 131/131 132/132
f 121/121 134/134 120/120
f 121/121 132/132 133/133
f 121/121 133/133 134/134
f 122/122 123/123 132/132
f 122/122 132/132 121/121
f 180/180 179/179 178/178
f 181/181 178/178 177/177
f 181/181 180/180 178/178
f 182/182 177/177 176/176
f 182/182 181/181 177/177
f 169/169 182/182 176/176
f 170/170 176/176 175/175
f 170/170 169/169 176/176
f 171/171 175/175 174/174
f 171/171 170/170 175/175
f 172/172 174/174 173/173
f 172/172 171/171 174/174
f 183/183 128/128 127/127
f 224/224 129/129 128/128
f 224/224 128/128 183/183
f 223/223 130/130 129/129
f 223/223 129/129 224/224
f 222/222 130/130 223/223
f 222/222 131/131 130/130
f 221/221 131/131 222/222
f 221/221 132/132 131/131
f 220/220 132/132 221/221
f 220/220 133/133 132/132
f 219/219 133/133 220/220
f 219/219 134/134 133/133
f 218/218 134/134 219/219
f 218/218 135/135 134/134
f 217/217 135/135 218/218
f 217/217 136/136 135/135
f 216/216 136/136 217/217
f 216/216 137/137 136/136
f 215/215 137/137 216/216
f 215/215 138/138 137/137
f 214/214 138/138 215/215
f 214/214 139/139 138/138
f 213/213 139/139 214/214
f 213/213 140/140 139/139
f 212/212 140/140 213/213
f 212/212 141/141 140/140
f 211/211 141/141 212/212
f 211/211 142/142 141/141
f 210/210 142/142 211/211
f 210/210 143/143 142/142
f 209/209 143/143 210/210
f 209/209 144/144 143/143
f 208/208 144/144 209/209
f 208/208 145/145 144/144
f 207/207 146/146 145/145
f 207/207 145/145 208/208
f 206/206 147/147 146/146
f 206/206 146/146 207/207
f 205/205 148/148 147/147
f 205/205 147/147 206/206
f 204/204 148/148 205/205
f 203/203 149/149 148/148
f 203/203 150/150 149/149
f 203/203 148/148 204/204
f 202/202 150/150 203/203
f 201/201 151/151 150/150
f 201/201 150/150 202/202
f 200/200 152/152 151/151
f 200/200 153/153 152/152
f 200/200 151/151 201/201
f 199/199 153/153 200/200
f 198/198 154/154 153/153
f 198/198 155/155 154/154
f 198/198 153/153 199/199
f 197/197 155/155 198/198
f 197/197 156/156 155/155
f 196/196 156/156 197/197
f 196/196 157/157 156/156
f 195/195 157/157 196/196
f 194/194 157/157 195/195
f 194/194 158/158 157/157
f 194/194 159/159 158/158
f 193/193 159/159 194/194
f 193/193 160/160 159/159
f 192/192 160/160 193/193
f 192/192 161/161 160/160
f 191/191 161/161 192/192
f 190/190 161/161 191/191
f 190/190 162/162 161/161
f 189/189 162/162 190/190
f 189/189 163/163 162/162
f 189/189 164/164 163/163
f 188/188 164/164 189/189
f 187/187 164/164 188/188
f 187/187 165/165 164/164
f 187/187 166/166 165/165
f 186/186 166/166 187/187
f 186/186 167/167 166/166
f 185/185 167/167 186/186
f 185/185 168/168 167/167
f 184/184 168/168 185/185
f 183/183 168/168 184/184
f 183/183 127/127 168/168
f 225/225 44/44 43/43
f 266/266 45/45 44/44
f 266/266 44/44 225/225
f 265/265 46/46 45/45
f 265/265 45/45 266/266
f 264/264 46/46 265/265
f 264/264 47/47 46/46
f 263/263 47/47 264/264
f 263/263 48/48 47/47
f 262/262 48/48 263/263
f 262/262 49/49 48/48
f 261/261 49/49 262/262
f 261/261 50/50 49/49
f 260/260 50/50 261/261
f 260/260 51/51 50/50
f 259/259 51/51 260/260
f 259/259 52/52 51/51
f 258/258 52/52 259/259
f 258/258 53/53 52/52
f 257/257 53/53 258/258
f 257/257 54/54 53/53
f 256/256 54/54 257/257
f 256/256 55/55 54/54
f 255/255 55/55 256/256
f 255/255 56/56 55/55
f 254/254 56/56 255/255
f 254/254 57/57 56/56
f 253/253 57/57 254/254
f 253/253 58/58 57/57
f 252/252 58/58 253/253
f 252/252 59/59 58/58
f 251/251 59/59 252/252
f 251/251 60/60 59/59
f 250/250 60/60 251/251
f 250/250 61/61 60/60
f 249/249 62/62 61/61
f 249/249 61/61 250/250
f 248/248 63/63 62/62
f 248/248 62/62 249/249
f 247/247 64/64 63/63
f 247/247 63/63 248/248
f 246/246 64/64 247/247
f 245/245 65/65 64/64
f 245/245 66/66 65/65
f 245/245 64/64 246/246
f 244/244 66/66 245/245
f 243/243 67/67 66/66
f 243/243 66/66 244/244
f 242/242 68/68 67/67
f 242/242 69/69 68/68
f 242/242 67/67 243/243
f 241/241 69/69 242/242
f 240/240 70/70 69/69
f 240/240 71/71 70/70
f 240/240 69/69 241/241
f 239/239 71/71 240/240
f 239/239 72/72 71/71
f 238/238 72/72 239/239
f 238/238 73/73 72/72
f 237/237 73/73 238/238
f 236/236 73/73 237/237
f 236/236 74/74 73/73
f 236/236 75/75 74/74
f 235/235 75/75 236/236
f 235/235 76/76 75/75
f 234/234 76/76 235/235
f 234/234 77/77 76/76
f 233/233 77/77 234/234
f 232/232 77/77 233/233
f 232/232 78/78 77/77
f 231/231 78/78 232/232
f 231/231 79/79 78/78
f 231/231 80/80 79/79
f 230/230 80/80 231/231
f 229/229 80/80 230/230
f 229/229 81/81 80/80
f 229/229 82/82 81/81
f 228/228 82/82 229/229
f 228/228 83/83 82/82
f 227/227 83/83 228/228
f 227/227 84/84 83/83
f 226/226 84/84 227/227
f 225/225 84/84 226/226
f 225/225 43/43 84/84
f 270/270 267/267 268/268
f 270/270 268/268 269/269
f 303/303 287/287 288/288
f 303/303 288/288 289/289
f 303/303 289/289 290/290
f 304/304 290/290 291/291
f 304/304 291/291 292/292
f 304/304 303/303 290/290
f 305/305 283/283 284/284
f 305/305 284/284 285/285
f 305/305 285/285 286/286
f 305/305 286/286 287/287
f 305/305 287/287 303/303
f 306/306 292/292 293/293
f 306/306 293/293 294/294
f 306/306 304/304 292/292
f 307/307 281/281 282/282
f 307/307 282/282 283/283
f 307/307 303/303 304/304
f 307/307 283/283 305/305
f 307/307 305/305 303/303
f 308/308 294/294 295/295
f 308/308 295/295 296/296
f 308/308 306/306 294/294
f 309/309 279/279 280/280
f 309/309 280/280 281/281
f 309/309 307/307 304/304
f 309/309 304/304 306/306
f 309/309 281/281 307/307
f 310/310 296/296 297/297
f 310/310 297/297 298/298
f 310/310 308/308 296/296
f 311/311 277/277 278/278
f 311/311 278/278 279/279
f 311/311 279/279 309/309
f 311/311 309/309 306/306
f 311/311 308/308 310/310
f 311/311 306/306 308/308
f 312/312 310/310 298/298
f 312/312 298/298 299/299
f 312/312 299/299 300/300
f 313/313 275/275 276/276
f 313/313 276/276 277/277
f 313/313 311/311 310/310
f 313/313 277/277 311/311
f 314/314 300/300 301/301
f 314/314 301/301 302/302
f 314/314 302/302 268/268
f 314/314 312/312 300/300
f 315/315 273/273 274/274
f 315/315 274/274 275/275
f 315/315 313/313 310/310
f 315/315 310/310 312/312
f 315/315 275/275 313/313
f 316/316 268/268 267/267
f 316/316 267/267 271/271
f 316/316 271/271 272/272
f 316/316 272/272 273/273
f 316/316 312/312 314/314
f 316/316 314/314 268/268
f 316/316 273/273 315/315
f 316/316 315/315 312/312
f 328/328 318/318 317/317
f 328/328 317/317 327/327
f 319/319 318/318 328/328
f 329/329 319/319 328/328
f 320/320 319/319 329/329
f 330/330 320/320 329/329
f 321/321 320/320 330/330
f 331/331 321/321 330/330
f 322/322 321/321 331/331
f 332/332 322/322 331/331
f 323/323 322/322 332/332
f 333/333 323/323 332/332
f 324/324 323/323 333/333
f 334/334 324/324 333/333
f 325/325 324/324 334/334
f 335/335 325/325 334/334
f 326/326 325/325 335/335
f 336/336 326/326 335/335
f 286/286 326/326 336/336
f 287/287 286/286 336/336
f 369/369 353/353 354/354
f 369/369 354/354 355/355
f 369/369 355/355 356/356
f 370/370 356/356 357/357
f 370/370 357/357 358/358
f 370/370 369/369 356/356
f 371/371 349/349 350/350
f 371/371 350/350 351/351
f 371/371 351/351 352/352
f 371/371 352/352 353/353
f 371/371 353/353 369/369
f 372/372 358/358 359/359
f 372/372 359/359 360/360
f 372/372 370/370 358/358
f 373/373 347/347 348/348
f 373/373 348/348 349/349
f 373/373 369/369 370/370
f 373/373 370/370 372/372
f 373/373 349/349 371/371
f 373/373 371/371 369/369
f 374/374 360/360 361/361
f 374/374 361/361 362/362
f 374/374 372/372 360/360
f 375/375 345/345 346/346
f 375/375 346/346 347/347
f 375/375 373/373 372/372
f 375/375 347/347 373/373
f 376/376 362/362 363/363
f 376/376 363/363 364/364
f 376/376 374/374 362/362
f 377/377 343/343 344/344
f 377/377 344/344 345/345
f 377/377 345/345 375/375
f 377/377 375/375 372/372
f 377/377 372/372 374/374
f 378/378 364/364 365/365
f 378/378 365/365 366/366
f 378/378 376/376 364/364
f 379/379 341/341 342/342
f 379/379 342/342 343/343
f 379/379 343/343 377/377
f 379/379 376/376 378/378
f 379/379 377/377 374/374
f 379/379 374/374 376/376
f 380/380 366/366 367/367
f 380/380 367/367 368/368
f 380/380 368/368 327/327
f 380/380 378/378 366/366
f 381/381 341/341 379/379
f 381/381 339/339 340/340
f 381/381 340/340 341/341
f 381/381 379/379 378/378
f 382/382 327/327 317/317
f 382/382 378/378 380/380
f 382/382 317/317 337/337
f 382/382 337/337 338/338
f 382/382 338/338 339/339
f 382/382 339/339 381/381
f 382/382 381/381 378/378
f 382/382 380/380 327/327
f 384/384 353/353 352/352
f 384/384 352/352 383/383
f 425/425 270/270 269/269
f 425/425 269/269 385/385
f 424/424 385/385 386/386
f 424/424 425/425 385/385
f 423/423 386/386 387/387
f 423/423 424/424 386/386
f 422/422 387/387 388/388
f 422/422 423/423 387/387
f 421/421 388/388 389/389
f 421/421 422/422 388/388
f 420/420 389/389 390/390
f 420/420 421/421 389/389
f 419/419 390/390 391/391
f 419/419 420/420 390/390
f 418/418 391/391 392/392
f 418/418 419/419 391/391
f 417/417 392/392 393/393
f 417/417 418/418 392/392
f 416/416 393/393 394/394
f 416/416 417/417 393/393
f 415/415 394/394 395/395
f 415/415 416/416 394/394
f 414/414 395/395 396/396
f 414/414 415/415 395/395
f 413/413 396/396 397/397
f 413/413 414/414 396/396
f 412/412 397/397 398/398
f 412/412 413/413 397/397
f 411/411 412/412 398/398
f 411/411 398/398 399/399
f 410/410 411/411 399/399
f 410/410 399/399 400/400
f 409/409 410/410 400/400
f 409/409 400/400 401/401
f 408/408 401/401 402/402
f 408/408 409/409 401/401
f 407/407 402/402 403/403
f 407/407 408/408 402/402
f 406/406 403/403 404/404
f 406/406 407/407 403/403
f 405/405 404/404 384/384
f 405/405 406/406 404/404
f 383/383 405/405 384/384
f 271/271 267/267 426/426
f 271/271 426/426 442/442
f 272/272 442/442 441/441
f 272/272 271/271 442/442
f 273/273 441/441 440/440
f 273/273 272/272 441/441
f 274/274 440/440 439/439
f 274/274 273/273 440/440
f 275/275 439/439 438/438
f 275/275 274/274 439/439
f 276/276 438/438 437/437
f 276/276 275/275 438/438
f 277/277 437/437 436/436
f 277/277 276/276 437/437
f 278/278 436/436 435/435
f 278/278 277/277 436/436
f 279/279 435/435 434/434
f 279/279 278/278 435/435
f 280/280 434/434 433/433
f 280/280 279/279 434/434
f 281/281 433/433 432/432
f 281/281 280/280 433/433
f 282/282 432/432 431/431
f 282/282 281/281 432/432
f 283/283 431/431 430/430
f 283/283 282/282 431/431
f 284/284 430/430 429/429
f 284/284 283/283 430/430
f 285/285 429/429 428/428
f 285/285 284/284 429/429
f 286/286 428/428 427/427
f 286/286 285/285 428/428
f 426/426 270/270 443/443
f 267/267 270/270 426/426
f 391/391 390/390 389/389
f 387/387 389/389 388/388
f 386/386 389/389 387/387
f 393/393 392/392 391/391
f 394/394 393/393 391/391
f 269/269 386/386 385/385
f 269/269 391/391 389/389
f 269/269 389/389 386/386
f 269/269 394/394 391/391
f 396/396 395/395 394/394
f 399/399 397/397 396/396
f 399/399 398/398 397/397
f 399/399 396/396 394/394
f 401/401 400/400 399/399
f 404/404 402/402 401/401
f 404/404 403/403 402/402
f 384/384 394/394 269/269
f 384/384 399/399 394/394
f 384/384 401/401 399/399
f 384/384 404/404 401/401
f 198/198 199/199 269/269
f 200/200 269/269 199/199
f 197/197 198/198 269/269
f 201/201 269/269 200/200
f 196/196 197/197 269/269
f 202/202 269/269 201/201
f 195/195 196/196 269/269
f 203/203 269/269 202/202
f 204/204 269/269 203/203
f 204/204 384/384 269/269
f 205/205 384/384 204/204
f 206/206 384/384 205/205
f 207/207 384/384 206/206
f 208/208 384/384 207/207
f 209/209 384/384 208/208
f 210/210 384/384 209/209
f 211/211 384/384 210/210
f 268/268 195/195 269/269
f 268/268 191/191 192/192
f 268/268 192/192 193/193
f 268/268 193/193 194/194
f 268/268 194/194 195/195
f 301/301 268/268 302/302
f 300/300 268/268 301/301
f 299/299 268/268 300/300
f 298/298 268/268 299/299
f 241/241 188/188 189/189
f 240/240 241/241 189/189
f 242/242 187/187 188/188
f 242/242 188/188 241/241
f 239/239 189/189 190/190
f 239/239 240/240 189/189
f 243/243 186/186 187/187
f 243/243 187/187 242/242
f 238/238 191/191 268/268
f 238/238 190/190 191/191
f 238/238 239/239 190/190
f 244/244 186/186 243/243
f 244/244 185/185 186/186
f 237/237 238/238 268/268
f 245/245 185/185 244/244
f 245/245 184/184 185/185
f 236/236 237/237 268/268
f 295/295 297/297 296/296
f 295/295 298/298 297/297
f 246/246 183/183 184/184
f 246/246 184/184 245/245
f 294/294 298/298 295/295
f 294/294 268/268 298/298
f 247/247 224/224 183/183
f 247/247 183/183 246/246
f 293/293 268/268 294/294
f 292/292 268/268 293/293
f 248/248 223/223 224/224
f 248/248 224/224 247/247
f 249/249 223/223 248/248
f 249/249 222/222 223/223
f 289/289 291/291 290/290
f 289/289 292/292 291/291
f 288/288 292/292 289/289
f 287/287 268/268 292/292
f 287/287 292/292 288/288
f 250/250 221/221 222/222
f 250/250 222/222 249/249
f 336/336 268/268 287/287
f 251/251 220/220 221/221
f 251/251 221/221 250/250
f 252/252 219/219 220/220
f 252/252 220/220 251/251
f 335/335 234/234 235/235
f 335/335 235/235 236/236
f 335/335 236/236 268/268
f 335/335 268/268 336/336
f 253/253 218/218 219/219
f 253/253 219/219 252/252
f 254/254 218/218 253/253
f 254/254 217/217 218/218
f 334/334 231/231 232/232
f 334/334 232/232 233/233
f 334/334 233/233 234/234
f 334/334 234/234 335/335
f 333/333 227/227 228/228
f 333/333 228/228 229/229
f 333/333 229/229 230/230
f 333/333 230/230 231/231
f 333/333 231/231 334/334
f 332/332 225/225 226/226
f 332/332 226/226 227/227
f 332/332 265/265 266/266
f 332/332 266/266 225/225
f 332/332 227/227 333/333
f 331/331 261/261 262/262
f 331/331 262/262 263/263
f 331/331 263/263 264/264
f 331/331 264/264 265/265
f 331/331 265/265 332/332
f 330/330 258/258 259/259
f 330/330 259/259 260/260
f 330/330 260/260 261/261
f 330/330 261/261 331/331
f 329/329 256/256 257/257
f 329/329 257/257 258/258
f 329/329 258/258 330/330
f 366/366 368/368 367/367
f 366/366 327/327 368/368
f 365/365 327/327 366/366
f 364/364 327/327 365/365
f 353/353 328/328 327/327
f 353/353 329/329 328/328
f 353/353 254/254 255/255
f 353/353 255/255 256/256
f 353/353 217/217 254/254
f 353/353 213/213 214/214
f 353/353 214/214 215/215
f 353/353 256/256 329/329
f 353/353 215/215 216/216
f 353/353 216/216 217/217
f 362/362 364/364 363/363
f 361/361 353/353 327/327
f 361/361 327/327 364/364
f 361/361 364/364 362/362
f 361/361 354/354 353/353
f 359/359 361/361 360/360
f 358/358 355/355 354/354
f 358/358 356/356 355/355
f 358/358 357/357 356/356
f 358/358 354/354 361/361
f 358/358 361/361 359/359
f 353/353 384/384 213/213
f 213/213 384/384 212/212
f 212/212 384/384 211/211
f 454/454 179/179 455/455
f 465/465 446/446 464/464
f 445/445 446/446 465/465
f 466/466 445/445 465/465
f 444/444 445/445 466/466
f 467/467 443/443 443/443
f 467/467 468/468 443/443
f 469/469 456/456 443/443
f 469/469 443/443 468/468
f 470/470 443/443 457/457
f 470/470 467/467 443/443
f 471/471 469/469 468/468
f 471/471 468/468 467/467
f 472/472 456/456 469/469
f 473/473 457/457 458/458
f 473/473 471/471 467/467
f 473/473 470/470 457/457
f 473/473 467/467 470/470
f 474/474 469/469 471/471
f 474/474 472/472 469/469
f 474/474 471/471 473/473
f 475/475 455/455 456/456
f 475/475 456/456 472/472
f 476/476 455/455 475/475
f 477/477 475/475 472/472
f 477/477 472/472 474/474
f 478/478 458/458 459/459
f 478/478 473/473 458/458
f 478/478 474/474 473/473
f 479/479 452/452 453/453
f 479/479 453/453 454/454
f 479/479 455/455 476/476
f 479/479 454/454 455/455
f 480/480 476/476 475/475
f 480/480 475/475 477/477
f 481/481 459/459 460/460
f 481/481 478/478 459/459
f 481/481 477/477 474/474
f 481/481 474/474 478/478
f 481/481 480/480 477/477
f 482/482 448/448 449/449
f 482/482 449/449 450/450
f 482/482 450/450 451/451
f 482/482 451/451 452/452
f 482/482 476/476 480/480
f 482/482 452/452 479/479
f 482/482 479/479 476/476
f 483/483 460/460 461/461
f 483/483 481/481 460/460
f 483/483 480/480 481/481
f 483/483 482/482 480/480
f 484/484 446/446 447/447
f 484/484 447/447 448/448
f 484/484 461/461 462/462
f 484/484 462/462 463/463
f 484/484 463/463 464/464
f 484/484 483/483 461/461
f 484/484 464/464 446/446
f 484/484 448/448 482/482
f 484/484 482/482 483/483
f 178/178 179/179 454/454
f 490/490 491/491 489/489
f 501/501 454/454 453/453
f 501/501 178/178 454/454
f 502/502 453/453 452/452
f 502/502 501/501 453/453
f 503/503 177/177 178/178
f 503/503 178/178 501/501
f 504/504 452/452 451/451
f 504/504 502/502 452/452
f 505/505 501/501 502/502
f 505/505 503/503 501/501
f 506/506 176/176 177/177
f 506/506 177/177 503/503
f 507/507 451/451 450/450
f 507/507 504/504 451/451
f 508/508 502/502 504/504
f 508/508 505/505 502/502
f 509/509 505/505 508/508
f 509/509 506/506 503/503
f 509/509 503/503 505/505
f 510/510 450/450 449/449
f 510/510 507/507 450/450
f 511/511 175/175 176/176
f 511/511 176/176 506/506
f 512/512 504/504 507/507
f 512/512 508/508 504/504
f 513/513 509/509 508/508
f 513/513 508/508 512/512
f 514/514 449/449 448/448
f 514/514 510/510 449/449
f 515/515 511/511 506/506
f 515/515 506/506 509/509
f 516/516 507/507 510/510
f 516/516 512/512 507/507
f 517/517 173/173 174/174
f 517/517 174/174 175/175
f 517/517 500/500 173/173
f 517/517 175/175 511/511
f 517/517 511/511 515/515
f 518/518 513/513 512/512
f 518/518 512/512 516/516
f 519/519 448/448 447/447
f 519/519 514/514 448/448
f 520/520 515/515 509/509
f 520/520 509/509 513/513
f 521/521 516/516 510/510
f 521/521 510/510 514/514
f 522/522 517/517 515/515
f 522/522 500/500 517/517
f 522/522 499/499 500/500
f 523/523 518/518 516/516
f 524/524 447/447 446/446
f 524/524 519/519 447/447
f 525/525 513/513 518/518
f 525/525 520/520 513/513
f 526/526 514/514 519/519
f 526/526 519/519 524/524
f 526/526 521/521 514/514
f 527/527 522/522 515/515
f 527/527 515/515 520/520
f 527/527 499/499 522/522
f 527/527 498/498 499/499
f 528/528 516/516 521/521
f 528/528 523/523 516/516
f 528/528 521/521 526/526
f 529/529 446/446 445/445
f 529/529 524/524 446/446
f 530/530 523/523 528/528
f 530/530 518/518 523/523
f 530/530 525/525 518/518
f 531/531 526/526 524/524
f 532/532 520/520 525/525
f 532/532 527/527 520/520
f 532/532 497/497 498/498
f 532/532 498/498 527/527
f 533/533 528/528 526/526
f 534/534 444/444 485/485
f 534/534 445/445 444/444
f 534/534 529/529 445/445
f 535/535 530/530 528/528
f 536/536 524/524 529/529
f 536/536 531/531 524/524
f 537/537 497/497 532/532
f 537/537 496/496 497/497
f 537/537 532/532 525/525
f 537/537 525/525 530/530
f 538/538 526/526 531/531
f 538/538 533/533 526/526
f 538/538 531/531 536/536
f 539/539 528/528 533/533
f 539/539 535/535 528/528
f 540/540 485/485 486/486
f 540/540 534/534 485/485
f 540/540 536/536 529/529
f 540/540 529/529 534/534
f 541/541 495/495 496/496
f 541/541 530/530 535/535
f 541/541 496/496 537/537
f 541/541 537/537 530/530
f 542/542 538/538 536/536
f 543/543 539/539 533/533
f 543/543 533/533 538/538
f 544/544 495/495 541/541
f 544/544 494/494 495/495
f 544/544 535/535 539/539
f 544/544 541/541 535/535
f 545/545 486/486 487/487
f 545/545 540/540 486/486
f 545/545 536/536 540/540
f 545/545 542/542 536/536
f 546/546 538/538 542/542
f 546/546 543/543 538/538
f 547/547 543/543 546/546
f 547/547 493/493 494/494
f 547/547 494/494 544/544
f 547/547 539/539 543/543
f 547/547 544/544 539/539
f 548/548 546/546 542/542
f 548/548 487/487 488/488
f 548/548 545/545 487/487
f 548/548 542/542 545/545
f 549/549 492/492 493/493
f 549/549 547/547 546/546
f 549/549 493/493 547/547
f 550/550 489/489 491/491
f 550/550 488/488 489/489
f 550/550 549/549 546/546
f 550/550 491/491 492/492
f 550/550 548/548 488/488
f 550/550 546/546 548/548
f 550/550 492/492 549/549
f 566/566 173/173 500/500
f 551/551 491/491 490/490
f 552/552 491/491 551/551
f 567/567 497/497 496/496
f 567/567 498/498 497/497
f 567/567 499/499 498/498
f 567/567 500/500 499/499
f 567/567 566/566 500/500
f 568/568 495/495 494/494
f 568/568 496/496 495/495
f 568/568 567/567 496/496
f 569/569 552/552 553/553
f 569/569 553/553 554/554
f 569/569 492/492 491/491
f 569/569 493/493 492/492
f 569/569 494/494 493/493
f 569/569 568/568 494/494
f 569/569 491/491 552/552
f 570/570 565/565 566/566
f 570/570 567/567 568/568
f 570/570 566/566 567/567
f 571/571 554/554 555/555
f 571/571 569/569 554/554
f 571/571 568/568 569/569
f 572/572 570/570 568/568
f 573/573 555/555 556/556
f 573/573 572/572 568/568
f 573/573 568/568 571/571
f 573/573 571/571 555/555
f 574/574 558/558 559/559
f 575/575 556/556 557/557
f 575/575 557/557 558/558
f 575/575 573/573 556/556
f 575/575 558/558 574/574
f 575/575 574/574 572/572
f 575/575 572/572 573/573
f 576/576 559/559 560/560
f 576/576 574/574 559/559
f 577/577 564/564 576/576
f 577/577 576/576 560/560
f 578/578 560/560 561/561
f 578/578 577/577 560/560
f 578/578 564/564 577/577
f 579/579 561/561 562/562
f 579/579 562/562 563/563
f 579/579 563/563 563/563
f 579/579 563/563 564/564
f 579/579 578/578 561/561
f 579/579 564/564 578/578
f 580/580 570/570 572/572
f 580/580 565/565 570/570
f 581/581 564/564 565/565
f 581/581 572/572 574/574
f 581/581 576/576 564/564
f 581/581 565/565 580/580
f 581/581 574/574 576/576
f 581/581 580/580 572/572
f 593/593 415/415 414/414
f 625/625 593/593 414/414
f 625/625 414/414 413/413
f 626/626 625/625 413/413
f 626/626 413/413 412/412
f 627/627 626/626 412/412
f 627/627 412/412 411/411
f 628/628 627/627 411/411
f 629/629 628/628 411/411
f 629/629 411/411 410/410
f 630/630 629/629 410/410
f 631/631 630/630 410/410
f 632/632 631/631 410/410
f 632/632 410/410 409/409
f 594/594 632/632 409/409
f 595/595 594/594 409/409
f 595/595 409/409 408/408
f 596/596 595/595 408/408
f 596/596 408/408 407/407
f 597/597 596/596 407/407
f 597/597 406/406 405/405
f 597/597 407/407 406/406
f 563/563 405/405 383/383
f 598/598 597/597 405/405
f 598/598 405/405 563/563
f 599/599 598/598 563/563
f 599/599 563/563 562/562
f 600/600 599/599 562/562
f 601/601 600/600 562/562
f 601/601 562/562 561/561
f 602/602 560/560 559/559
f 602/602 561/561 560/560
f 602/602 601/601 561/561
f 603/603 559/559 558/558
f 603/603 602/602 559/559
f 604/604 557/557 556/556
f 604/604 558/558 557/557
f 604/604 603/603 558/558
f 605/605 555/555 554/554
f 605/605 556/556 555/555
f 605/605 604/604 556/556
f 606/606 552/552 551/551
f 606/606 553/553 552/552
f 606/606 554/554 553/553
f 606/606 605/605 554/554
f 607/607 551/551 490/490
f 607/607 490/490 489/489
f 607/607 606/606 551/551
f 608/608 607/607 489/489
f 608/608 489/489 488/488
f 609/609 608/608 488/488
f 609/609 488/488 487/487
f 610/610 609/609 487/487
f 610/610 487/487 486/486
f 611/611 610/610 486/486
f 611/611 486/486 485/485
f 612/612 611/611 485/485
f 612/612 485/485 444/444
f 612/612 444/444 466/466
f 613/613 612/612 466/466
f 613/613 464/464 463/463
f 613/613 465/465 464/464
f 613/613 466/466 465/465
f 614/614 613/613 463/463
f 614/614 462/462 461/461
f 614/614 463/463 462/462
f 615/615 614/614 461/461
f 615/615 460/460 459/459
f 615/615 461/461 460/460
f 616/616 615/615 459/459
f 616/616 459/459 458/458
f 617/617 616/616 458/458
f 618/618 617/617 458/458
f 618/618 458/458 457/457
f 619/619 618/618 457/457
f 619/619 457/457 443/443
f 425/425 443/443 270/270
f 620/620 619/619 443/443
f 621/621 443/443 425/425
f 621/621 620/620 443/443
f 622/622 424/424 423/423
f 622/622 425/425 424/424
f 622/622 621/621 425/425
f 623/623 423/423 422/422
f 623/623 622/622 423/423
f 624/624 422/422 421/421
f 624/624 623/623 422/422
f 582/582 624/624 421/421
f 583/583 421/421 420/420
f 583/583 582/582 421/421
f 584/584 583/583 420/420
f 585/585 584/584 420/420
f 586/586 585/585 420/420
f 586/586 420/420 419/419
f 587/587 586/586 419/419
f 588/588 587/587 419/419
f 588/588 419/419 418/418
f 589/589 588/588 418/418
f 589/589 418/418 417/417
f 590/590 589/589 417/417
f 591/591 590/590 417/417
f 591/591 417/417 416/416
f 592/592 591/591 416/416
f 592/592 416/416 415/415
f 593/593 592/592 415/415
f 634/634 180/180 633/633
f 455/455 179/179 180/180
f 455/455 634/634 635/635
f 455/455 635/635 636/636
f 455/455 180/180 634/634
f 637/637 455/455 636/636
f 638/638 455/455 637/637
f 456/456 638/638 639/639
f 456/456 639/639 640/640
f 456/456 640/640 641/641
f 456/456 455/455 638/638
f 642/642 456/456 641/641
f 443/443 642/642 643/643
f 443/443 643/643 426/426
f 443/443 456/456 642/642
f 566/566 172/172 173/173
f 654/654 655/655 172/172
f 654/654 172/172 566/566
f 653/653 654/654 566/566
f 652/652 566/566 565/565
f 652/652 653/653 566/566
f 651/651 652/652 565/565
f 650/650 565/565 564/564
f 650/650 651/651 565/565
f 649/649 650/650 564/564
f 648/648 649/649 564/564
f 647/647 648/648 564/564
f 646/646 564/564 563/563
f 646/646 647/647 564/564
f 645/645 646/646 563/563
f 644/644 645/645 563/563
f 670/670 671/671 672/672
f 682/682 669/669 670/670
f 682/682 672/672 673/673
f 682/682 670/670 672/672
f 683/683 682/682 673/673
f 683/683 673/673 674/674
f 684/684 668/668 669/669
f 684/684 669/669 682/682
f 685/685 674/674 675/675
f 685/685 683/683 674/674
f 686/686 684/684 682/682
f 686/686 668/668 684/684
f 686/686 682/682 683/683
f 687/687 675/675 676/676
f 687/687 685/685 675/675
f 688/688 686/686 683/683
f 688/688 683/683 685/685
f 689/689 666/666 667/667
f 689/689 667/667 668/668
f 689/689 668/668 686/686
f 690/690 676/676 677/677
f 690/690 687/687 676/676
f 691/691 688/688 685/685
f 691/691 685/685 687/687
f 692/692 686/686 688/688
f 692/692 689/689 686/686
f 693/693 687/687 690/690
f 693/693 691/691 687/687
f 694/694 688/688 691/691
f 694/694 692/692 688/688
f 695/695 665/665 666/666
f 695/695 689/689 692/692
f 695/695 666/666 689/689
f 696/696 677/677 678/678
f 696/696 693/693 690/690
f 696/696 690/690 677/677
f 697/697 694/694 691/691
f 697/697 691/691 693/693
f 698/698 695/695 692/692
f 698/698 692/692 694/694
f 699/699 663/663 664/664
f 699/699 664/664 665/665
f 700/700 678/678 679/679
f 700/700 679/679 680/680
f 700/700 696/696 678/678
f 701/701 697/697 693/693
f 701/701 693/693 696/696
f 702/702 698/698 694/694
f 702/702 694/694 697/697
f 703/703 695/695 698/698
f 703/703 663/663 699/699
f 703/703 699/699 665/665
f 703/703 665/665 695/695
f 704/704 701/701 696/696
f 704/704 696/696 700/700
f 705/705 702/702 697/697
f 705/705 697/697 701/701
f 706/706 698/698 702/702
f 706/706 703/703 698/698
f 707/707 662/662 663/663
f 707/707 663/663 703/703
f 708/708 700/700 680/680
f 708/708 680/680 681/681
f 708/708 681/681 655/655
f 708/708 704/704 700/700
f 709/709 705/705 701/701
f 709/709 701/701 704/704
f 710/710 702/702 705/705
f 710/710 706/706 702/702
f 711/711 703/703 706/706
f 711/711 662/662 707/707
f 711/711 707/707 703/703
f 712/712 704/704 708/708
f 712/712 709/709 704/704
f 713/713 705/705 709/709
f 713/713 710/710 705/705
f 714/714 706/706 710/710
f 714/714 711/711 706/706
f 715/715 662/662 711/711
f 715/715 660/660 661/661
f 715/715 661/661 662/662
f 716/716 654/654 653/653
f 716/716 655/655 654/654
f 716/716 708/708 655/655
f 716/716 712/712 708/708
f 717/717 709/709 712/712
f 717/717 713/713 709/709
f 718/718 710/710 713/713
f 718/718 714/714 710/710
f 719/719 715/715 711/711
f 719/719 711/711 714/714
f 720/720 712/712 716/716
f 720/720 717/717 712/712
f 721/721 718/718 713/713
f 721/721 713/713 717/717
f 722/722 714/714 718/718
f 722/722 719/719 714/714
f 723/723 659/659 660/660
f 723/723 715/715 719/719
f 723/723 660/660 715/715
f 724/724 653/653 652/652
f 724/724 652/652 720/720
f 724/724 720/720 716/716
f 724/724 716/716 653/653
f 725/725 717/717 720/720
f 725/725 721/721 717/717
f 726/726 718/718 721/721
f 726/726 722/722 718/718
f 727/727 719/719 722/722
f 727/727 723/723 719/719
f 728/728 725/725 720/720
f 728/728 652/652 651/651
f 728/728 720/720 652/652
f 729/729 721/721 725/725
f 729/729 726/726 721/721
f 730/730 722/722 726/726
f 730/730 727/727 722/722
f 731/731 723/723 727/727
f 731/731 657/657 658/658
f 731/731 658/658 659/659
f 731/731 659/659 723/723
f 732/732 650/650 649/649
f 732/732 651/651 650/650
f 732/732 728/728 651/651
f 732/732 725/725 728/728
f 732/732 729/729 725/725
f 733/733 730/730 726/726
f 733/733 726/726 729/729
f 734/734 731/731 727/727
f 734/734 727/727 730/730
f 735/735 649/649 648/648
f 735/735 729/729 732/732
f 735/735 733/733 729/729
f 735/735 732/732 649/649
f 736/736 730/730 733/733
f 736/736 734/734 730/730
f 737/737 657/657 731/731
f 737/737 731/731 734/734
f 737/737 656/656 657/657
f 738/738 733/733 735/735
f 738/738 736/736 733/733
f 739/739 644/644 656/656
f 739/739 734/734 736/736
f 739/739 656/656 737/737
f 739/739 737/737 734/734
f 740/740 647/647 646/646
f 740/740 648/648 647/647
f 740/740 735/735 648/648
f 740/740 646/646 738/738
f 740/740 738/738 735/735
f 741/741 645/645 644/644
f 741/741 646/646 645/645
f 741/741 738/738 646/646
f 741/741 644/644 739/739
f 741/741 736/736 738/738
f 741/741 739/739 736/736
f 742/742 427/427 428/428
f 752/752 441/441 442/442
f 753/753 439/439 440/440
f 753/753 440/440 441/441
f 754/754 442/442 426/426
f 754/754 426/426 643/643
f 754/754 752/752 442/442
f 755/755 753/753 441/441
f 755/755 441/441 752/752
f 756/756 438/438 439/439
f 757/757 643/643 642/642
f 757/757 754/754 643/643
f 758/758 752/752 754/754
f 758/758 755/755 752/752
f 759/759 756/756 439/439
f 759/759 439/439 753/753
f 759/759 753/753 755/755
f 760/760 758/758 754/754
f 760/760 754/754 757/757
f 761/761 759/759 755/755
f 761/761 755/755 758/758
f 762/762 436/436 437/437
f 762/762 437/437 438/438
f 762/762 438/438 756/756
f 762/762 756/756 759/759
f 763/763 641/641 640/640
f 763/763 642/642 641/641
f 763/763 760/760 757/757
f 763/763 757/757 642/642
f 764/764 761/761 758/758
f 764/764 758/758 760/760
f 765/765 762/762 759/759
f 765/765 759/759 761/761
f 766/766 435/435 436/436
f 766/766 436/436 762/762
f 767/767 760/760 763/763
f 767/767 764/764 760/760
f 768/768 765/765 761/761
f 768/768 761/761 764/764
f 769/769 762/762 765/765
f 769/769 766/766 762/762
f 770/770 433/433 434/434
f 770/770 434/434 435/435
f 770/770 435/435 766/766
f 771/771 640/640 639/639
f 771/771 767/767 763/763
f 771/771 763/763 640/640
f 772/772 764/764 767/767
f 772/772 768/768 764/764
f 773/773 769/769 765/765
f 773/773 765/765 768/768
f 774/774 766/766 769/769
f 774/774 770/770 766/766
f 775/775 432/432 433/433
f 776/776 772/772 767/767
f 776/776 771/771 639/639
f 776/776 767/767 771/771
f 777/777 773/773 768/768
f 777/777 768/768 772/772
f 778/778 774/774 769/769
f 778/778 769/769 773/773
f 779/779 770/770 774/774
f 779/779 775/775 433/433
f 779/779 433/433 770/770
f 780/780 430/430 431/431
f 780/780 431/431 432/432
f 781/781 638/638 637/637
f 781/781 639/639 638/638
f 781/781 776/776 639/639
f 782/782 772/772 776/776
f 782/782 777/777 772/772
f 783/783 773/773 777/777
f 783/783 778/778 773/773
f 784/784 774/774 778/778
f 784/784 779/779 774/774
f 785/785 780/780 432/432
f 785/785 775/775 779/779
f 785/785 432/432 775/775
f 785/785 430/430 780/780
f 786/786 637/637 636/636
f 786/786 781/781 637/637
f 786/786 776/776 781/781
f 786/786 782/782 776/776
f 787/787 777/777 782/782
f 787/787 783/783 777/777
f 788/788 778/778 783/783
f 788/788 784/784 778/778
f 789/789 779/779 784/784
f 789/789 785/785 779/779
f 790/790 429/429 430/430
f 790/790 430/430 785/785
f 791/791 782/782 786/786
f 791/791 787/787 782/782
f 792/792 783/783 787/787
f 792/792 788/788 783/783
f 793/793 789/789 784/784
f 793/793 784/784 788/788
f 794/794 785/785 789/789
f 794/794 790/790 785/785
f 795/795 428/428 429/429
f 795/795 429/429 790/790
f 795/795 742/742 428/428
f 796/796 636/636 635/635
f 796/796 786/786 636/636
f 796/796 791/791 786/786
f 797/797 787/787 791/791
f 797/797 792/792 787/787
f 798/798 788/788 792/792
f 798/798 793/793 788/788
f 799/799 794/794 789/789
f 799/799 789/789 793/793
f 800/800 743/743 742/742
f 800/800 795/795 790/790
f 800/800 742/742 795/795
f 800/800 790/790 794/794
f 801/801 791/791 796/796
f 801/801 797/797 791/791
f 802/802 792/792 797/797
f 802/802 798/798 792/792
f 803/803 793/793 798/798
f 803/803 799/799 793/793
f 804/804 744/744 743/743
f 804/804 794/794 799/799
f 804/804 800/800 794/794
f 804/804 743/743 800/800
f 805/805 634/634 633/633
f 805/805 635/635 634/634
f 805/805 801/801 796/796
f 805/805 796/796 635/635
f 806/806 797/797 801/801
f 806/806 802/802 797/797
f 807/807 803/803 798/798
f 807/807 798/798 802/802
f 808/808 804/804 799/799
f 808/808 745/745 744/744
f 808/808 799/799 803/803
f 808/808 744/744 804/804
f 809/809 751/751 750/750
f 809/809 633/633 751/751
f 809/809 805/805 633/633
f 809/809 750/750 806/806
f 809/809 806/806 801/801
f 809/809 801/801 805/805
f 810/810 749/749 748/748
f 810/810 750/750 749/749
f 810/810 802/802 806/806
f 810/810 806/806 750/750
f 810/810 807/807 802/802
f 811/811 746/746 745/745
f 811/811 803/803 807/807
f 811/811 745/745 808/808
f 811/811 808/808 803/803
f 812/812 747/747 746/746
f 812/812 748/748 747/747
f 812/812 746/746 811/811
f 812/812 807/807 810/810
f 812/812 811/811 807/807
f 812/812 810/810 748/748
f 337/337 317/317 671/671
f 337/337 671/671 670/670
f 338/338 670/670 669/669
f 338/338 337/337 670/670
f 339/339 669/669 668/668
f 339/339 338/338 669/669
f 340/340 668/668 667/667
f 340/340 339/339 668/668
f 341/341 667/667 666/666
f 341/341 340/340 667/667
f 342/342 666/666 665/665
f 342/342 341/341 666/666
f 343/343 665/665 664/664
f 343/343 342/342 665/665
f 344/344 664/664 663/663
f 344/344 343/343 664/664
f 345/345 663/663 662/662
f 345/345 344/344 663/663
f 346/346 662/662 661/661
f 346/346 345/345 662/662
f 347/347 661/661 660/660
f 347/347 346/346 661/661
f 348/348 660/660 659/659
f 348/348 347/347 660/660
f 349/349 659/659 658/658
f 349/349 348/348 659/659
f 350/350 658/658 657/657
f 350/350 349/349 658/658
f 351/351 656/656 644/644
f 351/351 657/657 656/656
f 351/351 350/350 657/657
f 352/352 351/351 644/644
f 383/383 352/352 644/644
f 383/383 644/644 563/563
f 814/814 835/835 813/813
f 836/836 837/837 858/858
f 861/861 582/582 826/826
f 861/861 624/624 582/582
f 862/862 861/861 826/826
f 862/862 826/826 827/827
f 863/863 827/827 828/828
f 863/863 862/862 827/827
f 864/864 624/624 861/861
f 864/864 623/623 624/624
f 865/865 828/828 829/829
f 865/865 863/863 828/828
f 866/866 864/864 861/861
f 866/866 861/861 862/862
f 867/867 829/829 830/830
f 867/867 865/865 829/829
f 868/868 866/866 862/862
f 868/868 862/862 863/863
f 869/869 830/830 831/831
f 869/869 867/867 830/830
f 870/870 623/623 864/864
f 870/870 622/622 623/623
f 871/871 863/863 865/865
f 871/871 868/868 863/863
f 872/872 831/831 832/832
f 872/872 869/869 831/831
f 873/873 864/864 866/866
f 873/873 870/870 864/864
f 874/874 865/865 867/867
f 874/874 871/871 865/865
f 875/875 832/832 833/833
f 875/875 872/872 832/832
f 876/876 866/866 868/868
f 876/876 873/873 866/866
f 877/877 867/867 869/869
f 877/877 874/874 867/867
f 878/878 622/622 870/870
f 878/878 621/621 622/622
f 879/879 833/833 834/834
f 879/879 875/875 833/833
f 880/880 871/871 874/874
f 880/880 876/876 868/868
f 880/880 868/868 871/871
f 881/881 869/869 872/872
f 881/881 877/877 869/869
f 882/882 870/870 873/873
f 882/882 878/878 870/870
f 883/883 879/879 834/834
f 883/883 834/834 835/835
f 883/883 835/835 814/814
f 884/884 880/880 874/874
f 885/885 872/872 875/875
f 885/885 881/881 872/872
f 886/886 876/876 880/880
f 886/886 882/882 873/873
f 886/886 873/873 876/876
f 887/887 874/874 877/877
f 887/887 884/884 874/874
f 888/888 621/621 878/878
f 888/888 620/620 621/621
f 889/889 875/875 879/879
f 889/889 885/885 875/875
f 890/890 886/886 880/880
f 891/891 887/887 877/877
f 891/891 877/877 881/881
f 892/892 888/888 878/878
f 892/892 882/882 886/886
f 892/892 878/878 882/882
f 893/893 814/814 815/815
f 893/893 889/889 879/879
f 893/893 883/883 814/814
f 893/893 879/879 883/883
f 894/894 890/890 880/880
f 894/894 880/880 884/884
f 895/895 881/881 885/885
f 895/895 891/891 881/881
f 896/896 892/892 886/886
f 896/896 886/886 890/890
f 897/897 884/884 887/887
f 897/897 887/887 891/891
f 897/897 894/894 884/884
f 898/898 620/620 888/888
f 898/898 619/619 620/620
f 899/899 885/885 889/889
f 899/899 895/895 885/885
f 900/900 890/890 894/894
f 900/900 896/896 890/890
f 901/901 897/897 891/891
f 902/902 888/888 892/892
f 902/902 892/892 896/896
f 902/902 898/898 888/888
f 903/903 815/815 816/816
f 903/903 816/816 817/817
f 903/903 899/899 889/889
f 903/903 893/893 815/815
f 903/903 889/889 893/893
f 904/904 900/900 894/894
f 905/905 891/891 895/895
f 905/905 895/895 899/899
f 905/905 901/901 891/891
f 906/906 902/902 896/896
f 907/907 894/894 897/897
f 907/907 904/904 894/894
f 908/908 618/618 619/619
f 908/908 619/619 898/898
f 908/908 898/898 902/902
f 909/909 905/905 899/899
f 910/910 896/896 900/900
f 910/910 906/906 896/896
f 911/911 907/907 897/897
f 911/911 897/897 901/901
f 912/912 908/908 902/902
f 913/913 909/909 899/899
f 913/913 899/899 903/903
f 913/913 903/903 817/817
f 914/914 910/910 900/900
f 914/914 900/900 904/904
f 915/915 911/911 901/901
f 915/915 901/901 905/905
f 916/916 912/912 902/902
f 916/916 902/902 906/906
f 917/917 914/914 904/904
f 917/917 904/904 907/907
f 918/918 617/617 618/618
f 918/918 618/618 908/908
f 919/919 915/915 905/905
f 919/919 905/905 909/909
f 920/920 910/910 914/914
f 920/920 916/916 906/906
f 920/920 906/906 910/910
f 921/921 917/917 907/907
f 921/921 911/911 915/915
f 921/921 907/907 911/911
f 922/922 908/908 912/912
f 922/922 918/918 908/908
f 923/923 817/817 818/818
f 923/923 818/818 819/819
f 923/923 913/913 817/817
f 923/923 919/919 909/909
f 923/923 909/909 913/913
f 924/924 920/920 914/914
f 925/925 921/921 915/915
f 926/926 916/916 920/920
f 926/926 922/922 912/912
f 926/926 912/912 916/916
f 927/927 914/914 917/917
f 927/927 924/924 914/914
f 928/928 617/617 918/918
f 928/928 616/616 617/617
f 928/928 918/918 922/922
f 929/929 915/915 919/919
f 929/929 925/925 915/915
f 930/930 926/926 920/920
f 931/931 917/917 921/921
f 931/931 927/927 917/917
f 931/931 921/921 925/925
f 932/932 928/928 922/922
f 933/933 923/923 819/819
f 933/933 919/919 923/923
f 933/933 929/929 919/919
f 934/934 930/930 920/920
f 934/934 920/920 924/924
f 935/935 925/925 929/929
f 935/935 931/931 925/925
f 936/936 922/922 926/926
f 936/936 932/932 922/922
f 937/937 934/934 924/924
f 937/937 924/924 927/927
f 937/937 927/927 931/931
f 938/938 615/615 616/616
f 938/938 616/616 928/928
f 939/939 935/935 929/929
f 940/940 936/936 926/926
f 940/940 926/926 930/930
f 941/941 937/937 931/931
f 942/942 938/938 928/928
f 942/942 928/928 932/932
f 943/943 819/819 820/820
f 943/943 929/929 933/933
f 943/943 939/939 929/929
f 943/943 933/933 819/819
f 944/944 940/940 930/930
f 944/944 930/930 934/934
f 945/945 931/931 935/935
f 945/945 941/941 931/931
f 946/946 932/932 936/936
f 946/946 942/942 932/932
f 947/947 944/944 934/934
f 947/947 934/934 937/937
f 948/948 615/615 938/938
f 948/948 614/614 615/615
f 948/948 938/938 942/942
f 949/949 945/945 935/935
f 949/949 935/935 939/939
f 950/950 936/936 940/940
f 950/950 946/946 936/936
f 951/951 947/947 937/937
f 951/951 941/941 945/945
f 951/951 937/937 941/941
f 952/952 948/948 942/942
f 953/953 939/939 943/943
f 953/953 820/820 821/821
f 953/953 821/821 822/822
f 953/953 943/943 820/820
f 953/953 949/949 939/939
f 954/954 944/944 947/947
f 954/954 950/950 940/940
f 954/954 940/940 944/944
f 955/955 951/951 945/945
f 955/955 945/945 949/949
f 956/956 942/942 946/946
f 956/956 952/952 942/942
f 957/957 954/954 947/947
f 958/958 614/614 948/948
f 958/958 613/613 614/614
f 959/959 949/949 953/953
f 959/959 955/955 949/949
f 960/960 946/946 950/950
f 960/960 956/956 946/946
f 960/960 950/950 954/954
f 961/961 957/957 947/947
f 961/961 947/947 951/951
f 962/962 958/958 948/948
f 962/962 948/948 952/952
f 963/963 953/953 822/822
f 963/963 959/959 953/953
f 964/964 960/960 954/954
f 965/965 951/951 955/955
f 965/965 961/961 951/951
f 966/966 956/956 960/960
f 966/966 952/952 956/956
f 966/966 962/962 952/952
f 967/967 954/954 957/957
f 967/967 964/964 954/954
f 968/968 612/612 613/613
f 968/968 613/613 958/958
f 969/969 965/965 955/955
f 969/969 955/955 959/959
f 970/970 966/966 960/960
f 971/971 967/967 957/957
f 971/971 957/957 961/961
f 972/972 958/958 962/962
f 972/972 968/968 958/958
f 973/973 822/822 823/823
f 973/973 963/963 822/822
f 973/973 959/959 963/963
f 973/973 969/969 959/959
f 974/974 970/970 960/960
f 974/974 960/960 964/964
f 974/974 964/964 967/967
f 975/975 961/961 965/965
f 975/975 971/971 961/961
f 976/976 972/972 962/962
f 976/976 966/966 970/970
f 976/976 962/962 966/966
f 977/977 967/967 971/971
f 977/977 974/974 967/967
f 978/978 611/611 612/612
f 978/978 612/612 968/968
f 979/979 965/965 969/969
f 979/979 975/975 965/965
f 980/980 976/976 970/970
f 981/981 977/977 971/971
f 982/982 968/968 972/972
f 982/982 978/978 968/968
f 983/983 823/823 824/824
f 983/983 979/979 969/969
f 983/983 973/973 823/823
f 983/983 969/969 973/973
f 984/984 980/980 970/970
f 984/984 970/970 974/974
f 984/984 974/974 977/977
f 985/985 981/981 971/971
f 985/985 971/971 975/975
f 986/986 982/982 972/972
f 986/986 972/972 976/976
f 987/987 977/977 981/981
f 987/987 984/984 977/977
f 988/988 609/609 610/610
f 988/988 610/610 611/611
f 988/988 611/611 978/978
f 989/989 985/985 975/975
f 989/989 975/975 979/979
f 990/990 976/976 980/980
f 990/990 986/986 976/976
f 991/991 987/987 981/981
f 992/992 978/978 982/982
f 992/992 988/988 978/978
f 993/993 979/979 983/983
f 993/993 824/824 825/825
f 993/993 983/983 824/824
f 993/993 989/989 979/979
f 994/994 980/980 984/984
f 994/994 990/990 980/980
f 995/995 981/981 985/985
f 995/995 991/991 981/981
f 995/995 985/985 989/989
f 996/996 992/992 982/982
f 996/996 982/982 986/986
f 996/996 986/986 990/990
f 997/997 984/984 987/987
f 997/997 994/994 984/984
f 998/998 609/609 988/988
f 999/999 993/993 825/825
f 999/999 989/989 993/993
f 999/999 995/995 989/989
f 999/999 825/825 860/860
f 1000/1000 996/996 990/990
f 1001/1001 997/997 987/987
f 1001/1001 987/987 991/991
f 1001/1001 991/991 995/995
f 1002/1002 998/998 988/988
f 1002/1002 988/988 992/992
f 1003/1003 1000/1000 990/990
f 1003/1003 990/990 994/994
f 1004/1004 608/608 609/609
f 1004/1004 609/609 998/998
f 1005/1005 1001/1001 995/995
f 1006/1006 996/996 1000/1000
f 1006/1006 992/992 996/996
f 1006/1006 1002/1002 992/992
f 1007/1007 994/994 997/997
f 1007/1007 1003/1003 994/994
f 1008/1008 998/998 1002/1002
f 1008/1008 1004/1004 998/998
f 1009/1009 995/995 999/999
f 1009/1009 999/999 860/860
f 1009/1009 1005/1005 995/995
f 1009/1009 860/860 1005/1005
f 1010/1010 1000/1000 1003/1003
f 1010/1010 1006/1006 1000/1000
f 1011/1011 997/997 1001/1001
f 1011/1011 1001/1001 1005/1005
f 1011/1011 1007/1007 997/997
f 1012/1012 1008/1008 1002/1002
f 1012/1012 1002/1002 1006/1006
f 1013/1013 1010/1010 1003/1003
f 1014/1014 1011/1011 1005/1005
f 1014/1014 1005/1005 860/860
f 1015/1015 1012/1012 1006/1006
f 1015/1015 1006/1006 1010/1010
f 1016/1016 1013/1013 1003/1003
f 1016/1016 1003/1003 1007/1007
f 1017/1017 607/607 608/608
f 1017/1017 608/608 1004/1004
f 1018/1018 1015/1015 1010/1010
f 1018/1018 1010/1010 1013/1013
f 1019/1019 1007/1007 1011/1011
f 1019/1019 1016/1016 1007/1007
f 1020/1020 1008/1008 1012/1012
f 1020/1020 1017/1017 1004/1004
f 1020/1020 1004/1004 1008/1008
f 1021/1021 1018/1018 1013/1013
f 1021/1021 1013/1013 1016/1016
f 1022/1022 1011/1011 1014/1014
f 1022/1022 1014/1014 860/860
f 1022/1022 1019/1019 1011/1011
f 1022/1022 860/860 859/859
f 1023/1023 1020/1020 1012/1012
f 1024/1024 606/606 607/607
f 1024/1024 607/607 1017/1017
f 1025/1025 1021/1021 1016/1016
f 1025/1025 1016/1016 1019/1019
f 1026/1026 1023/1023 1012/1012
f 1026/1026 1012/1012 1015/1015
f 1027/1027 1017/1017 1020/1020
f 1027/1027 1024/1024 1017/1017
f 1028/1028 1025/1025 1019/1019
f 1028/1028 1019/1019 1022/1022
f 1029/1029 1015/1015 1018/1018
f 1029/1029 1026/1026 1015/1015
f 1030/1030 1027/1027 1020/1020
f 1030/1030 1020/1020 1023/1023
f 1031/1031 1022/1022 859/859
f 1031/1031 1028/1028 1022/1022
f 1032/1032 1018/1018 1021/1021
f 1032/1032 1029/1029 1018/1018
f 1033/1033 605/605 606/606
f 1033/1033 606/606 1024/1024
f 1034/1034 1023/1023 1026/1026
f 1034/1034 1030/1030 1023/1023
f 1035/1035 1021/1021 1025/1025
f 1035/1035 1025/1025 1028/1028
f 1035/1035 1032/1032 1021/1021
f 1036/1036 1024/1024 1027/1027
f 1036/1036 1033/1033 1024/1024
f 1037/1037 1029/1029 1032/1032
f 1037/1037 1026/1026 1029/1029
f 1037/1037 1034/1034 1026/1026
f 1038/1038 1035/1035 1028/1028
f 1039/1039 1027/1027 1030/1030
f 1039/1039 1036/1036 1027/1027
f 1040/1040 1032/1032 1035/1035
f 1040/1040 1037/1037 1032/1032
f 1041/1041 604/604 605/605
f 1041/1041 605/605 1033/1033
f 1041/1041 1033/1033 1036/1036
f 1042/1042 1031/1031 859/859
f 1042/1042 1028/1028 1031/1031
f 1042/1042 1038/1038 1028/1028
f 1042/1042 859/859 847/847
f 1043/1043 1030/1030 1034/1034
f 1043/1043 1039/1039 1030/1030
f 1044/1044 1040/1040 1035/1035
f 1045/1045 1036/1036 1039/1039
f 1045/1045 1041/1041 1036/1036
f 1046/1046 1034/1034 1037/1037
f 1046/1046 1043/1043 1034/1034
f 1047/1047 1044/1044 1035/1035
f 1047/1047 1035/1035 1038/1038
f 1047/1047 1038/1038 1042/1042
f 1048/1048 1045/1045 1039/1039
f 1049/1049 1037/1037 1040/1040
f 1049/1049 1046/1046 1037/1037
f 1050/1050 603/603 604/604
f 1050/1050 1041/1041 1045/1045
f 1050/1050 604/604 1041/1041
f 1051/1051 1047/1047 1042/1042
f 1052/1052 1048/1048 1039/1039
f 1052/1052 1039/1039 1043/1043
f 1053/1053 1040/1040 1044/1044
f 1053/1053 1049/1049 1040/1040
f 1054/1054 1050/1050 1045/1045
f 1055/1055 1051/1051 1042/1042
f 1055/1055 1042/1042 847/847
f 1056/1056 1052/1052 1043/1043
f 1056/1056 1043/1043 1046/1046
f 1057/1057 1044/1044 1047/1047
f 1057/1057 1053/1053 1044/1044
f 1058/1058 1054/1054 1045/1045
f 1058/1058 1045/1045 1048/1048
f 1059/1059 1056/1056 1046/1046
f 1059/1059 1046/1046 1049/1049
f 1060/1060 602/602 603/603
f 1060/1060 1050/1050 1054/1054
f 1060/1060 603/603 1050/1050
f 1061/1061 1057/1057 1047/1047
f 1061/1061 1051/1051 1055/1055
f 1061/1061 1047/1047 1051/1051
f 1062/1062 1048/1048 1052/1052
f 1062/1062 1052/1052 1056/1056
f 1062/1062 1058/1058 1048/1048
f 1063/1063 1049/1049 1053/1053
f 1063/1063 1059/1059 1049/1049
f 1064/1064 1060/1060 1054/1054
f 1065/1065 1061/1061 1055/1055
f 1065/1065 1055/1055 847/847
f 1065/1065 847/847 848/848
f 1066/1066 1062/1062 1056/1056
f 1067/1067 1053/1053 1057/1057
f 1067/1067 1063/1063 1053/1053
f 1068/1068 1064/1064 1054/1054
f 1068/1068 1054/1054 1058/1058
f 1069/1069 1059/1059 1063/1063
f 1069/1069 1056/1056 1059/1059
f 1069/1069 1066/1066 1056/1056
f 1070/1070 602/602 1060/1060
f 1070/1070 601/601 602/602
f 1070/1070 1060/1060 1064/1064
f 1071/1071 1061/1061 1065/1065
f 1071/1071 1057/1057 1061/1061
f 1071/1071 1067/1067 1057/1057
f 1072/1072 1058/1058 1062/1062
f 1072/1072 1068/1068 1058/1058
f 1073/1073 1069/1069 1063/1063
f 1074/1074 1070/1070 1064/1064
f 1075/1075 1071/1071 1065/1065
f 1075/1075 1065/1065 848/848
f 1075/1075 848/848 849/849
f 1076/1076 1062/1062 1066/1066
f 1076/1076 1072/1072 1062/1062
f 1077/1077 1063/1063 1067/1067
f 1077/1077 1073/1073 1063/1063
f 1078/1078 1064/1064 1068/1068
f 1078/1078 1074/1074 1064/1064
f 1079/1079 1066/1066 1069/1069
f 1079/1079 1076/1076 1066/1066
f 1080/1080 600/600 601/601
f 1080/1080 601/601 1070/1070
f 1081/1081 1067/1067 1071/1071
f 1081/1081 1077/1077 1067/1067
f 1082/1082 1078/1078 1068/1068
f 1082/1082 1068/1068 1072/1072
f 1083/1083 1079/1079 1069/1069
f 1083/1083 1069/1069 1073/1073
f 1084/1084 1070/1070 1074/1074
f 1084/1084 1080/1080 1070/1070
f 1085/1085 1071/1071 1075/1075
f 1085/1085 849/849 850/850
f 1085/1085 1081/1081 1071/1071
f 1085/1085 1075/1075 849/849
f 1086/1086 1076/1076 1079/1079
f 1086/1086 1082/1082 1072/1072
f 1086/1086 1072/1072 1076/1076
f 1087/1087 1083/1083 1073/1073
f 1087/1087 1073/1073 1077/1077
f 1088/1088 1074/1074 1078/1078
f 1088/1088 1084/1084 1074/1074
f 1089/1089 1086/1086 1079/1079
f 1089/1089 1079/1079 1083/1083
f 1090/1090 1080/1080 1084/1084
f 1090/1090 599/599 600/600
f 1090/1090 600/600 1080/1080
f 1091/1091 1087/1087 1077/1077
f 1091/1091 1077/1077 1081/1081
f 1092/1092 1088/1088 1078/1078
f 1092/1092 1078/1078 1082/1082
f 1093/1093 1089/1089 1083/1083
f 1094/1094 1090/1090 1084/1084
f 1095/1095 1081/1081 1085/1085
f 1095/1095 1085/1085 850/850
f 1095/1095 1091/1091 1081/1081
f 1095/1095 850/850 851/851
f 1096/1096 1092/1092 1082/1082
f 1096/1096 1082/1082 1086/1086
f 1097/1097 1083/1083 1087/1087
f 1097/1097 1093/1093 1083/1083
f 1098/1098 1094/1094 1084/1084
f 1098/1098 1084/1084 1088/1088
f 1099/1099 1086/1086 1089/1089
f 1099/1099 1096/1096 1086/1086
f 1100/1100 598/598 599/599
f 1100/1100 599/599 1090/1090
f 1101/1101 1087/1087 1091/1091
f 1101/1101 1097/1097 1087/1087
f 1101/1101 1091/1091 1095/1095
f 1102/1102 1098/1098 1088/1088
f 1102/1102 1088/1088 1092/1092
f 1103/1103 1089/1089 1093/1093
f 1103/1103 1099/1099 1089/1089
f 1104/1104 1090/1090 1094/1094
f 1104/1104 1100/1100 1090/1090
f 1105/1105 1095/1095 851/851
f 1105/1105 1101/1101 1095/1095
f 1105/1105 851/851 852/852
f 1106/1106 1092/1092 1096/1096
f 1106/1106 1096/1096 1099/1099
f 1106/1106 1102/1102 1092/1092
f 1107/1107 1093/1093 1097/1097
f 1107/1107 1103/1103 1093/1093
f 1108/1108 1104/1104 1094/1094
f 1108/1108 1094/1094 1098/1098
f 1109/1109 1106/1106 1099/1099
f 1109/1109 1099/1099 1103/1103
f 1110/1110 597/597 598/598
f 1110/1110 598/598 1100/1100
f 1111/1111 1097/1097 1101/1101
f 1111/1111 1107/1107 1097/1097
f 1112/1112 1108/1108 1098/1098
f 1112/1112 1098/1098 1102/1102
f 1113/1113 1109/1109 1103/1103
f 1114/1114 1100/1100 1104/1104
f 1114/1114 1110/1110 1100/1100
f 1115/1115 852/852 853/853
f 1115/1115 1101/1101 1105/1105
f 1115/1115 1105/1105 852/852
f 1115/1115 1111/1111 1101/1101
f 1116/1116 1102/1102 1106/1106
f 1116/1116 1112/1112 1102/1102
f 1117/1117 1103/1103 1107/1107
f 1117/1117 1107/1107 1111/1111
f 1117/1117 1113/1113 1103/1103
f 1118/1118 1114/1114 1104/1104
f 1118/1118 1104/1104 1108/1108
f 1119/1119 1116/1116 1106/1106
f 1119/1119 1106/1106 1109/1109
f 1120/1120 597/597 1110/1110
f 1120/1120 596/596 597/597
f 1121/1121 1117/1117 1111/1111
f 1121/1121 1111/1111 1115/1115
f 1122/1122 1118/1118 1108/1108
f 1122/1122 1108/1108 1112/1112
f 1123/1123 1109/1109 1113/1113
f 1123/1123 1119/1119 1109/1109
f 1124/1124 1120/1120 1110/1110
f 1124/1124 1110/1110 1114/1114
f 1125/1125 1115/1115 853/853
f 1125/1125 853/853 854/854
f 1125/1125 1121/1121 1115/1115
f 1126/1126 1112/1112 1116/1116
f 1126/1126 1122/1122 1112/1112
f 1127/1127 1113/1113 1117/1117
f 1127/1127 1123/1123 1113/1113
f 1128/1128 1114/1114 1118/1118
f 1128/1128 1118/1118 1122/1122
f 1128/1128 1124/1124 1114/1114
f 1129/1129 1116/1116 1119/1119
f 1129/1129 1126/1126 1116/1116
f 1130/1130 594/594 595/595
f 1130/1130 595/595 596/596
f 1130/1130 596/596 1120/1120
f 1130/1130 846/846 594/594
f 1131/1131 1117/1117 1121/1121
f 1131/1131 1127/1127 1117/1117
f 1132/1132 1122/1122 1126/1126
f 1132/1132 1128/1128 1122/1122
f 1133/1133 1129/1129 1119/1119
f 1133/1133 1119/1119 1123/1123
f 1134/1134 1130/1130 1120/1120
f 1134/1134 1120/1120 1124/1124
f 1134/1134 846/846 1130/1130
f 1134/1134 845/845 846/846
f 1135/1135 1121/1121 1125/1125
f 1135/1135 1125/1125 854/854
f 1135/1135 1131/1131 1121/1121
f 1135/1135 854/854 855/855
f 1136/1136 1132/1132 1126/1126
f 1137/1137 1123/1123 1127/1127
f 1137/1137 1127/1127 1131/1131
f 1137/1137 1133/1133 1123/1123
f 1138/1138 1134/1134 1124/1124
f 1138/1138 1124/1124 1128/1128
f 1138/1138 844/844 845/845
f 1138/1138 845/845 1134/1134
f 1139/1139 1136/1136 1126/1126
f 1139/1139 1126/1126 1129/1129
f 1140/1140 1137/1137 1131/1131
f 1141/1141 1128/1128 1132/1132
f 1141/1141 843/843 844/844
f 1141/1141 1138/1138 1128/1128
f 1141/1141 844/844 1138/1138
f 1142/1142 1139/1139 1129/1129
f 1142/1142 1129/1129 1133/1133
f 1142/1142 1133/1133 1137/1137
f 1143/1143 1131/1131 1135/1135
f 1143/1143 1135/1135 855/855
f 1143/1143 855/855 856/856
f 1143/1143 1140/1140 1131/1131
f 1144/1144 1141/1141 1132/1132
f 1144/1144 843/843 1141/1141
f 1144/1144 842/842 843/843
f 1144/1144 1132/1132 1136/1136
f 1145/1145 1142/1142 1137/1137
f 1146/1146 840/840 841/841
f 1146/1146 841/841 842/842
f 1146/1146 842/842 1144/1144
f 1146/1146 1136/1136 1139/1139
f 1146/1146 1139/1139 1142/1142
f 1146/1146 1144/1144 1136/1136
f 1147/1147 1145/1145 1137/1137
f 1147/1147 1137/1137 1140/1140
f 1147/1147 1140/1140 1143/1143
f 1148/1148 840/840 1146/1146
f 1148/1148 839/839 840/840
f 1148/1148 1146/1146 1142/1142
f 1149/1149 1147/1147 1143/1143
f 1149/1149 856/856 857/857
f 1149/1149 1143/1143 856/856
f 1150/1150 1142/1142 1145/1145
f 1150/1150 839/839 1148/1148
f 1150/1150 838/838 839/839
f 1150/1150 1145/1145 1147/1147
f 1150/1150 1148/1148 1142/1142
f 1151/1151 838/838 1150/1150
f 1151/1151 1150/1150 1147/1147
f 1152/1152 1149/1149 857/857
f 1152/1152 838/838 1151/1151
f 1152/1152 1151/1151 1147/1147
f 1152/1152 858/858 837/837
f 1152/1152 837/837 838/838
f 1152/1152 857/857 858/858
f 1152/1152 1147/1147 1149/1149
f 583/583 826/826 582/582
f 583/583 827/827 826/826
f 1153/1153 832/832 831/831
f 1153/1153 833/833 832/832
f 1153/1153 834/834 833/833
f 1154/1154 830/830 829/829
f 1154/1154 831/831 830/830
f 1154/1154 1153/1153 831/831
f 1155/1155 828/828 827/827
f 1155/1155 829/829 828/828
f 1155/1155 583/583 584/584
f 1155/1155 827/827 583/583
f 1155/1155 1154/1154 829/829
f 1156/1156 1157/1157 1153/1153
f 1156/1156 1153/1153 1154/1154
f 1158/1158 584/584 585/585
f 1158/1158 585/585 586/586
f 1158/1158 586/586 587/587
f 1158/1158 1155/1155 584/584
f 1158/1158 1154/1154 1155/1155
f 1158/1158 1156/1156 1154/1154
f 1159/1159 587/587 588/588
f 1159/1159 588/588 589/589
f 1159/1159 1160/1160 1156/1156
f 1159/1159 1156/1156 1158/1158
f 1159/1159 1158/1158 587/587
f 1161/1161 1162/1162 1160/1160
f 1161/1161 1163/1163 1162/1162
f 1164/1164 589/589 590/590
f 1164/1164 590/590 591/591
f 1164/1164 1161/1161 1160/1160
f 1164/1164 1160/1160 1159/1159
f 1164/1164 1159/1159 589/589
f 1165/1165 593/593 1163/1163
f 1166/1166 592/592 593/593
f 1166/1166 593/593 593/593
f 1166/1166 1163/1163 1161/1161
f 1166/1166 593/593 1165/1165
f 1166/1166 1165/1165 1163/1163
f 1167/1167 591/591 592/592
f 1167/1167 1164/1164 591/591
f 1167/1167 1161/1161 1164/1164
f 1167/1167 592/592 1166/1166
f 1167/1167 1166/1166 1161/1161
f 1168/1168 835/835 834/834
f 1168/1168 813/813 835/835
f 1168/1168 834/834 1153/1153
f 1169/1169 1156/1156 1160/1160
f 1169/1169 1170/1170 1157/1157
f 1169/1169 1163/1163 593/593
f 1169/1169 1157/1157 1156/1156
f 1169/1169 1160/1160 1162/1162
f 1169/1169 1162/1162 1163/1163
f 1171/1171 593/593 813/813
f 1171/1171 1153/1153 1157/1157
f 1171/1171 813/813 1168/1168
f 1171/1171 1157/1157 1170/1170
f 1171/1171 1170/1170 1169/1169
f 1171/1171 1168/1168 1153/1153
f 1171/1171 1169/1169 593/593
f 846/846 845/845 632/632
f 594/594 846/846 632/632
f 1172/1172 593/593 593/593
f 1172/1172 593/593 625/625
f 1173/1173 625/625 626/626
f 1173/1173 1172/1172 625/625
f 1173/1173 626/626 1172/1172
f 1174/1174 593/593 1172/1172
f 1175/1175 626/626 627/627
f 1175/1175 1174/1174 1172/1172
f 1175/1175 1172/1172 626/626
f 1176/1176 627/627 628/628
f 1176/1176 628/628 629/629
f 1176/1176 1175/1175 627/627
f 1177/1177 838/838 837/837
f 1177/1177 839/839 838/838
f 1177/1177 840/840 839/839
f 1177/1177 841/841 840/840
f 1178/1178 842/842 841/841
f 1178/1178 843/843 842/842
f 1178/1178 841/841 1177/1177
f 1178/1178 1175/1175 1176/1176
f 1178/1178 1174/1174 1175/1175
f 1178/1178 1177/1177 1174/1174
f 1179/1179 844/844 843/843
f 1179/1179 845/845 844/844
f 1179/1179 629/629 630/630
f 1179/1179 630/630 631/631
f 1179/1179 631/631 632/632
f 1179/1179 843/843 1178/1178
f 1179/1179 1176/1176 629/629
f 1179/1179 632/632 845/845
f 1179/1179 1178/1178 1176/1176
f 1180/1180 837/837 836/836
f 1180/1180 836/836 593/593
f 1180/1180 1177/1177 837/837
f 1180/1180 593/593 1174/1174
f 1180/1180 1174/1174 1177/1177
f 1182/1182 1181/1181 847/847
f 1203/1203 825/825 1204/1204
f 859/859 1183/1183 1182/1182
f 859/859 1184/1184 1183/1183
f 1185/1185 859/859 860/860
f 1185/1185 1184/1184 859/859
f 1202/1202 860/860 1203/1203
f 1201/1201 860/860 1202/1202
f 1200/1200 1185/1185 860/860
f 1200/1200 860/860 1201/1201
f 1199/1199 1186/1186 1185/1185
f 1199/1199 1185/1185 1200/1200
f 1198/1198 1187/1187 1186/1186
f 1198/1198 1186/1186 1199/1199
f 1197/1197 1188/1188 1187/1187
f 1197/1197 1187/1187 1198/1198
f 1196/1196 1189/1189 1188/1188
f 1196/1196 1188/1188 1197/1197
f 1195/1195 1190/1190 1189/1189
f 1195/1195 1189/1189 1196/1196
f 1194/1194 1191/1191 1190/1190
f 1194/1194 1190/1190 1195/1195
f 1193/1193 1192/1192 1191/1191
f 1193/1193 1191/1191 1194/1194
f 859/859 1182/1182 847/847
f 825/825 1203/1203 860/860
f 1204/1204 819/819 818/818
f 1204/1204 820/820 819/819
f 1204/1204 821/821 820/820
f 1204/1204 822/822 821/821
f 1204/1204 823/823 822/822
f 1204/1204 824/824 823/823
f 1204/1204 825/825 824/824
f 1205/1205 814/814 813/813
f 1205/1205 815/815 814/814
f 1205/1205 816/816 815/815
f 1205/1205 817/817 816/816
f 1205/1205 818/818 817/817
f 1205/1205 1204/1204 818/818
f 1216/1216 1181/1181 1182/1182
f 1215/1215 1182/1182 1183/1183
f 1215/1215 1216/1216 1182/1182
f 1217/1217 1191/1191 1192/1192
f 1206/1206 1207/1207 1220/1220
f 1221/1221 1183/1183 1184/1184
f 1221/1221 1214/1214 1215/1215
f 1221/1221 1215/1215 1183/1183
f 1222/1222 1184/1184 1185/1185
f 1222/1222 1185/1185 1186/1186
f 1222/1222 1221/1221 1184/1184
f 1223/1223 1186/1186 1187/1187
f 1224/1224 1212/1212 1213/1213
f 1224/1224 1213/1213 1214/1214
f 1224/1224 1214/1214 1221/1221
f 1224/1224 1221/1221 1222/1222
f 1225/1225 1222/1222 1186/1186
f 1225/1225 1186/1186 1223/1223
f 1225/1225 1212/1212 1224/1224
f 1225/1225 1224/1224 1222/1222
f 1226/1226 1187/1187 1188/1188
f 1226/1226 1188/1188 1189/1189
f 1226/1226 1223/1223 1187/1187
f 1226/1226 1225/1225 1223/1223
f 1227/1227 1211/1211 1212/1212
f 1227/1227 1212/1212 1225/1225
f 1228/1228 1189/1189 1190/1190
f 1228/1228 1226/1226 1189/1189
f 1229/1229 1209/1209 1210/1210
f 1229/1229 1210/1210 1211/1211
f 1229/1229 1225/1225 1226/1226
f 1229/1229 1227/1227 1225/1225
f 1229/1229 1211/1211 1227/1227
f 1230/1230 1190/1190 1191/1191
f 1230/1230 1191/1191 1217/1217
f 1231/1231 1226/1226 1228/1228
f 1231/1231 1229/1229 1226/1226
f 1232/1232 1217/1217 1218/1218
f 1232/1232 1218/1218 1219/1219
f 1232/1232 1230/1230 1217/1217
f 1232/1232 1228/1228 1190/1190
f 1232/1232 1231/1231 1228/1228
f 1232/1232 1190/1190 1230/1230
f 1233/1233 1208/1208 1209/1209
f 1233/1233 1209/1209 1229/1229
f 1233/1233 1229/1229 1231/1231
f 1234/1234 1219/1219 1220/1220
f 1234/1234 1232/1232 1219/1219
f 1234/1234 1208/1208 1233/1233
f 1234/1234 1231/1231 1232/1232
f 1234/1234 1233/1233 1231/1231
f 1235/1235 1207/1207 1208/1208
f 1235/1235 1234/1234 1220/1220
f 1235/1235 1208/1208 1234/1234
f 1235/1235 1220/1220 1207/1207
f 1216/1216 1241/1241 1242/1242
f 1216/1216 1242/1242 1181/1181
f 1215/1215 1240/1240 1241/1241
f 1215/1215 1241/1241 1216/1216
f 1214/1214 1239/1239 1240/1240
f 1214/1214 1240/1240 1215/1215
f 1213/1213 1238/1238 1239/1239
f 1213/1213 1239/1239 1214/1214
f 1212/1212 1237/1237 1238/1238
f 1212/1212 1238/1238 1213/1213
f 1211/1211 1236/1236 1237/1237
f 1211/1211 1237/1237 1212/1212
f 1210/1210 1246/1246 1236/1236
f 1210/1210 1236/1236 1211/1211
f 1209/1209 1245/1245 1246/1246
f 1209/1209 1246/1246 1210/1210
f 1208/1208 1244/1244 1245/1245
f 1208/1208 1245/1245 1209/1209
f 1207/1207 1243/1243 1244/1244
f 1207/1207 1244/1244 1208/1208
f 1206/1206 1243/1243 1207/1207
f 1246/1246 1247/1247 1236/1236
f 1246/1246 1251/1251 1247/1247
f 1245/1245 1250/1250 1251/1251
f 1245/1245 1251/1251 1246/1246
f 1244/1244 1249/1249 1250/1250
f 1244/1244 1250/1250 1245/1245
f 1243/1243 1248/1248 1249/1249
f 1243/1243 1249/1249 1244/1244
f 1203/1203 1204/1204 1257/1257
f 1202/1202 1257/1257 1258/1258
f 1202/1202 1203/1203 1257/1257
f 1253/1253 1266/1266 1252/1252
f 1193/1193 1194/1194 1256/1256
f 1267/1267 1201/1201 1202/1202
f 1267/1267 1258/1258 1259/1259
f 1267/1267 1202/1202 1258/1258
f 1268/1268 1259/1259 1260/1260
f 1268/1268 1260/1260 1261/1261
f 1268/1268 1267/1267 1259/1259
f 1269/1269 1261/1261 1262/1262
f 1270/1270 1199/1199 1200/1200
f 1270/1270 1200/1200 1201/1201
f 1270/1270 1201/1201 1267/1267
f 1270/1270 1267/1267 1268/1268
f 1271/1271 1261/1261 1269/1269
f 1271/1271 1199/1199 1270/1270
f 1271/1271 1270/1270 1268/1268
f 1271/1271 1268/1268 1261/1261
f 1272/1272 1262/1262 1263/1263
f 1272/1272 1263/1263 1264/1264
f 1272/1272 1269/1269 1262/1262
f 1272/1272 1271/1271 1269/1269
f 1273/1273 1198/1198 1199/1199
f 1273/1273 1199/1199 1271/1271
f 1274/1274 1264/1264 1265/1265
f 1274/1274 1272/1272 1264/1264
f 1275/1275 1196/1196 1197/1197
f 1275/1275 1197/1197 1198/1198
f 1275/1275 1198/1198 1273/1273
f 1275/1275 1273/1273 1271/1271
f 1275/1275 1271/1271 1272/1272
f 1276/1276 1265/1265 1266/1266
f 1276/1276 1266/1266 1253/1253
f 1277/1277 1272/1272 1274/1274
f 1277/1277 1275/1275 1272/1272
f 1278/1278 1253/1253 1254/1254
f 1278/1278 1276/1276 1253/1253
f 1278/1278 1265/1265 1276/1276
f 1278/1278 1277/1277 1274/1274
f 1278/1278 1274/1274 1265/1265
f 1279/1279 1195/1195 1196/1196
f 1279/1279 1196/1196 1275/1275
f 1279/1279 1275/1275 1277/1277
f 1280/1280 1254/1254 1255/1255
f 1280/1280 1255/1255 1256/1256
f 1280/1280 1278/1278 1254/1254
f 1280/1280 1195/1195 1279/1279
f 1280/1280 1277/1277 1278/1278
f 1280/1280 1279/1279 1277/1277
f 1281/1281 1194/1194 1195/1195
f 1281/1281 1195/1195 1280/1280
f 1281/1281 1280/1280 1256/1256
f 1281/1281 1256/1256 1194/1194
f 1284/1284 1252/1252 1282/1282
f 1284/1284 1253/1253 1252/1252
f 1285/1285 1254/1254 1253/1253
f 1285/1285 1253/1253 1284/1284
f 1286/1286 1255/1255 1254/1254
f 1286/1286 1254/1254 1285/1285
f 1287/1287 1256/1256 1255/1255
f 1287/1287 1255/1255 1286/1286
f 1283/1283 1193/1193 1256/1256
f 1283/1283 1256/1256 1287/1287
f 1289/1289 1304/1304 1288/1288
f 1314/1314 1300/1300 1301/1301
f 1305/1305 1297/1297 1298/1298
f 1305/1305 1306/1306 1297/1297
f 1299/1299 1305/1305 1298/1298
f 1315/1315 1289/1289 1290/1290
f 1315/1315 1304/1304 1289/1289
f 1316/1316 1302/1302 1303/1303
f 1316/1316 1303/1303 1304/1304
f 1316/1316 1315/1315 1290/1290
f 1316/1316 1304/1304 1315/1315
f 1317/1317 1290/1290 1291/1291
f 1317/1317 1316/1316 1290/1290
f 1318/1318 1301/1301 1302/1302
f 1318/1318 1302/1302 1316/1316
f 1319/1319 1291/1291 1292/1292
f 1320/1320 1318/1318 1316/1316
f 1320/1320 1316/1316 1317/1317
f 1321/1321 1313/1313 1314/1314
f 1321/1321 1318/1318 1313/1313
f 1321/1321 1314/1314 1301/1301
f 1321/1321 1301/1301 1318/1318
f 1322/1322 1292/1292 1293/1293
f 1322/1322 1319/1319 1292/1292
f 1322/1322 1320/1320 1317/1317
f 1322/1322 1317/1317 1291/1291
f 1322/1322 1291/1291 1319/1319
f 1323/1323 1312/1312 1313/1313
f 1323/1323 1313/1313 1318/1318
f 1323/1323 1318/1318 1320/1320
f 1324/1324 1293/1293 1294/1294
f 1324/1324 1322/1322 1293/1293
f 1325/1325 1310/1310 1311/1311
f 1325/1325 1311/1311 1312/1312
f 1325/1325 1312/1312 1323/1323
f 1325/1325 1323/1323 1320/1320
f 1325/1325 1320/1320 1322/1322
f 1326/1326 1322/1322 1324/1324
f 1326/1326 1324/1324 1294/1294
f 1326/1326 1325/1325 1322/1322
f 1327/1327 1294/1294 1295/1295
f 1327/1327 1295/1295 1296/1296
f 1327/1327 1326/1326 1294/1294
f 1328/1328 1309/1309 1310/1310
f 1328/1328 1326/1326 1309/1309
f 1328/1328 1310/1310 1325/1325
f 1328/1328 1325/1325 1326/1326
f 1329/1329 1307/1307 1308/1308
f 1329/1329 1308/1308 1309/1309
f 1329/1329 1309/1309 1326/1326
f 1329/1329 1326/1326 1327/1327
f 1330/1330 1296/1296 1297/1297
f 1330/1330 1306/1306 1307/1307
f 1330/1330 1327/1327 1296/1296
f 1330/1330 1307/1307 1329/1329
f 1330/1330 1297/1297 1306/1306
f 1330/1330 1329/1329 1327/1327
f 1333/1333 1300/1300 1331/1331
f 1333/1333 1301/1301 1300/1300
f 1334/1334 1302/1302 1301/1301
f 1334/1334 1301/1301 1333/1333
f 1335/1335 1303/1303 1302/1302
f 1335/1335 1302/1302 1334/1334
f 1336/1336 1304/1304 1303/1303
f 1336/1336 1303/1303 1335/1335
f 1332/1332 1288/1288 1304/1304
f 1332/1332 1304/1304 1336/1336
f 1205/1205 1257/1257 1204/1204
f 1342/1342 1258/1258 1257/1257
f 1342/1342 1257/1257 1205/1205
f 1343/1343 1259/1259 1258/1258
f 1343/1343 1260/1260 1259/1259
f 1343/1343 1258/1258 1342/1342
f 1344/1344 1261/1261 1260/1260
f 1344/1344 1260/1260 1343/1343
f 1345/1345 1262/1262 1261/1261
f 1345/1345 1261/1261 1344/1344
f 1337/1337 1263/1263 1262/1262
f 1337/1337 1262/1262 1345/1345
f 1338/1338 1264/1264 1263/1263
f 1338/1338 1263/1263 1337/1337
f 1339/1339 1265/1265 1264/1264
f 1339/1339 1264/1264 1338/1338
f 1340/1340 1266/1266 1265/1265
f 1340/1340 1265/1265 1339/1339
f 1341/1341 1252/1252 1266/1266
f 1341/1341 1266/1266 1340/1340
f 1363/1363 1350/1350 1351/1351
f 1362/1362 1346/1346 1347/1347
f 1353/1353 1371/1371 1372/1372
f 1353/1353 1354/1354 1371/1371
f 1352/1352 1353/1353 1372/1372
f 1373/1373 1363/1363 1364/1364
f 1373/1373 1350/1350 1363/1363
f 1374/1374 1349/1349 1350/1350
f 1374/1374 1350/1350 1373/1373
f 1374/1374 1373/1373 1364/1364
f 1375/1375 1364/1364 1365/1365
f 1375/1375 1374/1374 1364/1364
f 1376/1376 1347/1347 1348/1348
f 1376/1376 1348/1348 1349/1349
f 1376/1376 1349/1349 1374/1374
f 1377/1377 1365/1365 1366/1366
f 1378/1378 1376/1376 1374/1374
f 1378/1378 1374/1374 1375/1375
f 1379/1379 1361/1361 1362/1362
f 1379/1379 1376/1376 1361/1361
f 1379/1379 1362/1362 1347/1347
f 1379/1379 1347/1347 1376/1376
f 1380/1380 1366/1366 1367/1367
f 1380/1380 1365/1365 1377/1377
f 1380/1380 1378/1378 1375/1375
f 1380/1380 1375/1375 1365/1365
f 1380/1380 1377/1377 1366/1366
f 1381/1381 1360/1360 1361/1361
f 1381/1381 1361/1361 1376/1376
f 1381/1381 1376/1376 1378/1378
f 1382/1382 1367/1367 1368/1368
f 1382/1382 1380/1380 1367/1367
f 1383/1383 1358/1358 1359/1359
f 1383/1383 1359/1359 1360/1360
f 1383/1383 1360/1360 1381/1381
f 1383/1383 1381/1381 1378/1378
f 1383/1383 1378/1378 1380/1380
f 1384/1384 1383/1383 1380/1380
f 1384/1384 1382/1382 1368/1368
f 1384/1384 1380/1380 1382/1382
f 1385/1385 1368/1368 1369/1369
f 1385/1385 1369/1369 1370/1370
f 1385/1385 1384/1384 1368/1368
f 1386/1386 1357/1357 1358/1358
f 1386/1386 1358/1358 1383/1383
f 1386/1386 1384/1384 1357/1357
f 1386/1386 1383/1383 1384/1384
f 1387/1387 1355/1355 1356/1356
f 1387/1387 1356/1356 1357/1357
f 1387/1387 1357/1357 1384/1384
f 1387/1387 1384/1384 1385/1385
f 1388/1388 1354/1354 1355/1355
f 1388/1388 1370/1370 1371/1371
f 1388/1388 1355/1355 1387/1387
f 1388/1388 1371/1371 1354/1354
f 1388/1388 1385/1385 1370/1370
f 1388/1388 1387/1387 1385/1385
f 1299/1299 1353/1353 1352/1352
f 1298/1298 1354/1354 1353/1353
f 1298/1298 1353/1353 1299/1299
f 1297/1297 1355/1355 1354/1354
f 1297/1297 1354/1354 1298/1298
f 1296/1296 1356/1356 1355/1355
f 1296/1296 1355/1355 1297/1297
f 1295/1295 1357/1357 1356/1356
f 1295/1295 1356/1356 1296/1296
f 1294/1294 1358/1358 1357/1357
f 1294/1294 1357/1357 1295/1295
f 1293/1293 1359/1359 1358/1358
f 1293/1293 1358/1358 1294/1294
f 1292/1292 1360/1360 1359/1359
f 1292/1292 1359/1359 1293/1293
f 1291/1291 1361/1361 1360/1360
f 1291/1291 1360/1360 1292/1292
f 1290/1290 1362/1362 1361/1361
f 1290/1290 1361/1361 1291/1291
f 1289/1289 1346/1346 1362/1362
f 1289/1289 1362/1362 1290/1290
f 1288/1288 1346/1346 1289/1289
f 1350/1350 1390/1390 1351/1351
f 1350/1350 1394/1394 1390/1390
f 1349/1349 1393/1393 1394/1394
f 1349/1349 1394/1394 1350/1350
f 1348/1348 1392/1392 1393/1393
f 1348/1348 1393/1393 1349/1349
f 1347/1347 1391/1391 1392/1392
f 1347/1347 1392/1392 1348/1348
f 1346/1346 1389/1389 1391/1391
f 1346/1346 1391/1391 1347/1347
f 1396/1396 1338/1338 1337/1337
f 1397/1397 1339/1339 1338/1338
f 1397/1397 1338/1338 1396/1396
f 1398/1398 1339/1339 1397/1397
f 1399/1399 1340/1340 1339/1339
f 1399/1399 1341/1341 1340/1340
f 1399/1399 1339/1339 1398/1398
f 1395/1395 1341/1341 1399/1399
f 1372/1372 1404/1404 1405/1405
f 1372/1372 1405/1405 1352/1352
f 1371/1371 1403/1403 1404/1404
f 1371/1371 1404/1404 1372/1372
f 1370/1370 1402/1402 1403/1403
f 1370/1370 1403/1403 1371/1371
f 1369/1369 1401/1401 1402/1402
f 1369/1369 1402/1402 1370/1370
f 1368/1368 1400/1400 1401/1401
f 1368/1368 1401/1401 1369/1369
f 1367/1367 1396/1396 1400/1400
f 1367/1367 1400/1400 1368/1368
f 1366/1366 1397/1397 1396/1396
f 1366/1366 1396/1396 1367/1367
f 1365/1365 1398/1398 1397/1397
f 1365/1365 1397/1397 1366/1366
f 1364/1364 1399/1399 1398/1398
f 1364/1364 1398/1398 1365/1365
f 1363/1363 1395/1395 1399/1399
f 1363/1363 1399/1399 1364/1364
f 1351/1351 1395/1395 1363/1363
f 1406/1406 1305/1305 1299/1299
f 1407/1407 1306/1306 1305/1305
f 1407/1407 1305/1305 1406/1406
f 1408/1408 1307/1307 1306/1306
f 1408/1408 1308/1308 1307/1307
f 1408/1408 1306/1306 1407/1407
f 1409/1409 1309/1309 1308/1308
f 1409/1409 1308/1308 1408/1408
f 1410/1410 1310/1310 1309/1309
f 1410/1410 1309/1309 1409/1409
f 1247/1247 1311/1311 1310/1310
f 1247/1247 1310/1310 1410/1410
f 1251/1251 1312/1312 1311/1311
f 1251/1251 1311/1311 1247/1247
f 1250/1250 1313/1313 1312/1312
f 1250/1250 1312/1312 1251/1251
f 1249/1249 1314/1314 1313/1313
f 1249/1249 1313/1313 1250/1250
f 1248/1248 1300/1300 1314/1314
f 1248/1248 1314/1314 1249/1249
f 1220/1220 1412/1412 1206/1206
f 1220/1220 1416/1416 1412/1412
f 1219/1219 1415/1415 1416/1416
f 1219/1219 1416/1416 1220/1220
f 1218/1218 1414/1414 1415/1415
f 1218/1218 1415/1415 1219/1219
f 1217/1217 1413/1413 1414/1414
f 1217/1217 1414/1414 1218/1218
f 1192/1192 1411/1411 1413/1413
f 1192/1192 1413/1413 1217/1217
f 1396/1396 1337/1337 1345/1345
f 1400/1400 1345/1345 1344/1344
f 1400/1400 1396/1396 1345/1345
f 1401/1401 1344/1344 1343/1343
f 1401/1401 1400/1400 1344/1344
f 1402/1402 1401/1401 1343/1343
f 1403/1403 1343/1343 1342/1342
f 1403/1403 1402/1402 1343/1343
f 1404/1404 1342/1342 1205/1205
f 1404/1404 1403/1403 1342/1342
f 1405/1405 1404/1404 1205/1205
f 813/813 1405/1405 1205/1205
f 593/593 1405/1405 813/813
f 1406/1406 593/593 836/836
f 1406/1406 836/836 1242/1242
f 1406/1406 1242/1242 1241/1241
f 1407/1407 1241/1241 1240/1240
f 1407/1407 1406/1406 1241/1241
f 1408/1408 1239/1239 1238/1238
f 1408/1408 1240/1240 1239/1239
f 1408/1408 1407/1407 1240/1240
f 1409/1409 1238/1238 1237/1237
f 1409/1409 1408/1408 1238/1238
f 1410/1410 1237/1237 1236/1236
f 1410/1410 1409/1409 1237/1237
f 1247/1247 1410/1410 1236/1236
f 1406/1406 1405/1405 593/593
f 1405/1405 1406/1406 1299/1299
f 1405/1405 1299/1299 1352/1352
f 1389/1389 1346/1346 1288/1288
f 1389/1389 1288/1288 1332/1332
f 1412/1412 1417/1417 1243/1243
f 1206/1206 1412/1412 1243/1243
f 1331/1331 1300/1300 1248/1248
f 1331/1331 1248/1248 1418/1418
f 1417/1417 1418/1418 1243/1243
f 1243/1243 1418/1418 1248/1248
f 858/858 1242/1242 836/836
f 857/857 1242/1242 858/858
f 856/856 1242/1242 857/857
f 855/855 1242/1242 856/856
f 854/854 1242/1242 855/855
f 1181/1181 853/853 852/852
f 1181/1181 854/854 853/853
f 1181/1181 1242/1242 854/854
f 851/851 1181/1181 852/852
f 850/850 1181/1181 851/851
f 849/849 1181/1181 850/850
f 848/848 1181/1181 849/849
f 847/847 1181/1181 848/848
f 1283/1283 1411/1411 1192/1192
f 1193/1193 1283/1283 1192/1192
f 1282/1282 1341/1341 1419/1419
f 1252/1252 1341/1341 1282/1282
f 1390/1390 1395/1395 1351/1351
f 1390/1390 1420/1420 1395/1395
f 1419/1419 1341/1341 1420/1420
f 1341/1341 1395/1395 1420/1420
f 1440/1440 1438/1438 1439/1439
f 1436/1436 1437/1437 1438/1438
f 1436/1436 1438/1438 1440/1440
f 1433/1433 1434/1434 1435/1435
f 1423/1423 1421/1421 1422/1422
f 1431/1431 1435/1435 1436/1436
f 1431/1431 1433/1433 1435/1435
f 1425/1425 1440/1440 1421/1421
f 1425/1425 1436/1436 1440/1440
f 1425/1425 1421/1421 1423/1423
f 1432/1432 1433/1433 1431/1431
f 1424/1424 1425/1425 1423/1423
f 1430/1430 1431/1431 1436/1436
f 1430/1430 1436/1436 1425/1425
f 1426/1426 1430/1430 1425/1425
f 1428/1428 1426/1426 1427/1427
f 1428/1428 1429/1429 1430/1430
f 1428/1428 1430/1430 1426/1426
f 1441/1441 1435/1435 1442/1442
f 1441/1441 1436/1436 1435/1435
f 1434/1434 1445/1445 1444/1444
f 1443/1443 1434/1434 1444/1444
f 1442/1442 1435/1435 1434/1434
f 1442/1442 1434/1434 1443/1443
f 1441/1441 1437/1437 1436/1436
f 1448/1448 1437/1437 1441/1441
f 1447/1447 1446/1446 1437/1437
f 1447/1447 1437/1437 1448/1448
f 1448/1448 1442/1442 1443/1443
f 1448/1448 1441/1441 1442/1442
f 1459/1459 1458/1458 1457/1457
f 1455/1455 1457/1457 1456/1456
f 1455/1455 1459/1459 1457/1457
f 1460/1460 1459/1459 1455/1455
f 1452/1452 1454/1454 1453/1453
f 1462/1462 1461/1461 1460/1460
f 1449/1449 1455/1455 1454/1454
f 1449/1449 1454/1454 1452/1452
f 1464/1464 1460/1460 1455/1455
f 1464/1464 1462/1462 1460/1460
f 1451/1451 1449/1449 1452/1452
f 1463/1463 1462/1462 1464/1464
f 1450/1450 1464/1464 1455/1455
f 1450/1450 1455/1455 1449/1449
f 1465/1465 1464/1464 1450/1450
f 1467/1467 1466/1466 1465/1465
f 1467/1467 1450/1450 1468/1468
f 1467/1467 1465/1465 1450/1450
f 1469/1469 1454/1454 1455/1455
f 1469/1469 1470/1470 1454/1454
f 1453/1453 1472/1472 1473/1473
f 1471/1471 1472/1472 1453/1453
f 1470/1470 1453/1453 1454/1454
f 1470/1470 1471/1471 1453/1453
f 1469/1469 1455/1455 1456/1456
f 1476/1476 1469/1469 1456/1456
f 1475/1475 1456/1456 1474/1474
f 1475/1475 1476/1476 1456/1456
f 1476/1476 1471/1471 1470/1470
f 1476/1476 1470/1470 1469/1469
f 1481/1481 1480/1480 1438/1438
f 1446/1446 1438/1438 1437/1437
f 1446/1446 1481/1481 1438/1438
f 1457/1457 1483/1483 1482/1482
f 1433/1433 1445/1445 1434/1434
f 1474/1474 1482/1482 1481/1481
f 1474/1474 1481/1481 1446/1446
f 1474/1474 1457/1457 1482/1482
f 1477/1477 1446/1446 1445/1445
f 1477/1477 1445/1445 1433/1433
f 1456/1456 1457/1457 1474/1474
f 1479/1479 1477/1477 1433/1433
f 1478/1478 1446/1446 1477/1477
f 1473/1473 1474/1474 1446/1446
f 1473/1473 1446/1446 1478/1478
f 1452/1452 1453/1453 1473/1473
f 1452/1452 1478/1478 1484/1484
f 1452/1452 1473/1473 1478/1478
f 1480/1480 1485/1485 1486/1486
f 1480/1480 1481/1481 1485/1485
f 1481/1481 1487/1487 1485/1485
f 1481/1481 1482/1482 1487/1487
f 1482/1482 1488/1488 1487/1487
f 1482/1482 1483/1483 1488/1488
f 1485/1485 1488/1488 1486/1486
f 1485/1485 1487/1487 1488/1488
f 1445/1445 1447/1447 1444/1444
f 1445/1445 1446/1446 1447/1447
f 1443/1443 1444/1444 1447/1447
f 1443/1443 1447/1447 1448/1448
f 1474/1474 1472/1472 1475/1475
f 1474/1474 1473/1473 1472/1472
f 1472/1472 1476/1476 1475/1475
f 1472/1472 1471/1471 1476/1476
f 1477/1477 1489/1489 1490/1490
f 1477/1477 1479/1479 1489/1489
f 1484/1484 1491/1491 1492/1492
f 1484/1484 1478/1478 1491/1491
f 1478/1478 1490/1490 1491/1491
f 1478/1478 1477/1477 1490/1490
f 1489/1489 1491/1491 1490/1490
f 1489/1489 1492/1492 1491/1491
f 1493/1493 1458/1458 1459/1459
f 1493/1493 1494/1494 1458/1458
f 1496/1496 1460/1460 1461/1461
f 1495/1495 1496/1496 1461/1461
f 1496/1496 1459/1459 1460/1460
f 1496/1496 1493/1493 1459/1459
f 1494/1494 1493/1493 1496/1496
f 1494/1494 1496/1496 1495/1495
f 1497/1497 1465/1465 1466/1466
f 1497/1497 1498/1498 1465/1465
f 1498/1498 1464/1464 1465/1465
f 1498/1498 1499/1499 1464/1464
f 1500/1500 1463/1463 1464/1464
f 1499/1499 1500/1500 1464/1464
f 1466/1466 1467/1467 1418/1418
f 1463/1463 1466/1466 1418/1418
f 1500/1500 1497/1497 1466/1466
f 1500/1500 1466/1466 1463/1463
f 1417/1417 1463/1463 1418/1418
f 1462/1462 1463/1463 1417/1417
f 1499/1499 1497/1497 1500/1500
f 1499/1499 1498/1498 1497/1497
f 1501/1501 1449/1449 1451/1451
f 1501/1501 1502/1502 1449/1449
f 1502/1502 1450/1450 1449/1449
f 1502/1502 1503/1503 1450/1450
f 1504/1504 1468/1468 1450/1450
f 1503/1503 1504/1504 1450/1450
f 1502/1502 1504/1504 1503/1503
f 1502/1502 1501/1501 1504/1504
f 1468/1468 1418/1418 1467/1467
f 1501/1501 1468/1468 1504/1504
f 1451/1451 1468/1468 1501/1501
f 1331/1331 1418/1418 1468/1468
f 1331/1331 1468/1468 1451/1451
f 1452/1452 1331/1331 1451/1451
f 1333/1333 1331/1331 1452/1452
f 1334/1334 1333/1333 1452/1452
f 1335/1335 1334/1334 1452/1452
f 1336/1336 1335/1335 1452/1452
f 1332/1332 1336/1336 1452/1452
f 1484/1484 1332/1332 1452/1452
f 1489/1489 1484/1484 1492/1492
f 1489/1489 1479/1479 1484/1484
f 1389/1389 1484/1484 1479/1479
f 1389/1389 1332/1332 1484/1484
f 1433/1433 1391/1391 1389/1389
f 1433/1433 1392/1392 1391/1391
f 1433/1433 1393/1393 1392/1392
f 1433/1433 1394/1394 1393/1393
f 1433/1433 1390/1390 1394/1394
f 1433/1433 1389/1389 1479/1479
f 1432/1432 1390/1390 1433/1433
f 1429/1429 1390/1390 1432/1432
f 1505/1505 1432/1432 1506/1506
f 1505/1505 1429/1429 1432/1432
f 1420/1420 1390/1390 1429/1429
f 1428/1428 1420/1420 1429/1429
f 1506/1506 1431/1431 1507/1507
f 1506/1506 1432/1432 1431/1431
f 1507/1507 1430/1430 1508/1508
f 1507/1507 1431/1431 1430/1430
f 1505/1505 1430/1430 1429/1429
f 1508/1508 1430/1430 1505/1505
f 1507/1507 1505/1505 1506/1506
f 1507/1507 1508/1508 1505/1505
f 1509/1509 1426/1426 1510/1510
f 1509/1509 1427/1427 1426/1426
f 1510/1510 1425/1425 1511/1511
f 1510/1510 1426/1426 1425/1425
f 1512/1512 1425/1425 1424/1424
f 1511/1511 1425/1425 1512/1512
f 1427/1427 1420/1420 1428/1428
f 1424/1424 1427/1427 1509/1509
f 1424/1424 1420/1420 1427/1427
f 1512/1512 1424/1424 1509/1509
f 1419/1419 1420/1420 1424/1424
f 1423/1423 1419/1419 1424/1424
f 1511/1511 1509/1509 1510/1510
f 1511/1511 1512/1512 1509/1509
f 1513/1513 1439/1439 1514/1514
f 1513/1513 1440/1440 1439/1439
f 1422/1422 1419/1419 1423/1423
f 1461/1461 1462/1462 1417/1417
f 1514/1514 1422/1422 1515/1515
f 1514/1514 1439/1439 1422/1422
f 1282/1282 1419/1419 1422/1422
f 1282/1282 1422/1422 1439/1439
f 1438/1438 1284/1284 1282/1282
f 1438/1438 1285/1285 1284/1284
f 1438/1438 1286/1286 1285/1285
f 1438/1438 1287/1287 1286/1286
f 1438/1438 1283/1283 1287/1287
f 1438/1438 1282/1282 1439/1439
f 1480/1480 1283/1283 1438/1438
f 1412/1412 1461/1461 1417/1417
f 1412/1412 1458/1458 1461/1461
f 1494/1494 1495/1495 1461/1461
f 1494/1494 1461/1461 1458/1458
f 1483/1483 1411/1411 1283/1283
f 1483/1483 1283/1283 1480/1480
f 1457/1457 1413/1413 1411/1411
f 1457/1457 1414/1414 1413/1413
f 1457/1457 1415/1415 1414/1414
f 1457/1457 1416/1416 1415/1415
f 1457/1457 1412/1412 1416/1416
f 1457/1457 1458/1458 1412/1412
f 1457/1457 1411/1411 1483/1483
f 1488/1488 1480/1480 1486/1486
f 1488/1488 1483/1483 1480/1480
f 1516/1516 1422/1422 1421/1421
f 1515/1515 1422/1422 1516/1516
f 1516/1516 1440/1440 1513/1513
f 1516/1516 1421/1421 1440/1440
f 1514/1514 1515/1515 1516/1516
f 1514/1514 1516/1516 1513/1513
f 1630/1630 1631/1631 1632/1632
f 1629/1629 1630/1630 1632/1632
f 1639/1639 1628/1628 1629/1629
f 1639/1639 1629/1629 1632/1632
f 1627/1627 1628/1628 1639/1639
f 1626/1626 1627/1627 1639/1639
f 1625/1625 1626/1626 1639/1639
f 1624/1624 1625/1625 1639/1639
f 1609/1609 1610/1610 1611/1611
f 1609/1609 1611/1611 1612/1612
f 1623/1623 1624/1624 1639/1639
f 1638/1638 1619/1619 1620/1620
f 1638/1638 1620/1620 1621/1621
f 1638/1638 1621/1621 1622/1622
f 1638/1638 1622/1622 1623/1623
f 1638/1638 1623/1623 1639/1639
f 1608/1608 1612/1612 1613/1613
f 1608/1608 1609/1609 1612/1612
f 1591/1591 1554/1554 1590/1590
f 1607/1607 1608/1608 1613/1613
f 1606/1606 1613/1613 1614/1614
f 1606/1606 1607/1607 1613/1613
f 1605/1605 1614/1614 1615/1615
f 1605/1605 1606/1606 1614/1614
f 1604/1604 1605/1605 1615/1615
f 1603/1603 1615/1615 1616/1616
f 1603/1603 1604/1604 1615/1615
f 1602/1602 1616/1616 1617/1617
f 1602/1602 1603/1603 1616/1616
f 1601/1601 1602/1602 1617/1617
f 1601/1601 1617/1617 1618/1618
f 1555/1555 1554/1554 1591/1591
f 1555/1555 1591/1591 1592/1592
f 1555/1555 1592/1592 1593/1593
f 1555/1555 1593/1593 1594/1594
f 1555/1555 1594/1594 1595/1595
f 1596/1596 1555/1555 1595/1595
f 1600/1600 1618/1618 1619/1619
f 1600/1600 1601/1601 1618/1618
f 1556/1556 1600/1600 1619/1619
f 1556/1556 1638/1638 1637/1637
f 1556/1556 1555/1555 1596/1596
f 1556/1556 1596/1596 1597/1597
f 1556/1556 1619/1619 1638/1638
f 1556/1556 1597/1597 1598/1598
f 1556/1556 1598/1598 1599/1599
f 1556/1556 1599/1599 1600/1600
f 1557/1557 1637/1637 1636/1636
f 1557/1557 1556/1556 1637/1637
f 1558/1558 1636/1636 1635/1635
f 1558/1558 1557/1557 1636/1636
f 1559/1559 1635/1635 1634/1634
f 1559/1559 1558/1558 1635/1635
f 1560/1560 1634/1634 1633/1633
f 1560/1560 1559/1559 1634/1634
f 1561/1561 1633/1633 1640/1640
f 1561/1561 1646/1646 1645/1645
f 1561/1561 1647/1647 1646/1646
f 1561/1561 1648/1648 1647/1647
f 1561/1561 1649/1649 1648/1648
f 1561/1561 1650/1650 1649/1649
f 1561/1561 1651/1651 1650/1650
f 1561/1561 1640/1640 1651/1651
f 1561/1561 1560/1560 1633/1633
f 1562/1562 1642/1642 1641/1641
f 1562/1562 1643/1643 1642/1642
f 1562/1562 1644/1644 1643/1643
f 1562/1562 1645/1645 1644/1644
f 1562/1562 1641/1641 1656/1656
f 1562/1562 1561/1561 1645/1645
f 1563/1563 1656/1656 1655/1655
f 1563/1563 1562/1562 1656/1656
f 1564/1564 1655/1655 1654/1654
f 1564/1564 1563/1563 1655/1655
f 1565/1565 1564/1564 1654/1654
f 1565/1565 1654/1654 1653/1653
f 317/317 1652/1652 671/671
f 1566/1566 1652/1652 317/317
f 1566/1566 1565/1565 1653/1653
f 1566/1566 1653/1653 1652/1652
f 1567/1567 1566/1566 317/317
f 1568/1568 317/317 318/318
f 1568/1568 1567/1567 317/317
f 1569/1569 318/318 319/319
f 1569/1569 1568/1568 318/318
f 1570/1570 319/319 320/320
f 1570/1570 1569/1569 319/319
f 1571/1571 320/320 321/321
f 1571/1571 1570/1570 320/320
f 1572/1572 321/321 322/322
f 1572/1572 322/322 323/323
f 1572/1572 1571/1571 321/321
f 1573/1573 323/323 324/324
f 1573/1573 1572/1572 323/323
f 1574/1574 324/324 325/325
f 1574/1574 1573/1573 324/324
f 1575/1575 325/325 326/326
f 1575/1575 1574/1574 325/325
f 1522/1522 286/286 427/427
f 1576/1576 326/326 286/286
f 1576/1576 1575/1575 326/326
f 1577/1577 1576/1576 286/286
f 1578/1578 1522/1522 1521/1521
f 1578/1578 286/286 1522/1522
f 1578/1578 1577/1577 286/286
f 1579/1579 1521/1521 1520/1520
f 1579/1579 1578/1578 1521/1521
f 1580/1580 1520/1520 1519/1519
f 1580/1580 1579/1579 1520/1520
f 1581/1581 1519/1519 1518/1518
f 1581/1581 1580/1580 1519/1519
f 1582/1582 1518/1518 1517/1517
f 1582/1582 1528/1528 1527/1527
f 1582/1582 1529/1529 1528/1528
f 1582/1582 1530/1530 1529/1529
f 1582/1582 1517/1517 1530/1530
f 1582/1582 1581/1581 1518/1518
f 1583/1583 1524/1524 1523/1523
f 1583/1583 1525/1525 1524/1524
f 1583/1583 1526/1526 1525/1525
f 1583/1583 1527/1527 1526/1526
f 1583/1583 1523/1523 1531/1531
f 1583/1583 1582/1582 1527/1527
f 1584/1584 1583/1583 1531/1531
f 1584/1584 1531/1531 1538/1538
f 1585/1585 1584/1584 1538/1538
f 1585/1585 1538/1538 1537/1537
f 1586/1586 1585/1585 1537/1537
f 1586/1586 1537/1537 1536/1536
f 1542/1542 1535/1535 1534/1534
f 1587/1587 1586/1586 1536/1536
f 1587/1587 1536/1536 1535/1535
f 1541/1541 1542/1542 1534/1534
f 1541/1541 1534/1534 1533/1533
f 1549/1549 1587/1587 1535/1535
f 1549/1549 1535/1535 1542/1542
f 1588/1588 1587/1587 1549/1549
f 1532/1532 1540/1540 1533/1533
f 1539/1539 1540/1540 1532/1532
f 1548/1548 1549/1549 1542/1542
f 1548/1548 1542/1542 1543/1543
f 1547/1547 1543/1543 1544/1544
f 1547/1547 1548/1548 1543/1543
f 1589/1589 1588/1588 1549/1549
f 1551/1551 1589/1589 1550/1550
f 1546/1546 1544/1544 1545/1545
f 1546/1546 1547/1547 1544/1544
f 1553/1553 1551/1551 1552/1552
f 1553/1553 1589/1589 1551/1551
f 1540/1540 1541/1541 1533/1533
f 1549/1549 1550/1550 1589/1589
f 1518/1518 1657/1657 1517/1517
f 1518/1518 1658/1658 1657/1657
f 427/427 742/742 1522/1522
f 1679/1679 1672/1672 1671/1671
f 1679/1679 1673/1673 1672/1672
f 1679/1679 1678/1678 1673/1673
f 1680/1680 1679/1679 1671/1671
f 1680/1680 1671/1671 1670/1670
f 1680/1680 1678/1678 1679/1679
f 1681/1681 1670/1670 1669/1669
f 1681/1681 1680/1680 1670/1670
f 1682/1682 1668/1668 1667/1667
f 1682/1682 1669/1669 1668/1668
f 1682/1682 1681/1681 1669/1669
f 1683/1683 1666/1666 1665/1665
f 1683/1683 1667/1667 1666/1666
f 1683/1683 1682/1682 1667/1667
f 1684/1684 1677/1677 1678/1678
f 1684/1684 1678/1678 1680/1680
f 1685/1685 1680/1680 1681/1681
f 1685/1685 1684/1684 1680/1680
f 1686/1686 1681/1681 1682/1682
f 1686/1686 1685/1685 1681/1681
f 1687/1687 1677/1677 1684/1684
f 1688/1688 1682/1682 1683/1683
f 1688/1688 1683/1683 1665/1665
f 1688/1688 1665/1665 1664/1664
f 1688/1688 1686/1686 1682/1682
f 1689/1689 1687/1687 1684/1684
f 1690/1690 1664/1664 1663/1663
f 1690/1690 1688/1688 1664/1664
f 1691/1691 1689/1689 1684/1684
f 1691/1691 1684/1684 1685/1685
f 1692/1692 1663/1663 1662/1662
f 1692/1692 1690/1690 1663/1663
f 1693/1693 1691/1691 1685/1685
f 1693/1693 1686/1686 1688/1688
f 1693/1693 1685/1685 1686/1686
f 1694/1694 1661/1661 1660/1660
f 1694/1694 1662/1662 1661/1661
f 1694/1694 1692/1692 1662/1662
f 1695/1695 1693/1693 1688/1688
f 1696/1696 1660/1660 1659/1659
f 1696/1696 1694/1694 1660/1660
f 1697/1697 1695/1695 1688/1688
f 1697/1697 1688/1688 1690/1690
f 1698/1698 1676/1676 1677/1677
f 1698/1698 1687/1687 1689/1689
f 1698/1698 1677/1677 1687/1687
f 1699/1699 1659/1659 1658/1658
f 1699/1699 1696/1696 1659/1659
f 1699/1699 1658/1658 1518/1518
f 1700/1700 1697/1697 1690/1690
f 1700/1700 1690/1690 1692/1692
f 1701/1701 1698/1698 1689/1689
f 1702/1702 1692/1692 1694/1694
f 1702/1702 1700/1700 1692/1692
f 1703/1703 1701/1701 1689/1689
f 1703/1703 1689/1689 1691/1691
f 1704/1704 1694/1694 1696/1696
f 1704/1704 1702/1702 1694/1694
f 1705/1705 1691/1691 1693/1693
f 1705/1705 1703/1703 1691/1691
f 1706/1706 1518/1518 1519/1519
f 1706/1706 1696/1696 1699/1699
f 1706/1706 1519/1519 1704/1704
f 1706/1706 1704/1704 1696/1696
f 1706/1706 1699/1699 1518/1518
f 1707/1707 1705/1705 1693/1693
f 1707/1707 1693/1693 1695/1695
f 1708/1708 1697/1697 1700/1700
f 1708/1708 1707/1707 1695/1695
f 1708/1708 1695/1695 1697/1697
f 1709/1709 1676/1676 1698/1698
f 1709/1709 1675/1675 1676/1676
f 1710/1710 1708/1708 1700/1700
f 1711/1711 1709/1709 1698/1698
f 1711/1711 1698/1698 1701/1701
f 1712/1712 1700/1700 1702/1702
f 1712/1712 1710/1710 1700/1700
f 1713/1713 1701/1701 1703/1703
f 1713/1713 1711/1711 1701/1701
f 1714/1714 1704/1704 1519/1519
f 1714/1714 1702/1702 1704/1704
f 1714/1714 1712/1712 1702/1702
f 1715/1715 1713/1713 1703/1703
f 1715/1715 1703/1703 1705/1705
f 1716/1716 1519/1519 1520/1520
f 1716/1716 1520/1520 1714/1714
f 1716/1716 1714/1714 1519/1519
f 1717/1717 1715/1715 1705/1705
f 1717/1717 1705/1705 1707/1707
f 1717/1717 1707/1707 1708/1708
f 1718/1718 1717/1717 1708/1708
f 1719/1719 633/633 1674/1674
f 1719/1719 1674/1674 1675/1675
f 1719/1719 1675/1675 1709/1709
f 1719/1719 751/751 633/633
f 1720/1720 1708/1708 1710/1710
f 1720/1720 1718/1718 1708/1708
f 1721/1721 751/751 1719/1719
f 1721/1721 750/750 751/751
f 1721/1721 1719/1719 1709/1709
f 1721/1721 1709/1709 1711/1711
f 1722/1722 1712/1712 1714/1714
f 1722/1722 1710/1710 1712/1712
f 1722/1722 1720/1720 1710/1710
f 1723/1723 1721/1721 1711/1711
f 1723/1723 749/749 750/750
f 1723/1723 1711/1711 1713/1713
f 1723/1723 750/750 1721/1721
f 1723/1723 1713/1713 1715/1715
f 1724/1724 1714/1714 1520/1520
f 1724/1724 1722/1722 1714/1714
f 1725/1725 749/749 1723/1723
f 1725/1725 1723/1723 1715/1715
f 1725/1725 748/748 749/749
f 1725/1725 1715/1715 1717/1717
f 1726/1726 1724/1724 1520/1520
f 1726/1726 1520/1520 1521/1521
f 1726/1726 1521/1521 1724/1724
f 1727/1727 748/748 1725/1725
f 1727/1727 1725/1725 1717/1717
f 1727/1727 747/747 748/748
f 1728/1728 1718/1718 1720/1720
f 1728/1728 1727/1727 1717/1717
f 1728/1728 747/747 1727/1727
f 1728/1728 746/746 747/747
f 1728/1728 1717/1717 1718/1718
f 1729/1729 746/746 1728/1728
f 1729/1729 745/745 746/746
f 1729/1729 1728/1728 1720/1720
f 1730/1730 1720/1720 1722/1722
f 1730/1730 745/745 1729/1729
f 1730/1730 744/744 745/745
f 1730/1730 1729/1729 1720/1720
f 1731/1731 1730/1730 1722/1722
f 1731/1731 1722/1722 1724/1724
f 1731/1731 744/744 1730/1730
f 1731/1731 743/743 744/744
f 1731/1731 1724/1724 1521/1521
f 1732/1732 1521/1521 1522/1522
f 1732/1732 1522/1522 742/742
f 1732/1732 742/742 743/743
f 1732/1732 743/743 1731/1731
f 1732/1732 1731/1731 1521/1521
f 655/655 1733/1733 172/172
f 655/655 1734/1734 1733/1733
f 655/655 1735/1735 1734/1734
f 655/655 1736/1736 1735/1735
f 1805/1805 1737/1737 1736/1736
f 1805/1805 1736/1736 655/655
f 1804/1804 1738/1738 1737/1737
f 1804/1804 1737/1737 1805/1805
f 1803/1803 1739/1739 1738/1738
f 1803/1803 1738/1738 1804/1804
f 1802/1802 1740/1740 1739/1739
f 1802/1802 1739/1739 1803/1803
f 1801/1801 1741/1741 1740/1740
f 1801/1801 1740/1740 1802/1802
f 1800/1800 1741/1741 1801/1801
f 1800/1800 1742/1742 1741/1741
f 1800/1800 1743/1743 1742/1742
f 1800/1800 1744/1744 1743/1743
f 1800/1800 1745/1745 1744/1744
f 1799/1799 1745/1745 1800/1800
f 1792/1792 1791/1791 1790/1790
f 1789/1789 1792/1792 1790/1790
f 1746/1746 1745/1745 1799/1799
f 1787/1787 1792/1792 1789/1789
f 1787/1787 1789/1789 1788/1788
f 1795/1795 1794/1794 1793/1793
f 1796/1796 1792/1792 1787/1787
f 1796/1796 1795/1795 1793/1793
f 1796/1796 1787/1787 1786/1786
f 1796/1796 1793/1793 1792/1792
f 1785/1785 1796/1796 1786/1786
f 1797/1797 1796/1796 1785/1785
f 1784/1784 1797/1797 1785/1785
f 1782/1782 1784/1784 1783/1783
f 1782/1782 1797/1797 1784/1784
f 1782/1782 1798/1798 1797/1797
f 633/633 1770/1770 1769/1769
f 633/633 1771/1771 1770/1770
f 633/633 180/180 1771/1771
f 1780/1780 1782/1782 1781/1781
f 1768/1768 633/633 1769/1769
f 1779/1779 1782/1782 1780/1780
f 1674/1674 633/633 1768/1768
f 1777/1777 1779/1779 1778/1778
f 1747/1747 1746/1746 1799/1799
f 1775/1775 1777/1777 1776/1776
f 1775/1775 1779/1779 1777/1777
f 1774/1774 1782/1782 1779/1779
f 1774/1774 1779/1779 1775/1775
f 1773/1773 1798/1798 1782/1782
f 1773/1773 1782/1782 1774/1774
f 1767/1767 1675/1675 1674/1674
f 1767/1767 1674/1674 1768/1768
f 1748/1748 1747/1747 1799/1799
f 1766/1766 1675/1675 1767/1767
f 1766/1766 1676/1676 1675/1675
f 1749/1749 1748/1748 1799/1799
f 1765/1765 1676/1676 1766/1766
f 1765/1765 1677/1677 1676/1676
f 1750/1750 1799/1799 1798/1798
f 1750/1750 1749/1749 1799/1799
f 1764/1764 1677/1677 1765/1765
f 1764/1764 1678/1678 1677/1677
f 1751/1751 1750/1750 1798/1798
f 1763/1763 1678/1678 1764/1764
f 1763/1763 1673/1673 1678/1678
f 1752/1752 1751/1751 1798/1798
f 1752/1752 1798/1798 1773/1773
f 1762/1762 1673/1673 1763/1763
f 1753/1753 1752/1752 1773/1773
f 1761/1761 1673/1673 1762/1762
f 1754/1754 1753/1753 1773/1773
f 1754/1754 1773/1773 1772/1772
f 1760/1760 1673/1673 1761/1761
f 1755/1755 1754/1754 1772/1772
f 1759/1759 1673/1673 1760/1760
f 1759/1759 1772/1772 1673/1673
f 1756/1756 1755/1755 1772/1772
f 1758/1758 1772/1772 1759/1759
f 1757/1757 1756/1756 1772/1772
f 1757/1757 1772/1772 1758/1758
f 126/126 1806/1806 85/85
f 126/126 1847/1847 1806/1806
f 125/125 1847/1847 126/126
f 125/125 1846/1846 1847/1847
f 124/124 1846/1846 125/125
f 124/124 1844/1844 1845/1845
f 124/124 1845/1845 1846/1846
f 123/123 1844/1844 124/124
f 122/122 1844/1844 123/123
f 122/122 1843/1843 1844/1844
f 121/121 1843/1843 122/122
f 121/121 1842/1842 1843/1843
f 120/120 1842/1842 121/121
f 120/120 1841/1841 1842/1842
f 119/119 1841/1841 120/120
f 119/119 1840/1840 1841/1841
f 118/118 1840/1840 119/119
f 118/118 1839/1839 1840/1840
f 117/117 1839/1839 118/118
f 117/117 1838/1838 1839/1839
f 116/116 1838/1838 117/117
f 116/116 1837/1837 1838/1838
f 115/115 1837/1837 116/116
f 115/115 1836/1836 1837/1837
f 114/114 1836/1836 115/115
f 114/114 1835/1835 1836/1836
f 113/113 1835/1835 114/114
f 113/113 1834/1834 1835/1835
f 112/112 1834/1834 113/113
f 112/112 1833/1833 1834/1834
f 111/111 1833/1833 112/112
f 111/111 1832/1832 1833/1833
f 110/110 1832/1832 111/111
f 110/110 1830/1830 1831/1831
f 110/110 1831/1831 1832/1832
f 109/109 1830/1830 110/110
f 108/108 1829/1829 1830/1830
f 108/108 1830/1830 109/109
f 107/107 1827/1827 1828/1828
f 107/107 1828/1828 1829/1829
f 107/107 1829/1829 108/108
f 106/106 1827/1827 107/107
f 105/105 1826/1826 1827/1827
f 105/105 1827/1827 106/106
f 104/104 1824/1824 1825/1825
f 104/104 1825/1825 1826/1826
f 104/104 1826/1826 105/105
f 103/103 1824/1824 104/104
f 102/102 1823/1823 1824/1824
f 102/102 1824/1824 103/103
f 101/101 1821/1821 1822/1822
f 101/101 1822/1822 1823/1823
f 101/101 1823/1823 102/102
f 100/100 1820/1820 1821/1821
f 100/100 1821/1821 101/101
f 99/99 1820/1820 100/100
f 98/98 1820/1820 99/99
f 98/98 1818/1818 1819/1819
f 98/98 1819/1819 1820/1820
f 97/97 1818/1818 98/98
f 96/96 1817/1817 1818/1818
f 96/96 1818/1818 97/97
f 95/95 1817/1817 96/96
f 95/95 1815/1815 1816/1816
f 95/95 1816/1816 1817/1817
f 94/94 1815/1815 95/95
f 94/94 1814/1814 1815/1815
f 93/93 1814/1814 94/94
f 92/92 1814/1814 93/93
f 92/92 1812/1812 1813/1813
f 92/92 1813/1813 1814/1814
f 91/91 1812/1812 92/92
f 90/90 1812/1812 91/91
f 90/90 1811/1811 1812/1812
f 89/89 1811/1811 90/90
f 89/89 1810/1810 1811/1811
f 88/88 1809/1809 1810/1810
f 88/88 1810/1810 89/89
f 87/87 1808/1808 1809/1809
f 87/87 1809/1809 88/88
f 86/86 1808/1808 87/87
f 86/86 1807/1807 1808/1808
f 85/85 1806/1806 1807/1807
f 85/85 1807/1807 86/86
f 42/42 1848/1848 1/1
f 42/42 1889/1889 1848/1848
f 41/41 1889/1889 42/42
f 41/41 1888/1888 1889/1889
f 40/40 1888/1888 41/41
f 40/40 1886/1886 1887/1887
f 40/40 1887/1887 1888/1888
f 39/39 1886/1886 40/40
f 38/38 1886/1886 39/39
f 38/38 1885/1885 1886/1886
f 37/37 1885/1885 38/38
f 37/37 1884/1884 1885/1885
f 36/36 1884/1884 37/37
f 36/36 1883/1883 1884/1884
f 35/35 1883/1883 36/36
f 35/35 1882/1882 1883/1883
f 34/34 1882/1882 35/35
f 34/34 1881/1881 1882/1882
f 33/33 1881/1881 34/34
f 33/33 1880/1880 1881/1881
f 32/32 1880/1880 33/33
f 32/32 1879/1879 1880/1880
f 31/31 1879/1879 32/32
f 31/31 1878/1878 1879/1879
f 30/30 1878/1878 31/31
f 30/30 1877/1877 1878/1878
f 29/29 1877/1877 30/30
f 29/29 1876/1876 1877/1877
f 28/28 1876/1876 29/29
f 28/28 1875/1875 1876/1876
f 27/27 1875/1875 28/28
f 27/27 1874/1874 1875/1875
f 26/26 1874/1874 27/27
f 26/26 1872/1872 1873/1873
f 26/26 1873/1873 1874/1874
f 25/25 1872/1872 26/26
f 24/24 1871/1871 1872/1872
f 24/24 1872/1872 25/25
f 23/23 1869/1869 1870/1870
f 23/23 1870/1870 1871/1871
f 23/23 1871/1871 24/24
f 22/22 1869/1869 23/23
f 21/21 1868/1868 1869/1869
f 21/21 1869/1869 22/22
f 20/20 1866/1866 1867/1867
f 20/20 1867/1867 1868/1868
f 20/20 1868/1868 21/21
f 19/19 1866/1866 20/20
f 18/18 1865/1865 1866/1866
f 18/18 1866/1866 19/19
f 17/17 1863/1863 1864/1864
f 17/17 1864/1864 1865/1865
f 17/17 1865/1865 18/18
f 16/16 1862/1862 1863/1863
f 16/16 1863/1863 17/17
f 15/15 1862/1862 16/16
f 14/14 1862/1862 15/15
f 14/14 1860/1860 1861/1861
f 14/14 1861/1861 1862/1862
f 13/13 1860/1860 14/14
f 12/12 1859/1859 1860/1860
f 12/12 1860/1860 13/13
f 11/11 1859/1859 12/12
f 11/11 1857/1857 1858/1858
f 11/11 1858/1858 1859/1859
f 10/10 1857/1857 11/11
f 10/10 1856/1856 1857/1857
f 9/9 1856/1856 10/10
f 8/8 1856/1856 9/9
f 8/8 1854/1854 1855/1855
f 8/8 1855/1855 1856/1856
f 7/7 1854/1854 8/8
f 6/6 1854/1854 7/7
f 6/6 1853/1853 1854/1854
f 5/5 1853/1853 6/6
f 5/5 1852/1852 1853/1853
f 4/4 1851/1851 1852/1852
f 4/4 1852/1852 5/5
f 3/3 1850/1850 1851/1851
f 3/3 1851/1851 4/4
f 2/2 1850/1850 3/3
f 2/2 1849/1849 1850/1850
f 1/1 1848/1848 1849/1849
f 1/1 1849/1849 2/2
f 1892/1892 1890/1890 1891/1891
f 1892/1892 1933/1933 1890/1890
f 1893/1893 1934/1934 1933/1933
f 1893/1893 1933/1933 1892/1892
f 1894/1894 1935/1935 1934/1934
f 1894/1894 1934/1934 1893/1893
f 1895/1895 1935/1935 1894/1894
f 1895/1895 1936/1936 1935/1935
f 1896/1896 1936/1936 1895/1895
f 1896/1896 1937/1937 1936/1936
f 1897/1897 1937/1937 1896/1896
f 1897/1897 1938/1938 1937/1937
f 1898/1898 1938/1938 1897/1897
f 1898/1898 1939/1939 1938/1938
f 1898/1898 1940/1940 1939/1939
f 1899/1899 1940/1940 1898/1898
f 1900/1900 1940/1940 1899/1899
f 1900/1900 1941/1941 1940/1940
f 1901/1901 1941/1941 1900/1900
f 1901/1901 1942/1942 1941/1941
f 1901/1901 1943/1943 1942/1942
f 1902/1902 1943/1943 1901/1901
f 1903/1903 1943/1943 1902/1902
f 1903/1903 1944/1944 1943/1943
f 1903/1903 1945/1945 1944/1944
f 1904/1904 1945/1945 1903/1903
f 1905/1905 1945/1945 1904/1904
f 1905/1905 1946/1946 1945/1945
f 1906/1906 1946/1946 1905/1905
f 1906/1906 1947/1947 1946/1946
f 1907/1907 1947/1947 1906/1906
f 1907/1907 1948/1948 1947/1947
f 1908/1908 1948/1948 1907/1907
f 1908/1908 1949/1949 1948/1948
f 1909/1909 1950/1950 1949/1949
f 1909/1909 1949/1949 1908/1908
f 1910/1910 1951/1951 1950/1950
f 1910/1910 1950/1950 1909/1909
f 1911/1911 1952/1952 1951/1951
f 1911/1911 1951/1951 1910/1910
f 1912/1912 1953/1953 1952/1952
f 1912/1912 1952/1952 1911/1911
f 1913/1913 1954/1954 1953/1953
f 1913/1913 1953/1953 1912/1912
f 1914/1914 1955/1955 1954/1954
f 1914/1914 1954/1954 1913/1913
f 1915/1915 1956/1956 1955/1955
f 1915/1915 1955/1955 1914/1914
f 1916/1916 1957/1957 1956/1956
f 1916/1916 1958/1958 1957/1957
f 1916/1916 1956/1956 1915/1915
f 1917/1917 1958/1958 1916/1916
f 1918/1918 1959/1959 1958/1958
f 1918/1918 1958/1958 1917/1917
f 1919/1919 1960/1960 1959/1959
f 1919/1919 1959/1959 1918/1918
f 1920/1920 1960/1960 1919/1919
f 1920/1920 1961/1961 1960/1960
f 1920/1920 1962/1962 1961/1961
f 1921/1921 1962/1962 1920/1920
f 1922/1922 1962/1962 1921/1921
f 1922/1922 1963/1963 1962/1962
f 1923/1923 1963/1963 1922/1922
f 1923/1923 1964/1964 1963/1963
f 1923/1923 1965/1965 1964/1964
f 1924/1924 1965/1965 1923/1923
f 1925/1925 1965/1965 1924/1924
f 1925/1925 1966/1966 1965/1965
f 1926/1926 1966/1966 1925/1925
f 1926/1926 1967/1967 1966/1966
f 1927/1927 1967/1967 1926/1926
f 1927/1927 1968/1968 1967/1967
f 1928/1928 1968/1968 1927/1927
f 1928/1928 1969/1969 1968/1968
f 1929/1929 1969/1969 1928/1928
f 1929/1929 1970/1970 1969/1969
f 1929/1929 1971/1971 1970/1970
f 1930/1930 1971/1971 1929/1929
f 1931/1931 1971/1971 1930/1930
f 1931/1931 1972/1972 1971/1971
f 1932/1932 1972/1972 1931/1931
f 1932/1932 1973/1973 1972/1972
f 1891/1891 1973/1973 1932/1932
f 1891/1891 1890/1890 1973/1973
f 1811/1811 1929/1929 1928/1928
f 1812/1812 1811/1811 1928/1928
f 1812/1812 1928/1928 1927/1927
f 1810/1810 1930/1930 1929/1929
f 1810/1810 1929/1929 1811/1811
f 1813/1813 1812/1812 1927/1927
f 1813/1813 1927/1927 1926/1926
f 1809/1809 1930/1930 1810/1810
f 1809/1809 1931/1931 1930/1930
f 1814/1814 1813/1813 1926/1926
f 1814/1814 1926/1926 1925/1925
f 1808/1808 1931/1931 1809/1809
f 1808/1808 1932/1932 1931/1931
f 1815/1815 1814/1814 1925/1925
f 1815/1815 1925/1925 1924/1924
f 1807/1807 1932/1932 1808/1808
f 1807/1807 1891/1891 1932/1932
f 1816/1816 1924/1924 1923/1923
f 1816/1816 1815/1815 1924/1924
f 1806/1806 1891/1891 1807/1807
f 1817/1817 1816/1816 1923/1923
f 1817/1817 1923/1923 1922/1922
f 1847/1847 1892/1892 1891/1891
f 1847/1847 1891/1891 1806/1806
f 1818/1818 1817/1817 1922/1922
f 1818/1818 1922/1922 1921/1921
f 1846/1846 1893/1893 1892/1892
f 1846/1846 1894/1894 1893/1893
f 1846/1846 1892/1892 1847/1847
f 1819/1819 1921/1921 1920/1920
f 1819/1819 1818/1818 1921/1921
f 1845/1845 1894/1894 1846/1846
f 1820/1820 1920/1920 1919/1919
f 1820/1820 1819/1819 1920/1920
f 1844/1844 1895/1895 1894/1894
f 1844/1844 1894/1894 1845/1845
f 1821/1821 1919/1919 1918/1918
f 1821/1821 1820/1820 1919/1919
f 1843/1843 1896/1896 1895/1895
f 1843/1843 1895/1895 1844/1844
f 1822/1822 1821/1821 1918/1918
f 1917/1917 1822/1822 1918/1918
f 1823/1823 1822/1822 1917/1917
f 1897/1897 1896/1896 1843/1843
f 1897/1897 1843/1843 1842/1842
f 1916/1916 1824/1824 1823/1823
f 1916/1916 1823/1823 1917/1917
f 1898/1898 1842/1842 1841/1841
f 1898/1898 1897/1897 1842/1842
f 1915/1915 1825/1825 1824/1824
f 1915/1915 1824/1824 1916/1916
f 1899/1899 1841/1841 1840/1840
f 1899/1899 1898/1898 1841/1841
f 1914/1914 1826/1826 1825/1825
f 1914/1914 1825/1825 1915/1915
f 1900/1900 1899/1899 1840/1840
f 1900/1900 1840/1840 1839/1839
f 1913/1913 1827/1827 1826/1826
f 1913/1913 1826/1826 1914/1914
f 1901/1901 1900/1900 1839/1839
f 1901/1901 1839/1839 1838/1838
f 1912/1912 1827/1827 1913/1913
f 1912/1912 1828/1828 1827/1827
f 1902/1902 1901/1901 1838/1838
f 1902/1902 1838/1838 1837/1837
f 1911/1911 1828/1828 1912/1912
f 1911/1911 1829/1829 1828/1828
f 1903/1903 1902/1902 1837/1837
f 1903/1903 1837/1837 1836/1836
f 1910/1910 1829/1829 1911/1911
f 1910/1910 1830/1830 1829/1829
f 1904/1904 1903/1903 1836/1836
f 1904/1904 1836/1836 1835/1835
f 1909/1909 1830/1830 1910/1910
f 1909/1909 1831/1831 1830/1830
f 1905/1905 1904/1904 1835/1835
f 1905/1905 1835/1835 1834/1834
f 1908/1908 1831/1831 1909/1909
f 1908/1908 1832/1832 1831/1831
f 1906/1906 1905/1905 1834/1834
f 1906/1906 1834/1834 1833/1833
f 1907/1907 1832/1832 1908/1908
f 1907/1907 1906/1906 1833/1833
f 1907/1907 1833/1833 1832/1832
f 1976/1976 1974/1974 1975/1975
f 1976/1976 2017/2017 1974/1974
f 1977/1977 2018/2018 2017/2017
f 1977/1977 2017/2017 1976/1976
f 1978/1978 2019/2019 2018/2018
f 1978/1978 2018/2018 1977/1977
f 1979/1979 2019/2019 1978/1978
f 1979/1979 2020/2020 2019/2019
f 1980/1980 2020/2020 1979/1979
f 1980/1980 2021/2021 2020/2020
f 1981/1981 2021/2021 1980/1980
f 1981/1981 2022/2022 2021/2021
f 1982/1982 2022/2022 1981/1981
f 1982/1982 2023/2023 2022/2022
f 1982/1982 2024/2024 2023/2023
f 1983/1983 2024/2024 1982/1982
f 1984/1984 2024/2024 1983/1983
f 1984/1984 2025/2025 2024/2024
f 1985/1985 2025/2025 1984/1984
f 1985/1985 2026/2026 2025/2025
f 1985/1985 2027/2027 2026/2026
f 1986/1986 2027/2027 1985/1985
f 1987/1987 2027/2027 1986/1986
f 1987/1987 2028/2028 2027/2027
f 1987/1987 2029/2029 2028/2028
f 1988/1988 2029/2029 1987/1987
f 1989/1989 2029/2029 1988/1988
f 1989/1989 2030/2030 2029/2029
f 1990/1990 2030/2030 1989/1989
f 1990/1990 2031/2031 2030/2030
f 1991/1991 2031/2031 1990/1990
f 1991/1991 2032/2032 2031/2031
f 1992/1992 2032/2032 1991/1991
f 1992/1992 2033/2033 2032/2032
f 1993/1993 2034/2034 2033/2033
f 1993/1993 2033/2033 1992/1992
f 1994/1994 2035/2035 2034/2034
f 1994/1994 2034/2034 1993/1993
f 1995/1995 2036/2036 2035/2035
f 1995/1995 2035/2035 1994/1994
f 1996/1996 2037/2037 2036/2036
f 1996/1996 2036/2036 1995/1995
f 1997/1997 2038/2038 2037/2037
f 1997/1997 2037/2037 1996/1996
f 1998/1998 2039/2039 2038/2038
f 1998/1998 2038/2038 1997/1997
f 1999/1999 2040/2040 2039/2039
f 1999/1999 2039/2039 1998/1998
f 2000/2000 2041/2041 2040/2040
f 2000/2000 2042/2042 2041/2041
f 2000/2000 2040/2040 1999/1999
f 2001/2001 2042/2042 2000/2000
f 2002/2002 2043/2043 2042/2042
f 2002/2002 2042/2042 2001/2001
f 2003/2003 2044/2044 2043/2043
f 2003/2003 2043/2043 2002/2002
f 2004/2004 2044/2044 2003/2003
f 2004/2004 2045/2045 2044/2044
f 2004/2004 2046/2046 2045/2045
f 2005/2005 2046/2046 2004/2004
f 2006/2006 2046/2046 2005/2005
f 2006/2006 2047/2047 2046/2046
f 2007/2007 2047/2047 2006/2006
f 2007/2007 2048/2048 2047/2047
f 2007/2007 2049/2049 2048/2048
f 2008/2008 2049/2049 2007/2007
f 2009/2009 2049/2049 2008/2008
f 2009/2009 2050/2050 2049/2049
f 2010/2010 2050/2050 2009/2009
f 2010/2010 2051/2051 2050/2050
f 2011/2011 2051/2051 2010/2010
f 2011/2011 2052/2052 2051/2051
f 2012/2012 2052/2052 2011/2011
f 2012/2012 2053/2053 2052/2052
f 2013/2013 2053/2053 2012/2012
f 2013/2013 2054/2054 2053/2053
f 2013/2013 2055/2055 2054/2054
f 2014/2014 2055/2055 2013/2013
f 2015/2015 2055/2055 2014/2014
f 2015/2015 2056/2056 2055/2055
f 2016/2016 2056/2056 2015/2015
f 2016/2016 2057/2057 2056/2056
f 1975/1975 2057/2057 2016/2016
f 1975/1975 1974/1974 2057/2057
f 1853/1853 2013/2013 2012/2012
f 1854/1854 1853/1853 2012/2012
f 1854/1854 2012/2012 2011/2011
f 1852/1852 2014/2014 2013/2013
f 1852/1852 2013/2013 1853/1853
f 1855/1855 1854/1854 2011/2011
f 1855/1855 2011/2011 2010/2010
f 1851/1851 2014/2014 1852/1852
f 1851/1851 2015/2015 2014/2014
f 1856/1856 1855/1855 2010/2010
f 1856/1856 2010/2010 2009/2009
f 1850/1850 2015/2015 1851/1851
f 1850/1850 2016/2016 2015/2015
f 1857/1857 1856/1856 2009/2009
f 1857/1857 2009/2009 2008/2008
f 1849/1849 2016/2016 1850/1850
f 1849/1849 1975/1975 2016/2016
f 1858/1858 2008/2008 2007/2007
f 1858/1858 1857/1857 2008/2008
f 1848/1848 1975/1975 1849/1849
f 1859/1859 1858/1858 2007/2007
f 1859/1859 2007/2007 2006/2006
f 1889/1889 1976/1976 1975/1975
f 1889/1889 1975/1975 1848/1848
f 1860/1860 1859/1859 2006/2006
f 1860/1860 2006/2006 2005/2005
f 1888/1888 1977/1977 1976/1976
f 1888/1888 1978/1978 1977/1977
f 1888/1888 1976/1976 1889/1889
f 1861/1861 2005/2005 2004/2004
f 1861/1861 1860/1860 2005/2005
f 1887/1887 1978/1978 1888/1888
f 1862/1862 2004/2004 2003/2003
f 1862/1862 1861/1861 2004/2004
f 1886/1886 1979/1979 1978/1978
f 1886/1886 1978/1978 1887/1887
f 1863/1863 2003/2003 2002/2002
f 1863/1863 1862/1862 2003/2003
f 1885/1885 1980/1980 1979/1979
f 1885/1885 1979/1979 1886/1886
f 1864/1864 1863/1863 2002/2002
f 2001/2001 1864/1864 2002/2002
f 1865/1865 1864/1864 2001/2001
f 1981/1981 1980/1980 1885/1885
f 1981/1981 1885/1885 1884/1884
f 2000/2000 1866/1866 1865/1865
f 2000/2000 1865/1865 2001/2001
f 1982/1982 1884/1884 1883/1883
f 1982/1982 1981/1981 1884/1884
f 1999/1999 1867/1867 1866/1866
f 1999/1999 1866/1866 2000/2000
f 1983/1983 1883/1883 1882/1882
f 1983/1983 1982/1982 1883/1883
f 1998/1998 1868/1868 1867/1867
f 1998/1998 1867/1867 1999/1999
f 1984/1984 1983/1983 1882/1882
f 1984/1984 1882/1882 1881/1881
f 1997/1997 1869/1869 1868/1868
f 1997/1997 1868/1868 1998/1998
f 1985/1985 1984/1984 1881/1881
f 1985/1985 1881/1881 1880/1880
f 1996/1996 1869/1869 1997/1997
f 1996/1996 1870/1870 1869/1869
f 1986/1986 1985/1985 1880/1880
f 1986/1986 1880/1880 1879/1879
f 1995/1995 1870/1870 1996/1996
f 1995/1995 1871/1871 1870/1870
f 1987/1987 1986/1986 1879/1879
f 1987/1987 1879/1879 1878/1878
f 1994/1994 1871/1871 1995/1995
f 1994/1994 1872/1872 1871/1871
f 1988/1988 1987/1987 1878/1878
f 1988/1988 1878/1878 1877/1877
f 1993/1993 1872/1872 1994/1994
f 1993/1993 1873/1873 1872/1872
f 1989/1989 1988/1988 1877/1877
f 1989/1989 1877/1877 1876/1876
f 1992/1992 1873/1873 1993/1993
f 1992/1992 1874/1874 1873/1873
f 1990/1990 1989/1989 1876/1876
f 1990/1990 1876/1876 1875/1875
f 1991/1991 1874/1874 1992/1992
f 1991/1991 1990/1990 1875/1875
f 1991/1991 1875/1875 1874/1874
f 1948/1948 2099/2099 2098/2098
f 1947/1947 1948/1948 2098/2098
f 1949/1949 2099/2099 1948/1948
f 1946/1946 1947/1947 2098/2098
f 1950/1950 2099/2099 1949/1949
f 1945/1945 1946/1946 2098/2098
f 1945/1945 2098/2098 2097/2097
f 1951/1951 2058/2058 2099/2099
f 1951/1951 2099/2099 1950/1950
f 1944/1944 1945/1945 2097/2097
f 1952/1952 2058/2058 1951/1951
f 1943/1943 1944/1944 2097/2097
f 1953/1953 2058/2058 1952/1952
f 1942/1942 2097/2097 2096/2096
f 1942/1942 1943/1943 2097/2097
f 1954/1954 2058/2058 1953/1953
f 1941/1941 2096/2096 2095/2095
f 1941/1941 1942/1942 2096/2096
f 1955/1955 2059/2059 2058/2058
f 1955/1955 2058/2058 1954/1954
f 1940/1940 1941/1941 2095/2095
f 1956/1956 2059/2059 1955/1955
f 1957/1957 2059/2059 1956/1956
f 1958/1958 2060/2060 2059/2059
f 1958/1958 2059/2059 1957/1957
f 1959/1959 2060/2060 1958/1958
f 1960/1960 2060/2060 1959/1959
f 1961/1961 2060/2060 1960/1960
f 2032/2032 1937/1937 1938/1938
f 2031/2031 2032/2032 1938/1938
f 2033/2033 1935/1935 1936/1936
f 2033/2033 1936/1936 1937/1937
f 2033/2033 1937/1937 2032/2032
f 2030/2030 1938/1938 1939/1939
f 2030/2030 1939/1939 1940/1940
f 2030/2030 2031/2031 1938/1938
f 2034/2034 1935/1935 2033/2033
f 2029/2029 2030/2030 1940/1940
f 2029/2029 1940/1940 2095/2095
f 2035/2035 1935/1935 2034/2034
f 2035/2035 1934/1934 1935/1935
f 2028/2028 2029/2029 2095/2095
f 2036/2036 1933/1933 1934/1934
f 2036/2036 1934/1934 2035/2035
f 2027/2027 2095/2095 2094/2094
f 2027/2027 2028/2028 2095/2095
f 2037/2037 1890/1890 1933/1933
f 2037/2037 1973/1973 1890/1890
f 2037/2037 1933/1933 2036/2036
f 2061/2061 1961/1961 1962/1962
f 2061/2061 1962/1962 1963/1963
f 2061/2061 1963/1963 1964/1964
f 2061/2061 2060/2060 1961/1961
f 2026/2026 2094/2094 2093/2093
f 2026/2026 2027/2027 2094/2094
f 2038/2038 1973/1973 2037/2037
f 2025/2025 2093/2093 2092/2092
f 2025/2025 2026/2026 2093/2093
f 2039/2039 1973/1973 2038/2038
f 2039/2039 1971/1971 1972/1972
f 2039/2039 1972/1972 1973/1973
f 2024/2024 2092/2092 2091/2091
f 2024/2024 2025/2025 2092/2092
f 2040/2040 1971/1971 2039/2039
f 2040/2040 1970/1970 1971/1971
f 2023/2023 2091/2091 2090/2090
f 2023/2023 2024/2024 2091/2091
f 2041/2041 1970/1970 2040/2040
f 2022/2022 2090/2090 2089/2089
f 2022/2022 2023/2023 2090/2090
f 2042/2042 1969/1969 1970/1970
f 2042/2042 1970/1970 2041/2041
f 2021/2021 2088/2088 2087/2087
f 2021/2021 2089/2089 2088/2088
f 2021/2021 2022/2022 2089/2089
f 2043/2043 1969/1969 2042/2042
f 2043/2043 1968/1968 1969/1969
f 2020/2020 2087/2087 2086/2086
f 2020/2020 2021/2021 2087/2087
f 2044/2044 1967/1967 1968/1968
f 2044/2044 1968/1968 2043/2043
f 2019/2019 2020/2020 2086/2086
f 2045/2045 1966/1966 1967/1967
f 2045/2045 1967/1967 2044/2044
f 2062/2062 2061/2061 1964/1964
f 2062/2062 1964/1964 1965/1965
f 2085/2085 2019/2019 2086/2086
f 2063/2063 2045/2045 2046/2046
f 2063/2063 2046/2046 2047/2047
f 2063/2063 2062/2062 1965/1965
f 2063/2063 1966/1966 2045/2045
f 2063/2063 1965/1965 1966/1966
f 2084/2084 2019/2019 2085/2085
f 2084/2084 2018/2018 2019/2019
f 2064/2064 2063/2063 2047/2047
f 2064/2064 2047/2047 2048/2048
f 2083/2083 2018/2018 2084/2084
f 2065/2065 2048/2048 2049/2049
f 2065/2065 2064/2064 2048/2048
f 2082/2082 2018/2018 2083/2083
f 2082/2082 2017/2017 2018/2018
f 2066/2066 2049/2049 2050/2050
f 2066/2066 2065/2065 2049/2049
f 2081/2081 2017/2017 2082/2082
f 2067/2067 2050/2050 2051/2051
f 2067/2067 2066/2066 2050/2050
f 2080/2080 2017/2017 2081/2081
f 2080/2080 1974/1974 2017/2017
f 2068/2068 2051/2051 2052/2052
f 2068/2068 2067/2067 2051/2051
f 2079/2079 1974/1974 2080/2080
f 2069/2069 2052/2052 2053/2053
f 2069/2069 2068/2068 2052/2052
f 2078/2078 1974/1974 2079/2079
f 2078/2078 2057/2057 1974/1974
f 2070/2070 2069/2069 2053/2053
f 2077/2077 2057/2057 2078/2078
f 2071/2071 2053/2053 2054/2054
f 2071/2071 2070/2070 2053/2053
f 2076/2076 2056/2056 2057/2057
f 2076/2076 2057/2057 2077/2077
f 2072/2072 2054/2054 2055/2055
f 2072/2072 2071/2071 2054/2054
f 2075/2075 2056/2056 2076/2076
f 2073/2073 2072/2072 2055/2055
f 2074/2074 2055/2055 2056/2056
f 2074/2074 2056/2056 2075/2075
f 2074/2074 2073/2073 2055/2055
f 2104/2104 2101/2101 2102/2102
f 2104/2104 2102/2102 2103/2103
f 2105/2105 2100/2100 2101/2101
f 2105/2105 2101/2101 2104/2104
f 2106/2106 1800/1800 2100/2100
f 2106/2106 2100/2100 2105/2105
f 2107/2107 2104/2104 2103/2103
f 2108/2108 2103/2103 1799/1799
f 2108/2108 2104/2104 2107/2107
f 2108/2108 2107/2107 2103/2103
f 2108/2108 2105/2105 2104/2104
f 2109/2109 1799/1799 1800/1800
f 2109/2109 2108/2108 1799/1799
f 2109/2109 2106/2106 2105/2105
f 2109/2109 1800/1800 2106/2106
f 2109/2109 2105/2105 2108/2108
f 2111/2111 2110/2110 1670/1670
f 2112/2112 2110/2110 2111/2111
f 2113/2113 1772/1772 2110/2110
f 2113/2113 2110/2110 2112/2112
f 2114/2114 1670/1670 1671/1671
f 2114/2114 2111/2111 1670/1670
f 2115/2115 2111/2111 2114/2114
f 2115/2115 2114/2114 1671/1671
f 2115/2115 2112/2112 2111/2111
f 2116/2116 1673/1673 1772/1772
f 2116/2116 1671/1671 1672/1672
f 2116/2116 1672/1672 1673/1673
f 2116/2116 2115/2115 1671/1671
f 2116/2116 1772/1772 2113/2113
f 2116/2116 2113/2113 2112/2112
f 2116/2116 2112/2112 2115/2115
f 2129/2129 1664/1664 1665/1665
f 2129/2129 1665/1665 1666/1666
f 2129/2129 1666/1666 1667/1667
f 2129/2129 1667/1667 1668/1668
f 2129/2129 1668/1668 1669/1669
f 2129/2129 1669/1669 1670/1670
f 2130/2130 1670/1670 2110/2110
f 2130/2130 2110/2110 2117/2117
f 2130/2130 2117/2117 2118/2118
f 2130/2130 2118/2118 2119/2119
f 2130/2130 2119/2119 2120/2120
f 2130/2130 2129/2129 1670/1670
f 2131/2131 1659/1659 1660/1660
f 2131/2131 1660/1660 1661/1661
f 2131/2131 1661/1661 1662/1662
f 2131/2131 1662/1662 1663/1663
f 2131/2131 1663/1663 1664/1664
f 2131/2131 1664/1664 2129/2129
f 2132/2132 2120/2120 2121/2121
f 2132/2132 2121/2121 2122/2122
f 2132/2132 2122/2122 2123/2123
f 2132/2132 2123/2123 2124/2124
f 2132/2132 2129/2129 2130/2130
f 2132/2132 2130/2130 2120/2120
f 2132/2132 2131/2131 2129/2129
f 2133/2133 1517/1517 1657/1657
f 2133/2133 1657/1657 1658/1658
f 2133/2133 1658/1658 1659/1659
f 2133/2133 1659/1659 2131/2131
f 2134/2134 2124/2124 2125/2125
f 2134/2134 2125/2125 2126/2126
f 2134/2134 2126/2126 2127/2127
f 2134/2134 2127/2127 2128/2128
f 2134/2134 2128/2128 1517/1517
f 2134/2134 2131/2131 2132/2132
f 2134/2134 1517/1517 2133/2133
f 2134/2134 2133/2133 2131/2131
f 2134/2134 2132/2132 2124/2124
f 2147/2147 1527/1527 1528/1528
f 2147/2147 1528/1528 1529/1529
f 2147/2147 1529/1529 1530/1530
f 2147/2147 1530/1530 1517/1517
f 2147/2147 1517/1517 2128/2128
f 2148/2148 2128/2128 2136/2136
f 2148/2148 2136/2136 2137/2137
f 2148/2148 2137/2137 2138/2138
f 2148/2148 2138/2138 2139/2139
f 2148/2148 2139/2139 2140/2140
f 2148/2148 2147/2147 2128/2128
f 2149/2149 1523/1523 1524/1524
f 2149/2149 1524/1524 1525/1525
f 2149/2149 1525/1525 1526/1526
f 2149/2149 1526/1526 1527/1527
f 2149/2149 1527/1527 2147/2147
f 2150/2150 2135/2135 1523/1523
f 2150/2150 2140/2140 2141/2141
f 2150/2150 2141/2141 2142/2142
f 2150/2150 2142/2142 2143/2143
f 2150/2150 2143/2143 2144/2144
f 2150/2150 2144/2144 2145/2145
f 2150/2150 2145/2145 2146/2146
f 2150/2150 2146/2146 2135/2135
f 2150/2150 2148/2148 2140/2140
f 2150/2150 2149/2149 2147/2147
f 2150/2150 2147/2147 2148/2148
f 2150/2150 1523/1523 2149/2149
f 1538/1538 1531/1531 2151/2151
f 1538/1538 2151/2151 2152/2152
f 1538/1538 2152/2152 2153/2153
f 1537/1537 2153/2153 2154/2154
f 1537/1537 1538/1538 2153/2153
f 1536/1536 2154/2154 2155/2155
f 1536/1536 1537/1537 2154/2154
f 1535/1535 2155/2155 2156/2156
f 1535/1535 1536/1536 2155/2155
f 1534/1534 2156/2156 2157/2157
f 1534/1534 1535/1535 2156/2156
f 1533/1533 2157/2157 2158/2158
f 1533/1533 1534/1534 2157/2157
f 1532/1532 1533/1533 2158/2158
f 2175/2175 2158/2158 2159/2159
f 2175/2175 2159/2159 2160/2160
f 2175/2175 2160/2160 2161/2161
f 2175/2175 1532/1532 2158/2158
f 2175/2175 2172/2172 2173/2173
f 2175/2175 2173/2173 2174/2174
f 2175/2175 2174/2174 1532/1532
f 2176/2176 2161/2161 2162/2162
f 2176/2176 2162/2162 2163/2163
f 2176/2176 2170/2170 2171/2171
f 2176/2176 2171/2171 2172/2172
f 2176/2176 2175/2175 2161/2161
f 2176/2176 2172/2172 2175/2175
f 2177/2177 2163/2163 2164/2164
f 2177/2177 2164/2164 2165/2165
f 2177/2177 2165/2165 2166/2166
f 2177/2177 2167/2167 2168/2168
f 2177/2177 2168/2168 2169/2169
f 2177/2177 2169/2169 2170/2170
f 2177/2177 2166/2166 2167/2167
f 2177/2177 2176/2176 2163/2163
f 2177/2177 2170/2170 2176/2176
f 2179/2179 2167/2167 2166/2166
f 2179/2179 2166/2166 2178/2178
f 2180/2180 2181/2181 2182/2182
f 2201/2201 2182/2182 2183/2183
f 2201/2201 2180/2180 2182/2182
f 2200/2200 2183/2183 2184/2184
f 2200/2200 2201/2201 2183/2183
f 2199/2199 2184/2184 2185/2185
f 2199/2199 2200/2200 2184/2184
f 2198/2198 2185/2185 2186/2186
f 2198/2198 2199/2199 2185/2185
f 2197/2197 2186/2186 2187/2187
f 2197/2197 2198/2198 2186/2186
f 2196/2196 2197/2197 2187/2187
f 2195/2195 2187/2187 2188/2188
f 2195/2195 2196/2196 2187/2187
f 2194/2194 2188/2188 2189/2189
f 2194/2194 2189/2189 2190/2190
f 2194/2194 2195/2195 2188/2188
f 2193/2193 2194/2194 2190/2190
f 2192/2192 2190/2190 2191/2191
f 2192/2192 2193/2193 2190/2190
f 2178/2178 2191/2191 2179/2179
f 2178/2178 2192/2192 2191/2191
f 2203/2203 2181/2181 2180/2180
f 2203/2203 2180/2180 2202/2202
f 2225/2225 2204/2204 2205/2205
f 2225/2225 2205/2205 2206/2206
f 2224/2224 2206/2206 2207/2207
f 2224/2224 2225/2225 2206/2206
f 2223/2223 2207/2207 2208/2208
f 2223/2223 2224/2224 2207/2207
f 2222/2222 2208/2208 2209/2209
f 2222/2222 2223/2223 2208/2208
f 2221/2221 2209/2209 2210/2210
f 2221/2221 2222/2222 2209/2209
f 2220/2220 2210/2210 2211/2211
f 2220/2220 2211/2211 2212/2212
f 2220/2220 2221/2221 2210/2210
f 2219/2219 2220/2220 2212/2212
f 2218/2218 2212/2212 2213/2213
f 2218/2218 2213/2213 2214/2214
f 2218/2218 2219/2219 2212/2212
f 2217/2217 2218/2218 2214/2214
f 2216/2216 2214/2214 2215/2215
f 2216/2216 2215/2215 2203/2203
f 2216/2216 2217/2217 2214/2214
f 2202/2202 2216/2216 2203/2203
f 2227/2227 2205/2205 2204/2204
f 2227/2227 2204/2204 2226/2226
f 2243/2243 2226/2226 2228/2228
f 2243/2243 2228/2228 2229/2229
f 2243/2243 2229/2229 2230/2230
f 2243/2243 2227/2227 2226/2226
f 2243/2243 2240/2240 2241/2241
f 2243/2243 2241/2241 2242/2242
f 2243/2243 2242/2242 2227/2227
f 2244/2244 2230/2230 2231/2231
f 2244/2244 2231/2231 2232/2232
f 2244/2244 2238/2238 2239/2239
f 2244/2244 2239/2239 2240/2240
f 2244/2244 2243/2243 2230/2230
f 2244/2244 2240/2240 2243/2243
f 2245/2245 2232/2232 2233/2233
f 2245/2245 2233/2233 2234/2234
f 2245/2245 2234/2234 2235/2235
f 2245/2245 1553/1553 2236/2236
f 2245/2245 2236/2236 2237/2237
f 2245/2245 2237/2237 2238/2238
f 2245/2245 2235/2235 1553/1553
f 2245/2245 2244/2244 2232/2232
f 2245/2245 2238/2238 2244/2244
f 1589/1589 1553/1553 2235/2235
f 1589/1589 2235/2235 2247/2247
f 1588/1588 2247/2247 2248/2248
f 1588/1588 1589/1589 2247/2247
f 1587/1587 2248/2248 2249/2249
f 1587/1587 1588/1588 2248/2248
f 1586/1586 2249/2249 2250/2250
f 1586/1586 1587/1587 2249/2249
f 1585/1585 2250/2250 2251/2251
f 1585/1585 1586/1586 2250/2250
f 1584/1584 1585/1585 2251/2251
f 1584/1584 2251/2251 2252/2252
f 1583/1583 1584/1584 2252/2252
f 1583/1583 2252/2252 2253/2253
f 1582/1582 1583/1583 2253/2253
f 1582/1582 2253/2253 2254/2254
f 1581/1581 1582/1582 2254/2254
f 1581/1581 2254/2254 2255/2255
f 1580/1580 1581/1581 2255/2255
f 1580/1580 2255/2255 2256/2256
f 1579/1579 1580/1580 2256/2256
f 1579/1579 2256/2256 2257/2257
f 1578/1578 1579/1579 2257/2257
f 1578/1578 2257/2257 2258/2258
f 1577/1577 1578/1578 2258/2258
f 1577/1577 2258/2258 2259/2259
f 1576/1576 1577/1577 2259/2259
f 1576/1576 2259/2259 2260/2260
f 1575/1575 1576/1576 2260/2260
f 1575/1575 2260/2260 2261/2261
f 1574/1574 1575/1575 2261/2261
f 1574/1574 2261/2261 2262/2262
f 1573/1573 1574/1574 2262/2262
f 1573/1573 2262/2262 2263/2263
f 1572/1572 1573/1573 2263/2263
f 1572/1572 2263/2263 2264/2264
f 1571/1571 1572/1572 2264/2264
f 1571/1571 2264/2264 2265/2265
f 1570/1570 2265/2265 2266/2266
f 1570/1570 1571/1571 2265/2265
f 1569/1569 2266/2266 2267/2267
f 1569/1569 1570/1570 2266/2266
f 1568/1568 2267/2267 2268/2268
f 1568/1568 1569/1569 2267/2267
f 1567/1567 2268/2268 2269/2269
f 1567/1567 1568/1568 2268/2268
f 1566/1566 2269/2269 2270/2270
f 1566/1566 1567/1567 2269/2269
f 1565/1565 2270/2270 2271/2271
f 1565/1565 1566/1566 2270/2270
f 1564/1564 2271/2271 2272/2272
f 1564/1564 1565/1565 2271/2271
f 1563/1563 2272/2272 2273/2273
f 1563/1563 1564/1564 2272/2272
f 1562/1562 2273/2273 2274/2274
f 1562/1562 1563/1563 2273/2273
f 1561/1561 2274/2274 2275/2275
f 1561/1561 1562/1562 2274/2274
f 1560/1560 2275/2275 2276/2276
f 1560/1560 1561/1561 2275/2275
f 1559/1559 2276/2276 2277/2277
f 1559/1559 1560/1560 2276/2276
f 1558/1558 1559/1559 2277/2277
f 1558/1558 2277/2277 2278/2278
f 1557/1557 1558/1558 2278/2278
f 1557/1557 2278/2278 2279/2279
f 1556/1556 1557/1557 2279/2279
f 1556/1556 2279/2279 2280/2280
f 1555/1555 1556/1556 2280/2280
f 1555/1555 2280/2280 2281/2281
f 1554/1554 1555/1555 2281/2281
f 1554/1554 2281/2281 2246/2246
f 2298/2298 2246/2246 2282/2282
f 2298/2298 2282/2282 2283/2283
f 2298/2298 2283/2283 2284/2284
f 2298/2298 1554/1554 2246/2246
f 2298/2298 2295/2295 2296/2296
f 2298/2298 2296/2296 2297/2297
f 2298/2298 2297/2297 1554/1554
f 2299/2299 2284/2284 2285/2285
f 2299/2299 2285/2285 2286/2286
f 2299/2299 2293/2293 2294/2294
f 2299/2299 2294/2294 2295/2295
f 2299/2299 2298/2298 2284/2284
f 2299/2299 2295/2295 2298/2298
f 2300/2300 2286/2286 2287/2287
f 2300/2300 2287/2287 2288/2288
f 2300/2300 2288/2288 2289/2289
f 2300/2300 2290/2290 2291/2291
f 2300/2300 2291/2291 2292/2292
f 2300/2300 2292/2292 2293/2293
f 2300/2300 2289/2289 2290/2290
f 2300/2300 2299/2299 2286/2286
f 2300/2300 2293/2293 2299/2299
f 2289/2289 2301/2301 2302/2302
f 2289/2289 2302/2302 2290/2290
f 2303/2303 2304/2304 2305/2305
f 2324/2324 2305/2305 2306/2306
f 2324/2324 2303/2303 2305/2305
f 2323/2323 2306/2306 2307/2307
f 2323/2323 2324/2324 2306/2306
f 2322/2322 2307/2307 2308/2308
f 2322/2322 2323/2323 2307/2307
f 2321/2321 2308/2308 2309/2309
f 2321/2321 2322/2322 2308/2308
f 2320/2320 2309/2309 2310/2310
f 2320/2320 2321/2321 2309/2309
f 2319/2319 2320/2320 2310/2310
f 2318/2318 2310/2310 2311/2311
f 2318/2318 2311/2311 2312/2312
f 2318/2318 2319/2319 2310/2310
f 2317/2317 2312/2312 2313/2313
f 2317/2317 2318/2318 2312/2312
f 2316/2316 2317/2317 2313/2313
f 2315/2315 2313/2313 2314/2314
f 2315/2315 2314/2314 2302/2302
f 2315/2315 2316/2316 2313/2313
f 2301/2301 2315/2315 2302/2302
f 2303/2303 2325/2325 2326/2326
f 2303/2303 2326/2326 2304/2304
f 2348/2348 2327/2327 2328/2328
f 2348/2348 2328/2328 2329/2329
f 2347/2347 2329/2329 2330/2330
f 2347/2347 2348/2348 2329/2329
f 2346/2346 2330/2330 2331/2331
f 2346/2346 2347/2347 2330/2330
f 2345/2345 2331/2331 2332/2332
f 2345/2345 2346/2346 2331/2331
f 2344/2344 2332/2332 2333/2333
f 2344/2344 2333/2333 2334/2334
f 2344/2344 2345/2345 2332/2332
f 2343/2343 2334/2334 2335/2335
f 2343/2343 2344/2344 2334/2334
f 2342/2342 2343/2343 2335/2335
f 2341/2341 2335/2335 2336/2336
f 2341/2341 2336/2336 2337/2337
f 2341/2341 2342/2342 2335/2335
f 2340/2340 2341/2341 2337/2337
f 2339/2339 2337/2337 2338/2338
f 2339/2339 2338/2338 2326/2326
f 2339/2339 2340/2340 2337/2337
f 2325/2325 2339/2339 2326/2326
f 2327/2327 2349/2349 2350/2350
f 2327/2327 2350/2350 2328/2328
f 2366/2366 2349/2349 2351/2351
f 2366/2366 2351/2351 2352/2352
f 2366/2366 2352/2352 2353/2353
f 2366/2366 2350/2350 2349/2349
f 2366/2366 2363/2363 2364/2364
f 2366/2366 2364/2364 2365/2365
f 2366/2366 2365/2365 2350/2350
f 2367/2367 2353/2353 2354/2354
f 2367/2367 2354/2354 2355/2355
f 2367/2367 2361/2361 2362/2362
f 2367/2367 2362/2362 2363/2363
f 2367/2367 2366/2366 2353/2353
f 2367/2367 2363/2363 2366/2366
f 2368/2368 2355/2355 2356/2356
f 2368/2368 2356/2356 2357/2357
f 2368/2368 2357/2357 2358/2358
f 2368/2368 1632/1632 2359/2359
f 2368/2368 2359/2359 2360/2360
f 2368/2368 2360/2360 2361/2361
f 2368/2368 2358/2358 1632/1632
f 2368/2368 2367/2367 2355/2355
f 2368/2368 2361/2361 2367/2367
f 1632/1632 2358/2358 2370/2370
f 1639/1639 2370/2370 2371/2371
f 1639/1639 1632/1632 2370/2370
f 1638/1638 2371/2371 2372/2372
f 1638/1638 1639/1639 2371/2371
f 1637/1637 2372/2372 2373/2373
f 1637/1637 1638/1638 2372/2372
f 1636/1636 2373/2373 2374/2374
f 1636/1636 1637/1637 2373/2373
f 1635/1635 2374/2374 2375/2375
f 1635/1635 1636/1636 2374/2374
f 1634/1634 2375/2375 2369/2369
f 1634/1634 1635/1635 2375/2375
f 1633/1633 1634/1634 2369/2369
f 2376/2376 1531/1531 1523/1523
f 2376/2376 1523/1523 2377/2377
f 2378/2378 1523/1523 2135/2135
f 2378/2378 2377/2377 1523/1523
f 2379/2379 2151/2151 1531/1531
f 2379/2379 2135/2135 2151/2151
f 2379/2379 2377/2377 2378/2378
f 2379/2379 1531/1531 2376/2376
f 2379/2379 2378/2378 2135/2135
f 2379/2379 2376/2376 2377/2377
f 2381/2381 1640/1640 1633/1633
f 2381/2381 1633/1633 2382/2382
f 2383/2383 1633/1633 2369/2369
f 2383/2383 2369/2369 2380/2380
f 2383/2383 2382/2382 1633/1633
f 2384/2384 2380/2380 1640/1640
f 2384/2384 2382/2382 2383/2383
f 2384/2384 2383/2383 2380/2380
f 2384/2384 1640/1640 2381/2381
f 2384/2384 2381/2381 2382/2382
f 2102/2102 2409/2409 2103/2103
f 2410/2410 2403/2403 2404/2404
f 2410/2410 2404/2404 2405/2405
f 2410/2410 2405/2405 2406/2406
f 2410/2410 2406/2406 2407/2407
f 2410/2410 2407/2407 2408/2408
f 2410/2410 2408/2408 2409/2409
f 2411/2411 2102/2102 2385/2385
f 2411/2411 2385/2385 2386/2386
f 2411/2411 2386/2386 2387/2387
f 2411/2411 2387/2387 2388/2388
f 2411/2411 2388/2388 2389/2389
f 2411/2411 2409/2409 2102/2102
f 2411/2411 2410/2410 2409/2409
f 2412/2412 2396/2396 2397/2397
f 2412/2412 2397/2397 2398/2398
f 2412/2412 2398/2398 2399/2399
f 2412/2412 2399/2399 2400/2400
f 2412/2412 2400/2400 2401/2401
f 2412/2412 2401/2401 2402/2402
f 2412/2412 2402/2402 2403/2403
f 2412/2412 2403/2403 2410/2410
f 2413/2413 2389/2389 2390/2390
f 2413/2413 2390/2390 2391/2391
f 2413/2413 2411/2411 2389/2389
f 2414/2414 2410/2410 2411/2411
f 2414/2414 2413/2413 2412/2412
f 2414/2414 2412/2412 2410/2410
f 2414/2414 2411/2411 2413/2413
f 2415/2415 2391/2391 2392/2392
f 2415/2415 2392/2392 2393/2393
f 2415/2415 2393/2393 2394/2394
f 2415/2415 2394/2394 2395/2395
f 2415/2415 2395/2395 1641/1641
f 2415/2415 1641/1641 2396/2396
f 2415/2415 2412/2412 2413/2413
f 2415/2415 2413/2413 2391/2391
f 2415/2415 2396/2396 2412/2412
f 2424/2424 1646/1646 1647/1647
f 2424/2424 1647/1647 1648/1648
f 2424/2424 1648/1648 1649/1649
f 2424/2424 1649/1649 1650/1650
f 2424/2424 1650/1650 1651/1651
f 2424/2424 1651/1651 1640/1640
f 2425/2425 1640/1640 2380/2380
f 2425/2425 2380/2380 2416/2416
f 2425/2425 2416/2416 2417/2417
f 2425/2425 2417/2417 2418/2418
f 2425/2425 2424/2424 1640/1640
f 2426/2426 1641/1641 1642/1642
f 2426/2426 1642/1642 1643/1643
f 2426/2426 1643/1643 1644/1644
f 2426/2426 1644/1644 1645/1645
f 2426/2426 1645/1645 1646/1646
f 2426/2426 1646/1646 2424/2424
f 2427/2427 2396/2396 1641/1641
f 2427/2427 2418/2418 2419/2419
f 2427/2427 2419/2419 2420/2420
f 2427/2427 2420/2420 2421/2421
f 2427/2427 2421/2421 2422/2422
f 2427/2427 2422/2422 2423/2423
f 2427/2427 2423/2423 2396/2396
f 2427/2427 2424/2424 2425/2425
f 2427/2427 1641/1641 2426/2426
f 2427/2427 2426/2426 2424/2424
f 2427/2427 2425/2425 2418/2418
f 2440/2440 2380/2380 2369/2369
f 2441/2441 2416/2416 2380/2380
f 2441/2441 2380/2380 2440/2440
f 2442/2442 2417/2417 2416/2416
f 2442/2442 2416/2416 2441/2441
f 2443/2443 2417/2417 2442/2442
f 2444/2444 2418/2418 2417/2417
f 2444/2444 2417/2417 2443/2443
f 2445/2445 2419/2419 2418/2418
f 2445/2445 2418/2418 2444/2444
f 2446/2446 2420/2420 2419/2419
f 2446/2446 2419/2419 2445/2445
f 2447/2447 2421/2421 2420/2420
f 2447/2447 2420/2420 2446/2446
f 2448/2448 2422/2422 2421/2421
f 2448/2448 2421/2421 2447/2447
f 2449/2449 2423/2423 2422/2422
f 2449/2449 2396/2396 2423/2423
f 2449/2449 2422/2422 2448/2448
f 2450/2450 2397/2397 2396/2396
f 2450/2450 2396/2396 2449/2449
f 2451/2451 2398/2398 2397/2397
f 2451/2451 2397/2397 2450/2450
f 2452/2452 2398/2398 2451/2451
f 2439/2439 2398/2398 2452/2452
f 2439/2439 2399/2399 2398/2398
f 2438/2438 2399/2399 2439/2439
f 2437/2437 2399/2399 2438/2438
f 2437/2437 2400/2400 2399/2399
f 2436/2436 2400/2400 2437/2437
f 2435/2435 2400/2400 2436/2436
f 2435/2435 2401/2401 2400/2400
f 2434/2434 2401/2401 2435/2435
f 2434/2434 2402/2402 2401/2401
f 2433/2433 2402/2402 2434/2434
f 2433/2433 2403/2403 2402/2402
f 2432/2432 2403/2403 2433/2433
f 2432/2432 2404/2404 2403/2403
f 2431/2431 2404/2404 2432/2432
f 2431/2431 2405/2405 2404/2404
f 2430/2430 2405/2405 2431/2431
f 2430/2430 2406/2406 2405/2405
f 2430/2430 2407/2407 2406/2406
f 2429/2429 2407/2407 2430/2430
f 2429/2429 2408/2408 2407/2407
f 2428/2428 2408/2408 2429/2429
f 2428/2428 2409/2409 2408/2408
f 2428/2428 2103/2103 2409/2409
f 1798/1798 2103/2103 2428/2428
f 1798/1798 1799/1799 2103/2103
f 2453/2453 2349/2349 2327/2327
f 2453/2453 2351/2351 2349/2349
f 2453/2453 2352/2352 2351/2351
f 2457/2457 2372/2372 2371/2371
f 2458/2458 2371/2371 2370/2370
f 2458/2458 2457/2457 2371/2371
f 2456/2456 2373/2373 2372/2372
f 2456/2456 2372/2372 2457/2457
f 2459/2459 2370/2370 2358/2358
f 2459/2459 2458/2458 2370/2370
f 2455/2455 2374/2374 2373/2373
f 2455/2455 2373/2373 2456/2456
f 2460/2460 2357/2357 2356/2356
f 2460/2460 2358/2358 2357/2357
f 2460/2460 2459/2459 2358/2358
f 2454/2454 2375/2375 2374/2374
f 2454/2454 2374/2374 2455/2455
f 2461/2461 2356/2356 2355/2355
f 2461/2461 2460/2460 2356/2356
f 2440/2440 2369/2369 2375/2375
f 2440/2440 2375/2375 2454/2454
f 2462/2462 2353/2353 2352/2352
f 2462/2462 2354/2354 2353/2353
f 2462/2462 2355/2355 2354/2354
f 2462/2462 2352/2352 2453/2453
f 2462/2462 2461/2461 2355/2355
f 2473/2473 2327/2327 2348/2348
f 2473/2473 2453/2453 2327/2327
f 2472/2472 2348/2348 2347/2347
f 2472/2472 2473/2473 2348/2348
f 2471/2471 2347/2347 2346/2346
f 2471/2471 2472/2472 2347/2347
f 2470/2470 2346/2346 2345/2345
f 2470/2470 2471/2471 2346/2346
f 2469/2469 2345/2345 2344/2344
f 2469/2469 2470/2470 2345/2345
f 2468/2468 2344/2344 2343/2343
f 2468/2468 2469/2469 2344/2344
f 2467/2467 2343/2343 2342/2342
f 2467/2467 2468/2468 2343/2343
f 2466/2466 2342/2342 2341/2341
f 2466/2466 2467/2467 2342/2342
f 2465/2465 2341/2341 2340/2340
f 2465/2465 2466/2466 2341/2341
f 2464/2464 2340/2340 2339/2339
f 2464/2464 2465/2465 2340/2340
f 2463/2463 2339/2339 2325/2325
f 2463/2463 2464/2464 2339/2339
f 2474/2474 2325/2325 2303/2303
f 2474/2474 2463/2463 2325/2325
f 2485/2485 2303/2303 2324/2324
f 2485/2485 2474/2474 2303/2303
f 2484/2484 2324/2324 2323/2323
f 2484/2484 2485/2485 2324/2324
f 2483/2483 2323/2323 2322/2322
f 2483/2483 2484/2484 2323/2323
f 2482/2482 2322/2322 2321/2321
f 2482/2482 2483/2483 2322/2322
f 2481/2481 2321/2321 2320/2320
f 2481/2481 2482/2482 2321/2321
f 2480/2480 2320/2320 2319/2319
f 2480/2480 2481/2481 2320/2320
f 2479/2479 2319/2319 2318/2318
f 2479/2479 2480/2480 2319/2319
f 2478/2478 2318/2318 2317/2317
f 2478/2478 2479/2479 2318/2318
f 2477/2477 2317/2317 2316/2316
f 2477/2477 2478/2478 2317/2317
f 2476/2476 2316/2316 2315/2315
f 2476/2476 2477/2477 2316/2316
f 2475/2475 2315/2315 2301/2301
f 2475/2475 2476/2476 2315/2315
f 2475/2475 2301/2301 2289/2289
f 2475/2475 2288/2288 2287/2287
f 2475/2475 2289/2289 2288/2288
f 2226/2226 2204/2204 2487/2487
f 2228/2228 2226/2226 2487/2487
f 2229/2229 2228/2228 2487/2487
f 2493/2493 2280/2280 2279/2279
f 2492/2492 2281/2281 2280/2280
f 2492/2492 2280/2280 2493/2493
f 2494/2494 2279/2279 2278/2278
f 2494/2494 2493/2493 2279/2279
f 2491/2491 2246/2246 2281/2281
f 2491/2491 2281/2281 2492/2492
f 2495/2495 2494/2494 2278/2278
f 2495/2495 2278/2278 2277/2277
f 2490/2490 2282/2282 2246/2246
f 2490/2490 2283/2283 2282/2282
f 2490/2490 2246/2246 2491/2491
f 2496/2496 2495/2495 2277/2277
f 2496/2496 2277/2277 2276/2276
f 2489/2489 2284/2284 2283/2283
f 2489/2489 2283/2283 2490/2490
f 2497/2497 2276/2276 2275/2275
f 2497/2497 2496/2496 2276/2276
f 2486/2486 2285/2285 2284/2284
f 2486/2486 2286/2286 2285/2285
f 2486/2486 2284/2284 2489/2489
f 2498/2498 2275/2275 2274/2274
f 2498/2498 2497/2497 2275/2275
f 2488/2488 2231/2231 2230/2230
f 2488/2488 2232/2232 2231/2231
f 2499/2499 2274/2274 2273/2273
f 2499/2499 2498/2498 2274/2274
f 2528/2528 2232/2232 2488/2488
f 2528/2528 2233/2233 2232/2232
f 2500/2500 2273/2273 2272/2272
f 2500/2500 2499/2499 2273/2273
f 2527/2527 2234/2234 2233/2233
f 2527/2527 2235/2235 2234/2234
f 2527/2527 2233/2233 2528/2528
f 2501/2501 2272/2272 2271/2271
f 2501/2501 2500/2500 2272/2272
f 2526/2526 2247/2247 2235/2235
f 2526/2526 2235/2235 2527/2527
f 2502/2502 2501/2501 2271/2271
f 2502/2502 2271/2271 2270/2270
f 2525/2525 2247/2247 2526/2526
f 2503/2503 2502/2502 2270/2270
f 2248/2248 2247/2247 2525/2525
f 2524/2524 2248/2248 2525/2525
f 2269/2269 2503/2503 2270/2270
f 2504/2504 2503/2503 2269/2269
f 2249/2249 2248/2248 2524/2524
f 2249/2249 2524/2524 2523/2523
f 2268/2268 2504/2504 2269/2269
f 2268/2268 2505/2505 2504/2504
f 2250/2250 2249/2249 2523/2523
f 2250/2250 2523/2523 2522/2522
f 2267/2267 2505/2505 2268/2268
f 2267/2267 2506/2506 2505/2505
f 2251/2251 2250/2250 2522/2522
f 2251/2251 2522/2522 2521/2521
f 2266/2266 2506/2506 2267/2267
f 2266/2266 2507/2507 2506/2506
f 2252/2252 2251/2251 2521/2521
f 2252/2252 2521/2521 2520/2520
f 2265/2265 2507/2507 2266/2266
f 2265/2265 2508/2508 2507/2507
f 2253/2253 2252/2252 2520/2520
f 2253/2253 2520/2520 2519/2519
f 2264/2264 2508/2508 2265/2265
f 2264/2264 2509/2509 2508/2508
f 2254/2254 2253/2253 2519/2519
f 2254/2254 2519/2519 2518/2518
f 2263/2263 2509/2509 2264/2264
f 2263/2263 2510/2510 2509/2509
f 2255/2255 2254/2254 2518/2518
f 2255/2255 2518/2518 2517/2517
f 2262/2262 2510/2510 2263/2263
f 2262/2262 2511/2511 2510/2510
f 2256/2256 2517/2517 2516/2516
f 2256/2256 2255/2255 2517/2517
f 2261/2261 2511/2511 2262/2262
f 2261/2261 2512/2512 2511/2511
f 2257/2257 2516/2516 2515/2515
f 2257/2257 2256/2256 2516/2516
f 2260/2260 2513/2513 2512/2512
f 2260/2260 2512/2512 2261/2261
f 2258/2258 2515/2515 2514/2514
f 2258/2258 2257/2257 2515/2515
f 2259/2259 2258/2258 2514/2514
f 2259/2259 2514/2514 2513/2513
f 2259/2259 2513/2513 2260/2260
f 2486/2486 2475/2475 2287/2287
f 2486/2486 2287/2287 2286/2286
f 2230/2230 2229/2229 2487/2487
f 2230/2230 2487/2487 2488/2488
f 2529/2529 1805/1805 655/655
f 2529/2529 655/655 681/681
f 2530/2530 2529/2529 681/681
f 2530/2530 681/681 680/680
f 2531/2531 680/680 679/679
f 2531/2531 2530/2530 680/680
f 2532/2532 679/679 678/678
f 2532/2532 2531/2531 679/679
f 2533/2533 678/678 677/677
f 2533/2533 2532/2532 678/678
f 2534/2534 677/677 676/676
f 2534/2534 2533/2533 677/677
f 2535/2535 1804/1804 1805/1805
f 2535/2535 1805/1805 2529/2529
f 2536/2536 2534/2534 676/676
f 2536/2536 676/676 675/675
f 2537/2537 2529/2529 2530/2530
f 2537/2537 1804/1804 2535/2535
f 2537/2537 2535/2535 2529/2529
f 2538/2538 2536/2536 675/675
f 2539/2539 2537/2537 2530/2530
f 2539/2539 2530/2530 2531/2531
f 2540/2540 2538/2538 675/675
f 2540/2540 675/675 674/674
f 2541/2541 2531/2531 2532/2532
f 2541/2541 2539/2539 2531/2531
f 2542/2542 674/674 673/673
f 2542/2542 2540/2540 674/674
f 2543/2543 2532/2532 2533/2533
f 2543/2543 2541/2541 2532/2532
f 2544/2544 671/671 1652/1652
f 2544/2544 1652/1652 1653/1653
f 2544/2544 672/672 671/671
f 2544/2544 673/673 672/672
f 2544/2544 2542/2542 673/673
f 2545/2545 2543/2543 2533/2533
f 2545/2545 2533/2533 2534/2534
f 2546/2546 1803/1803 1804/1804
f 2547/2547 2545/2545 2534/2534
f 2547/2547 2534/2534 2536/2536
f 2548/2548 1804/1804 2537/2537
f 2548/2548 2546/2546 1804/1804
f 2548/2548 1803/1803 2546/2546
f 2549/2549 2547/2547 2536/2536
f 2549/2549 2536/2536 2538/2538
f 2550/2550 2548/2548 2537/2537
f 2550/2550 2537/2537 2539/2539
f 2551/2551 2549/2549 2538/2538
f 2551/2551 2538/2538 2540/2540
f 2552/2552 2550/2550 2539/2539
f 2552/2552 2539/2539 2541/2541
f 2553/2553 2551/2551 2540/2540
f 2553/2553 2542/2542 2544/2544
f 2553/2553 2540/2540 2542/2542
f 2554/2554 2552/2552 2541/2541
f 2554/2554 2541/2541 2543/2543
f 2555/2555 2553/2553 2544/2544
f 2555/2555 2544/2544 1653/1653
f 2556/2556 2543/2543 2545/2545
f 2556/2556 2554/2554 2543/2543
f 2557/2557 1802/1802 1803/1803
f 2558/2558 2545/2545 2547/2547
f 2558/2558 2556/2556 2545/2545
f 2559/2559 1802/1802 2557/2557
f 2559/2559 2557/2557 1803/1803
f 2559/2559 1803/1803 2548/2548
f 2560/2560 2547/2547 2549/2549
f 2560/2560 2549/2549 2551/2551
f 2560/2560 2558/2558 2547/2547
f 2561/2561 2548/2548 2550/2550
f 2561/2561 2559/2559 2548/2548
f 2562/2562 2560/2560 2551/2551
f 2563/2563 2561/2561 2550/2550
f 2563/2563 2552/2552 2554/2554
f 2563/2563 2550/2550 2552/2552
f 2564/2564 2551/2551 2553/2553
f 2564/2564 2562/2562 2551/2551
f 2565/2565 2563/2563 2554/2554
f 2566/2566 1653/1653 1654/1654
f 2566/2566 2555/2555 1653/1653
f 2566/2566 2553/2553 2555/2555
f 2566/2566 2564/2564 2553/2553
f 2567/2567 2554/2554 2556/2556
f 2567/2567 2565/2565 2554/2554
f 2568/2568 1801/1801 1802/1802
f 2569/2569 2567/2567 2556/2556
f 2569/2569 2556/2556 2558/2558
f 2570/2570 1802/1802 2559/2559
f 2570/2570 1801/1801 2568/2568
f 2570/2570 2568/2568 1802/1802
f 2571/2571 2558/2558 2560/2560
f 2571/2571 2569/2569 2558/2558
f 2572/2572 2561/2561 2563/2563
f 2572/2572 2559/2559 2561/2561
f 2572/2572 2570/2570 2559/2559
f 2573/2573 2560/2560 2562/2562
f 2573/2573 2571/2571 2560/2560
f 2574/2574 2572/2572 2563/2563
f 2575/2575 2573/2573 2562/2562
f 2575/2575 2562/2562 2564/2564
f 2576/2576 2574/2574 2563/2563
f 2576/2576 2563/2563 2565/2565
f 2577/2577 1800/1800 1801/1801
f 2577/2577 2100/2100 1800/1800
f 2577/2577 2101/2101 2100/2100
f 2578/2578 2575/2575 2564/2564
f 2578/2578 1654/1654 1655/1655
f 2578/2578 2566/2566 1654/1654
f 2578/2578 2564/2564 2566/2566
f 2579/2579 2576/2576 2565/2565
f 2579/2579 2565/2565 2567/2567
f 2580/2580 2570/2570 2572/2572
f 2580/2580 2102/2102 2101/2101
f 2580/2580 2101/2101 2577/2577
f 2580/2580 2577/2577 1801/1801
f 2580/2580 1801/1801 2570/2570
f 2581/2581 2579/2579 2567/2567
f 2581/2581 2567/2567 2569/2569
f 2581/2581 2569/2569 2571/2571
f 2582/2582 2385/2385 2102/2102
f 2582/2582 2580/2580 2572/2572
f 2582/2582 2102/2102 2580/2580
f 2583/2583 2581/2581 2571/2571
f 2583/2583 2390/2390 2389/2389
f 2584/2584 2582/2582 2572/2572
f 2584/2584 2572/2572 2574/2574
f 2584/2584 2386/2386 2385/2385
f 2584/2584 2385/2385 2582/2582
f 2585/2585 2571/2571 2573/2573
f 2585/2585 2391/2391 2390/2390
f 2585/2585 2390/2390 2583/2583
f 2585/2585 2583/2583 2571/2571
f 2586/2586 2574/2574 2576/2576
f 2586/2586 2387/2387 2386/2386
f 2586/2586 2386/2386 2584/2584
f 2586/2586 2584/2584 2574/2574
f 2587/2587 2573/2573 2575/2575
f 2587/2587 2585/2585 2573/2573
f 2587/2587 2391/2391 2585/2585
f 2588/2588 2388/2388 2387/2387
f 2588/2588 2576/2576 2579/2579
f 2588/2588 2586/2586 2576/2576
f 2588/2588 2387/2387 2586/2586
f 2589/2589 2575/2575 2578/2578
f 2589/2589 1655/1655 1656/1656
f 2589/2589 2578/2578 1655/1655
f 2589/2589 2587/2587 2575/2575
f 2590/2590 2389/2389 2388/2388
f 2590/2590 2581/2581 2583/2583
f 2590/2590 2579/2579 2581/2581
f 2590/2590 2388/2388 2588/2588
f 2590/2590 2588/2588 2579/2579
f 2590/2590 2583/2583 2389/2389
f 2591/2591 2392/2392 2391/2391
f 2591/2591 2393/2393 2392/2392
f 2591/2591 2391/2391 2587/2587
f 2591/2591 2587/2587 2589/2589
f 2592/2592 2394/2394 2393/2393
f 2592/2592 2395/2395 2394/2394
f 2592/2592 1641/1641 2395/2395
f 2592/2592 1656/1656 1641/1641
f 2592/2592 2589/2589 1656/1656
f 2592/2592 2393/2393 2591/2591
f 2592/2592 2591/2591 2589/2589
f 2216/2216 2202/2202 2593/2593
f 2216/2216 2593/2593 2594/2594
f 2217/2217 2594/2594 2595/2595
f 2217/2217 2216/2216 2594/2594
f 2218/2218 2595/2595 2596/2596
f 2218/2218 2217/2217 2595/2595
f 2219/2219 2596/2596 2597/2597
f 2219/2219 2218/2218 2596/2596
f 2220/2220 2597/2597 2598/2598
f 2220/2220 2219/2219 2597/2597
f 2221/2221 2598/2598 2599/2599
f 2221/2221 2220/2220 2598/2598
f 2222/2222 2599/2599 2600/2600
f 2222/2222 2221/2221 2599/2599
f 2223/2223 2600/2600 2601/2601
f 2223/2223 2222/2222 2600/2600
f 2224/2224 2601/2601 2602/2602
f 2224/2224 2602/2602 2603/2603
f 2224/2224 2223/2223 2601/2601
f 2225/2225 2224/2224 2603/2603
f 2204/2204 2603/2603 2487/2487
f 2204/2204 2225/2225 2603/2603
f 2593/2593 2180/2180 2604/2604
f 2202/2202 2180/2180 2593/2593
f 2192/2192 2178/2178 2605/2605
f 2192/2192 2605/2605 2606/2606
f 2193/2193 2606/2606 2607/2607
f 2193/2193 2192/2192 2606/2606
f 2194/2194 2607/2607 2608/2608
f 2194/2194 2193/2193 2607/2607
f 2195/2195 2608/2608 2609/2609
f 2195/2195 2194/2194 2608/2608
f 2196/2196 2609/2609 2610/2610
f 2196/2196 2195/2195 2609/2609
f 2197/2197 2610/2610 2611/2611
f 2197/2197 2196/2196 2610/2610
f 2198/2198 2611/2611 2612/2612
f 2198/2198 2197/2197 2611/2611
f 2199/2199 2612/2612 2613/2613
f 2199/2199 2613/2613 2614/2614
f 2199/2199 2198/2198 2612/2612
f 2200/2200 2199/2199 2614/2614
f 2201/2201 2614/2614 2615/2615
f 2201/2201 2200/2200 2614/2614
f 2180/2180 2615/2615 2604/2604
f 2180/2180 2201/2201 2615/2615
f 2166/2166 2605/2605 2178/2178
f 2165/2165 2605/2605 2166/2166
f 2164/2164 2605/2605 2165/2165
f 2616/2616 2162/2162 2161/2161
f 2616/2616 2163/2163 2162/2162
f 2616/2616 2164/2164 2163/2163
f 2616/2616 2605/2605 2164/2164
f 2617/2617 2161/2161 2160/2160
f 2617/2617 2616/2616 2161/2161
f 2618/2618 2159/2159 2158/2158
f 2618/2618 2160/2160 2159/2159
f 2618/2618 2617/2617 2160/2160
f 2619/2619 2158/2158 2157/2157
f 2619/2619 2618/2618 2158/2158
f 2620/2620 2619/2619 2157/2157
f 2156/2156 2620/2620 2157/2157
f 2621/2621 2620/2620 2156/2156
f 2155/2155 2622/2622 2621/2621
f 2155/2155 2621/2621 2156/2156
f 2154/2154 2623/2623 2622/2622
f 2154/2154 2622/2622 2155/2155
f 2153/2153 2624/2624 2623/2623
f 2153/2153 2623/2623 2154/2154
f 2152/2152 2625/2625 2624/2624
f 2152/2152 2624/2624 2153/2153
f 2151/2151 2625/2625 2152/2152
f 2629/2629 2626/2626 2627/2627
f 2629/2629 2628/2628 2626/2626
f 2627/2627 2630/2630 2631/2631
f 2627/2627 2626/2626 2630/2630
f 2635/2635 2637/2637 2636/2636
f 2634/2634 2637/2637 2635/2635
f 2633/2633 2637/2637 2634/2634
f 2632/2632 2637/2637 2633/2633
f 2630/2630 2637/2637 2632/2632
f 2631/2631 2630/2630 2632/2632
f 1541/1541 2638/2638 1542/1542
f 1540/1540 2638/2638 1541/1541
f 1539/1539 2638/2638 1540/1540
f 2641/2641 2638/2638 1539/1539
f 2640/2640 2637/2637 2638/2638
f 2640/2640 2638/2638 2641/2641
f 2639/2639 2637/2637 2640/2640
f 2636/2636 2637/2637 2639/2639
f 2649/2649 2648/2648 2637/2637
f 2647/2647 2638/2638 2637/2637
f 2647/2647 2637/2637 2648/2648
f 2650/2650 2649/2649 2637/2637
f 2646/2646 2638/2638 2647/2647
f 2651/2651 2650/2650 2637/2637
f 2645/2645 2638/2638 2646/2646
f 2652/2652 2651/2651 2637/2637
f 2644/2644 2638/2638 2645/2645
f 2653/2653 2652/2652 2637/2637
f 2643/2643 2638/2638 2644/2644
f 2654/2654 2653/2653 2637/2637
f 2684/2684 2638/2638 2643/2643
f 2683/2683 2638/2638 2684/2684
f 2630/2630 2655/2655 2654/2654
f 2630/2630 2654/2654 2637/2637
f 2656/2656 2655/2655 2630/2630
f 2682/2682 2638/2638 2683/2683
f 2657/2657 2656/2656 2630/2630
f 2658/2658 2657/2657 2630/2630
f 2659/2659 2658/2658 2630/2630
f 2660/2660 2659/2659 2630/2630
f 2661/2661 2660/2660 2630/2630
f 2642/2642 2678/2678 2677/2677
f 2642/2642 2679/2679 2678/2678
f 2642/2642 2680/2680 2679/2679
f 2642/2642 2681/2681 2680/2680
f 2642/2642 2682/2682 2681/2681
f 2642/2642 2638/2638 2682/2682
f 2676/2676 2642/2642 2677/2677
f 2675/2675 2642/2642 2676/2676
f 2626/2626 2661/2661 2630/2630
f 2626/2626 2662/2662 2661/2661
f 2626/2626 2663/2663 2662/2662
f 2626/2626 2664/2664 2663/2663
f 2626/2626 2665/2665 2664/2664
f 2626/2626 2666/2666 2665/2665
f 2626/2626 2667/2667 2666/2666
f 2626/2626 2668/2668 2667/2667
f 2628/2628 2668/2668 2626/2626
f 2628/2628 2669/2669 2668/2668
f 2628/2628 2670/2670 2669/2669
f 2628/2628 2671/2671 2670/2670
f 2628/2628 2672/2672 2671/2671
f 2628/2628 2673/2673 2672/2672
f 2628/2628 2674/2674 2673/2673
f 2628/2628 2675/2675 2674/2674
f 2628/2628 2642/2642 2675/2675
f 2689/2689 2642/2642 2685/2685
f 2688/2688 2642/2642 2689/2689
f 2687/2687 2642/2642 2688/2688
f 2686/2686 2642/2642 2687/2687
f 2638/2638 2686/2686 1545/1545
f 2638/2638 2642/2642 2686/2686
f 1544/1544 2638/2638 1545/1545
f 1543/1543 2638/2638 1544/1544
f 1542/1542 2638/2638 1543/1543
f 2693/2693 2628/2628 2629/2629
f 2642/2642 2628/2628 2693/2693
f 2692/2692 2642/2642 2693/2693
f 2691/2691 2642/2642 2692/2692
f 2690/2690 2642/2642 2691/2691
f 2685/2685 2642/2642 2690/2690
f 2697/2697 2694/2694 2695/2695
f 2697/2697 2696/2696 2694/2694
f 2695/2695 2698/2698 2699/2699
f 2695/2695 2694/2694 2698/2698
f 2703/2703 2705/2705 2704/2704
f 2702/2702 2705/2705 2703/2703
f 2701/2701 2705/2705 2702/2702
f 2700/2700 2705/2705 2701/2701
f 2698/2698 2705/2705 2700/2700
f 2699/2699 2698/2698 2700/2700
f 1548/1548 2706/2706 1549/1549
f 1547/1547 2706/2706 1548/1548
f 1546/1546 2706/2706 1547/1547
f 2709/2709 2706/2706 1546/1546
f 2708/2708 2705/2705 2706/2706
f 2708/2708 2706/2706 2709/2709
f 2707/2707 2705/2705 2708/2708
f 2704/2704 2705/2705 2707/2707
f 2717/2717 2716/2716 2705/2705
f 2715/2715 2705/2705 2716/2716
f 2718/2718 2717/2717 2705/2705
f 2714/2714 2706/2706 2705/2705
f 2714/2714 2705/2705 2715/2715
f 2719/2719 2718/2718 2705/2705
f 2713/2713 2706/2706 2714/2714
f 2720/2720 2719/2719 2705/2705
f 2712/2712 2706/2706 2713/2713
f 2721/2721 2720/2720 2705/2705
f 2711/2711 2706/2706 2712/2712
f 2752/2752 2706/2706 2711/2711
f 2751/2751 2706/2706 2752/2752
f 2698/2698 2722/2722 2721/2721
f 2698/2698 2723/2723 2722/2722
f 2698/2698 2721/2721 2705/2705
f 2724/2724 2723/2723 2698/2698
f 2750/2750 2706/2706 2751/2751
f 2725/2725 2724/2724 2698/2698
f 2749/2749 2706/2706 2750/2750
f 2726/2726 2725/2725 2698/2698
f 2727/2727 2726/2726 2698/2698
f 2728/2728 2727/2727 2698/2698
f 2710/2710 2746/2746 2745/2745
f 2710/2710 2747/2747 2746/2746
f 2710/2710 2748/2748 2747/2747
f 2710/2710 2749/2749 2748/2748
f 2710/2710 2706/2706 2749/2749
f 2744/2744 2710/2710 2745/2745
f 2743/2743 2710/2710 2744/2744
f 2742/2742 2710/2710 2743/2743
f 2694/2694 2728/2728 2698/2698
f 2694/2694 2729/2729 2728/2728
f 2694/2694 2730/2730 2729/2729
f 2694/2694 2731/2731 2730/2730
f 2694/2694 2732/2732 2731/2731
f 2694/2694 2733/2733 2732/2732
f 2694/2694 2734/2734 2733/2733
f 2694/2694 2735/2735 2734/2734
f 2696/2696 2710/2710 2742/2742
f 2696/2696 2735/2735 2694/2694
f 2696/2696 2736/2736 2735/2735
f 2696/2696 2737/2737 2736/2736
f 2696/2696 2738/2738 2737/2737
f 2696/2696 2739/2739 2738/2738
f 2696/2696 2740/2740 2739/2739
f 2696/2696 2741/2741 2740/2740
f 2696/2696 2742/2742 2741/2741
f 2757/2757 2696/2696 2697/2697
f 2710/2710 2696/2696 2757/2757
f 2756/2756 2710/2710 2757/2757
f 2755/2755 2710/2710 2756/2756
f 2754/2754 2710/2710 2755/2755
f 2753/2753 2710/2710 2754/2754
f 2761/2761 2710/2710 2753/2753
f 2760/2760 2710/2710 2761/2761
f 2759/2759 2710/2710 2760/2760
f 2706/2706 2758/2758 1552/1552
f 2706/2706 2759/2759 2758/2758
f 2706/2706 2710/2710 2759/2759
f 1551/1551 2706/2706 1552/1552
f 1550/1550 2706/2706 1551/1551
f 1549/1549 2706/2706 1550/1550
f 2632/2632 2167/2167 2179/2179
f 2191/2191 2632/2632 2179/2179
f 2631/2631 2189/2189 2188/2188
f 2631/2631 2190/2190 2189/2189
f 2631/2631 2191/2191 2190/2190
f 2631/2631 2632/2632 2191/2191
f 2187/2187 2631/2631 2188/2188
f 2186/2186 2631/2631 2187/2187
f 2185/2185 2631/2631 2186/2186
f 2627/2627 2184/2184 2183/2183
f 2627/2627 2185/2185 2184/2184
f 2627/2627 2631/2631 2185/2185
f 2182/2182 2627/2627 2183/2183
f 2181/2181 2627/2627 2182/2182
f 2629/2629 2627/2627 2181/2181
f 2699/2699 2700/2700 2693/2693
f 2699/2699 2693/2693 2629/2629
f 2205/2205 2227/2227 2757/2757
f 2203/2203 2695/2695 2699/2699
f 2203/2203 2629/2629 2181/2181
f 2203/2203 2699/2699 2629/2629
f 2206/2206 2757/2757 2697/2697
f 2206/2206 2205/2205 2757/2757
f 2215/2215 2695/2695 2203/2203
f 2207/2207 2206/2206 2697/2697
f 2214/2214 2695/2695 2215/2215
f 2213/2213 2695/2695 2214/2214
f 2208/2208 2207/2207 2697/2697
f 2212/2212 2697/2697 2695/2695
f 2212/2212 2695/2695 2213/2213
f 2209/2209 2208/2208 2697/2697
f 2211/2211 2697/2697 2212/2212
f 2210/2210 2209/2209 2697/2697
f 2210/2210 2697/2697 2211/2211
f 2632/2632 2168/2168 2167/2167
f 2633/2633 2169/2169 2168/2168
f 2633/2633 2168/2168 2632/2632
f 2634/2634 2170/2170 2169/2169
f 2634/2634 2169/2169 2633/2633
f 2635/2635 2170/2170 2634/2634
f 2636/2636 2171/2171 2170/2170
f 2636/2636 2172/2172 2171/2171
f 2636/2636 2170/2170 2635/2635
f 2639/2639 2173/2173 2172/2172
f 2639/2639 2172/2172 2636/2636
f 2640/2640 2174/2174 2173/2173
f 2640/2640 2173/2173 2639/2639
f 2641/2641 1532/1532 2174/2174
f 2641/2641 2174/2174 2640/2640
f 1539/1539 1532/1532 2641/2641
f 2227/2227 2756/2756 2757/2757
f 2242/2242 2755/2755 2756/2756
f 2242/2242 2756/2756 2227/2227
f 2241/2241 2754/2754 2755/2755
f 2241/2241 2755/2755 2242/2242
f 2240/2240 2753/2753 2754/2754
f 2240/2240 2754/2754 2241/2241
f 2239/2239 2761/2761 2753/2753
f 2239/2239 2753/2753 2240/2240
f 2238/2238 2760/2760 2761/2761
f 2238/2238 2761/2761 2239/2239
f 2237/2237 2759/2759 2760/2760
f 2237/2237 2760/2760 2238/2238
f 2236/2236 2758/2758 2759/2759
f 2236/2236 2759/2759 2237/2237
f 1553/1553 1552/1552 2758/2758
f 1553/1553 2758/2758 2236/2236
f 2841/2841 2799/2799 2800/2800
f 2840/2840 2798/2798 2799/2799
f 2840/2840 2799/2799 2841/2841
f 2842/2842 2841/2841 2800/2800
f 2839/2839 2798/2798 2840/2840
f 2839/2839 2797/2797 2798/2798
f 2843/2843 2842/2842 2800/2800
f 2843/2843 2800/2800 2801/2801
f 2843/2843 2801/2801 2802/2802
f 2838/2838 2796/2796 2797/2797
f 2838/2838 2797/2797 2839/2839
f 2844/2844 2843/2843 2802/2802
f 2837/2837 2796/2796 2838/2838
f 2837/2837 2795/2795 2796/2796
f 2845/2845 2844/2844 2802/2802
f 2845/2845 2802/2802 2803/2803
f 2845/2845 2803/2803 2762/2762
f 2836/2836 2793/2793 2794/2794
f 2836/2836 2794/2794 2795/2795
f 2836/2836 2795/2795 2837/2837
f 2804/2804 2845/2845 2762/2762
f 2835/2835 2793/2793 2836/2836
f 2805/2805 2762/2762 2763/2763
f 2805/2805 2804/2804 2762/2762
f 2834/2834 2792/2792 2793/2793
f 2834/2834 2793/2793 2835/2835
f 2806/2806 2763/2763 2764/2764
f 2806/2806 2805/2805 2763/2763
f 2833/2833 2791/2791 2792/2792
f 2833/2833 2792/2792 2834/2834
f 2807/2807 2764/2764 2765/2765
f 2807/2807 2806/2806 2764/2764
f 2766/2766 2807/2807 2765/2765
f 2832/2832 2791/2791 2833/2833
f 2832/2832 2790/2790 2791/2791
f 2808/2808 2807/2807 2766/2766
f 2831/2831 2790/2790 2832/2832
f 2831/2831 2789/2789 2790/2790
f 2809/2809 2766/2766 2767/2767
f 2809/2809 2808/2808 2766/2766
f 2788/2788 2789/2789 2831/2831
f 2788/2788 2831/2831 2830/2830
f 2810/2810 2809/2809 2767/2767
f 2768/2768 2810/2810 2767/2767
f 2829/2829 2788/2788 2830/2830
f 2787/2787 2788/2788 2829/2829
f 2769/2769 2811/2811 2810/2810
f 2769/2769 2810/2810 2768/2768
f 2786/2786 2829/2829 2828/2828
f 2786/2786 2787/2787 2829/2829
f 2770/2770 2812/2812 2811/2811
f 2770/2770 2813/2813 2812/2812
f 2770/2770 2811/2811 2769/2769
f 2785/2785 2828/2828 2827/2827
f 2785/2785 2786/2786 2828/2828
f 2771/2771 2813/2813 2770/2770
f 2784/2784 2826/2826 2825/2825
f 2784/2784 2827/2827 2826/2826
f 2784/2784 2785/2785 2827/2827
f 2772/2772 2813/2813 2771/2771
f 2772/2772 2814/2814 2813/2813
f 2783/2783 2784/2784 2825/2825
f 2773/2773 2815/2815 2814/2814
f 2773/2773 2814/2814 2772/2772
f 2782/2782 2783/2783 2825/2825
f 2782/2782 2824/2824 2823/2823
f 2782/2782 2825/2825 2824/2824
f 2774/2774 2815/2815 2773/2773
f 2774/2774 2816/2816 2815/2815
f 2781/2781 2782/2782 2823/2823
f 2775/2775 2816/2816 2774/2774
f 2775/2775 2817/2817 2816/2816
f 2780/2780 2781/2781 2823/2823
f 2780/2780 2822/2822 2821/2821
f 2780/2780 2823/2823 2822/2822
f 2776/2776 2817/2817 2775/2775
f 2776/2776 2818/2818 2817/2817
f 2779/2779 2780/2780 2821/2821
f 2777/2777 2818/2818 2776/2776
f 2777/2777 2819/2819 2818/2818
f 2778/2778 2779/2779 2821/2821
f 2778/2778 2819/2819 2777/2777
f 2778/2778 2820/2820 2819/2819
f 2778/2778 2821/2821 2820/2820
f 1619/1619 2762/2762 1620/1620
f 1619/1619 2763/2763 2762/2762
f 1618/1618 2763/2763 1619/1619
f 1617/1617 2763/2763 1618/1618
f 1617/1617 2764/2764 2763/2763
f 1616/1616 2764/2764 1617/1617
f 1615/1615 2764/2764 1616/1616
f 1615/1615 2765/2765 2764/2764
f 1614/1614 2765/2765 1615/1615
f 1613/1613 2765/2765 1614/1614
f 1613/1613 2766/2766 2765/2765
f 1612/1612 2766/2766 1613/1613
f 1612/1612 2767/2767 2766/2766
f 1611/1611 2767/2767 1612/1612
f 2887/2887 2767/2767 1611/1611
f 2886/2886 2767/2767 2887/2887
f 2886/2886 2768/2768 2767/2767
f 2885/2885 2768/2768 2886/2886
f 2884/2884 2768/2768 2885/2885
f 2883/2883 2768/2768 2884/2884
f 2883/2883 2769/2769 2768/2768
f 2882/2882 2769/2769 2883/2883
f 2881/2881 2769/2769 2882/2882
f 2881/2881 2770/2770 2769/2769
f 2880/2880 2770/2770 2881/2881
f 2879/2879 2770/2770 2880/2880
f 2771/2771 2770/2770 2879/2879
f 2878/2878 2771/2771 2879/2879
f 2772/2772 2771/2771 2878/2878
f 2877/2877 2772/2772 2878/2878
f 2773/2773 2772/2772 2877/2877
f 2876/2876 2773/2773 2877/2877
f 2774/2774 2773/2773 2876/2876
f 2875/2875 2774/2774 2876/2876
f 2775/2775 2774/2774 2875/2875
f 2874/2874 2775/2775 2875/2875
f 2776/2776 2775/2775 2874/2874
f 2873/2873 2776/2776 2874/2874
f 2777/2777 2776/2776 2873/2873
f 2872/2872 2777/2777 2873/2873
f 2778/2778 2777/2777 2872/2872
f 2871/2871 2778/2778 2872/2872
f 2779/2779 2778/2778 2871/2871
f 2870/2870 2779/2779 2871/2871
f 2780/2780 2779/2779 2870/2870
f 2869/2869 2780/2780 2870/2870
f 2781/2781 2780/2780 2869/2869
f 2868/2868 2781/2781 2869/2869
f 2782/2782 2781/2781 2868/2868
f 2867/2867 2782/2782 2868/2868
f 2783/2783 2782/2782 2867/2867
f 2866/2866 2783/2783 2867/2867
f 2865/2865 2783/2783 2866/2866
f 2865/2865 2784/2784 2783/2783
f 2864/2864 2784/2784 2865/2865
f 2864/2864 2785/2785 2784/2784
f 2863/2863 2785/2785 2864/2864
f 2863/2863 2786/2786 2785/2785
f 2862/2862 2786/2786 2863/2863
f 2862/2862 2787/2787 2786/2786
f 2861/2861 2787/2787 2862/2862
f 2861/2861 2788/2788 2787/2787
f 2860/2860 2788/2788 2861/2861
f 2860/2860 2789/2789 2788/2788
f 2859/2859 2789/2789 2860/2860
f 2859/2859 2790/2790 2789/2789
f 2858/2858 2790/2790 2859/2859
f 2858/2858 2791/2791 2790/2790
f 2857/2857 2791/2791 2858/2858
f 2857/2857 2792/2792 2791/2791
f 2856/2856 2792/2792 2857/2857
f 2856/2856 2793/2793 2792/2792
f 2855/2855 2793/2793 2856/2856
f 2855/2855 2794/2794 2793/2793
f 2854/2854 2794/2794 2855/2855
f 2854/2854 2795/2795 2794/2794
f 2853/2853 2795/2795 2854/2854
f 2853/2853 2796/2796 2795/2795
f 2852/2852 2796/2796 2853/2853
f 2851/2851 2796/2796 2852/2852
f 2797/2797 2796/2796 2851/2851
f 2850/2850 2797/2797 2851/2851
f 2849/2849 2797/2797 2850/2850
f 2798/2798 2797/2797 2849/2849
f 2848/2848 2798/2798 2849/2849
f 2847/2847 2798/2798 2848/2848
f 2799/2799 2798/2798 2847/2847
f 2846/2846 2799/2799 2847/2847
f 1631/1631 2799/2799 2846/2846
f 1630/1630 2800/2800 2799/2799
f 1630/1630 2799/2799 1631/1631
f 1629/1629 2800/2800 1630/1630
f 1628/1628 2801/2801 2800/2800
f 1628/1628 2800/2800 1629/1629
f 1627/1627 2801/2801 1628/1628
f 1626/1626 2801/2801 1627/1627
f 1625/1625 2802/2802 2801/2801
f 1625/1625 2801/2801 1626/1626
f 1624/1624 2802/2802 1625/1625
f 1623/1623 2803/2803 2802/2802
f 1623/1623 2802/2802 1624/1624
f 1622/1622 2803/2803 1623/1623
f 1621/1621 2762/2762 2803/2803
f 1621/1621 2803/2803 1622/1622
f 1620/1620 2762/2762 1621/1621
f 2967/2967 2925/2925 2926/2926
f 2966/2966 2924/2924 2925/2925
f 2966/2966 2925/2925 2967/2967
f 2968/2968 2967/2967 2926/2926
f 2965/2965 2924/2924 2966/2966
f 2965/2965 2923/2923 2924/2924
f 2969/2969 2968/2968 2926/2926
f 2969/2969 2926/2926 2927/2927
f 2969/2969 2927/2927 2928/2928
f 2964/2964 2922/2922 2923/2923
f 2964/2964 2923/2923 2965/2965
f 2970/2970 2969/2969 2928/2928
f 2963/2963 2922/2922 2964/2964
f 2963/2963 2921/2921 2922/2922
f 2971/2971 2970/2970 2928/2928
f 2971/2971 2928/2928 2929/2929
f 2971/2971 2929/2929 2888/2888
f 2962/2962 2919/2919 2920/2920
f 2962/2962 2920/2920 2921/2921
f 2962/2962 2921/2921 2963/2963
f 2930/2930 2971/2971 2888/2888
f 2961/2961 2919/2919 2962/2962
f 2931/2931 2888/2888 2889/2889
f 2931/2931 2930/2930 2888/2888
f 2960/2960 2918/2918 2919/2919
f 2960/2960 2919/2919 2961/2961
f 2932/2932 2889/2889 2890/2890
f 2932/2932 2931/2931 2889/2889
f 2959/2959 2917/2917 2918/2918
f 2959/2959 2918/2918 2960/2960
f 2933/2933 2890/2890 2891/2891
f 2933/2933 2932/2932 2890/2890
f 2892/2892 2933/2933 2891/2891
f 2958/2958 2917/2917 2959/2959
f 2958/2958 2916/2916 2917/2917
f 2934/2934 2933/2933 2892/2892
f 2957/2957 2916/2916 2958/2958
f 2957/2957 2915/2915 2916/2916
f 2935/2935 2892/2892 2893/2893
f 2935/2935 2934/2934 2892/2892
f 2914/2914 2915/2915 2957/2957
f 2914/2914 2957/2957 2956/2956
f 2936/2936 2935/2935 2893/2893
f 2894/2894 2936/2936 2893/2893
f 2955/2955 2914/2914 2956/2956
f 2913/2913 2914/2914 2955/2955
f 2895/2895 2937/2937 2936/2936
f 2895/2895 2936/2936 2894/2894
f 2912/2912 2955/2955 2954/2954
f 2912/2912 2913/2913 2955/2955
f 2896/2896 2938/2938 2937/2937
f 2896/2896 2939/2939 2938/2938
f 2896/2896 2937/2937 2895/2895
f 2911/2911 2954/2954 2953/2953
f 2911/2911 2912/2912 2954/2954
f 2897/2897 2939/2939 2896/2896
f 2910/2910 2952/2952 2951/2951
f 2910/2910 2953/2953 2952/2952
f 2910/2910 2911/2911 2953/2953
f 2898/2898 2939/2939 2897/2897
f 2898/2898 2940/2940 2939/2939
f 2909/2909 2910/2910 2951/2951
f 2899/2899 2941/2941 2940/2940
f 2899/2899 2940/2940 2898/2898
f 2908/2908 2909/2909 2951/2951
f 2908/2908 2950/2950 2949/2949
f 2908/2908 2951/2951 2950/2950
f 2900/2900 2941/2941 2899/2899
f 2900/2900 2942/2942 2941/2941
f 2907/2907 2908/2908 2949/2949
f 2901/2901 2942/2942 2900/2900
f 2901/2901 2943/2943 2942/2942
f 2906/2906 2907/2907 2949/2949
f 2906/2906 2948/2948 2947/2947
f 2906/2906 2949/2949 2948/2948
f 2902/2902 2943/2943 2901/2901
f 2902/2902 2944/2944 2943/2943
f 2905/2905 2906/2906 2947/2947
f 2903/2903 2944/2944 2902/2902
f 2903/2903 2945/2945 2944/2944
f 2904/2904 2905/2905 2947/2947
f 2904/2904 2945/2945 2903/2903
f 2904/2904 2946/2946 2945/2945
f 2904/2904 2947/2947 2946/2946
f 1598/1598 2888/2888 1599/1599
f 1598/1598 2889/2889 2888/2888
f 1597/1597 2889/2889 1598/1598
f 1596/1596 2889/2889 1597/1597
f 1596/1596 2890/2890 2889/2889
f 1595/1595 2890/2890 1596/1596
f 1594/1594 2890/2890 1595/1595
f 1594/1594 2891/2891 2890/2890
f 1593/1593 2891/2891 1594/1594
f 1592/1592 2891/2891 1593/1593
f 1592/1592 2892/2892 2891/2891
f 1591/1591 2892/2892 1592/1592
f 1591/1591 2893/2893 2892/2892
f 1590/1590 2893/2893 1591/1591
f 3013/3013 2893/2893 1590/1590
f 3012/3012 2893/2893 3013/3013
f 3012/3012 2894/2894 2893/2893
f 3011/3011 2894/2894 3012/3012
f 3010/3010 2894/2894 3011/3011
f 3009/3009 2894/2894 3010/3010
f 3009/3009 2895/2895 2894/2894
f 3008/3008 2895/2895 3009/3009
f 3007/3007 2895/2895 3008/3008
f 3007/3007 2896/2896 2895/2895
f 3006/3006 2896/2896 3007/3007
f 3005/3005 2896/2896 3006/3006
f 2897/2897 2896/2896 3005/3005
f 3004/3004 2897/2897 3005/3005
f 2898/2898 2897/2897 3004/3004
f 3003/3003 2898/2898 3004/3004
f 2899/2899 2898/2898 3003/3003
f 3002/3002 2899/2899 3003/3003
f 2900/2900 2899/2899 3002/3002
f 3001/3001 2900/2900 3002/3002
f 2901/2901 2900/2900 3001/3001
f 3000/3000 2901/2901 3001/3001
f 2902/2902 2901/2901 3000/3000
f 2999/2999 2902/2902 3000/3000
f 2903/2903 2902/2902 2999/2999
f 2998/2998 2903/2903 2999/2999
f 2904/2904 2903/2903 2998/2998
f 2997/2997 2904/2904 2998/2998
f 2905/2905 2904/2904 2997/2997
f 2996/2996 2905/2905 2997/2997
f 2906/2906 2905/2905 2996/2996
f 2995/2995 2906/2906 2996/2996
f 2907/2907 2906/2906 2995/2995
f 2994/2994 2907/2907 2995/2995
f 2908/2908 2907/2907 2994/2994
f 2993/2993 2908/2908 2994/2994
f 2909/2909 2908/2908 2993/2993
f 2992/2992 2909/2909 2993/2993
f 2991/2991 2909/2909 2992/2992
f 2991/2991 2910/2910 2909/2909
f 2990/2990 2910/2910 2991/2991
f 2990/2990 2911/2911 2910/2910
f 2989/2989 2911/2911 2990/2990
f 2989/2989 2912/2912 2911/2911
f 2988/2988 2912/2912 2989/2989
f 2988/2988 2913/2913 2912/2912
f 2987/2987 2913/2913 2988/2988
f 2987/2987 2914/2914 2913/2913
f 2986/2986 2914/2914 2987/2987
f 2986/2986 2915/2915 2914/2914
f 2985/2985 2915/2915 2986/2986
f 2985/2985 2916/2916 2915/2915
f 2984/2984 2916/2916 2985/2985
f 2984/2984 2917/2917 2916/2916
f 2983/2983 2917/2917 2984/2984
f 2983/2983 2918/2918 2917/2917
f 2982/2982 2918/2918 2983/2983
f 2982/2982 2919/2919 2918/2918
f 2981/2981 2919/2919 2982/2982
f 2981/2981 2920/2920 2919/2919
f 2980/2980 2920/2920 2981/2981
f 2980/2980 2921/2921 2920/2920
f 2979/2979 2921/2921 2980/2980
f 2979/2979 2922/2922 2921/2921
f 2978/2978 2922/2922 2979/2979
f 2977/2977 2922/2922 2978/2978
f 2923/2923 2922/2922 2977/2977
f 2976/2976 2923/2923 2977/2977
f 2975/2975 2923/2923 2976/2976
f 2924/2924 2923/2923 2975/2975
f 2974/2974 2924/2924 2975/2975
f 2973/2973 2924/2924 2974/2974
f 2925/2925 2924/2924 2973/2973
f 2972/2972 2925/2925 2973/2973
f 1610/1610 2925/2925 2972/2972
f 1609/1609 2926/2926 2925/2925
f 1609/1609 2925/2925 1610/1610
f 1608/1608 2926/2926 1609/1609
f 1607/1607 2927/2927 2926/2926
f 1607/1607 2926/2926 1608/1608
f 1606/1606 2927/2927 1607/1607
f 1605/1605 2927/2927 1606/1606
f 1604/1604 2928/2928 2927/2927
f 1604/1604 2927/2927 1605/1605
f 1603/1603 2928/2928 1604/1604
f 1602/1602 2929/2929 2928/2928
f 1602/1602 2928/2928 1603/1603
f 1601/1601 2929/2929 1602/1602
f 1600/1600 2888/2888 2929/2929
f 1600/1600 2929/2929 1601/1601
f 1599/1599 2888/2888 1600/1600
f 2854/2854 2350/2350 2853/2853
f 2854/2854 2328/2328 2350/2350
f 2855/2855 2328/2328 2854/2854
f 2856/2856 2329/2329 2328/2328
f 2856/2856 2328/2328 2855/2855
f 2857/2857 2330/2330 2329/2329
f 2857/2857 2329/2329 2856/2856
f 2858/2858 2330/2330 2857/2857
f 2858/2858 2331/2331 2330/2330
f 2859/2859 2331/2331 2858/2858
f 2859/2859 2332/2332 2331/2331
f 2860/2860 2333/2333 2332/2332
f 2860/2860 2332/2332 2859/2859
f 2861/2861 2333/2333 2860/2860
f 2334/2334 2333/2333 2861/2861
f 2862/2862 2334/2334 2861/2861
f 2335/2335 2334/2334 2862/2862
f 2863/2863 2335/2335 2862/2862
f 2336/2336 2335/2335 2863/2863
f 2336/2336 2863/2863 2864/2864
f 2337/2337 2336/2336 2864/2864
f 2337/2337 2864/2864 2865/2865
f 2338/2338 2337/2337 2865/2865
f 2338/2338 2865/2865 2866/2866
f 2326/2326 2338/2338 2866/2866
f 2326/2326 2866/2866 2867/2867
f 2326/2326 2867/2867 2868/2868
f 2326/2326 2868/2868 2869/2869
f 2326/2326 2869/2869 2870/2870
f 2980/2980 2879/2879 2979/2979
f 2980/2980 2877/2877 2878/2878
f 2980/2980 2878/2878 2879/2879
f 2981/2981 2877/2877 2980/2980
f 2982/2982 2877/2877 2981/2981
f 2982/2982 2875/2875 2876/2876
f 2982/2982 2876/2876 2877/2877
f 2983/2983 2875/2875 2982/2982
f 2984/2984 2875/2875 2983/2983
f 2984/2984 2873/2873 2874/2874
f 2984/2984 2874/2874 2875/2875
f 2985/2985 2872/2872 2873/2873
f 2985/2985 2873/2873 2984/2984
f 2986/2986 2871/2871 2872/2872
f 2986/2986 2872/2872 2985/2985
f 2987/2987 2871/2871 2986/2986
f 2988/2988 2870/2870 2871/2871
f 2988/2988 2871/2871 2987/2987
f 2290/2290 3004/3004 3005/3005
f 2304/2304 2870/2870 2988/2988
f 2304/2304 2988/2988 2989/2989
f 2304/2304 2989/2989 2990/2990
f 2304/2304 2990/2990 2991/2991
f 2304/2304 2991/2991 2992/2992
f 2304/2304 2326/2326 2870/2870
f 2302/2302 3002/3002 3003/3003
f 2302/2302 3003/3003 3004/3004
f 2302/2302 3004/3004 2290/2290
f 2305/2305 2992/2992 2993/2993
f 2305/2305 2304/2304 2992/2992
f 2314/2314 3001/3001 3002/3002
f 2314/2314 3002/3002 2302/2302
f 2313/2313 3001/3001 2314/2314
f 2313/2313 3000/3000 3001/3001
f 2306/2306 2305/2305 2993/2993
f 2306/2306 2993/2993 2994/2994
f 2307/2307 2994/2994 2995/2995
f 2307/2307 2306/2306 2994/2994
f 2312/2312 3000/3000 2313/2313
f 2312/2312 2999/2999 3000/3000
f 2308/2308 2307/2307 2995/2995
f 2308/2308 2995/2995 2996/2996
f 2311/2311 2999/2999 2312/2312
f 2311/2311 2998/2998 2999/2999
f 2309/2309 2308/2308 2996/2996
f 2309/2309 2996/2996 2997/2997
f 2310/2310 2998/2998 2311/2311
f 2310/2310 2309/2309 2997/2997
f 2310/2310 2997/2997 2998/2998
f 3005/3005 2291/2291 2290/2290
f 3006/3006 2292/2292 2291/2291
f 3006/3006 2291/2291 3005/3005
f 3007/3007 2293/2293 2292/2292
f 3007/3007 2292/2292 3006/3006
f 3008/3008 2294/2294 2293/2293
f 3008/3008 2293/2293 3007/3007
f 3009/3009 2295/2295 2294/2294
f 3009/3009 2294/2294 3008/3008
f 3010/3010 2296/2296 2295/2295
f 3010/3010 2295/2295 3009/3009
f 3011/3011 2296/2296 3010/3010
f 3012/3012 2297/2297 2296/2296
f 3012/3012 2296/2296 3011/3011
f 3013/3013 1554/1554 2297/2297
f 3013/3013 2297/2297 3012/3012
f 1590/1590 1554/1554 3013/3013
f 2879/2879 2978/2978 2979/2979
f 2880/2880 2977/2977 2978/2978
f 2880/2880 2978/2978 2879/2879
f 2881/2881 2976/2976 2977/2977
f 2881/2881 2977/2977 2880/2880
f 2882/2882 2975/2975 2976/2976
f 2882/2882 2976/2976 2881/2881
f 2883/2883 2974/2974 2975/2975
f 2883/2883 2975/2975 2882/2882
f 2884/2884 2973/2973 2974/2974
f 2884/2884 2974/2974 2883/2883
f 2885/2885 2973/2973 2884/2884
f 2886/2886 2972/2972 2973/2973
f 2886/2886 2973/2973 2885/2885
f 2887/2887 1610/1610 2972/2972
f 2887/2887 2972/2972 2886/2886
f 1611/1611 1610/1610 2887/2887
f 3050/3050 2616/2616 3051/3051
f 3052/3052 3051/3051 2616/2616
f 3049/3049 2605/2605 2616/2616
f 3049/3049 2616/2616 3050/3050
f 3053/3053 3052/3052 2616/2616
f 3048/3048 2605/2605 3049/3049
f 3054/3054 3053/3053 2616/2616
f 3047/3047 2605/2605 3048/3048
f 3055/3055 3054/3054 2616/2616
f 3046/3046 2605/2605 3047/3047
f 3014/3014 3055/3055 2616/2616
f 3045/3045 2606/2606 2605/2605
f 3045/3045 2605/2605 3046/3046
f 3015/3015 3014/3014 2616/2616
f 3044/3044 2607/2607 2606/2606
f 3044/3044 2606/2606 3045/3045
f 3016/3016 3015/3015 2616/2616
f 3043/3043 2608/2608 2607/2607
f 3043/3043 2607/2607 3044/3044
f 3042/3042 2609/2609 2608/2608
f 3042/3042 2608/2608 3043/3043
f 3041/3041 2610/2610 2609/2609
f 3041/3041 2609/2609 3042/3042
f 3040/3040 2610/2610 3041/3041
f 2611/2611 3040/3040 3039/3039
f 2611/2611 2610/2610 3040/3040
f 2612/2612 3039/3039 3038/3038
f 2612/2612 2611/2611 3039/3039
f 2613/2613 3038/3038 3037/3037
f 2613/2613 2612/2612 3038/3038
f 2614/2614 2613/2613 3037/3037
f 2614/2614 3037/3037 3036/3036
f 2615/2615 2614/2614 3036/3036
f 2615/2615 3036/3036 3035/3035
f 2604/2604 2615/2615 3035/3035
f 2604/2604 3030/3030 3029/3029
f 2604/2604 3031/3031 3030/3030
f 2604/2604 3032/3032 3031/3031
f 2604/2604 3033/3033 3032/3032
f 2604/2604 3034/3034 3033/3033
f 2604/2604 3035/3035 3034/3034
f 3093/3093 3020/3020 3019/3019
f 3092/3092 3020/3020 3093/3093
f 3094/3094 3019/3019 3018/3018
f 3094/3094 3093/3093 3019/3019
f 3091/3091 3020/3020 3092/3092
f 3091/3091 3021/3021 3020/3020
f 3095/3095 3094/3094 3018/3018
f 3095/3095 3018/3018 3017/3017
f 3090/3090 3022/3022 3021/3021
f 3090/3090 3023/3023 3022/3022
f 3090/3090 3021/3021 3091/3091
f 3096/3096 3017/3017 3016/3016
f 3096/3096 3095/3095 3017/3017
f 3089/3089 3024/3024 3023/3023
f 3089/3089 3023/3023 3090/3090
f 3088/3088 3024/3024 3089/3089
f 3088/3088 3025/3025 3024/3024
f 3087/3087 3025/3025 3088/3088
f 3086/3086 3026/3026 3025/3025
f 3086/3086 3027/3027 3026/3026
f 3086/3086 3025/3025 3087/3087
f 3085/3085 3027/3027 3086/3086
f 3085/3085 3028/3028 3027/3027
f 3084/3084 3028/3028 3085/3085
f 3083/3083 3029/3029 3028/3028
f 3083/3083 3028/3028 3084/3084
f 3083/3083 2604/2604 3029/3029
f 2488/2488 3097/3097 3096/3096
f 2488/2488 3056/3056 3097/3097
f 2488/2488 3096/3096 3016/3016
f 2488/2488 3016/3016 2616/2616
f 2488/2488 3057/3057 3056/3056
f 2488/2488 3058/3058 3057/3057
f 2488/2488 3059/3059 3058/3058
f 2488/2488 3060/3060 3059/3059
f 2488/2488 3061/3061 3060/3060
f 3062/3062 3061/3061 2488/2488
f 3063/3063 3062/3062 2488/2488
f 2593/2593 2604/2604 3083/3083
f 2593/2593 3078/3078 3077/3077
f 2593/2593 3079/3079 3078/3078
f 2593/2593 3080/3080 3079/3079
f 2593/2593 3081/3081 3080/3080
f 2593/2593 3082/3082 3081/3081
f 2593/2593 3083/3083 3082/3082
f 2487/2487 3063/3063 2488/2488
f 2487/2487 3064/3064 3063/3063
f 2487/2487 3065/3065 3064/3064
f 2487/2487 3066/3066 3065/3065
f 2487/2487 3067/3067 3066/3066
f 2603/2603 3067/3067 2487/2487
f 2603/2603 3068/3068 3067/3067
f 2594/2594 2593/2593 3077/3077
f 2594/2594 3077/3077 3076/3076
f 2595/2595 2594/2594 3076/3076
f 2595/2595 3076/3076 3075/3075
f 2602/2602 3068/3068 2603/2603
f 2602/2602 3069/3069 3068/3068
f 2596/2596 2595/2595 3075/3075
f 2596/2596 3075/3075 3074/3074
f 2601/2601 3069/3069 2602/2602
f 2601/2601 3070/3070 3069/3069
f 2600/2600 3070/3070 2601/2601
f 2600/2600 3071/3071 3070/3070
f 2597/2597 2596/2596 3074/3074
f 2597/2597 3074/3074 3073/3073
f 2599/2599 3071/3071 2600/2600
f 2599/2599 3072/3072 3071/3071
f 2598/2598 2597/2597 3073/3073
f 2598/2598 3072/3072 2599/2599
f 2598/2598 3073/3073 3072/3072
f 3146/3146 3145/3145 2462/2462
f 3144/3144 2462/2462 3145/3145
f 3147/3147 2462/2462 2453/2453
f 3147/3147 3146/3146 2462/2462
f 3143/3143 2462/2462 3144/3144
f 3148/3148 3147/3147 2453/2453
f 3142/3142 2462/2462 3143/3143
f 3149/3149 3148/3148 2453/2453
f 3141/3141 2462/2462 3142/3142
f 3150/3150 3149/3149 2453/2453
f 3140/3140 2462/2462 3141/3141
f 3151/3151 2453/2453 2473/2473
f 3151/3151 3150/3150 2453/2453
f 3181/3181 2462/2462 3140/3140
f 3152/3152 2473/2473 2472/2472
f 3152/3152 3151/3151 2473/2473
f 3180/3180 2462/2462 3181/3181
f 3153/3153 2472/2472 2471/2471
f 3153/3153 3152/3152 2472/2472
f 3154/3154 2471/2471 2470/2470
f 3154/3154 3153/3153 2471/2471
f 3155/3155 2470/2470 2469/2469
f 3155/3155 3154/3154 2470/2470
f 3156/3156 3155/3155 2469/2469
f 2468/2468 3156/3156 2469/2469
f 2468/2468 3157/3157 3156/3156
f 2467/2467 3157/3157 2468/2468
f 2467/2467 3158/3158 3157/3157
f 2466/2466 3159/3159 3158/3158
f 2466/2466 3158/3158 2467/2467
f 2465/2465 3159/3159 2466/2466
f 2465/2465 3160/3160 3159/3159
f 2464/2464 3160/3160 2465/2465
f 2464/2464 3161/3161 3160/3160
f 2463/2463 3161/3161 2464/2464
f 2463/2463 3162/3162 3161/3161
f 2463/2463 3163/3163 3162/3162
f 2463/2463 3164/3164 3163/3163
f 2463/2463 3165/3165 3164/3164
f 2463/2463 3166/3166 3165/3165
f 2463/2463 3167/3167 3166/3166
f 3103/3103 3178/3178 3177/3177
f 3104/3104 3177/3177 3176/3176
f 3104/3104 3103/3103 3177/3177
f 3102/3102 3179/3179 3178/3178
f 3102/3102 3178/3178 3103/3103
f 3105/3105 3176/3176 3175/3175
f 3105/3105 3104/3104 3176/3176
f 3101/3101 3179/3179 3102/3102
f 3101/3101 3180/3180 3179/3179
f 3106/3106 3175/3175 3174/3174
f 3106/3106 3105/3105 3175/3175
f 3100/3100 3180/3180 3101/3101
f 3107/3107 3174/3174 3173/3173
f 3107/3107 3106/3106 3174/3174
f 3108/3108 3173/3173 3172/3172
f 3108/3108 3107/3107 3173/3173
f 3109/3109 3108/3108 3172/3172
f 3109/3109 3172/3172 3171/3171
f 3110/3110 3109/3109 3171/3171
f 3110/3110 3171/3171 3170/3170
f 3111/3111 3110/3110 3170/3170
f 3111/3111 3170/3170 3169/3169
f 3112/3112 3111/3111 3169/3169
f 3112/3112 3168/3168 3167/3167
f 3112/3112 3169/3169 3168/3168
f 3113/3113 3167/3167 2463/2463
f 3113/3113 3112/3112 3167/3167
f 2486/2486 3099/3099 3098/3098
f 2486/2486 3100/3100 3099/3099
f 2486/2486 3180/3180 3100/3100
f 2486/2486 2462/2462 3180/3180
f 2486/2486 3136/3136 3135/3135
f 2486/2486 3137/3137 3136/3136
f 2486/2486 3138/3138 3137/3137
f 2486/2486 3139/3139 3138/3138
f 2486/2486 3098/3098 3139/3139
f 3134/3134 2486/2486 3135/3135
f 3133/3133 2486/2486 3134/3134
f 2474/2474 3114/3114 3113/3113
f 2474/2474 3115/3115 3114/3114
f 2474/2474 3116/3116 3115/3115
f 2474/2474 3117/3117 3116/3116
f 2474/2474 3118/3118 3117/3117
f 2474/2474 3119/3119 3118/3118
f 2474/2474 3113/3113 2463/2463
f 2475/2475 3130/3130 3129/3129
f 2475/2475 3131/3131 3130/3130
f 2475/2475 3132/3132 3131/3131
f 2475/2475 3133/3133 3132/3132
f 2475/2475 2486/2486 3133/3133
f 2476/2476 3129/3129 3128/3128
f 2476/2476 2475/2475 3129/3129
f 2485/2485 3120/3120 3119/3119
f 2485/2485 3119/3119 2474/2474
f 2477/2477 2476/2476 3128/3128
f 2477/2477 3128/3128 3127/3127
f 2484/2484 3120/3120 2485/2485
f 2484/2484 3121/3121 3120/3120
f 2478/2478 2477/2477 3127/3127
f 2478/2478 3127/3127 3126/3126
f 2483/2483 3121/3121 2484/2484
f 2483/2483 3122/3122 3121/3121
f 2479/2479 2478/2478 3126/3126
f 2479/2479 3126/3126 3125/3125
f 2482/2482 3123/3123 3122/3122
f 2482/2482 3122/3122 2483/2483
f 2480/2480 2479/2479 3125/3125
f 2480/2480 3125/3125 3124/3124
f 2481/2481 3123/3123 2482/2482
f 2481/2481 2480/2480 3124/3124
f 2481/2481 3124/3124 3123/3123
f 2644/2644 3014/3014 2643/2643
f 2644/2644 3055/3055 3014/3014
f 2645/2645 3055/3055 2644/2644
f 2645/2645 3054/3054 3055/3055
f 2646/2646 3054/3054 2645/2645
f 2646/2646 3053/3053 3054/3054
f 2647/2647 3053/3053 2646/2646
f 2647/2647 3052/3052 3053/3053
f 2648/2648 3052/3052 2647/2647
f 2648/2648 3051/3051 3052/3052
f 2649/2649 3051/3051 2648/2648
f 2649/2649 3050/3050 3051/3051
f 2650/2650 3050/3050 2649/2649
f 2650/2650 3049/3049 3050/3050
f 2651/2651 3049/3049 2650/2650
f 2651/2651 3048/3048 3049/3049
f 2652/2652 3048/3048 2651/2651
f 2652/2652 3047/3047 3048/3048
f 2653/2653 3047/3047 2652/2652
f 2653/2653 3046/3046 3047/3047
f 2654/2654 3045/3045 3046/3046
f 2654/2654 3046/3046 2653/2653
f 2655/2655 3044/3044 3045/3045
f 2655/2655 3045/3045 2654/2654
f 2656/2656 3044/3044 2655/2655
f 2656/2656 3043/3043 3044/3044
f 2657/2657 3042/3042 3043/3043
f 2657/2657 3043/3043 2656/2656
f 2658/2658 3041/3041 3042/3042
f 2658/2658 3042/3042 2657/2657
f 2659/2659 3040/3040 3041/3041
f 2659/2659 3041/3041 2658/2658
f 2660/2660 3039/3039 3040/3040
f 2660/2660 3040/3040 2659/2659
f 2661/2661 3038/3038 3039/3039
f 2661/2661 3039/3039 2660/2660
f 2662/2662 3037/3037 3038/3038
f 2662/2662 3038/3038 2661/2661
f 2663/2663 3036/3036 3037/3037
f 2663/2663 3037/3037 2662/2662
f 2664/2664 3035/3035 3036/3036
f 2664/2664 3036/3036 2663/2663
f 2665/2665 3034/3034 3035/3035
f 2665/2665 3035/3035 2664/2664
f 2666/2666 3033/3033 3034/3034
f 2666/2666 3034/3034 2665/2665
f 2667/2667 3032/3032 3033/3033
f 2667/2667 3033/3033 2666/2666
f 2668/2668 3031/3031 3032/3032
f 2668/2668 3032/3032 2667/2667
f 2669/2669 3030/3030 3031/3031
f 2669/2669 3031/3031 2668/2668
f 2670/2670 3029/3029 3030/3030
f 2670/2670 3030/3030 2669/2669
f 2671/2671 3029/3029 2670/2670
f 2671/2671 3028/3028 3029/3029
f 2672/2672 3028/3028 2671/2671
f 2672/2672 3027/3027 3028/3028
f 2673/2673 3027/3027 2672/2672
f 2673/2673 3026/3026 3027/3027
f 2674/2674 3025/3025 3026/3026
f 2674/2674 3026/3026 2673/2673
f 2675/2675 3024/3024 3025/3025
f 2675/2675 3025/3025 2674/2674
f 2676/2676 3022/3022 3023/3023
f 2676/2676 3023/3023 3024/3024
f 2676/2676 3024/3024 2675/2675
f 2677/2677 3022/3022 2676/2676
f 2678/2678 3021/3021 3022/3022
f 2678/2678 3022/3022 2677/2677
f 2679/2679 3020/3020 3021/3021
f 2679/2679 3021/3021 2678/2678
f 2680/2680 3019/3019 3020/3020
f 2680/2680 3020/3020 2679/2679
f 2681/2681 3018/3018 3019/3019
f 2681/2681 3019/3019 2680/2680
f 2682/2682 3017/3017 3018/3018
f 2682/2682 3018/3018 2681/2681
f 2683/2683 3016/3016 3017/3017
f 2683/2683 3017/3017 2682/2682
f 2684/2684 3015/3015 3016/3016
f 2684/2684 3016/3016 2683/2683
f 2643/2643 3014/3014 3015/3015
f 2643/2643 3015/3015 2684/2684
f 2712/2712 3056/3056 2711/2711
f 2712/2712 3097/3097 3056/3056
f 2713/2713 3097/3097 2712/2712
f 2713/2713 3096/3096 3097/3097
f 2714/2714 3096/3096 2713/2713
f 2714/2714 3095/3095 3096/3096
f 2715/2715 3095/3095 2714/2714
f 2715/2715 3094/3094 3095/3095
f 2716/2716 3094/3094 2715/2715
f 2716/2716 3093/3093 3094/3094
f 2717/2717 3093/3093 2716/2716
f 2717/2717 3092/3092 3093/3093
f 2718/2718 3092/3092 2717/2717
f 2718/2718 3091/3091 3092/3092
f 2719/2719 3091/3091 2718/2718
f 2719/2719 3090/3090 3091/3091
f 2720/2720 3090/3090 2719/2719
f 2720/2720 3089/3089 3090/3090
f 2721/2721 3089/3089 2720/2720
f 2721/2721 3088/3088 3089/3089
f 2722/2722 3087/3087 3088/3088
f 2722/2722 3088/3088 2721/2721
f 2723/2723 3086/3086 3087/3087
f 2723/2723 3087/3087 2722/2722
f 2724/2724 3086/3086 2723/2723
f 2724/2724 3085/3085 3086/3086
f 2725/2725 3084/3084 3085/3085
f 2725/2725 3085/3085 2724/2724
f 2726/2726 3083/3083 3084/3084
f 2726/2726 3084/3084 2725/2725
f 2727/2727 3082/3082 3083/3083
f 2727/2727 3083/3083 2726/2726
f 2728/2728 3081/3081 3082/3082
f 2728/2728 3082/3082 2727/2727
f 2729/2729 3080/3080 3081/3081
f 2729/2729 3081/3081 2728/2728
f 2730/2730 3079/3079 3080/3080
f 2730/2730 3080/3080 2729/2729
f 2731/2731 3078/3078 3079/3079
f 2731/2731 3079/3079 2730/2730
f 2732/2732 3077/3077 3078/3078
f 2732/2732 3078/3078 2731/2731
f 2733/2733 3076/3076 3077/3077
f 2733/2733 3077/3077 2732/2732
f 2734/2734 3075/3075 3076/3076
f 2734/2734 3076/3076 2733/2733
f 2735/2735 3074/3074 3075/3075
f 2735/2735 3075/3075 2734/2734
f 2736/2736 3073/3073 3074/3074
f 2736/2736 3074/3074 2735/2735
f 2737/2737 3072/3072 3073/3073
f 2737/2737 3073/3073 2736/2736
f 2738/2738 3071/3071 3072/3072
f 2738/2738 3072/3072 2737/2737
f 2739/2739 3071/3071 2738/2738
f 2739/2739 3070/3070 3071/3071
f 2740/2740 3070/3070 2739/2739
f 2740/2740 3069/3069 3070/3070
f 2741/2741 3069/3069 2740/2740
f 2741/2741 3068/3068 3069/3069
f 2742/2742 3067/3067 3068/3068
f 2742/2742 3068/3068 2741/2741
f 2743/2743 3066/3066 3067/3067
f 2743/2743 3067/3067 2742/2742
f 2744/2744 3064/3064 3065/3065
f 2744/2744 3065/3065 3066/3066
f 2744/2744 3066/3066 2743/2743
f 2745/2745 3064/3064 2744/2744
f 2746/2746 3063/3063 3064/3064
f 2746/2746 3064/3064 2745/2745
f 2747/2747 3062/3062 3063/3063
f 2747/2747 3063/3063 2746/2746
f 2748/2748 3061/3061 3062/3062
f 2748/2748 3062/3062 2747/2747
f 2749/2749 3060/3060 3061/3061
f 2749/2749 3061/3061 2748/2748
f 2750/2750 3059/3059 3060/3060
f 2750/2750 3060/3060 2749/2749
f 2751/2751 3058/3058 3059/3059
f 2751/2751 3059/3059 2750/2750
f 2752/2752 3057/3057 3058/3058
f 2752/2752 3058/3058 2751/2751
f 2711/2711 3056/3056 3057/3057
f 2711/2711 3057/3057 2752/2752
f 2365/2365 2853/2853 2350/2350
f 2365/2365 2851/2851 2852/2852
f 2365/2365 2852/2852 2853/2853
f 2364/2364 2850/2850 2851/2851
f 2364/2364 2851/2851 2365/2365
f 2363/2363 2849/2849 2850/2850
f 2363/2363 2850/2850 2364/2364
f 2362/2362 2848/2848 2849/2849
f 2362/2362 2849/2849 2363/2363
f 2361/2361 2847/2847 2848/2848
f 2361/2361 2848/2848 2362/2362
f 2360/2360 2847/2847 2361/2361
f 2359/2359 2846/2846 2847/2847
f 2359/2359 2847/2847 2360/2360
f 1632/1632 1631/1631 2846/2846
f 1632/1632 2846/2846 2359/2359
f 2700/2700 2692/2692 2693/2693
f 2701/2701 2691/2691 2692/2692
f 2701/2701 2692/2692 2700/2700
f 2702/2702 2690/2690 2691/2691
f 2702/2702 2691/2691 2701/2701
f 2703/2703 2685/2685 2690/2690
f 2703/2703 2690/2690 2702/2702
f 2704/2704 2689/2689 2685/2685
f 2704/2704 2685/2685 2703/2703
f 2707/2707 2687/2687 2688/2688
f 2707/2707 2688/2688 2689/2689
f 2707/2707 2689/2689 2704/2704
f 2708/2708 2686/2686 2687/2687
f 2708/2708 2687/2687 2707/2707
f 2709/2709 1545/1545 2686/2686
f 2709/2709 2686/2686 2708/2708
f 1546/1546 1545/1545 2709/2709
f 3141/3141 2804/2804 3140/3140
f 3141/3141 2845/2845 2804/2804
f 3142/3142 2845/2845 3141/3141
f 3142/3142 2844/2844 2845/2845
f 3143/3143 2844/2844 3142/3142
f 3143/3143 2843/2843 2844/2844
f 3144/3144 2843/2843 3143/3143
f 3144/3144 2842/2842 2843/2843
f 3145/3145 2842/2842 3144/3144
f 3145/3145 2841/2841 2842/2842
f 3146/3146 2841/2841 3145/3145
f 3146/3146 2840/2840 2841/2841
f 3147/3147 2840/2840 3146/3146
f 3147/3147 2839/2839 2840/2840
f 3148/3148 2839/2839 3147/3147
f 3148/3148 2838/2838 2839/2839
f 3149/3149 2838/2838 3148/3148
f 3149/3149 2837/2837 2838/2838
f 3150/3150 2837/2837 3149/3149
f 3150/3150 2836/2836 2837/2837
f 3151/3151 2835/2835 2836/2836
f 3151/3151 2836/2836 3150/3150
f 3152/3152 2834/2834 2835/2835
f 3152/3152 2835/2835 3151/3151
f 3153/3153 2834/2834 3152/3152
f 3153/3153 2833/2833 2834/2834
f 3154/3154 2832/2832 2833/2833
f 3154/3154 2833/2833 3153/3153
f 3155/3155 2831/2831 2832/2832
f 3155/3155 2832/2832 3154/3154
f 3156/3156 2830/2830 2831/2831
f 3156/3156 2831/2831 3155/3155
f 3157/3157 2829/2829 2830/2830
f 3157/3157 2830/2830 3156/3156
f 3158/3158 2828/2828 2829/2829
f 3158/3158 2829/2829 3157/3157
f 3159/3159 2827/2827 2828/2828
f 3159/3159 2828/2828 3158/3158
f 3160/3160 2826/2826 2827/2827
f 3160/3160 2827/2827 3159/3159
f 3161/3161 2825/2825 2826/2826
f 3161/3161 2826/2826 3160/3160
f 3162/3162 2824/2824 2825/2825
f 3162/3162 2825/2825 3161/3161
f 3163/3163 2823/2823 2824/2824
f 3163/3163 2824/2824 3162/3162
f 3164/3164 2822/2822 2823/2823
f 3164/3164 2823/2823 3163/3163
f 3165/3165 2821/2821 2822/2822
f 3165/3165 2822/2822 3164/3164
f 3166/3166 2820/2820 2821/2821
f 3166/3166 2821/2821 3165/3165
f 3167/3167 2819/2819 2820/2820
f 3167/3167 2820/2820 3166/3166
f 3168/3168 2819/2819 3167/3167
f 3168/3168 2818/2818 2819/2819
f 3169/3169 2818/2818 3168/3168
f 3169/3169 2817/2817 2818/2818
f 3170/3170 2817/2817 3169/3169
f 3170/3170 2816/2816 2817/2817
f 3171/3171 2815/2815 2816/2816
f 3171/3171 2816/2816 3170/3170
f 3172/3172 2814/2814 2815/2815
f 3172/3172 2815/2815 3171/3171
f 3173/3173 2812/2812 2813/2813
f 3173/3173 2813/2813 2814/2814
f 3173/3173 2814/2814 3172/3172
f 3174/3174 2812/2812 3173/3173
f 3175/3175 2811/2811 2812/2812
f 3175/3175 2812/2812 3174/3174
f 3176/3176 2810/2810 2811/2811
f 3176/3176 2811/2811 3175/3175
f 3177/3177 2809/2809 2810/2810
f 3177/3177 2810/2810 3176/3176
f 3178/3178 2808/2808 2809/2809
f 3178/3178 2809/2809 3177/3177
f 3179/3179 2807/2807 2808/2808
f 3179/3179 2808/2808 3178/3178
f 3180/3180 2806/2806 2807/2807
f 3180/3180 2807/2807 3179/3179
f 3181/3181 2805/2805 2806/2806
f 3181/3181 2806/2806 3180/3180
f 3140/3140 2804/2804 2805/2805
f 3140/3140 2805/2805 3181/3181
f 3099/3099 2930/2930 3098/3098
f 3099/3099 2971/2971 2930/2930
f 3100/3100 2971/2971 3099/3099
f 3100/3100 2970/2970 2971/2971
f 3101/3101 2970/2970 3100/3100
f 3101/3101 2969/2969 2970/2970
f 3102/3102 2969/2969 3101/3101
f 3102/3102 2968/2968 2969/2969
f 3103/3103 2968/2968 3102/3102
f 3103/3103 2967/2967 2968/2968
f 3104/3104 2967/2967 3103/3103
f 3104/3104 2966/2966 2967/2967
f 3105/3105 2966/2966 3104/3104
f 3105/3105 2965/2965 2966/2966
f 3106/3106 2965/2965 3105/3105
f 3106/3106 2964/2964 2965/2965
f 3107/3107 2964/2964 3106/3106
f 3107/3107 2963/2963 2964/2964
f 3108/3108 2963/2963 3107/3107
f 3108/3108 2962/2962 2963/2963
f 3109/3109 2961/2961 2962/2962
f 3109/3109 2962/2962 3108/3108
f 3110/3110 2960/2960 2961/2961
f 3110/3110 2961/2961 3109/3109
f 3111/3111 2960/2960 3110/3110
f 3111/3111 2959/2959 2960/2960
f 3112/3112 2958/2958 2959/2959
f 3112/3112 2959/2959 3111/3111
f 3113/3113 2957/2957 2958/2958
f 3113/3113 2958/2958 3112/3112
f 3114/3114 2956/2956 2957/2957
f 3114/3114 2957/2957 3113/3113
f 3115/3115 2955/2955 2956/2956
f 3115/3115 2956/2956 3114/3114
f 3116/3116 2954/2954 2955/2955
f 3116/3116 2955/2955 3115/3115
f 3117/3117 2953/2953 2954/2954
f 3117/3117 2954/2954 3116/3116
f 3118/3118 2952/2952 2953/2953
f 3118/3118 2953/2953 3117/3117
f 3119/3119 2951/2951 2952/2952
f 3119/3119 2952/2952 3118/3118
f 3120/3120 2950/2950 2951/2951
f 3120/3120 2951/2951 3119/3119
f 3121/3121 2949/2949 2950/2950
f 3121/3121 2950/2950 3120/3120
f 3122/3122 2948/2948 2949/2949
f 3122/3122 2949/2949 3121/3121
f 3123/3123 2947/2947 2948/2948
f 3123/3123 2948/2948 3122/3122
f 3124/3124 2946/2946 2947/2947
f 3124/3124 2947/2947 3123/3123
f 3125/3125 2945/2945 2946/2946
f 3125/3125 2946/2946 3124/3124
f 3126/3126 2945/2945 3125/3125
f 3126/3126 2944/2944 2945/2945
f 3127/3127 2944/2944 3126/3126
f 3127/3127 2943/2943 2944/2944
f 3128/3128 2943/2943 3127/3127
f 3128/3128 2942/2942 2943/2943
f 3129/3129 2941/2941 2942/2942
f 3129/3129 2942/2942 3128/3128
f 3130/3130 2940/2940 2941/2941
f 3130/3130 2941/2941 3129/3129
f 3131/3131 2938/2938 2939/2939
f 3131/3131 2939/2939 2940/2940
f 3131/3131 2940/2940 3130/3130
f 3132/3132 2938/2938 3131/3131
f 3133/3133 2937/2937 2938/2938
f 3133/3133 2938/2938 3132/3132
f 3134/3134 2936/2936 2937/2937
f 3134/3134 2937/2937 3133/3133
f 3135/3135 2935/2935 2936/2936
f 3135/3135 2936/2936 3134/3134
f 3136/3136 2934/2934 2935/2935
f 3136/3136 2935/2935 3135/3135
f 3137/3137 2933/2933 2934/2934
f 3137/3137 2934/2934 3136/3136
f 3138/3138 2932/2932 2933/2933
f 3138/3138 2933/2933 3137/3137
f 3139/3139 2931/2931 2932/2932
f 3139/3139 2932/2932 3138/3138
f 3098/3098 2930/2930 2931/2931
f 3098/3098 2931/2931 3139/3139
f 1773/1773 1774/1774 3197/3197
f 3218/3218 1797/1797 1798/1798
f 3218/3218 1798/1798 2428/2428
f 3219/3219 3218/3218 2428/2428
f 3219/3219 1797/1797 3218/3218
f 3220/3220 3219/3219 2428/2428
f 3220/3220 2428/2428 2429/2429
f 3221/3221 1796/1796 1797/1797
f 3221/3221 1797/1797 3219/3219
f 3222/3222 3220/3220 2429/2429
f 3222/3222 2429/2429 2430/2430
f 3223/3223 3219/3219 3220/3220
f 3223/3223 3221/3221 3219/3219
f 3224/3224 1796/1796 3221/3221
f 3225/3225 3223/3223 3220/3220
f 3225/3225 3220/3220 3222/3222
f 3226/3226 3221/3221 3223/3223
f 3226/3226 1796/1796 3224/3224
f 3226/3226 3224/3224 3221/3221
f 3227/3227 3225/3225 3222/3222
f 3227/3227 3222/3222 2430/2430
f 3228/3228 3223/3223 3225/3225
f 3228/3228 3226/3226 3223/3223
f 3229/3229 3227/3227 2430/2430
f 3229/3229 2430/2430 2431/2431
f 3230/3230 3225/3225 3227/3227
f 3230/3230 3228/3228 3225/3225
f 3231/3231 2431/2431 2432/2432
f 3231/3231 3229/3229 2431/2431
f 3232/3232 3227/3227 3229/3229
f 3232/3232 3230/3230 3227/3227
f 3233/3233 1795/1795 1796/1796
f 3234/3234 3229/3229 3231/3231
f 3234/3234 3232/3232 3229/3229
f 3234/3234 2432/2432 2433/2433
f 3234/3234 3231/3231 2432/2432
f 3235/3235 1795/1795 3233/3233
f 3235/3235 3233/3233 1796/1796
f 3235/3235 1796/1796 3226/3226
f 3236/3236 2433/2433 2434/2434
f 3236/3236 3234/3234 2433/2433
f 3237/3237 3235/3235 3226/3226
f 3237/3237 3226/3226 3228/3228
f 3238/3238 2434/2434 2435/2435
f 3238/3238 3236/3236 2434/2434
f 3239/3239 3228/3228 3230/3230
f 3239/3239 3237/3237 3228/3228
f 3240/3240 2435/2435 2436/2436
f 3240/3240 3238/3238 2435/2435
f 3241/3241 3239/3239 3230/3230
f 3241/3241 3230/3230 3232/3232
f 3242/3242 2436/2436 2437/2437
f 3242/3242 2437/2437 2438/2438
f 3242/3242 3240/3240 2436/2436
f 3243/3243 1794/1794 1795/1795
f 3244/3244 3232/3232 3234/3234
f 3244/3244 3241/3241 3232/3232
f 3245/3245 1795/1795 3235/3235
f 3245/3245 3243/3243 1795/1795
f 3245/3245 1794/1794 3243/3243
f 3246/3246 3244/3244 3234/3234
f 3246/3246 3234/3234 3236/3236
f 3247/3247 3235/3235 3237/3237
f 3247/3247 3245/3245 3235/3235
f 3248/3248 3236/3236 3238/3238
f 3248/3248 3246/3246 3236/3236
f 3249/3249 3237/3237 3239/3239
f 3249/3249 3247/3247 3237/3237
f 3250/3250 3238/3238 3240/3240
f 3250/3250 3248/3248 3238/3238
f 3251/3251 3249/3249 3239/3239
f 3251/3251 3239/3239 3241/3241
f 3252/3252 3242/3242 2438/2438
f 3252/3252 3250/3250 3240/3240
f 3252/3252 3240/3240 3242/3242
f 3253/3253 1793/1793 1794/1794
f 3254/3254 2439/2439 3198/3198
f 3254/3254 3252/3252 2438/2438
f 3254/3254 2438/2438 2439/2439
f 3255/3255 3251/3251 3241/3241
f 3255/3255 3241/3241 3244/3244
f 3256/3256 1794/1794 3245/3245
f 3256/3256 3253/3253 1794/1794
f 3256/3256 1793/1793 3253/3253
f 3257/3257 3244/3244 3246/3246
f 3257/3257 3255/3255 3244/3244
f 3257/3257 3246/3246 3248/3248
f 3258/3258 3256/3256 3245/3245
f 3258/3258 3245/3245 3247/3247
f 3259/3259 3257/3257 3248/3248
f 3260/3260 3247/3247 3249/3249
f 3260/3260 3249/3249 3251/3251
f 3260/3260 3258/3258 3247/3247
f 3261/3261 3248/3248 3250/3250
f 3261/3261 3259/3259 3248/3248
f 3262/3262 3260/3260 3251/3251
f 3263/3263 3250/3250 3252/3252
f 3263/3263 3261/3261 3250/3250
f 3264/3264 1792/1792 1793/1793
f 3265/3265 3198/3198 3199/3199
f 3265/3265 3199/3199 3200/3200
f 3265/3265 3263/3263 3252/3252
f 3265/3265 3252/3252 3254/3254
f 3265/3265 3254/3254 3198/3198
f 3266/3266 3251/3251 3255/3255
f 3266/3266 3262/3262 3251/3251
f 3267/3267 3264/3264 1793/1793
f 3267/3267 1792/1792 3264/3264
f 3267/3267 1793/1793 3256/3256
f 3268/3268 3255/3255 3257/3257
f 3268/3268 3266/3266 3255/3255
f 3269/3269 3256/3256 3258/3258
f 3269/3269 3267/3267 3256/3256
f 3270/3270 3257/3257 3259/3259
f 3270/3270 3259/3259 3261/3261
f 3270/3270 3268/3268 3257/3257
f 3271/3271 3269/3269 3258/3258
f 3271/3271 3258/3258 3260/3260
f 3272/3272 3270/3270 3261/3261
f 3273/3273 3271/3271 3260/3260
f 3273/3273 3260/3260 3262/3262
f 3274/3274 3272/3272 3261/3261
f 3274/3274 3261/3261 3263/3263
f 3275/3275 1791/1791 1792/1792
f 3276/3276 3274/3274 3263/3263
f 3276/3276 3265/3265 3200/3200
f 3276/3276 3263/3263 3265/3265
f 3277/3277 3273/3273 3262/3262
f 3277/3277 3262/3262 3266/3266
f 3278/3278 3275/3275 1792/1792
f 3278/3278 1792/1792 3267/3267
f 3278/3278 1791/1791 3275/3275
f 3279/3279 3277/3277 3266/3266
f 3279/3279 3266/3266 3268/3268
f 3280/3280 3278/3278 3267/3267
f 3280/3280 3267/3267 3269/3269
f 3281/3281 3279/3279 3268/3268
f 3281/3281 3268/3268 3270/3270
f 3282/3282 3280/3280 3269/3269
f 3282/3282 3269/3269 3271/3271
f 3282/3282 3271/3271 3273/3273
f 3283/3283 3281/3281 3270/3270
f 3283/3283 3270/3270 3272/3272
f 3284/3284 3282/3282 3273/3273
f 3285/3285 3272/3272 3274/3274
f 3285/3285 3283/3283 3272/3272
f 3286/3286 1790/1790 1791/1791
f 3287/3287 3274/3274 3276/3276
f 3287/3287 3276/3276 3200/3200
f 3287/3287 3285/3285 3274/3274
f 3287/3287 3200/3200 3201/3201
f 3288/3288 3273/3273 3277/3277
f 3288/3288 3284/3284 3273/3273
f 3289/3289 1791/1791 3278/3278
f 3289/3289 1790/1790 3286/3286
f 3289/3289 3286/3286 1791/1791
f 3290/3290 3277/3277 3279/3279
f 3290/3290 3288/3288 3277/3277
f 3291/3291 3289/3289 3278/3278
f 3291/3291 3278/3278 3280/3280
f 3292/3292 3290/3290 3279/3279
f 3292/3292 3279/3279 3281/3281
f 3293/3293 3280/3280 3282/3282
f 3293/3293 3291/3291 3280/3280
f 3293/3293 3282/3282 3284/3284
f 3294/3294 3281/3281 3283/3283
f 3294/3294 3292/3292 3281/3281
f 3295/3295 3293/3293 3284/3284
f 3296/3296 3283/3283 3285/3285
f 3296/3296 3294/3294 3283/3283
f 3297/3297 1789/1789 1790/1790
f 3298/3298 3201/3201 3202/3202
f 3298/3298 3285/3285 3287/3287
f 3298/3298 3287/3287 3201/3201
f 3298/3298 3296/3296 3285/3285
f 3299/3299 3284/3284 3288/3288
f 3299/3299 3295/3295 3284/3284
f 3300/3300 1790/1790 3289/3289
f 3300/3300 3297/3297 1790/1790
f 3300/3300 1789/1789 3297/3297
f 3301/3301 3288/3288 3290/3290
f 3301/3301 3299/3299 3288/3288
f 3302/3302 3289/3289 3291/3291
f 3302/3302 3291/3291 3293/3293
f 3302/3302 3300/3300 3289/3289
f 3303/3303 3290/3290 3292/3292
f 3303/3303 3301/3301 3290/3290
f 3304/3304 3302/3302 3293/3293
f 3305/3305 3292/3292 3294/3294
f 3305/3305 3294/3294 3296/3296
f 3305/3305 3303/3303 3292/3292
f 3306/3306 3293/3293 3295/3295
f 3306/3306 3304/3304 3293/3293
f 3307/3307 3305/3305 3296/3296
f 3308/3308 1788/1788 1789/1789
f 3309/3309 3307/3307 3296/3296
f 3309/3309 3202/3202 3203/3203
f 3309/3309 3296/3296 3298/3298
f 3309/3309 3298/3298 3202/3202
f 3310/3310 3306/3306 3295/3295
f 3310/3310 3295/3295 3299/3299
f 3311/3311 3308/3308 1789/1789
f 3311/3311 1789/1789 3300/3300
f 3312/3312 3310/3310 3299/3299
f 3312/3312 3299/3299 3301/3301
f 3312/3312 3301/3301 3303/3303
f 3313/3313 3311/3311 3300/3300
f 3313/3313 3300/3300 3302/3302
f 3314/3314 3312/3312 3303/3303
f 3315/3315 3302/3302 3304/3304
f 3315/3315 3313/3313 3302/3302
f 3316/3316 3303/3303 3305/3305
f 3316/3316 3314/3314 3303/3303
f 3317/3317 3304/3304 3306/3306
f 3317/3317 3315/3315 3304/3304
f 3318/3318 3305/3305 3307/3307
f 3318/3318 3316/3316 3305/3305
f 3318/3318 3307/3307 3309/3309
f 3319/3319 3308/3308 3311/3311
f 3319/3319 1787/1787 1788/1788
f 3319/3319 1788/1788 3308/3308
f 3320/3320 3318/3318 3309/3309
f 3320/3320 3203/3203 3204/3204
f 3320/3320 3204/3204 3205/3205
f 3320/3320 3309/3309 3203/3203
f 3321/3321 3317/3317 3306/3306
f 3321/3321 3306/3306 3310/3310
f 3322/3322 3319/3319 3311/3311
f 3323/3323 3321/3321 3310/3310
f 3323/3323 3310/3310 3312/3312
f 3324/3324 3311/3311 3313/3313
f 3324/3324 3313/3313 3315/3315
f 3324/3324 3322/3322 3311/3311
f 3325/3325 3312/3312 3314/3314
f 3325/3325 3314/3314 3316/3316
f 3325/3325 3323/3323 3312/3312
f 3326/3326 3324/3324 3315/3315
f 3327/3327 3325/3325 3316/3316
f 3327/3327 3316/3316 3318/3318
f 3328/3328 3317/3317 3321/3321
f 3328/3328 3315/3315 3317/3317
f 3328/3328 3326/3326 3315/3315
f 3329/3329 3327/3327 3318/3318
f 3330/3330 1786/1786 1787/1787
f 3330/3330 1787/1787 3319/3319
f 3331/3331 3318/3318 3320/3320
f 3331/3331 3329/3329 3318/3318
f 3331/3331 3320/3320 3205/3205
f 3332/3332 3328/3328 3321/3321
f 3333/3333 3330/3330 3319/3319
f 3333/3333 3319/3319 3322/3322
f 3334/3334 3321/3321 3323/3323
f 3334/3334 3332/3332 3321/3321
f 3335/3335 3322/3322 3324/3324
f 3335/3335 3333/3333 3322/3322
f 3336/3336 3323/3323 3325/3325
f 3336/3336 3325/3325 3327/3327
f 3336/3336 3334/3334 3323/3323
f 3337/3337 3324/3324 3326/3326
f 3337/3337 3335/3335 3324/3324
f 3338/3338 3336/3336 3327/3327
f 3339/3339 3337/3337 3326/3326
f 3339/3339 3326/3326 3328/3328
f 3340/3340 3338/3338 3327/3327
f 3340/3340 3327/3327 3329/3329
f 3341/3341 1785/1785 1786/1786
f 3341/3341 1786/1786 3330/3330
f 3341/3341 3330/3330 3333/3333
f 3342/3342 3340/3340 3329/3329
f 3342/3342 3205/3205 3206/3206
f 3342/3342 3329/3329 3331/3331
f 3342/3342 3331/3331 3205/3205
f 3343/3343 3339/3339 3328/3328
f 3343/3343 3328/3328 3332/3332
f 3343/3343 3332/3332 3334/3334
f 3344/3344 3341/3341 3333/3333
f 3345/3345 3343/3343 3334/3334
f 3346/3346 3344/3344 3333/3333
f 3346/3346 3333/3333 3335/3335
f 3347/3347 3334/3334 3336/3336
f 3347/3347 3345/3345 3334/3334
f 3348/3348 3346/3346 3335/3335
f 3348/3348 3335/3335 3337/3337
f 3349/3349 3336/3336 3338/3338
f 3349/3349 3347/3347 3336/3336
f 3350/3350 3337/3337 3339/3339
f 3350/3350 3348/3348 3337/3337
f 3350/3350 3339/3339 3343/3343
f 3351/3351 3349/3349 3338/3338
f 3351/3351 3338/3338 3340/3340
f 3352/3352 1783/1783 1784/1784
f 3352/3352 1784/1784 1785/1785
f 3352/3352 1785/1785 3341/3341
f 3353/3353 3340/3340 3342/3342
f 3353/3353 3351/3351 3340/3340
f 3353/3353 3206/3206 3207/3207
f 3353/3353 3342/3342 3206/3206
f 3354/3354 3350/3350 3343/3343
f 3355/3355 3352/3352 3341/3341
f 3355/3355 3341/3341 3344/3344
f 3356/3356 3343/3343 3345/3345
f 3356/3356 3354/3354 3343/3343
f 3357/3357 3346/3346 3348/3348
f 3357/3357 3355/3355 3344/3344
f 3357/3357 3344/3344 3346/3346
f 3358/3358 3345/3345 3347/3347
f 3358/3358 3347/3347 3349/3349
f 3358/3358 3356/3356 3345/3345
f 3359/3359 3357/3357 3348/3348
f 3360/3360 3358/3358 3349/3349
f 3361/3361 3348/3348 3350/3350
f 3361/3361 3359/3359 3348/3348
f 3362/3362 3351/3351 3353/3353
f 3362/3362 3349/3349 3351/3351
f 3362/3362 3360/3360 3349/3349
f 3363/3363 1783/1783 3352/3352
f 3364/3364 3350/3350 3354/3354
f 3364/3364 3361/3361 3350/3350
f 3365/3365 3353/3353 3207/3207
f 3365/3365 3207/3207 3208/3208
f 3365/3365 3362/3362 3353/3353
f 3366/3366 3363/3363 3352/3352
f 3366/3366 3352/3352 3355/3355
f 3367/3367 3354/3354 3356/3356
f 3367/3367 3364/3364 3354/3354
f 3368/3368 3355/3355 3357/3357
f 3368/3368 3366/3366 3355/3355
f 3369/3369 3356/3356 3358/3358
f 3369/3369 3367/3367 3356/3356
f 3370/3370 3357/3357 3359/3359
f 3370/3370 3368/3368 3357/3357
f 3371/3371 3369/3369 3358/3358
f 3371/3371 3358/3358 3360/3360
f 3372/3372 3359/3359 3361/3361
f 3372/3372 3370/3370 3359/3359
f 3373/3373 3360/3360 3362/3362
f 3373/3373 3371/3371 3360/3360
f 3374/3374 1782/1782 1783/1783
f 3374/3374 1783/1783 3363/3363
f 3375/3375 3361/3361 3364/3364
f 3375/3375 3372/3372 3361/3361
f 3376/3376 3208/3208 3209/3209
f 3376/3376 3365/3365 3208/3208
f 3376/3376 3362/3362 3365/3365
f 3376/3376 3373/3373 3362/3362
f 3377/3377 3374/3374 3363/3363
f 3377/3377 3363/3363 3366/3366
f 3378/3378 3375/3375 3364/3364
f 3378/3378 3364/3364 3367/3367
f 3378/3378 3367/3367 3369/3369
f 3379/3379 3377/3377 3366/3366
f 3379/3379 3366/3366 3368/3368
f 3380/3380 3378/3378 3369/3369
f 3381/3381 3379/3379 3368/3368
f 3381/3381 3368/3368 3370/3370
f 3381/3381 3370/3370 3372/3372
f 3382/3382 3380/3380 3369/3369
f 3382/3382 3369/3369 3371/3371
f 3383/3383 3381/3381 3372/3372
f 3384/3384 3382/3382 3371/3371
f 3384/3384 3373/3373 3376/3376
f 3384/3384 3371/3371 3373/3373
f 3385/3385 1781/1781 1782/1782
f 3385/3385 1782/1782 3374/3374
f 3386/3386 3372/3372 3375/3375
f 3386/3386 3383/3383 3372/3372
f 3387/3387 3384/3384 3376/3376
f 3387/3387 3210/3210 3384/3384
f 3387/3387 3209/3209 3210/3210
f 3387/3387 3376/3376 3209/3209
f 3388/3388 3374/3374 3377/3377
f 3388/3388 3377/3377 3379/3379
f 3388/3388 3385/3385 3374/3374
f 3389/3389 3386/3386 3375/3375
f 3389/3389 3375/3375 3378/3378
f 3390/3390 3388/3388 3379/3379
f 3391/3391 3378/3378 3380/3380
f 3391/3391 3389/3389 3378/3378
f 3392/3392 3379/3379 3381/3381
f 3392/3392 3390/3390 3379/3379
f 3393/3393 3380/3380 3382/3382
f 3393/3393 3391/3391 3380/3380
f 3393/3393 3382/3382 3384/3384
f 3394/3394 3381/3381 3383/3383
f 3394/3394 3392/3392 3381/3381
f 3395/3395 3393/3393 3384/3384
f 3395/3395 3384/3384 3210/3210
f 3396/3396 1780/1780 1781/1781
f 3396/3396 1781/1781 3385/3385
f 3397/3397 3383/3383 3386/3386
f 3397/3397 3394/3394 3383/3383
f 3398/3398 3210/3210 3211/3211
f 3398/3398 3395/3395 3210/3210
f 3398/3398 3211/3211 3395/3395
f 3399/3399 3385/3385 3388/3388
f 3399/3399 3396/3396 3385/3385
f 3400/3400 3397/3397 3386/3386
f 3400/3400 3386/3386 3389/3389
f 3401/3401 3390/3390 3392/3392
f 3401/3401 3388/3388 3390/3390
f 3401/3401 3399/3399 3388/3388
f 3402/3402 3389/3389 3391/3391
f 3402/3402 3391/3391 3393/3393
f 3402/3402 3400/3400 3389/3389
f 3403/3403 3401/3401 3392/3392
f 3404/3404 3402/3402 3393/3393
f 3405/3405 3392/3392 3394/3394
f 3405/3405 3403/3403 3392/3392
f 3406/3406 3393/3393 3395/3395
f 3406/3406 3395/3395 3211/3211
f 3406/3406 3404/3404 3393/3393
f 3407/3407 1779/1779 1780/1780
f 3407/3407 1780/1780 3396/3396
f 3408/3408 3394/3394 3397/3397
f 3408/3408 3405/3405 3394/3394
f 3409/3409 3406/3406 3211/3211
f 3409/3409 3211/3211 3212/3212
f 3409/3409 3212/3212 3406/3406
f 3410/3410 3407/3407 3396/3396
f 3410/3410 3396/3396 3399/3399
f 3410/3410 3399/3399 3401/3401
f 3411/3411 3408/3408 3397/3397
f 3411/3411 3397/3397 3400/3400
f 3412/3412 3410/3410 3401/3401
f 3413/3413 3411/3411 3400/3400
f 3413/3413 3400/3400 3402/3402
f 3414/3414 3412/3412 3401/3401
f 3414/3414 3401/3401 3403/3403
f 3414/3414 3403/3403 3405/3405
f 3415/3415 3413/3413 3402/3402
f 3415/3415 3402/3402 3404/3404
f 3416/3416 3414/3414 3405/3405
f 3417/3417 3404/3404 3406/3406
f 3417/3417 3415/3415 3404/3404
f 3417/3417 3406/3406 3212/3212
f 3418/3418 1779/1779 3407/3407
f 3418/3418 1778/1778 1779/1779
f 3419/3419 3405/3405 3408/3408
f 3419/3419 3416/3416 3405/3405
f 3419/3419 3408/3408 3411/3411
f 3420/3420 3213/3213 3417/3417
f 3420/3420 3417/3417 3212/3212
f 3420/3420 3212/3212 3213/3213
f 3421/3421 3407/3407 3410/3410
f 3421/3421 3418/3418 3407/3407
f 3422/3422 3419/3419 3411/3411
f 3423/3423 3421/3421 3410/3410
f 3423/3423 3410/3410 3412/3412
f 3424/3424 3422/3422 3411/3411
f 3424/3424 3411/3411 3413/3413
f 3425/3425 3412/3412 3414/3414
f 3425/3425 3423/3423 3412/3412
f 3426/3426 3413/3413 3415/3415
f 3426/3426 3424/3424 3413/3413
f 3427/3427 3414/3414 3416/3416
f 3427/3427 3425/3425 3414/3414
f 3428/3428 3415/3415 3417/3417
f 3428/3428 3417/3417 3213/3213
f 3428/3428 3426/3426 3415/3415
f 3429/3429 1777/1777 1778/1778
f 3429/3429 1778/1778 3418/3418
f 3430/3430 3416/3416 3419/3419
f 3430/3430 3427/3427 3416/3416
f 3431/3431 3213/3213 3214/3214
f 3431/3431 3428/3428 3213/3213
f 3431/3431 3214/3214 3428/3428
f 3432/3432 3429/3429 3418/3418
f 3432/3432 3418/3418 3421/3421
f 3432/3432 3421/3421 3423/3423
f 3433/3433 3419/3419 3422/3422
f 3433/3433 3430/3430 3419/3419
f 3434/3434 3432/3432 3423/3423
f 3435/3435 3422/3422 3424/3424
f 3435/3435 3433/3433 3422/3422
f 3436/3436 3423/3423 3425/3425
f 3436/3436 3425/3425 3427/3427
f 3436/3436 3434/3434 3423/3423
f 3437/3437 3424/3424 3426/3426
f 3437/3437 3435/3435 3424/3424
f 3437/3437 3426/3426 3428/3428
f 3438/3438 3436/3436 3427/3427
f 3439/3439 3428/3428 3214/3214
f 3439/3439 3437/3437 3428/3428
f 3440/3440 1776/1776 1777/1777
f 3440/3440 1777/1777 3429/3429
f 3441/3441 3438/3438 3427/3427
f 3441/3441 3427/3427 3430/3430
f 3441/3441 3430/3430 3433/3433
f 3442/3442 3215/3215 3439/3439
f 3442/3442 3439/3439 3214/3214
f 3442/3442 3214/3214 3215/3215
f 3443/3443 3440/3440 3429/3429
f 3443/3443 3429/3429 3432/3432
f 3444/3444 3441/3441 3433/3433
f 3445/3445 3443/3443 3432/3432
f 3445/3445 3432/3432 3434/3434
f 3445/3445 3434/3434 3436/3436
f 3446/3446 3444/3444 3433/3433
f 3446/3446 3433/3433 3435/3435
f 3447/3447 3445/3445 3436/3436
f 3448/3448 3446/3446 3435/3435
f 3448/3448 3435/3435 3437/3437
f 3449/3449 3436/3436 3438/3438
f 3449/3449 3447/3447 3436/3436
f 3450/3450 3439/3439 3215/3215
f 3450/3450 3448/3448 3437/3437
f 3450/3450 3437/3437 3439/3439
f 3451/3451 1775/1775 1776/1776
f 3451/3451 1776/1776 3440/3440
f 3452/3452 3438/3438 3441/3441
f 3452/3452 3441/3441 3444/3444
f 3452/3452 3449/3449 3438/3438
f 3453/3453 3216/3216 3450/3450
f 3453/3453 3215/3215 3216/3216
f 3453/3453 3450/3450 3215/3215
f 3454/3454 3451/3451 3440/3440
f 3454/3454 3440/3440 3443/3443
f 3455/3455 3452/3452 3444/3444
f 3456/3456 3454/3454 3443/3443
f 3456/3456 3443/3443 3445/3445
f 3457/3457 1774/1774 1775/1775
f 3457/3457 1775/1775 3451/3451
f 3458/3458 3444/3444 3446/3446
f 3458/3458 3455/3455 3444/3444
f 3458/3458 3446/3446 3448/3448
f 3459/3459 3445/3445 3447/3447
f 3459/3459 3456/3456 3445/3445
f 3460/3460 3451/3451 3454/3454
f 3460/3460 3454/3454 3456/3456
f 3460/3460 3457/3457 3451/3451
f 3461/3461 3458/3458 3448/3448
f 3462/3462 3459/3459 3447/3447
f 3462/3462 3447/3447 3449/3449
f 3463/3463 3456/3456 3459/3459
f 3463/3463 3460/3460 3456/3456
f 3464/3464 3448/3448 3450/3450
f 3464/3464 3450/3450 3216/3216
f 3464/3464 3461/3461 3448/3448
f 3465/3465 1774/1774 3457/3457
f 3466/3466 3463/3463 3459/3459
f 3467/3467 3449/3449 3452/3452
f 3467/3467 3462/3462 3449/3449
f 3468/3468 3216/3216 3217/3217
f 3468/3468 3464/3464 3216/3216
f 3468/3468 3217/3217 3464/3464
f 3469/3469 3457/3457 3460/3460
f 3469/3469 3465/3465 3457/3457
f 3470/3470 3191/3191 3192/3192
f 3470/3470 3192/3192 3193/3193
f 3470/3470 3459/3459 3462/3462
f 3470/3470 3193/3193 3466/3466
f 3470/3470 3466/3466 3459/3459
f 3471/3471 3194/3194 3195/3195
f 3471/3471 3460/3460 3463/3463
f 3471/3471 3463/3463 3466/3466
f 3471/3471 3469/3469 3460/3460
f 3472/3472 3197/3197 1774/1774
f 3472/3472 3196/3196 3197/3197
f 3472/3472 1774/1774 3465/3465
f 3473/3473 3467/3467 3452/3452
f 3473/3473 3452/3452 3455/3455
f 3474/3474 3472/3472 3465/3465
f 3474/3474 3195/3195 3196/3196
f 3474/3474 3196/3196 3472/3472
f 3474/3474 3471/3471 3195/3195
f 3474/3474 3465/3465 3469/3469
f 3474/3474 3469/3469 3471/3471
f 3475/3475 3193/3193 3194/3194
f 3475/3475 3466/3466 3193/3193
f 3475/3475 3194/3194 3471/3471
f 3475/3475 3471/3471 3466/3466
f 3476/3476 3190/3190 3191/3191
f 3476/3476 3191/3191 3470/3470
f 3476/3476 3462/3462 3467/3467
f 3476/3476 3470/3470 3462/3462
f 3477/3477 3473/3473 3455/3455
f 3477/3477 3455/3455 3458/3458
f 3478/3478 3477/3477 3458/3458
f 3478/3478 3185/3185 3186/3186
f 3478/3478 3186/3186 3187/3187
f 3478/3478 3458/3458 3461/3461
f 3478/3478 3187/3187 3477/3477
f 3478/3478 3461/3461 3464/3464
f 3479/3479 3476/3476 3467/3467
f 3479/3479 3190/3190 3476/3476
f 3479/3479 3189/3189 3190/3190
f 3479/3479 3467/3467 3473/3473
f 3480/3480 3478/3478 3464/3464
f 3480/3480 3184/3184 3185/3185
f 3480/3480 3185/3185 3478/3478
f 3480/3480 3464/3464 3217/3217
f 3481/3481 3189/3189 3479/3479
f 3481/3481 3479/3479 3473/3473
f 3481/3481 3187/3187 3188/3188
f 3481/3481 3188/3188 3189/3189
f 3481/3481 3477/3477 3187/3187
f 3481/3481 3473/3473 3477/3477
f 3482/3482 3184/3184 3480/3480
f 3482/3482 3480/3480 3217/3217
f 3482/3482 3182/3182 3183/3183
f 3482/3482 3183/3183 3184/3184
f 3482/3482 3217/3217 3182/3182
f 2486/2486 2461/2461 2462/2462
f 2489/2489 2460/2460 2461/2461
f 2489/2489 2461/2461 2486/2486
f 2490/2490 2459/2459 2460/2460
f 2490/2490 2460/2460 2489/2489
f 2491/2491 2458/2458 2459/2459
f 2491/2491 2459/2459 2490/2490
f 2492/2492 2457/2457 2458/2458
f 2492/2492 2458/2458 2491/2491
f 2493/2493 2456/2456 2457/2457
f 2493/2493 2457/2457 2492/2492
f 2494/2494 2455/2455 2456/2456
f 2494/2494 2456/2456 2493/2493
f 2495/2495 2454/2454 2455/2455
f 2495/2495 2455/2455 2494/2494
f 2496/2496 2440/2440 2454/2454
f 2496/2496 2454/2454 2495/2495
f 3198/3198 2439/2439 2452/2452
f 2497/2497 2441/2441 2440/2440
f 2497/2497 2442/2442 2441/2441
f 2497/2497 2443/2443 2442/2442
f 2497/2497 2444/2444 2443/2443
f 2497/2497 2445/2445 2444/2444
f 2497/2497 2446/2446 2445/2445
f 2497/2497 2440/2440 2496/2496
f 2498/2498 2447/2447 2446/2446
f 2498/2498 2448/2448 2447/2447
f 2498/2498 2449/2449 2448/2448
f 2498/2498 2450/2450 2449/2449
f 2498/2498 2451/2451 2450/2450
f 2498/2498 2452/2452 2451/2451
f 2498/2498 2446/2446 2497/2497
f 2498/2498 3198/3198 2452/2452
f 2499/2499 3199/3199 3198/3198
f 2499/2499 3198/3198 2498/2498
f 2500/2500 3200/3200 3199/3199
f 2500/2500 3199/3199 2499/2499
f 2501/2501 3201/3201 3200/3200
f 2501/2501 3200/3200 2500/2500
f 2502/2502 3202/3202 3201/3201
f 2502/2502 3201/3201 2501/2501
f 2503/2503 3203/3203 3202/3202
f 2503/2503 3202/3202 2502/2502
f 2504/2504 3204/3204 3203/3203
f 2504/2504 3203/3203 2503/2503
f 2505/2505 3204/3204 2504/2504
f 2505/2505 3205/3205 3204/3204
f 2506/2506 3205/3205 2505/2505
f 2506/2506 3206/3206 3205/3205
f 2507/2507 3206/3206 2506/2506
f 2507/2507 3207/3207 3206/3206
f 2508/2508 3207/3207 2507/2507
f 2509/2509 3207/3207 2508/2508
f 2509/2509 3208/3208 3207/3207
f 2510/2510 3208/3208 2509/2509
f 2510/2510 3209/3209 3208/3208
f 2511/2511 3209/3209 2510/2510
f 2511/2511 3210/3210 3209/3209
f 2512/2512 3210/3210 2511/2511
f 2512/2512 3211/3211 3210/3210
f 2513/2513 3211/3211 2512/2512
f 2513/2513 3212/3212 3211/3211
f 2514/2514 3213/3213 3212/3212
f 2514/2514 3212/3212 2513/2513
f 2515/2515 3214/3214 3213/3213
f 2515/2515 3213/3213 2514/2514
f 2516/2516 3215/3215 3214/3214
f 2516/2516 3214/3214 2515/2515
f 2517/2517 3216/3216 3215/3215
f 2517/2517 3215/3215 2516/2516
f 3483/3483 3182/3182 3217/3217
f 2518/2518 3217/3217 3216/3216
f 2518/2518 3216/3216 2517/2517
f 2519/2519 3484/3484 3483/3483
f 2519/2519 3485/3485 3484/3484
f 2519/2519 3486/3486 3485/3485
f 2519/2519 3487/3487 3486/3486
f 2519/2519 3488/3488 3487/3487
f 2519/2519 3483/3483 3217/3217
f 2519/2519 3217/3217 2518/2518
f 2520/2520 3489/3489 3488/3488
f 2520/2520 3490/3490 3489/3489
f 2520/2520 3491/3491 3490/3490
f 2520/2520 3492/3492 3491/3491
f 2520/2520 3493/3493 3492/3492
f 2520/2520 3494/3494 3493/3493
f 2520/2520 3488/3488 2519/2519
f 2520/2520 2625/2625 3494/3494
f 2521/2521 2624/2624 2625/2625
f 2521/2521 2625/2625 2520/2520
f 2522/2522 2623/2623 2624/2624
f 2522/2522 2624/2624 2521/2521
f 2523/2523 2622/2622 2623/2623
f 2523/2523 2623/2623 2522/2522
f 2524/2524 2622/2622 2523/2523
f 2524/2524 2621/2621 2622/2622
f 2525/2525 2621/2621 2524/2524
f 2525/2525 2620/2620 2621/2621
f 2526/2526 2620/2620 2525/2525
f 2526/2526 2619/2619 2620/2620
f 2527/2527 2619/2619 2526/2526
f 2527/2527 2618/2618 2619/2619
f 2528/2528 2618/2618 2527/2527
f 2528/2528 2617/2617 2618/2618
f 2488/2488 2617/2617 2528/2528
f 2488/2488 2616/2616 2617/2617
f 2059/2059 3495/3495 2058/2058
f 3536/3536 3495/3495 2059/2059
f 2060/2060 3536/3536 2059/2059
f 3535/3535 3536/3536 2060/2060
f 2061/2061 3535/3535 2060/2060
f 3534/3534 3535/3535 2061/2061
f 2062/2062 3534/3534 2061/2061
f 3533/3533 3534/3534 2062/2062
f 2063/2063 3533/3533 2062/2062
f 3532/3532 3533/3533 2063/2063
f 2064/2064 3532/3532 2063/2063
f 3531/3531 3532/3532 2064/2064
f 2065/2065 3531/3531 2064/2064
f 3530/3530 3531/3531 2065/2065
f 2066/2066 3530/3530 2065/2065
f 3529/3529 3530/3530 2066/2066
f 2067/2067 3529/3529 2066/2066
f 3528/3528 3529/3529 2067/2067
f 2068/2068 3528/3528 2067/2067
f 3527/3527 3528/3528 2068/2068
f 2069/2069 3527/3527 2068/2068
f 3526/3526 3527/3527 2069/2069
f 2070/2070 3526/3526 2069/2069
f 3525/3525 3526/3526 2070/2070
f 2071/2071 3525/3525 2070/2070
f 3524/3524 3525/3525 2071/2071
f 2072/2072 3524/3524 2071/2071
f 3523/3523 3524/3524 2072/2072
f 2073/2073 3523/3523 2072/2072
f 3522/3522 3523/3523 2073/2073
f 2074/2074 3522/3522 2073/2073
f 3521/3521 3522/3522 2074/2074
f 2075/2075 3521/3521 2074/2074
f 3520/3520 3521/3521 2075/2075
f 2076/2076 3520/3520 2075/2075
f 3519/3519 3520/3520 2076/2076
f 2077/2077 3519/3519 2076/2076
f 3518/3518 3519/3519 2077/2077
f 3517/3517 2077/2077 2078/2078
f 3517/3517 3518/3518 2077/2077
f 2079/2079 3517/3517 2078/2078
f 3516/3516 3517/3517 2079/2079
f 3515/3515 2079/2079 2080/2080
f 3515/3515 3516/3516 2079/2079
f 2081/2081 3515/3515 2080/2080
f 3514/3514 3515/3515 2081/2081
f 2082/2082 3514/3514 2081/2081
f 3513/3513 3514/3514 2082/2082
f 2083/2083 3513/3513 2082/2082
f 3512/3512 3513/3513 2083/2083
f 3511/3511 2083/2083 2084/2084
f 3511/3511 3512/3512 2083/2083
f 2085/2085 3511/3511 2084/2084
f 3510/3510 3511/3511 2085/2085
f 2086/2086 3510/3510 2085/2085
f 3509/3509 3510/3510 2086/2086
f 2087/2087 3509/3509 2086/2086
f 3508/3508 3509/3509 2087/2087
f 2088/2088 3508/3508 2087/2087
f 3507/3507 3508/3508 2088/2088
f 2089/2089 3507/3507 2088/2088
f 3506/3506 3507/3507 2089/2089
f 3505/3505 3506/3506 2089/2089
f 3505/3505 2089/2089 2090/2090
f 2091/2091 3505/3505 2090/2090
f 3504/3504 3505/3505 2091/2091
f 3503/3503 3504/3504 2091/2091
f 3503/3503 2091/2091 2092/2092
f 2093/2093 3503/3503 2092/2092
f 3502/3502 3503/3503 2093/2093
f 2094/2094 3502/3502 2093/2093
f 3501/3501 3502/3502 2094/2094
f 3500/3500 3501/3501 2094/2094
f 3500/3500 2094/2094 2095/2095
f 3499/3499 3500/3500 2095/2095
f 3499/3499 2095/2095 2096/2096
f 3498/3498 2096/2096 2097/2097
f 3498/3498 3499/3499 2096/2096
f 3497/3497 2097/2097 2098/2098
f 3497/3497 3498/3498 2097/2097
f 2099/2099 3497/3497 2098/2098
f 3496/3496 3497/3497 2099/2099
f 3495/3495 2099/2099 2058/2058
f 3495/3495 3496/3496 2099/2099
f 3538/3538 3537/3537 3495/3495
f 3538/3538 3495/3495 3536/3536
f 3539/3539 3538/3538 3536/3536
f 3539/3539 3536/3536 3535/3535
f 3540/3540 3539/3539 3535/3535
f 3540/3540 3535/3535 3534/3534
f 3541/3541 3540/3540 3534/3534
f 3541/3541 3534/3534 3533/3533
f 3542/3542 3541/3541 3533/3533
f 3542/3542 3533/3533 3532/3532
f 3543/3543 3542/3542 3532/3532
f 3543/3543 3532/3532 3531/3531
f 3544/3544 3543/3543 3531/3531
f 3544/3544 3531/3531 3530/3530
f 3545/3545 3544/3544 3530/3530
f 3545/3545 3530/3530 3529/3529
f 3546/3546 3545/3545 3529/3529
f 3546/3546 3529/3529 3528/3528
f 3547/3547 3546/3546 3528/3528
f 3547/3547 3528/3528 3527/3527
f 3548/3548 3547/3547 3527/3527
f 3548/3548 3527/3527 3526/3526
f 3549/3549 3548/3548 3526/3526
f 3549/3549 3526/3526 3525/3525
f 3550/3550 3549/3549 3525/3525
f 3550/3550 3525/3525 3524/3524
f 3551/3551 3550/3550 3524/3524
f 3551/3551 3524/3524 3523/3523
f 3552/3552 3551/3551 3523/3523
f 3552/3552 3523/3523 3522/3522
f 3553/3553 3552/3552 3522/3522
f 3553/3553 3522/3522 3521/3521
f 3554/3554 3553/3553 3521/3521
f 3554/3554 3521/3521 3520/3520
f 3555/3555 3554/3554 3520/3520
f 3555/3555 3520/3520 3519/3519
f 3556/3556 3519/3519 3518/3518
f 3556/3556 3555/3555 3519/3519
f 3557/3557 3518/3518 3517/3517
f 3557/3557 3556/3556 3518/3518
f 3558/3558 3517/3517 3516/3516
f 3558/3558 3557/3557 3517/3517
f 3559/3559 3516/3516 3515/3515
f 3559/3559 3558/3558 3516/3516
f 3560/3560 3515/3515 3514/3514
f 3560/3560 3559/3559 3515/3515
f 3561/3561 3514/3514 3513/3513
f 3561/3561 3560/3560 3514/3514
f 3562/3562 3513/3513 3512/3512
f 3562/3562 3561/3561 3513/3513
f 3563/3563 3512/3512 3511/3511
f 3563/3563 3562/3562 3512/3512
f 3564/3564 3511/3511 3510/3510
f 3564/3564 3563/3563 3511/3511
f 3565/3565 3564/3564 3510/3510
f 3565/3565 3510/3510 3509/3509
f 3566/3566 3565/3565 3509/3509
f 3566/3566 3509/3509 3508/3508
f 3567/3567 3566/3566 3508/3508
f 3567/3567 3508/3508 3507/3507
f 3568/3568 3567/3567 3507/3507
f 3568/3568 3507/3507 3506/3506
f 3569/3569 3568/3568 3506/3506
f 3569/3569 3506/3506 3505/3505
f 3570/3570 3569/3569 3505/3505
f 3570/3570 3504/3504 3503/3503
f 3570/3570 3505/3505 3504/3504
f 3571/3571 3570/3570 3503/3503
f 3572/3572 3571/3571 3503/3503
f 3572/3572 3503/3503 3502/3502
f 3573/3573 3572/3572 3502/3502
f 3573/3573 3502/3502 3501/3501
f 3574/3574 3573/3573 3501/3501
f 3574/3574 3501/3501 3500/3500
f 3575/3575 3574/3574 3500/3500
f 3575/3575 3500/3500 3499/3499
f 3576/3576 3499/3499 3498/3498
f 3576/3576 3575/3575 3499/3499
f 3577/3577 3498/3498 3497/3497
f 3577/3577 3576/3576 3498/3498
f 3578/3578 3497/3497 3496/3496
f 3578/3578 3577/3577 3497/3497
f 3537/3537 3496/3496 3495/3495
f 3537/3537 3578/3578 3496/3496
f 170/170 3537/3537 169/169
f 3578/3578 170/170 171/171
f 3578/3578 3537/3537 170/170
f 172/172 3578/3578 171/171
f 3577/3577 3578/3578 172/172
f 1733/1733 3577/3577 172/172
f 3576/3576 3577/3577 1733/1733
f 1734/1734 3576/3576 1733/1733
f 3575/3575 3576/3576 1734/1734
f 1735/1735 3575/3575 1734/1734
f 3574/3574 3575/3575 1735/1735
f 1736/1736 3574/3574 1735/1735
f 3573/3573 3574/3574 1736/1736
f 1737/1737 3573/3573 1736/1736
f 3572/3572 3573/3573 1737/1737
f 1738/1738 3572/3572 1737/1737
f 3571/3571 3572/3572 1738/1738
f 1739/1739 3571/3571 1738/1738
f 3570/3570 3571/3571 1739/1739
f 3570/3570 1739/1739 1740/1740
f 3569/3569 3570/3570 1740/1740
f 3569/3569 1740/1740 1741/1741
f 3568/3568 3569/3569 1741/1741
f 3568/3568 1741/1741 1742/1742
f 3567/3567 3568/3568 1742/1742
f 3567/3567 1742/1742 1743/1743
f 3566/3566 3567/3567 1743/1743
f 3566/3566 1743/1743 1744/1744
f 3565/3565 3566/3566 1744/1744
f 3565/3565 1744/1744 1745/1745
f 3564/3564 3565/3565 1745/1745
f 3564/3564 1745/1745 1746/1746
f 3563/3563 3564/3564 1746/1746
f 3563/3563 1746/1746 1747/1747
f 3562/3562 3563/3563 1747/1747
f 3562/3562 1747/1747 1748/1748
f 3561/3561 1748/1748 1749/1749
f 3561/3561 3562/3562 1748/1748
f 3560/3560 1749/1749 1750/1750
f 3560/3560 3561/3561 1749/1749
f 3559/3559 1750/1750 1751/1751
f 3559/3559 3560/3560 1750/1750
f 3558/3558 1751/1751 1752/1752
f 3558/3558 3559/3559 1751/1751
f 1753/1753 3558/3558 1752/1752
f 3557/3557 3558/3558 1753/1753
f 1754/1754 3557/3557 1753/1753
f 3556/3556 3557/3557 1754/1754
f 1755/1755 3556/3556 1754/1754
f 3555/3555 3556/3556 1755/1755
f 1756/1756 3555/3555 1755/1755
f 3554/3554 3555/3555 1756/1756
f 1757/1757 3554/3554 1756/1756
f 3553/3553 3554/3554 1757/1757
f 1758/1758 3553/3553 1757/1757
f 3552/3552 3553/3553 1758/1758
f 1759/1759 3552/3552 1758/1758
f 3551/3551 3552/3552 1759/1759
f 1760/1760 3551/3551 1759/1759
f 3550/3550 3551/3551 1760/1760
f 1761/1761 3550/3550 1760/1760
f 3549/3549 3550/3550 1761/1761
f 1762/1762 3549/3549 1761/1761
f 3548/3548 3549/3549 1762/1762
f 1763/1763 3548/3548 1762/1762
f 3547/3547 3548/3548 1763/1763
f 1764/1764 3547/3547 1763/1763
f 3546/3546 3547/3547 1764/1764
f 1765/1765 3546/3546 1764/1764
f 3545/3545 3546/3546 1765/1765
f 1766/1766 3545/3545 1765/1765
f 3544/3544 3545/3545 1766/1766
f 1767/1767 3544/3544 1766/1766
f 3543/3543 3544/3544 1767/1767
f 1768/1768 3543/3543 1767/1767
f 3542/3542 3543/3543 1768/1768
f 1769/1769 3542/3542 1768/1768
f 3541/3541 3542/3542 1769/1769
f 1770/1770 3541/3541 1769/1769
f 3540/3540 3541/3541 1770/1770
f 1771/1771 3540/3540 1770/1770
f 3539/3539 3540/3540 1771/1771
f 180/180 3539/3539 1771/1771
f 3538/3538 180/180 181/181
f 3538/3538 3539/3539 180/180
f 182/182 3538/3538 181/181
f 3537/3537 182/182 169/169
f 3537/3537 3538/3538 182/182
f 2151/2151 3494/3494 2625/2625
f 2135/2135 3493/3493 3494/3494
f 2135/2135 3494/3494 2151/2151
f 2146/2146 3493/3493 2135/2135
f 2145/2145 3492/3492 3493/3493
f 2145/2145 3493/3493 2146/2146
f 2144/2144 3491/3491 3492/3492
f 2144/2144 3492/3492 2145/2145
f 2143/2143 3490/3490 3491/3491
f 2143/2143 3491/3491 2144/2144
f 2142/2142 3490/3490 2143/2143
f 2141/2141 3489/3489 3490/3490
f 2141/2141 3490/3490 2142/2142
f 2140/2140 3488/3488 3489/3489
f 2140/2140 3489/3489 2141/2141
f 2139/2139 3487/3487 3488/3488
f 2139/2139 3488/3488 2140/2140
f 2138/2138 3487/3487 2139/2139
f 2137/2137 3487/3487 2138/2138
f 2137/2137 3486/3486 3487/3487
f 2136/2136 3486/3486 2137/2137
f 2136/2136 3485/3485 3486/3486
f 2128/2128 3485/3485 2136/2136
f 2128/2128 3484/3484 3485/3485
f 2127/2127 3484/3484 2128/2128
f 2127/2127 3483/3483 3484/3484
f 2126/2126 3182/3182 3483/3483
f 2126/2126 3483/3483 2127/2127
f 2125/2125 3182/3182 2126/2126
f 2125/2125 3183/3183 3182/3182
f 2124/2124 3183/3183 2125/2125
f 2124/2124 3184/3184 3183/3183
f 2124/2124 3185/3185 3184/3184
f 2123/2123 3185/3185 2124/2124
f 2123/2123 3186/3186 3185/3185
f 2123/2123 3187/3187 3186/3186
f 2122/2122 3187/3187 2123/2123
f 2122/2122 3188/3188 3187/3187
f 2121/2121 3188/3188 2122/2122
f 2121/2121 3189/3189 3188/3188
f 2121/2121 3190/3190 3189/3189
f 2120/2120 3191/3191 3190/3190
f 2120/2120 3190/3190 2121/2121
f 2120/2120 3192/3192 3191/3191
f 2119/2119 3192/3192 2120/2120
f 2119/2119 3193/3193 3192/3192
f 2118/2118 3194/3194 3193/3193
f 2118/2118 3195/3195 3194/3194
f 2118/2118 3193/3193 2119/2119
f 2117/2117 3196/3196 3195/3195
f 2117/2117 3195/3195 2118/2118
f 2110/2110 3197/3197 3196/3196
f 2110/2110 3196/3196 2117/2117
f 1772/1772 1773/1773 3197/3197
f 1772/1772 3197/3197 2110/2110

