# https://github.com/mikedh/trimesh
mtllib material.mtl
usemtl material_0
v -102.00000000 11.98500000 128.00000000
v -102.00000000 13.00000000 128.00000000
v -102.00000000 -11.98500000 128.00000000
v -102.00000000 -13.00000000 128.00000000
v -105.00000000 -10.00000000 125.00000000
v -105.00000000 10.00000000 125.00000000
v -125.38325991 -13.00000000 128.00000000
v -125.00000000 -10.00000000 125.00000000
v -125.00000000 10.00000000 125.00000000
v -125.38325991 13.00000000 128.00000000
v -130.80000000 55.40000000 128.00000000
v -128.40000000 57.20000000 128.00000000
v -102.00000000 22.00000000 128.00000000
v -100.00000000 11.98500000 128.00000000
v -100.00000000 -11.98500000 128.00000000
v -85.79772724 -11.00000000 -5.00000000
v -84.91319097 -10.00000000 -6.00000000
v 0.00000000 -10.00000000 -6.00000000
v 0.00000000 -11.00000000 -5.00000000
v 0.01984936 -10.19728929 -5.80271313
v 0.05566847 -10.32869372 -5.67116263
v 0.11086333 -10.45697255 -5.54244431
v 0.17500819 -10.56351068 -5.43505272
v 0.25340787 -10.66219229 -5.33480363
v 0.34572849 -10.75068725 -5.24375489
v 0.44743957 -10.82417737 -5.16657776
v 0.51030263 -10.85990270 -5.12811398
v 0.59423770 -10.89767188 -5.08613024
v 0.68148968 -10.92667149 -5.05209585
v 0.75358411 -10.94319063 -5.03088865
v 0.82585347 -10.95355232 -5.01535274
v 0.89362568 -10.95794764 -5.00567486
v 0.94700594 -10.95774346 -5.00141037
v 1.00000000 -10.95445115 -5.00000000
v 0.66717863 -10.97974830 -5.00000000
v 0.33374296 -10.99493591 -5.00000000
v -105.00000000 -10.00000000 14.97911397
v -104.83687403 -9.99999762 12.44352031
v -104.35539272 -9.99999501 9.95413560
v -103.56351090 -9.99999677 7.54035172
v -102.47134921 -10.00000009 5.24516782
v -101.09912064 -10.00000063 3.11253306
v -99.46398540 -9.99999375 1.16909894
v -97.59466380 -9.99999104 -0.55392175
v -95.52921687 -9.99999742 -2.02423832
v -93.29096007 -9.99999786 -3.22151435
v -90.91382785 -9.99999063 -4.12509960
v -88.44657909 -9.99999338 -4.72067079
v -85.92002095 -10.00000000 -5.00000000
v -125.00000000 -10.00000000 -10.00000000
v -95.00000000 -10.00000000 -40.00000000
v -99.26944515 -10.00000000 -39.69464326
v -103.45197671 -10.00000000 -38.78478921
v -107.46245039 -10.00000000 -37.28895986
v -111.21922452 -10.00000000 -35.23760598
v -114.64582202 -10.00000000 -32.67248723
v -117.67248723 -10.00000000 -29.64582202
v -120.23760598 -10.00000000 -26.21922452
v -122.28895986 -10.00000000 -22.46245039
v -123.78478921 -10.00000000 -18.45197671
v -124.69464326 -10.00000000 -14.26944515
v -0.00000000 -10.00000000 -40.00000000
v -84.91319097 10.00000000 -6.00000000
v -85.79772724 11.00000000 -5.00000000
v -0.00000000 11.00000000 -5.00000000
v -0.00000000 10.00000000 -6.00000000
v 1.00000000 10.95445115 -5.00000000
v 0.91960449 10.95824223 -5.00323911
v 0.83930135 10.95483549 -5.01305521
v 0.76183533 10.94467385 -5.02883821
v 0.70031871 10.93162936 -5.04596113
v 0.63039861 10.91089873 -5.07089822
v 0.55327754 10.88053692 -5.10539964
v 0.48753745 10.84775584 -5.14129378
v 0.41519658 10.80311624 -5.18890672
v 0.34346693 10.74879950 -5.24571417
v 0.28161720 10.69190519 -5.30438987
v 0.20843436 10.60888255 -5.38908205
v 0.13890526 10.50736930 -5.49172239
v 0.08343910 10.39955785 -5.60010755
v 0.04246138 10.28784426 -5.71208140
v 0.01557702 10.17474748 -5.82526183
v 0.00383312 10.08637725 -5.91363239
v 0.33374296 10.99493591 -5.00000000
v 0.66717863 10.97974830 -5.00000000
v -83.26054797 -23.45061092 -5.00000000
v -78.92673920 -35.39519515 -5.00000000
v -72.88981760 -46.57600767 -5.00000000
v -65.28005028 -56.75178442 -5.00000000
v -56.26164387 -65.70294841 -5.00000000
v -46.02920114 -73.23634782 -5.00000000
v -34.80352185 -79.18942396 -5.00000000
v -22.82683821 -83.43371895 -5.00000000
v -10.35758790 -85.87764769 -5.00000000
v 2.33516260 -86.46847411 -5.00000000
v 14.97752402 -85.19344913 -5.00000000
v 27.29669442 -82.08008573 -5.00000000
v 39.02684580 -77.19556533 -5.00000000
v 49.91486025 -70.64528807 -5.00000000
v 59.72579183 -62.57059845 -5.00000000
v 68.24793633 -53.14573536 -5.00000000
v 75.29739948 -42.57407228 -5.00000000
v 80.72206516 -31.08372880 -5.00000000
v 84.40487774 -18.92264816 -5.00000000
v 86.26636803 -6.35324702 -5.00000000
v 86.26636803 6.35324702 -5.00000000
v 84.40487774 18.92264816 -5.00000000
v 80.72206516 31.08372880 -5.00000000
v 75.29739948 42.57407228 -5.00000000
v 68.24793633 53.14573536 -5.00000000
v 59.72579183 62.57059845 -5.00000000
v 49.91486025 70.64528807 -5.00000000
v 39.02684580 77.19556533 -5.00000000
v 27.29669442 82.08008573 -5.00000000
v 14.97752402 85.19344913 -5.00000000
v 2.33516260 86.46847411 -5.00000000
v -10.35758790 85.87764769 -5.00000000
v -22.82683821 83.43371895 -5.00000000
v -34.80352185 79.18942396 -5.00000000
v -46.02920114 73.23634782 -5.00000000
v -56.26164387 65.70294841 -5.00000000
v -65.28005028 56.75178442 -5.00000000
v -72.88981760 46.57600767 -5.00000000
v -78.92673920 35.39519515 -5.00000000
v -83.26054797 23.45061092 -5.00000000
v 1.00000000 4.84793771 -5.00000000
v 0.27492421 4.94235942 -5.00000000
v -0.45615050 4.92893769 -5.00000000
v -1.17727189 4.80796536 -5.00000000
v -1.87270493 4.58208209 -5.00000000
v -2.52727511 4.25621669 -5.00000000
v -3.12669954 3.83747964 -5.00000000
v -3.65789864 3.33500787 -5.00000000
v -4.10928153 2.75976544 -5.00000000
v -4.47099892 2.12430427 -5.00000000
v -4.73515805 1.44249028 -5.00000000
v -4.89599491 0.72920081 -5.00000000
v -4.95000000 0.00000000 -5.00000000
v -4.89599491 -0.72920081 -5.00000000
v -4.73515805 -1.44249028 -5.00000000
v -4.47099892 -2.12430427 -5.00000000
v -4.10928153 -2.75976544 -5.00000000
v -3.65789864 -3.33500787 -5.00000000
v -3.12669954 -3.83747964 -5.00000000
v -2.52727511 -4.25621669 -5.00000000
v -1.87270493 -4.58208209 -5.00000000
v -1.17727189 -4.80796536 -5.00000000
v -0.45615050 -4.92893769 -5.00000000
v 0.27492421 -4.94235942 -5.00000000
v 1.00000000 -4.84793771 -5.00000000
v -125.00000000 10.00000000 -10.00000000
v -124.69464326 10.00000000 -14.26944515
v -123.78478921 10.00000000 -18.45197671
v -122.28895986 10.00000000 -22.46245039
v -120.23760598 10.00000000 -26.21922452
v -117.67248723 10.00000000 -29.64582202
v -114.64582202 10.00000000 -32.67248723
v -111.21922452 10.00000000 -35.23760598
v -107.46245039 10.00000000 -37.28895986
v -103.45197671 10.00000000 -38.78478921
v -99.26944515 10.00000000 -39.69464326
v -95.00000000 10.00000000 -40.00000000
v -0.00000000 10.00000000 -40.00000000
v 8.88780375 4.58333333 -40.00000000
v 8.17952355 5.75285968 -40.00000000
v 7.31833103 6.81483903 -40.00000000
v 6.32032576 7.74941819 -40.00000000
v 5.20416500 8.53912564 -40.00000000
v 3.99071483 9.16919817 -40.00000000
v 2.70266014 9.62785688 -40.00000000
v 1.36408049 9.90652736 -40.00000000
v 10.66536450 3.50000000 -40.00000000
v 10.39254841 3.51869453 -40.00000000
v 10.12483248 3.57442862 -40.00000000
v 9.86722154 3.66616037 -40.00000000
v 9.62453150 3.79217487 -40.00000000
v 9.40129935 3.95011636 -40.00000000
v 9.20169830 4.13703219 -40.00000000
v 9.02945979 4.34942806 -40.00000000
v 11.95000000 3.50000000 -40.00000000
v 11.95000000 0.50000000 -40.00000000
v 4.92468273 0.50000000 -40.00000000
v 4.92468273 -0.50000000 -40.00000000
v 4.79673390 -1.22222906 -40.00000000
v 4.56346626 -1.91762242 -40.00000000
v 4.23000150 -2.57091177 -40.00000000
v 3.80366131 -3.16775325 -40.00000000
v 3.29380656 -3.69504241 -40.00000000
v 2.71163180 -4.14120188 -40.00000000
v 2.06991948 -4.49643563 -40.00000000
v 1.38275927 -4.75294402 -40.00000000
v 0.66523869 -4.90509505 -40.00000000
v -0.06688811 -4.94954806 -40.00000000
v -0.79754629 -4.88532700 -40.00000000
v -1.51069325 -4.71384195 -40.00000000
v -2.19067089 -4.43885808 -40.00000000
v -2.82254937 -4.06641304 -40.00000000
v -3.39245494 -3.60468438 -40.00000000
v -3.88787455 -3.06380996 -40.00000000
v -4.29793058 -2.45566544 -40.00000000
v -4.61361970 -1.79360343 -40.00000000
v -4.82801052 -1.09216042 -40.00000000
v -4.93639581 -0.36673755 -40.00000000
v -4.93639581 0.36673755 -40.00000000
v -4.82801052 1.09216042 -40.00000000
v -4.61361970 1.79360343 -40.00000000
v -4.29793058 2.45566544 -40.00000000
v -3.88787455 3.06380996 -40.00000000
v -3.39245494 3.60468438 -40.00000000
v -2.82254937 4.06641304 -40.00000000
v -2.19067089 4.43885808 -40.00000000
v -1.51069325 4.71384195 -40.00000000
v -0.79754629 4.88532700 -40.00000000
v -0.06688811 4.94954806 -40.00000000
v 0.66523869 4.90509505 -40.00000000
v 1.38275927 4.75294402 -40.00000000
v 2.06991948 4.49643563 -40.00000000
v 2.71163180 4.14120188 -40.00000000
v 3.29380656 3.69504241 -40.00000000
v 3.80366131 3.16775325 -40.00000000
v 4.23000150 2.57091177 -40.00000000
v 4.56346626 1.91762242 -40.00000000
v 4.79673390 1.22222906 -40.00000000
v 11.95000000 -0.50000000 -40.00000000
v 11.95000000 -3.50000000 -40.00000000
v 10.66536450 -3.50000000 -40.00000000
v 8.88780375 -4.58333333 -40.00000000
v 9.02945979 -4.34942806 -40.00000000
v 9.20169830 -4.13703219 -40.00000000
v 9.40129935 -3.95011636 -40.00000000
v 9.62453150 -3.79217487 -40.00000000
v 9.86722154 -3.66616037 -40.00000000
v 10.12483248 -3.57442862 -40.00000000
v 10.39254841 -3.51869453 -40.00000000
v 1.36408049 -9.90652736 -40.00000000
v 2.70266014 -9.62785688 -40.00000000
v 3.99071483 -9.16919817 -40.00000000
v 5.20416500 -8.53912564 -40.00000000
v 6.32032576 -7.74941819 -40.00000000
v 7.31833103 -6.81483903 -40.00000000
v 8.17952355 -5.75285968 -40.00000000
v -85.92002095 10.00000000 -5.00000000
v -105.00000000 10.00000000 14.97911397
v -88.44593815 9.99999340 -4.72078266
v -90.91132714 9.99999068 -4.12587192
v -93.28608876 9.99999785 -3.22372932
v -95.52679126 9.99999739 -2.02574299
v -97.59237939 9.99999104 -0.55577498
v -99.46024260 9.99999375 1.16518630
v -101.09737349 10.00000060 3.11016398
v -102.46995718 10.00000006 5.24266753
v -103.56151870 9.99999680 7.53536917
v -104.35473370 9.99999506 9.95159451
v -104.83679132 9.99999759 12.44287286
v -86.50000000 0.00000000 -5.00000000
v -86.43549376 -3.33997283 -5.00000000
v -86.24207125 -6.67496418 -5.00000000
v -86.24207125 6.67496418 -5.00000000
v -86.43549376 3.33997283 -5.00000000
v -94.58801422 3.38253391 -2.60022660
v -94.58801422 -3.38253391 -2.60022660
v -101.01180798 3.36690576 2.96992943
v -103.19271595 3.35653991 6.64774167
v -101.01180798 -3.36690576 2.96992943
v -103.19271595 -3.35653991 6.64774167
v -125.00000000 -10.00000000 172.00000000
v -130.80000000 -55.40000000 172.00000000
v -130.80000000 -55.40000000 128.00000000
v -130.80000000 55.40000000 172.00000000
v -125.00000000 10.00000000 172.00000000
v 1.00000000 -4.84793771 -7.00000000
v 0.87406784 -4.87214190 -6.99182009
v 0.74617978 -4.89335976 -6.96702678
v 0.62061711 -4.91094025 -6.92523968
v 0.50147162 -4.92450262 -6.86662095
v 0.39198231 -4.93442604 -6.79363479
v 0.29514970 -4.94119280 -6.70935564
v 0.21028560 -4.94551599 -6.61313217
v 0.13643955 -4.94810602 -6.50381667
v 0.07679827 -4.94940421 -6.38431552
v 0.03415325 -4.94991178 -6.25830465
v 0.00868703 -4.95002265 -6.12985714
v 0.00216776 -4.95001143 -6.06448714
v -0.00000000 -4.95000000 -6.00000000
v 1.00000000 -9.94987437 -7.00000000
v 0.00841392 -10.00001121 -6.12778355
v 0.03377975 -9.99995775 -6.25689627
v 0.07623159 -9.99970943 -6.38295160
v 0.13534688 -9.99907752 -6.50194699
v 0.20858031 -9.99781668 -6.61092286
v 0.29280302 -9.99571240 -6.70701657
v 0.38884030 -9.99242365 -6.79123491
v 0.49769606 -9.98759234 -6.86444144
v 0.61648544 -9.98097919 -6.92353478
v 0.74210234 -9.97239033 -6.96595508
v 0.87054399 -9.96199852 -6.99136493
v 0.93573455 -9.95610916 -6.99784637
v 0.00847154 -4.95002265 -5.87177794
v 0.03400936 -4.94991290 -5.74223757
v 0.07658165 -4.94940756 -5.61620514
v 0.13559195 -4.94812952 -5.49763360
v 0.20860883 -4.94558672 -5.38904112
v 0.29252278 -4.94134905 -5.29326386
v 0.38806996 -4.93473643 -5.20936727
v 0.49617353 -4.92503794 -5.13646035
v 0.61390805 -4.91178335 -5.07754061
v 0.73815046 -4.89458233 -5.03510172
v 0.86494472 -4.87376464 -5.00939573
v 0.93303826 -4.86123633 -5.00233918
v -100.40000000 23.20000000 138.01500000
v -100.40000000 23.20000000 161.98500000
v -100.00000000 23.19471947 138.01500000
v -100.00000000 23.19471947 161.98500000
v -128.40000000 57.20000000 172.00000000
v -103.19100000 23.58800000 138.01500000
v -102.00000000 22.00000000 138.01500000
v -102.00000000 22.00000000 172.00000000
v -102.00000000 22.00000000 161.98500000
v -103.19100000 23.58800000 161.98500000
v -102.00000000 -22.00000000 128.00000000
v -108.00900000 -30.01200000 128.00000000
v -106.40900000 -31.21200000 128.00000000
v -120.79100000 -50.38800000 128.00000000
v -122.39100000 -49.18800000 128.00000000
v -128.40000000 -57.20000000 128.00000000
v -101.59100000 24.78800000 138.01500000
v -101.59100000 24.78800000 161.98500000
v -100.00000000 20.01500000 161.98500000
v -102.00000000 20.01500000 161.98500000
v -102.00000000 20.01500000 138.01500000
v -100.00000000 20.01500000 138.01500000
v -100.40000000 -23.20000000 161.98500000
v -100.00000000 -23.19471947 161.98500000
v -100.40000000 -23.20000000 138.01500000
v -100.00000000 -23.19471947 138.01500000
v -108.00900000 -30.01200000 170.01500000
v -122.39100000 -49.18800000 170.01500000
v -108.00900000 -30.01200000 172.00000000
v -102.00000000 -22.00000000 172.00000000
v -102.00000000 -22.00000000 161.98500000
v -103.19100000 -23.58800000 161.98500000
v -103.19100000 -23.58800000 138.01500000
v -102.00000000 -22.00000000 138.01500000
v -108.00900000 -30.01200000 129.98500000
v -122.39100000 -49.18800000 129.98500000
v -128.40000000 -57.20000000 138.01500000
v -127.20900000 -55.61200000 138.01500000
v -127.20900000 -55.61200000 161.98500000
v -128.40000000 -57.20000000 161.98500000
v -128.40000000 -57.20000000 172.00000000
v -122.39100000 -49.18800000 172.00000000
v -101.59100000 -24.78800000 138.01500000
v -101.59100000 -24.78800000 161.98500000
v -100.00000000 -20.01500000 161.98500000
v -102.00000000 -20.01500000 161.98500000
v -102.00000000 -20.01500000 138.01500000
v -100.00000000 -20.01500000 138.01500000
v -102.00000000 11.98500000 170.01500000
v -102.00000000 -11.98500000 170.01500000
v -102.00000000 11.98500000 172.00000000
v -102.00000000 11.98500000 129.98500000
v -102.00000000 -11.98500000 129.98500000
v -102.00000000 -11.98500000 172.00000000
v -100.00000000 11.98500000 129.98500000
v -100.00000000 -11.98500000 129.98500000
v -100.00000000 11.98500000 172.00000000
v -100.00000000 11.98500000 170.01500000
v -100.00000000 -11.98500000 170.01500000
v -100.00000000 -11.98500000 172.00000000
v -106.40900000 -31.21200000 129.98500000
v -120.79100000 -50.38800000 129.98500000
v -126.80000000 -58.40000000 161.98500000
v -125.60900000 -56.81200000 161.98500000
v -125.60900000 -56.81200000 138.01500000
v -126.80000000 -58.40000000 138.01500000
v -120.79100000 -50.38800000 172.00000000
v -106.40900000 -31.21200000 172.00000000
v -106.40900000 -31.21200000 170.01500000
v -120.79100000 -50.38800000 170.01500000
v 4.92468273 -0.50000000 -7.00000000
v 1.66991942 -4.65981428 -7.00000000
v 2.30684034 -4.37961044 -7.00000000
v 2.89817687 -4.01286317 -7.00000000
v 3.43224388 -3.56681958 -7.00000000
v 3.89848792 -3.05029374 -7.00000000
v 4.28769577 -2.47349247 -7.00000000
v 4.59217646 -1.84781367 -7.00000000
v 4.80591330 -1.18562109 -7.00000000
v 0.87406784 4.87214190 -5.00817991
v 0.74617978 4.89335976 -5.03297322
v 0.62061711 4.91094025 -5.07476032
v 0.50147162 4.92450262 -5.13337905
v 0.39198231 4.93442604 -5.20636521
v 0.29514970 4.94119280 -5.29064436
v 0.21028560 4.94551599 -5.38686783
v 0.13643955 4.94810602 -5.49618333
v 0.07679827 4.94940421 -5.61568448
v 0.03415325 4.94991178 -5.74169535
v 0.00868703 4.95002265 -5.87014286
v 0.00216776 4.95001143 -5.93551286
v -0.00000000 4.95000000 -6.00000000
v 0.00847154 4.95002265 -6.12822206
v 0.03400936 4.94991290 -6.25776243
v 0.07658165 4.94940756 -6.38379486
v 0.13559195 4.94812952 -6.50236640
v 0.20860883 4.94558672 -6.61095888
v 0.29252278 4.94134905 -6.70673614
v 0.38806996 4.93473643 -6.79063273
v 0.49617353 4.92503794 -6.86353965
v 0.61390805 4.91178335 -6.92245939
v 0.73815046 4.89458233 -6.96489828
v 0.86494472 4.87376464 -6.99060427
v 0.93303826 4.86123633 -6.99766082
v 1.00000000 4.84793771 -7.00000000
v 4.92468273 0.50000000 -7.00000000
v 4.80591330 1.18562109 -7.00000000
v 4.59217646 1.84781367 -7.00000000
v 4.28769577 2.47349247 -7.00000000
v 3.89848792 3.05029374 -7.00000000
v 3.43224388 3.56681958 -7.00000000
v 2.89817687 4.01286317 -7.00000000
v 2.30684034 4.37961044 -7.00000000
v 1.66991942 4.65981428 -7.00000000
v 8.88780375 -4.58333333 -35.94710946
v 8.62504994 -5.06018703 -35.64777429
v 8.38845375 -5.44344354 -35.31982407
v 8.18391224 -5.74661462 -34.96953912
v 8.01209503 -5.98365321 -34.59745614
v 7.87820138 -6.15900700 -34.21731936
v 7.79162163 -6.26829474 -33.87670074
v 7.73759334 -6.33501216 -33.55913849
v 7.70947126 -6.36912214 -33.27763613
v 7.70000000 -6.38043886 -33.00000000
v 7.71260773 -6.36534837 -32.67900207
v 7.74998213 -6.31983100 -32.35398032
v 7.81144999 -6.24351786 -32.03337292
v 7.89584817 -6.13633736 -31.72539694
v 7.99859163 -6.00168936 -31.43627575
v 8.11375658 -5.84518221 -31.17117845
v 8.23574970 -5.67204389 -30.93424228
v 8.36261055 -5.48309921 -30.72044894
v 8.53686593 -5.20751180 -30.46670571
v 8.71326696 -4.90686936 -30.24539706
v 8.88780375 -4.58333333 -30.05289054
v 8.88780375 -4.58333333 -16.94710946
v 8.62504994 -5.06018703 -16.64777429
v 8.38845375 -5.44344354 -16.31982407
v 8.18391224 -5.74661462 -15.96953912
v 8.01209503 -5.98365321 -15.59745614
v 7.87820138 -6.15900700 -15.21731936
v 7.79162163 -6.26829474 -14.87670074
v 7.73759334 -6.33501216 -14.55913849
v 7.70947126 -6.36912214 -14.27763613
v 7.70000000 -6.38043886 -14.00000000
v 7.71260773 -6.36534837 -13.67900207
v 7.74998213 -6.31983100 -13.35398032
v 7.81144999 -6.24351786 -13.03337292
v 7.89584817 -6.13633736 -12.72539694
v 7.99859163 -6.00168936 -12.43627575
v 8.11375658 -5.84518221 -12.17117845
v 8.23574970 -5.67204389 -11.93424228
v 8.36261055 -5.48309921 -11.72044894
v 8.53686593 -5.20751180 -11.46670571
v 8.71326696 -4.90686936 -11.24539706
v 8.88780375 -4.58333333 -11.05289054
v 8.88780375 -4.58333333 -7.00000000
v 8.14927698 -5.79562635 -7.00000000
v 7.24653607 -6.89113307 -7.00000000
v 6.19777193 -7.84777822 -7.00000000
v 5.02411798 -8.64628467 -7.00000000
v 3.74922422 -9.27056189 -7.00000000
v 2.39878074 -9.70803023 -7.00000000
v 1.00000000 9.94987437 -7.00000000
v 2.39878074 9.70803023 -7.00000000
v 3.74922422 9.27056189 -7.00000000
v 5.02411798 8.64628467 -7.00000000
v 6.19777193 7.84777822 -7.00000000
v 7.24653607 6.89113307 -7.00000000
v 8.14927698 5.79562635 -7.00000000
v 8.88780375 4.58333333 -7.00000000
v 9.02945979 4.34942806 -7.00000000
v 9.20169830 4.13703219 -7.00000000
v 9.40129935 3.95011636 -7.00000000
v 9.62453150 3.79217487 -7.00000000
v 9.86722154 3.66616037 -7.00000000
v 10.12483248 3.57442862 -7.00000000
v 10.39254841 3.51869453 -7.00000000
v 10.66536450 3.50000000 -7.00000000
v 11.95000000 3.50000000 -7.00000000
v 11.95000000 0.50000000 -7.00000000
v 16.56908467 2.50000000 -14.01049771
v 16.56908467 3.50000000 -14.01049771
v 14.25045105 2.50000000 -18.00549352
v 14.25045105 3.50000000 -18.00549352
v 14.26863362 2.50000000 -10.00500419
v 14.26863362 3.50000000 -10.00500419
v 10.66536450 3.50000000 -9.99681510
v 10.37866829 3.52065534 -9.99616353
v 10.09789389 3.58219472 -9.99552542
v 9.86774097 3.66593438 -9.99500236
v 9.64954895 3.77717709 -9.99450648
v 9.64954895 2.50000000 -9.99450648
v 8.88780375 4.58333333 -11.30699019
v 8.43663204 5.36872795 -12.08435712
v 7.91624615 6.11007748 -12.98097978
v 7.33091533 6.80129991 -13.98950229
v 7.33091533 2.50000000 -13.98950229
v 9.34650209 3.99647017 -10.51665492
v 9.11293594 4.23906163 -10.91908840
v 8.99149535 4.40539411 -11.12833002
v 9.63136638 2.50000000 -17.99499581
v 9.35000000 2.50000000 -14.00000000
v 9.37903985 2.50000000 -13.61249011
v 9.46551070 2.50000000 -13.23363655
v 9.60748094 2.50000000 -12.87190228
v 9.80177919 2.50000000 -12.53536785
v 10.04406513 2.50000000 -12.23155088
v 10.32892652 2.50000000 -11.96723815
v 10.65000000 2.50000000 -11.74833395
v 11.00011334 2.50000000 -11.57972825
v 11.37144557 2.50000000 -11.46518743
v 11.75570176 2.50000000 -11.40727013
v 12.14429824 2.50000000 -11.40727013
v 12.52855443 2.50000000 -11.46518743
v 12.89988666 2.50000000 -11.57972825
v 13.25000000 2.50000000 -11.74833395
v 13.57107348 2.50000000 -11.96723815
v 13.85593487 2.50000000 -12.23155088
v 14.09822081 2.50000000 -12.53536785
v 14.29251906 2.50000000 -12.87190228
v 14.43448930 2.50000000 -13.23363655
v 14.52096015 2.50000000 -13.61249011
v 14.55000000 2.50000000 -14.00000000
v 14.52096015 2.50000000 -14.38750989
v 14.43448930 2.50000000 -14.76636345
v 14.29251906 2.50000000 -15.12809772
v 14.09822081 2.50000000 -15.46463215
v 13.85593487 2.50000000 -15.76844912
v 13.57107348 2.50000000 -16.03276185
v 13.25000000 2.50000000 -16.25166605
v 12.89988666 2.50000000 -16.42027175
v 12.52855443 2.50000000 -16.53481257
v 12.14429824 2.50000000 -16.59272987
v 11.75570176 2.50000000 -16.59272987
v 11.37144557 2.50000000 -16.53481257
v 11.00011334 2.50000000 -16.42027175
v 10.65000000 2.50000000 -16.25166605
v 10.32892652 2.50000000 -16.03276185
v 10.04406513 2.50000000 -15.76844912
v 9.80177919 2.50000000 -15.46463215
v 9.60748094 2.50000000 -15.12809772
v 9.46551070 2.50000000 -14.76636345
v 9.37903985 2.50000000 -14.38750989
v 9.63136638 3.78802807 -17.99499581
v 8.09714637 5.86823830 -15.32364650
v 8.51674103 5.24071772 -16.05423528
v 8.88780375 4.58333333 -16.70032132
v 9.02617580 4.35411152 -16.94125162
v 9.19392599 4.14542674 -17.23333447
v 9.38804784 3.96101912 -17.57133506
v 9.50647474 3.86997714 -17.77753730
v 9.89272317 3.65527092 -17.99558979
v 10.17067859 3.56214401 -17.99622150
v 10.41607750 3.51559682 -17.99677921
v 10.66536450 3.50000000 -17.99734576
v 16.56908467 2.50000000 -32.98950229
v 16.56908467 3.50000000 -32.98950229
v 14.26863362 2.50000000 -36.99499581
v 14.26863362 3.50000000 -36.99499581
v 14.25045105 2.50000000 -28.99450648
v 14.25045105 3.50000000 -28.99450648
v 10.66536450 3.50000000 -29.00265424
v 10.37301144 3.52148296 -29.00331867
v 10.08693898 3.58547032 -29.00396882
v 9.85281609 3.67249758 -29.00450091
v 9.63136638 3.78802807 -29.00500419
v 9.63136638 2.50000000 -29.00500419
v 8.88780375 4.58333333 -30.29967868
v 8.43663204 5.36872795 -31.08524869
v 7.91624615 6.11007748 -31.99133288
v 7.33091533 6.80129991 -33.01049771
v 7.33091533 2.50000000 -33.01049771
v 9.33592293 4.00581624 -29.51942366
v 9.10805273 4.24509760 -29.91618612
v 8.98937389 4.40864513 -30.12282705
v 9.64954895 2.50000000 -37.00549352
v 9.35000000 2.50000000 -33.00000000
v 9.37903985 2.50000000 -32.61249011
v 9.46551070 2.50000000 -32.23363655
v 9.60748094 2.50000000 -31.87190228
v 9.80177919 2.50000000 -31.53536785
v 10.04406513 2.50000000 -31.23155088
v 10.32892652 2.50000000 -30.96723815
v 10.65000000 2.50000000 -30.74833395
v 11.00011334 2.50000000 -30.57972825
v 11.37144557 2.50000000 -30.46518743
v 11.75570176 2.50000000 -30.40727013
v 12.14429824 2.50000000 -30.40727013
v 12.52855443 2.50000000 -30.46518743
v 12.89988666 2.50000000 -30.57972825
v 13.25000000 2.50000000 -30.74833395
v 13.57107348 2.50000000 -30.96723815
v 13.85593487 2.50000000 -31.23155088
v 14.09822081 2.50000000 -31.53536785
v 14.29251906 2.50000000 -31.87190228
v 14.43448930 2.50000000 -32.23363655
v 14.52096015 2.50000000 -32.61249011
v 14.55000000 2.50000000 -33.00000000
v 14.52096015 2.50000000 -33.38750989
v 14.43448930 2.50000000 -33.76636345
v 14.29251906 2.50000000 -34.12809772
v 14.09822081 2.50000000 -34.46463215
v 13.85593487 2.50000000 -34.76844912
v 13.57107348 2.50000000 -35.03276185
v 13.25000000 2.50000000 -35.25166605
v 12.89988666 2.50000000 -35.42027175
v 12.52855443 2.50000000 -35.53481257
v 12.14429824 2.50000000 -35.59272987
v 11.75570176 2.50000000 -35.59272987
v 11.37144557 2.50000000 -35.53481257
v 11.00011334 2.50000000 -35.42027175
v 10.65000000 2.50000000 -35.25166605
v 10.32892652 2.50000000 -35.03276185
v 10.04406513 2.50000000 -34.76844912
v 9.80177919 2.50000000 -34.46463215
v 9.60748094 2.50000000 -34.12809772
v 9.46551070 2.50000000 -33.76636345
v 9.37903985 2.50000000 -33.38750989
v 9.64954895 3.77717709 -37.00549352
v 9.90700336 3.64935461 -37.00490841
v 10.18012198 3.55975783 -37.00428770
v 10.42091036 3.51499567 -37.00374046
v 10.66536450 3.50000000 -37.00318490
v 8.09714637 5.86823830 -34.33071051
v 8.51674103 5.24071772 -35.05367033
v 8.88780375 4.58333333 -35.69300981
v 9.01357793 4.37234707 -35.90971818
v 9.16426698 4.17836987 -36.16935475
v 9.33759795 4.00432758 -36.46800329
v 9.48808221 3.88321108 -36.72728702
v 12.94620387 3.50000000 -7.07124991
v 13.92212790 3.50000000 -7.28354918
v 14.85790509 3.50000000 -7.63257603
v 15.73448572 3.50000000 -8.11122527
v 16.53402514 3.50000000 -8.70975298
v 17.24024702 3.50000000 -9.41597486
v 17.83877473 3.50000000 -10.21551428
v 18.31742397 3.50000000 -11.09209491
v 18.66645082 3.50000000 -12.02787210
v 18.87875009 3.50000000 -13.00379613
v 18.95000000 3.50000000 -14.00000000
v 18.95000000 3.50000000 -33.00000000
v 18.87875009 3.50000000 -33.99620387
v 18.66645082 3.50000000 -34.97212790
v 18.31742397 3.50000000 -35.90790509
v 17.83877473 3.50000000 -36.78448572
v 17.24024702 3.50000000 -37.58402514
v 16.53402514 3.50000000 -38.29024702
v 15.73448572 3.50000000 -38.88877473
v 14.85790509 3.50000000 -39.36742397
v 13.92212790 3.50000000 -39.71645082
v 12.94620387 3.50000000 -39.92875009
v 7.70000000 -2.50000000 -14.00000000
v 7.74746899 -2.50000000 -14.63342963
v 7.88881558 -2.50000000 -15.25270949
v 8.12088231 -2.50000000 -15.84400589
v 8.43848521 -2.50000000 -16.39411025
v 8.83452954 -2.50000000 -16.89073414
v 9.30016834 -2.50000000 -17.32278380
v 9.82500000 -2.50000000 -17.68060797
v 10.39730065 -2.50000000 -17.95621343
v 11.00428603 -2.50000000 -18.14344363
v 11.63239710 -2.50000000 -18.23811614
v 12.26760290 -2.50000000 -18.23811614
v 12.89571397 -2.50000000 -18.14344363
v 13.50269935 -2.50000000 -17.95621343
v 14.07500000 -2.50000000 -17.68060797
v 14.59983166 -2.50000000 -17.32278380
v 15.06547046 -2.50000000 -16.89073414
v 15.46151479 -2.50000000 -16.39411025
v 15.77911769 -2.50000000 -15.84400589
v 16.01118442 -2.50000000 -15.25270949
v 16.15253101 -2.50000000 -14.63342963
v 16.20000000 -2.50000000 -14.00000000
v 16.15253101 -2.50000000 -13.36657037
v 16.01118442 -2.50000000 -12.74729051
v 15.77911769 -2.50000000 -12.15599411
v 15.46151479 -2.50000000 -11.60588975
v 15.06547046 -2.50000000 -11.10926586
v 14.59983166 -2.50000000 -10.67721620
v 14.07500000 -2.50000000 -10.31939203
v 13.50269935 -2.50000000 -10.04378657
v 12.89571397 -2.50000000 -9.85655637
v 12.26760290 -2.50000000 -9.76188386
v 11.63239710 -2.50000000 -9.76188386
v 11.00428603 -2.50000000 -9.85655637
v 10.39730065 -2.50000000 -10.04378657
v 9.82500000 -2.50000000 -10.31939203
v 9.30016834 -2.50000000 -10.67721620
v 8.83452954 -2.50000000 -11.10926586
v 8.43848521 -2.50000000 -11.60588975
v 8.12088231 -2.50000000 -12.15599411
v 7.88881558 -2.50000000 -12.74729051
v 7.74746899 -2.50000000 -13.36657037
v 9.35000000 -2.50000000 -14.00000000
v 9.37903985 -2.50000000 -14.38750989
v 9.46551070 -2.50000000 -14.76636345
v 9.60748094 -2.50000000 -15.12809772
v 9.80177919 -2.50000000 -15.46463215
v 10.04406513 -2.50000000 -15.76844912
v 10.32892652 -2.50000000 -16.03276185
v 10.65000000 -2.50000000 -16.25166605
v 11.00011334 -2.50000000 -16.42027175
v 11.37144557 -2.50000000 -16.53481257
v 11.75570176 -2.50000000 -16.59272987
v 12.14429824 -2.50000000 -16.59272987
v 12.52855443 -2.50000000 -16.53481257
v 12.89988666 -2.50000000 -16.42027175
v 13.25000000 -2.50000000 -16.25166605
v 13.57107348 -2.50000000 -16.03276185
v 13.85593487 -2.50000000 -15.76844912
v 14.09822081 -2.50000000 -15.46463215
v 14.29251906 -2.50000000 -15.12809772
v 14.43448930 -2.50000000 -14.76636345
v 14.52096015 -2.50000000 -14.38750989
v 14.55000000 -2.50000000 -14.00000000
v 14.52096015 -2.50000000 -13.61249011
v 14.43448930 -2.50000000 -13.23363655
v 14.29251906 -2.50000000 -12.87190228
v 14.09822081 -2.50000000 -12.53536785
v 13.85593487 -2.50000000 -12.23155088
v 13.57107348 -2.50000000 -11.96723815
v 13.25000000 -2.50000000 -11.74833395
v 12.89988666 -2.50000000 -11.57972825
v 12.52855443 -2.50000000 -11.46518743
v 12.14429824 -2.50000000 -11.40727013
v 11.75570176 -2.50000000 -11.40727013
v 11.37144557 -2.50000000 -11.46518743
v 11.00011334 -2.50000000 -11.57972825
v 10.65000000 -2.50000000 -11.74833395
v 10.32892652 -2.50000000 -11.96723815
v 10.04406513 -2.50000000 -12.23155088
v 9.80177919 -2.50000000 -12.53536785
v 9.60748094 -2.50000000 -12.87190228
v 9.46551070 -2.50000000 -13.23363655
v 9.37903985 -2.50000000 -13.61249011
v 9.04328562 -4.33025022 -10.89961893
v 9.22463884 -4.11280994 -10.73888263
v 9.43462293 -3.92394728 -10.57461951
v 9.67739110 -3.76128498 -10.40884353
v 9.92312139 -3.64288603 -10.26451194
v 10.16326642 -3.56451339 -10.14427396
v 10.41261974 -3.51638787 -10.03815220
v 10.66536450 -3.50000000 -9.94880121
v 11.26191171 -3.50000000 -9.80607171
v 11.87279174 -3.50000000 -9.75070137
v 12.48528000 -3.50000000 -9.78384354
v 13.08661843 -3.50000000 -9.90480788
v 13.66428120 -3.50000000 -10.11107470
v 14.20623565 -3.50000000 -10.39834750
v 14.70119290 -3.50000000 -10.76064241
v 15.13884305 -3.50000000 -11.19041284
v 15.51006988 -3.50000000 -11.67870673
v 15.80714077 -3.50000000 -12.21535295
v 16.02386776 -3.50000000 -12.78917322
v 16.15573644 -3.50000000 -13.38821489
v 16.20000000 -3.50000000 -14.00000000
v 16.15573644 -3.50000000 -14.61178511
v 16.02386776 -3.50000000 -15.21082678
v 15.80714077 -3.50000000 -15.78464705
v 15.51006988 -3.50000000 -16.32129327
v 15.13884305 -3.50000000 -16.80958716
v 14.70119290 -3.50000000 -17.23935759
v 14.20623565 -3.50000000 -17.60165250
v 13.66428120 -3.50000000 -17.88892530
v 13.08661843 -3.50000000 -18.09519212
v 12.48528000 -3.50000000 -18.21615646
v 11.87279174 -3.50000000 -18.24929863
v 11.26191171 -3.50000000 -18.19392829
v 10.66536450 -3.50000000 -18.05119879
v 10.39187887 -3.51917262 -17.95370615
v 10.12294334 -3.57537428 -17.83683207
v 9.86614514 -3.66663071 -17.70405701
v 9.62832580 -3.79018085 -17.55956576
v 9.41372464 -3.94046278 -17.40995906
v 9.22606129 -4.11133521 -17.26230490
v 9.06172636 -4.30508607 -17.11757367
v 8.97001341 -4.43913997 -17.03008758
v 7.70000000 -2.50000000 -33.00000000
v 7.74746899 -2.50000000 -33.63342963
v 7.88881558 -2.50000000 -34.25270949
v 8.12088231 -2.50000000 -34.84400589
v 8.43848521 -2.50000000 -35.39411025
v 8.83452954 -2.50000000 -35.89073414
v 9.30016834 -2.50000000 -36.32278380
v 9.82500000 -2.50000000 -36.68060797
v 10.39730065 -2.50000000 -36.95621343
v 11.00428603 -2.50000000 -37.14344363
v 11.63239710 -2.50000000 -37.23811614
v 12.26760290 -2.50000000 -37.23811614
v 12.89571397 -2.50000000 -37.14344363
v 13.50269935 -2.50000000 -36.95621343
v 14.07500000 -2.50000000 -36.68060797
v 14.59983166 -2.50000000 -36.32278380
v 15.06547046 -2.50000000 -35.89073414
v 15.46151479 -2.50000000 -35.39411025
v 15.77911769 -2.50000000 -34.84400589
v 16.01118442 -2.50000000 -34.25270949
v 16.15253101 -2.50000000 -33.63342963
v 16.20000000 -2.50000000 -33.00000000
v 16.15253101 -2.50000000 -32.36657037
v 16.01118442 -2.50000000 -31.74729051
v 15.77911769 -2.50000000 -31.15599411
v 15.46151479 -2.50000000 -30.60588975
v 15.06547046 -2.50000000 -30.10926586
v 14.59983166 -2.50000000 -29.67721620
v 14.07500000 -2.50000000 -29.31939203
v 13.50269935 -2.50000000 -29.04378657
v 12.89571397 -2.50000000 -28.85655637
v 12.26760290 -2.50000000 -28.76188386
v 11.63239710 -2.50000000 -28.76188386
v 11.00428603 -2.50000000 -28.85655637
v 10.39730065 -2.50000000 -29.04378657
v 9.82500000 -2.50000000 -29.31939203
v 9.30016834 -2.50000000 -29.67721620
v 8.83452954 -2.50000000 -30.10926586
v 8.43848521 -2.50000000 -30.60588975
v 8.12088231 -2.50000000 -31.15599411
v 7.88881558 -2.50000000 -31.74729051
v 7.74746899 -2.50000000 -32.36657037
v 9.35000000 -2.50000000 -33.00000000
v 9.37903985 -2.50000000 -33.38750989
v 9.46551070 -2.50000000 -33.76636345
v 9.60748094 -2.50000000 -34.12809772
v 9.80177919 -2.50000000 -34.46463215
v 10.04406513 -2.50000000 -34.76844912
v 10.32892652 -2.50000000 -35.03276185
v 10.65000000 -2.50000000 -35.25166605
v 11.00011334 -2.50000000 -35.42027175
v 11.37144557 -2.50000000 -35.53481257
v 11.75570176 -2.50000000 -35.59272987
v 12.14429824 -2.50000000 -35.59272987
v 12.52855443 -2.50000000 -35.53481257
v 12.89988666 -2.50000000 -35.42027175
v 13.25000000 -2.50000000 -35.25166605
v 13.57107348 -2.50000000 -35.03276185
v 13.85593487 -2.50000000 -34.76844912
v 14.09822081 -2.50000000 -34.46463215
v 14.29251906 -2.50000000 -34.12809772
v 14.43448930 -2.50000000 -33.76636345
v 14.52096015 -2.50000000 -33.38750989
v 14.55000000 -2.50000000 -33.00000000
v 14.52096015 -2.50000000 -32.61249011
v 14.43448930 -2.50000000 -32.23363655
v 14.29251906 -2.50000000 -31.87190228
v 14.09822081 -2.50000000 -31.53536785
v 13.85593487 -2.50000000 -31.23155088
v 13.57107348 -2.50000000 -30.96723815
v 13.25000000 -2.50000000 -30.74833395
v 12.89988666 -2.50000000 -30.57972825
v 12.52855443 -2.50000000 -30.46518743
v 12.14429824 -2.50000000 -30.40727013
v 11.75570176 -2.50000000 -30.40727013
v 11.37144557 -2.50000000 -30.46518743
v 11.00011334 -2.50000000 -30.57972825
v 10.65000000 -2.50000000 -30.74833395
v 10.32892652 -2.50000000 -30.96723815
v 10.04406513 -2.50000000 -31.23155088
v 9.80177919 -2.50000000 -31.53536785
v 9.60748094 -2.50000000 -31.87190228
v 9.46551070 -2.50000000 -32.23363655
v 9.37903985 -2.50000000 -32.61249011
v 9.04328562 -4.33025022 -29.89961893
v 9.22463884 -4.11280994 -29.73888263
v 9.43462293 -3.92394728 -29.57461951
v 9.67739110 -3.76128498 -29.40884353
v 9.92312139 -3.64288603 -29.26451194
v 10.16326642 -3.56451339 -29.14427396
v 10.41261974 -3.51638787 -29.03815220
v 10.66536450 -3.50000000 -28.94880121
v 11.26191171 -3.50000000 -28.80607171
v 11.87279174 -3.50000000 -28.75070137
v 12.48528000 -3.50000000 -28.78384354
v 13.08661843 -3.50000000 -28.90480788
v 13.66428120 -3.50000000 -29.11107470
v 14.20623565 -3.50000000 -29.39834750
v 14.70119290 -3.50000000 -29.76064241
v 15.13884305 -3.50000000 -30.19041284
v 15.51006988 -3.50000000 -30.67870673
v 15.80714077 -3.50000000 -31.21535295
v 16.02386776 -3.50000000 -31.78917322
v 16.15573644 -3.50000000 -32.38821489
v 16.20000000 -3.50000000 -33.00000000
v 16.15573644 -3.50000000 -33.61178511
v 16.02386776 -3.50000000 -34.21082678
v 15.80714077 -3.50000000 -34.78464705
v 15.51006988 -3.50000000 -35.32129327
v 15.13884305 -3.50000000 -35.80958716
v 14.70119290 -3.50000000 -36.23935759
v 14.20623565 -3.50000000 -36.60165250
v 13.66428120 -3.50000000 -36.88892530
v 13.08661843 -3.50000000 -37.09519212
v 12.48528000 -3.50000000 -37.21615646
v 11.87279174 -3.50000000 -37.24929863
v 11.26191171 -3.50000000 -37.19392829
v 10.66536450 -3.50000000 -37.05119879
v 10.39187887 -3.51917262 -36.95370615
v 10.12294334 -3.57537428 -36.83683207
v 9.86614514 -3.66663071 -36.70405701
v 9.62832580 -3.79018085 -36.55956576
v 9.41372464 -3.94046278 -36.40995906
v 9.22606129 -4.11133521 -36.26230490
v 9.06172636 -4.30508607 -36.11757367
v 8.97001341 -4.43913997 -36.03008758
v 10.66536450 -3.50000000 -7.00000000
v 11.95000000 -3.50000000 -7.00000000
v 18.95000000 -3.50000000 -14.00000000
v 18.87875009 -3.50000000 -13.00379613
v 18.66645082 -3.50000000 -12.02787210
v 18.31742397 -3.50000000 -11.09209491
v 17.83877473 -3.50000000 -10.21551428
v 17.24024702 -3.50000000 -9.41597486
v 16.53402514 -3.50000000 -8.70975298
v 15.73448572 -3.50000000 -8.11122527
v 14.85790509 -3.50000000 -7.63257603
v 13.92212790 -3.50000000 -7.28354918
v 12.94620387 -3.50000000 -7.07124991
v 18.95000000 -3.50000000 -33.00000000
v 12.94620387 -3.50000000 -39.92875009
v 13.92212790 -3.50000000 -39.71645082
v 14.85790509 -3.50000000 -39.36742397
v 15.73448572 -3.50000000 -38.88877473
v 16.53402514 -3.50000000 -38.29024702
v 17.24024702 -3.50000000 -37.58402514
v 17.83877473 -3.50000000 -36.78448572
v 18.31742397 -3.50000000 -35.90790509
v 18.66645082 -3.50000000 -34.97212790
v 18.87875009 -3.50000000 -33.99620387
v 18.95000000 0.50000000 -14.00000000
v 18.95000000 0.50000000 -33.00000000
v 18.87875009 0.50000000 -33.99620387
v 18.66645082 0.50000000 -34.97212790
v 18.31742397 0.50000000 -35.90790509
v 17.83877473 0.50000000 -36.78448572
v 17.24024702 0.50000000 -37.58402514
v 16.53402514 0.50000000 -38.29024702
v 15.73448572 0.50000000 -38.88877473
v 14.85790509 0.50000000 -39.36742397
v 13.92212790 0.50000000 -39.71645082
v 12.94620387 0.50000000 -39.92875009
v 12.94620387 0.50000000 -7.07124991
v 13.92212790 0.50000000 -7.28354918
v 14.85790509 0.50000000 -7.63257603
v 15.73448572 0.50000000 -8.11122527
v 16.53402514 0.50000000 -8.70975298
v 17.24024702 0.50000000 -9.41597486
v 17.83877473 0.50000000 -10.21551428
v 18.31742397 0.50000000 -11.09209491
v 18.66645082 0.50000000 -12.02787210
v 18.87875009 0.50000000 -13.00379613
v 9.35000000 0.50000000 -14.00000000
v 9.37903985 0.50000000 -14.38750989
v 9.46551070 0.50000000 -14.76636345
v 9.60748094 0.50000000 -15.12809772
v 9.80177919 0.50000000 -15.46463215
v 10.04406513 0.50000000 -15.76844912
v 10.32892652 0.50000000 -16.03276185
v 10.65000000 0.50000000 -16.25166605
v 11.00011334 0.50000000 -16.42027175
v 11.37144557 0.50000000 -16.53481257
v 11.75570176 0.50000000 -16.59272987
v 12.14429824 0.50000000 -16.59272987
v 12.52855443 0.50000000 -16.53481257
v 12.89988666 0.50000000 -16.42027175
v 13.25000000 0.50000000 -16.25166605
v 13.57107348 0.50000000 -16.03276185
v 13.85593487 0.50000000 -15.76844912
v 14.09822081 0.50000000 -15.46463215
v 14.29251906 0.50000000 -15.12809772
v 14.43448930 0.50000000 -14.76636345
v 14.52096015 0.50000000 -14.38750989
v 14.55000000 0.50000000 -14.00000000
v 14.52096015 0.50000000 -13.61249011
v 14.43448930 0.50000000 -13.23363655
v 14.29251906 0.50000000 -12.87190228
v 14.09822081 0.50000000 -12.53536785
v 13.85593487 0.50000000 -12.23155088
v 13.57107348 0.50000000 -11.96723815
v 13.25000000 0.50000000 -11.74833395
v 12.89988666 0.50000000 -11.57972825
v 12.52855443 0.50000000 -11.46518743
v 12.14429824 0.50000000 -11.40727013
v 11.75570176 0.50000000 -11.40727013
v 11.37144557 0.50000000 -11.46518743
v 11.00011334 0.50000000 -11.57972825
v 10.65000000 0.50000000 -11.74833395
v 10.32892652 0.50000000 -11.96723815
v 10.04406513 0.50000000 -12.23155088
v 9.80177919 0.50000000 -12.53536785
v 9.60748094 0.50000000 -12.87190228
v 9.46551070 0.50000000 -13.23363655
v 9.37903985 0.50000000 -13.61249011
v 9.35000000 0.50000000 -33.00000000
v 9.37903985 0.50000000 -33.38750989
v 9.46551070 0.50000000 -33.76636345
v 9.60748094 0.50000000 -34.12809772
v 9.80177919 0.50000000 -34.46463215
v 10.04406513 0.50000000 -34.76844912
v 10.32892652 0.50000000 -35.03276185
v 10.65000000 0.50000000 -35.25166605
v 11.00011334 0.50000000 -35.42027175
v 11.37144557 0.50000000 -35.53481257
v 11.75570176 0.50000000 -35.59272987
v 12.14429824 0.50000000 -35.59272987
v 12.52855443 0.50000000 -35.53481257
v 12.89988666 0.50000000 -35.42027175
v 13.25000000 0.50000000 -35.25166605
v 13.57107348 0.50000000 -35.03276185
v 13.85593487 0.50000000 -34.76844912
v 14.09822081 0.50000000 -34.46463215
v 14.29251906 0.50000000 -34.12809772
v 14.43448930 0.50000000 -33.76636345
v 14.52096015 0.50000000 -33.38750989
v 14.55000000 0.50000000 -33.00000000
v 14.52096015 0.50000000 -32.61249011
v 14.43448930 0.50000000 -32.23363655
v 14.29251906 0.50000000 -31.87190228
v 14.09822081 0.50000000 -31.53536785
v 13.85593487 0.50000000 -31.23155088
v 13.57107348 0.50000000 -30.96723815
v 13.25000000 0.50000000 -30.74833395
v 12.89988666 0.50000000 -30.57972825
v 12.52855443 0.50000000 -30.46518743
v 12.14429824 0.50000000 -30.40727013
v 11.75570176 0.50000000 -30.40727013
v 11.37144557 0.50000000 -30.46518743
v 11.00011334 0.50000000 -30.57972825
v 10.65000000 0.50000000 -30.74833395
v 10.32892652 0.50000000 -30.96723815
v 10.04406513 0.50000000 -31.23155088
v 9.80177919 0.50000000 -31.53536785
v 9.60748094 0.50000000 -31.87190228
v 9.46551070 0.50000000 -32.23363655
v 9.37903985 0.50000000 -32.61249011
v 18.95000000 -0.50000000 -14.00000000
v 18.87875009 -0.50000000 -13.00379613
v 18.66645082 -0.50000000 -12.02787210
v 18.31742397 -0.50000000 -11.09209491
v 17.83877473 -0.50000000 -10.21551428
v 17.24024702 -0.50000000 -9.41597486
v 16.53402514 -0.50000000 -8.70975298
v 15.73448572 -0.50000000 -8.11122527
v 14.85790509 -0.50000000 -7.63257603
v 13.92212790 -0.50000000 -7.28354918
v 12.94620387 -0.50000000 -7.07124991
v 11.95000000 -0.50000000 -7.00000000
v 18.95000000 -0.50000000 -33.00000000
v 12.94620387 -0.50000000 -39.92875009
v 13.92212790 -0.50000000 -39.71645082
v 14.85790509 -0.50000000 -39.36742397
v 15.73448572 -0.50000000 -38.88877473
v 16.53402514 -0.50000000 -38.29024702
v 17.24024702 -0.50000000 -37.58402514
v 17.83877473 -0.50000000 -36.78448572
v 18.31742397 -0.50000000 -35.90790509
v 18.66645082 -0.50000000 -34.97212790
v 18.87875009 -0.50000000 -33.99620387
v 9.35000000 -0.50000000 -33.00000000
v 9.37903985 -0.50000000 -32.61249011
v 9.46551070 -0.50000000 -32.23363655
v 9.60748094 -0.50000000 -31.87190228
v 9.80177919 -0.50000000 -31.53536785
v 10.04406513 -0.50000000 -31.23155088
v 10.32892652 -0.50000000 -30.96723815
v 10.65000000 -0.50000000 -30.74833395
v 11.00011334 -0.50000000 -30.57972825
v 11.37144557 -0.50000000 -30.46518743
v 11.75570176 -0.50000000 -30.40727013
v 12.14429824 -0.50000000 -30.40727013
v 12.52855443 -0.50000000 -30.46518743
v 12.89988666 -0.50000000 -30.57972825
v 13.25000000 -0.50000000 -30.74833395
v 13.57107348 -0.50000000 -30.96723815
v 13.85593487 -0.50000000 -31.23155088
v 14.09822081 -0.50000000 -31.53536785
v 14.29251906 -0.50000000 -31.87190228
v 14.43448930 -0.50000000 -32.23363655
v 14.52096015 -0.50000000 -32.61249011
v 14.55000000 -0.50000000 -33.00000000
v 14.52096015 -0.50000000 -33.38750989
v 14.43448930 -0.50000000 -33.76636345
v 14.29251906 -0.50000000 -34.12809772
v 14.09822081 -0.50000000 -34.46463215
v 13.85593487 -0.50000000 -34.76844912
v 13.57107348 -0.50000000 -35.03276185
v 13.25000000 -0.50000000 -35.25166605
v 12.89988666 -0.50000000 -35.42027175
v 12.52855443 -0.50000000 -35.53481257
v 12.14429824 -0.50000000 -35.59272987
v 11.75570176 -0.50000000 -35.59272987
v 11.37144557 -0.50000000 -35.53481257
v 11.00011334 -0.50000000 -35.42027175
v 10.65000000 -0.50000000 -35.25166605
v 10.32892652 -0.50000000 -35.03276185
v 10.04406513 -0.50000000 -34.76844912
v 9.80177919 -0.50000000 -34.46463215
v 9.60748094 -0.50000000 -34.12809772
v 9.46551070 -0.50000000 -33.76636345
v 9.37903985 -0.50000000 -33.38750989
v 9.35000000 -0.50000000 -14.00000000
v 9.37903985 -0.50000000 -13.61249011
v 9.46551070 -0.50000000 -13.23363655
v 9.60748094 -0.50000000 -12.87190228
v 9.80177919 -0.50000000 -12.53536785
v 10.04406513 -0.50000000 -12.23155088
v 10.32892652 -0.50000000 -11.96723815
v 10.65000000 -0.50000000 -11.74833395
v 11.00011334 -0.50000000 -11.57972825
v 11.37144557 -0.50000000 -11.46518743
v 11.75570176 -0.50000000 -11.40727013
v 12.14429824 -0.50000000 -11.40727013
v 12.52855443 -0.50000000 -11.46518743
v 12.89988666 -0.50000000 -11.57972825
v 13.25000000 -0.50000000 -11.74833395
v 13.57107348 -0.50000000 -11.96723815
v 13.85593487 -0.50000000 -12.23155088
v 14.09822081 -0.50000000 -12.53536785
v 14.29251906 -0.50000000 -12.87190228
v 14.43448930 -0.50000000 -13.23363655
v 14.52096015 -0.50000000 -13.61249011
v 14.55000000 -0.50000000 -14.00000000
v 14.52096015 -0.50000000 -14.38750989
v 14.43448930 -0.50000000 -14.76636345
v 14.29251906 -0.50000000 -15.12809772
v 14.09822081 -0.50000000 -15.46463215
v 13.85593487 -0.50000000 -15.76844912
v 13.57107348 -0.50000000 -16.03276185
v 13.25000000 -0.50000000 -16.25166605
v 12.89988666 -0.50000000 -16.42027175
v 12.52855443 -0.50000000 -16.53481257
v 12.14429824 -0.50000000 -16.59272987
v 11.75570176 -0.50000000 -16.59272987
v 11.37144557 -0.50000000 -16.53481257
v 11.00011334 -0.50000000 -16.42027175
v 10.65000000 -0.50000000 -16.25166605
v 10.32892652 -0.50000000 -16.03276185
v 10.04406513 -0.50000000 -15.76844912
v 9.80177919 -0.50000000 -15.46463215
v 9.60748094 -0.50000000 -15.12809772
v 9.46551070 -0.50000000 -14.76636345
v 9.37903985 -0.50000000 -14.38750989
v 10.39254841 -3.51869453 -7.00000000
v 10.12483248 -3.57442862 -7.00000000
v 9.86722154 -3.66616037 -7.00000000
v 9.62453150 -3.79217487 -7.00000000
v 9.40129935 -3.95011636 -7.00000000
v 9.20169830 -4.13703219 -7.00000000
v 9.02945979 -4.34942806 -7.00000000
v 0.87277059 9.96180431 -6.99165683
v 0.74405666 9.97224415 -6.96647131
v 0.61811403 9.98087847 -6.92420944
v 0.49897895 9.98752848 -6.86518843
v 0.38978557 9.99238668 -6.79196165
v 0.29343641 9.99569383 -6.70764953
v 0.20898458 9.99780827 -6.61144799
v 0.13555103 9.99907473 -6.50229718
v 0.07628365 9.99970904 -6.38307714
v 0.03381428 9.99995762 -6.25702697
v 0.00846548 10.00001121 -6.12817796
v 0.00211246 10.00000555 -6.06365469
v -86.50000000 0.00000000 0.00000000
v -85.53386647 12.89215602 0.00000000
v -82.65704770 25.49632259 0.00000000
v -77.93380707 37.53094343 0.00000000
v -71.46965398 48.72718502 0.00000000
v -63.40898691 58.83494182 0.00000000
v -53.93186786 67.62842323 0.00000000
v -43.25000000 74.91119743 0.00000000
v -31.60199861 80.52057926 0.00000000
v -19.24806079 84.33126440 0.00000000
v -6.46415310 86.25812846 0.00000000
v 6.46415310 86.25812846 0.00000000
v 19.24806079 84.33126440 0.00000000
v 31.60199861 80.52057926 0.00000000
v 43.25000000 74.91119743 0.00000000
v 53.93186786 67.62842323 0.00000000
v 63.40898691 58.83494182 0.00000000
v 71.46965398 48.72718502 0.00000000
v 77.93380707 37.53094343 0.00000000
v 82.65704770 25.49632259 0.00000000
v 85.53386647 12.89215602 0.00000000
v 86.50000000 0.00000000 0.00000000
v 85.53386647 -12.89215602 0.00000000
v 82.65704770 -25.49632259 0.00000000
v 77.93380707 -37.53094343 0.00000000
v 71.46965398 -48.72718502 0.00000000
v 63.40898691 -58.83494182 0.00000000
v 53.93186786 -67.62842323 0.00000000
v 43.25000000 -74.91119743 0.00000000
v 31.60199861 -80.52057926 0.00000000
v 19.24806079 -84.33126440 0.00000000
v 6.46415310 -86.25812846 0.00000000
v -6.46415310 -86.25812846 0.00000000
v -19.24806079 -84.33126440 0.00000000
v -31.60199861 -80.52057926 0.00000000
v -43.25000000 -74.91119743 0.00000000
v -53.93186786 -67.62842323 0.00000000
v -63.40898691 -58.83494182 0.00000000
v -71.46965398 -48.72718502 0.00000000
v -77.93380707 -37.53094343 0.00000000
v -82.65704770 -25.49632259 0.00000000
v -85.53386647 -12.89215602 0.00000000
v -87.50000000 -0.00000000 -1.00000000
v -86.52269729 -13.04119829 -1.00000000
v -83.61262051 -25.79107776 -1.00000000
v -78.83477594 -37.96482717 -1.00000000
v -72.29589275 -49.29050508 -1.00000000
v -64.14203879 -59.51511455 -1.00000000
v -54.55535766 -68.41025472 -1.00000000
v -43.75000000 -75.77722283 -1.00000000
v -31.96733963 -81.45145301 -1.00000000
v -19.47058172 -85.30619232 -1.00000000
v -6.53888319 -87.25533225 -1.00000000
v 6.53888319 -87.25533225 -1.00000000
v 19.47058172 -85.30619232 -1.00000000
v 31.96733963 -81.45145301 -1.00000000
v 43.75000000 -75.77722283 -1.00000000
v 54.55535766 -68.41025472 -1.00000000
v 64.14203879 -59.51511455 -1.00000000
v 72.29589275 -49.29050508 -1.00000000
v 78.83477594 -37.96482717 -1.00000000
v 83.61262051 -25.79107776 -1.00000000
v 86.52269729 -13.04119829 -1.00000000
v 87.50000000 -0.00000000 -1.00000000
v 86.52269729 13.04119829 -1.00000000
v 83.61262051 25.79107776 -1.00000000
v 78.83477594 37.96482717 -1.00000000
v 72.29589275 49.29050508 -1.00000000
v 64.14203879 59.51511455 -1.00000000
v 54.55535766 68.41025472 -1.00000000
v 43.75000000 75.77722283 -1.00000000
v 31.96733963 81.45145301 -1.00000000
v 19.47058172 85.30619232 -1.00000000
v 6.53888319 87.25533225 -1.00000000
v -6.53888319 87.25533225 -1.00000000
v -19.47058172 85.30619232 -1.00000000
v -31.96733963 81.45145301 -1.00000000
v -43.75000000 75.77722283 -1.00000000
v -54.55535766 68.41025472 -1.00000000
v -64.14203879 59.51511455 -1.00000000
v -72.29589275 49.29050508 -1.00000000
v -78.83477594 37.96482717 -1.00000000
v -83.61262051 25.79107776 -1.00000000
v -86.52269729 13.04119829 -1.00000000
v -87.50000000 0.00000000 -4.00000000
v -86.52269729 13.04119829 -4.00000000
v -83.61262051 25.79107776 -4.00000000
v -78.83477594 37.96482717 -4.00000000
v -72.29589275 49.29050508 -4.00000000
v -64.14203879 59.51511455 -4.00000000
v -54.55535766 68.41025472 -4.00000000
v -43.75000000 75.77722283 -4.00000000
v -31.96733963 81.45145301 -4.00000000
v -19.47058172 85.30619232 -4.00000000
v -6.53888319 87.25533225 -4.00000000
v 6.53888319 87.25533225 -4.00000000
v 19.47058172 85.30619232 -4.00000000
v 31.96733963 81.45145301 -4.00000000
v 43.75000000 75.77722283 -4.00000000
v 54.55535766 68.41025472 -4.00000000
v 64.14203879 59.51511455 -4.00000000
v 72.29589275 49.29050508 -4.00000000
v 78.83477594 37.96482717 -4.00000000
v 83.61262051 25.79107776 -4.00000000
v 86.52269729 13.04119829 -4.00000000
v 87.50000000 0.00000000 -4.00000000
v 86.52269729 -13.04119829 -4.00000000
v 83.61262051 -25.79107776 -4.00000000
v 78.83477594 -37.96482717 -4.00000000
v 72.29589275 -49.29050508 -4.00000000
v 64.14203879 -59.51511455 -4.00000000
v 54.55535766 -68.41025472 -4.00000000
v 43.75000000 -75.77722283 -4.00000000
v 31.96733963 -81.45145301 -4.00000000
v 19.47058172 -85.30619232 -4.00000000
v 6.53888319 -87.25533225 -4.00000000
v -6.53888319 -87.25533225 -4.00000000
v -19.47058172 -85.30619232 -4.00000000
v -31.96733963 -81.45145301 -4.00000000
v -43.75000000 -75.77722283 -4.00000000
v -54.55535766 -68.41025472 -4.00000000
v -64.14203879 -59.51511455 -4.00000000
v -72.29589275 -49.29050508 -4.00000000
v -78.83477594 -37.96482717 -4.00000000
v -83.61262051 -25.79107776 -4.00000000
v -86.52269729 -13.04119829 -4.00000000
v -128.40000000 57.20000000 161.98500000
v -126.80000000 58.40000000 161.98500000
v -125.60900000 56.81200000 161.98500000
v -127.20900000 55.61200000 161.98500000
v -125.60900000 56.81200000 138.01500000
v -127.20900000 55.61200000 138.01500000
v -126.80000000 58.40000000 138.01500000
v -128.40000000 57.20000000 138.01500000
v -122.39100000 49.18800000 172.00000000
v -120.79100000 50.38800000 172.00000000
v -106.40900000 31.21200000 172.00000000
v -108.00900000 30.01200000 172.00000000
v -106.40900000 31.21200000 170.01500000
v -108.00900000 30.01200000 170.01500000
v -120.79100000 50.38800000 170.01500000
v -122.39100000 49.18800000 170.01500000
v -108.00900000 30.01200000 129.98500000
v -106.40900000 31.21200000 129.98500000
v -106.40900000 31.21200000 128.00000000
v -108.00900000 30.01200000 128.00000000
v -120.79100000 50.38800000 128.00000000
v -122.39100000 49.18800000 128.00000000
v -120.79100000 50.38800000 129.98500000
v -122.39100000 49.18800000 129.98500000
vt 0.50000000 0.50000000
vt 0.50000000 0.50000000
vt 0.50000000 0.50000000
vt 0.50000000 0.50000000
vt 0.50000000 0.50000000
vt 0.50000000 0.50000000
vt 0.50000000 0.50000000
vt 0.50000000 0.50000000
vt 0.50000000 0.50000000
vt 0.50000000 0.50000000
vt 0.50000000 0.50000000
vt 0.50000000 0.50000000
vt 0.50000000 0.50000000
vt 0.50000000 0.50000000
vt 0.50000000 0.50000000
vt 0.50000000 0.50000000
vt 0.50000000 0.50000000
vt 0.50000000 0.50000000
vt 0.50000000 0.50000000
vt 0.50000000 0.50000000
vt 0.50000000 0.50000000
vt 0.50000000 0.50000000
vt 0.50000000 0.50000000
vt 0.50000000 0.50000000
vt 0.50000000 0.50000000
vt 0.50000000 0.50000000
vt 0.50000000 0.50000000
vt 0.50000000 0.50000000
vt 0.50000000 0.50000000
vt 0.50000000 0.50000000
vt 0.50000000 0.50000000
vt 0.50000000 0.50000000
vt 0.50000000 0.50000000
vt 0.50000000 0.50000000
vt 0.50000000 0.50000000
vt 0.50000000 0.50000000
vt 0.50000000 0.50000000
vt 0.50000000 0.50000000
vt 0.50000000 0.50000000
vt 0.50000000 0.50000000
vt 0.50000000 0.50000000
vt 0.50000000 0.50000000
vt 0.50000000 0.50000000
vt 0.50000000 0.50000000
vt 0.50000000 0.50000000
vt 0.50000000 0.50000000
vt 0.50000000 0.50000000
vt 0.50000000 0.50000000
vt 0.50000000 0.50000000
vt 0.50000000 0.50000000
vt 0.50000000 0.50000000
vt 0.50000000 0.50000000
vt 0.50000000 0.50000000
vt 0.50000000 0.50000000
vt 0.50000000 0.50000000
vt 0.50000000 0.50000000
vt 0.50000000 0.50000000
vt 0.50000000 0.50000000
vt 0.50000000 0.50000000
vt 0.50000000 0.50000000
vt 0.50000000 0.50000000
vt 0.50000000 0.50000000
vt 0.50000000 0.50000000
vt 0.50000000 0.50000000
vt 0.50000000 0.50000000
vt 0.50000000 0.50000000
vt 0.50000000 0.50000000
vt 0.50000000 0.50000000
vt 0.50000000 0.50000000
vt 0.50000000 0.50000000
vt 0.50000000 0.50000000
vt 0.50000000 0.50000000
vt 0.50000000 0.50000000
vt 0.50000000 0.50000000
vt 0.50000000 0.50000000
vt 0.50000000 0.50000000
vt 0.50000000 0.50000000
vt 0.50000000 0.50000000
vt 0.50000000 0.50000000
vt 0.50000000 0.50000000
vt 0.50000000 0.50000000
vt 0.50000000 0.50000000
vt 0.50000000 0.50000000
vt 0.50000000 0.50000000
vt 0.50000000 0.50000000
vt 0.50000000 0.50000000
vt 0.50000000 0.50000000
vt 0.50000000 0.50000000
vt 0.50000000 0.50000000
vt 0.50000000 0.50000000
vt 0.50000000 0.50000000
vt 0.50000000 0.50000000
vt 0.50000000 0.50000000
vt 0.50000000 0.50000000
vt 0.50000000 0.50000000
vt 0.50000000 0.50000000
vt 0.50000000 0.50000000
vt 0.50000000 0.50000000
vt 0.50000000 0.50000000
vt 0.50000000 0.50000000
vt 0.50000000 0.50000000
vt 0.50000000 0.50000000
vt 0.50000000 0.50000000
vt 0.50000000 0.50000000
vt 0.50000000 0.50000000
vt 0.50000000 0.50000000
vt 0.50000000 0.50000000
vt 0.50000000 0.50000000
vt 0.50000000 0.50000000
vt 0.50000000 0.50000000
vt 0.50000000 0.50000000
vt 0.50000000 0.50000000
vt 0.50000000 0.50000000
vt 0.50000000 0.50000000
vt 0.50000000 0.50000000
vt 0.50000000 0.50000000
vt 0.50000000 0.50000000
vt 0.50000000 0.50000000
vt 0.50000000 0.50000000
vt 0.50000000 0.50000000
vt 0.50000000 0.50000000
vt 0.50000000 0.50000000
vt 0.50000000 0.50000000
vt 0.50000000 0.50000000
vt 0.50000000 0.50000000
vt 0.50000000 0.50000000
vt 0.50000000 0.50000000
vt 0.50000000 0.50000000
vt 0.50000000 0.50000000
vt 0.50000000 0.50000000
vt 0.50000000 0.50000000
vt 0.50000000 0.50000000
vt 0.50000000 0.50000000
vt 0.50000000 0.50000000
vt 0.50000000 0.50000000
vt 0.50000000 0.50000000
vt 0.50000000 0.50000000
vt 0.50000000 0.50000000
vt 0.50000000 0.50000000
vt 0.50000000 0.50000000
vt 0.50000000 0.50000000
vt 0.50000000 0.50000000
vt 0.50000000 0.50000000
vt 0.50000000 0.50000000
vt 0.50000000 0.50000000
vt 0.50000000 0.50000000
vt 0.50000000 0.50000000
vt 0.50000000 0.50000000
vt 0.50000000 0.50000000
vt 0.50000000 0.50000000
vt 0.50000000 0.50000000
vt 0.50000000 0.50000000
vt 0.50000000 0.50000000
vt 0.50000000 0.50000000
vt 0.50000000 0.50000000
vt 0.50000000 0.50000000
vt 0.50000000 0.50000000
vt 0.50000000 0.50000000
vt 0.50000000 0.50000000
vt 0.50000000 0.50000000
vt 0.50000000 0.50000000
vt 0.50000000 0.50000000
vt 0.50000000 0.50000000
vt 0.50000000 0.50000000
vt 0.50000000 0.50000000
vt 0.50000000 0.50000000
vt 0.50000000 0.50000000
vt 0.50000000 0.50000000
vt 0.50000000 0.50000000
vt 0.50000000 0.50000000
vt 0.50000000 0.50000000
vt 0.50000000 0.50000000
vt 0.50000000 0.50000000
vt 0.50000000 0.50000000
vt 0.50000000 0.50000000
vt 0.50000000 0.50000000
vt 0.50000000 0.50000000
vt 0.50000000 0.50000000
vt 0.50000000 0.50000000
vt 0.50000000 0.50000000
vt 0.50000000 0.50000000
vt 0.50000000 0.50000000
vt 0.50000000 0.50000000
vt 0.50000000 0.50000000
vt 0.50000000 0.50000000
vt 0.50000000 0.50000000
vt 0.50000000 0.50000000
vt 0.50000000 0.50000000
vt 0.50000000 0.50000000
vt 0.50000000 0.50000000
vt 0.50000000 0.50000000
vt 0.50000000 0.50000000
vt 0.50000000 0.50000000
vt 0.50000000 0.50000000
vt 0.50000000 0.50000000
vt 0.50000000 0.50000000
vt 0.50000000 0.50000000
vt 0.50000000 0.50000000
vt 0.50000000 0.50000000
vt 0.50000000 0.50000000
vt 0.50000000 0.50000000
vt 0.50000000 0.50000000
vt 0.50000000 0.50000000
vt 0.50000000 0.50000000
vt 0.50000000 0.50000000
vt 0.50000000 0.50000000
vt 0.50000000 0.50000000
vt 0.50000000 0.50000000
vt 0.50000000 0.50000000
vt 0.50000000 0.50000000
vt 0.50000000 0.50000000
vt 0.50000000 0.50000000
vt 0.50000000 0.50000000
vt 0.50000000 0.50000000
vt 0.50000000 0.50000000
vt 0.50000000 0.50000000
vt 0.50000000 0.50000000
vt 0.50000000 0.50000000
vt 0.50000000 0.50000000
vt 0.50000000 0.50000000
vt 0.50000000 0.50000000
vt 0.50000000 0.50000000
vt 0.50000000 0.50000000
vt 0.50000000 0.50000000
vt 0.50000000 0.50000000
vt 0.50000000 0.50000000
vt 0.50000000 0.50000000
vt 0.50000000 0.50000000
vt 0.50000000 0.50000000
vt 0.50000000 0.50000000
vt 0.50000000 0.50000000
vt 0.50000000 0.50000000
vt 0.50000000 0.50000000
vt 0.50000000 0.50000000
vt 0.50000000 0.50000000
vt 0.50000000 0.50000000
vt 0.50000000 0.50000000
vt 0.50000000 0.50000000
vt 0.50000000 0.50000000
vt 0.50000000 0.50000000
vt 0.50000000 0.50000000
vt 0.50000000 0.50000000
vt 0.50000000 0.50000000
vt 0.50000000 0.50000000
vt 0.50000000 0.50000000
vt 0.50000000 0.50000000
vt 0.50000000 0.50000000
vt 0.50000000 0.50000000
vt 0.50000000 0.50000000
vt 0.50000000 0.50000000
vt 0.50000000 0.50000000
vt 0.50000000 0.50000000
vt 0.50000000 0.50000000
vt 0.50000000 0.50000000
vt 0.50000000 0.50000000
vt 0.50000000 0.50000000
vt 0.50000000 0.50000000
vt 0.50000000 0.50000000
vt 0.50000000 0.50000000
vt 0.50000000 0.50000000
vt 0.50000000 0.50000000
vt 0.50000000 0.50000000
vt 0.50000000 0.50000000
vt 0.50000000 0.50000000
vt 0.50000000 0.50000000
vt 0.50000000 0.50000000
vt 0.50000000 0.50000000
vt 0.50000000 0.50000000
vt 0.50000000 0.50000000
vt 0.50000000 0.50000000
vt 0.50000000 0.50000000
vt 0.50000000 0.50000000
vt 0.50000000 0.50000000
vt 0.50000000 0.50000000
vt 0.50000000 0.50000000
vt 0.50000000 0.50000000
vt 0.50000000 0.50000000
vt 0.50000000 0.50000000
vt 0.50000000 0.50000000
vt 0.50000000 0.50000000
vt 0.50000000 0.50000000
vt 0.50000000 0.50000000
vt 0.50000000 0.50000000
vt 0.50000000 0.50000000
vt 0.50000000 0.50000000
vt 0.50000000 0.50000000
vt 0.50000000 0.50000000
vt 0.50000000 0.50000000
vt 0.50000000 0.50000000
vt 0.50000000 0.50000000
vt 0.50000000 0.50000000
vt 0.50000000 0.50000000
vt 0.50000000 0.50000000
vt 0.50000000 0.50000000
vt 0.50000000 0.50000000
vt 0.50000000 0.50000000
vt 0.50000000 0.50000000
vt 0.50000000 0.50000000
vt 0.50000000 0.50000000
vt 0.50000000 0.50000000
vt 0.50000000 0.50000000
vt 0.50000000 0.50000000
vt 0.50000000 0.50000000
vt 0.50000000 0.50000000
vt 0.50000000 0.50000000
vt 0.50000000 0.50000000
vt 0.50000000 0.50000000
vt 0.50000000 0.50000000
vt 0.50000000 0.50000000
vt 0.50000000 0.50000000
vt 0.50000000 0.50000000
vt 0.50000000 0.50000000
vt 0.50000000 0.50000000
vt 0.50000000 0.50000000
vt 0.50000000 0.50000000
vt 0.50000000 0.50000000
vt 0.50000000 0.50000000
vt 0.50000000 0.50000000
vt 0.50000000 0.50000000
vt 0.50000000 0.50000000
vt 0.50000000 0.50000000
vt 0.50000000 0.50000000
vt 0.50000000 0.50000000
vt 0.50000000 0.50000000
vt 0.50000000 0.50000000
vt 0.50000000 0.50000000
vt 0.50000000 0.50000000
vt 0.50000000 0.50000000
vt 0.50000000 0.50000000
vt 0.50000000 0.50000000
vt 0.50000000 0.50000000
vt 0.50000000 0.50000000
vt 0.50000000 0.50000000
vt 0.50000000 0.50000000
vt 0.50000000 0.50000000
vt 0.50000000 0.50000000
vt 0.50000000 0.50000000
vt 0.50000000 0.50000000
vt 0.50000000 0.50000000
vt 0.50000000 0.50000000
vt 0.50000000 0.50000000
vt 0.50000000 0.50000000
vt 0.50000000 0.50000000
vt 0.50000000 0.50000000
vt 0.50000000 0.50000000
vt 0.50000000 0.50000000
vt 0.50000000 0.50000000
vt 0.50000000 0.50000000
vt 0.50000000 0.50000000
vt 0.50000000 0.50000000
vt 0.50000000 0.50000000
vt 0.50000000 0.50000000
vt 0.50000000 0.50000000
vt 0.50000000 0.50000000
vt 0.50000000 0.50000000
vt 0.50000000 0.50000000
vt 0.50000000 0.50000000
vt 0.50000000 0.50000000
vt 0.50000000 0.50000000
vt 0.50000000 0.50000000
vt 0.50000000 0.50000000
vt 0.50000000 0.50000000
vt 0.50000000 0.50000000
vt 0.50000000 0.50000000
vt 0.50000000 0.50000000
vt 0.50000000 0.50000000
vt 0.50000000 0.50000000
vt 0.50000000 0.50000000
vt 0.50000000 0.50000000
vt 0.50000000 0.50000000
vt 0.50000000 0.50000000
vt 0.50000000 0.50000000
vt 0.50000000 0.50000000
vt 0.50000000 0.50000000
vt 0.50000000 0.50000000
vt 0.50000000 0.50000000
vt 0.50000000 0.50000000
vt 0.50000000 0.50000000
vt 0.50000000 0.50000000
vt 0.50000000 0.50000000
vt 0.50000000 0.50000000
vt 0.50000000 0.50000000
vt 0.50000000 0.50000000
vt 0.50000000 0.50000000
vt 0.50000000 0.50000000
vt 0.50000000 0.50000000
vt 0.50000000 0.50000000
vt 0.50000000 0.50000000
vt 0.50000000 0.50000000
vt 0.50000000 0.50000000
vt 0.50000000 0.50000000
vt 0.50000000 0.50000000
vt 0.50000000 0.50000000
vt 0.50000000 0.50000000
vt 0.50000000 0.50000000
vt 0.50000000 0.50000000
vt 0.50000000 0.50000000
vt 0.50000000 0.50000000
vt 0.50000000 0.50000000
vt 0.50000000 0.50000000
vt 0.50000000 0.50000000
vt 0.50000000 0.50000000
vt 0.50000000 0.50000000
vt 0.50000000 0.50000000
vt 0.50000000 0.50000000
vt 0.50000000 0.50000000
vt 0.50000000 0.50000000
vt 0.50000000 0.50000000
vt 0.50000000 0.50000000
vt 0.50000000 0.50000000
vt 0.50000000 0.50000000
vt 0.50000000 0.50000000
vt 0.50000000 0.50000000
vt 0.50000000 0.50000000
vt 0.50000000 0.50000000
vt 0.50000000 0.50000000
vt 0.50000000 0.50000000
vt 0.50000000 0.50000000
vt 0.50000000 0.50000000
vt 0.50000000 0.50000000
vt 0.50000000 0.50000000
vt 0.50000000 0.50000000
vt 0.50000000 0.50000000
vt 0.50000000 0.50000000
vt 0.50000000 0.50000000
vt 0.50000000 0.50000000
vt 0.50000000 0.50000000
vt 0.50000000 0.50000000
vt 0.50000000 0.50000000
vt 0.50000000 0.50000000
vt 0.50000000 0.50000000
vt 0.50000000 0.50000000
vt 0.50000000 0.50000000
vt 0.50000000 0.50000000
vt 0.50000000 0.50000000
vt 0.50000000 0.50000000
vt 0.50000000 0.50000000
vt 0.50000000 0.50000000
vt 0.50000000 0.50000000
vt 0.50000000 0.50000000
vt 0.50000000 0.50000000
vt 0.50000000 0.50000000
vt 0.50000000 0.50000000
vt 0.50000000 0.50000000
vt 0.50000000 0.50000000
vt 0.50000000 0.50000000
vt 0.50000000 0.50000000
vt 0.50000000 0.50000000
vt 0.50000000 0.50000000
vt 0.50000000 0.50000000
vt 0.50000000 0.50000000
vt 0.50000000 0.50000000
vt 0.50000000 0.50000000
vt 0.50000000 0.50000000
vt 0.50000000 0.50000000
vt 0.50000000 0.50000000
vt 0.50000000 0.50000000
vt 0.50000000 0.50000000
vt 0.50000000 0.50000000
vt 0.50000000 0.50000000
vt 0.50000000 0.50000000
vt 0.50000000 0.50000000
vt 0.50000000 0.50000000
vt 0.50000000 0.50000000
vt 0.50000000 0.50000000
vt 0.50000000 0.50000000
vt 0.50000000 0.50000000
vt 0.50000000 0.50000000
vt 0.50000000 0.50000000
vt 0.50000000 0.50000000
vt 0.50000000 0.50000000
vt 0.50000000 0.50000000
vt 0.50000000 0.50000000
vt 0.50000000 0.50000000
vt 0.50000000 0.50000000
vt 0.50000000 0.50000000
vt 0.50000000 0.50000000
vt 0.50000000 0.50000000
vt 0.50000000 0.50000000
vt 0.50000000 0.50000000
vt 0.50000000 0.50000000
vt 0.50000000 0.50000000
vt 0.50000000 0.50000000
vt 0.50000000 0.50000000
vt 0.50000000 0.50000000
vt 0.50000000 0.50000000
vt 0.50000000 0.50000000
vt 0.50000000 0.50000000
vt 0.50000000 0.50000000
vt 0.50000000 0.50000000
vt 0.50000000 0.50000000
vt 0.50000000 0.50000000
vt 0.50000000 0.50000000
vt 0.50000000 0.50000000
vt 0.50000000 0.50000000
vt 0.50000000 0.50000000
vt 0.50000000 0.50000000
vt 0.50000000 0.50000000
vt 0.50000000 0.50000000
vt 0.50000000 0.50000000
vt 0.50000000 0.50000000
vt 0.50000000 0.50000000
vt 0.50000000 0.50000000
vt 0.50000000 0.50000000
vt 0.50000000 0.50000000
vt 0.50000000 0.50000000
vt 0.50000000 0.50000000
vt 0.50000000 0.50000000
vt 0.50000000 0.50000000
vt 0.50000000 0.50000000
vt 0.50000000 0.50000000
vt 0.50000000 0.50000000
vt 0.50000000 0.50000000
vt 0.50000000 0.50000000
vt 0.50000000 0.50000000
vt 0.50000000 0.50000000
vt 0.50000000 0.50000000
vt 0.50000000 0.50000000
vt 0.50000000 0.50000000
vt 0.50000000 0.50000000
vt 0.50000000 0.50000000
vt 0.50000000 0.50000000
vt 0.50000000 0.50000000
vt 0.50000000 0.50000000
vt 0.50000000 0.50000000
vt 0.50000000 0.50000000
vt 0.50000000 0.50000000
vt 0.50000000 0.50000000
vt 0.50000000 0.50000000
vt 0.50000000 0.50000000
vt 0.50000000 0.50000000
vt 0.50000000 0.50000000
vt 0.50000000 0.50000000
vt 0.50000000 0.50000000
vt 0.50000000 0.50000000
vt 0.50000000 0.50000000
vt 0.50000000 0.50000000
vt 0.50000000 0.50000000
vt 0.50000000 0.50000000
vt 0.50000000 0.50000000
vt 0.50000000 0.50000000
vt 0.50000000 0.50000000
vt 0.50000000 0.50000000
vt 0.50000000 0.50000000
vt 0.50000000 0.50000000
vt 0.50000000 0.50000000
vt 0.50000000 0.50000000
vt 0.50000000 0.50000000
vt 0.50000000 0.50000000
vt 0.50000000 0.50000000
vt 0.50000000 0.50000000
vt 0.50000000 0.50000000
vt 0.50000000 0.50000000
vt 0.50000000 0.50000000
vt 0.50000000 0.50000000
vt 0.50000000 0.50000000
vt 0.50000000 0.50000000
vt 0.50000000 0.50000000
vt 0.50000000 0.50000000
vt 0.50000000 0.50000000
vt 0.50000000 0.50000000
vt 0.50000000 0.50000000
vt 0.50000000 0.50000000
vt 0.50000000 0.50000000
vt 0.50000000 0.50000000
vt 0.50000000 0.50000000
vt 0.50000000 0.50000000
vt 0.50000000 0.50000000
vt 0.50000000 0.50000000
vt 0.50000000 0.50000000
vt 0.50000000 0.50000000
vt 0.50000000 0.50000000
vt 0.50000000 0.50000000
vt 0.50000000 0.50000000
vt 0.50000000 0.50000000
vt 0.50000000 0.50000000
vt 0.50000000 0.50000000
vt 0.50000000 0.50000000
vt 0.50000000 0.50000000
vt 0.50000000 0.50000000
vt 0.50000000 0.50000000
vt 0.50000000 0.50000000
vt 0.50000000 0.50000000
vt 0.50000000 0.50000000
vt 0.50000000 0.50000000
vt 0.50000000 0.50000000
vt 0.50000000 0.50000000
vt 0.50000000 0.50000000
vt 0.50000000 0.50000000
vt 0.50000000 0.50000000
vt 0.50000000 0.50000000
vt 0.50000000 0.50000000
vt 0.50000000 0.50000000
vt 0.50000000 0.50000000
vt 0.50000000 0.50000000
vt 0.50000000 0.50000000
vt 0.50000000 0.50000000
vt 0.50000000 0.50000000
vt 0.50000000 0.50000000
vt 0.50000000 0.50000000
vt 0.50000000 0.50000000
vt 0.50000000 0.50000000
vt 0.50000000 0.50000000
vt 0.50000000 0.50000000
vt 0.50000000 0.50000000
vt 0.50000000 0.50000000
vt 0.50000000 0.50000000
vt 0.50000000 0.50000000
vt 0.50000000 0.50000000
vt 0.50000000 0.50000000
vt 0.50000000 0.50000000
vt 0.50000000 0.50000000
vt 0.50000000 0.50000000
vt 0.50000000 0.50000000
vt 0.50000000 0.50000000
vt 0.50000000 0.50000000
vt 0.50000000 0.50000000
vt 0.50000000 0.50000000
vt 0.50000000 0.50000000
vt 0.50000000 0.50000000
vt 0.50000000 0.50000000
vt 0.50000000 0.50000000
vt 0.50000000 0.50000000
vt 0.50000000 0.50000000
vt 0.50000000 0.50000000
vt 0.50000000 0.50000000
vt 0.50000000 0.50000000
vt 0.50000000 0.50000000
vt 0.50000000 0.50000000
vt 0.50000000 0.50000000
vt 0.50000000 0.50000000
vt 0.50000000 0.50000000
vt 0.50000000 0.50000000
vt 0.50000000 0.50000000
vt 0.50000000 0.50000000
vt 0.50000000 0.50000000
vt 0.50000000 0.50000000
vt 0.50000000 0.50000000
vt 0.50000000 0.50000000
vt 0.50000000 0.50000000
vt 0.50000000 0.50000000
vt 0.50000000 0.50000000
vt 0.50000000 0.50000000
vt 0.50000000 0.50000000
vt 0.50000000 0.50000000
vt 0.50000000 0.50000000
vt 0.50000000 0.50000000
vt 0.50000000 0.50000000
vt 0.50000000 0.50000000
vt 0.50000000 0.50000000
vt 0.50000000 0.50000000
vt 0.50000000 0.50000000
vt 0.50000000 0.50000000
vt 0.50000000 0.50000000
vt 0.50000000 0.50000000
vt 0.50000000 0.50000000
vt 0.50000000 0.50000000
vt 0.50000000 0.50000000
vt 0.50000000 0.50000000
vt 0.50000000 0.50000000
vt 0.50000000 0.50000000
vt 0.50000000 0.50000000
vt 0.50000000 0.50000000
vt 0.50000000 0.50000000
vt 0.50000000 0.50000000
vt 0.50000000 0.50000000
vt 0.50000000 0.50000000
vt 0.50000000 0.50000000
vt 0.50000000 0.50000000
vt 0.50000000 0.50000000
vt 0.50000000 0.50000000
vt 0.50000000 0.50000000
vt 0.50000000 0.50000000
vt 0.50000000 0.50000000
vt 0.50000000 0.50000000
vt 0.50000000 0.50000000
vt 0.50000000 0.50000000
vt 0.50000000 0.50000000
vt 0.50000000 0.50000000
vt 0.50000000 0.50000000
vt 0.50000000 0.50000000
vt 0.50000000 0.50000000
vt 0.50000000 0.50000000
vt 0.50000000 0.50000000
vt 0.50000000 0.50000000
vt 0.50000000 0.50000000
vt 0.50000000 0.50000000
vt 0.50000000 0.50000000
vt 0.50000000 0.50000000
vt 0.50000000 0.50000000
vt 0.50000000 0.50000000
vt 0.50000000 0.50000000
vt 0.50000000 0.50000000
vt 0.50000000 0.50000000
vt 0.50000000 0.50000000
vt 0.50000000 0.50000000
vt 0.50000000 0.50000000
vt 0.50000000 0.50000000
vt 0.50000000 0.50000000
vt 0.50000000 0.50000000
vt 0.50000000 0.50000000
vt 0.50000000 0.50000000
vt 0.50000000 0.50000000
vt 0.50000000 0.50000000
vt 0.50000000 0.50000000
vt 0.50000000 0.50000000
vt 0.50000000 0.50000000
vt 0.50000000 0.50000000
vt 0.50000000 0.50000000
vt 0.50000000 0.50000000
vt 0.50000000 0.50000000
vt 0.50000000 0.50000000
vt 0.50000000 0.50000000
vt 0.50000000 0.50000000
vt 0.50000000 0.50000000
vt 0.50000000 0.50000000
vt 0.50000000 0.50000000
vt 0.50000000 0.50000000
vt 0.50000000 0.50000000
vt 0.50000000 0.50000000
vt 0.50000000 0.50000000
vt 0.50000000 0.50000000
vt 0.50000000 0.50000000
vt 0.50000000 0.50000000
vt 0.50000000 0.50000000
vt 0.50000000 0.50000000
vt 0.50000000 0.50000000
vt 0.50000000 0.50000000
vt 0.50000000 0.50000000
vt 0.50000000 0.50000000
vt 0.50000000 0.50000000
vt 0.50000000 0.50000000
vt 0.50000000 0.50000000
vt 0.50000000 0.50000000
vt 0.50000000 0.50000000
vt 0.50000000 0.50000000
vt 0.50000000 0.50000000
vt 0.50000000 0.50000000
vt 0.50000000 0.50000000
vt 0.50000000 0.50000000
vt 0.50000000 0.50000000
vt 0.50000000 0.50000000
vt 0.50000000 0.50000000
vt 0.50000000 0.50000000
vt 0.50000000 0.50000000
vt 0.50000000 0.50000000
vt 0.50000000 0.50000000
vt 0.50000000 0.50000000
vt 0.50000000 0.50000000
vt 0.50000000 0.50000000
vt 0.50000000 0.50000000
vt 0.50000000 0.50000000
vt 0.50000000 0.50000000
vt 0.50000000 0.50000000
vt 0.50000000 0.50000000
vt 0.50000000 0.50000000
vt 0.50000000 0.50000000
vt 0.50000000 0.50000000
vt 0.50000000 0.50000000
vt 0.50000000 0.50000000
vt 0.50000000 0.50000000
vt 0.50000000 0.50000000
vt 0.50000000 0.50000000
vt 0.50000000 0.50000000
vt 0.50000000 0.50000000
vt 0.50000000 0.50000000
vt 0.50000000 0.50000000
vt 0.50000000 0.50000000
vt 0.50000000 0.50000000
vt 0.50000000 0.50000000
vt 0.50000000 0.50000000
vt 0.50000000 0.50000000
vt 0.50000000 0.50000000
vt 0.50000000 0.50000000
vt 0.50000000 0.50000000
vt 0.50000000 0.50000000
vt 0.50000000 0.50000000
vt 0.50000000 0.50000000
vt 0.50000000 0.50000000
vt 0.50000000 0.50000000
vt 0.50000000 0.50000000
vt 0.50000000 0.50000000
vt 0.50000000 0.50000000
vt 0.50000000 0.50000000
vt 0.50000000 0.50000000
vt 0.50000000 0.50000000
vt 0.50000000 0.50000000
vt 0.50000000 0.50000000
vt 0.50000000 0.50000000
vt 0.50000000 0.50000000
vt 0.50000000 0.50000000
vt 0.50000000 0.50000000
vt 0.50000000 0.50000000
vt 0.50000000 0.50000000
vt 0.50000000 0.50000000
vt 0.50000000 0.50000000
vt 0.50000000 0.50000000
vt 0.50000000 0.50000000
vt 0.50000000 0.50000000
vt 0.50000000 0.50000000
vt 0.50000000 0.50000000
vt 0.50000000 0.50000000
vt 0.50000000 0.50000000
vt 0.50000000 0.50000000
vt 0.50000000 0.50000000
vt 0.50000000 0.50000000
vt 0.50000000 0.50000000
vt 0.50000000 0.50000000
vt 0.50000000 0.50000000
vt 0.50000000 0.50000000
vt 0.50000000 0.50000000
vt 0.50000000 0.50000000
vt 0.50000000 0.50000000
vt 0.50000000 0.50000000
vt 0.50000000 0.50000000
vt 0.50000000 0.50000000
vt 0.50000000 0.50000000
vt 0.50000000 0.50000000
vt 0.50000000 0.50000000
vt 0.50000000 0.50000000
vt 0.50000000 0.50000000
vt 0.50000000 0.50000000
vt 0.50000000 0.50000000
vt 0.50000000 0.50000000
vt 0.50000000 0.50000000
vt 0.50000000 0.50000000
vt 0.50000000 0.50000000
vt 0.50000000 0.50000000
vt 0.50000000 0.50000000
vt 0.50000000 0.50000000
vt 0.50000000 0.50000000
vt 0.50000000 0.50000000
vt 0.50000000 0.50000000
vt 0.50000000 0.50000000
vt 0.50000000 0.50000000
vt 0.50000000 0.50000000
vt 0.50000000 0.50000000
vt 0.50000000 0.50000000
vt 0.50000000 0.50000000
vt 0.50000000 0.50000000
vt 0.50000000 0.50000000
vt 0.50000000 0.50000000
vt 0.50000000 0.50000000
vt 0.50000000 0.50000000
vt 0.50000000 0.50000000
vt 0.50000000 0.50000000
vt 0.50000000 0.50000000
vt 0.50000000 0.50000000
vt 0.50000000 0.50000000
vt 0.50000000 0.50000000
vt 0.50000000 0.50000000
vt 0.50000000 0.50000000
vt 0.50000000 0.50000000
vt 0.50000000 0.50000000
vt 0.50000000 0.50000000
vt 0.50000000 0.50000000
vt 0.50000000 0.50000000
vt 0.50000000 0.50000000
vt 0.50000000 0.50000000
vt 0.50000000 0.50000000
vt 0.50000000 0.50000000
vt 0.50000000 0.50000000
vt 0.50000000 0.50000000
vt 0.50000000 0.50000000
vt 0.50000000 0.50000000
vt 0.50000000 0.50000000
vt 0.50000000 0.50000000
vt 0.50000000 0.50000000
vt 0.50000000 0.50000000
vt 0.50000000 0.50000000
vt 0.50000000 0.50000000
vt 0.50000000 0.50000000
vt 0.50000000 0.50000000
vt 0.50000000 0.50000000
vt 0.50000000 0.50000000
vt 0.50000000 0.50000000
vt 0.50000000 0.50000000
vt 0.50000000 0.50000000
vt 0.50000000 0.50000000
vt 0.50000000 0.50000000
vt 0.50000000 0.50000000
vt 0.50000000 0.50000000
vt 0.50000000 0.50000000
vt 0.50000000 0.50000000
vt 0.50000000 0.50000000
vt 0.50000000 0.50000000
vt 0.50000000 0.50000000
vt 0.50000000 0.50000000
vt 0.50000000 0.50000000
vt 0.50000000 0.50000000
vt 0.50000000 0.50000000
vt 0.50000000 0.50000000
vt 0.50000000 0.50000000
vt 0.50000000 0.50000000
vt 0.50000000 0.50000000
vt 0.50000000 0.50000000
vt 0.50000000 0.50000000
vt 0.50000000 0.50000000
vt 0.50000000 0.50000000
vt 0.50000000 0.50000000
vt 0.50000000 0.50000000
vt 0.50000000 0.50000000
vt 0.50000000 0.50000000
vt 0.50000000 0.50000000
vt 0.50000000 0.50000000
vt 0.50000000 0.50000000
vt 0.50000000 0.50000000
vt 0.50000000 0.50000000
vt 0.50000000 0.50000000
vt 0.50000000 0.50000000
vt 0.50000000 0.50000000
vt 0.50000000 0.50000000
vt 0.50000000 0.50000000
vt 0.50000000 0.50000000
vt 0.50000000 0.50000000
vt 0.50000000 0.50000000
vt 0.50000000 0.50000000
vt 0.50000000 0.50000000
vt 0.50000000 0.50000000
vt 0.50000000 0.50000000
vt 0.50000000 0.50000000
vt 0.50000000 0.50000000
vt 0.50000000 0.50000000
vt 0.50000000 0.50000000
vt 0.50000000 0.50000000
vt 0.50000000 0.50000000
vt 0.50000000 0.50000000
vt 0.50000000 0.50000000
vt 0.50000000 0.50000000
vt 0.50000000 0.50000000
vt 0.50000000 0.50000000
vt 0.50000000 0.50000000
vt 0.50000000 0.50000000
vt 0.50000000 0.50000000
vt 0.50000000 0.50000000
vt 0.50000000 0.50000000
vt 0.50000000 0.50000000
vt 0.50000000 0.50000000
vt 0.50000000 0.50000000
vt 0.50000000 0.50000000
vt 0.50000000 0.50000000
vt 0.50000000 0.50000000
vt 0.50000000 0.50000000
vt 0.50000000 0.50000000
vt 0.50000000 0.50000000
vt 0.50000000 0.50000000
vt 0.50000000 0.50000000
vt 0.50000000 0.50000000
vt 0.50000000 0.50000000
vt 0.50000000 0.50000000
vt 0.50000000 0.50000000
vt 0.50000000 0.50000000
vt 0.50000000 0.50000000
vt 0.50000000 0.50000000
vt 0.50000000 0.50000000
vt 0.50000000 0.50000000
vt 0.50000000 0.50000000
vt 0.50000000 0.50000000
vt 0.50000000 0.50000000
vt 0.50000000 0.50000000
vt 0.50000000 0.50000000
vt 0.50000000 0.50000000
vt 0.50000000 0.50000000
vt 0.50000000 0.50000000
vt 0.50000000 0.50000000
vt 0.50000000 0.50000000
vt 0.50000000 0.50000000
vt 0.50000000 0.50000000
vt 0.50000000 0.50000000
vt 0.50000000 0.50000000
vt 0.50000000 0.50000000
vt 0.50000000 0.50000000
vt 0.50000000 0.50000000
vt 0.50000000 0.50000000
vt 0.50000000 0.50000000
vt 0.50000000 0.50000000
vt 0.50000000 0.50000000
vt 0.50000000 0.50000000
vt 0.50000000 0.50000000
vt 0.50000000 0.50000000
vt 0.50000000 0.50000000
vt 0.50000000 0.50000000
vt 0.50000000 0.50000000
vt 0.50000000 0.50000000
vt 0.50000000 0.50000000
vt 0.50000000 0.50000000
vt 0.50000000 0.50000000
vt 0.50000000 0.50000000
vt 0.50000000 0.50000000
vt 0.50000000 0.50000000
vt 0.50000000 0.50000000
vt 0.50000000 0.50000000
vt 0.50000000 0.50000000
vt 0.50000000 0.50000000
vt 0.50000000 0.50000000
vt 0.50000000 0.50000000
vt 0.50000000 0.50000000
vt 0.50000000 0.50000000
vt 0.50000000 0.50000000
vt 0.50000000 0.50000000
vt 0.50000000 0.50000000
vt 0.50000000 0.50000000
vt 0.50000000 0.50000000
vt 0.50000000 0.50000000
vt 0.50000000 0.50000000
vt 0.50000000 0.50000000
vt 0.50000000 0.50000000
vt 0.50000000 0.50000000
vt 0.50000000 0.50000000
vt 0.50000000 0.50000000
vt 0.50000000 0.50000000
vt 0.50000000 0.50000000
vt 0.50000000 0.50000000
vt 0.50000000 0.50000000
vt 0.50000000 0.50000000
vt 0.50000000 0.50000000
vt 0.50000000 0.50000000
vt 0.50000000 0.50000000
vt 0.50000000 0.50000000
vt 0.50000000 0.50000000
vt 0.50000000 0.50000000
vt 0.50000000 0.50000000
vt 0.50000000 0.50000000
vt 0.50000000 0.50000000
vt 0.50000000 0.50000000
vt 0.50000000 0.50000000
vt 0.50000000 0.50000000
vt 0.50000000 0.50000000
vt 0.50000000 0.50000000
vt 0.50000000 0.50000000
vt 0.50000000 0.50000000
vt 0.50000000 0.50000000
vt 0.50000000 0.50000000
vt 0.50000000 0.50000000
vt 0.50000000 0.50000000
vt 0.50000000 0.50000000
vt 0.50000000 0.50000000
vt 0.50000000 0.50000000
vt 0.50000000 0.50000000
vt 0.50000000 0.50000000
vt 0.50000000 0.50000000
vt 0.50000000 0.50000000
vt 0.50000000 0.50000000
vt 0.50000000 0.50000000
vt 0.50000000 0.50000000
vt 0.50000000 0.50000000
vt 0.50000000 0.50000000
vt 0.50000000 0.50000000
vt 0.50000000 0.50000000
vt 0.50000000 0.50000000
vt 0.50000000 0.50000000
vt 0.50000000 0.50000000
vt 0.50000000 0.50000000
vt 0.50000000 0.50000000
vt 0.50000000 0.50000000
vt 0.50000000 0.50000000
vt 0.50000000 0.50000000
vt 0.50000000 0.50000000
vt 0.50000000 0.50000000
vt 0.50000000 0.50000000
vt 0.50000000 0.50000000
vt 0.50000000 0.50000000
vt 0.50000000 0.50000000
vt 0.50000000 0.50000000
vt 0.50000000 0.50000000
vt 0.50000000 0.50000000
vt 0.50000000 0.50000000
vt 0.50000000 0.50000000
vt 0.50000000 0.50000000
vt 0.50000000 0.50000000
vt 0.50000000 0.50000000
vt 0.50000000 0.50000000
vt 0.50000000 0.50000000
vt 0.50000000 0.50000000
vt 0.50000000 0.50000000
vt 0.50000000 0.50000000
vt 0.50000000 0.50000000
vt 0.50000000 0.50000000
vt 0.50000000 0.50000000
vt 0.50000000 0.50000000
vt 0.50000000 0.50000000
vt 0.50000000 0.50000000
vt 0.50000000 0.50000000
vt 0.50000000 0.50000000
vt 0.50000000 0.50000000
vt 0.50000000 0.50000000
vt 0.50000000 0.50000000
vt 0.50000000 0.50000000
vt 0.50000000 0.50000000
vt 0.50000000 0.50000000
vt 0.50000000 0.50000000
vt 0.50000000 0.50000000
vt 0.50000000 0.50000000
vt 0.50000000 0.50000000
vt 0.50000000 0.50000000
vt 0.50000000 0.50000000
vt 0.50000000 0.50000000
vt 0.50000000 0.50000000
vt 0.50000000 0.50000000
vt 0.50000000 0.50000000
vt 0.50000000 0.50000000
vt 0.50000000 0.50000000
vt 0.50000000 0.50000000
vt 0.50000000 0.50000000
vt 0.50000000 0.50000000
vt 0.50000000 0.50000000
vt 0.50000000 0.50000000
vt 0.50000000 0.50000000
vt 0.50000000 0.50000000
vt 0.50000000 0.50000000
vt 0.50000000 0.50000000
vt 0.50000000 0.50000000
vt 0.50000000 0.50000000
vt 0.50000000 0.50000000
vt 0.50000000 0.50000000
vt 0.50000000 0.50000000
vt 0.50000000 0.50000000
vt 0.50000000 0.50000000
vt 0.50000000 0.50000000
vt 0.50000000 0.50000000
vt 0.50000000 0.50000000
vt 0.50000000 0.50000000
vt 0.50000000 0.50000000
vt 0.50000000 0.50000000
vt 0.50000000 0.50000000
vt 0.50000000 0.50000000
vt 0.50000000 0.50000000
vt 0.50000000 0.50000000
vt 0.50000000 0.50000000
vt 0.50000000 0.50000000
vt 0.50000000 0.50000000
vt 0.50000000 0.50000000
vt 0.50000000 0.50000000
vt 0.50000000 0.50000000
vt 0.50000000 0.50000000
vt 0.50000000 0.50000000
vt 0.50000000 0.50000000
vt 0.50000000 0.50000000
vt 0.50000000 0.50000000
vt 0.50000000 0.50000000
vt 0.50000000 0.50000000
vt 0.50000000 0.50000000
vt 0.50000000 0.50000000
vt 0.50000000 0.50000000
vt 0.50000000 0.50000000
vt 0.50000000 0.50000000
vt 0.50000000 0.50000000
vt 0.50000000 0.50000000
vt 0.50000000 0.50000000
vt 0.50000000 0.50000000
vt 0.50000000 0.50000000
vt 0.50000000 0.50000000
vt 0.50000000 0.50000000
vt 0.50000000 0.50000000
vt 0.50000000 0.50000000
vt 0.50000000 0.50000000
vt 0.50000000 0.50000000
vt 0.50000000 0.50000000
vt 0.50000000 0.50000000
vt 0.50000000 0.50000000
vt 0.50000000 0.50000000
vt 0.50000000 0.50000000
vt 0.50000000 0.50000000
vt 0.50000000 0.50000000
vt 0.50000000 0.50000000
vt 0.50000000 0.50000000
vt 0.50000000 0.50000000
vt 0.50000000 0.50000000
vt 0.50000000 0.50000000
vt 0.50000000 0.50000000
vt 0.50000000 0.50000000
vt 0.50000000 0.50000000
vt 0.50000000 0.50000000
vt 0.50000000 0.50000000
vt 0.50000000 0.50000000
vt 0.50000000 0.50000000
vt 0.50000000 0.50000000
vt 0.50000000 0.50000000
vt 0.50000000 0.50000000
vt 0.50000000 0.50000000
vt 0.50000000 0.50000000
vt 0.50000000 0.50000000
vt 0.50000000 0.50000000
vt 0.50000000 0.50000000
vt 0.50000000 0.50000000
vt 0.50000000 0.50000000
vt 0.50000000 0.50000000
vt 0.50000000 0.50000000
vt 0.50000000 0.50000000
vt 0.50000000 0.50000000
vt 0.50000000 0.50000000
vt 0.50000000 0.50000000
vt 0.50000000 0.50000000
vt 0.50000000 0.50000000
vt 0.50000000 0.50000000
vt 0.50000000 0.50000000
vt 0.50000000 0.50000000
vt 0.50000000 0.50000000
vt 0.50000000 0.50000000
vt 0.50000000 0.50000000
vt 0.50000000 0.50000000
vt 0.50000000 0.50000000
vt 0.50000000 0.50000000
vt 0.50000000 0.50000000
vt 0.50000000 0.50000000
vt 0.50000000 0.50000000
vt 0.50000000 0.50000000
vt 0.50000000 0.50000000
vt 0.50000000 0.50000000
vt 0.50000000 0.50000000
vt 0.50000000 0.50000000
vt 0.50000000 0.50000000
vt 0.50000000 0.50000000
vt 0.50000000 0.50000000
vt 0.50000000 0.50000000
vt 0.50000000 0.50000000
vt 0.50000000 0.50000000
vt 0.50000000 0.50000000
vt 0.50000000 0.50000000
vt 0.50000000 0.50000000
vt 0.50000000 0.50000000
vt 0.50000000 0.50000000
vt 0.50000000 0.50000000
vt 0.50000000 0.50000000
vt 0.50000000 0.50000000
vt 0.50000000 0.50000000
vt 0.50000000 0.50000000
vt 0.50000000 0.50000000
vt 0.50000000 0.50000000
vt 0.50000000 0.50000000
vt 0.50000000 0.50000000
vt 0.50000000 0.50000000
vt 0.50000000 0.50000000
vt 0.50000000 0.50000000
vt 0.50000000 0.50000000
vt 0.50000000 0.50000000
vt 0.50000000 0.50000000
vt 0.50000000 0.50000000
vt 0.50000000 0.50000000
vt 0.50000000 0.50000000
vt 0.50000000 0.50000000
vt 0.50000000 0.50000000
vt 0.50000000 0.50000000
vt 0.50000000 0.50000000
vt 0.50000000 0.50000000
vt 0.50000000 0.50000000
vt 0.50000000 0.50000000
vt 0.50000000 0.50000000
vt 0.50000000 0.50000000
vt 0.50000000 0.50000000
vt 0.50000000 0.50000000
vt 0.50000000 0.50000000
vt 0.50000000 0.50000000
vt 0.50000000 0.50000000
vt 0.50000000 0.50000000
vt 0.50000000 0.50000000
vt 0.50000000 0.50000000
vt 0.50000000 0.50000000
vt 0.50000000 0.50000000
vt 0.50000000 0.50000000
vt 0.50000000 0.50000000
vt 0.50000000 0.50000000
vt 0.50000000 0.50000000
vt 0.50000000 0.50000000
vt 0.50000000 0.50000000
vt 0.50000000 0.50000000
vt 0.50000000 0.50000000
vt 0.50000000 0.50000000
vt 0.50000000 0.50000000
vt 0.50000000 0.50000000
vt 0.50000000 0.50000000
vt 0.50000000 0.50000000
vt 0.50000000 0.50000000
vt 0.50000000 0.50000000
vt 0.50000000 0.50000000
vt 0.50000000 0.50000000
vt 0.50000000 0.50000000
vt 0.50000000 0.50000000
vt 0.50000000 0.50000000
vt 0.50000000 0.50000000
vt 0.50000000 0.50000000
vt 0.50000000 0.50000000
vt 0.50000000 0.50000000
vt 0.50000000 0.50000000
vt 0.50000000 0.50000000
vt 0.50000000 0.50000000
vt 0.50000000 0.50000000
vt 0.50000000 0.50000000
vt 0.50000000 0.50000000
vt 0.50000000 0.50000000
vt 0.50000000 0.50000000
vt 0.50000000 0.50000000
vt 0.50000000 0.50000000
vt 0.50000000 0.50000000
vt 0.50000000 0.50000000
vt 0.50000000 0.50000000
vt 0.50000000 0.50000000
vt 0.50000000 0.50000000
vt 0.50000000 0.50000000
vt 0.50000000 0.50000000
vt 0.50000000 0.50000000
vt 0.50000000 0.50000000
vt 0.50000000 0.50000000
vt 0.50000000 0.50000000
vt 0.50000000 0.50000000
vt 0.50000000 0.50000000
vt 0.50000000 0.50000000
vt 0.50000000 0.50000000
vt 0.50000000 0.50000000
vt 0.50000000 0.50000000
vt 0.50000000 0.50000000
vt 0.50000000 0.50000000
vt 0.50000000 0.50000000
vt 0.50000000 0.50000000
vt 0.50000000 0.50000000
vt 0.50000000 0.50000000
vt 0.50000000 0.50000000
vt 0.50000000 0.50000000
vt 0.50000000 0.50000000
vt 0.50000000 0.50000000
f 5/5 3/3 4/4
f 6/6 2/2 1/1
f 6/6 1/1 3/3
f 6/6 3/3 5/5
f 7/7 5/5 4/4
f 8/8 5/5 7/7
f 10/10 2/2 6/6
f 10/10 6/6 9/9
f 13/13 11/11 12/12
f 10/10 13/13 2/2
f 10/10 11/11 13/13
f 3/3 1/1 14/14
f 3/3 14/14 15/15
f 17/17 18/18 19/19
f 17/17 19/19 16/16
f 19/19 21/21 22/22
f 19/19 22/22 23/23
f 19/19 23/23 24/24
f 19/19 24/24 25/25
f 36/36 25/25 26/26
f 36/36 26/26 27/27
f 36/36 19/19 25/25
f 28/28 36/36 27/27
f 35/35 28/28 29/29
f 35/35 36/36 28/28
f 30/30 35/35 29/29
f 31/31 35/35 30/30
f 32/32 35/35 31/31
f 34/34 35/35 33/33
f 33/33 35/35 32/32
f 19/19 18/18 20/20
f 19/19 20/20 21/21
f 43/43 50/50 61/61
f 44/44 60/60 59/59
f 44/44 61/61 60/60
f 44/44 43/43 61/61
f 42/42 50/50 43/43
f 45/45 57/57 56/56
f 45/45 58/58 57/57
f 45/45 59/59 58/58
f 45/45 44/44 59/59
f 41/41 50/50 42/42
f 46/46 54/54 53/53
f 46/46 55/55 54/54
f 46/46 56/56 55/55
f 46/46 45/45 56/56
f 40/40 50/50 41/41
f 47/47 52/52 51/51
f 47/47 53/53 52/52
f 47/47 46/46 53/53
f 39/39 50/50 40/40
f 48/48 47/47 51/51
f 38/38 50/50 39/39
f 17/17 49/49 48/48
f 17/17 48/48 51/51
f 37/37 50/50 38/38
f 62/62 17/17 51/51
f 18/18 17/17 62/62
f 8/8 50/50 37/37
f 5/5 8/8 37/37
f 63/63 65/65 66/66
f 64/64 65/65 63/63
f 85/85 68/68 69/69
f 85/85 69/69 70/70
f 85/85 70/70 71/71
f 85/85 71/71 72/72
f 85/85 72/72 73/73
f 84/84 73/73 74/74
f 84/84 74/74 75/75
f 84/84 75/75 76/76
f 84/84 85/85 73/73
f 65/65 76/76 77/77
f 65/65 77/77 78/78
f 65/65 78/78 79/79
f 65/65 79/79 80/80
f 65/65 80/80 81/81
f 65/65 84/84 76/76
f 66/66 65/65 83/83
f 83/83 65/65 82/82
f 82/82 65/65 81/81
f 85/85 67/67 68/68
f 19/19 89/89 88/88
f 19/19 90/90 89/89
f 19/19 91/91 90/90
f 19/19 92/92 91/91
f 19/19 93/93 92/92
f 19/19 94/94 93/93
f 19/19 95/95 94/94
f 36/36 95/95 19/19
f 35/35 95/95 36/36
f 34/34 96/96 95/95
f 34/34 97/97 96/96
f 34/34 98/98 97/97
f 34/34 99/99 98/98
f 34/34 95/95 35/35
f 142/142 144/144 143/143
f 145/145 144/144 142/142
f 141/141 145/145 142/142
f 140/140 145/145 141/141
f 140/140 146/146 145/145
f 147/147 146/146 140/140
f 138/138 140/140 139/139
f 150/150 148/148 147/147
f 150/150 149/149 148/148
f 100/100 99/99 34/34
f 135/135 137/137 136/136
f 135/135 138/138 137/137
f 134/134 140/140 138/138
f 134/134 138/138 135/135
f 133/133 140/140 134/134
f 133/133 147/147 140/140
f 132/132 150/150 147/147
f 132/132 147/147 133/133
f 130/130 132/132 131/131
f 129/129 132/132 130/130
f 128/128 132/132 129/129
f 127/127 150/150 132/132
f 127/127 132/132 128/128
f 126/126 150/150 127/127
f 65/65 122/122 121/121
f 65/65 123/123 122/122
f 101/101 100/100 34/34
f 120/120 65/65 121/121
f 102/102 101/101 34/34
f 119/119 65/65 120/120
f 103/103 102/102 34/34
f 118/118 65/65 119/119
f 104/104 34/34 150/150
f 104/104 103/103 34/34
f 117/117 65/65 118/118
f 105/105 104/104 150/150
f 105/105 150/150 126/126
f 116/116 84/84 65/65
f 116/116 85/85 84/84
f 116/116 67/67 85/85
f 116/116 65/65 117/117
f 106/106 105/105 126/126
f 115/115 67/67 116/116
f 107/107 126/126 67/67
f 107/107 106/106 126/126
f 114/114 67/67 115/115
f 108/108 107/107 67/67
f 113/113 67/67 114/114
f 109/109 108/108 67/67
f 112/112 67/67 113/113
f 110/110 109/109 67/67
f 111/111 67/67 112/112
f 111/111 110/110 67/67
f 19/19 86/86 16/16
f 19/19 87/87 86/86
f 19/19 88/88 87/87
f 64/64 125/125 65/65
f 125/125 124/124 65/65
f 124/124 123/123 65/65
f 162/162 51/51 52/52
f 161/161 52/52 53/53
f 161/161 162/162 52/52
f 160/160 53/53 54/54
f 160/160 161/161 53/53
f 159/159 54/54 55/55
f 159/159 160/160 54/54
f 158/158 55/55 56/56
f 158/158 159/159 55/55
f 157/157 56/56 57/57
f 157/157 158/158 56/56
f 156/156 57/57 58/58
f 156/156 157/157 57/57
f 155/155 58/58 59/59
f 155/155 156/156 58/58
f 154/154 59/59 60/60
f 154/154 155/155 59/59
f 153/153 60/60 61/61
f 153/153 154/154 60/60
f 152/152 153/153 61/61
f 151/151 61/61 50/50
f 151/151 152/152 61/61
f 224/224 225/225 226/226
f 224/224 233/233 232/232
f 224/224 234/234 233/233
f 224/224 226/226 234/234
f 172/172 180/180 181/181
f 188/188 240/240 239/239
f 187/187 240/240 188/188
f 187/187 241/241 240/240
f 173/173 172/172 181/181
f 189/189 188/188 239/239
f 189/189 239/239 238/238
f 186/186 241/241 187/187
f 186/186 227/227 241/241
f 190/190 189/189 238/238
f 190/190 238/238 237/237
f 174/174 173/173 181/181
f 185/185 227/227 186/186
f 185/185 228/228 227/227
f 185/185 229/229 228/228
f 175/175 174/174 181/181
f 191/191 190/190 237/237
f 191/191 237/237 236/236
f 184/184 229/229 185/185
f 184/184 230/230 229/229
f 184/184 231/231 230/230
f 192/192 191/191 236/236
f 192/192 235/235 62/62
f 192/192 236/236 235/235
f 183/183 224/224 232/232
f 183/183 231/231 184/184
f 183/183 232/232 231/231
f 193/193 192/192 62/62
f 182/182 176/176 175/175
f 182/182 175/175 181/181
f 194/194 193/193 62/62
f 223/223 177/177 176/176
f 223/223 178/178 177/177
f 223/223 176/176 182/182
f 195/195 194/194 62/62
f 222/222 179/179 178/178
f 222/222 164/164 179/179
f 222/222 178/178 223/223
f 196/196 195/195 62/62
f 221/221 165/165 164/164
f 221/221 164/164 222/222
f 197/197 196/196 62/62
f 220/220 165/165 221/221
f 166/166 165/165 220/220
f 198/198 197/197 62/62
f 219/219 166/166 220/220
f 199/199 198/198 62/62
f 167/167 166/166 219/219
f 218/218 167/167 219/219
f 168/168 218/218 217/217
f 168/168 167/167 218/218
f 169/169 168/168 217/217
f 169/169 217/217 216/216
f 170/170 169/169 216/216
f 170/170 216/216 215/215
f 171/171 170/170 215/215
f 163/163 171/171 215/215
f 163/163 209/209 208/208
f 163/163 210/210 209/209
f 163/163 211/211 210/210
f 163/163 212/212 211/211
f 163/163 213/213 212/212
f 163/163 214/214 213/213
f 163/163 215/215 214/214
f 51/51 200/200 199/199
f 51/51 201/201 200/200
f 51/51 202/202 201/201
f 51/51 203/203 202/202
f 51/51 199/199 62/62
f 162/162 203/203 51/51
f 162/162 204/204 203/203
f 162/162 205/205 204/204
f 162/162 206/206 205/205
f 162/162 207/207 206/206
f 162/162 208/208 207/207
f 162/162 163/163 208/208
f 63/63 66/66 163/163
f 63/63 163/163 162/162
f 244/244 242/242 63/63
f 244/244 63/63 162/162
f 245/245 161/161 160/160
f 245/245 162/162 161/161
f 245/245 244/244 162/162
f 246/246 158/158 157/157
f 246/246 159/159 158/158
f 246/246 160/160 159/159
f 246/246 245/245 160/160
f 247/247 157/157 156/156
f 247/247 246/246 157/157
f 155/155 247/247 156/156
f 154/154 248/248 247/247
f 154/154 247/247 155/155
f 153/153 248/248 154/154
f 152/152 249/249 248/248
f 152/152 248/248 153/153
f 151/151 250/250 249/249
f 151/151 251/251 250/250
f 151/151 252/252 251/251
f 151/151 253/253 252/252
f 151/151 249/249 152/152
f 254/254 253/253 151/151
f 243/243 254/254 151/151
f 9/9 6/6 243/243
f 9/9 243/243 151/151
f 258/258 242/242 244/244
f 245/245 258/258 244/244
f 48/48 49/49 257/257
f 47/47 48/48 257/257
f 260/260 259/259 258/258
f 260/260 255/255 259/259
f 260/260 245/245 246/246
f 260/260 246/246 247/247
f 260/260 247/247 248/248
f 260/260 258/258 245/245
f 261/261 44/44 45/45
f 261/261 45/45 46/46
f 261/261 46/46 47/47
f 261/261 256/256 255/255
f 261/261 257/257 256/256
f 261/261 47/47 257/257
f 261/261 255/255 260/260
f 262/262 248/248 249/249
f 262/262 249/249 250/250
f 262/262 250/250 251/251
f 262/262 260/260 248/248
f 263/263 251/251 252/252
f 263/263 252/252 253/253
f 263/263 253/253 254/254
f 263/263 254/254 243/243
f 263/263 262/262 251/251
f 264/264 41/41 42/42
f 264/264 42/42 43/43
f 264/264 43/43 44/44
f 264/264 44/44 261/261
f 264/264 261/261 260/260
f 264/264 260/260 262/262
f 264/264 262/262 263/263
f 265/265 37/37 38/38
f 265/265 38/38 39/39
f 265/265 39/39 40/40
f 265/265 40/40 41/41
f 265/265 243/243 37/37
f 265/265 264/264 263/263
f 265/265 263/263 243/243
f 265/265 41/41 264/264
f 37/37 6/6 5/5
f 243/243 6/6 37/37
f 7/7 267/267 266/266
f 7/7 268/268 267/267
f 8/8 7/7 266/266
f 10/10 270/270 269/269
f 10/10 9/9 270/270
f 11/11 10/10 269/269
f 271/271 297/297 285/285
f 272/272 296/296 297/297
f 272/272 297/297 271/271
f 273/273 295/295 296/296
f 273/273 296/296 272/272
f 274/274 294/294 295/295
f 274/274 295/295 273/273
f 275/275 293/293 294/294
f 275/275 294/294 274/274
f 276/276 292/292 293/293
f 276/276 293/293 275/275
f 277/277 291/291 292/292
f 277/277 292/292 276/276
f 278/278 290/290 291/291
f 278/278 291/291 277/277
f 279/279 289/289 290/290
f 279/279 290/290 278/278
f 280/280 288/288 289/289
f 280/280 289/289 279/279
f 281/281 288/288 280/280
f 281/281 287/287 288/288
f 282/282 287/287 281/281
f 282/282 286/286 287/287
f 283/283 286/286 282/282
f 283/283 18/18 286/286
f 284/284 18/18 283/283
f 298/298 18/18 284/284
f 298/298 20/20 18/18
f 299/299 20/20 298/298
f 299/299 21/21 20/20
f 300/300 21/21 299/299
f 300/300 22/22 21/21
f 301/301 22/22 300/300
f 301/301 23/23 22/22
f 302/302 23/23 301/301
f 302/302 24/24 23/23
f 303/303 24/24 302/302
f 303/303 25/25 24/24
f 304/304 26/26 25/25
f 304/304 25/25 303/303
f 305/305 27/27 26/26
f 305/305 28/28 27/27
f 305/305 26/26 304/304
f 306/306 29/29 28/28
f 306/306 28/28 305/305
f 307/307 30/30 29/29
f 307/307 31/31 30/30
f 307/307 29/29 306/306
f 308/308 32/32 31/31
f 308/308 31/31 307/307
f 309/309 33/33 32/32
f 309/309 32/32 308/308
f 150/150 33/33 309/309
f 150/150 34/34 33/33
f 310/310 313/313 312/312
f 310/310 311/311 313/313
f 314/314 12/12 11/11
f 269/269 314/314 11/11
f 315/315 316/316 13/13
f 317/317 318/318 319/319
f 12/12 315/315 13/13
f 314/314 319/319 315/315
f 314/314 315/315 12/12
f 314/314 317/317 319/319
f 7/7 4/4 320/320
f 7/7 320/320 321/321
f 324/324 321/321 322/322
f 324/324 322/322 323/323
f 324/324 7/7 321/321
f 268/268 324/324 325/325
f 268/268 7/7 324/324
f 326/326 319/319 327/327
f 326/326 315/315 319/319
f 318/318 329/329 328/328
f 311/311 318/318 328/328
f 313/313 311/311 328/328
f 327/327 319/319 318/318
f 327/327 318/318 311/311
f 326/326 316/316 315/315
f 310/310 316/316 326/326
f 331/331 330/330 316/316
f 331/331 310/310 312/312
f 331/331 316/316 310/310
f 310/310 327/327 311/311
f 310/310 326/326 327/327
f 335/335 333/333 332/332
f 334/334 335/335 332/332
f 342/342 320/320 343/343
f 344/344 321/321 320/320
f 344/344 320/320 342/342
f 339/339 341/341 340/340
f 325/325 324/324 345/345
f 347/347 325/325 345/345
f 336/336 342/342 341/341
f 336/336 344/344 342/342
f 336/336 341/341 339/339
f 346/346 325/325 347/347
f 338/338 336/336 339/339
f 337/337 345/345 344/344
f 337/337 347/347 345/345
f 337/337 344/344 336/336
f 348/348 347/347 337/337
f 350/350 349/349 348/348
f 350/350 337/337 351/351
f 350/350 348/348 337/337
f 352/352 341/341 342/342
f 352/352 353/353 341/341
f 340/340 354/354 355/355
f 332/332 354/354 340/340
f 333/333 354/354 332/332
f 353/353 340/340 341/341
f 353/353 332/332 340/340
f 352/352 342/342 343/343
f 334/334 352/352 343/343
f 357/357 343/343 356/356
f 357/357 335/335 334/334
f 357/357 334/334 343/343
f 352/352 332/332 353/353
f 334/334 332/332 352/352
f 330/330 13/13 316/316
f 361/361 2/2 13/13
f 361/361 1/1 2/2
f 361/361 13/13 330/330
f 362/362 4/4 3/3
f 320/320 4/4 362/362
f 317/317 329/329 318/318
f 356/356 320/320 362/362
f 358/358 330/330 329/329
f 358/358 361/361 330/330
f 358/358 329/329 317/317
f 343/343 320/320 356/356
f 360/360 358/358 317/317
f 359/359 362/362 361/361
f 359/359 361/361 358/358
f 359/359 356/356 362/362
f 355/355 356/356 359/359
f 339/339 340/340 355/355
f 339/339 359/359 363/363
f 339/339 355/355 359/359
f 1/1 364/364 14/14
f 1/1 361/361 364/364
f 361/361 365/365 364/364
f 361/361 362/362 365/365
f 362/362 15/15 365/365
f 362/362 3/3 15/15
f 364/364 15/15 14/14
f 364/364 365/365 15/15
f 329/329 331/331 328/328
f 329/329 330/330 331/331
f 313/313 328/328 331/331
f 313/313 331/331 312/312
f 356/356 354/354 357/357
f 356/356 355/355 354/354
f 354/354 335/335 357/357
f 354/354 333/333 335/335
f 358/358 366/366 367/367
f 358/358 360/360 366/366
f 363/363 368/368 369/369
f 363/363 359/359 368/368
f 359/359 367/367 368/368
f 359/359 358/358 367/367
f 366/366 368/368 367/367
f 366/366 369/369 368/368
f 370/370 321/321 344/344
f 370/370 322/322 321/321
f 371/371 345/345 324/324
f 323/323 371/371 324/324
f 371/371 344/344 345/345
f 371/371 370/370 344/344
f 370/370 371/371 323/323
f 322/322 370/370 323/323
f 372/372 348/348 349/349
f 372/372 373/373 348/348
f 373/373 347/347 348/348
f 373/373 374/374 347/347
f 375/375 346/346 347/347
f 374/374 375/375 347/347
f 349/349 350/350 267/267
f 375/375 372/372 349/349
f 375/375 349/349 346/346
f 268/268 349/349 267/267
f 268/268 346/346 349/349
f 325/325 346/346 268/268
f 374/374 372/372 375/375
f 374/374 373/373 372/372
f 317/317 314/314 269/269
f 270/270 317/317 269/269
f 360/360 317/317 270/270
f 363/363 270/270 266/266
f 363/363 360/360 270/270
f 369/369 366/366 360/360
f 369/369 360/360 363/363
f 339/339 363/363 266/266
f 338/338 339/339 266/266
f 351/351 338/338 266/266
f 376/376 377/377 338/338
f 376/376 338/338 351/351
f 267/267 351/351 266/266
f 350/350 351/351 267/267
f 377/377 336/336 338/338
f 377/377 378/378 336/336
f 336/336 379/379 337/337
f 378/378 379/379 336/336
f 376/376 351/351 337/337
f 379/379 376/376 337/337
f 378/378 376/376 379/379
f 378/378 377/377 376/376
f 9/9 151/151 50/50
f 8/8 9/9 50/50
f 266/266 270/270 9/9
f 266/266 9/9 8/8
f 183/183 388/388 380/380
f 184/184 387/387 388/388
f 184/184 388/388 183/183
f 185/185 386/386 387/387
f 185/185 387/387 184/184
f 186/186 385/385 386/386
f 186/186 386/386 185/185
f 187/187 384/384 385/385
f 187/187 385/385 186/186
f 188/188 383/383 384/384
f 188/188 384/384 187/187
f 189/189 382/382 383/383
f 189/189 383/383 188/188
f 190/190 381/381 382/382
f 190/190 382/382 189/189
f 149/149 304/304 303/303
f 149/149 305/305 304/304
f 149/149 306/306 305/305
f 149/149 307/307 306/306
f 149/149 308/308 307/307
f 149/149 309/309 308/308
f 149/149 150/150 309/309
f 301/301 149/149 302/302
f 300/300 149/149 301/301
f 191/191 271/271 381/381
f 191/191 381/381 190/190
f 148/148 149/149 300/300
f 148/148 284/284 283/283
f 148/148 298/298 284/284
f 148/148 299/299 298/298
f 148/148 300/300 299/299
f 192/192 272/272 271/271
f 192/192 273/273 272/272
f 192/192 274/274 273/273
f 192/192 275/275 274/274
f 192/192 276/276 275/275
f 192/192 277/277 276/276
f 192/192 271/271 191/191
f 193/193 277/277 192/192
f 193/193 278/278 277/277
f 193/193 279/279 278/278
f 193/193 280/280 279/279
f 193/193 281/281 280/280
f 193/193 282/282 281/281
f 193/193 283/283 282/282
f 193/193 148/148 283/283
f 194/194 148/148 193/193
f 194/194 147/147 148/148
f 195/195 147/147 194/194
f 195/195 146/146 147/147
f 196/196 146/146 195/195
f 196/196 145/145 146/146
f 197/197 145/145 196/196
f 197/197 144/144 145/145
f 198/198 143/143 144/144
f 198/198 144/144 197/197
f 199/199 142/142 143/143
f 199/199 143/143 198/198
f 200/200 141/141 142/142
f 200/200 142/142 199/199
f 201/201 140/140 141/141
f 201/201 141/141 200/200
f 202/202 139/139 140/140
f 202/202 140/140 201/201
f 203/203 138/138 139/139
f 203/203 139/139 202/202
f 204/204 137/137 138/138
f 204/204 138/138 203/203
f 205/205 136/136 137/137
f 205/205 137/137 204/204
f 206/206 135/135 136/136
f 206/206 136/136 205/205
f 207/207 134/134 135/135
f 207/207 135/135 206/206
f 208/208 133/133 134/134
f 208/208 134/134 207/207
f 209/209 132/132 133/133
f 209/209 133/133 208/208
f 210/210 131/131 132/132
f 210/210 132/132 209/209
f 211/211 131/131 210/210
f 211/211 130/130 131/131
f 212/212 130/130 211/211
f 212/212 129/129 130/130
f 401/401 400/400 128/128
f 399/399 128/128 400/400
f 402/402 401/401 128/128
f 398/398 128/128 399/399
f 397/397 128/128 398/398
f 127/127 128/128 397/397
f 127/127 396/396 395/395
f 127/127 397/397 396/396
f 393/393 127/127 394/394
f 392/392 127/127 393/393
f 391/391 127/127 392/392
f 213/213 129/129 212/212
f 213/213 128/128 129/129
f 390/390 127/127 391/391
f 389/389 127/127 390/390
f 126/126 127/127 389/389
f 214/214 402/402 128/128
f 214/214 128/128 213/213
f 214/214 403/403 402/402
f 214/214 404/404 403/403
f 214/214 405/405 404/404
f 214/214 406/406 405/405
f 214/214 407/407 406/406
f 215/215 407/407 214/214
f 215/215 408/408 407/407
f 215/215 409/409 408/408
f 215/215 410/410 409/409
f 215/215 411/411 410/410
f 215/215 412/412 411/411
f 215/215 413/413 412/412
f 215/215 414/414 413/413
f 216/216 414/414 215/215
f 216/216 423/423 414/414
f 217/217 423/423 216/216
f 217/217 422/422 423/423
f 218/218 422/422 217/217
f 218/218 421/421 422/422
f 219/219 420/420 421/421
f 219/219 421/421 218/218
f 220/220 419/419 420/420
f 220/220 420/420 219/219
f 221/221 418/418 419/419
f 221/221 419/419 220/220
f 222/222 418/418 221/221
f 222/222 417/417 418/418
f 223/223 417/417 222/222
f 223/223 416/416 417/417
f 182/182 416/416 223/223
f 182/182 415/415 416/416
f 302/302 149/149 303/303
f 394/394 127/127 395/395
f 464/464 465/465 466/466
f 463/463 464/464 466/466
f 467/467 463/463 466/466
f 462/462 463/463 467/467
f 461/461 462/462 467/467
f 460/460 461/461 467/467
f 459/459 460/460 467/467
f 458/458 459/459 467/467
f 443/443 444/444 445/445
f 443/443 445/445 446/446
f 457/457 458/458 467/467
f 442/442 443/443 446/446
f 442/442 446/446 447/447
f 468/468 457/457 467/467
f 468/468 454/454 455/455
f 468/468 455/455 456/456
f 468/468 456/456 457/457
f 425/425 227/227 424/424
f 441/441 442/442 447/447
f 440/440 441/441 447/447
f 440/440 447/447 448/448
f 439/439 440/440 448/448
f 439/439 448/448 449/449
f 438/438 439/439 449/449
f 437/437 449/449 450/450
f 437/437 438/438 449/449
f 436/436 450/450 451/451
f 436/436 437/437 450/450
f 241/241 425/425 426/426
f 241/241 426/426 427/427
f 241/241 427/427 428/428
f 241/241 428/428 429/429
f 241/241 227/227 425/425
f 435/435 451/451 452/452
f 435/435 436/436 451/451
f 434/434 452/452 453/453
f 434/434 435/435 452/452
f 433/433 434/434 453/453
f 240/240 429/429 430/430
f 240/240 430/430 431/431
f 240/240 431/431 432/432
f 240/240 432/432 433/433
f 240/240 241/241 429/429
f 239/239 454/454 468/468
f 239/239 453/453 454/454
f 239/239 468/468 469/469
f 239/239 240/240 433/433
f 239/239 433/433 453/453
f 238/238 239/239 469/469
f 238/238 469/469 470/470
f 237/237 470/470 471/471
f 237/237 238/238 470/470
f 236/236 471/471 472/472
f 236/236 237/237 471/471
f 235/235 236/236 472/472
f 235/235 472/472 285/285
f 235/235 296/296 295/295
f 235/235 297/297 296/296
f 235/235 285/285 297/297
f 62/62 235/235 295/295
f 62/62 286/286 18/18
f 62/62 287/287 286/286
f 62/62 288/288 287/287
f 62/62 289/289 288/288
f 62/62 290/290 289/289
f 62/62 291/291 290/290
f 62/62 292/292 291/291
f 62/62 293/293 292/292
f 62/62 294/294 293/293
f 62/62 295/295 294/294
f 488/488 490/490 489/489
f 487/487 490/490 488/488
f 486/486 490/490 487/487
f 485/485 490/490 486/486
f 415/415 485/485 484/484
f 415/415 490/490 485/485
f 416/416 483/483 482/482
f 416/416 484/484 483/483
f 416/416 415/415 484/484
f 417/417 481/481 480/480
f 417/417 482/482 481/481
f 417/417 416/416 482/482
f 418/418 480/480 479/479
f 418/418 417/417 480/480
f 419/419 418/418 479/479
f 478/478 419/419 479/479
f 420/420 419/419 478/478
f 477/477 421/421 420/420
f 477/477 420/420 478/478
f 476/476 422/422 421/421
f 476/476 421/421 477/477
f 475/475 423/423 422/422
f 475/475 422/422 476/476
f 474/474 414/414 423/423
f 474/474 423/423 475/475
f 473/473 414/414 474/474
f 494/494 491/491 492/492
f 494/494 493/493 491/491
f 492/492 495/495 496/496
f 492/492 491/491 495/495
f 500/500 502/502 501/501
f 499/499 502/502 500/500
f 498/498 502/502 499/499
f 497/497 502/502 498/498
f 495/495 502/502 497/497
f 496/496 495/495 497/497
f 505/505 507/507 506/506
f 504/504 507/507 505/505
f 503/503 507/507 504/504
f 510/510 507/507 503/503
f 509/509 502/502 507/507
f 509/509 507/507 510/510
f 508/508 502/502 509/509
f 501/501 502/502 508/508
f 518/518 517/517 502/502
f 516/516 507/507 502/502
f 516/516 502/502 517/517
f 519/519 518/518 502/502
f 515/515 507/507 516/516
f 520/520 519/519 502/502
f 514/514 507/507 515/515
f 521/521 520/520 502/502
f 513/513 507/507 514/514
f 522/522 521/521 502/502
f 512/512 507/507 513/513
f 523/523 522/522 502/502
f 553/553 507/507 512/512
f 552/552 507/507 553/553
f 495/495 524/524 523/523
f 495/495 523/523 502/502
f 525/525 524/524 495/495
f 551/551 507/507 552/552
f 526/526 525/525 495/495
f 527/527 526/526 495/495
f 528/528 527/527 495/495
f 529/529 528/528 495/495
f 530/530 529/529 495/495
f 511/511 547/547 546/546
f 511/511 548/548 547/547
f 511/511 549/549 548/548
f 511/511 550/550 549/549
f 511/511 551/551 550/550
f 511/511 507/507 551/551
f 545/545 511/511 546/546
f 544/544 511/511 545/545
f 491/491 530/530 495/495
f 491/491 531/531 530/530
f 491/491 532/532 531/531
f 491/491 533/533 532/532
f 491/491 534/534 533/533
f 491/491 535/535 534/534
f 491/491 536/536 535/535
f 491/491 537/537 536/536
f 493/493 537/537 491/491
f 493/493 538/538 537/537
f 493/493 539/539 538/538
f 493/493 540/540 539/539
f 493/493 541/541 540/540
f 493/493 542/542 541/541
f 493/493 543/543 542/542
f 493/493 544/544 543/543
f 493/493 511/511 544/544
f 561/561 511/511 554/554
f 560/560 511/511 561/561
f 559/559 511/511 560/560
f 558/558 511/511 559/559
f 507/507 558/558 557/557
f 507/507 511/511 558/558
f 556/556 507/507 557/557
f 555/555 507/507 556/556
f 506/506 507/507 555/555
f 565/565 493/493 494/494
f 511/511 493/493 565/565
f 564/564 511/511 565/565
f 563/563 511/511 564/564
f 562/562 511/511 563/563
f 554/554 511/511 562/562
f 569/569 566/566 567/567
f 569/569 568/568 566/566
f 567/567 570/570 571/571
f 567/567 566/566 570/570
f 575/575 577/577 576/576
f 574/574 577/577 575/575
f 573/573 577/577 574/574
f 572/572 577/577 573/573
f 570/570 577/577 572/572
f 571/571 570/570 572/572
f 580/580 582/582 581/581
f 579/579 582/582 580/580
f 578/578 582/582 579/579
f 585/585 582/582 578/578
f 584/584 577/577 582/582
f 584/584 582/582 585/585
f 583/583 577/577 584/584
f 576/576 577/577 583/583
f 593/593 592/592 577/577
f 591/591 577/577 592/592
f 594/594 593/593 577/577
f 590/590 582/582 577/577
f 590/590 577/577 591/591
f 595/595 594/594 577/577
f 589/589 582/582 590/590
f 596/596 595/595 577/577
f 588/588 582/582 589/589
f 597/597 596/596 577/577
f 587/587 582/582 588/588
f 628/628 582/582 587/587
f 627/627 582/582 628/628
f 570/570 598/598 597/597
f 570/570 599/599 598/598
f 570/570 597/597 577/577
f 600/600 599/599 570/570
f 626/626 582/582 627/627
f 601/601 600/600 570/570
f 625/625 582/582 626/626
f 602/602 601/601 570/570
f 603/603 602/602 570/570
f 604/604 603/603 570/570
f 586/586 622/622 621/621
f 586/586 623/623 622/622
f 586/586 624/624 623/623
f 586/586 625/625 624/624
f 586/586 582/582 625/625
f 620/620 586/586 621/621
f 619/619 586/586 620/620
f 618/618 586/586 619/619
f 566/566 604/604 570/570
f 566/566 605/605 604/604
f 566/566 606/606 605/605
f 566/566 607/607 606/606
f 566/566 608/608 607/607
f 566/566 609/609 608/608
f 566/566 610/610 609/609
f 566/566 611/611 610/610
f 568/568 586/586 618/618
f 568/568 611/611 566/566
f 568/568 612/612 611/611
f 568/568 613/613 612/612
f 568/568 614/614 613/613
f 568/568 615/615 614/614
f 568/568 616/616 615/615
f 568/568 617/617 616/616
f 568/568 618/618 617/617
f 633/633 568/568 569/569
f 586/586 568/568 633/633
f 632/632 586/586 633/633
f 631/631 586/586 632/632
f 630/630 586/586 631/631
f 629/629 586/586 630/630
f 640/640 586/586 629/629
f 639/639 586/586 640/640
f 638/638 586/586 639/639
f 582/582 637/637 636/636
f 582/582 638/638 637/637
f 582/582 586/586 638/638
f 635/635 582/582 636/636
f 634/634 582/582 635/635
f 581/581 582/582 634/634
f 497/497 488/488 489/489
f 497/497 489/489 641/641
f 496/496 641/641 642/642
f 496/496 642/642 643/643
f 496/496 643/643 644/644
f 496/496 497/497 641/641
f 645/645 496/496 644/644
f 646/646 496/496 645/645
f 647/647 496/496 646/646
f 492/492 647/647 648/648
f 492/492 496/496 647/647
f 649/649 492/492 648/648
f 650/650 492/492 649/649
f 651/651 494/494 492/492
f 651/651 492/492 650/650
f 571/571 565/565 494/494
f 571/571 572/572 565/565
f 652/652 567/567 571/571
f 652/652 494/494 651/651
f 652/652 571/571 494/494
f 180/180 172/172 633/633
f 653/653 567/567 652/652
f 662/662 633/633 569/569
f 662/662 180/180 633/633
f 654/654 567/567 653/653
f 661/661 662/662 569/569
f 655/655 567/567 654/654
f 660/660 661/661 569/569
f 656/656 569/569 567/567
f 656/656 567/567 655/655
f 659/659 660/660 569/569
f 657/657 569/569 656/656
f 658/658 659/659 569/569
f 658/658 569/569 657/657
f 497/497 487/487 488/488
f 498/498 486/486 487/487
f 498/498 487/487 497/497
f 499/499 485/485 486/486
f 499/499 486/486 498/498
f 500/500 485/485 499/499
f 501/501 483/483 484/484
f 501/501 484/484 485/485
f 501/501 485/485 500/500
f 508/508 482/482 483/483
f 508/508 483/483 501/501
f 509/509 481/481 482/482
f 509/509 482/482 508/508
f 510/510 480/480 481/481
f 510/510 481/481 509/509
f 503/503 480/480 510/510
f 172/172 632/632 633/633
f 173/173 631/631 632/632
f 173/173 632/632 172/172
f 174/174 630/630 631/631
f 174/174 631/631 173/173
f 175/175 629/629 630/630
f 175/175 630/630 174/174
f 176/176 640/640 629/629
f 176/176 629/629 175/175
f 177/177 639/639 640/640
f 177/177 640/640 176/176
f 178/178 638/638 639/639
f 178/178 639/639 177/177
f 179/179 637/637 638/638
f 179/179 638/638 178/178
f 164/164 636/636 637/637
f 164/164 637/637 179/179
f 742/742 700/700 701/701
f 741/741 699/699 700/700
f 741/741 700/700 742/742
f 743/743 742/742 701/701
f 740/740 699/699 741/741
f 740/740 698/698 699/699
f 744/744 743/743 701/701
f 744/744 701/701 702/702
f 744/744 702/702 703/703
f 739/739 697/697 698/698
f 739/739 698/698 740/740
f 745/745 744/744 703/703
f 738/738 697/697 739/739
f 738/738 696/696 697/697
f 746/746 745/745 703/703
f 746/746 703/703 704/704
f 746/746 704/704 663/663
f 737/737 694/694 695/695
f 737/737 695/695 696/696
f 737/737 696/696 738/738
f 705/705 746/746 663/663
f 736/736 694/694 737/737
f 706/706 663/663 664/664
f 706/706 705/705 663/663
f 735/735 693/693 694/694
f 735/735 694/694 736/736
f 707/707 664/664 665/665
f 707/707 706/706 664/664
f 734/734 692/692 693/693
f 734/734 693/693 735/735
f 708/708 665/665 666/666
f 708/708 707/707 665/665
f 667/667 708/708 666/666
f 733/733 692/692 734/734
f 733/733 691/691 692/692
f 709/709 708/708 667/667
f 732/732 691/691 733/733
f 732/732 690/690 691/691
f 710/710 667/667 668/668
f 710/710 709/709 667/667
f 689/689 690/690 732/732
f 689/689 732/732 731/731
f 711/711 710/710 668/668
f 669/669 711/711 668/668
f 730/730 689/689 731/731
f 688/688 689/689 730/730
f 670/670 712/712 711/711
f 670/670 711/711 669/669
f 687/687 730/730 729/729
f 687/687 688/688 730/730
f 671/671 713/713 712/712
f 671/671 714/714 713/713
f 671/671 712/712 670/670
f 686/686 729/729 728/728
f 686/686 687/687 729/729
f 672/672 714/714 671/671
f 685/685 727/727 726/726
f 685/685 728/728 727/727
f 685/685 686/686 728/728
f 673/673 714/714 672/672
f 673/673 715/715 714/714
f 684/684 685/685 726/726
f 674/674 716/716 715/715
f 674/674 715/715 673/673
f 683/683 684/684 726/726
f 683/683 725/725 724/724
f 683/683 726/726 725/725
f 675/675 716/716 674/674
f 675/675 717/717 716/716
f 682/682 683/683 724/724
f 676/676 717/717 675/675
f 676/676 718/718 717/717
f 681/681 682/682 724/724
f 681/681 723/723 722/722
f 681/681 724/724 723/723
f 677/677 718/718 676/676
f 677/677 719/719 718/718
f 680/680 681/681 722/722
f 678/678 719/719 677/677
f 678/678 720/720 719/719
f 679/679 680/680 722/722
f 679/679 720/720 678/678
f 679/679 721/721 720/720
f 679/679 722/722 721/721
f 453/453 663/663 454/454
f 453/453 664/664 663/663
f 452/452 664/664 453/453
f 451/451 664/664 452/452
f 451/451 665/665 664/664
f 450/450 665/665 451/451
f 449/449 665/665 450/450
f 449/449 666/666 665/665
f 448/448 666/666 449/449
f 447/447 666/666 448/448
f 447/447 667/667 666/666
f 446/446 667/667 447/447
f 446/446 668/668 667/667
f 445/445 668/668 446/446
f 788/788 668/668 445/445
f 787/787 668/668 788/788
f 787/787 669/669 668/668
f 786/786 669/669 787/787
f 785/785 669/669 786/786
f 784/784 669/669 785/785
f 784/784 670/670 669/669
f 783/783 670/670 784/784
f 782/782 670/670 783/783
f 782/782 671/671 670/670
f 781/781 671/671 782/782
f 780/780 671/671 781/781
f 672/672 671/671 780/780
f 779/779 672/672 780/780
f 673/673 672/672 779/779
f 778/778 673/673 779/779
f 674/674 673/673 778/778
f 777/777 674/674 778/778
f 675/675 674/674 777/777
f 776/776 675/675 777/777
f 676/676 675/675 776/776
f 775/775 676/676 776/776
f 677/677 676/676 775/775
f 774/774 677/677 775/775
f 678/678 677/677 774/774
f 773/773 678/678 774/774
f 679/679 678/678 773/773
f 772/772 679/679 773/773
f 680/680 679/679 772/772
f 771/771 680/680 772/772
f 681/681 680/680 771/771
f 770/770 681/681 771/771
f 682/682 681/681 770/770
f 769/769 682/682 770/770
f 683/683 682/682 769/769
f 768/768 683/683 769/769
f 684/684 683/683 768/768
f 767/767 684/684 768/768
f 766/766 684/684 767/767
f 766/766 685/685 684/684
f 765/765 685/685 766/766
f 765/765 686/686 685/685
f 764/764 686/686 765/765
f 764/764 687/687 686/686
f 763/763 687/687 764/764
f 763/763 688/688 687/687
f 762/762 688/688 763/763
f 762/762 689/689 688/688
f 761/761 689/689 762/762
f 761/761 690/690 689/689
f 760/760 690/690 761/761
f 760/760 691/691 690/690
f 759/759 691/691 760/760
f 759/759 692/692 691/691
f 758/758 692/692 759/759
f 758/758 693/693 692/692
f 757/757 693/693 758/758
f 757/757 694/694 693/693
f 756/756 694/694 757/757
f 756/756 695/695 694/694
f 755/755 695/695 756/756
f 755/755 696/696 695/695
f 754/754 696/696 755/755
f 754/754 697/697 696/696
f 753/753 697/697 754/754
f 752/752 697/697 753/753
f 698/698 697/697 752/752
f 751/751 698/698 752/752
f 750/750 698/698 751/751
f 699/699 698/698 750/750
f 749/749 699/699 750/750
f 748/748 699/699 749/749
f 700/700 699/699 748/748
f 747/747 700/700 748/748
f 465/465 700/700 747/747
f 464/464 701/701 700/700
f 464/464 700/700 465/465
f 463/463 701/701 464/464
f 462/462 702/702 701/701
f 462/462 701/701 463/463
f 461/461 702/702 462/462
f 460/460 702/702 461/461
f 459/459 703/703 702/702
f 459/459 702/702 460/460
f 458/458 703/703 459/459
f 457/457 704/704 703/703
f 457/457 703/703 458/458
f 456/456 704/704 457/457
f 455/455 663/663 704/704
f 455/455 704/704 456/456
f 454/454 663/663 455/455
f 868/868 826/826 827/827
f 867/867 825/825 826/826
f 867/867 826/826 868/868
f 869/869 868/868 827/827
f 866/866 825/825 867/867
f 866/866 824/824 825/825
f 870/870 869/869 827/827
f 870/870 827/827 828/828
f 870/870 828/828 829/829
f 865/865 823/823 824/824
f 865/865 824/824 866/866
f 871/871 870/870 829/829
f 864/864 823/823 865/865
f 864/864 822/822 823/823
f 872/872 871/871 829/829
f 872/872 829/829 830/830
f 872/872 830/830 789/789
f 863/863 820/820 821/821
f 863/863 821/821 822/822
f 863/863 822/822 864/864
f 831/831 872/872 789/789
f 862/862 820/820 863/863
f 832/832 789/789 790/790
f 832/832 831/831 789/789
f 861/861 819/819 820/820
f 861/861 820/820 862/862
f 833/833 790/790 791/791
f 833/833 832/832 790/790
f 860/860 818/818 819/819
f 860/860 819/819 861/861
f 834/834 791/791 792/792
f 834/834 833/833 791/791
f 793/793 834/834 792/792
f 859/859 818/818 860/860
f 859/859 817/817 818/818
f 835/835 834/834 793/793
f 858/858 817/817 859/859
f 858/858 816/816 817/817
f 836/836 793/793 794/794
f 836/836 835/835 793/793
f 815/815 816/816 858/858
f 815/815 858/858 857/857
f 837/837 836/836 794/794
f 795/795 837/837 794/794
f 856/856 815/815 857/857
f 814/814 815/815 856/856
f 796/796 838/838 837/837
f 796/796 837/837 795/795
f 813/813 856/856 855/855
f 813/813 814/814 856/856
f 797/797 839/839 838/838
f 797/797 840/840 839/839
f 797/797 838/838 796/796
f 812/812 855/855 854/854
f 812/812 813/813 855/855
f 798/798 840/840 797/797
f 811/811 853/853 852/852
f 811/811 854/854 853/853
f 811/811 812/812 854/854
f 799/799 840/840 798/798
f 799/799 841/841 840/840
f 810/810 811/811 852/852
f 800/800 842/842 841/841
f 800/800 841/841 799/799
f 809/809 810/810 852/852
f 809/809 851/851 850/850
f 809/809 852/852 851/851
f 801/801 842/842 800/800
f 801/801 843/843 842/842
f 808/808 809/809 850/850
f 802/802 843/843 801/801
f 802/802 844/844 843/843
f 807/807 808/808 850/850
f 807/807 849/849 848/848
f 807/807 850/850 849/849
f 803/803 844/844 802/802
f 803/803 845/845 844/844
f 806/806 807/807 848/848
f 804/804 845/845 803/803
f 804/804 846/846 845/845
f 805/805 806/806 848/848
f 805/805 846/846 804/804
f 805/805 847/847 846/846
f 805/805 848/848 847/847
f 432/432 789/789 433/433
f 432/432 790/790 789/789
f 431/431 790/790 432/432
f 430/430 790/790 431/431
f 430/430 791/791 790/790
f 429/429 791/791 430/430
f 428/428 791/791 429/429
f 428/428 792/792 791/791
f 427/427 792/792 428/428
f 426/426 792/792 427/427
f 426/426 793/793 792/792
f 425/425 793/793 426/426
f 425/425 794/794 793/793
f 424/424 794/794 425/425
f 914/914 794/794 424/424
f 913/913 794/794 914/914
f 913/913 795/795 794/794
f 912/912 795/795 913/913
f 911/911 795/795 912/912
f 910/910 795/795 911/911
f 910/910 796/796 795/795
f 909/909 796/796 910/910
f 908/908 796/796 909/909
f 908/908 797/797 796/796
f 907/907 797/797 908/908
f 906/906 797/797 907/907
f 798/798 797/797 906/906
f 905/905 798/798 906/906
f 799/799 798/798 905/905
f 904/904 799/799 905/905
f 800/800 799/799 904/904
f 903/903 800/800 904/904
f 801/801 800/800 903/903
f 902/902 801/801 903/903
f 802/802 801/801 902/902
f 901/901 802/802 902/902
f 803/803 802/802 901/901
f 900/900 803/803 901/901
f 804/804 803/803 900/900
f 899/899 804/804 900/900
f 805/805 804/804 899/899
f 898/898 805/805 899/899
f 806/806 805/805 898/898
f 897/897 806/806 898/898
f 807/807 806/806 897/897
f 896/896 807/807 897/897
f 808/808 807/807 896/896
f 895/895 808/808 896/896
f 809/809 808/808 895/895
f 894/894 809/809 895/895
f 810/810 809/809 894/894
f 893/893 810/810 894/894
f 892/892 810/810 893/893
f 892/892 811/811 810/810
f 891/891 811/811 892/892
f 891/891 812/812 811/811
f 890/890 812/812 891/891
f 890/890 813/813 812/812
f 889/889 813/813 890/890
f 889/889 814/814 813/813
f 888/888 814/814 889/889
f 888/888 815/815 814/814
f 887/887 815/815 888/888
f 887/887 816/816 815/815
f 886/886 816/816 887/887
f 886/886 817/817 816/816
f 885/885 817/817 886/886
f 885/885 818/818 817/817
f 884/884 818/818 885/885
f 884/884 819/819 818/818
f 883/883 819/819 884/884
f 883/883 820/820 819/819
f 882/882 820/820 883/883
f 882/882 821/821 820/820
f 881/881 821/821 882/882
f 881/881 822/822 821/821
f 880/880 822/822 881/881
f 880/880 823/823 822/822
f 879/879 823/823 880/880
f 878/878 823/823 879/879
f 824/824 823/823 878/878
f 877/877 824/824 878/878
f 876/876 824/824 877/877
f 825/825 824/824 876/876
f 875/875 825/825 876/876
f 874/874 825/825 875/875
f 826/826 825/825 874/874
f 873/873 826/826 874/874
f 444/444 826/826 873/873
f 443/443 827/827 826/826
f 443/443 826/826 444/444
f 442/442 827/827 443/443
f 441/441 828/828 827/827
f 441/441 827/827 442/442
f 440/440 828/828 441/441
f 439/439 828/828 440/440
f 438/438 829/829 828/828
f 438/438 828/828 439/439
f 437/437 829/829 438/438
f 436/436 830/830 829/829
f 436/436 829/829 437/437
f 435/435 830/830 436/436
f 434/434 789/789 830/830
f 434/434 830/830 435/435
f 433/433 789/789 434/434
f 755/755 915/915 754/754
f 755/755 916/916 915/915
f 756/756 916/916 755/755
f 757/757 927/927 916/916
f 757/757 916/916 756/756
f 758/758 926/926 927/927
f 758/758 927/927 757/757
f 759/759 926/926 758/758
f 759/759 925/925 926/926
f 760/760 925/925 759/759
f 760/760 924/924 925/925
f 761/761 924/924 760/760
f 761/761 923/923 924/924
f 762/762 923/923 761/761
f 922/922 923/923 762/762
f 763/763 922/922 762/762
f 921/921 763/763 764/764
f 921/921 922/922 763/763
f 920/920 921/921 764/764
f 920/920 764/764 765/765
f 919/919 920/920 765/765
f 919/919 765/765 766/766
f 918/918 919/919 766/766
f 918/918 766/766 767/767
f 917/917 918/918 767/767
f 917/917 767/767 768/768
f 917/917 768/768 769/769
f 917/917 769/769 770/770
f 917/917 770/770 771/771
f 917/917 771/771 772/772
f 881/881 780/780 880/880
f 881/881 778/778 779/779
f 881/881 779/779 780/780
f 882/882 778/778 881/881
f 883/883 778/778 882/882
f 883/883 777/777 778/778
f 884/884 777/777 883/883
f 884/884 776/776 777/777
f 885/885 776/776 884/884
f 885/885 774/774 775/775
f 885/885 775/775 776/776
f 886/886 773/773 774/774
f 886/886 774/774 885/885
f 887/887 772/772 773/773
f 887/887 773/773 886/886
f 888/888 772/772 887/887
f 888/888 917/917 772/772
f 226/226 905/905 906/906
f 225/225 905/905 226/226
f 225/225 903/903 904/904
f 225/225 904/904 905/905
f 928/928 888/888 889/889
f 928/928 889/889 890/890
f 928/928 917/917 888/888
f 928/928 890/890 891/891
f 928/928 891/891 892/892
f 928/928 892/892 893/893
f 929/929 903/903 225/225
f 929/929 902/902 903/903
f 938/938 893/893 894/894
f 938/938 928/928 893/893
f 930/930 902/902 929/929
f 930/930 901/901 902/902
f 937/937 938/938 894/894
f 937/937 894/894 895/895
f 931/931 901/901 930/930
f 931/931 900/900 901/901
f 936/936 895/895 896/896
f 936/936 937/937 895/895
f 932/932 900/900 931/931
f 932/932 899/899 900/900
f 935/935 896/896 897/897
f 935/935 936/936 896/896
f 933/933 899/899 932/932
f 933/933 898/898 899/899
f 934/934 935/935 897/897
f 934/934 898/898 933/933
f 934/934 897/897 898/898
f 906/906 234/234 226/226
f 907/907 233/233 234/234
f 907/907 234/234 906/906
f 908/908 232/232 233/233
f 908/908 233/233 907/907
f 909/909 231/231 232/232
f 909/909 232/232 908/908
f 910/910 230/230 231/231
f 910/910 231/231 909/909
f 911/911 230/230 910/910
f 912/912 229/229 230/230
f 912/912 230/230 911/911
f 913/913 228/228 229/229
f 913/913 229/229 912/912
f 914/914 227/227 228/228
f 914/914 228/228 913/913
f 424/424 227/227 914/914
f 780/780 879/879 880/880
f 781/781 878/878 879/879
f 781/781 879/879 780/780
f 782/782 877/877 878/878
f 782/782 878/878 781/781
f 783/783 876/876 877/877
f 783/783 877/877 782/782
f 784/784 875/875 876/876
f 784/784 876/876 783/783
f 785/785 874/874 875/875
f 785/785 875/875 784/784
f 786/786 874/874 785/785
f 787/787 873/873 874/874
f 787/787 874/874 786/786
f 788/788 444/444 873/873
f 788/788 873/873 787/787
f 445/445 444/444 788/788
f 997/997 415/415 998/998
f 999/999 998/998 415/415
f 996/996 490/490 415/415
f 996/996 415/415 997/997
f 1000/1000 999/999 415/415
f 995/995 490/490 996/996
f 1001/1001 1000/1000 415/415
f 994/994 490/490 995/995
f 1002/1002 1001/1001 415/415
f 993/993 490/490 994/994
f 961/961 1002/1002 415/415
f 992/992 951/951 490/490
f 992/992 490/490 993/993
f 962/962 961/961 415/415
f 991/991 952/952 951/951
f 991/991 951/951 992/992
f 963/963 962/962 415/415
f 990/990 953/953 952/952
f 990/990 952/952 991/991
f 989/989 954/954 953/953
f 989/989 953/953 990/990
f 988/988 955/955 954/954
f 988/988 954/954 989/989
f 987/987 955/955 988/988
f 956/956 987/987 986/986
f 956/956 955/955 987/987
f 957/957 986/986 985/985
f 957/957 956/956 986/986
f 958/958 985/985 984/984
f 958/958 957/957 985/985
f 959/959 958/958 984/984
f 959/959 984/984 983/983
f 960/960 959/959 983/983
f 960/960 983/983 982/982
f 939/939 960/960 982/982
f 939/939 977/977 976/976
f 939/939 978/978 977/977
f 939/939 979/979 978/978
f 939/939 980/980 979/979
f 939/939 981/981 980/980
f 939/939 982/982 981/981
f 1040/1040 967/967 966/966
f 1039/1039 967/967 1040/1040
f 1041/1041 966/966 965/965
f 1041/1041 1040/1040 966/966
f 1038/1038 967/967 1039/1039
f 1038/1038 968/968 967/967
f 1042/1042 1041/1041 965/965
f 1042/1042 965/965 964/964
f 1037/1037 969/969 968/968
f 1037/1037 970/970 969/969
f 1037/1037 968/968 1038/1038
f 1043/1043 964/964 963/963
f 1043/1043 1042/1042 964/964
f 1036/1036 971/971 970/970
f 1036/1036 970/970 1037/1037
f 1035/1035 971/971 1036/1036
f 1035/1035 972/972 971/971
f 1034/1034 972/972 1035/1035
f 1033/1033 973/973 972/972
f 1033/1033 974/974 973/973
f 1033/1033 972/972 1034/1034
f 1032/1032 974/974 1033/1033
f 1032/1032 975/975 974/974
f 1031/1031 975/975 1032/1032
f 1030/1030 976/976 975/975
f 1030/1030 975/975 1031/1031
f 1030/1030 939/939 976/976
f 182/182 1044/1044 1043/1043
f 182/182 1003/1003 1044/1044
f 182/182 1043/1043 963/963
f 182/182 963/963 415/415
f 182/182 1004/1004 1003/1003
f 182/182 1005/1005 1004/1004
f 182/182 1006/1006 1005/1005
f 182/182 1007/1007 1006/1006
f 182/182 1008/1008 1007/1007
f 1009/1009 1008/1008 182/182
f 1010/1010 1009/1009 182/182
f 940/940 939/939 1030/1030
f 940/940 1025/1025 1024/1024
f 940/940 1026/1026 1025/1025
f 940/940 1027/1027 1026/1026
f 940/940 1028/1028 1027/1027
f 940/940 1029/1029 1028/1028
f 940/940 1030/1030 1029/1029
f 181/181 1010/1010 182/182
f 181/181 1011/1011 1010/1010
f 181/181 1012/1012 1011/1011
f 181/181 1013/1013 1012/1012
f 181/181 1014/1014 1013/1013
f 950/950 1014/1014 181/181
f 950/950 1015/1015 1014/1014
f 941/941 940/940 1024/1024
f 941/941 1024/1024 1023/1023
f 942/942 941/941 1023/1023
f 942/942 1023/1023 1022/1022
f 949/949 1015/1015 950/950
f 949/949 1016/1016 1015/1015
f 943/943 942/942 1022/1022
f 943/943 1022/1022 1021/1021
f 948/948 1016/1016 949/949
f 948/948 1017/1017 1016/1016
f 947/947 1017/1017 948/948
f 947/947 1018/1018 1017/1017
f 944/944 943/943 1021/1021
f 944/944 1021/1021 1020/1020
f 946/946 1018/1018 947/947
f 946/946 1019/1019 1018/1018
f 945/945 944/944 1020/1020
f 945/945 1019/1019 946/946
f 945/945 1020/1020 1019/1019
f 1116/1116 1115/1115 380/380
f 1114/1114 380/380 1115/1115
f 1117/1117 380/380 1056/1056
f 1117/1117 1116/1116 380/380
f 1113/1113 380/380 1114/1114
f 1118/1118 1117/1117 1056/1056
f 1112/1112 380/380 1113/1113
f 1119/1119 1118/1118 1056/1056
f 1111/1111 380/380 1112/1112
f 1120/1120 1119/1119 1056/1056
f 1110/1110 380/380 1111/1111
f 1121/1121 1056/1056 1055/1055
f 1121/1121 1120/1120 1056/1056
f 1151/1151 380/380 1110/1110
f 1122/1122 1055/1055 1054/1054
f 1122/1122 1121/1121 1055/1055
f 1150/1150 380/380 1151/1151
f 1123/1123 1054/1054 1053/1053
f 1123/1123 1122/1122 1054/1054
f 1124/1124 1053/1053 1052/1052
f 1124/1124 1123/1123 1053/1053
f 1125/1125 1052/1052 1051/1051
f 1125/1125 1124/1124 1052/1052
f 1126/1126 1125/1125 1051/1051
f 1050/1050 1126/1126 1051/1051
f 1050/1050 1127/1127 1126/1126
f 1049/1049 1127/1127 1050/1050
f 1049/1049 1128/1128 1127/1127
f 1048/1048 1129/1129 1128/1128
f 1048/1048 1128/1128 1049/1049
f 1047/1047 1129/1129 1048/1048
f 1047/1047 1130/1130 1129/1129
f 1046/1046 1130/1130 1047/1047
f 1046/1046 1131/1131 1130/1130
f 1045/1045 1131/1131 1046/1046
f 1045/1045 1132/1132 1131/1131
f 1045/1045 1133/1133 1132/1132
f 1045/1045 1134/1134 1133/1133
f 1045/1045 1135/1135 1134/1134
f 1045/1045 1136/1136 1135/1135
f 1045/1045 1137/1137 1136/1136
f 1073/1073 1148/1148 1147/1147
f 1074/1074 1147/1147 1146/1146
f 1074/1074 1073/1073 1147/1147
f 1072/1072 1149/1149 1148/1148
f 1072/1072 1148/1148 1073/1073
f 1075/1075 1146/1146 1145/1145
f 1075/1075 1074/1074 1146/1146
f 1071/1071 1149/1149 1072/1072
f 1071/1071 1150/1150 1149/1149
f 1076/1076 1145/1145 1144/1144
f 1076/1076 1075/1075 1145/1145
f 1070/1070 1150/1150 1071/1071
f 1077/1077 1144/1144 1143/1143
f 1077/1077 1076/1076 1144/1144
f 1078/1078 1143/1143 1142/1142
f 1078/1078 1077/1077 1143/1143
f 1079/1079 1078/1078 1142/1142
f 1079/1079 1142/1142 1141/1141
f 1080/1080 1079/1079 1141/1141
f 1080/1080 1141/1141 1140/1140
f 1081/1081 1080/1080 1140/1140
f 1081/1081 1140/1140 1139/1139
f 1082/1082 1081/1081 1139/1139
f 1082/1082 1138/1138 1137/1137
f 1082/1082 1139/1139 1138/1138
f 1083/1083 1137/1137 1045/1045
f 1083/1083 1082/1082 1137/1137
f 183/183 1069/1069 1068/1068
f 183/183 1070/1070 1069/1069
f 183/183 1150/1150 1070/1070
f 183/183 380/380 1150/1150
f 183/183 1106/1106 1105/1105
f 183/183 1107/1107 1106/1106
f 183/183 1108/1108 1107/1107
f 183/183 1109/1109 1108/1108
f 183/183 1068/1068 1109/1109
f 1104/1104 183/183 1105/1105
f 1103/1103 183/183 1104/1104
f 1057/1057 1084/1084 1083/1083
f 1057/1057 1085/1085 1084/1084
f 1057/1057 1086/1086 1085/1085
f 1057/1057 1087/1087 1086/1086
f 1057/1057 1088/1088 1087/1087
f 1057/1057 1089/1089 1088/1088
f 1057/1057 1083/1083 1045/1045
f 224/224 1100/1100 1099/1099
f 224/224 1101/1101 1100/1100
f 224/224 1102/1102 1101/1101
f 224/224 1103/1103 1102/1102
f 224/224 183/183 1103/1103
f 1058/1058 1099/1099 1098/1098
f 1058/1058 224/224 1099/1099
f 1067/1067 1090/1090 1089/1089
f 1067/1067 1089/1089 1057/1057
f 1059/1059 1058/1058 1098/1098
f 1059/1059 1098/1098 1097/1097
f 1066/1066 1090/1090 1067/1067
f 1066/1066 1091/1091 1090/1090
f 1060/1060 1059/1059 1097/1097
f 1060/1060 1097/1097 1096/1096
f 1065/1065 1091/1091 1066/1066
f 1065/1065 1092/1092 1091/1091
f 1061/1061 1060/1060 1096/1096
f 1061/1061 1096/1096 1095/1095
f 1064/1064 1093/1093 1092/1092
f 1064/1064 1092/1092 1065/1065
f 1062/1062 1061/1061 1095/1095
f 1062/1062 1095/1095 1094/1094
f 1063/1063 1093/1093 1064/1064
f 1063/1063 1062/1062 1094/1094
f 1063/1063 1094/1094 1093/1093
f 1056/1056 915/915 916/916
f 1056/1056 1152/1152 915/915
f 1056/1056 1153/1153 1152/1152
f 1056/1056 1154/1154 1153/1153
f 384/384 469/469 468/468
f 385/385 468/468 467/467
f 385/385 384/384 468/468
f 383/383 470/470 469/469
f 383/383 469/469 384/384
f 386/386 467/467 466/466
f 386/386 385/385 467/467
f 382/382 471/471 470/470
f 382/382 470/470 383/383
f 387/387 1158/1158 1157/1157
f 387/387 466/466 1158/1158
f 387/387 386/386 466/466
f 381/381 472/472 471/471
f 381/381 471/471 382/382
f 388/388 1156/1156 1155/1155
f 388/388 1157/1157 1156/1156
f 388/388 387/387 1157/1157
f 271/271 285/285 472/472
f 271/271 472/472 381/381
f 380/380 1155/1155 1154/1154
f 380/380 1154/1154 1056/1056
f 380/380 388/388 1155/1155
f 1055/1055 1056/1056 916/916
f 1055/1055 916/916 927/927
f 1054/1054 927/927 926/926
f 1054/1054 1055/1055 927/927
f 1053/1053 926/926 925/925
f 1053/1053 1054/1054 926/926
f 1052/1052 925/925 924/924
f 1052/1052 1053/1053 925/925
f 1051/1051 924/924 923/923
f 1051/1051 1052/1052 924/924
f 1050/1050 923/923 922/922
f 1050/1050 1051/1051 923/923
f 1049/1049 922/922 921/921
f 1049/1049 1050/1050 922/922
f 1048/1048 921/921 920/920
f 1048/1048 1049/1049 921/921
f 1047/1047 920/920 919/919
f 1047/1047 1048/1048 920/920
f 1046/1046 919/919 918/918
f 1046/1046 1047/1047 919/919
f 1045/1045 918/918 917/917
f 1045/1045 1046/1046 918/918
f 641/641 490/490 951/951
f 641/641 489/489 490/490
f 642/642 951/951 952/952
f 642/642 641/641 951/951
f 643/643 952/952 953/953
f 643/643 642/642 952/952
f 644/644 953/953 954/954
f 644/644 643/643 953/953
f 645/645 954/954 955/955
f 645/645 644/644 954/954
f 646/646 955/955 956/956
f 646/646 956/956 957/957
f 646/646 645/645 955/955
f 647/647 646/646 957/957
f 648/648 957/957 958/958
f 648/648 647/647 957/957
f 649/649 958/958 959/959
f 649/649 648/648 958/958
f 650/650 959/959 960/960
f 650/650 649/649 959/959
f 651/651 960/960 939/939
f 651/651 650/650 960/960
f 1057/1057 1045/1045 917/917
f 1057/1057 917/917 928/928
f 652/652 939/939 940/940
f 652/652 651/651 939/939
f 1067/1067 1057/1057 928/928
f 1067/1067 928/928 938/938
f 1066/1066 938/938 937/937
f 1066/1066 1067/1067 938/938
f 1065/1065 937/937 936/936
f 1065/1065 1066/1066 937/937
f 1064/1064 935/935 934/934
f 1064/1064 936/936 935/935
f 1064/1064 1065/1065 936/936
f 1063/1063 1064/1064 934/934
f 1062/1062 934/934 933/933
f 1062/1062 1063/1063 934/934
f 1061/1061 933/933 932/932
f 1061/1061 1062/1062 933/933
f 1060/1060 932/932 931/931
f 1060/1060 1061/1061 932/932
f 1059/1059 931/931 930/930
f 1059/1059 1060/1060 931/931
f 1058/1058 930/930 929/929
f 1058/1058 1059/1059 930/930
f 224/224 929/929 225/225
f 224/224 1058/1058 929/929
f 513/513 961/961 512/512
f 513/513 1002/1002 961/961
f 514/514 1002/1002 513/513
f 514/514 1001/1001 1002/1002
f 515/515 1001/1001 514/514
f 515/515 1000/1000 1001/1001
f 516/516 1000/1000 515/515
f 516/516 999/999 1000/1000
f 517/517 999/999 516/516
f 517/517 998/998 999/999
f 518/518 998/998 517/517
f 518/518 997/997 998/998
f 519/519 997/997 518/518
f 519/519 996/996 997/997
f 520/520 996/996 519/519
f 520/520 995/995 996/996
f 521/521 995/995 520/520
f 521/521 994/994 995/995
f 522/522 994/994 521/521
f 522/522 993/993 994/994
f 523/523 992/992 993/993
f 523/523 993/993 522/522
f 524/524 991/991 992/992
f 524/524 992/992 523/523
f 525/525 991/991 524/524
f 525/525 990/990 991/991
f 526/526 989/989 990/990
f 526/526 990/990 525/525
f 527/527 988/988 989/989
f 527/527 989/989 526/526
f 528/528 987/987 988/988
f 528/528 988/988 527/527
f 529/529 986/986 987/987
f 529/529 987/987 528/528
f 530/530 985/985 986/986
f 530/530 986/986 529/529
f 531/531 984/984 985/985
f 531/531 985/985 530/530
f 532/532 983/983 984/984
f 532/532 984/984 531/531
f 533/533 982/982 983/983
f 533/533 983/983 532/532
f 534/534 981/981 982/982
f 534/534 982/982 533/533
f 535/535 980/980 981/981
f 535/535 981/981 534/534
f 536/536 979/979 980/980
f 536/536 980/980 535/535
f 537/537 978/978 979/979
f 537/537 979/979 536/536
f 538/538 977/977 978/978
f 538/538 978/978 537/537
f 539/539 976/976 977/977
f 539/539 977/977 538/538
f 540/540 976/976 539/539
f 540/540 975/975 976/976
f 541/541 975/975 540/540
f 541/541 974/974 975/975
f 542/542 974/974 541/541
f 542/542 973/973 974/974
f 543/543 972/972 973/973
f 543/543 973/973 542/542
f 544/544 971/971 972/972
f 544/544 972/972 543/543
f 545/545 969/969 970/970
f 545/545 970/970 971/971
f 545/545 971/971 544/544
f 546/546 969/969 545/545
f 547/547 968/968 969/969
f 547/547 969/969 546/546
f 548/548 967/967 968/968
f 548/548 968/968 547/547
f 549/549 966/966 967/967
f 549/549 967/967 548/548
f 550/550 965/965 966/966
f 550/550 966/966 549/549
f 551/551 964/964 965/965
f 551/551 965/965 550/550
f 552/552 963/963 964/964
f 552/552 964/964 551/551
f 553/553 962/962 963/963
f 553/553 963/963 552/552
f 512/512 961/961 962/962
f 512/512 962/962 553/553
f 588/588 1003/1003 587/587
f 588/588 1044/1044 1003/1003
f 589/589 1044/1044 588/588
f 589/589 1043/1043 1044/1044
f 590/590 1043/1043 589/589
f 590/590 1042/1042 1043/1043
f 591/591 1042/1042 590/590
f 591/591 1041/1041 1042/1042
f 592/592 1041/1041 591/591
f 592/592 1040/1040 1041/1041
f 593/593 1040/1040 592/592
f 593/593 1039/1039 1040/1040
f 594/594 1039/1039 593/593
f 594/594 1038/1038 1039/1039
f 595/595 1038/1038 594/594
f 595/595 1037/1037 1038/1038
f 596/596 1037/1037 595/595
f 596/596 1036/1036 1037/1037
f 597/597 1036/1036 596/596
f 597/597 1035/1035 1036/1036
f 598/598 1034/1034 1035/1035
f 598/598 1035/1035 597/597
f 599/599 1033/1033 1034/1034
f 599/599 1034/1034 598/598
f 600/600 1033/1033 599/599
f 600/600 1032/1032 1033/1033
f 601/601 1031/1031 1032/1032
f 601/601 1032/1032 600/600
f 602/602 1030/1030 1031/1031
f 602/602 1031/1031 601/601
f 603/603 1029/1029 1030/1030
f 603/603 1030/1030 602/602
f 604/604 1028/1028 1029/1029
f 604/604 1029/1029 603/603
f 605/605 1027/1027 1028/1028
f 605/605 1028/1028 604/604
f 606/606 1026/1026 1027/1027
f 606/606 1027/1027 605/605
f 607/607 1025/1025 1026/1026
f 607/607 1026/1026 606/606
f 608/608 1024/1024 1025/1025
f 608/608 1025/1025 607/607
f 609/609 1023/1023 1024/1024
f 609/609 1024/1024 608/608
f 610/610 1022/1022 1023/1023
f 610/610 1023/1023 609/609
f 611/611 1021/1021 1022/1022
f 611/611 1022/1022 610/610
f 612/612 1020/1020 1021/1021
f 612/612 1021/1021 611/611
f 613/613 1019/1019 1020/1020
f 613/613 1020/1020 612/612
f 614/614 1018/1018 1019/1019
f 614/614 1019/1019 613/613
f 615/615 1018/1018 614/614
f 615/615 1017/1017 1018/1018
f 616/616 1017/1017 615/615
f 616/616 1016/1016 1017/1017
f 617/617 1016/1016 616/616
f 617/617 1015/1015 1016/1016
f 618/618 1014/1014 1015/1015
f 618/618 1015/1015 617/617
f 619/619 1013/1013 1014/1014
f 619/619 1014/1014 618/618
f 620/620 1011/1011 1012/1012
f 620/620 1012/1012 1013/1013
f 620/620 1013/1013 619/619
f 621/621 1011/1011 620/620
f 622/622 1010/1010 1011/1011
f 622/622 1011/1011 621/621
f 623/623 1009/1009 1010/1010
f 623/623 1010/1010 622/622
f 624/624 1008/1008 1009/1009
f 624/624 1009/1009 623/623
f 625/625 1007/1007 1008/1008
f 625/625 1008/1008 624/624
f 626/626 1006/1006 1007/1007
f 626/626 1007/1007 625/625
f 627/627 1005/1005 1006/1006
f 627/627 1006/1006 626/626
f 628/628 1004/1004 1005/1005
f 628/628 1005/1005 627/627
f 587/587 1003/1003 1004/1004
f 587/587 1004/1004 628/628
f 163/163 1161/1161 1160/1160
f 163/163 1162/1162 1161/1161
f 163/163 1163/1163 1162/1162
f 163/163 1164/1164 1163/1163
f 163/163 1165/1165 1164/1164
f 163/163 1166/1166 1165/1165
f 163/163 1167/1167 1166/1166
f 163/163 1168/1168 1167/1167
f 163/163 1169/1169 1168/1168
f 163/163 1170/1170 1169/1169
f 163/163 66/66 1170/1170
f 171/171 1159/1159 473/473
f 171/171 1160/1160 1159/1159
f 171/171 473/473 474/474
f 171/171 163/163 1160/1160
f 170/170 474/474 475/475
f 170/170 171/171 474/474
f 169/169 475/475 476/476
f 169/169 170/170 475/475
f 168/168 476/476 477/477
f 168/168 169/169 476/476
f 506/506 477/477 478/478
f 505/505 478/478 479/479
f 505/505 506/506 478/478
f 167/167 168/168 477/477
f 167/167 477/477 506/506
f 581/581 167/167 506/506
f 480/480 504/504 479/479
f 166/166 167/167 581/581
f 503/503 504/504 480/480
f 580/580 581/581 506/506
f 579/579 580/580 555/555
f 579/579 555/555 556/556
f 635/635 165/165 634/634
f 578/578 556/556 557/557
f 578/578 579/579 556/556
f 164/164 165/165 635/635
f 164/164 635/635 636/636
f 504/504 505/505 479/479
f 506/506 555/555 580/580
f 581/581 634/634 165/165
f 581/581 165/165 166/166
f 1152/1152 754/754 915/915
f 1152/1152 752/752 753/753
f 1152/1152 753/753 754/754
f 1153/1153 751/751 752/752
f 1153/1153 752/752 1152/1152
f 1154/1154 750/750 751/751
f 1154/1154 751/751 1153/1153
f 1155/1155 749/749 750/750
f 1155/1155 750/750 1154/1154
f 1156/1156 748/748 749/749
f 1156/1156 749/749 1155/1155
f 1157/1157 747/747 748/748
f 1157/1157 748/748 1156/1156
f 1158/1158 747/747 1157/1157
f 466/466 465/465 747/747
f 466/466 747/747 1158/1158
f 572/572 564/564 565/565
f 573/573 563/563 564/564
f 573/573 564/564 572/572
f 574/574 562/562 563/563
f 574/574 563/563 573/573
f 575/575 554/554 562/562
f 575/575 562/562 574/574
f 576/576 561/561 554/554
f 576/576 554/554 575/575
f 583/583 559/559 560/560
f 583/583 560/560 561/561
f 583/583 561/561 576/576
f 584/584 558/558 559/559
f 584/584 559/559 583/583
f 585/585 557/557 558/558
f 585/585 558/558 584/584
f 578/578 557/557 585/585
f 1111/1111 705/705 1110/1110
f 1111/1111 746/746 705/705
f 1112/1112 746/746 1111/1111
f 1112/1112 745/745 746/746
f 1113/1113 745/745 1112/1112
f 1113/1113 744/744 745/745
f 1114/1114 744/744 1113/1113
f 1114/1114 743/743 744/744
f 1115/1115 743/743 1114/1114
f 1115/1115 742/742 743/743
f 1116/1116 742/742 1115/1115
f 1116/1116 741/741 742/742
f 1117/1117 741/741 1116/1116
f 1117/1117 740/740 741/741
f 1118/1118 740/740 1117/1117
f 1118/1118 739/739 740/740
f 1119/1119 739/739 1118/1118
f 1119/1119 738/738 739/739
f 1120/1120 738/738 1119/1119
f 1120/1120 737/737 738/738
f 1121/1121 736/736 737/737
f 1121/1121 737/737 1120/1120
f 1122/1122 735/735 736/736
f 1122/1122 736/736 1121/1121
f 1123/1123 735/735 1122/1122
f 1123/1123 734/734 735/735
f 1124/1124 733/733 734/734
f 1124/1124 734/734 1123/1123
f 1125/1125 732/732 733/733
f 1125/1125 733/733 1124/1124
f 1126/1126 731/731 732/732
f 1126/1126 732/732 1125/1125
f 1127/1127 730/730 731/731
f 1127/1127 731/731 1126/1126
f 1128/1128 729/729 730/730
f 1128/1128 730/730 1127/1127
f 1129/1129 728/728 729/729
f 1129/1129 729/729 1128/1128
f 1130/1130 727/727 728/728
f 1130/1130 728/728 1129/1129
f 1131/1131 726/726 727/727
f 1131/1131 727/727 1130/1130
f 1132/1132 725/725 726/726
f 1132/1132 726/726 1131/1131
f 1133/1133 724/724 725/725
f 1133/1133 725/725 1132/1132
f 1134/1134 723/723 724/724
f 1134/1134 724/724 1133/1133
f 1135/1135 722/722 723/723
f 1135/1135 723/723 1134/1134
f 1136/1136 721/721 722/722
f 1136/1136 722/722 1135/1135
f 1137/1137 720/720 721/721
f 1137/1137 721/721 1136/1136
f 1138/1138 720/720 1137/1137
f 1138/1138 719/719 720/720
f 1139/1139 719/719 1138/1138
f 1139/1139 718/718 719/719
f 1140/1140 718/718 1139/1139
f 1140/1140 717/717 718/718
f 1141/1141 716/716 717/717
f 1141/1141 717/717 1140/1140
f 1142/1142 715/715 716/716
f 1142/1142 716/716 1141/1141
f 1143/1143 713/713 714/714
f 1143/1143 714/714 715/715
f 1143/1143 715/715 1142/1142
f 1144/1144 713/713 1143/1143
f 1145/1145 712/712 713/713
f 1145/1145 713/713 1144/1144
f 1146/1146 711/711 712/712
f 1146/1146 712/712 1145/1145
f 1147/1147 710/710 711/711
f 1147/1147 711/711 1146/1146
f 1148/1148 709/709 710/710
f 1148/1148 710/710 1147/1147
f 1149/1149 708/708 709/709
f 1149/1149 709/709 1148/1148
f 1150/1150 707/707 708/708
f 1150/1150 708/708 1149/1149
f 1151/1151 706/706 707/707
f 1151/1151 707/707 1150/1150
f 1110/1110 705/705 706/706
f 1110/1110 706/706 1151/1151
f 1069/1069 831/831 1068/1068
f 1069/1069 872/872 831/831
f 1070/1070 872/872 1069/1069
f 1070/1070 871/871 872/872
f 1071/1071 871/871 1070/1070
f 1071/1071 870/870 871/871
f 1072/1072 870/870 1071/1071
f 1072/1072 869/869 870/870
f 1073/1073 869/869 1072/1072
f 1073/1073 868/868 869/869
f 1074/1074 868/868 1073/1073
f 1074/1074 867/867 868/868
f 1075/1075 867/867 1074/1074
f 1075/1075 866/866 867/867
f 1076/1076 866/866 1075/1075
f 1076/1076 865/865 866/866
f 1077/1077 865/865 1076/1076
f 1077/1077 864/864 865/865
f 1078/1078 864/864 1077/1077
f 1078/1078 863/863 864/864
f 1079/1079 862/862 863/863
f 1079/1079 863/863 1078/1078
f 1080/1080 861/861 862/862
f 1080/1080 862/862 1079/1079
f 1081/1081 861/861 1080/1080
f 1081/1081 860/860 861/861
f 1082/1082 859/859 860/860
f 1082/1082 860/860 1081/1081
f 1083/1083 858/858 859/859
f 1083/1083 859/859 1082/1082
f 1084/1084 857/857 858/858
f 1084/1084 858/858 1083/1083
f 1085/1085 856/856 857/857
f 1085/1085 857/857 1084/1084
f 1086/1086 855/855 856/856
f 1086/1086 856/856 1085/1085
f 1087/1087 854/854 855/855
f 1087/1087 855/855 1086/1086
f 1088/1088 853/853 854/854
f 1088/1088 854/854 1087/1087
f 1089/1089 852/852 853/853
f 1089/1089 853/853 1088/1088
f 1090/1090 851/851 852/852
f 1090/1090 852/852 1089/1089
f 1091/1091 850/850 851/851
f 1091/1091 851/851 1090/1090
f 1092/1092 849/849 850/850
f 1092/1092 850/850 1091/1091
f 1093/1093 848/848 849/849
f 1093/1093 849/849 1092/1092
f 1094/1094 847/847 848/848
f 1094/1094 848/848 1093/1093
f 1095/1095 846/846 847/847
f 1095/1095 847/847 1094/1094
f 1096/1096 846/846 1095/1095
f 1096/1096 845/845 846/846
f 1097/1097 845/845 1096/1096
f 1097/1097 844/844 845/845
f 1098/1098 844/844 1097/1097
f 1098/1098 843/843 844/844
f 1099/1099 842/842 843/843
f 1099/1099 843/843 1098/1098
f 1100/1100 841/841 842/842
f 1100/1100 842/842 1099/1099
f 1101/1101 839/839 840/840
f 1101/1101 840/840 841/841
f 1101/1101 841/841 1100/1100
f 1102/1102 839/839 1101/1101
f 1103/1103 838/838 839/839
f 1103/1103 839/839 1102/1102
f 1104/1104 837/837 838/838
f 1104/1104 838/838 1103/1103
f 1105/1105 836/836 837/837
f 1105/1105 837/837 1104/1104
f 1106/1106 835/835 836/836
f 1106/1106 836/836 1105/1105
f 1107/1107 834/834 835/835
f 1107/1107 835/835 1106/1106
f 1108/1108 833/833 834/834
f 1108/1108 834/834 1107/1107
f 1109/1109 832/832 833/833
f 1109/1109 833/833 1108/1108
f 1068/1068 831/831 832/832
f 1068/1068 832/832 1109/1109
f 653/653 940/940 941/941
f 653/653 652/652 940/940
f 654/654 941/941 942/942
f 654/654 942/942 943/943
f 654/654 653/653 941/941
f 655/655 654/654 943/943
f 656/656 943/943 944/944
f 656/656 655/655 943/943
f 657/657 944/944 945/945
f 657/657 656/656 944/944
f 658/658 945/945 946/946
f 658/658 657/657 945/945
f 659/659 946/946 947/947
f 659/659 658/658 946/946
f 660/660 947/947 948/948
f 660/660 659/659 947/947
f 661/661 948/948 949/949
f 661/661 949/949 950/950
f 661/661 660/660 948/948
f 662/662 661/661 950/950
f 180/180 950/950 181/181
f 180/180 662/662 950/950
f 1172/1172 1213/1213 1171/1171
f 1254/1254 1213/1213 1172/1172
f 1173/1173 1254/1254 1172/1172
f 1253/1253 1254/1254 1173/1173
f 1174/1174 1253/1253 1173/1173
f 1252/1252 1253/1253 1174/1174
f 1175/1175 1252/1252 1174/1174
f 1251/1251 1252/1252 1175/1175
f 1176/1176 1251/1251 1175/1175
f 1250/1250 1251/1251 1176/1176
f 1177/1177 1250/1250 1176/1176
f 1249/1249 1250/1250 1177/1177
f 1178/1178 1249/1249 1177/1177
f 1248/1248 1249/1249 1178/1178
f 1179/1179 1248/1248 1178/1178
f 1247/1247 1248/1248 1179/1179
f 1180/1180 1247/1247 1179/1179
f 1246/1246 1247/1247 1180/1180
f 1181/1181 1246/1246 1180/1180
f 1245/1245 1246/1246 1181/1181
f 1182/1182 1245/1245 1181/1181
f 1244/1244 1245/1245 1182/1182
f 1183/1183 1244/1244 1182/1182
f 1243/1243 1244/1244 1183/1183
f 1184/1184 1243/1243 1183/1183
f 1242/1242 1243/1243 1184/1184
f 1185/1185 1242/1242 1184/1184
f 1241/1241 1242/1242 1185/1185
f 1186/1186 1241/1241 1185/1185
f 1240/1240 1241/1241 1186/1186
f 1187/1187 1240/1240 1186/1186
f 1239/1239 1240/1240 1187/1187
f 1188/1188 1239/1239 1187/1187
f 1238/1238 1239/1239 1188/1188
f 1189/1189 1238/1238 1188/1188
f 1237/1237 1238/1238 1189/1189
f 1236/1236 1189/1189 1190/1190
f 1236/1236 1237/1237 1189/1189
f 1191/1191 1236/1236 1190/1190
f 1235/1235 1236/1236 1191/1191
f 1192/1192 1235/1235 1191/1191
f 1234/1234 1235/1235 1192/1192
f 1193/1193 1234/1234 1192/1192
f 1233/1233 1234/1234 1193/1193
f 1194/1194 1233/1233 1193/1193
f 1232/1232 1233/1233 1194/1194
f 1195/1195 1232/1232 1194/1194
f 1231/1231 1232/1232 1195/1195
f 1196/1196 1231/1231 1195/1195
f 1230/1230 1231/1231 1196/1196
f 1229/1229 1196/1196 1197/1197
f 1229/1229 1230/1230 1196/1196
f 1198/1198 1229/1229 1197/1197
f 1228/1228 1229/1229 1198/1198
f 1199/1199 1228/1228 1198/1198
f 1227/1227 1228/1228 1199/1199
f 1200/1200 1227/1227 1199/1199
f 1226/1226 1227/1227 1200/1200
f 1201/1201 1226/1226 1200/1200
f 1225/1225 1226/1226 1201/1201
f 1224/1224 1225/1225 1201/1201
f 1224/1224 1201/1201 1202/1202
f 1203/1203 1224/1224 1202/1202
f 1223/1223 1224/1224 1203/1203
f 1204/1204 1223/1223 1203/1203
f 1222/1222 1223/1223 1204/1204
f 1205/1205 1222/1222 1204/1204
f 1221/1221 1222/1222 1205/1205
f 1220/1220 1221/1221 1205/1205
f 1220/1220 1205/1205 1206/1206
f 1219/1219 1220/1220 1206/1206
f 1219/1219 1206/1206 1207/1207
f 1218/1218 1219/1219 1207/1207
f 1218/1218 1207/1207 1208/1208
f 1217/1217 1218/1218 1208/1208
f 1217/1217 1208/1208 1209/1209
f 1216/1216 1209/1209 1210/1210
f 1216/1216 1217/1217 1209/1209
f 1215/1215 1210/1210 1211/1211
f 1215/1215 1216/1216 1210/1210
f 1214/1214 1211/1211 1212/1212
f 1214/1214 1215/1215 1211/1211
f 1213/1213 1212/1212 1171/1171
f 1213/1213 1214/1214 1212/1212
f 1256/1256 1255/1255 1213/1213
f 1256/1256 1213/1213 1254/1254
f 1257/1257 1256/1256 1254/1254
f 1257/1257 1254/1254 1253/1253
f 1258/1258 1257/1257 1253/1253
f 1258/1258 1253/1253 1252/1252
f 1259/1259 1258/1258 1252/1252
f 1259/1259 1252/1252 1251/1251
f 1260/1260 1259/1259 1251/1251
f 1260/1260 1251/1251 1250/1250
f 1261/1261 1260/1260 1250/1250
f 1261/1261 1250/1250 1249/1249
f 1262/1262 1261/1261 1249/1249
f 1262/1262 1249/1249 1248/1248
f 1263/1263 1262/1262 1248/1248
f 1263/1263 1248/1248 1247/1247
f 1264/1264 1263/1263 1247/1247
f 1264/1264 1247/1247 1246/1246
f 1265/1265 1264/1264 1246/1246
f 1265/1265 1246/1246 1245/1245
f 1266/1266 1265/1265 1245/1245
f 1266/1266 1245/1245 1244/1244
f 1267/1267 1266/1266 1244/1244
f 1267/1267 1244/1244 1243/1243
f 1268/1268 1267/1267 1243/1243
f 1268/1268 1243/1243 1242/1242
f 1269/1269 1268/1268 1242/1242
f 1269/1269 1242/1242 1241/1241
f 1270/1270 1269/1269 1241/1241
f 1270/1270 1241/1241 1240/1240
f 1271/1271 1270/1270 1240/1240
f 1271/1271 1240/1240 1239/1239
f 1272/1272 1271/1271 1239/1239
f 1272/1272 1239/1239 1238/1238
f 1273/1273 1272/1272 1238/1238
f 1273/1273 1238/1238 1237/1237
f 1274/1274 1237/1237 1236/1236
f 1274/1274 1273/1273 1237/1237
f 1275/1275 1236/1236 1235/1235
f 1275/1275 1274/1274 1236/1236
f 1276/1276 1235/1235 1234/1234
f 1276/1276 1275/1275 1235/1235
f 1277/1277 1234/1234 1233/1233
f 1277/1277 1276/1276 1234/1234
f 1278/1278 1233/1233 1232/1232
f 1278/1278 1277/1277 1233/1233
f 1279/1279 1232/1232 1231/1231
f 1279/1279 1278/1278 1232/1232
f 1280/1280 1231/1231 1230/1230
f 1280/1280 1279/1279 1231/1231
f 1281/1281 1230/1230 1229/1229
f 1281/1281 1280/1280 1230/1230
f 1282/1282 1229/1229 1228/1228
f 1282/1282 1281/1281 1229/1229
f 1283/1283 1282/1282 1228/1228
f 1283/1283 1228/1228 1227/1227
f 1284/1284 1283/1283 1227/1227
f 1284/1284 1227/1227 1226/1226
f 1285/1285 1284/1284 1226/1226
f 1285/1285 1226/1226 1225/1225
f 1286/1286 1285/1285 1225/1225
f 1286/1286 1225/1225 1224/1224
f 1287/1287 1286/1286 1224/1224
f 1287/1287 1224/1224 1223/1223
f 1288/1288 1287/1287 1223/1223
f 1288/1288 1222/1222 1221/1221
f 1288/1288 1223/1223 1222/1222
f 1289/1289 1288/1288 1221/1221
f 1290/1290 1289/1289 1221/1221
f 1290/1290 1221/1221 1220/1220
f 1291/1291 1290/1290 1220/1220
f 1291/1291 1220/1220 1219/1219
f 1292/1292 1291/1291 1219/1219
f 1292/1292 1219/1219 1218/1218
f 1293/1293 1292/1292 1218/1218
f 1293/1293 1218/1218 1217/1217
f 1294/1294 1217/1217 1216/1216
f 1294/1294 1293/1293 1217/1217
f 1295/1295 1216/1216 1215/1215
f 1295/1295 1294/1294 1216/1216
f 1296/1296 1215/1215 1214/1214
f 1296/1296 1295/1295 1215/1215
f 1255/1255 1214/1214 1213/1213
f 1255/1255 1296/1296 1214/1214
f 1206/1206 1208/1208 1207/1207
f 1210/1210 1209/1209 1208/1208
f 1210/1210 1208/1208 1206/1206
f 1204/1204 1206/1206 1205/1205
f 1171/1171 1211/1211 1210/1210
f 1171/1171 1212/1212 1211/1211
f 1172/1172 1210/1210 1206/1206
f 1172/1172 1171/1171 1210/1210
f 1201/1201 1203/1203 1202/1202
f 1173/1173 1172/1172 1206/1206
f 1199/1199 1201/1201 1200/1200
f 1175/1175 1174/1174 1173/1173
f 1197/1197 1199/1199 1198/1198
f 1197/1197 1204/1204 1203/1203
f 1197/1197 1203/1203 1201/1201
f 1197/1197 1201/1201 1199/1199
f 1194/1194 1196/1196 1195/1195
f 1194/1194 1197/1197 1196/1196
f 1194/1194 1204/1204 1197/1197
f 1180/1180 1179/1179 1178/1178
f 1192/1192 1194/1194 1193/1193
f 1182/1182 1176/1176 1175/1175
f 1182/1182 1177/1177 1176/1176
f 1182/1182 1178/1178 1177/1177
f 1182/1182 1181/1181 1180/1180
f 1182/1182 1206/1206 1204/1204
f 1182/1182 1173/1173 1206/1206
f 1182/1182 1175/1175 1173/1173
f 1182/1182 1180/1180 1178/1178
f 1183/1183 1182/1182 1204/1204
f 1189/1189 1191/1191 1190/1190
f 1189/1189 1192/1192 1191/1191
f 1186/1186 1204/1204 1194/1194
f 1186/1186 1194/1194 1192/1192
f 1186/1186 1183/1183 1204/1204
f 1186/1186 1184/1184 1183/1183
f 1186/1186 1185/1185 1184/1184
f 1186/1186 1192/1192 1189/1189
f 1187/1187 1189/1189 1188/1188
f 1187/1187 1186/1186 1189/1189
f 256/256 1255/1255 255/255
f 257/257 1255/1255 256/256
f 16/16 49/49 17/17
f 1296/1296 1255/1255 257/257
f 1296/1296 49/49 16/16
f 1296/1296 257/257 49/49
f 1295/1295 1296/1296 86/86
f 87/87 1295/1295 86/86
f 1294/1294 1295/1295 87/87
f 88/88 1294/1294 87/87
f 1293/1293 1294/1294 88/88
f 89/89 1293/1293 88/88
f 1292/1292 1293/1293 89/89
f 90/90 1292/1292 89/89
f 1291/1291 1292/1292 90/90
f 91/91 1291/1291 90/90
f 1290/1290 1291/1291 91/91
f 92/92 1290/1290 91/91
f 1289/1289 1290/1290 92/92
f 93/93 1289/1289 92/92
f 1288/1288 1289/1289 93/93
f 94/94 1288/1288 93/93
f 1287/1287 1288/1288 94/94
f 95/95 1287/1287 94/94
f 1286/1286 1287/1287 95/95
f 96/96 1286/1286 95/95
f 1285/1285 1286/1286 96/96
f 97/97 1285/1285 96/96
f 1284/1284 1285/1285 97/97
f 98/98 1284/1284 97/97
f 1283/1283 1284/1284 98/98
f 99/99 1283/1283 98/98
f 1282/1282 1283/1283 99/99
f 100/100 1282/1282 99/99
f 1281/1281 1282/1282 100/100
f 101/101 1281/1281 100/100
f 1280/1280 1281/1281 101/101
f 102/102 1280/1280 101/101
f 1279/1279 1280/1280 102/102
f 103/103 1279/1279 102/102
f 1278/1278 1279/1279 103/103
f 104/104 1278/1278 103/103
f 1277/1277 1278/1278 104/104
f 105/105 1277/1277 104/104
f 1276/1276 1277/1277 105/105
f 106/106 1276/1276 105/105
f 1275/1275 1276/1276 106/106
f 107/107 1275/1275 106/106
f 1274/1274 1275/1275 107/107
f 108/108 1274/1274 107/107
f 1273/1273 1274/1274 108/108
f 109/109 1273/1273 108/108
f 1272/1272 1273/1273 109/109
f 110/110 1272/1272 109/109
f 1271/1271 1272/1272 110/110
f 111/111 1271/1271 110/110
f 1270/1270 1271/1271 111/111
f 112/112 1270/1270 111/111
f 1269/1269 1270/1270 112/112
f 113/113 1269/1269 112/112
f 1268/1268 1269/1269 113/113
f 114/114 1268/1268 113/113
f 1267/1267 1268/1268 114/114
f 115/115 1267/1267 114/114
f 1266/1266 1267/1267 115/115
f 116/116 1266/1266 115/115
f 1265/1265 1266/1266 116/116
f 117/117 1265/1265 116/116
f 1264/1264 1265/1265 117/117
f 118/118 1264/1264 117/117
f 1263/1263 1264/1264 118/118
f 119/119 1263/1263 118/118
f 1262/1262 1263/1263 119/119
f 120/120 1262/1262 119/119
f 1261/1261 1262/1262 120/120
f 121/121 1261/1261 120/120
f 1260/1260 1261/1261 121/121
f 122/122 1260/1260 121/121
f 1259/1259 1260/1260 122/122
f 123/123 1259/1259 122/122
f 1258/1258 1259/1259 123/123
f 124/124 1258/1258 123/123
f 1257/1257 1258/1258 124/124
f 125/125 1257/1257 124/124
f 1256/1256 1257/1257 125/125
f 242/242 1256/1256 64/64
f 242/242 64/64 63/63
f 258/258 1256/1256 242/242
f 1255/1255 258/258 259/259
f 1255/1255 259/259 255/255
f 1255/1255 1256/1256 258/258
f 16/16 86/86 1296/1296
f 125/125 64/64 1256/1256
f 473/473 413/413 414/414
f 1159/1159 412/412 413/413
f 1159/1159 413/413 473/473
f 1160/1160 411/411 412/412
f 1160/1160 412/412 1159/1159
f 1161/1161 410/410 411/411
f 1161/1161 411/411 1160/1160
f 1162/1162 409/409 410/410
f 1162/1162 410/410 1161/1161
f 1163/1163 408/408 409/409
f 1163/1163 409/409 1162/1162
f 1164/1164 407/407 408/408
f 1164/1164 408/408 1163/1163
f 1165/1165 406/406 407/407
f 1165/1165 407/407 1164/1164
f 1166/1166 404/404 405/405
f 1166/1166 405/405 406/406
f 1166/1166 406/406 1165/1165
f 1167/1167 403/403 404/404
f 1167/1167 404/404 1166/1166
f 1168/1168 403/403 1167/1167
f 1168/1168 402/402 403/403
f 1169/1169 402/402 1168/1168
f 1170/1170 402/402 1169/1169
f 1170/1170 401/401 402/402
f 66/66 401/401 1170/1170
f 66/66 400/400 401/401
f 83/83 400/400 66/66
f 83/83 399/399 400/400
f 82/82 399/399 83/83
f 82/82 398/398 399/399
f 81/81 398/398 82/82
f 81/81 397/397 398/398
f 80/80 397/397 81/81
f 80/80 396/396 397/397
f 79/79 396/396 80/80
f 79/79 395/395 396/396
f 78/78 395/395 79/79
f 77/77 395/395 78/78
f 77/77 394/394 395/395
f 76/76 394/394 77/77
f 76/76 393/393 394/394
f 75/75 392/392 393/393
f 75/75 393/393 76/76
f 74/74 392/392 75/75
f 73/73 391/391 392/392
f 73/73 392/392 74/74
f 72/72 391/391 73/73
f 71/71 391/391 72/72
f 71/71 390/390 391/391
f 70/70 390/390 71/71
f 69/69 389/389 390/390
f 69/69 390/390 70/70
f 68/68 126/126 389/389
f 68/68 389/389 69/69
f 67/67 126/126 68/68
f 1298/1298 1300/1300 1299/1299
f 1298/1298 1297/1297 1300/1300
f 1299/1299 1302/1302 1301/1301
f 1299/1299 1300/1300 1302/1302
f 1303/1303 1302/1302 1304/1304
f 1301/1301 1302/1302 1303/1303
f 1303/1303 1297/1297 1298/1298
f 1303/1303 1304/1304 1297/1297
f 1297/1297 1302/1302 1300/1300
f 1297/1297 1304/1304 1302/1302
f 1301/1301 1298/1298 1299/1299
f 1301/1301 1303/1303 1298/1298
f 1306/1306 1308/1308 1307/1307
f 1306/1306 1305/1305 1308/1308
f 1307/1307 1310/1310 1309/1309
f 1307/1307 1308/1308 1310/1310
f 1309/1309 1312/1312 1311/1311
f 1309/1309 1310/1310 1312/1312
f 1306/1306 1312/1312 1305/1305
f 1311/1311 1312/1312 1306/1306
f 1305/1305 1310/1310 1308/1308
f 1305/1305 1312/1312 1310/1310
f 1309/1309 1306/1306 1307/1307
f 1309/1309 1311/1311 1306/1306
f 1314/1314 1316/1316 1315/1315
f 1314/1314 1313/1313 1316/1316
f 1315/1315 1318/1318 1317/1317
f 1315/1315 1316/1316 1318/1318
f 1319/1319 1318/1318 1320/1320
f 1317/1317 1318/1318 1319/1319
f 1319/1319 1313/1313 1314/1314
f 1319/1319 1320/1320 1313/1313
f 1320/1320 1316/1316 1313/1313
f 1320/1320 1318/1318 1316/1316
f 1314/1314 1317/1317 1319/1319
f 1315/1315 1317/1317 1314/1314

